{"type": "FeatureCollection", "columns": {"area_in_meters": "Float", "bf_source": "String", "boundary_id": "Integer", "confidence": "Float", "geometry_wkt": "Geometry", "system:index": "String"}, "version": 1700681684940995, "id": "projects/sat-io/open-datasets/VIDA_COMBINED/MMR", "properties": {"system:asset_size": 524410568}, "features": [{"type": "Feature", "geometry": {"type": "Polygon", "coordinates": [[[98.14808446951338, 13.754224231606257], [98.14808672017048, 13.75429449027508], [98.14801536603822, 13.754296586534323], [98.1480131987409, 13.754226325097568], [98.14808446951338, 13.754224231606257]]]}, "id": "00220000000000000032", "properties": {"area_in_meters": 60.22379565657868, "bf_source": "microsoft", "boundary_id": 176, "confidence": null, "geometry_wkt": {"type": "Polygon", "coordinates": [[[98.14808446951338, 13.754224231606257], [98.14808672017048, 13.75429449027508], [98.14801536603822, 13.754296586534323], [98.1480131987409, 13.754226325097568], [98.14808446951338, 13.754224231606257]]]}}}, {"type": "Feature", "geometry": {"type": "Polygon", "coordinates": [[[98.16025020038407, 13.817081640215548], [98.16029822241104, 13.817078288517521], [98.16030205750485, 13.817130188693351], [98.16025403547535, 13.817133452661944], [98.16025020038407, 13.817081640215548]]]}, "id": "002200000000000000e3", "properties": {"area_in_meters": 30.04260218557107, "bf_source": "microsoft", "boundary_id": 176, "confidence": null, "geometry_wkt": {"type": "Polygon", "coordinates": [[[98.16025020038407, 13.817081640215548], [98.16029822241104, 13.817078288517521], [98.16030205750485, 13.817130188693351], [98.16025403547535, 13.817133452661944], [98.16025020038407, 13.817081640215548]]]}}}, {"type": "Feature", "geometry": {"type": "Polygon", "coordinates": [[[98.13990837348136, 13.744166483307252], [98.13991595818027, 13.744135979259333], [98.13995646548665, 13.744145515918774], [98.13994888078354, 13.744176019968021], [98.13990837348136, 13.744166483307252]]]}, "id": "00220000000000000123", "properties": {"area_in_meters": 15.701134919848856, "bf_source": "microsoft", "boundary_id": 176, "confidence": null, "geometry_wkt": {"type": "Polygon", "coordinates": [[[98.13990837348136, 13.744166483307252], [98.13991595818027, 13.744135979259333], [98.13995646548665, 13.744145515918774], [98.13994888078354, 13.744176019968021], [98.13990837348136, 13.744166483307252]]]}}}, {"type": "Feature", "geometry": {"type": "Polygon", "coordinates": [[[98.15960899262573, 13.799673301834265], [98.15960999307553, 13.799751431697414], [98.15949735918818, 13.799752804087525], [98.15949635873991, 13.79967467420572], [98.15960899262573, 13.799673301834265]]]}, "id": "0022000000000000019e", "properties": {"area_in_meters": 105.68533030500998, "bf_source": "microsoft", "boundary_id": 176, "confidence": null, "geometry_wkt": {"type": "Polygon", "coordinates": [[[98.15960899262573, 13.799673301834265], [98.15960999307553, 13.799751431697414], [98.15949735918818, 13.799752804087525], [98.15949635873991, 13.79967467420572], [98.15960899262573, 13.799673301834265]]]}}}, {"type": "Feature", "geometry": {"type": "Polygon", "coordinates": [[[98.15979691068674, 13.8014322758533], [98.15986919340584, 13.80141829487611], [98.15988561751689, 13.801498457424334], [98.15981333478159, 13.80151243842641], [98.15979691068674, 13.8014322758533]]]}, "id": "00220000000000000313", "properties": {"area_in_meters": 72.30465228157922, "bf_source": "microsoft", "boundary_id": 176, "confidence": null, "geometry_wkt": {"type": "Polygon", "coordinates": [[[98.15979691068674, 13.8014322758533], [98.15986919340584, 13.80141829487611], [98.15988561751689, 13.801498457424334], [98.15981333478159, 13.80151243842641], [98.15979691068674, 13.8014322758533]]]}}}, {"type": "Feature", "geometry": {"type": "Polygon", "coordinates": [[[98.15755359741776, 13.767558700564157], [98.15771174758063, 13.767562581626674], [98.15771008020761, 13.767625082318888], [98.15755193004833, 13.767621201272767], [98.15755359741776, 13.767558700564157]]]}, "id": "00220000000000000318", "properties": {"area_in_meters": 118.74633252473032, "bf_source": "microsoft", "boundary_id": 176, "confidence": null, "geometry_wkt": {"type": "Polygon", "coordinates": [[[98.15755359741776, 13.767558700564157], [98.15771174758063, 13.767562581626674], [98.15771008020761, 13.767625082318888], [98.15755193004833, 13.767621201272767], [98.15755359741776, 13.767558700564157]]]}}}, {"type": "Feature", "geometry": {"type": "Polygon", "coordinates": [[[98.14863396533627, 13.749376325925928], [98.14863154794571, 13.749286607427637], [98.14873341185157, 13.74928394167654], [98.1487358292455, 13.749373660153921], [98.14863396533627, 13.749376325925928]]]}, "id": "0022000000000000040c", "properties": {"area_in_meters": 109.7567893505442, "bf_source": "microsoft", "boundary_id": 176, "confidence": null, "geometry_wkt": {"type": "Polygon", "coordinates": [[[98.14863396533627, 13.749376325925928], [98.14863154794571, 13.749286607427637], [98.14873341185157, 13.74928394167654], [98.1487358292455, 13.749373660153921], [98.14863396533627, 13.749376325925928]]]}}}, {"type": "Feature", "geometry": {"type": "Polygon", "coordinates": [[[98.17187520210183, 13.82385109595668], [98.1719118080366, 13.823903747996464], [98.17186569623567, 13.823933887240573], [98.1718291737087, 13.823881320139167], [98.17187520210183, 13.82385109595668]]]}, "id": "0022000000000000046b", "properties": {"area_in_meters": 42.36534225191987, "bf_source": "microsoft", "boundary_id": 176, "confidence": null, "geometry_wkt": {"type": "Polygon", "coordinates": [[[98.17187520210183, 13.82385109595668], [98.1719118080366, 13.823903747996464], [98.17186569623567, 13.823933887240573], [98.1718291737087, 13.823881320139167], [98.17187520210183, 13.82385109595668]]]}}}, {"type": "Feature", "geometry": {"type": "Polygon", "coordinates": [[[98.15646573031859, 13.773922334781501], [98.15646906500793, 13.773858635486885], [98.15658944739486, 13.773864644358316], [98.15658611270003, 13.773928343642625], [98.15646573031859, 13.773922334781501]]]}, "id": "002200000000000006a4", "properties": {"area_in_meters": 92.35077749540346, "bf_source": "microsoft", "boundary_id": 176, "confidence": null, "geometry_wkt": {"type": "Polygon", "coordinates": [[[98.15646573031859, 13.773922334781501], [98.15646906500793, 13.773858635486885], [98.15658944739486, 13.773864644358316], [98.15658611270003, 13.773928343642625], [98.15646573031859, 13.773922334781501]]]}}}, {"type": "Feature", "geometry": {"type": "Polygon", "coordinates": [[[98.15064359478929, 13.752339727294174], [98.15065209756992, 13.752422230578961], [98.15056715316855, 13.752430564653345], [98.15055865039781, 13.752347973650947], [98.15064359478929, 13.752339727294174]]]}, "id": "00220000000000000734", "properties": {"area_in_meters": 85.08704686737832, "bf_source": "microsoft", "boundary_id": 176, "confidence": null, "geometry_wkt": {"type": "Polygon", "coordinates": [[[98.15064359478929, 13.752339727294174], [98.15065209756992, 13.752422230578961], [98.15056715316855, 13.752430564653345], [98.15055865039781, 13.752347973650947], [98.15064359478929, 13.752339727294174]]]}}}, {"type": "Feature", "geometry": {"type": "Polygon", "coordinates": [[[98.149102107029, 13.748920014703792], [98.14888779178982, 13.74892762555681], [98.14888395729497, 13.748826203339048], [98.14909827252289, 13.748818592538369], [98.149102107029, 13.748920014703792]]]}, "id": "00220000000000000768", "properties": {"area_in_meters": 261.5052610803306, "bf_source": "microsoft", "boundary_id": 176, "confidence": null, "geometry_wkt": {"type": "Polygon", "coordinates": [[[98.149102107029, 13.748920014703792], [98.14888779178982, 13.74892762555681], [98.14888395729497, 13.748826203339048], [98.14909827252289, 13.748818592538369], [98.149102107029, 13.748920014703792]]]}}}, {"type": "Feature", "geometry": {"type": "Polygon", "coordinates": [[[98.14947288804872, 13.746620121007409], [98.14957083523754, 13.746618111107137], [98.1495724190655, 13.74668943989822], [98.14947447187454, 13.746691537505892], [98.14947288804872, 13.746620121007409]]]}, "id": "0022000000000000084e", "properties": {"area_in_meters": 83.99884108023329, "bf_source": "microsoft", "boundary_id": 176, "confidence": null, "geometry_wkt": {"type": "Polygon", "coordinates": [[[98.14947288804872, 13.746620121007409], [98.14957083523754, 13.746618111107137], [98.1495724190655, 13.74668943989822], [98.14947447187454, 13.746691537505892], [98.14947288804872, 13.746620121007409]]]}}}, {"type": "Feature", "geometry": {"type": "Polygon", "coordinates": [[[98.1504350268917, 13.75112327909036], [98.1503329938925, 13.751145682852473], [98.15031623848715, 13.75107380113758], [98.15041835482326, 13.751051394652682], [98.1504350268917, 13.75112327909036]]]}, "id": "00220000000000000916", "properties": {"area_in_meters": 92.62364903270361, "bf_source": "microsoft", "boundary_id": 176, "confidence": null, "geometry_wkt": {"type": "Polygon", "coordinates": [[[98.1504350268917, 13.75112327909036], [98.1503329938925, 13.751145682852473], [98.15031623848715, 13.75107380113758], [98.15041835482326, 13.751051394652682], [98.1504350268917, 13.75112327909036]]]}}}, {"type": "Feature", "geometry": {"type": "Polygon", "coordinates": [[[98.14918129796102, 13.747571310119408], [98.14929399930918, 13.747571267822229], [98.14929399930918, 13.747636423350125], [98.14918129796102, 13.74763646566177], [98.14918129796102, 13.747571310119408]]]}, "id": "00220000000000000ad1", "properties": {"area_in_meters": 88.12499979740019, "bf_source": "microsoft", "boundary_id": 176, "confidence": null, "geometry_wkt": {"type": "Polygon", "coordinates": [[[98.14918129796102, 13.747571310119408], [98.14929399930918, 13.747571267822229], [98.14929399930918, 13.747636423350125], [98.14918129796102, 13.74763646566177], [98.14918129796102, 13.747571310119408]]]}}}, {"type": "Feature", "geometry": {"type": "Polygon", "coordinates": [[[98.17178848196495, 13.766315389051172], [98.17181574876615, 13.766387977524133], [98.17177305579753, 13.766403075864673], [98.17174587239688, 13.766330484605254], [98.17178848196495, 13.766315389051172]]]}, "id": "00220000000000000c56", "properties": {"area_in_meters": 42.12103466404209, "bf_source": "microsoft", "boundary_id": 176, "confidence": null, "geometry_wkt": {"type": "Polygon", "coordinates": [[[98.17178848196495, 13.766315389051172], [98.17181574876615, 13.766387977524133], [98.17177305579753, 13.766403075864673], [98.17174587239688, 13.766330484605254], [98.17178848196495, 13.766315389051172]]]}}}, {"type": "Feature", "geometry": {"type": "Polygon", "coordinates": [[[98.15021779013824, 13.750867641923689], [98.15041527049102, 13.750841468266366], [98.15042469020882, 13.750908944607486], [98.15022720983058, 13.750935206007036], [98.15021779013824, 13.750867641923689]]]}, "id": "00220000000000000c96", "properties": {"area_in_meters": 163.10953530640313, "bf_source": "microsoft", "boundary_id": 176, "confidence": null, "geometry_wkt": {"type": "Polygon", "coordinates": [[[98.15021779013824, 13.750867641923689], [98.15041527049102, 13.750841468266366], [98.15042469020882, 13.750908944607486], [98.15022720983058, 13.750935206007036], [98.15021779013824, 13.750867641923689]]]}}}, {"type": "Feature", "geometry": {"type": "Polygon", "coordinates": [[[98.15067502173834, 13.753611855865277], [98.15059557910543, 13.75363789829218], [98.15058257486315, 13.75360044361366], [98.15066201748193, 13.75357440120409], [98.15067502173834, 13.753611855865277]]]}, "id": "00220000000000000cf7", "properties": {"area_in_meters": 39.77601397385635, "bf_source": "microsoft", "boundary_id": 176, "confidence": null, "geometry_wkt": {"type": "Polygon", "coordinates": [[[98.15067502173834, 13.753611855865277], [98.15059557910543, 13.75363789829218], [98.15058257486315, 13.75360044361366], [98.15066201748193, 13.75357440120409], [98.15067502173834, 13.753611855865277]]]}}}, {"type": "Feature", "geometry": {"type": "Polygon", "coordinates": [[[98.15626339832774, 13.776453321380119], [98.15626448209876, 13.77656669502138], [98.1562135448783, 13.77656715556495], [98.15621237774108, 13.776453784675128], [98.15626339832774, 13.776453321380119]]]}, "id": "00220000000000000db0", "properties": {"area_in_meters": 69.38992678627507, "bf_source": "microsoft", "boundary_id": 176, "confidence": null, "geometry_wkt": {"type": "Polygon", "coordinates": [[[98.15626339832774, 13.776453321380119], [98.15626448209876, 13.77656669502138], [98.1562135448783, 13.77656715556495], [98.15621237774108, 13.776453784675128], [98.15626339832774, 13.776453321380119]]]}}}, {"type": "Feature", "geometry": {"type": "Polygon", "coordinates": [[[98.15745613973868, 13.761591418491316], [98.15738636045377, 13.761632142353857], [98.15733725655245, 13.761552733527672], [98.15740703579048, 13.761512009712371], [98.15745613973868, 13.761591418491316]]]}, "id": "00220000000000000e75", "properties": {"area_in_meters": 90.58547286853603, "bf_source": "microsoft", "boundary_id": 176, "confidence": null, "geometry_wkt": {"type": "Polygon", "coordinates": [[[98.15745613973868, 13.761591418491316], [98.15738636045377, 13.761632142353857], [98.15733725655245, 13.761552733527672], [98.15740703579048, 13.761512009712371], [98.15745613973868, 13.761591418491316]]]}}}, {"type": "Feature", "geometry": {"type": "Polygon", "coordinates": [[[98.1708961877549, 13.820103089862705], [98.17092954123494, 13.820172431495182], [98.1709052765767, 13.820183417097473], [98.17087192310774, 13.820114075452935], [98.1708961877549, 13.820103089862705]]]}, "id": "00220000000000000e90", "properties": {"area_in_meters": 24.56738251736702, "bf_source": "microsoft", "boundary_id": 176, "confidence": null, "geometry_wkt": {"type": "Polygon", "coordinates": [[[98.1708961877549, 13.820103089862705], [98.17092954123494, 13.820172431495182], [98.1709052765767, 13.820183417097473], [98.17087192310774, 13.820114075452935], [98.1708961877549, 13.820103089862705]]]}}}, {"type": "Feature", "geometry": {"type": "Polygon", "coordinates": [[[98.15876853625915, 13.799641649531], [98.15880922076104, 13.799696442547054], [98.15876686886202, 13.799726096603374], [98.15872618438368, 13.799671303564933], [98.15876853625915, 13.799641649531]]]}, "id": "00220000000000000ff8", "properties": {"area_in_meters": 42.40464076849954, "bf_source": "microsoft", "boundary_id": 176, "confidence": null, "geometry_wkt": {"type": "Polygon", "coordinates": [[[98.15876853625915, 13.799641649531], [98.15880922076104, 13.799696442547054], [98.15876686886202, 13.799726096603374], [98.15872618438368, 13.799671303564933], [98.15876853625915, 13.799641649531]]]}}}, {"type": "Feature", "geometry": {"type": "Polygon", "coordinates": [[[98.15993980877248, 13.798409606321707], [98.15993830809101, 13.798357547987967], [98.16005886293348, 13.798354158156641], [98.16006044698875, 13.79840621370689], [98.15993980877248, 13.798409606321707]]]}, "id": "0022000000000000109f", "properties": {"area_in_meters": 75.43956568401344, "bf_source": "microsoft", "boundary_id": 176, "confidence": null, "geometry_wkt": {"type": "Polygon", "coordinates": [[[98.15993980877248, 13.798409606321707], [98.15993830809101, 13.798357547987967], [98.16005886293348, 13.798354158156641], [98.16006044698875, 13.79840621370689], [98.15993980877248, 13.798409606321707]]]}}}, {"type": "Feature", "geometry": {"type": "Polygon", "coordinates": [[[98.15981750333415, 13.796228036795613], [98.15989520519766, 13.796225631998082], [98.15989770633198, 13.796301078282648], [98.15982000446581, 13.79630348309397], [98.15981750333415, 13.796228036795613]]]}, "id": "002200000000000011d6", "properties": {"area_in_meters": 70.48212696828703, "bf_source": "microsoft", "boundary_id": 176, "confidence": null, "geometry_wkt": {"type": "Polygon", "coordinates": [[[98.15981750333415, 13.796228036795613], [98.15989520519766, 13.796225631998082], [98.15989770633198, 13.796301078282648], [98.15982000446581, 13.79630348309397], [98.15981750333415, 13.796228036795613]]]}}}, {"type": "Feature", "geometry": {"type": "Polygon", "coordinates": [[[98.15564848591683, 13.777173196972866], [98.15565090353955, 13.777084616507356], [98.15577687013064, 13.777087808752201], [98.1557745358702, 13.777176298724946], [98.15564848591683, 13.777173196972866]]]}, "id": "002200000000000012d3", "properties": {"area_in_meters": 133.99414855577905, "bf_source": "microsoft", "boundary_id": 176, "confidence": null, "geometry_wkt": {"type": "Polygon", "coordinates": [[[98.15564848591683, 13.777173196972866], [98.15565090353955, 13.777084616507356], [98.15577687013064, 13.777087808752201], [98.1557745358702, 13.777176298724946], [98.15564848591683, 13.777173196972866]]]}}}, {"type": "Feature", "geometry": {"type": "Polygon", "coordinates": [[[98.14855994320658, 13.750912634049115], [98.14849834151394, 13.750910461239325], [98.14850159248154, 13.750821957406568], [98.14856327753513, 13.750824127468874], [98.14855994320658, 13.750912634049115]]]}, "id": "0022000000000000143f", "properties": {"area_in_meters": 65.54548791004707, "bf_source": "microsoft", "boundary_id": 176, "confidence": null, "geometry_wkt": {"type": "Polygon", "coordinates": [[[98.14855994320658, 13.750912634049115], [98.14849834151394, 13.750910461239325], [98.14850159248154, 13.750821957406568], [98.14856327753513, 13.750824127468874], [98.14855994320658, 13.750912634049115]]]}}}, {"type": "Feature", "geometry": {"type": "Polygon", "coordinates": [[[98.15051963769763, 13.75031667471936], [98.15058432543408, 13.750301293896403], [98.1506054156492, 13.750384870526021], [98.1505406445336, 13.75040025413148], [98.15051963769763, 13.75031667471936]]]}, "id": "00220000000000001489", "properties": {"area_in_meters": 68.86779044978071, "bf_source": "microsoft", "boundary_id": 176, "confidence": null, "geometry_wkt": {"type": "Polygon", "coordinates": [[[98.15051963769763, 13.75031667471936], [98.15058432543408, 13.750301293896403], [98.1506054156492, 13.750384870526021], [98.1505406445336, 13.75040025413148], [98.15051963769763, 13.75031667471936]]]}}}, {"type": "Feature", "geometry": {"type": "Polygon", "coordinates": [[[98.146630226093, 13.748091896309166], [98.14663722799813, 13.748135073107383], [98.14648018543001, 13.748159029047086], [98.14646618165052, 13.748072587718205], [98.14657087663834, 13.748056587905781], [98.14657787853778, 13.748099852393224], [98.146630226093, 13.748091896309166]]]}, "id": "0022000000000000150b", "properties": {"area_in_meters": 139.24036883452735, "bf_source": "microsoft", "boundary_id": 176, "confidence": null, "geometry_wkt": {"type": "Polygon", "coordinates": [[[98.146630226093, 13.748091896309166], [98.14663722799813, 13.748135073107383], [98.14648018543001, 13.748159029047086], [98.14646618165052, 13.748072587718205], [98.14657087663834, 13.748056587905781], [98.14657787853778, 13.748099852393224], [98.146630226093, 13.748091896309166]]]}}}, {"type": "Feature", "geometry": {"type": "Polygon", "coordinates": [[[98.15039909858896, 13.75002425476175], [98.15032907596157, 13.750037005666746], [98.15031215383668, 13.749948906660464], [98.15038209308757, 13.749936158537484], [98.15039909858896, 13.75002425476175]]]}, "id": "002200000000000015ff", "properties": {"area_in_meters": 76.62119246288862, "bf_source": "microsoft", "boundary_id": 176, "confidence": null, "geometry_wkt": {"type": "Polygon", "coordinates": [[[98.15039909858896, 13.75002425476175], [98.15032907596157, 13.750037005666746], [98.15031215383668, 13.749948906660464], [98.15038209308757, 13.749936158537484], [98.15039909858896, 13.75002425476175]]]}}}, {"type": "Feature", "geometry": {"type": "Polygon", "coordinates": [[[98.16174556774567, 13.756199023718276], [98.16173981499149, 13.75622929403], [98.16168278771372, 13.756218993353455], [98.16168854046342, 13.756188810738365], [98.16174556774567, 13.756199023718276]]]}, "id": "002200000000000016fe", "properties": {"area_in_meters": 21.420875007500012, "bf_source": "microsoft", "boundary_id": 176, "confidence": null, "geometry_wkt": {"type": "Polygon", "coordinates": [[[98.16174556774567, 13.756199023718276], [98.16173981499149, 13.75622929403], [98.16168278771372, 13.756218993353455], [98.16168854046342, 13.756188810738365], [98.16174556774567, 13.756199023718276]]]}}}, {"type": "Feature", "geometry": {"type": "Polygon", "coordinates": [[[98.16101422123457, 13.81896161425286], [98.1610984274256, 13.818935562916172], [98.16111001620601, 13.818971062090192], [98.16102581000163, 13.818997113443631], [98.16101422123457, 13.81896161425286]]]}, "id": "0022000000000000183a", "properties": {"area_in_meters": 39.4994720937464, "bf_source": "microsoft", "boundary_id": 176, "confidence": null, "geometry_wkt": {"type": "Polygon", "coordinates": [[[98.16101422123457, 13.81896161425286], [98.1610984274256, 13.818935562916172], [98.16111001620601, 13.818971062090192], [98.16102581000163, 13.818997113443631], [98.16101422123457, 13.81896161425286]]]}}}, {"type": "Feature", "geometry": {"type": "Polygon", "coordinates": [[[98.15600487771559, 13.776607139311686], [98.15587457567044, 13.776595319734183], [98.15587282497276, 13.776613358426259], [98.15583297577021, 13.776609767515195], [98.15584039538996, 13.77653233631297], [98.15601054665181, 13.776547746810486], [98.15600487771559, 13.776607139311686]]]}, "id": "002200000000000018a5", "properties": {"area_in_meters": 131.18247499598408, "bf_source": "microsoft", "boundary_id": 176, "confidence": null, "geometry_wkt": {"type": "Polygon", "coordinates": [[[98.15600487771559, 13.776607139311686], [98.15587457567044, 13.776595319734183], [98.15587282497276, 13.776613358426259], [98.15583297577021, 13.776609767515195], [98.15584039538996, 13.77653233631297], [98.15601054665181, 13.776547746810486], [98.15600487771559, 13.776607139311686]]]}}}, {"type": "Feature", "geometry": {"type": "Polygon", "coordinates": [[[98.15678452730711, 13.772267593102717], [98.15682529407249, 13.772276591528632], [98.15683579839609, 13.772232038817888], [98.15692350122028, 13.772251497625026], [98.1569118297357, 13.772301000641866], [98.15689040422959, 13.772296272853312], [98.15687264690827, 13.772371763609776], [98.15676560286548, 13.772348034153973], [98.15678452730711, 13.772267593102717]]]}, "id": "002200000000000018b5", "properties": {"area_in_meters": 159.55367663453063, "bf_source": "microsoft", "boundary_id": 176, "confidence": null, "geometry_wkt": {"type": "Polygon", "coordinates": [[[98.15678452730711, 13.772267593102717], [98.15682529407249, 13.772276591528632], [98.15683579839609, 13.772232038817888], [98.15692350122028, 13.772251497625026], [98.1569118297357, 13.772301000641866], [98.15689040422959, 13.772296272853312], [98.15687264690827, 13.772371763609776], [98.15676560286548, 13.772348034153973], [98.15678452730711, 13.772267593102717]]]}}}, {"type": "Feature", "geometry": {"type": "Polygon", "coordinates": [[[98.15138484091283, 13.753355018703651], [98.15128572423333, 13.75337759028027], [98.15126721802211, 13.75330102995881], [98.15136641803792, 13.753278455660517], [98.15138484091283, 13.753355018703651]]]}, "id": "002200000000000018cb", "properties": {"area_in_meters": 96.17754605686265, "bf_source": "microsoft", "boundary_id": 176, "confidence": null, "geometry_wkt": {"type": "Polygon", "coordinates": [[[98.15138484091283, 13.753355018703651], [98.15128572423333, 13.75337759028027], [98.15126721802211, 13.75330102995881], [98.15136641803792, 13.753278455660517], [98.15138484091283, 13.753355018703651]]]}}}, {"type": "Feature", "geometry": {"type": "Polygon", "coordinates": [[[98.16427198767047, 13.824999168572678], [98.16420045098398, 13.825007165369348], [98.16419344739606, 13.824948085633809], [98.16426490069958, 13.824940091626711], [98.16427198767047, 13.824999168572678]]]}, "id": "0022000000000000196a", "properties": {"area_in_meters": 51.402926985695515, "bf_source": "microsoft", "boundary_id": 176, "confidence": null, "geometry_wkt": {"type": "Polygon", "coordinates": [[[98.16427198767047, 13.824999168572678], [98.16420045098398, 13.825007165369348], [98.16419344739606, 13.824948085633809], [98.16426490069958, 13.824940091626711], [98.16427198767047, 13.824999168572678]]]}}}, {"type": "Feature", "geometry": {"type": "Polygon", "coordinates": [[[98.16298667250902, 13.822994965763385], [98.1629414000788, 13.822998929108117], [98.16293781497042, 13.82296017966506], [98.16298308739842, 13.822956216325656], [98.16298667250902, 13.822994965763385]]]}, "id": "002200000000000019f5", "properties": {"area_in_meters": 21.217953984901975, "bf_source": "microsoft", "boundary_id": 176, "confidence": null, "geometry_wkt": {"type": "Polygon", "coordinates": [[[98.16298667250902, 13.822994965763385], [98.1629414000788, 13.822998929108117], [98.16293781497042, 13.82296017966506], [98.16298308739842, 13.822956216325656], [98.16298667250902, 13.822994965763385]]]}}}, {"type": "Feature", "geometry": {"type": "Polygon", "coordinates": [[[98.15310210666317, 13.818352537679445], [98.15311277717848, 13.818391489974308], [98.15307868155303, 13.818400256163194], [98.15306801104272, 13.818361391600176], [98.15310210666317, 13.818352537679445]]]}, "id": "00220000000000001b0a", "properties": {"area_in_meters": 17.04021638709868, "bf_source": "microsoft", "boundary_id": 176, "confidence": null, "geometry_wkt": {"type": "Polygon", "coordinates": [[[98.15310210666317, 13.818352537679445], [98.15311277717848, 13.818391489974308], [98.15307868155303, 13.818400256163194], [98.15306801104272, 13.818361391600176], [98.15310210666317, 13.818352537679445]]]}}}, {"type": "Feature", "geometry": {"type": "Polygon", "coordinates": [[[98.15648640539493, 13.775390427004506], [98.15648440458084, 13.775450311311678], [98.15634776578118, 13.775446069468133], [98.15634976659155, 13.775386272857709], [98.15648640539493, 13.775390427004506]]]}, "id": "00220000000000001bcb", "properties": {"area_in_meters": 98.32509595412368, "bf_source": "microsoft", "boundary_id": 176, "confidence": null, "geometry_wkt": {"type": "Polygon", "coordinates": [[[98.15648640539493, 13.775390427004506], [98.15648440458084, 13.775450311311678], [98.15634776578118, 13.775446069468133], [98.15634976659155, 13.775386272857709], [98.15648640539493, 13.775390427004506]]]}}}, {"type": "Feature", "geometry": {"type": "Polygon", "coordinates": [[[98.14566188575057, 13.752603352283282], [98.14561362327697, 13.752604684350464], [98.14561120598638, 13.75252136494982], [98.14565946845838, 13.752520032891915], [98.14566188575057, 13.752603352283282]]]}, "id": "00220000000000001c8d", "properties": {"area_in_meters": 48.3018088898164, "bf_source": "microsoft", "boundary_id": 176, "confidence": null, "geometry_wkt": {"type": "Polygon", "coordinates": [[[98.14566188575057, 13.752603352283282], [98.14561362327697, 13.752604684350464], [98.14561120598638, 13.75252136494982], [98.14565946845838, 13.752520032891915], [98.14566188575057, 13.752603352283282]]]}}}, {"type": "Feature", "geometry": {"type": "Polygon", "coordinates": [[[98.160011841519, 13.797081444671427], [98.15990395916815, 13.797095992786353], [98.15989187035204, 13.797011653505564], [98.15999983605631, 13.796997102654776], [98.160011841519, 13.797081444671427]]]}, "id": "00220000000000001dde", "properties": {"area_in_meters": 111.36014077753342, "bf_source": "microsoft", "boundary_id": 176, "confidence": null, "geometry_wkt": {"type": "Polygon", "coordinates": [[[98.160011841519, 13.797081444671427], [98.15990395916815, 13.797095992786353], [98.15989187035204, 13.797011653505564], [98.15999983605631, 13.796997102654776], [98.160011841519, 13.797081444671427]]]}}}, {"type": "Feature", "geometry": {"type": "Polygon", "coordinates": [[[98.15452288281024, 13.75679449166569], [98.1546027465387, 13.756734581795174], [98.15464242834018, 13.756784571533927], [98.15456248120331, 13.75684439650639], [98.15452288281024, 13.75679449166569]]]}, "id": "00220000000000001deb", "properties": {"area_in_meters": 76.424599045278, "bf_source": "microsoft", "boundary_id": 176, "confidence": null, "geometry_wkt": {"type": "Polygon", "coordinates": [[[98.15452288281024, 13.75679449166569], [98.1546027465387, 13.756734581795174], [98.15464242834018, 13.756784571533927], [98.15456248120331, 13.75684439650639], [98.15452288281024, 13.75679449166569]]]}}}, {"type": "Feature", "geometry": {"type": "Polygon", "coordinates": [[[98.14663539416577, 13.747823998205888], [98.14658979843956, 13.747824891069966], [98.14658596406535, 13.747638670040475], [98.14663155978916, 13.747637777195157], [98.14663539416577, 13.747823998205888]]]}, "id": "00220000000000001e71", "properties": {"area_in_meters": 101.9843757035175, "bf_source": "microsoft", "boundary_id": 176, "confidence": null, "geometry_wkt": {"type": "Polygon", "coordinates": [[[98.14663539416577, 13.747823998205888], [98.14658979843956, 13.747824891069966], [98.14658596406535, 13.747638670040475], [98.14663155978916, 13.747637777195157], [98.14663539416577, 13.747823998205888]]]}}}, {"type": "Feature", "geometry": {"type": "Polygon", "coordinates": [[[98.16003151714266, 13.79744256274002], [98.16003560233636, 13.797510061953577], [98.15993672403839, 13.79751562655088], [98.15993263885021, 13.797448127319534], [98.16003151714266, 13.79744256274002]]]}, "id": "00220000000000001e9c", "properties": {"area_in_meters": 80.43210804919069, "bf_source": "microsoft", "boundary_id": 176, "confidence": null, "geometry_wkt": {"type": "Polygon", "coordinates": [[[98.16003151714266, 13.79744256274002], [98.16003560233636, 13.797510061953577], [98.15993672403839, 13.79751562655088], [98.15993263885021, 13.797448127319534], [98.16003151714266, 13.79744256274002]]]}}}, {"type": "Feature", "geometry": {"type": "Polygon", "coordinates": [[[98.14213405801111, 13.744325299437524], [98.14217590016322, 13.744313131789449], [98.1421982382144, 13.744385792047964], [98.14215639604949, 13.744397959712488], [98.14213405801111, 13.744325299437524]]]}, "id": "00220000000000001f4f", "properties": {"area_in_meters": 39.807084098772265, "bf_source": "microsoft", "boundary_id": 176, "confidence": null, "geometry_wkt": {"type": "Polygon", "coordinates": [[[98.14213405801111, 13.744325299437524], [98.14217590016322, 13.744313131789449], [98.1421982382144, 13.744385792047964], [98.14215639604949, 13.744397959712488], [98.14213405801111, 13.744325299437524]]]}}}, {"type": "Feature", "geometry": {"type": "Polygon", "coordinates": [[[98.1496162661059, 13.748680101019264], [98.14954924516505, 13.748681264361409], [98.14954716118157, 13.748571892224152], [98.14961418212049, 13.748570728898029], [98.1496162661059, 13.748680101019264]]]}, "id": "00220000000000002007", "properties": {"area_in_meters": 88.09415507531624, "bf_source": "microsoft", "boundary_id": 176, "confidence": null, "geometry_wkt": {"type": "Polygon", "coordinates": [[[98.1496162661059, 13.748680101019264], [98.14954924516505, 13.748681264361409], [98.14954716118157, 13.748571892224152], [98.14961418212049, 13.748570728898029], [98.1496162661059, 13.748680101019264]]]}}}, {"type": "Feature", "geometry": {"type": "Polygon", "coordinates": [[[98.15527233814191, 13.779026732311253], [98.15518388700701, 13.77902913817017], [98.1551823030574, 13.778977089602556], [98.15533244495914, 13.77897290184646], [98.15533511266925, 13.779064034131887], [98.15527342189824, 13.779065728340477], [98.15527233814191, 13.779026732311253]]]}, "id": "00220000000000002105", "properties": {"area_in_meters": 122.82218202332513, "bf_source": "microsoft", "boundary_id": 176, "confidence": null, "geometry_wkt": {"type": "Polygon", "coordinates": [[[98.15527233814191, 13.779026732311253], [98.15518388700701, 13.77902913817017], [98.1551823030574, 13.778977089602556], [98.15533244495914, 13.77897290184646], [98.15533511266925, 13.779064034131887], [98.15527342189824, 13.779065728340477], [98.15527233814191, 13.779026732311253]]]}}}, {"type": "Feature", "geometry": {"type": "Polygon", "coordinates": [[[98.15991654821325, 13.798135363704635], [98.15991388033596, 13.798202999837006], [98.1597986614784, 13.798198755793472], [98.1598013293515, 13.79813120737342], [98.15991654821325, 13.798135363704635]]]}, "id": "00220000000000002155", "properties": {"area_in_meters": 93.65728171213162, "bf_source": "microsoft", "boundary_id": 176, "confidence": null, "geometry_wkt": {"type": "Polygon", "coordinates": [[[98.15991654821325, 13.798135363704635], [98.15991388033596, 13.798202999837006], [98.1597986614784, 13.798198755793472], [98.1598013293515, 13.79813120737342], [98.15991654821325, 13.798135363704635]]]}}}, {"type": "Feature", "geometry": {"type": "Polygon", "coordinates": [[[98.155578124794, 13.77595240536404], [98.15566924412832, 13.77594885899381], [98.15567141165275, 13.776003518294642], [98.15558037568196, 13.776006974203698], [98.155578124794, 13.77595240536404]]]}, "id": "00220000000000002182", "properties": {"area_in_meters": 59.81791854392589, "bf_source": "microsoft", "boundary_id": 176, "confidence": null, "geometry_wkt": {"type": "Polygon", "coordinates": [[[98.155578124794, 13.77595240536404], [98.15566924412832, 13.77594885899381], [98.15567141165275, 13.776003518294642], [98.15558037568196, 13.776006974203698], [98.155578124794, 13.77595240536404]]]}}}, {"type": "Feature", "geometry": {"type": "Polygon", "coordinates": [[[98.15640412196046, 13.776491196117608], [98.1563024140945, 13.776486585961011], [98.15630399806838, 13.77645416832368], [98.15626381516273, 13.77645225503822], [98.15626873381598, 13.776352189912572], [98.15641054123216, 13.776358716142477], [98.15640412196046, 13.776491196117608]]]}, "id": "0022000000000000220f", "properties": {"area_in_meters": 210.63308680412013, "bf_source": "microsoft", "boundary_id": 176, "confidence": null, "geometry_wkt": {"type": "Polygon", "coordinates": [[[98.15640412196046, 13.776491196117608], [98.1563024140945, 13.776486585961011], [98.15630399806838, 13.77645416832368], [98.15626381516273, 13.77645225503822], [98.15626873381598, 13.776352189912572], [98.15641054123216, 13.776358716142477], [98.15640412196046, 13.776491196117608]]]}}}, {"type": "Feature", "geometry": {"type": "Polygon", "coordinates": [[[98.15037950891858, 13.750639725985124], [98.1503107367131, 13.750655066512135], [98.15028864626083, 13.7505620517394], [98.15035741844552, 13.750546711242121], [98.15037950891858, 13.750639725985124]]]}, "id": "0022000000000000227a", "properties": {"area_in_meters": 80.92174409866472, "bf_source": "microsoft", "boundary_id": 176, "confidence": null, "geometry_wkt": {"type": "Polygon", "coordinates": [[[98.15037950891858, 13.750639725985124], [98.1503107367131, 13.750655066512135], [98.15028864626083, 13.7505620517394], [98.15035741844552, 13.750546711242121], [98.15037950891858, 13.750639725985124]]]}}}, {"type": "Feature", "geometry": {"type": "Polygon", "coordinates": [[[98.15937947312922, 13.799068253853688], [98.15937688864209, 13.799160538429188], [98.15924966529126, 13.799157131613727], [98.15925233314431, 13.799064844250221], [98.15937947312922, 13.799068253853688]]]}, "id": "002200000000000025d0", "properties": {"area_in_meters": 141.0207105451045, "bf_source": "microsoft", "boundary_id": 176, "confidence": null, "geometry_wkt": {"type": "Polygon", "coordinates": [[[98.15937947312922, 13.799068253853688], [98.15937688864209, 13.799160538429188], [98.15924966529126, 13.799157131613727], [98.15925233314431, 13.799064844250221], [98.15937947312922, 13.799068253853688]]]}}}, {"type": "Feature", "geometry": {"type": "Polygon", "coordinates": [[[98.14753939574781, 13.74900236233327], [98.14764059127322, 13.74897341108453], [98.14766384792532, 13.749050163650669], [98.14756265236768, 13.749079114941047], [98.14753939574781, 13.74900236233327]]]}, "id": "0022000000000000266d", "properties": {"area_in_meters": 101.32814095445906, "bf_source": "microsoft", "boundary_id": 176, "confidence": null, "geometry_wkt": {"type": "Polygon", "coordinates": [[[98.14753939574781, 13.74900236233327], [98.14764059127322, 13.74897341108453], [98.14766384792532, 13.749050163650669], [98.14756265236768, 13.749079114941047], [98.14753939574781, 13.74900236233327]]]}}}, {"type": "Feature", "geometry": {"type": "Polygon", "coordinates": [[[98.154088969193, 13.756945135157912], [98.15416908254107, 13.756912841839346], [98.15419600931567, 13.756976057780939], [98.15411589593806, 13.75700826343526], [98.154088969193, 13.756945135157912]]]}, "id": "0022000000000000269f", "properties": {"area_in_meters": 71.2430835457605, "bf_source": "microsoft", "boundary_id": 176, "confidence": null, "geometry_wkt": {"type": "Polygon", "coordinates": [[[98.154088969193, 13.756945135157912], [98.15416908254107, 13.756912841839346], [98.15419600931567, 13.756976057780939], [98.15411589593806, 13.75700826343526], [98.154088969193, 13.756945135157912]]]}}}, {"type": "Feature", "geometry": {"type": "Polygon", "coordinates": [[[98.16000116999652, 13.799740895230798], [98.16011088666133, 13.79973575960219], [98.16011522197365, 13.799822989788714], [98.16000550530234, 13.79982812544169], [98.16000116999652, 13.799740895230798]]]}, "id": "002200000000000026fb", "properties": {"area_in_meters": 115.19798640608415, "bf_source": "microsoft", "boundary_id": 176, "confidence": null, "geometry_wkt": {"type": "Polygon", "coordinates": [[[98.16000116999652, 13.799740895230798], [98.16011088666133, 13.79973575960219], [98.16011522197365, 13.799822989788714], [98.16000550530234, 13.79982812544169], [98.16000116999652, 13.799740895230798]]]}}}, {"type": "Feature", "geometry": {"type": "Polygon", "coordinates": [[[98.15099179280205, 13.751855885307815], [98.1509711192802, 13.751963206220042], [98.15087783842174, 13.751946209026208], [98.1508984285563, 13.751838978569594], [98.15099179280205, 13.751855885307815]]]}, "id": "002200000000000027fc", "properties": {"area_in_meters": 124.4192670750987, "bf_source": "microsoft", "boundary_id": 176, "confidence": null, "geometry_wkt": {"type": "Polygon", "coordinates": [[[98.15099179280205, 13.751855885307815], [98.1509711192802, 13.751963206220042], [98.15087783842174, 13.751946209026208], [98.1508984285563, 13.751838978569594], [98.15099179280205, 13.751855885307815]]]}}}, {"type": "Feature", "geometry": {"type": "Polygon", "coordinates": [[[98.1574839014082, 13.768253086237864], [98.15748573551285, 13.768191895267567], [98.15758361007391, 13.768194703797535], [98.15758169259828, 13.768255897520637], [98.1574839014082, 13.768253086237864]]]}, "id": "00220000000000002850", "properties": {"area_in_meters": 71.9262284182308, "bf_source": "microsoft", "boundary_id": 176, "confidence": null, "geometry_wkt": {"type": "Polygon", "coordinates": [[[98.1574839014082, 13.768253086237864], [98.15748573551285, 13.768191895267567], [98.15758361007391, 13.768194703797535], [98.15758169259828, 13.768255897520637], [98.1574839014082, 13.768253086237864]]]}}}, {"type": "Feature", "geometry": {"type": "Polygon", "coordinates": [[[98.15058274158419, 13.750173400690144], [98.15058432543408, 13.750129150558923], [98.15064326134693, 13.750131060277916], [98.15064167749576, 13.750175310405083], [98.15058274158419, 13.750173400690144]]]}, "id": "0022000000000000287f", "properties": {"area_in_meters": 31.352029287059697, "bf_source": "microsoft", "boundary_id": 176, "confidence": null, "geometry_wkt": {"type": "Polygon", "coordinates": [[[98.15058274158419, 13.750173400690144], [98.15058432543408, 13.750129150558923], [98.15064326134693, 13.750131060277916], [98.15064167749576, 13.750175310405083], [98.15058274158419, 13.750173400690144]]]}}}, {"type": "Feature", "geometry": {"type": "Polygon", "coordinates": [[[98.15044444661204, 13.752631236184145], [98.15030565174047, 13.752640912651422], [98.15029989988662, 13.752563141448846], [98.15043869474727, 13.752553465012074], [98.15044444661204, 13.752631236184145]]]}, "id": "00220000000000002a5a", "properties": {"area_in_meters": 130.25655094791773, "bf_source": "microsoft", "boundary_id": 176, "confidence": null, "geometry_wkt": {"type": "Polygon", "coordinates": [[[98.15044444661204, 13.752631236184145], [98.15030565174047, 13.752640912651422], [98.15029989988662, 13.752563141448846], [98.15043869474727, 13.752553465012074], [98.15044444661204, 13.752631236184145]]]}}}, {"type": "Feature", "geometry": {"type": "Polygon", "coordinates": [[[98.15532494202503, 13.774670059570141], [98.1554026391134, 13.774667572348537], [98.15540447316585, 13.774722242210329], [98.15532677607553, 13.774724641732565], [98.15532494202503, 13.774670059570141]]]}, "id": "00220000000000002a65", "properties": {"area_in_meters": 51.04589746809984, "bf_source": "microsoft", "boundary_id": 176, "confidence": null, "geometry_wkt": {"type": "Polygon", "coordinates": [[[98.15532494202503, 13.774670059570141], [98.1554026391134, 13.774667572348537], [98.15540447316585, 13.774722242210329], [98.15532677607553, 13.774724641732565], [98.15532494202503, 13.774670059570141]]]}}}, {"type": "Feature", "geometry": {"type": "Polygon", "coordinates": [[[98.15616019005368, 13.777330253259562], [98.15626739994389, 13.777332926725673], [98.15626481556676, 13.777433002928289], [98.15615760568035, 13.777430417191027], [98.15616019005368, 13.777330253259562]]]}, "id": "00220000000000002b8b", "properties": {"area_in_meters": 129.03647736406816, "bf_source": "microsoft", "boundary_id": 176, "confidence": null, "geometry_wkt": {"type": "Polygon", "coordinates": [[[98.15616019005368, 13.777330253259562], [98.15626739994389, 13.777332926725673], [98.15626481556676, 13.777433002928289], [98.15615760568035, 13.777430417191027], [98.15616019005368, 13.777330253259562]]]}}}, {"type": "Feature", "geometry": {"type": "Polygon", "coordinates": [[[98.14865722230466, 13.741636017752024], [98.14865563849655, 13.741705168758912], [98.14857694828379, 13.741703471919706], [98.1485785320902, 13.741634320903577], [98.14865722230466, 13.741636017752024]]]}, "id": "00220000000000002bd8", "properties": {"area_in_meters": 65.43148999196018, "bf_source": "microsoft", "boundary_id": 176, "confidence": null, "geometry_wkt": {"type": "Polygon", "coordinates": [[[98.14865722230466, 13.741636017752024], [98.14865563849655, 13.741705168758912], [98.14857694828379, 13.741703471919706], [98.1485785320902, 13.741634320903577], [98.14865722230466, 13.741636017752024]]]}}}, {"type": "Feature", "geometry": {"type": "Polygon", "coordinates": [[[98.14749705038011, 13.741415138805865], [98.14743003138378, 13.741417265049831], [98.14742778074691, 13.741349556033422], [98.14749479974118, 13.741347429800157], [98.14749705038011, 13.741415138805865]]]}, "id": "00220000000000002c7b", "properties": {"area_in_meters": 54.497999736438466, "bf_source": "microsoft", "boundary_id": 176, "confidence": null, "geometry_wkt": {"type": "Polygon", "coordinates": [[[98.14749705038011, 13.741415138805865], [98.14743003138378, 13.741417265049831], [98.14742778074691, 13.741349556033422], [98.14749479974118, 13.741347429800157], [98.14749705038011, 13.741415138805865]]]}}}, {"type": "Feature", "geometry": {"type": "Polygon", "coordinates": [[[98.16018575420645, 13.743183175082148], [98.16013356368249, 13.743200072066246], [98.16012472631311, 13.743174233562815], [98.16017691683076, 13.743157336586513], [98.16018575420645, 13.743183175082148]]]}, "id": "00220000000000002ce9", "properties": {"area_in_meters": 17.95727722792412, "bf_source": "microsoft", "boundary_id": 176, "confidence": null, "geometry_wkt": {"type": "Polygon", "coordinates": [[[98.16018575420645, 13.743183175082148], [98.16013356368249, 13.743200072066246], [98.16012472631311, 13.743174233562815], [98.16017691683076, 13.743157336586513], [98.16018575420645, 13.743183175082148]]]}}}, {"type": "Feature", "geometry": {"type": "Polygon", "coordinates": [[[98.16038151068888, 13.766670303531537], [98.16030239099128, 13.766710199700572], [98.16026670795229, 13.766643412349962], [98.1603458276113, 13.766603516221698], [98.16038151068888, 13.766670303531537]]]}, "id": "00220000000000002da2", "properties": {"area_in_meters": 80.62759887077532, "bf_source": "microsoft", "boundary_id": 176, "confidence": null, "geometry_wkt": {"type": "Polygon", "coordinates": [[[98.16038151068888, 13.766670303531537], [98.16030239099128, 13.766710199700572], [98.16026670795229, 13.766643412349962], [98.1603458276113, 13.766603516221698], [98.16038151068888, 13.766670303531537]]]}}}, {"type": "Feature", "geometry": {"type": "Polygon", "coordinates": [[[98.15629866257756, 13.776678269955987], [98.15630099685474, 13.77659758663409], [98.15643763556697, 13.776601301972061], [98.15643538465261, 13.77668198251243], [98.15629866257756, 13.776678269955987]]]}, "id": "00220000000000002ed0", "properties": {"area_in_meters": 132.55579796316562, "bf_source": "microsoft", "boundary_id": 176, "confidence": null, "geometry_wkt": {"type": "Polygon", "coordinates": [[[98.15629866257756, 13.776678269955987], [98.15630099685474, 13.77659758663409], [98.15643763556697, 13.776601301972061], [98.15643538465261, 13.77668198251243], [98.15629866257756, 13.776678269955987]]]}}}, {"type": "Feature", "geometry": {"type": "Polygon", "coordinates": [[[98.15726822769433, 13.761275080477892], [98.15715076206992, 13.76129405520168], [98.15713950738905, 13.761228126595675], [98.15725697299538, 13.761209151902275], [98.15726822769433, 13.761275080477892]]]}, "id": "00220000000000002ee3", "properties": {"area_in_meters": 95.54721030982769, "bf_source": "microsoft", "boundary_id": 176, "confidence": null, "geometry_wkt": {"type": "Polygon", "coordinates": [[[98.15726822769433, 13.761275080477892], [98.15715076206992, 13.76129405520168], [98.15713950738905, 13.761228126595675], [98.15725697299538, 13.761209151902275], [98.15726822769433, 13.761275080477892]]]}}}, {"type": "Feature", "geometry": {"type": "Polygon", "coordinates": [[[98.15947068057262, 13.794258434890313], [98.15946809608226, 13.794295890089796], [98.15942374290701, 13.794292976579374], [98.1594263273958, 13.79425552137799], [98.15947068057262, 13.794258434890313]]]}, "id": "00220000000000002f69", "properties": {"area_in_meters": 20.0418521723421, "bf_source": "microsoft", "boundary_id": 176, "confidence": null, "geometry_wkt": {"type": "Polygon", "coordinates": [[[98.15947068057262, 13.794258434890313], [98.15946809608226, 13.794295890089796], [98.15942374290701, 13.794292976579374], [98.1594263273958, 13.79425552137799], [98.15947068057262, 13.794258434890313]]]}}}, {"type": "Feature", "geometry": {"type": "Polygon", "coordinates": [[[98.15037450730145, 13.748719574962847], [98.15037233993414, 13.748823738317293], [98.15030798582623, 13.748822533695872], [98.15031015319163, 13.748718282636776], [98.15037450730145, 13.748719574962847]]]}, "id": "00220000000000002f81", "properties": {"area_in_meters": 80.53880530507273, "bf_source": "microsoft", "boundary_id": 176, "confidence": null, "geometry_wkt": {"type": "Polygon", "coordinates": [[[98.15037450730145, 13.748719574962847], [98.15037233993414, 13.748823738317293], [98.15030798582623, 13.748822533695872], [98.15031015319163, 13.748718282636776], [98.15037450730145, 13.748719574962847]]]}}}, {"type": "Feature", "geometry": {"type": "Polygon", "coordinates": [[[98.15404536956179, 13.774784646932387], [98.15400952284816, 13.774680583169943], [98.15407946563826, 13.774657829268603], [98.15411531238621, 13.774761892988877], [98.15404536956179, 13.774784646932387]]]}, "id": "00220000000000002fd0", "properties": {"area_in_meters": 97.1617349870186, "bf_source": "microsoft", "boundary_id": 176, "confidence": null, "geometry_wkt": {"type": "Polygon", "coordinates": [[[98.15404536956179, 13.774784646932387], [98.15400952284816, 13.774680583169943], [98.15407946563826, 13.774657829268603], [98.15411531238621, 13.774761892988877], [98.15404536956179, 13.774784646932387]]]}}}, {"type": "Feature", "geometry": {"type": "Polygon", "coordinates": [[[98.15956739060033, 13.799987160803981], [98.1596887785403, 13.799964004868267], [98.15970520261084, 13.8000453947859], [98.15958381464361, 13.800068550763715], [98.15956739060033, 13.799987160803981]]]}, "id": "00220000000000003066", "properties": {"area_in_meters": 123.16372800145827, "bf_source": "microsoft", "boundary_id": 176, "confidence": null, "geometry_wkt": {"type": "Polygon", "coordinates": [[[98.15956739060033, 13.799987160803981], [98.1596887785403, 13.799964004868267], [98.15970520261084, 13.8000453947859], [98.15958381464361, 13.800068550763715], [98.15956739060033, 13.799987160803981]]]}}}, {"type": "Feature", "geometry": {"type": "Polygon", "coordinates": [[[98.15976097778149, 13.795999027580251], [98.15976839779992, 13.796046326880113], [98.15970286822495, 13.796055959289713], [98.15969544821316, 13.796008747700888], [98.15976097778149, 13.795999027580251]]]}, "id": "002200000000000030ad", "properties": {"area_in_meters": 38.04980476811189, "bf_source": "microsoft", "boundary_id": 176, "confidence": null, "geometry_wkt": {"type": "Polygon", "coordinates": [[[98.15976097778149, 13.795999027580251], [98.15976839779992, 13.796046326880113], [98.15970286822495, 13.796055959289713], [98.15969544821316, 13.796008747700888], [98.15976097778149, 13.795999027580251]]]}}}, {"type": "Feature", "geometry": {"type": "Polygon", "coordinates": [[[98.16023511013557, 13.766348110770936], [98.16032223343636, 13.766324613091133], [98.16034991282255, 13.7664213091777], [98.1602627894888, 13.766444894604193], [98.16023511013557, 13.766348110770936]]]}, "id": "00220000000000003263", "properties": {"area_in_meters": 109.04939614499203, "bf_source": "microsoft", "boundary_id": 176, "confidence": null, "geometry_wkt": {"type": "Polygon", "coordinates": [[[98.16023511013557, 13.766348110770936], [98.16032223343636, 13.766324613091133], [98.16034991282255, 13.7664213091777], [98.1602627894888, 13.766444894604193], [98.16023511013557, 13.766348110770936]]]}}}, {"type": "Feature", "geometry": {"type": "Polygon", "coordinates": [[[98.16012197505682, 13.7991303529423], [98.16012047437164, 13.79920216157782], [98.16000658912884, 13.799199803479622], [98.16000817318297, 13.79912799206098], [98.16012197505682, 13.7991303529423]]]}, "id": "00220000000000003292", "properties": {"area_in_meters": 98.1595498014596, "bf_source": "microsoft", "boundary_id": 176, "confidence": null, "geometry_wkt": {"type": "Polygon", "coordinates": [[[98.16012197505682, 13.7991303529423], [98.16012047437164, 13.79920216157782], [98.16000658912884, 13.799199803479622], [98.16000817318297, 13.79912799206098], [98.16012197505682, 13.7991303529423]]]}}}, {"type": "Feature", "geometry": {"type": "Polygon", "coordinates": [[[98.15939948206503, 13.79793006744309], [98.15939047804324, 13.798165291524315], [98.15922290339572, 13.798159276919696], [98.15922565461817, 13.7980864622341], [98.159251249329, 13.798087366753574], [98.15925750210988, 13.797924957304412], [98.15939948206503, 13.79793006744309]]]}, "id": "002200000000000032b9", "properties": {"area_in_meters": 424.0559900493762, "bf_source": "microsoft", "boundary_id": 176, "confidence": null, "geometry_wkt": {"type": "Polygon", "coordinates": [[[98.15939948206503, 13.79793006744309], [98.15939047804324, 13.798165291524315], [98.15922290339572, 13.798159276919696], [98.15922565461817, 13.7980864622341], [98.159251249329, 13.798087366753574], [98.15925750210988, 13.797924957304412], [98.15939948206503, 13.79793006744309]]]}}}, {"type": "Feature", "geometry": {"type": "Polygon", "coordinates": [[[98.15475638859157, 13.779014188690438], [98.15475397099844, 13.779100139225589], [98.15468961303134, 13.779098413206457], [98.15469203062234, 13.7790125503746], [98.15475638859157, 13.779014188690438]]]}, "id": "0022000000000000343a", "properties": {"area_in_meters": 66.40483822905718, "bf_source": "microsoft", "boundary_id": 176, "confidence": null, "geometry_wkt": {"type": "Polygon", "coordinates": [[[98.15475638859157, 13.779014188690438], [98.15475397099844, 13.779100139225589], [98.15468961303134, 13.779098413206457], [98.15469203062234, 13.7790125503746], [98.15475638859157, 13.779014188690438]]]}}}, {"type": "Feature", "geometry": {"type": "Polygon", "coordinates": [[[98.15988736831068, 13.799575278099354], [98.15989020292928, 13.799648083437368], [98.15978307109702, 13.79965208039037], [98.15978023648258, 13.799579275033429], [98.15988736831068, 13.799575278099354]]]}, "id": "0022000000000000363f", "properties": {"area_in_meters": 93.82266752307434, "bf_source": "microsoft", "boundary_id": 176, "confidence": null, "geometry_wkt": {"type": "Polygon", "coordinates": [[[98.15988736831068, 13.799575278099354], [98.15989020292928, 13.799648083437368], [98.15978307109702, 13.79965208039037], [98.15978023648258, 13.799579275033429], [98.15988736831068, 13.799575278099354]]]}}}, {"type": "Feature", "geometry": {"type": "Polygon", "coordinates": [[[98.15654001055961, 13.818043676209038], [98.15657727575946, 13.818033575941836], [98.1565884469864, 13.818072247870777], [98.15655109841352, 13.818082350916725], [98.15654001055961, 13.818043676209038]]]}, "id": "002200000000000036a1", "properties": {"area_in_meters": 18.681177868430193, "bf_source": "microsoft", "boundary_id": 176, "confidence": null, "geometry_wkt": {"type": "Polygon", "coordinates": [[[98.15654001055961, 13.818043676209038], [98.15657727575946, 13.818033575941836], [98.1565884469864, 13.818072247870777], [98.15655109841352, 13.818082350916725], [98.15654001055961, 13.818043676209038]]]}}}, {"type": "Feature", "geometry": {"type": "Polygon", "coordinates": [[[98.15615493794023, 13.777305429740496], [98.15615585497588, 13.777248124097328], [98.15627773745327, 13.777250048050696], [98.15627682041608, 13.777307353681469], [98.15615493794023, 13.777305429740496]]]}, "id": "00220000000000003773", "properties": {"area_in_meters": 83.86426896136824, "bf_source": "microsoft", "boundary_id": 176, "confidence": null, "geometry_wkt": {"type": "Polygon", "coordinates": [[[98.15615493794023, 13.777305429740496], [98.15615585497588, 13.777248124097328], [98.15627773745327, 13.777250048050696], [98.15627682041608, 13.777307353681469], [98.15615493794023, 13.777305429740496]]]}}}, {"type": "Feature", "geometry": {"type": "Polygon", "coordinates": [[[98.15290328523737, 13.756830989940898], [98.15285151672849, 13.75685453980794], [98.15282684125245, 13.756803263725706], [98.15287860974387, 13.756779713877778], [98.15290328523737, 13.756830989940898]]]}, "id": "00220000000000003775", "properties": {"area_in_meters": 38.88197983186849, "bf_source": "microsoft", "boundary_id": 176, "confidence": null, "geometry_wkt": {"type": "Polygon", "coordinates": [[[98.15290328523737, 13.756830989940898], [98.15285151672849, 13.75685453980794], [98.15282684125245, 13.756803263725706], [98.15287860974387, 13.756779713877778], [98.15290328523737, 13.756830989940898]]]}}}, {"type": "Feature", "geometry": {"type": "Polygon", "coordinates": [[[98.16814232673507, 13.752778854881939], [98.16814491153195, 13.752820423235761], [98.16811014185244, 13.752822364899922], [98.16810764043728, 13.752780881471315], [98.16814232673507, 13.752778854881939]]]}, "id": "00220000000000003836", "properties": {"area_in_meters": 17.394081860213866, "bf_source": "microsoft", "boundary_id": 176, "confidence": null, "geometry_wkt": {"type": "Polygon", "coordinates": [[[98.16814232673507, 13.752778854881939], [98.16814491153195, 13.752820423235761], [98.16811014185244, 13.752822364899922], [98.16810764043728, 13.752780881471315], [98.16814232673507, 13.752778854881939]]]}}}, {"type": "Feature", "geometry": {"type": "Polygon", "coordinates": [[[98.14638524319194, 13.743267037543635], [98.14643117221357, 13.74327709541281], [98.1464225032127, 13.743314211645973], [98.14637657419655, 13.743304153775314], [98.14638524319194, 13.743267037543635]]]}, "id": "0022000000000000394e", "properties": {"area_in_meters": 21.566223887627306, "bf_source": "microsoft", "boundary_id": 176, "confidence": null, "geometry_wkt": {"type": "Polygon", "coordinates": [[[98.14638524319194, 13.743267037543635], [98.14643117221357, 13.74327709541281], [98.1464225032127, 13.743314211645973], [98.14637657419655, 13.743304153775314], [98.14638524319194, 13.743267037543635]]]}}}, {"type": "Feature", "geometry": {"type": "Polygon", "coordinates": [[[98.15662612904802, 13.771872633585875], [98.1567175831589, 13.771898633923538], [98.15669957577705, 13.771958608540846], [98.1566081216887, 13.77193269590101], [98.15662612904802, 13.771872633585875]]]}, "id": "002200000000000039be", "properties": {"area_in_meters": 71.52807494876916, "bf_source": "microsoft", "boundary_id": 176, "confidence": null, "geometry_wkt": {"type": "Polygon", "coordinates": [[[98.15662612904802, 13.771872633585875], [98.1567175831589, 13.771898633923538], [98.15669957577705, 13.771958608540846], [98.1566081216887, 13.77193269590101], [98.15662612904802, 13.771872633585875]]]}}}, {"type": "Feature", "geometry": {"type": "Polygon", "coordinates": [[[98.14679427090395, 13.748321142615666], [98.14679777186431, 13.748426522129328], [98.14670274585727, 13.748429487068217], [98.14669924490148, 13.74832410753098], [98.14679427090395, 13.748321142615666]]]}, "id": "002200000000000039f0", "properties": {"area_in_meters": 120.48174530223557, "bf_source": "microsoft", "boundary_id": 176, "confidence": null, "geometry_wkt": {"type": "Polygon", "coordinates": [[[98.14679427090395, 13.748321142615666], [98.14679777186431, 13.748426522129328], [98.14670274585727, 13.748429487068217], [98.14669924490148, 13.74832410753098], [98.14679427090395, 13.748321142615666]]]}}}, {"type": "Feature", "geometry": {"type": "Polygon", "coordinates": [[[98.16033282163407, 13.822286150819608], [98.1605654288837, 13.822264637482464], [98.16057234875228, 13.822335915219476], [98.16033974148063, 13.822357340868027], [98.16033282163407, 13.822286150819608]]]}, "id": "00220000000000003a5e", "properties": {"area_in_meters": 200.62450065218798, "bf_source": "microsoft", "boundary_id": 176, "confidence": null, "geometry_wkt": {"type": "Polygon", "coordinates": [[[98.16033282163407, 13.822286150819608], [98.1605654288837, 13.822264637482464], [98.16057234875228, 13.822335915219476], [98.16033974148063, 13.822357340868027], [98.16033282163407, 13.822286150819608]]]}}}, {"type": "Feature", "geometry": {"type": "Polygon", "coordinates": [[[98.15992855366224, 13.815341741361976], [98.15985602077119, 13.815360647294607], [98.15984326499434, 13.81531448393766], [98.15991579787274, 13.815295578021985], [98.15992855366224, 13.815341741361976]]]}, "id": "00220000000000003aab", "properties": {"area_in_meters": 43.11723605940416, "bf_source": "microsoft", "boundary_id": 176, "confidence": null, "geometry_wkt": {"type": "Polygon", "coordinates": [[[98.15992855366224, 13.815341741361976], [98.15985602077119, 13.815360647294607], [98.15984326499434, 13.81531448393766], [98.15991579787274, 13.815295578021985], [98.15992855366224, 13.815341741361976]]]}}}, {"type": "Feature", "geometry": {"type": "Polygon", "coordinates": [[[98.15029931636525, 13.751724617959065], [98.1501556035273, 13.751729107259951], [98.15015360288653, 13.751669189993326], [98.15029731572054, 13.75166470071273], [98.15029931636525, 13.751724617959065]]]}, "id": "00220000000000003b1c", "properties": {"area_in_meters": 103.3861407455542, "bf_source": "microsoft", "boundary_id": 176, "confidence": null, "geometry_wkt": {"type": "Polygon", "coordinates": [[[98.15029931636525, 13.751724617959065], [98.1501556035273, 13.751729107259951], [98.15015360288653, 13.751669189993326], [98.15029731572054, 13.75166470071273], [98.15029931636525, 13.751724617959065]]]}}}, {"type": "Feature", "geometry": {"type": "Polygon", "coordinates": [[[98.15086466740753, 13.750534410155035], [98.15071278411146, 13.750581701288192], [98.15069336107827, 13.750522623811218], [98.15084516097313, 13.75047533548528], [98.15086466740753, 13.750534410155035]]]}, "id": "00220000000000003b5e", "properties": {"area_in_meters": 118.74978105812222, "bf_source": "microsoft", "boundary_id": 176, "confidence": null, "geometry_wkt": {"type": "Polygon", "coordinates": [[[98.15086466740753, 13.750534410155035], [98.15071278411146, 13.750581701288192], [98.15069336107827, 13.750522623811218], [98.15084516097313, 13.75047533548528], [98.15086466740753, 13.750534410155035]]]}}}, {"type": "Feature", "geometry": {"type": "Polygon", "coordinates": [[[98.1582222989919, 13.767540489666557], [98.15812567411258, 13.767541323454731], [98.15812475705224, 13.76744110801443], [98.15822129856109, 13.767440189304827], [98.1582222989919, 13.767540489666557]]]}, "id": "00220000000000003c71", "properties": {"area_in_meters": 116.23002335989163, "bf_source": "microsoft", "boundary_id": 176, "confidence": null, "geometry_wkt": {"type": "Polygon", "coordinates": [[[98.1582222989919, 13.767540489666557], [98.15812567411258, 13.767541323454731], [98.15812475705224, 13.76744110801443], [98.15822129856109, 13.767440189304827], [98.1582222989919, 13.767540489666557]]]}}}, {"type": "Feature", "geometry": {"type": "Polygon", "coordinates": [[[98.14840798134432, 13.748786690184936], [98.14840898164078, 13.748864879689291], [98.14834462926255, 13.748865603740128], [98.14834362896696, 13.7487875019186], [98.14840798134432, 13.748786690184936]]]}, "id": "00220000000000003d00", "properties": {"area_in_meters": 60.41856341783785, "bf_source": "microsoft", "boundary_id": 176, "confidence": null, "geometry_wkt": {"type": "Polygon", "coordinates": [[[98.14840798134432, 13.748786690184936], [98.14840898164078, 13.748864879689291], [98.14834462926255, 13.748865603740128], [98.14834362896696, 13.7487875019186], [98.14840798134432, 13.748786690184936]]]}}}, {"type": "Feature", "geometry": {"type": "Polygon", "coordinates": [[[98.1599161313574, 13.798491888524797], [98.16003001645932, 13.79849758033926], [98.16002618137978, 13.798570343419382], [98.15991229628385, 13.798564651616056], [98.1599161313574, 13.798491888524797]]]}, "id": "00220000000000003d6e", "properties": {"area_in_meters": 99.70871499997297, "bf_source": "microsoft", "boundary_id": 176, "confidence": null, "geometry_wkt": {"type": "Polygon", "coordinates": [[[98.1599161313574, 13.798491888524797], [98.16003001645932, 13.79849758033926], [98.16002618137978, 13.798570343419382], [98.15991229628385, 13.798564651616056], [98.1599161313574, 13.798491888524797]]]}}}, {"type": "Feature", "geometry": {"type": "Polygon", "coordinates": [[[98.14954090923145, 13.749226027964085], [98.14955649742808, 13.749273305596061], [98.14947872319671, 13.74929753714831], [98.14946313501667, 13.749250347189136], [98.14954090923145, 13.749226027964085]]]}, "id": "00220000000000004038", "properties": {"area_in_meters": 48.685830612295625, "bf_source": "microsoft", "boundary_id": 176, "confidence": null, "geometry_wkt": {"type": "Polygon", "coordinates": [[[98.14954090923145, 13.749226027964085], [98.14955649742808, 13.749273305596061], [98.14947872319671, 13.74929753714831], [98.14946313501667, 13.749250347189136], [98.14954090923145, 13.749226027964085]]]}}}, {"type": "Feature", "geometry": {"type": "Polygon", "coordinates": [[[98.15806756585582, 13.800262163428576], [98.15809932947396, 13.800359186031216], [98.15804939140335, 13.800374617369188], [98.15801762780691, 13.80027759473937], [98.15806756585582, 13.800262163428576]]]}, "id": "002200000000000040da", "properties": {"area_in_meters": 64.06584721692948, "bf_source": "microsoft", "boundary_id": 176, "confidence": null, "geometry_wkt": {"type": "Polygon", "coordinates": [[[98.15806756585582, 13.800262163428576], [98.15809932947396, 13.800359186031216], [98.15804939140335, 13.800374617369188], [98.15801762780691, 13.80027759473937], [98.15806756585582, 13.800262163428576]]]}}}, {"type": "Feature", "geometry": {"type": "Polygon", "coordinates": [[[98.14713153085475, 13.750305473994047], [98.14712944694023, 13.750358861239386], [98.14707051386243, 13.75035668748742], [98.14707268113177, 13.750303297482205], [98.14713153085475, 13.750305473994047]]]}, "id": "0022000000000000411d", "properties": {"area_in_meters": 37.831402601394714, "bf_source": "microsoft", "boundary_id": 176, "confidence": null, "geometry_wkt": {"type": "Polygon", "coordinates": [[[98.14713153085475, 13.750305473994047], [98.14712944694023, 13.750358861239386], [98.14707051386243, 13.75035668748742], [98.14707268113177, 13.750303297482205], [98.14713153085475, 13.750305473994047]]]}}}, {"type": "Feature", "geometry": {"type": "Polygon", "coordinates": [[[98.15120819824469, 13.75342303791629], [98.15108574069475, 13.75344348750547], [98.15107231955983, 13.75336763587025], [98.15119477708727, 13.753347186318127], [98.15120819824469, 13.75342303791629]]]}, "id": "00220000000000004128", "properties": {"area_in_meters": 114.94005889671834, "bf_source": "microsoft", "boundary_id": 176, "confidence": null, "geometry_wkt": {"type": "Polygon", "coordinates": [[[98.15120819824469, 13.75342303791629], [98.15108574069475, 13.75344348750547], [98.15107231955983, 13.75336763587025], [98.15119477708727, 13.753347186318127], [98.15120819824469, 13.75342303791629]]]}}}, {"type": "Feature", "geometry": {"type": "Polygon", "coordinates": [[[98.14732200089227, 13.748371839897114], [98.14744211813851, 13.74832349726854], [98.14745970645416, 13.748364745688171], [98.147339589179, 13.748413088349665], [98.14732200089227, 13.748371839897114]]]}, "id": "00220000000000004258", "properties": {"area_in_meters": 69.64275560414814, "bf_source": "microsoft", "boundary_id": 176, "confidence": null, "geometry_wkt": {"type": "Polygon", "coordinates": [[[98.14732200089227, 13.748371839897114], [98.14744211813851, 13.74832349726854], [98.14745970645416, 13.748364745688171], [98.147339589179, 13.748413088349665], [98.14732200089227, 13.748371839897114]]]}}}, {"type": "Feature", "geometry": {"type": "Polygon", "coordinates": [[[98.15478873432806, 13.757101228950988], [98.15467569104332, 13.757116809791615], [98.15466443674357, 13.757040183585616], [98.1547774800109, 13.757024602776605], [98.15478873432806, 13.757101228950988]]]}, "id": "00220000000000004391", "properties": {"area_in_meters": 106.10874580112308, "bf_source": "microsoft", "boundary_id": 176, "confidence": null, "geometry_wkt": {"type": "Polygon", "coordinates": [[[98.15478873432806, 13.757101228950988], [98.15467569104332, 13.757116809791615], [98.15466443674357, 13.757040183585616], [98.1547774800109, 13.757024602776605], [98.15478873432806, 13.757101228950988]]]}}}, {"type": "Feature", "geometry": {"type": "Polygon", "coordinates": [[[98.14724122819862, 13.741998741456957], [98.1472485635892, 13.742107672155717], [98.1471497025918, 13.742113919448263], [98.14714245056776, 13.74200498596628], [98.14724122819862, 13.741998741456957]]]}, "id": "00220000000000004466", "properties": {"area_in_meters": 129.87973806507551, "bf_source": "microsoft", "boundary_id": 176, "confidence": null, "geometry_wkt": {"type": "Polygon", "coordinates": [[[98.14724122819862, 13.741998741456957], [98.1472485635892, 13.742107672155717], [98.1471497025918, 13.742113919448263], [98.14714245056776, 13.74200498596628], [98.14724122819862, 13.741998741456957]]]}}}, {"type": "Feature", "geometry": {"type": "Polygon", "coordinates": [[[98.17293411329055, 13.821407934679568], [98.17299840392684, 13.82140947766736], [98.17299748668, 13.821445919119537], [98.17293319604454, 13.821444376135668], [98.17293411329055, 13.821407934679568]]]}, "id": "00220000000000004525", "properties": {"area_in_meters": 28.165945296648406, "bf_source": "microsoft", "boundary_id": 176, "confidence": null, "geometry_wkt": {"type": "Polygon", "coordinates": [[[98.17293411329055, 13.821407934679568], [98.17299840392684, 13.82140947766736], [98.17299748668, 13.821445919119537], [98.17293319604454, 13.821444376135668], [98.17293411329055, 13.821407934679568]]]}}}, {"type": "Feature", "geometry": {"type": "Polygon", "coordinates": [[[98.16158757560343, 13.81979912585623], [98.16151537455868, 13.819864611355397], [98.16144850945146, 13.819795153720085], [98.16152071043021, 13.8197295805407], [98.16158757560343, 13.81979912585623]]]}, "id": "002200000000000045a0", "properties": {"area_in_meters": 112.94258055935944, "bf_source": "microsoft", "boundary_id": 176, "confidence": null, "geometry_wkt": {"type": "Polygon", "coordinates": [[[98.16158757560343, 13.81979912585623], [98.16151537455868, 13.819864611355397], [98.16144850945146, 13.819795153720085], [98.16152071043021, 13.8197295805407], [98.16158757560343, 13.81979912585623]]]}}}, {"type": "Feature", "geometry": {"type": "Polygon", "coordinates": [[[98.1499696275308, 13.753472771930198], [98.15006957602408, 13.753443596078053], [98.15009099953043, 13.753512956870233], [98.14999096764798, 13.753542047820513], [98.1499696275308, 13.753472771930198]]]}, "id": "0022000000000000479e", "properties": {"area_in_meters": 90.7258641601041, "bf_source": "microsoft", "boundary_id": 176, "confidence": null, "geometry_wkt": {"type": "Polygon", "coordinates": [[[98.1499696275308, 13.753472771930198], [98.15006957602408, 13.753443596078053], [98.15009099953043, 13.753512956870233], [98.14999096764798, 13.753542047820513], [98.1499696275308, 13.753472771930198]]]}}}, {"type": "Feature", "geometry": {"type": "Polygon", "coordinates": [[[98.1570130382425, 13.77983035583947], [98.15703071223004, 13.779890642259867], [98.15690657756825, 13.779924931536868], [98.15688898697843, 13.779864730025382], [98.1570130382425, 13.77983035583947]]]}, "id": "0022000000000000488c", "properties": {"area_in_meters": 97.01731883122206, "bf_source": "microsoft", "boundary_id": 176, "confidence": null, "geometry_wkt": {"type": "Polygon", "coordinates": [[[98.1570130382425, 13.77983035583947], [98.15703071223004, 13.779890642259867], [98.15690657756825, 13.779924931536868], [98.15688898697843, 13.779864730025382], [98.1570130382425, 13.77983035583947]]]}}}, {"type": "Feature", "geometry": {"type": "Polygon", "coordinates": [[[98.16385911022884, 13.824883406824519], [98.16375213933323, 13.824900742878038], [98.16374063350965, 13.824833916302817], [98.16384760438847, 13.82481658027737], [98.16385911022884, 13.824883406824519]]]}, "id": "00220000000000004920", "properties": {"area_in_meters": 88.26136114698055, "bf_source": "microsoft", "boundary_id": 176, "confidence": null, "geometry_wkt": {"type": "Polygon", "coordinates": [[[98.16385911022884, 13.824883406824519], [98.16375213933323, 13.824900742878038], [98.16374063350965, 13.824833916302817], [98.16384760438847, 13.82481658027737], [98.16385911022884, 13.824883406824519]]]}}}, {"type": "Feature", "geometry": {"type": "Polygon", "coordinates": [[[98.16369769512607, 13.824412610417902], [98.16373379671678, 13.824512222804938], [98.16365984266903, 13.824537496998397], [98.16362365773942, 13.82443788734256], [98.16369769512607, 13.824412610417902]]]}, "id": "00220000000000004963", "properties": {"area_in_meters": 99.47040878862735, "bf_source": "microsoft", "boundary_id": 176, "confidence": null, "geometry_wkt": {"type": "Polygon", "coordinates": [[[98.16369769512607, 13.824412610417902], [98.16373379671678, 13.824512222804938], [98.16365984266903, 13.824537496998397], [98.16362365773942, 13.82443788734256], [98.16369769512607, 13.824412610417902]]]}}}, {"type": "Feature", "geometry": {"type": "Polygon", "coordinates": [[[98.16873049545117, 13.824529843832702], [98.16873883357302, 13.824569926462038], [98.1686898054303, 13.82457954374508], [98.16868155069524, 13.824539458330136], [98.16873049545117, 13.824529843832702]]]}, "id": "002200000000000049d0", "properties": {"area_in_meters": 24.504626871815194, "bf_source": "microsoft", "boundary_id": 176, "confidence": null, "geometry_wkt": {"type": "Polygon", "coordinates": [[[98.16873049545117, 13.824529843832702], [98.16873883357302, 13.824569926462038], [98.1686898054303, 13.82457954374508], [98.16868155069524, 13.824539458330136], [98.16873049545117, 13.824529843832702]]]}}}, {"type": "Feature", "geometry": {"type": "Polygon", "coordinates": [[[98.14917071137883, 13.75174492424822], [98.14908310121808, 13.751784126854805], [98.14905042457228, 13.751715401824592], [98.1491381180527, 13.75167610880953], [98.14917071137883, 13.75174492424822]]]}, "id": "00220000000000004b67", "properties": {"area_in_meters": 87.7564997056504, "bf_source": "microsoft", "boundary_id": 176, "confidence": null, "geometry_wkt": {"type": "Polygon", "coordinates": [[[98.14917071137883, 13.75174492424822], [98.14908310121808, 13.751784126854805], [98.14905042457228, 13.751715401824592], [98.1491381180527, 13.75167610880953], [98.14917071137883, 13.75174492424822]]]}}}, {"type": "Feature", "geometry": {"type": "Polygon", "coordinates": [[[98.15924316239986, 13.79284174819885], [98.15933695415885, 13.792839248627267], [98.15933853819847, 13.792893933739624], [98.15924466306704, 13.792896436090663], [98.15924316239986, 13.79284174819885]]]}, "id": "00220000000000004d66", "properties": {"area_in_meters": 61.61676379833611, "bf_source": "microsoft", "boundary_id": 176, "confidence": null, "geometry_wkt": {"type": "Polygon", "coordinates": [[[98.15924316239986, 13.79284174819885], [98.15933695415885, 13.792839248627267], [98.15933853819847, 13.792893933739624], [98.15924466306704, 13.792896436090663], [98.15924316239986, 13.79284174819885]]]}}}, {"type": "Feature", "geometry": {"type": "Polygon", "coordinates": [[[98.15969469787494, 13.800923964927721], [98.15977515085105, 13.800903747352473], [98.15979007426257, 13.800959922573863], [98.15970962127003, 13.800980140171514], [98.15969469787494, 13.800923964927721]]]}, "id": "00220000000000004df0", "properties": {"area_in_meters": 57.87279928379081, "bf_source": "microsoft", "boundary_id": 176, "confidence": null, "geometry_wkt": {"type": "Polygon", "coordinates": [[[98.15969469787494, 13.800923964927721], [98.15977515085105, 13.800903747352473], [98.15979007426257, 13.800959922573863], [98.15970962127003, 13.800980140171514], [98.15969469787494, 13.800923964927721]]]}}}, {"type": "Feature", "geometry": {"type": "Polygon", "coordinates": [[[98.15941615618236, 13.79785714144128], [98.15937980661144, 13.797856155464242], [98.1593858926622, 13.797644187913368], [98.15942224223613, 13.797645173902968], [98.15941615618236, 13.79785714144128]]]}, "id": "00220000000000004f25", "properties": {"area_in_meters": 92.71935546168984, "bf_source": "microsoft", "boundary_id": 176, "confidence": null, "geometry_wkt": {"type": "Polygon", "coordinates": [[[98.15941615618236, 13.79785714144128], [98.15937980661144, 13.797856155464242], [98.1593858926622, 13.797644187913368], [98.15942224223613, 13.797645173902968], [98.15941615618236, 13.79785714144128]]]}}}, {"type": "Feature", "geometry": {"type": "Polygon", "coordinates": [[[98.16379499437318, 13.82501960928157], [98.16390471672997, 13.824957082710675], [98.1639426526895, 13.825019870841484], [98.16383284690016, 13.825082400245346], [98.16379499437318, 13.82501960928157]]]}, "id": "00220000000000005009", "properties": {"area_in_meters": 111.14893939889896, "bf_source": "microsoft", "boundary_id": 176, "confidence": null, "geometry_wkt": {"type": "Polygon", "coordinates": [[[98.16379499437318, 13.82501960928157], [98.16390471672997, 13.824957082710675], [98.1639426526895, 13.825019870841484], [98.16383284690016, 13.825082400245346], [98.16379499437318, 13.82501960928157]]]}}}, {"type": "Feature", "geometry": {"type": "Polygon", "coordinates": [[[98.14945663299603, 13.746418528811635], [98.14957458640909, 13.746415857671602], [98.14957617023714, 13.746479820250137], [98.14945821682153, 13.746482579098894], [98.14945663299603, 13.746418528811635]]]}, "id": "002200000000000050f2", "properties": {"area_in_meters": 90.72867787513943, "bf_source": "microsoft", "boundary_id": 176, "confidence": null, "geometry_wkt": {"type": "Polygon", "coordinates": [[[98.14945663299603, 13.746418528811635], [98.14957458640909, 13.746415857671602], [98.14957617023714, 13.746479820250137], [98.14945821682153, 13.746482579098894], [98.14945663299603, 13.746418528811635]]]}}}, {"type": "Feature", "geometry": {"type": "Polygon", "coordinates": [[[98.15669990924705, 13.760417340378815], [98.15673759136612, 13.760491865111213], [98.15665238978829, 13.760532485137801], [98.15661462434572, 13.760457963118858], [98.15669990924705, 13.760417340378815]]]}, "id": "0022000000000000511f", "properties": {"area_in_meters": 94.71309991139061, "bf_source": "microsoft", "boundary_id": 176, "confidence": null, "geometry_wkt": {"type": "Polygon", "coordinates": [[[98.15669990924705, 13.760417340378815], [98.15673759136612, 13.760491865111213], [98.15665238978829, 13.760532485137801], [98.15661462434572, 13.760457963118858], [98.15669990924705, 13.760417340378815]]]}}}, {"type": "Feature", "geometry": {"type": "Polygon", "coordinates": [[[98.15773975945328, 13.766018681570626], [98.15762195959694, 13.766022759803652], [98.15762045896305, 13.765982378327234], [98.15773834218565, 13.765978297343525], [98.15773975945328, 13.766018681570626]]]}, "id": "00220000000000005122", "properties": {"area_in_meters": 57.189288954521416, "bf_source": "microsoft", "boundary_id": 176, "confidence": null, "geometry_wkt": {"type": "Polygon", "coordinates": [[[98.15773975945328, 13.766018681570626], [98.15762195959694, 13.766022759803652], [98.15762045896305, 13.765982378327234], [98.15773834218565, 13.765978297343525], [98.15773975945328, 13.766018681570626]]]}}}, {"type": "Feature", "geometry": {"type": "Polygon", "coordinates": [[[98.15164726318284, 13.750508880345512], [98.15171203527952, 13.750497004175177], [98.1517358767607, 13.750620302749958], [98.15167110464289, 13.750632178953667], [98.15164726318284, 13.750508880345512]]]}, "id": "002200000000000051c2", "properties": {"area_in_meters": 99.30816377008644, "bf_source": "microsoft", "boundary_id": 176, "confidence": null, "geometry_wkt": {"type": "Polygon", "coordinates": [[[98.15164726318284, 13.750508880345512], [98.15171203527952, 13.750497004175177], [98.1517358767607, 13.750620302749958], [98.15167110464289, 13.750632178953667], [98.15164726318284, 13.750508880345512]]]}}}, {"type": "Feature", "geometry": {"type": "Polygon", "coordinates": [[[98.15984634972449, 13.798003301905606], [98.15984559938471, 13.79794341137018], [98.15995823380852, 13.797942126942534], [98.15995898414945, 13.798002017463709], [98.15984634972449, 13.798003301905606]]]}, "id": "00220000000000005230", "properties": {"area_in_meters": 81.0289304881179, "bf_source": "microsoft", "boundary_id": 176, "confidence": null, "geometry_wkt": {"type": "Polygon", "coordinates": [[[98.15984634972449, 13.798003301905606], [98.15984559938471, 13.79794341137018], [98.15995823380852, 13.797942126942534], [98.15995898414945, 13.798002017463709], [98.15984634972449, 13.798003301905606]]]}}}, {"type": "Feature", "geometry": {"type": "Polygon", "coordinates": [[[98.16600181273942, 13.761905027040038], [98.16608052171183, 13.761893735136733], [98.16609369546761, 13.761980471235091], [98.1660149031029, 13.761991678229128], [98.16600181273942, 13.761905027040038]]]}, "id": "00220000000000005255", "properties": {"area_in_meters": 83.77485800527032, "bf_source": "microsoft", "boundary_id": 176, "confidence": null, "geometry_wkt": {"type": "Polygon", "coordinates": [[[98.16600181273942, 13.761905027040038], [98.16608052171183, 13.761893735136733], [98.16609369546761, 13.761980471235091], [98.1660149031029, 13.761991678229128], [98.16600181273942, 13.761905027040038]]]}}}, {"type": "Feature", "geometry": {"type": "Polygon", "coordinates": [[[98.15044753094551, 13.74996521381955], [98.15055639966454, 13.749954510782116], [98.15056298514357, 13.750018046462369], [98.15045411641474, 13.750028749521725], [98.15044753094551, 13.74996521381955]]]}, "id": "00220000000000005262", "properties": {"area_in_meters": 83.81833106303795, "bf_source": "microsoft", "boundary_id": 176, "confidence": null, "geometry_wkt": {"type": "Polygon", "coordinates": [[[98.15044753094551, 13.74996521381955], [98.15055639966454, 13.749954510782116], [98.15056298514357, 13.750018046462369], [98.15045411641474, 13.750028749521725], [98.15044753094551, 13.74996521381955]]]}}}, {"type": "Feature", "geometry": {"type": "Polygon", "coordinates": [[[98.15366056017801, 13.76095892614234], [98.1537152470033, 13.760939926514137], [98.15376193091095, 13.761067037893435], [98.15370724405072, 13.761086037563617], [98.15366056017801, 13.76095892614234]]]}, "id": "0022000000000000531b", "properties": {"area_in_meters": 94.16898423029843, "bf_source": "microsoft", "boundary_id": 176, "confidence": null, "geometry_wkt": {"type": "Polygon", "coordinates": [[[98.15366056017801, 13.76095892614234], [98.1537152470033, 13.760939926514137], [98.15376193091095, 13.761067037893435], [98.15370724405072, 13.761086037563617], [98.15366056017801, 13.76095892614234]]]}}}, {"type": "Feature", "geometry": {"type": "Polygon", "coordinates": [[[98.15767673275492, 13.766252306476042], [98.15767464853964, 13.766306927052451], [98.15761153852891, 13.766304632808234], [98.15761362274239, 13.766250012226605], [98.15767673275492, 13.766252306476042]]]}, "id": "00220000000000005366", "properties": {"area_in_meters": 41.47284885596434, "bf_source": "microsoft", "boundary_id": 176, "confidence": null, "geometry_wkt": {"type": "Polygon", "coordinates": [[[98.15767673275492, 13.766252306476042], [98.15767464853964, 13.766306927052451], [98.15761153852891, 13.766304632808234], [98.15761362274239, 13.766250012226605], [98.15767673275492, 13.766252306476042]]]}}}, {"type": "Feature", "geometry": {"type": "Polygon", "coordinates": [[[98.14870340283018, 13.752441594321983], [98.14863855004272, 13.752464522513161], [98.1486204612935, 13.75241618632611], [98.14868523070653, 13.752393260910226], [98.14870340283018, 13.752441594321983]]]}, "id": "00220000000000005415", "properties": {"area_in_meters": 42.58681493312351, "bf_source": "microsoft", "boundary_id": 176, "confidence": null, "geometry_wkt": {"type": "Polygon", "coordinates": [[[98.14870340283018, 13.752441594321983], [98.14863855004272, 13.752464522513161], [98.1486204612935, 13.75241618632611], [98.14868523070653, 13.752393260910226], [98.14870340283018, 13.752441594321983]]]}}}, {"type": "Feature", "geometry": {"type": "Polygon", "coordinates": [[[98.1610020488625, 13.82012305509756], [98.16108592154951, 13.820091399190176], [98.16110084522855, 13.820128542476436], [98.161016889152, 13.820160201177012], [98.1610020488625, 13.82012305509756]]]}, "id": "00220000000000005513", "properties": {"area_in_meters": 43.024530250599874, "bf_source": "microsoft", "boundary_id": 176, "confidence": null, "geometry_wkt": {"type": "Polygon", "coordinates": [[[98.1610020488625, 13.82012305509756], [98.16108592154951, 13.820091399190176], [98.16110084522855, 13.820128542476436], [98.161016889152, 13.820160201177012], [98.1610020488625, 13.82012305509756]]]}}}, {"type": "Feature", "geometry": {"type": "Polygon", "coordinates": [[[98.15632567350383, 13.77251768082088], [98.15632775768064, 13.772580147404762], [98.15620720899084, 13.772583966940228], [98.15620512481745, 13.772521500338579], [98.15632567350383, 13.77251768082088]]]}, "id": "00220000000000005651", "properties": {"area_in_meters": 90.52640606821187, "bf_source": "microsoft", "boundary_id": 176, "confidence": null, "geometry_wkt": {"type": "Polygon", "coordinates": [[[98.15632567350383, 13.77251768082088], [98.15632775768064, 13.772580147404762], [98.15620720899084, 13.772583966940228], [98.15620512481745, 13.772521500338579], [98.15632567350383, 13.77251768082088]]]}}}, {"type": "Feature", "geometry": {"type": "Polygon", "coordinates": [[[98.14707734909673, 13.743112901642718], [98.1471531202126, 13.743133110096572], [98.14713053057577, 13.743213040401363], [98.14705475948335, 13.74319283193839], [98.14707734909673, 13.743112901642718]]]}, "id": "0022000000000000566d", "properties": {"area_in_meters": 78.25242049617694, "bf_source": "microsoft", "boundary_id": 176, "confidence": null, "geometry_wkt": {"type": "Polygon", "coordinates": [[[98.14707734909673, 13.743112901642718], [98.1471531202126, 13.743133110096572], [98.14713053057577, 13.743213040401363], [98.14705475948335, 13.74319283193839], [98.14707734909673, 13.743112901642718]]]}}}, {"type": "Feature", "geometry": {"type": "Polygon", "coordinates": [[[98.1595359598273, 13.799196836937007], [98.15953837757858, 13.799159298152048], [98.15963725533786, 13.799165225288638], [98.1596348375833, 13.799202676344308], [98.1595359598273, 13.799196836937007]]]}, "id": "0022000000000000571c", "properties": {"area_in_meters": 44.65705011687847, "bf_source": "microsoft", "boundary_id": 176, "confidence": null, "geometry_wkt": {"type": "Polygon", "coordinates": [[[98.1595359598273, 13.799196836937007], [98.15953837757858, 13.799159298152048], [98.15963725533786, 13.799165225288638], [98.1596348375833, 13.799202676344308], [98.1595359598273, 13.799196836937007]]]}}}, {"type": "Feature", "geometry": {"type": "Polygon", "coordinates": [[[98.15019403251253, 13.75180185114009], [98.15034658161211, 13.751794964902555], [98.15035074962478, 13.751880768289743], [98.1501981171564, 13.751887657317003], [98.15019403251253, 13.75180185114009]]]}, "id": "0022000000000000573c", "properties": {"area_in_meters": 157.52065048944957, "bf_source": "microsoft", "boundary_id": 176, "confidence": null, "geometry_wkt": {"type": "Polygon", "coordinates": [[[98.15019403251253, 13.75180185114009], [98.15034658161211, 13.751794964902555], [98.15035074962478, 13.751880768289743], [98.1501981171564, 13.751887657317003], [98.15019403251253, 13.75180185114009]]]}}}, {"type": "Feature", "geometry": {"type": "Polygon", "coordinates": [[[98.1498074095, 13.749175212082289], [98.14988076601607, 13.749164105163777], [98.14989768804104, 13.74926991786834], [98.14982433150797, 13.749281024816378], [98.1498074095, 13.749175212082289]]]}, "id": "00220000000000005837", "properties": {"area_in_meters": 95.43832064211922, "bf_source": "microsoft", "boundary_id": 176, "confidence": null, "geometry_wkt": {"type": "Polygon", "coordinates": [[[98.1498074095, 13.749175212082289], [98.14988076601607, 13.749164105163777], [98.14989768804104, 13.74926991786834], [98.14982433150797, 13.749281024816378], [98.1498074095, 13.749175212082289]]]}}}, {"type": "Feature", "geometry": {"type": "Polygon", "coordinates": [[[98.16888691877489, 13.820729764500408], [98.1689620454474, 13.82070822387619], [98.16897438590708, 13.82074896175843], [98.1688992592219, 13.820770502399037], [98.16888691877489, 13.820729764500408]]]}, "id": "0022000000000000598e", "properties": {"area_in_meters": 39.95962868436373, "bf_source": "microsoft", "boundary_id": 176, "confidence": null, "geometry_wkt": {"type": "Polygon", "coordinates": [[[98.16888691877489, 13.820729764500408], [98.1689620454474, 13.82070822387619], [98.16897438590708, 13.82074896175843], [98.1688992592219, 13.820770502399037], [98.16888691877489, 13.820729764500408]]]}}}, {"type": "Feature", "geometry": {"type": "Polygon", "coordinates": [[[98.15069777919265, 13.753883137176379], [98.15083824202543, 13.753850428438612], [98.15085708157132, 13.75392680273716], [98.15071661870232, 13.753959511525936], [98.15069777919265, 13.753883137176379]]]}, "id": "00220000000000005b3d", "properties": {"area_in_meters": 136.27598181578327, "bf_source": "microsoft", "boundary_id": 176, "confidence": null, "geometry_wkt": {"type": "Polygon", "coordinates": [[[98.15069777919265, 13.753883137176379], [98.15083824202543, 13.753850428438612], [98.15085708157132, 13.75392680273716], [98.15071661870232, 13.753959511525936], [98.15069777919265, 13.753883137176379]]]}}}, {"type": "Feature", "geometry": {"type": "Polygon", "coordinates": [[[98.15308760143394, 13.75132906171247], [98.15304775375006, 13.75133257220904], [98.1530430854036, 13.751282477796899], [98.15308293308492, 13.751278967306416], [98.15308760143394, 13.75132906171247]]]}, "id": "00220000000000005b68", "properties": {"area_in_meters": 24.207767641731138, "bf_source": "microsoft", "boundary_id": 176, "confidence": null, "geometry_wkt": {"type": "Polygon", "coordinates": [[[98.15308760143394, 13.75132906171247], [98.15304775375006, 13.75133257220904], [98.1530430854036, 13.751282477796899], [98.15308293308492, 13.751278967306416], [98.15308760143394, 13.75132906171247]]]}}}, {"type": "Feature", "geometry": {"type": "Polygon", "coordinates": [[[98.16018608769234, 13.802011500621472], [98.16020584673437, 13.80207892001536], [98.16015015459581, 13.802094367802269], [98.16013039556883, 13.802026860662101], [98.16018608769234, 13.802011500621472]]]}, "id": "00220000000000005e57", "properties": {"area_in_meters": 48.81038975635282, "bf_source": "microsoft", "boundary_id": 176, "confidence": null, "geometry_wkt": {"type": "Polygon", "coordinates": [[[98.16018608769234, 13.802011500621472], [98.16020584673437, 13.80207892001536], [98.16015015459581, 13.802094367802269], [98.16013039556883, 13.802026860662101], [98.16018608769234, 13.802011500621472]]]}}}, {"type": "Feature", "geometry": {"type": "Polygon", "coordinates": [[[98.15169644662294, 13.74997889840499], [98.15177455666283, 13.749957548793294], [98.1517983148025, 13.750039633588829], [98.15172020473723, 13.750060983233967], [98.15169644662294, 13.74997889840499]]]}, "id": "00220000000000005ea9", "properties": {"area_in_meters": 83.10833436702008, "bf_source": "microsoft", "boundary_id": 176, "confidence": null, "geometry_wkt": {"type": "Polygon", "coordinates": [[[98.15169644662294, 13.74997889840499], [98.15177455666283, 13.749957548793294], [98.1517983148025, 13.750039633588829], [98.15172020473723, 13.750060983233967], [98.15169644662294, 13.74997889840499]]]}}}, {"type": "Feature", "geometry": {"type": "Polygon", "coordinates": [[[98.16157790432771, 13.82050442422951], [98.16153079856339, 13.82051169433593], [98.16152379523112, 13.820468496784475], [98.16157090099092, 13.820461226685842], [98.16157790432771, 13.82050442422951]]]}, "id": "00220000000000005ee7", "properties": {"area_in_meters": 25.038022356237217, "bf_source": "microsoft", "boundary_id": 176, "confidence": null, "geometry_wkt": {"type": "Polygon", "coordinates": [[[98.16157790432771, 13.82050442422951], [98.16153079856339, 13.82051169433593], [98.16152379523112, 13.820468496784475], [98.16157090099092, 13.820461226685842], [98.16157790432771, 13.82050442422951]]]}}}, {"type": "Feature", "geometry": {"type": "Polygon", "coordinates": [[[98.15107081906042, 13.750149719451542], [98.15106556731276, 13.75007710721771], [98.15117235292291, 13.75006980512994], [98.15117760467827, 13.750142417341987], [98.15107081906042, 13.750149719451542]]]}, "id": "00220000000000005f55", "properties": {"area_in_meters": 93.536134801073, "bf_source": "microsoft", "boundary_id": 176, "confidence": null, "geometry_wkt": {"type": "Polygon", "coordinates": [[[98.15107081906042, 13.750149719451542], [98.15106556731276, 13.75007710721771], [98.15117235292291, 13.75006980512994], [98.15117760467827, 13.750142417341987], [98.15107081906042, 13.750149719451542]]]}}}, {"type": "Feature", "geometry": {"type": "Polygon", "coordinates": [[[98.14802745288983, 13.751060640000873], [98.14804470791594, 13.751163286643637], [98.14798460709383, 13.75117281525094], [98.14797760505952, 13.751131040782926], [98.14795668231814, 13.7511343632992], [98.14794651270098, 13.751073488339875], [98.14802745288983, 13.751060640000873]]]}, "id": "00220000000000005f8d", "properties": {"area_in_meters": 91.76833632130047, "bf_source": "microsoft", "boundary_id": 176, "confidence": null, "geometry_wkt": {"type": "Polygon", "coordinates": [[[98.14802745288983, 13.751060640000873], [98.14804470791594, 13.751163286643637], [98.14798460709383, 13.75117281525094], [98.14797760505952, 13.751131040782926], [98.14795668231814, 13.7511343632992], [98.14794651270098, 13.751073488339875], [98.14802745288983, 13.751060640000873]]]}}}, {"type": "Feature", "geometry": {"type": "Polygon", "coordinates": [[[98.147881743943, 13.749582103573557], [98.14776996170428, 13.749596760183628], [98.14775870846826, 13.74951610283498], [98.14787049068975, 13.749501358563066], [98.147881743943, 13.749582103573557]]]}, "id": "00220000000000005fe2", "properties": {"area_in_meters": 110.31528881444807, "bf_source": "microsoft", "boundary_id": 176, "confidence": null, "geometry_wkt": {"type": "Polygon", "coordinates": [[[98.147881743943, 13.749582103573557], [98.14776996170428, 13.749596760183628], [98.14775870846826, 13.74951610283498], [98.14787049068975, 13.749501358563066], [98.147881743943, 13.749582103573557]]]}}}, {"type": "Feature", "geometry": {"type": "Polygon", "coordinates": [[[98.1580820720734, 13.766947258223798], [98.15807832046512, 13.76701482676018], [98.15797669363867, 13.76700951144687], [98.15798044524173, 13.76694194290148], [98.1580820720734, 13.766947258223798]]]}, "id": "00220000000000005fe5", "properties": {"area_in_meters": 82.66698722687678, "bf_source": "microsoft", "boundary_id": 176, "confidence": null, "geometry_wkt": {"type": "Polygon", "coordinates": [[[98.1580820720734, 13.766947258223798], [98.15807832046512, 13.76701482676018], [98.15797669363867, 13.76700951144687], [98.15798044524173, 13.76694194290148], [98.1580820720734, 13.766947258223798]]]}}}, {"type": "Feature", "geometry": {"type": "Polygon", "coordinates": [[[98.15405629030826, 13.75852610315682], [98.15406379311214, 13.758549972020209], [98.15396684027255, 13.758578701490503], [98.15393541190761, 13.758478537173074], [98.15410230751748, 13.7584291636374], [98.15412623314313, 13.758505371310228], [98.15405629030826, 13.75852610315682]]]}, "id": "002200000000000060c2", "properties": {"area_in_meters": 197.4136933747392, "bf_source": "microsoft", "boundary_id": 176, "confidence": null, "geometry_wkt": {"type": "Polygon", "coordinates": [[[98.15405629030826, 13.75852610315682], [98.15406379311214, 13.758549972020209], [98.15396684027255, 13.758578701490503], [98.15393541190761, 13.758478537173074], [98.15410230751748, 13.7584291636374], [98.15412623314313, 13.758505371310228], [98.15405629030826, 13.75852610315682]]]}}}, {"type": "Feature", "geometry": {"type": "Polygon", "coordinates": [[[98.15184758170626, 13.751522140293105], [98.15187434090141, 13.751523447601967], [98.15187158995566, 13.751575453833667], [98.15184483076152, 13.751574058831991], [98.15184758170626, 13.751522140293105]]]}, "id": "00220000000000006230", "properties": {"area_in_meters": 16.740426348342414, "bf_source": "microsoft", "boundary_id": 176, "confidence": null, "geometry_wkt": {"type": "Polygon", "coordinates": [[[98.15184758170626, 13.751522140293105], [98.15187434090141, 13.751523447601967], [98.15187158995566, 13.751575453833667], [98.15184483076152, 13.751574058831991], [98.15184758170626, 13.751522140293105]]]}}}, {"type": "Feature", "geometry": {"type": "Polygon", "coordinates": [[[98.1582852427913, 13.783192235185211], [98.1582139620689, 13.783193810238496], [98.15821304500741, 13.783156035719319], [98.15814226457027, 13.783157594150856], [98.15814059718743, 13.783084671034285], [98.15828265834284, 13.783081537578717], [98.1582852427913, 13.783192235185211]]]}, "id": "002200000000000062d6", "properties": {"area_in_meters": 156.8485561754208, "bf_source": "microsoft", "boundary_id": 176, "confidence": null, "geometry_wkt": {"type": "Polygon", "coordinates": [[[98.1582852427913, 13.783192235185211], [98.1582139620689, 13.783193810238496], [98.15821304500741, 13.783156035719319], [98.15814226457027, 13.783157594150856], [98.15814059718743, 13.783084671034285], [98.15828265834284, 13.783081537578717], [98.1582852427913, 13.783192235185211]]]}}}, {"type": "Feature", "geometry": {"type": "Polygon", "coordinates": [[[98.14880118227025, 13.748003747296364], [98.14891505005255, 13.748000421890916], [98.14891746745249, 13.74807435475152], [98.14880351630792, 13.74807777062493], [98.14880118227025, 13.748003747296364]]]}, "id": "002200000000000066fc", "properties": {"area_in_meters": 101.37102618278251, "bf_source": "microsoft", "boundary_id": 176, "confidence": null, "geometry_wkt": {"type": "Polygon", "coordinates": [[[98.14880118227025, 13.748003747296364], [98.14891505005255, 13.748000421890916], [98.14891746745249, 13.74807435475152], [98.14880351630792, 13.74807777062493], [98.14880118227025, 13.748003747296364]]]}}}, {"type": "Feature", "geometry": {"type": "Polygon", "coordinates": [[[98.1424343718377, 13.743580618136935], [98.1423846945277, 13.743595938204658], [98.14236452354906, 13.743534431283994], [98.14241428419653, 13.743519108481316], [98.1424343718377, 13.743580618136935]]]}, "id": "002200000000000067e4", "properties": {"area_in_meters": 40.437553117091525, "bf_source": "microsoft", "boundary_id": 176, "confidence": null, "geometry_wkt": {"type": "Polygon", "coordinates": [[[98.1424343718377, 13.743580618136935], [98.1423846945277, 13.743595938204658], [98.14236452354906, 13.743534431283994], [98.14241428419653, 13.743519108481316], [98.1424343718377, 13.743580618136935]]]}}}, {"type": "Feature", "geometry": {"type": "Polygon", "coordinates": [[[98.1522056222163, 13.756617115171894], [98.15215993965079, 13.756635727800754], [98.15214410081174, 13.756598804830736], [98.15218970000501, 13.756580282669342], [98.1522056222163, 13.756617115171894]]]}, "id": "002200000000000068ce", "properties": {"area_in_meters": 23.75517747256337, "bf_source": "microsoft", "boundary_id": 176, "confidence": null, "geometry_wkt": {"type": "Polygon", "coordinates": [[[98.1522056222163, 13.756617115171894], [98.15215993965079, 13.756635727800754], [98.15214410081174, 13.756598804830736], [98.15218970000501, 13.756580282669342], [98.1522056222163, 13.756617115171894]]]}}}, {"type": "Feature", "geometry": {"type": "Polygon", "coordinates": [[[98.14341617245545, 13.745573082942718], [98.14334082197846, 13.745586094592452], [98.14332690215328, 13.745510349824386], [98.14340225261589, 13.745497338197818], [98.14341617245545, 13.745573082942718]]]}, "id": "002200000000000069d1", "properties": {"area_in_meters": 70.76512793544627, "bf_source": "microsoft", "boundary_id": 176, "confidence": null, "geometry_wkt": {"type": "Polygon", "coordinates": [[[98.14341617245545, 13.745573082942718], [98.14334082197846, 13.745586094592452], [98.14332690215328, 13.745510349824386], [98.14340225261589, 13.745497338197818], [98.14341617245545, 13.745573082942718]]]}}}, {"type": "Feature", "geometry": {"type": "Polygon", "coordinates": [[[98.15900247245423, 13.799811699454185], [98.15894536394124, 13.799837808289272], [98.15890509621366, 13.799754578428965], [98.15896220469519, 13.79972846962815], [98.15900247245423, 13.799811699454185]]]}, "id": "00220000000000006c24", "properties": {"area_in_meters": 69.63828700380257, "bf_source": "microsoft", "boundary_id": 176, "confidence": null, "geometry_wkt": {"type": "Polygon", "coordinates": [[[98.15900247245423, 13.799811699454185], [98.15894536394124, 13.799837808289272], [98.15890509621366, 13.799754578428965], [98.15896220469519, 13.79972846962815], [98.15900247245423, 13.799811699454185]]]}}}, {"type": "Feature", "geometry": {"type": "Polygon", "coordinates": [[[98.15073620846309, 13.749061896056634], [98.15082582126553, 13.749065071534345], [98.15082215339054, 13.749163935399013], [98.15073254059259, 13.74916075993481], [98.15073620846309, 13.749061896056634]]]}, "id": "00220000000000006d3f", "properties": {"area_in_meters": 106.55181166836836, "bf_source": "microsoft", "boundary_id": 176, "confidence": null, "geometry_wkt": {"type": "Polygon", "coordinates": [[[98.15073620846309, 13.749061896056634], [98.15082582126553, 13.749065071534345], [98.15082215339054, 13.749163935399013], [98.15073254059259, 13.74916075993481], [98.15073620846309, 13.749061896056634]]]}}}, {"type": "Feature", "geometry": {"type": "Polygon", "coordinates": [[[98.15047979141426, 13.754570961072059], [98.15051146837416, 13.754640684744325], [98.15038801166848, 13.754693615422955], [98.15035633476211, 13.754623891691077], [98.15047979141426, 13.754570961072059]]]}, "id": "00220000000000006e0f", "properties": {"area_in_meters": 123.605480505657, "bf_source": "microsoft", "boundary_id": 176, "confidence": null, "geometry_wkt": {"type": "Polygon", "coordinates": [[[98.15047979141426, 13.754570961072059], [98.15051146837416, 13.754640684744325], [98.15038801166848, 13.754693615422955], [98.15035633476211, 13.754623891691077], [98.15047979141426, 13.754570961072059]]]}}}, {"type": "Feature", "geometry": {"type": "Polygon", "coordinates": [[[98.14739168720953, 13.751161283595257], [98.14742603025161, 13.75127537987398], [98.14735184263245, 13.751296423614932], [98.14731758298205, 13.751182324535655], [98.14739168720953, 13.751161283595257]]]}, "id": "00220000000000006e7e", "properties": {"area_in_meters": 110.26108958577072, "bf_source": "microsoft", "boundary_id": 176, "confidence": null, "geometry_wkt": {"type": "Polygon", "coordinates": [[[98.14739168720953, 13.751161283595257], [98.14742603025161, 13.75127537987398], [98.14735184263245, 13.751296423614932], [98.14731758298205, 13.751182324535655], [98.14739168720953, 13.751161283595257]]]}}}, {"type": "Feature", "geometry": {"type": "Polygon", "coordinates": [[[98.15678419383674, 13.772616680558059], [98.15676977124427, 13.772680132734877], [98.15661887608331, 13.772647770129256], [98.15663329864601, 13.772584317960058], [98.15678419383674, 13.772616680558059]]]}, "id": "00220000000000006f25", "properties": {"area_in_meters": 120.45123286739583, "bf_source": "microsoft", "boundary_id": 176, "confidence": null, "geometry_wkt": {"type": "Polygon", "coordinates": [[[98.15678419383674, 13.772616680558059], [98.15676977124427, 13.772680132734877], [98.15661887608331, 13.772647770129256], [98.15663329864601, 13.772584317960058], [98.15678419383674, 13.772616680558059]]]}}}, {"type": "Feature", "geometry": {"type": "Polygon", "coordinates": [[[98.17231314036259, 13.820772876466538], [98.1723701759268, 13.820752990405769], [98.17239577523688, 13.82082215155813], [98.17233873965273, 13.820842037642759], [98.17231314036259, 13.820772876466538]]]}, "id": "00220000000000007011", "properties": {"area_in_meters": 53.46841816590258, "bf_source": "microsoft", "boundary_id": 176, "confidence": null, "geometry_wkt": {"type": "Polygon", "coordinates": [[[98.17231314036259, 13.820772876466538], [98.1723701759268, 13.820752990405769], [98.17239577523688, 13.82082215155813], [98.17233873965273, 13.820842037642759], [98.17231314036259, 13.820772876466538]]]}}}, {"type": "Feature", "geometry": {"type": "Polygon", "coordinates": [[[98.15978282098398, 13.80058882019536], [98.15968919539482, 13.800593421413517], [98.15968552707498, 13.800524766330888], [98.15977915265942, 13.800520165129315], [98.15978282098398, 13.80058882019536]]]}, "id": "0022000000000000701d", "properties": {"area_in_meters": 77.42402450526235, "bf_source": "microsoft", "boundary_id": 176, "confidence": null, "geometry_wkt": {"type": "Polygon", "coordinates": [[[98.15978282098398, 13.80058882019536], [98.15968919539482, 13.800593421413517], [98.15968552707498, 13.800524766330888], [98.15977915265942, 13.800520165129315], [98.15978282098398, 13.80058882019536]]]}}}, {"type": "Feature", "geometry": {"type": "Polygon", "coordinates": [[[98.15958131352004, 13.800177764242374], [98.15973129771528, 13.80013383245502], [98.15975130674734, 13.800198347827795], [98.15960132251105, 13.800242191942194], [98.15958131352004, 13.800177764242374]]]}, "id": "00220000000000007027", "properties": {"area_in_meters": 126.6786192412082, "bf_source": "microsoft", "boundary_id": 176, "confidence": null, "geometry_wkt": {"type": "Polygon", "coordinates": [[[98.15958131352004, 13.800177764242374], [98.15973129771528, 13.80013383245502], [98.15975130674734, 13.800198347827795], [98.15960132251105, 13.800242191942194], [98.15958131352004, 13.800177764242374]]]}}}, {"type": "Feature", "geometry": {"type": "Polygon", "coordinates": [[[98.14761291670045, 13.7511487965852], [98.14756090186917, 13.751172264411519], [98.14753014311616, 13.751108035994307], [98.14758215792554, 13.751084480496832], [98.14761291670045, 13.7511487965852]]]}, "id": "0022000000000000705d", "properties": {"area_in_meters": 48.85195220031984, "bf_source": "microsoft", "boundary_id": 176, "confidence": null, "geometry_wkt": {"type": "Polygon", "coordinates": [[[98.14761291670045, 13.7511487965852], [98.14756090186917, 13.751172264411519], [98.14753014311616, 13.751108035994307], [98.14758215792554, 13.751084480496832], [98.14761291670045, 13.7511487965852]]]}}}, {"type": "Feature", "geometry": {"type": "Polygon", "coordinates": [[[98.15937021899828, 13.7999283542298], [98.15938722659119, 13.799974546952228], [98.15924916506883, 13.800022381012026], [98.1592322408784, 13.799976185482201], [98.15937021899828, 13.7999283542298]]]}, "id": "0022000000000000707a", "properties": {"area_in_meters": 86.32378668185602, "bf_source": "microsoft", "boundary_id": 176, "confidence": null, "geometry_wkt": {"type": "Polygon", "coordinates": [[[98.15937021899828, 13.7999283542298], [98.15938722659119, 13.799974546952228], [98.15924916506883, 13.800022381012026], [98.1592322408784, 13.799976185482201], [98.15937021899828, 13.7999283542298]]]}}}, {"type": "Feature", "geometry": {"type": "Polygon", "coordinates": [[[98.15172604006473, 13.751433116211158], [98.15162167113472, 13.751428061721937], [98.15162483887958, 13.75136569377912], [98.15172912445232, 13.751370663339737], [98.15172604006473, 13.751433116211158]]]}, "id": "002200000000000071a1", "properties": {"area_in_meters": 78.36542444503684, "bf_source": "microsoft", "boundary_id": 176, "confidence": null, "geometry_wkt": {"type": "Polygon", "coordinates": [[[98.15172604006473, 13.751433116211158], [98.15162167113472, 13.751428061721937], [98.15162483887958, 13.75136569377912], [98.15172912445232, 13.751370663339737], [98.15172604006473, 13.751433116211158]]]}}}, {"type": "Feature", "geometry": {"type": "Polygon", "coordinates": [[[98.14664156251118, 13.751513971612072], [98.14670324599383, 13.751492288956488], [98.14673842227349, 13.75158671439817], [98.14667682211717, 13.75160839433398], [98.14664156251118, 13.751513971612072]]]}, "id": "002200000000000072d3", "properties": {"area_in_meters": 79.10025359967477, "bf_source": "microsoft", "boundary_id": 176, "confidence": null, "geometry_wkt": {"type": "Polygon", "coordinates": [[[98.14664156251118, 13.751513971612072], [98.14670324599383, 13.751492288956488], [98.14673842227349, 13.75158671439817], [98.14667682211717, 13.75160839433398], [98.14664156251118, 13.751513971612072]]]}}}, {"type": "Feature", "geometry": {"type": "Polygon", "coordinates": [[[98.15729849033788, 13.77088969782207], [98.15713392173328, 13.77087331267666], [98.15713984086105, 13.77081786141007], [98.15720620181945, 13.770824520594125], [98.15720945317449, 13.770793540161778], [98.15730766083838, 13.770803353838195], [98.15729849033788, 13.77088969782207]]]}, "id": "00220000000000007391", "properties": {"area_in_meters": 147.53501098381926, "bf_source": "microsoft", "boundary_id": 176, "confidence": null, "geometry_wkt": {"type": "Polygon", "coordinates": [[[98.15729849033788, 13.77088969782207], [98.15713392173328, 13.77087331267666], [98.15713984086105, 13.77081786141007], [98.15720620181945, 13.770824520594125], [98.15720945317449, 13.770793540161778], [98.15730766083838, 13.770803353838195], [98.15729849033788, 13.77088969782207]]]}}}, {"type": "Feature", "geometry": {"type": "Polygon", "coordinates": [[[98.14923072981792, 13.7500162314947], [98.14932650934577, 13.750007540206997], [98.14933467853673, 13.750092771885553], [98.14923898235715, 13.750101460442464], [98.14923072981792, 13.7500162314947]]]}, "id": "0022000000000000741d", "properties": {"area_in_meters": 98.83894637077891, "bf_source": "microsoft", "boundary_id": 176, "confidence": null, "geometry_wkt": {"type": "Polygon", "coordinates": [[[98.14923072981792, 13.7500162314947], [98.14932650934577, 13.750007540206997], [98.14933467853673, 13.750092771885553], [98.14923898235715, 13.750101460442464], [98.14923072981792, 13.7500162314947]]]}}}, {"type": "Feature", "geometry": {"type": "Polygon", "coordinates": [[[98.1562017067732, 13.77390179059985], [98.15611767295569, 13.773899663978616], [98.1561188400914, 13.773857963663538], [98.15620287391026, 13.77386009029054], [98.1562017067732, 13.77390179059985]]]}, "id": "00220000000000007585", "properties": {"area_in_meters": 42.07592124553646, "bf_source": "microsoft", "boundary_id": 176, "confidence": null, "geometry_wkt": {"type": "Polygon", "coordinates": [[[98.1562017067732, 13.77390179059985], [98.15611767295569, 13.773899663978616], [98.1561188400914, 13.773857963663538], [98.15620287391026, 13.77386009029054], [98.1562017067732, 13.77390179059985]]]}}}, {"type": "Feature", "geometry": {"type": "Polygon", "coordinates": [[[98.15363271659672, 13.75809180635872], [98.15356735924995, 13.75815018435013], [98.15351383962941, 13.758093723700615], [98.15357928029225, 13.758035342992347], [98.15363271659672, 13.75809180635872]]]}, "id": "00220000000000007611", "properties": {"area_in_meters": 81.86896665499057, "bf_source": "microsoft", "boundary_id": 176, "confidence": null, "geometry_wkt": {"type": "Polygon", "coordinates": [[[98.15363271659672, 13.75809180635872], [98.15356735924995, 13.75815018435013], [98.15351383962941, 13.758093723700615], [98.15357928029225, 13.758035342992347], [98.15363271659672, 13.75809180635872]]]}}}, {"type": "Feature", "geometry": {"type": "Polygon", "coordinates": [[[98.15973204805388, 13.817102116995086], [98.15967577267993, 13.817103549616478], [98.15967477222925, 13.817067084482849], [98.15973104760242, 13.817065739602663], [98.15973204805388, 13.817102116995086]]]}, "id": "002200000000000076dd", "properties": {"area_in_meters": 24.644504925555758, "bf_source": "microsoft", "boundary_id": 176, "confidence": null, "geometry_wkt": {"type": "Polygon", "coordinates": [[[98.15973204805388, 13.817102116995086], [98.15967577267993, 13.817103549616478], [98.15967477222925, 13.817067084482849], [98.15973104760242, 13.817065739602663], [98.15973204805388, 13.817102116995086]]]}}}, {"type": "Feature", "geometry": {"type": "Polygon", "coordinates": [[[98.14913436690357, 13.747209814942993], [98.14932450872772, 13.747203003746549], [98.14932775973207, 13.74728892238961], [98.14913753454061, 13.747295648688478], [98.14913436690357, 13.747209814942993]]]}, "id": "0022000000000000785c", "properties": {"area_in_meters": 196.38311647765312, "bf_source": "microsoft", "boundary_id": 176, "confidence": null, "geometry_wkt": {"type": "Polygon", "coordinates": [[[98.14913436690357, 13.747209814942993], [98.14932450872772, 13.747203003746549], [98.14932775973207, 13.74728892238961], [98.14913753454061, 13.747295648688478], [98.14913436690357, 13.747209814942993]]]}}}, {"type": "Feature", "geometry": {"type": "Polygon", "coordinates": [[[98.1533142668106, 13.756172285588045], [98.15340546668608, 13.75611147504401], [98.15344923266308, 13.756173432009101], [98.15335811609667, 13.756234239847313], [98.1533142668106, 13.756172285588045]]]}, "id": "002200000000000079fe", "properties": {"area_in_meters": 99.80566411626215, "bf_source": "microsoft", "boundary_id": 176, "confidence": null, "geometry_wkt": {"type": "Polygon", "coordinates": [[[98.1533142668106, 13.756172285588045], [98.15340546668608, 13.75611147504401], [98.15344923266308, 13.756173432009101], [98.15335811609667, 13.756234239847313], [98.1533142668106, 13.756172285588045]]]}}}, {"type": "Feature", "geometry": {"type": "Polygon", "coordinates": [[[98.16102455941517, 13.766826237815833], [98.16102272522173, 13.766767449781097], [98.16108166955213, 13.766765671387377], [98.16108350374705, 13.766824459414], [98.16102455941517, 13.766826237815833]]]}, "id": "00220000000000007c87", "properties": {"area_in_meters": 41.6767131924998, "bf_source": "microsoft", "boundary_id": 176, "confidence": null, "geometry_wkt": {"type": "Polygon", "coordinates": [[[98.16102455941517, 13.766826237815833], [98.16102272522173, 13.766767449781097], [98.16108166955213, 13.766765671387377], [98.16108350374705, 13.766824459414], [98.16102455941517, 13.766826237815833]]]}}}, {"type": "Feature", "geometry": {"type": "Polygon", "coordinates": [[[98.1504199386696, 13.752434117793543], [98.1504323593605, 13.752494216939867], [98.15037917547744, 13.752504657647501], [98.15038284333019, 13.752522163156497], [98.15023237815787, 13.75255160622333], [98.1502162896564, 13.752474001503678], [98.1504199386696, 13.752434117793543]]]}, "id": "00220000000000007cb1", "properties": {"area_in_meters": 185.87720308154988, "bf_source": "microsoft", "boundary_id": 176, "confidence": null, "geometry_wkt": {"type": "Polygon", "coordinates": [[[98.1504199386696, 13.752434117793543], [98.1504323593605, 13.752494216939867], [98.15037917547744, 13.752504657647501], [98.15038284333019, 13.752522163156497], [98.15023237815787, 13.75255160622333], [98.1502162896564, 13.752474001503678], [98.1504199386696, 13.752434117793543]]]}}}, {"type": "Feature", "geometry": {"type": "Polygon", "coordinates": [[[98.1571848595951, 13.770178657110463], [98.15719961574175, 13.7700737979337], [98.15731808186311, 13.770089606021246], [98.15730332569255, 13.770194377488542], [98.1571848595951, 13.770178657110463]]]}, "id": "00220000000000007cbb", "properties": {"area_in_meters": 151.97030816009192, "bf_source": "microsoft", "boundary_id": 176, "confidence": null, "geometry_wkt": {"type": "Polygon", "coordinates": [[[98.1571848595951, 13.770178657110463], [98.15719961574175, 13.7700737979337], [98.15731808186311, 13.770089606021246], [98.15730332569255, 13.770194377488542], [98.1571848595951, 13.770178657110463]]]}}}, {"type": "Feature", "geometry": {"type": "Polygon", "coordinates": [[[98.15691658169706, 13.780845935693032], [98.15702854466531, 13.780820645462425], [98.15704630202451, 13.780894788210471], [98.15693433902905, 13.780920078479861], [98.15691658169706, 13.780845935693032]]]}, "id": "00220000000000007e32", "properties": {"area_in_meters": 105.07415354583198, "bf_source": "microsoft", "boundary_id": 176, "confidence": null, "geometry_wkt": {"type": "Polygon", "coordinates": [[[98.15691658169706, 13.780845935693032], [98.15702854466531, 13.780820645462425], [98.15704630202451, 13.780894788210471], [98.15693433902905, 13.780920078479861], [98.15691658169706, 13.780845935693032]]]}}}, {"type": "Feature", "geometry": {"type": "Polygon", "coordinates": [[[98.17012639365984, 13.772867708388642], [98.170068442634, 13.772867614978484], [98.17006860939948, 13.772786832586545], [98.17012656042546, 13.77278692600584], [98.17012639365984, 13.772867708388642]]]}, "id": "00220000000000008298", "properties": {"area_in_meters": 56.21235909038926, "bf_source": "microsoft", "boundary_id": 176, "confidence": null, "geometry_wkt": {"type": "Polygon", "coordinates": [[[98.17012639365984, 13.772867708388642], [98.170068442634, 13.772867614978484], [98.17006860939948, 13.772786832586545], [98.17012656042546, 13.77278692600584], [98.17012639365984, 13.772867708388642]]]}}}, {"type": "Feature", "geometry": {"type": "Polygon", "coordinates": [[[98.16272495989728, 13.823955744263257], [98.16261999164236, 13.823997141537205], [98.1625907272868, 13.823926957864744], [98.16269561212536, 13.823885651154123], [98.16272495989728, 13.823955744263257]]]}, "id": "002200000000000082b9", "properties": {"area_in_meters": 102.88721528563643, "bf_source": "microsoft", "boundary_id": 176, "confidence": null, "geometry_wkt": {"type": "Polygon", "coordinates": [[[98.16272495989728, 13.823955744263257], [98.16261999164236, 13.823997141537205], [98.1625907272868, 13.823926957864744], [98.16269561212536, 13.823885651154123], [98.16272495989728, 13.823955744263257]]]}}}, {"type": "Feature", "geometry": {"type": "Polygon", "coordinates": [[[98.1716445601184, 13.765600317667479], [98.1716870862429, 13.765587329854982], [98.17171168469875, 13.765663163772626], [98.17166915855995, 13.765676151603126], [98.1716445601184, 13.765600317667479]]]}, "id": "002200000000000082ec", "properties": {"area_in_meters": 42.5456365483099, "bf_source": "microsoft", "boundary_id": 176, "confidence": null, "geometry_wkt": {"type": "Polygon", "coordinates": [[[98.1716445601184, 13.765600317667479], [98.1716870862429, 13.765587329854982], [98.17171168469875, 13.765663163772626], [98.17166915855995, 13.765676151603126], [98.1716445601184, 13.765600317667479]]]}}}, {"type": "Feature", "geometry": {"type": "Polygon", "coordinates": [[[98.16789010102639, 13.824102199730929], [98.16789460356036, 13.824153903976175], [98.16784015627019, 13.824158437112843], [98.16783565373959, 13.824106732859192], [98.16789010102639, 13.824102199730929]]]}, "id": "002200000000000085ed", "properties": {"area_in_meters": 34.04894290135863, "bf_source": "microsoft", "boundary_id": 176, "confidence": null, "geometry_wkt": {"type": "Polygon", "coordinates": [[[98.16789010102639, 13.824102199730929], [98.16789460356036, 13.824153903976175], [98.16784015627019, 13.824158437112843], [98.16783565373959, 13.824106732859192], [98.16789010102639, 13.824102199730929]]]}}}, {"type": "Feature", "geometry": {"type": "Polygon", "coordinates": [[[98.15707222944403, 13.780099512626002], [98.15710841113167, 13.780098312848772], [98.15711124564253, 13.78018031791019], [98.15707506395347, 13.78018151769447], [98.15707222944403, 13.780099512626002]]]}, "id": "00220000000000008651", "properties": {"area_in_meters": 35.59608952344373, "bf_source": "microsoft", "boundary_id": 176, "confidence": null, "geometry_wkt": {"type": "Polygon", "coordinates": [[[98.15707222944403, 13.780099512626002], [98.15710841113167, 13.780098312848772], [98.15711124564253, 13.78018031791019], [98.15707506395347, 13.78018151769447], [98.15707222944403, 13.780099512626002]]]}}}, {"type": "Feature", "geometry": {"type": "Polygon", "coordinates": [[[98.16794071285919, 13.766021133099814], [98.16789768863006, 13.76603141819843], [98.16788584863347, 13.76598480297944], [98.16792887285564, 13.76597443018907], [98.16794071285919, 13.766021133099814]]]}, "id": "00220000000000008662", "properties": {"area_in_meters": 25.551227400454746, "bf_source": "microsoft", "boundary_id": 176, "confidence": null, "geometry_wkt": {"type": "Polygon", "coordinates": [[[98.16794071285919, 13.766021133099814], [98.16789768863006, 13.76603141819843], [98.16788584863347, 13.76598480297944], [98.16792887285564, 13.76597443018907], [98.16794071285919, 13.766021133099814]]]}}}, {"type": "Feature", "geometry": {"type": "Polygon", "coordinates": [[[98.15345115003028, 13.756460139558442], [98.1533934623084, 13.7565798265844], [98.1533306894489, 13.75655120967295], [98.15338837712122, 13.756431610375712], [98.15345115003028, 13.756460139558442]]]}, "id": "002200000000000086e0", "properties": {"area_in_meters": 109.9707799901016, "bf_source": "microsoft", "boundary_id": 176, "confidence": null, "geometry_wkt": {"type": "Polygon", "coordinates": [[[98.15345115003028, 13.756460139558442], [98.1533934623084, 13.7565798265844], [98.1533306894489, 13.75655120967295], [98.15338837712122, 13.756431610375712], [98.15345115003028, 13.756460139558442]]]}}}, {"type": "Feature", "geometry": {"type": "Polygon", "coordinates": [[[98.150086081293, 13.750199206347045], [98.14996771025494, 13.750237496310719], [98.14994770390126, 13.750178788890437], [98.15006599154697, 13.750140589417168], [98.150086081293, 13.750199206347045]]]}, "id": "002200000000000086fe", "properties": {"area_in_meters": 92.56674471151322, "bf_source": "microsoft", "boundary_id": 176, "confidence": null, "geometry_wkt": {"type": "Polygon", "coordinates": [[[98.150086081293, 13.750199206347045], [98.14996771025494, 13.750237496310719], [98.14994770390126, 13.750178788890437], [98.15006599154697, 13.750140589417168], [98.150086081293, 13.750199206347045]]]}}}, {"type": "Feature", "geometry": {"type": "Polygon", "coordinates": [[[98.16131069415529, 13.772825256027087], [98.16130419108057, 13.77288028863186], [98.16126450566283, 13.772875815970087], [98.161271008734, 13.772820783364118], [98.16131069415529, 13.772825256027087]]]}, "id": "00220000000000008730", "properties": {"area_in_meters": 26.57975464994783, "bf_source": "microsoft", "boundary_id": 176, "confidence": null, "geometry_wkt": {"type": "Polygon", "coordinates": [[[98.16131069415529, 13.772825256027087], [98.16130419108057, 13.77288028863186], [98.16126450566283, 13.772875815970087], [98.161271008734, 13.772820783364118], [98.16131069415529, 13.772825256027087]]]}}}, {"type": "Feature", "geometry": {"type": "Polygon", "coordinates": [[[98.1606786480206, 13.818968652247985], [98.16051557250051, 13.819036545426602], [98.16048255725543, 13.8189617504456], [98.16064563270191, 13.81889385734962], [98.1606786480206, 13.818968652247985]]]}, "id": "0022000000000000876e", "properties": {"area_in_meters": 173.43842407670874, "bf_source": "microsoft", "boundary_id": 176, "confidence": null, "geometry_wkt": {"type": "Polygon", "coordinates": [[[98.1606786480206, 13.818968652247985], [98.16051557250051, 13.819036545426602], [98.16048255725543, 13.8189617504456], [98.16064563270191, 13.81889385734962], [98.1606786480206, 13.818968652247985]]]}}}, {"type": "Feature", "geometry": {"type": "Polygon", "coordinates": [[[98.15131681801319, 13.753893442885905], [98.1513247373426, 13.753941677002368], [98.15128814171172, 13.75394736002594], [98.15128013902495, 13.753899128660086], [98.15131681801319, 13.753893442885905]]]}, "id": "002200000000000088ae", "properties": {"area_in_meters": 21.768983423296692, "bf_source": "microsoft", "boundary_id": 176, "confidence": null, "geometry_wkt": {"type": "Polygon", "coordinates": [[[98.15131681801319, 13.753893442885905], [98.1513247373426, 13.753941677002368], [98.15128814171172, 13.75394736002594], [98.15128013902495, 13.753899128660086], [98.15131681801319, 13.753893442885905]]]}}}, {"type": "Feature", "geometry": {"type": "Polygon", "coordinates": [[[98.15110983205493, 13.751873992926082], [98.15116876839171, 13.75187221913229], [98.15117193611695, 13.751971122063015], [98.15111299977762, 13.751972895870452], [98.15110983205493, 13.751873992926082]]]}, "id": "002200000000000088e7", "properties": {"area_in_meters": 70.0952235239476, "bf_source": "microsoft", "boundary_id": 176, "confidence": null, "geometry_wkt": {"type": "Polygon", "coordinates": [[[98.15110983205493, 13.751873992926082], [98.15116876839171, 13.75187221913229], [98.15117193611695, 13.751971122063015], [98.15111299977762, 13.751972895870452], [98.15110983205493, 13.751873992926082]]]}}}, {"type": "Feature", "geometry": {"type": "Polygon", "coordinates": [[[98.14306551000085, 13.744994759656434], [98.1429846586636, 13.74502943723197], [98.14295598563356, 13.744966193682036], [98.14303675358713, 13.744931518894512], [98.14306551000085, 13.744994759656434]]]}, "id": "002200000000000089d2", "properties": {"area_in_meters": 73.33415351785142, "bf_source": "microsoft", "boundary_id": 176, "confidence": null, "geometry_wkt": {"type": "Polygon", "coordinates": [[[98.14306551000085, 13.744994759656434], [98.1429846586636, 13.74502943723197], [98.14295598563356, 13.744966193682036], [98.14303675358713, 13.744931518894512], [98.14306551000085, 13.744994759656434]]]}}}, {"type": "Feature", "geometry": {"type": "Polygon", "coordinates": [[[98.15011008896356, 13.748898003436091], [98.1501143403227, 13.748990028480618], [98.15004748564473, 13.748993028066783], [98.15004315092956, 13.748901005762793], [98.15011008896356, 13.748898003436091]]]}, "id": "00220000000000008a36", "properties": {"area_in_meters": 74.12992085832096, "bf_source": "microsoft", "boundary_id": 176, "confidence": null, "geometry_wkt": {"type": "Polygon", "coordinates": [[[98.15011008896356, 13.748898003436091], [98.1501143403227, 13.748990028480618], [98.15004748564473, 13.748993028066783], [98.15004315092956, 13.748901005762793], [98.15011008896356, 13.748898003436091]]]}}}, {"type": "Feature", "geometry": {"type": "Polygon", "coordinates": [[[98.15956572318498, 13.812919169289906], [98.15965676411898, 13.812916318286735], [98.1596596820995, 13.813004832456546], [98.15956864116187, 13.813007683478688], [98.15956572318498, 13.812919169289906]]]}, "id": "00220000000000008af1", "properties": {"area_in_meters": 96.8676232410481, "bf_source": "microsoft", "boundary_id": 176, "confidence": null, "geometry_wkt": {"type": "Polygon", "coordinates": [[[98.15956572318498, 13.812919169289906], [98.15965676411898, 13.812916318286735], [98.1596596820995, 13.813004832456546], [98.15956864116187, 13.813007683478688], [98.15956572318498, 13.812919169289906]]]}}}, {"type": "Feature", "geometry": {"type": "Polygon", "coordinates": [[[98.14976381242366, 13.750678500192231], [98.14971004551063, 13.75068983665407], [98.14967770202233, 13.750545596390912], [98.1499132763138, 13.75049571403501], [98.14993778408626, 13.750605135480868], [98.14975597662301, 13.750643681499636], [98.14976381242366, 13.750678500192231]]]}, "id": "00220000000000008b4b", "properties": {"area_in_meters": 347.88404012508425, "bf_source": "microsoft", "boundary_id": 176, "confidence": null, "geometry_wkt": {"type": "Polygon", "coordinates": [[[98.14976381242366, 13.750678500192231], [98.14971004551063, 13.75068983665407], [98.14967770202233, 13.750545596390912], [98.1499132763138, 13.75049571403501], [98.14993778408626, 13.750605135480868], [98.14975597662301, 13.750643681499636], [98.14976381242366, 13.750678500192231]]]}}}, {"type": "Feature", "geometry": {"type": "Polygon", "coordinates": [[[98.15594568737838, 13.776294571713361], [98.15603530656958, 13.776296425189313], [98.15603405606848, 13.776353741486874], [98.15594443687883, 13.776351888019708], [98.15594568737838, 13.776294571713361]]]}, "id": "00220000000000008b73", "properties": {"area_in_meters": 61.6594973399457, "bf_source": "microsoft", "boundary_id": 176, "confidence": null, "geometry_wkt": {"type": "Polygon", "coordinates": [[[98.15594568737838, 13.776294571713361], [98.15603530656958, 13.776296425189313], [98.15603405606848, 13.776353741486874], [98.15594443687883, 13.776351888019708], [98.15594568737838, 13.776294571713361]]]}}}, {"type": "Feature", "geometry": {"type": "Polygon", "coordinates": [[[98.15670541150216, 13.772446419642929], [98.15672958808258, 13.772367470906133], [98.15685772409228, 13.772404446863527], [98.15683354746947, 13.772483483326171], [98.15670541150216, 13.772446419642929]]]}, "id": "00220000000000008cce", "properties": {"area_in_meters": 132.28138167286323, "bf_source": "microsoft", "boundary_id": 176, "confidence": null, "geometry_wkt": {"type": "Polygon", "coordinates": [[[98.15670541150216, 13.772446419642929], [98.15672958808258, 13.772367470906133], [98.15685772409228, 13.772404446863527], [98.15683354746947, 13.772483483326171], [98.15670541150216, 13.772446419642929]]]}}}, {"type": "Feature", "geometry": {"type": "Polygon", "coordinates": [[[98.14979098765366, 13.748388445499831], [98.14987134636841, 13.748391225834606], [98.1498668449443, 13.74851353094938], [98.14978648623449, 13.74851075062967], [98.14979098765366, 13.748388445499831]]]}, "id": "00220000000000008d90", "properties": {"area_in_meters": 118.1878482875213, "bf_source": "microsoft", "boundary_id": 176, "confidence": null, "geometry_wkt": {"type": "Polygon", "coordinates": [[[98.14979098765366, 13.748388445499831], [98.14987134636841, 13.748391225834606], [98.1498668449443, 13.74851353094938], [98.14978648623449, 13.74851075062967], [98.14979098765366, 13.748388445499831]]]}}}, {"type": "Feature", "geometry": {"type": "Polygon", "coordinates": [[[98.15962199847421, 13.801898649756094], [98.15976331216922, 13.801855092624043], [98.15978265424195, 13.801914191864967], [98.15964134050954, 13.801957749043805], [98.15962199847421, 13.801898649756094]]]}, "id": "00220000000000008f8e", "properties": {"area_in_meters": 110.50714912688964, "bf_source": "microsoft", "boundary_id": 176, "confidence": null, "geometry_wkt": {"type": "Polygon", "coordinates": [[[98.15962199847421, 13.801898649756094], [98.15976331216922, 13.801855092624043], [98.15978265424195, 13.801914191864967], [98.15964134050954, 13.801957749043805], [98.15962199847421, 13.801898649756094]]]}}}, {"type": "Feature", "geometry": {"type": "Polygon", "coordinates": [[[98.15880621944456, 13.799975508838452], [98.15872251611215, 13.800014870212696], [98.15867257761587, 13.799914679441004], [98.15875636426092, 13.799875315359644], [98.15880621944456, 13.799975508838452]]]}, "id": "00220000000000008fe5", "properties": {"area_in_meters": 124.31227772307031, "bf_source": "microsoft", "boundary_id": 176, "confidence": null, "geometry_wkt": {"type": "Polygon", "coordinates": [[[98.15880621944456, 13.799975508838452], [98.15872251611215, 13.800014870212696], [98.15867257761587, 13.799914679441004], [98.15875636426092, 13.799875315359644], [98.15880621944456, 13.799975508838452]]]}}}, {"type": "Feature", "geometry": {"type": "Polygon", "coordinates": [[[98.14944146161679, 13.741839411034142], [98.14948439162663, 13.74183939549217], [98.14948439162663, 13.741873331002857], [98.14944146161679, 13.741873258859021], [98.14944146161679, 13.741839411034142]]]}, "id": "002200000000000091e3", "properties": {"area_in_meters": 17.45799952715235, "bf_source": "microsoft", "boundary_id": 176, "confidence": null, "geometry_wkt": {"type": "Polygon", "coordinates": [[[98.14944146161679, 13.741839411034142], [98.14948439162663, 13.74183939549217], [98.14948439162663, 13.741873331002857], [98.14944146161679, 13.741873258859021], [98.14944146161679, 13.741839411034142]]]}}}, {"type": "Feature", "geometry": {"type": "Polygon", "coordinates": [[[98.15881655731297, 13.797030605885586], [98.15882172624774, 13.797078155847291], [98.15878087499912, 13.79708240716958], [98.15877570606726, 13.797034857201595], [98.15881655731297, 13.797030605885586]]]}, "id": "0022000000000000943e", "properties": {"area_in_meters": 23.589811048724087, "bf_source": "microsoft", "boundary_id": 176, "confidence": null, "geometry_wkt": {"type": "Polygon", "coordinates": [[[98.15881655731297, 13.797030605885586], [98.15882172624774, 13.797078155847291], [98.15878087499912, 13.79708240716958], [98.15877570606726, 13.797034857201595], [98.15881655731297, 13.797030605885586]]]}}}, {"type": "Feature", "geometry": {"type": "Polygon", "coordinates": [[[98.15488368748777, 13.759243630651891], [98.15472395950414, 13.759320042437281], [98.1546803594941, 13.759234137263467], [98.15484000401706, 13.759157640640854], [98.15488368748777, 13.759243630651891]]]}, "id": "002200000000000094c5", "properties": {"area_in_meters": 204.80727321995312, "bf_source": "microsoft", "boundary_id": 176, "confidence": null, "geometry_wkt": {"type": "Polygon", "coordinates": [[[98.15488368748777, 13.759243630651891], [98.15472395950414, 13.759320042437281], [98.1546803594941, 13.759234137263467], [98.15484000401706, 13.759157640640854], [98.15488368748777, 13.759243630651891]]]}}}, {"type": "Feature", "geometry": {"type": "Polygon", "coordinates": [[[98.15650949812824, 13.774670619926816], [98.15650366241877, 13.774706247858536], [98.15641996172282, 13.774693322192945], [98.15642571405841, 13.774657784733602], [98.15650949812824, 13.774670619926816]]]}, "id": "002200000000000094cc", "properties": {"area_in_meters": 36.67137010009206, "bf_source": "microsoft", "boundary_id": 176, "confidence": null, "geometry_wkt": {"type": "Polygon", "coordinates": [[[98.15650949812824, 13.774670619926816], [98.15650366241877, 13.774706247858536], [98.15641996172282, 13.774693322192945], [98.15642571405841, 13.774657784733602], [98.15650949812824, 13.774670619926816]]]}}}, {"type": "Feature", "geometry": {"type": "Polygon", "coordinates": [[[98.16917441837835, 13.820385473666585], [98.16913014269878, 13.82038773763379], [98.16912780801209, 13.820343595897134], [98.16917208369024, 13.820341331934992], [98.16917441837835, 13.820385473666585]]]}, "id": "002200000000000094ce", "properties": {"area_in_meters": 23.52834814591358, "bf_source": "microsoft", "boundary_id": 176, "confidence": null, "geometry_wkt": {"type": "Polygon", "coordinates": [[[98.16917441837835, 13.820385473666585], [98.16913014269878, 13.82038773763379], [98.16912780801209, 13.820343595897134], [98.16917208369024, 13.820341331934992], [98.16917441837835, 13.820385473666585]]]}}}, {"type": "Feature", "geometry": {"type": "Polygon", "coordinates": [[[98.15708356748247, 13.77176687231229], [98.15716651862603, 13.771797627317094], [98.15714325894915, 13.771856723449933], [98.15706039119989, 13.77182596566781], [98.15708356748247, 13.77176687231229]]]}, "id": "002200000000000094f3", "properties": {"area_in_meters": 67.44169286260848, "bf_source": "microsoft", "boundary_id": 176, "confidence": null, "geometry_wkt": {"type": "Polygon", "coordinates": [[[98.15708356748247, 13.77176687231229], [98.15716651862603, 13.771797627317094], [98.15714325894915, 13.771856723449933], [98.15706039119989, 13.77182596566781], [98.15708356748247, 13.77176687231229]]]}}}, {"type": "Feature", "geometry": {"type": "Polygon", "coordinates": [[[98.15433881308793, 13.756535824698656], [98.15437249247711, 13.75655821297884], [98.1543019658532, 13.756658329969289], [98.15426828649652, 13.756635853967088], [98.15433881308793, 13.756535824698656]]]}, "id": "0022000000000000953a", "properties": {"area_in_meters": 59.49363640244449, "bf_source": "microsoft", "boundary_id": 176, "confidence": null, "geometry_wkt": {"type": "Polygon", "coordinates": [[[98.15433881308793, 13.756535824698656], [98.15437249247711, 13.75655821297884], [98.1543019658532, 13.756658329969289], [98.15426828649652, 13.756635853967088], [98.15433881308793, 13.756535824698656]]]}}}, {"type": "Feature", "geometry": {"type": "Polygon", "coordinates": [[[98.15629582809822, 13.773335494901886], [98.15611400481507, 13.7733035430251], [98.1561257595391, 13.77324044203002], [98.15630758285148, 13.773272481611823], [98.15629582809822, 13.773335494901886]]]}, "id": "002200000000000096b5", "properties": {"area_in_meters": 142.1816026839959, "bf_source": "microsoft", "boundary_id": 176, "confidence": null, "geometry_wkt": {"type": "Polygon", "coordinates": [[[98.15629582809822, 13.773335494901886], [98.15611400481507, 13.7733035430251], [98.1561257595391, 13.77324044203002], [98.15630758285148, 13.773272481611823], [98.15629582809822, 13.773335494901886]]]}}}, {"type": "Feature", "geometry": {"type": "Polygon", "coordinates": [[[98.15975505844148, 13.798881997425932], [98.15981400174998, 13.798883636474505], [98.15981625276837, 13.798808118620626], [98.15990045757981, 13.798810409971987], [98.15989637239365, 13.79895362436937], [98.15975305753791, 13.798949699533543], [98.15975505844148, 13.798881997425932]]]}, "id": "0022000000000000984e", "properties": {"area_in_meters": 192.9438341602226, "bf_source": "microsoft", "boundary_id": 176, "confidence": null, "geometry_wkt": {"type": "Polygon", "coordinates": [[[98.15975505844148, 13.798881997425932], [98.15981400174998, 13.798883636474505], [98.15981625276837, 13.798808118620626], [98.15990045757981, 13.798810409971987], [98.15989637239365, 13.79895362436937], [98.15975305753791, 13.798949699533543], [98.15975505844148, 13.798881997425932]]]}}}, {"type": "Feature", "geometry": {"type": "Polygon", "coordinates": [[[98.1609006680889, 13.819360825035607], [98.16092718048158, 13.819429256058104], [98.16079795350112, 13.819476458315293], [98.16077144115529, 13.81940802723775], [98.1609006680889, 13.819360825035607]]]}, "id": "00220000000000009919", "properties": {"area_in_meters": 121.26172804571993, "bf_source": "microsoft", "boundary_id": 176, "confidence": null, "geometry_wkt": {"type": "Polygon", "coordinates": [[[98.1609006680889, 13.819360825035607], [98.16092718048158, 13.819429256058104], [98.16079795350112, 13.819476458315293], [98.16077144115529, 13.81940802723775], [98.1609006680889, 13.819360825035607]]]}}}, {"type": "Feature", "geometry": {"type": "Polygon", "coordinates": [[[98.15170278211933, 13.756205698874384], [98.15177222253021, 13.756191737652095], [98.15179781463107, 13.756311650802912], [98.15172837419586, 13.756325612061746], [98.15170278211933, 13.756205698874384]]]}, "id": "00220000000000009a2f", "properties": {"area_in_meters": 104.29046121556586, "bf_source": "microsoft", "boundary_id": 176, "confidence": null, "geometry_wkt": {"type": "Polygon", "coordinates": [[[98.15170278211933, 13.756205698874384], [98.15177222253021, 13.756191737652095], [98.15179781463107, 13.756311650802912], [98.15172837419586, 13.756325612061746], [98.15170278211933, 13.756205698874384]]]}}}, {"type": "Feature", "geometry": {"type": "Polygon", "coordinates": [[[98.15526500194571, 13.777731033349527], [98.15539371894992, 13.777728345535538], [98.15539530290411, 13.777799865527795], [98.15526658589708, 13.777802553362285], [98.15526500194571, 13.777731033349527]]]}, "id": "00220000000000009aa8", "properties": {"area_in_meters": 110.4937601841263, "bf_source": "microsoft", "boundary_id": 176, "confidence": null, "geometry_wkt": {"type": "Polygon", "coordinates": [[[98.15526500194571, 13.777731033349527], [98.15539371894992, 13.777728345535538], [98.15539530290411, 13.777799865527795], [98.15526658589708, 13.777802553362285], [98.15526500194571, 13.777731033349527]]]}}}, {"type": "Feature", "geometry": {"type": "Polygon", "coordinates": [[[98.14725681590448, 13.75031001471727], [98.14717195880806, 13.750327201432357], [98.14715270342957, 13.750237249311121], [98.14723756050361, 13.750220150324223], [98.14725681590448, 13.75031001471727]]]}, "id": "00220000000000009b4d", "properties": {"area_in_meters": 95.57786554336772, "bf_source": "microsoft", "boundary_id": 176, "confidence": null, "geometry_wkt": {"type": "Polygon", "coordinates": [[[98.14725681590448, 13.75031001471727], [98.14717195880806, 13.750327201432357], [98.14715270342957, 13.750237249311121], [98.14723756050361, 13.750220150324223], [98.14725681590448, 13.75031001471727]]]}}}, {"type": "Feature", "geometry": {"type": "Polygon", "coordinates": [[[98.15066960329789, 13.75063820118335], [98.1506024146696, 13.750656295636636], [98.15058649280769, 13.750600610102612], [98.15065376478194, 13.750582512912125], [98.15066960329789, 13.75063820118335]]]}, "id": "00220000000000009b50", "properties": {"area_in_meters": 48.40476891742649, "bf_source": "microsoft", "boundary_id": 176, "confidence": null, "geometry_wkt": {"type": "Polygon", "coordinates": [[[98.15066960329789, 13.75063820118335], [98.1506024146696, 13.750656295636636], [98.15058649280769, 13.750600610102612], [98.15065376478194, 13.750582512912125], [98.15066960329789, 13.75063820118335]]]}}}, {"type": "Feature", "geometry": {"type": "Polygon", "coordinates": [[[98.15523699102144, 13.775113188397679], [98.15534678390205, 13.775108584910376], [98.15535045200417, 13.775190559599114], [98.15524065911806, 13.775195250818523], [98.15523699102144, 13.775113188397679]]]}, "id": "00220000000000009bda", "properties": {"area_in_meters": 108.34653768862206, "bf_source": "microsoft", "boundary_id": 176, "confidence": null, "geometry_wkt": {"type": "Polygon", "coordinates": [[[98.15523699102144, 13.775113188397679], [98.15534678390205, 13.775108584910376], [98.15535045200417, 13.775190559599114], [98.15524065911806, 13.775195250818523], [98.15523699102144, 13.775113188397679]]]}}}, {"type": "Feature", "geometry": {"type": "Polygon", "coordinates": [[[98.15830033263734, 13.795634965169873], [98.158348436753, 13.79563792972395], [98.15834410154545, 13.795705356953198], [98.15829599743263, 13.795702392403012], [98.15830033263734, 13.795634965169873]]]}, "id": "00220000000000009cbf", "properties": {"area_in_meters": 39.10759819499536, "bf_source": "microsoft", "boundary_id": 176, "confidence": null, "geometry_wkt": {"type": "Polygon", "coordinates": [[[98.15830033263734, 13.795634965169873], [98.158348436753, 13.79563792972395], [98.15834410154545, 13.795705356953198], [98.15829599743263, 13.795702392403012], [98.15830033263734, 13.795634965169873]]]}}}, {"type": "Feature", "geometry": {"type": "Polygon", "coordinates": [[[98.15609549738107, 13.776021037307169], [98.15609749818454, 13.776084736260408], [98.1559877041762, 13.776088024715184], [98.15598570337576, 13.776024325745599], [98.15609549738107, 13.776021037307169]]]}, "id": "00220000000000009cf9", "properties": {"area_in_meters": 84.0896645897448, "bf_source": "microsoft", "boundary_id": 176, "confidence": null, "geometry_wkt": {"type": "Polygon", "coordinates": [[[98.15609549738107, 13.776021037307169], [98.15609749818454, 13.776084736260408], [98.1559877041762, 13.776088024715184], [98.15598570337576, 13.776024325745599], [98.15609549738107, 13.776021037307169]]]}}}, {"type": "Feature", "geometry": {"type": "Polygon", "coordinates": [[[98.14888587454237, 13.741957821852894], [98.148987988879, 13.74194234677089], [98.14900149298971, 13.742026257220603], [98.14889937863421, 13.742041820024136], [98.14888587454237, 13.741957821852894]]]}, "id": "00220000000000009d49", "properties": {"area_in_meters": 105.44573484941093, "bf_source": "microsoft", "boundary_id": 176, "confidence": null, "geometry_wkt": {"type": "Polygon", "coordinates": [[[98.14888587454237, 13.741957821852894], [98.148987988879, 13.74194234677089], [98.14900149298971, 13.742026257220603], [98.14889937863421, 13.742041820024136], [98.14888587454237, 13.741957821852894]]]}}}, {"type": "Feature", "geometry": {"type": "Polygon", "coordinates": [[[98.15087692145232, 13.75179233453423], [98.15083190660401, 13.751884675298312], [98.15076621831957, 13.751854400520232], [98.15081123312743, 13.7517620597817], [98.15087692145232, 13.75179233453423]]]}, "id": "00220000000000009e21", "properties": {"area_in_meters": 89.2017650342322, "bf_source": "microsoft", "boundary_id": 176, "confidence": null, "geometry_wkt": {"type": "Polygon", "coordinates": [[[98.15087692145232, 13.75179233453423], [98.15083190660401, 13.751884675298312], [98.15076621831957, 13.751854400520232], [98.15081123312743, 13.7517620597817], [98.15087692145232, 13.75179233453423]]]}}}, {"type": "Feature", "geometry": {"type": "Polygon", "coordinates": [[[98.15974705482758, 13.816484743793973], [98.15974472044036, 13.816419721219583], [98.15985285266954, 13.816416125660504], [98.15985518706022, 13.816481235954258], [98.15974705482758, 13.816484743793973]]]}, "id": "00220000000000009e8b", "properties": {"area_in_meters": 84.54484275181768, "bf_source": "microsoft", "boundary_id": 176, "confidence": null, "geometry_wkt": {"type": "Polygon", "coordinates": [[[98.15974705482758, 13.816484743793973], [98.15974472044036, 13.816419721219583], [98.15985285266954, 13.816416125660504], [98.15985518706022, 13.816481235954258], [98.15974705482758, 13.816484743793973]]]}}}, {"type": "Feature", "geometry": {"type": "Polygon", "coordinates": [[[98.1473205838267, 13.752648672785266], [98.14726923605751, 13.752654141207495], [98.14726490150721, 13.752615522788394], [98.14731624927335, 13.752610054372642], [98.1473205838267, 13.752648672785266]]]}, "id": "00220000000000009eeb", "properties": {"area_in_meters": 24.081364387781562, "bf_source": "microsoft", "boundary_id": 176, "confidence": null, "geometry_wkt": {"type": "Polygon", "coordinates": [[[98.1473205838267, 13.752648672785266], [98.14726923605751, 13.752654141207495], [98.14726490150721, 13.752615522788394], [98.14731624927335, 13.752610054372642], [98.1473205838267, 13.752648672785266]]]}}}, {"type": "Feature", "geometry": {"type": "Polygon", "coordinates": [[[98.15008391393424, 13.750865316250682], [98.15009733488759, 13.750941166727676], [98.1500192266409, 13.750954272820868], [98.15000572234204, 13.750878337382018], [98.15008391393424, 13.750865316250682]]]}, "id": "00220000000000009f13", "properties": {"area_in_meters": 73.35382127518677, "bf_source": "microsoft", "boundary_id": 176, "confidence": null, "geometry_wkt": {"type": "Polygon", "coordinates": [[[98.15008391393424, 13.750865316250682], [98.15009733488759, 13.750941166727676], [98.1500192266409, 13.750954272820868], [98.15000572234204, 13.750878337382018], [98.15008391393424, 13.750865316250682]]]}}}, {"type": "Feature", "geometry": {"type": "Polygon", "coordinates": [[[98.15866365705334, 13.770497048085657], [98.15859704466291, 13.770502413360179], [98.15859395998548, 13.770466117597051], [98.1586605723731, 13.770460752329681], [98.15866365705334, 13.770497048085657]]]}, "id": "00220000000000009f74", "properties": {"area_in_meters": 29.168451791212103, "bf_source": "microsoft", "boundary_id": 176, "confidence": null, "geometry_wkt": {"type": "Polygon", "coordinates": [[[98.15866365705334, 13.770497048085657], [98.15859704466291, 13.770502413360179], [98.15859395998548, 13.770466117597051], [98.1586605723731, 13.770460752329681], [98.15866365705334, 13.770497048085657]]]}}}, {"type": "Feature", "geometry": {"type": "Polygon", "coordinates": [[[98.15695918262753, 13.772436342780075], [98.15694375958722, 13.772485093127157], [98.1569030761235, 13.772472934490319], [98.15691858252298, 13.772424181384094], [98.15695918262753, 13.772436342780075]]]}, "id": "00220000000000009fac", "properties": {"area_in_meters": 26.065056896976767, "bf_source": "microsoft", "boundary_id": 176, "confidence": null, "geometry_wkt": {"type": "Polygon", "coordinates": [[[98.15695918262753, 13.772436342780075], [98.15694375958722, 13.772485093127157], [98.1569030761235, 13.772472934490319], [98.15691858252298, 13.772424181384094], [98.15695918262753, 13.772436342780075]]]}}}, {"type": "Feature", "geometry": {"type": "Polygon", "coordinates": [[[98.15967277132788, 13.799418360028113], [98.1595510499315, 13.799413016196377], [98.1595538011663, 13.799354412295697], [98.15967543919638, 13.79935975890655], [98.15967277132788, 13.799418360028113]]]}, "id": "0022000000000000a030", "properties": {"area_in_meters": 85.86415793364174, "bf_source": "microsoft", "boundary_id": 176, "confidence": null, "geometry_wkt": {"type": "Polygon", "coordinates": [[[98.15967277132788, 13.799418360028113], [98.1595510499315, 13.799413016196377], [98.1595538011663, 13.799354412295697], [98.15967543919638, 13.79935975890655], [98.15967277132788, 13.799418360028113]]]}}}, {"type": "Feature", "geometry": {"type": "Polygon", "coordinates": [[[98.1501981171564, 13.751593352612716], [98.1503037344558, 13.751591175439726], [98.15030515157925, 13.751656285954127], [98.15019953427779, 13.751658463142405], [98.1501981171564, 13.751593352612716]]]}, "id": "0022000000000000a137", "properties": {"area_in_meters": 82.60102580130447, "bf_source": "microsoft", "boundary_id": 176, "confidence": null, "geometry_wkt": {"type": "Polygon", "coordinates": [[[98.1501981171564, 13.751593352612716], [98.1503037344558, 13.751591175439726], [98.15030515157925, 13.751656285954127], [98.15019953427779, 13.751658463142405], [98.1501981171564, 13.751593352612716]]]}}}, {"type": "Feature", "geometry": {"type": "Polygon", "coordinates": [[[98.14902174916045, 13.746649677181125], [98.14902258274785, 13.746743480011459], [98.14890721434296, 13.746744399377068], [98.14890638075687, 13.74665068421629], [98.14902174916045, 13.746649677181125]]]}, "id": "0022000000000000a204", "properties": {"area_in_meters": 129.91233145537117, "bf_source": "microsoft", "boundary_id": 176, "confidence": null, "geometry_wkt": {"type": "Polygon", "coordinates": [[[98.14902174916045, 13.746649677181125], [98.14902258274785, 13.746743480011459], [98.14890721434296, 13.746744399377068], [98.14890638075687, 13.74665068421629], [98.14902174916045, 13.746649677181125]]]}}}, {"type": "Feature", "geometry": {"type": "Polygon", "coordinates": [[[98.15969119629663, 13.81654933252256], [98.15962149824922, 13.816548316091273], [98.15962241532836, 13.816485817439387], [98.15969211337665, 13.81648683387847], [98.15969119629663, 13.81654933252256]]]}, "id": "0022000000000000a23d", "properties": {"area_in_meters": 52.330281863546865, "bf_source": "microsoft", "boundary_id": 176, "confidence": null, "geometry_wkt": {"type": "Polygon", "coordinates": [[[98.15969119629663, 13.81654933252256], [98.15962149824922, 13.816548316091273], [98.15962241532836, 13.816485817439387], [98.15969211337665, 13.81648683387847], [98.15969119629663, 13.81654933252256]]]}}}, {"type": "Feature", "geometry": {"type": "Polygon", "coordinates": [[[98.16279149267379, 13.825086089336224], [98.16270836839978, 13.82508824176586], [98.16270486667717, 13.824958062589417], [98.16278790757276, 13.824956000700626], [98.16279149267379, 13.825086089336224]]]}, "id": "0022000000000000a550", "properties": {"area_in_meters": 129.9140394440578, "bf_source": "microsoft", "boundary_id": 176, "confidence": null, "geometry_wkt": {"type": "Polygon", "coordinates": [[[98.16279149267379, 13.825086089336224], [98.16270836839978, 13.82508824176586], [98.16270486667717, 13.824958062589417], [98.16278790757276, 13.824956000700626], [98.16279149267379, 13.825086089336224]]]}}}, {"type": "Feature", "geometry": {"type": "Polygon", "coordinates": [[[98.15617252835341, 13.773123731168877], [98.15617703016598, 13.772917994128703], [98.15626548250277, 13.772919886735652], [98.15626098068475, 13.773125536036623], [98.15617252835341, 13.773123731168877]]]}, "id": "0022000000000000a62b", "properties": {"area_in_meters": 218.65461364740105, "bf_source": "microsoft", "boundary_id": 176, "confidence": null, "geometry_wkt": {"type": "Polygon", "coordinates": [[[98.15617252835341, 13.773123731168877], [98.15617703016598, 13.772917994128703], [98.15626548250277, 13.772919886735652], [98.15626098068475, 13.773125536036623], [98.15617252835341, 13.773123731168877]]]}}}, {"type": "Feature", "geometry": {"type": "Polygon", "coordinates": [[[98.14899882551086, 13.749369701535208], [98.14899615803208, 13.749300599389166], [98.14910719191785, 13.749296490317414], [98.14910985940067, 13.74936568013857], [98.14899882551086, 13.749369701535208]]]}, "id": "0022000000000000a64a", "properties": {"area_in_meters": 92.29799463732667, "bf_source": "microsoft", "boundary_id": 176, "confidence": null, "geometry_wkt": {"type": "Polygon", "coordinates": [[[98.14899882551086, 13.749369701535208], [98.14899615803208, 13.749300599389166], [98.14910719191785, 13.749296490317414], [98.14910985940067, 13.74936568013857], [98.14899882551086, 13.749369701535208]]]}}}, {"type": "Feature", "geometry": {"type": "Polygon", "coordinates": [[[98.15000872329712, 13.751095019248913], [98.14989160278039, 13.751114852405024], [98.14987843194397, 13.75104153666621], [98.14999563579946, 13.751021700788213], [98.15000872329712, 13.751095019248913]]]}, "id": "0022000000000000a6a0", "properties": {"area_in_meters": 106.29275822972987, "bf_source": "microsoft", "boundary_id": 176, "confidence": null, "geometry_wkt": {"type": "Polygon", "coordinates": [[[98.15000872329712, 13.751095019248913], [98.14989160278039, 13.751114852405024], [98.14987843194397, 13.75104153666621], [98.14999563579946, 13.751021700788213], [98.15000872329712, 13.751095019248913]]]}}}, {"type": "Feature", "geometry": {"type": "Polygon", "coordinates": [[[98.15235717516559, 13.757762088642654], [98.15225597310628, 13.75779516734459], [98.15223196473057, 13.757725715116797], [98.15233325011914, 13.757692721395863], [98.15235717516559, 13.757762088642654]]]}, "id": "0022000000000000a7c2", "properties": {"area_in_meters": 93.85623695845364, "bf_source": "microsoft", "boundary_id": 176, "confidence": null, "geometry_wkt": {"type": "Polygon", "coordinates": [[[98.15235717516559, 13.757762088642654], [98.15225597310628, 13.75779516734459], [98.15223196473057, 13.757725715116797], [98.15233325011914, 13.757692721395863], [98.15235717516559, 13.757762088642654]]]}}}, {"type": "Feature", "geometry": {"type": "Polygon", "coordinates": [[[98.15655151525017, 13.778626898464385], [98.15646156195713, 13.778658737965886], [98.15642829844123, 13.778570111635675], [98.15651833506061, 13.778538269418933], [98.15655151525017, 13.778626898464385]]]}, "id": "0022000000000000a820", "properties": {"area_in_meters": 108.46896934904993, "bf_source": "microsoft", "boundary_id": 176, "confidence": null, "geometry_wkt": {"type": "Polygon", "coordinates": [[[98.15655151525017, 13.778626898464385], [98.15646156195713, 13.778658737965886], [98.15642829844123, 13.778570111635675], [98.15651833506061, 13.778538269418933], [98.15655151525017, 13.778626898464385]]]}}}, {"type": "Feature", "geometry": {"type": "Polygon", "coordinates": [[[98.15961991420347, 13.796604964365361], [98.15956805756649, 13.79662370463567], [98.15953395892973, 13.796534394437671], [98.15958581554253, 13.796515654196], [98.15961991420347, 13.796604964365361]]]}, "id": "0022000000000000a82b", "properties": {"area_in_meters": 63.266991470450854, "bf_source": "microsoft", "boundary_id": 176, "confidence": null, "geometry_wkt": {"type": "Polygon", "coordinates": [[[98.15961991420347, 13.796604964365361], [98.15956805756649, 13.79662370463567], [98.15953395892973, 13.796534394437671], [98.15958581554253, 13.796515654196], [98.15961991420347, 13.796604964365361]]]}}}, {"type": "Feature", "geometry": {"type": "Polygon", "coordinates": [[[98.14707651553155, 13.748323302957818], [98.14693322581614, 13.748361712637776], [98.14686454021162, 13.748119493485902], [98.14706017765567, 13.748067164669166], [98.14707876615759, 13.748132583353094], [98.14702641828087, 13.748146590379656], [98.14707651553155, 13.748323302957818]]]}, "id": "0022000000000000a999", "properties": {"area_in_meters": 492.6089028745377, "bf_source": "microsoft", "boundary_id": 176, "confidence": null, "geometry_wkt": {"type": "Polygon", "coordinates": [[[98.14707651553155, 13.748323302957818], [98.14693322581614, 13.748361712637776], [98.14686454021162, 13.748119493485902], [98.14706017765567, 13.748067164669166], [98.14707876615759, 13.748132583353094], [98.14702641828087, 13.748146590379656], [98.14707651553155, 13.748323302957818]]]}}}, {"type": "Feature", "geometry": {"type": "Polygon", "coordinates": [[[98.1501177580822, 13.751323015667792], [98.15024638265943, 13.751301223411271], [98.15025705275768, 13.75136085382022], [98.15012851152164, 13.751382643351036], [98.1501177580822, 13.751323015667792]]]}, "id": "0022000000000000aab8", "properties": {"area_in_meters": 94.94861402680507, "bf_source": "microsoft", "boundary_id": 176, "confidence": null, "geometry_wkt": {"type": "Polygon", "coordinates": [[[98.1501177580822, 13.751323015667792], [98.15024638265943, 13.751301223411271], [98.15025705275768, 13.75136085382022], [98.15012851152164, 13.751382643351036], [98.1501177580822, 13.751323015667792]]]}}}, {"type": "Feature", "geometry": {"type": "Polygon", "coordinates": [[[98.16508932846133, 13.821430085753367], [98.16505114177605, 13.82144100800577], [98.16503830171604, 13.821398882225026], [98.16507648839462, 13.821387959981243], [98.16508932846133, 13.821430085753367]]]}, "id": "0022000000000000aca9", "properties": {"area_in_meters": 21.001684003015352, "bf_source": "microsoft", "boundary_id": 176, "confidence": null, "geometry_wkt": {"type": "Polygon", "coordinates": [[[98.16508932846133, 13.821430085753367], [98.16505114177605, 13.82144100800577], [98.16503830171604, 13.821398882225026], [98.16507648839462, 13.821387959981243], [98.16508932846133, 13.821430085753367]]]}}}, {"type": "Feature", "geometry": {"type": "Polygon", "coordinates": [[[98.16214992913672, 13.823341570381572], [98.16209623648514, 13.823342216459912], [98.16209573624323, 13.823303188709389], [98.16214942889445, 13.823302542635487], [98.16214992913672, 13.823341570381572]]]}, "id": "0022000000000000acc5", "properties": {"area_in_meters": 25.1583220323437, "bf_source": "microsoft", "boundary_id": 176, "confidence": null, "geometry_wkt": {"type": "Polygon", "coordinates": [[[98.16214992913672, 13.823341570381572], [98.16209623648514, 13.823342216459912], [98.16209573624323, 13.823303188709389], [98.16214942889445, 13.823302542635487], [98.16214992913672, 13.823341570381572]]]}}}, {"type": "Feature", "geometry": {"type": "Polygon", "coordinates": [[[98.17133695522016, 13.822962775779143], [98.17140341244435, 13.822945646312235], [98.17141742100118, 13.822996769796584], [98.17135096376427, 13.823013899280594], [98.17133695522016, 13.822962775779143]]]}, "id": "0022000000000000ace7", "properties": {"area_in_meters": 43.63819454249473, "bf_source": "microsoft", "boundary_id": 176, "confidence": null, "geometry_wkt": {"type": "Polygon", "coordinates": [[[98.17133695522016, 13.822962775779143], [98.17140341244435, 13.822945646312235], [98.17141742100118, 13.822996769796584], [98.17135096376427, 13.823013899280594], [98.17133695522016, 13.822962775779143]]]}}}, {"type": "Feature", "geometry": {"type": "Polygon", "coordinates": [[[98.14384643850525, 13.74480638853972], [98.14384427133166, 13.744898624004627], [98.14377575533811, 13.744897116148426], [98.14377792250967, 13.744804880672838], [98.14384643850525, 13.74480638853972]]]}, "id": "0022000000000000adc9", "properties": {"area_in_meters": 75.99743297397401, "bf_source": "microsoft", "boundary_id": 176, "confidence": null, "geometry_wkt": {"type": "Polygon", "coordinates": [[[98.14384643850525, 13.74480638853972], [98.14384427133166, 13.744898624004627], [98.14377575533811, 13.744897116148426], [98.14377792250967, 13.744804880672838], [98.14384643850525, 13.74480638853972]]]}}}, {"type": "Feature", "geometry": {"type": "Polygon", "coordinates": [[[98.1490436725121, 13.750784392303013], [98.14896864966306, 13.750786784977535], [98.14896456508794, 13.750664410627426], [98.14903958793276, 13.750662017974578], [98.1490436725121, 13.750784392303013]]]}, "id": "0022000000000000b07a", "properties": {"area_in_meters": 110.32868719434515, "bf_source": "microsoft", "boundary_id": 176, "confidence": null, "geometry_wkt": {"type": "Polygon", "coordinates": [[[98.1490436725121, 13.750784392303013], [98.14896864966306, 13.750786784977535], [98.14896456508794, 13.750664410627426], [98.14903958793276, 13.750662017974578], [98.1490436725121, 13.750784392303013]]]}}}, {"type": "Feature", "geometry": {"type": "Polygon", "coordinates": [[[98.14202736896685, 13.744115994873335], [98.1421359750813, 13.744120476498946], [98.14213222429184, 13.744206274896339], [98.14202353483223, 13.744201796036307], [98.14202736896685, 13.744115994873335]]]}, "id": "0022000000000000b0b7", "properties": {"area_in_meters": 112.20795756982176, "bf_source": "microsoft", "boundary_id": 176, "confidence": null, "geometry_wkt": {"type": "Polygon", "coordinates": [[[98.14202736896685, 13.744115994873335], [98.1421359750813, 13.744120476498946], [98.14213222429184, 13.744206274896339], [98.14202353483223, 13.744201796036307], [98.14202736896685, 13.744115994873335]]]}}}, {"type": "Feature", "geometry": {"type": "Polygon", "coordinates": [[[98.15126238306681, 13.753975924120361], [98.15116643427845, 13.754025752376199], [98.15113075569947, 13.753960897133718], [98.15122670444096, 13.753911068926874], [98.15126238306681, 13.753975924120361]]]}, "id": "0022000000000000b0ce", "properties": {"area_in_meters": 96.05155278020001, "bf_source": "microsoft", "boundary_id": 176, "confidence": null, "geometry_wkt": {"type": "Polygon", "coordinates": [[[98.15126238306681, 13.753975924120361], [98.15116643427845, 13.754025752376199], [98.15113075569947, 13.753960897133718], [98.15122670444096, 13.753911068926874], [98.15126238306681, 13.753975924120361]]]}}}, {"type": "Feature", "geometry": {"type": "Polygon", "coordinates": [[[98.15013618064224, 13.74954677370415], [98.15017669361865, 13.749622955399039], [98.15015126880573, 13.749635634686257], [98.1501107558434, 13.749559540670154], [98.15013618064224, 13.74954677370415]]]}, "id": "0022000000000000b0eb", "properties": {"area_in_meters": 29.42419911378796, "bf_source": "microsoft", "boundary_id": 176, "confidence": null, "geometry_wkt": {"type": "Polygon", "coordinates": [[[98.15013618064224, 13.74954677370415], [98.15017669361865, 13.749622955399039], [98.15015126880573, 13.749635634686257], [98.1501107558434, 13.749559540670154], [98.15013618064224, 13.74954677370415]]]}}}, {"type": "Feature", "geometry": {"type": "Polygon", "coordinates": [[[98.14887828891162, 13.74547373979176], [98.14893230528834, 13.745463010089992], [98.1489442255744, 13.74551944000342], [98.14889012583026, 13.74553017247344], [98.14887828891162, 13.74547373979176]]]}, "id": "0022000000000000b17d", "properties": {"area_in_meters": 38.17407464180177, "bf_source": "microsoft", "boundary_id": 176, "confidence": null, "geometry_wkt": {"type": "Polygon", "coordinates": [[[98.14887828891162, 13.74547373979176], [98.14893230528834, 13.745463010089992], [98.1489442255744, 13.74551944000342], [98.14889012583026, 13.74553017247344], [98.14887828891162, 13.74547373979176]]]}}}, {"type": "Feature", "geometry": {"type": "Polygon", "coordinates": [[[98.14962826986299, 13.747090538355671], [98.14950398105698, 13.74711674521854], [98.14948980997919, 13.747053549167743], [98.14961409876108, 13.747027342340267], [98.14962826986299, 13.747090538355671]]]}, "id": "0022000000000000b1e4", "properties": {"area_in_meters": 98.81559755150668, "bf_source": "microsoft", "boundary_id": 176, "confidence": null, "geometry_wkt": {"type": "Polygon", "coordinates": [[[98.14962826986299, 13.747090538355671], [98.14950398105698, 13.74711674521854], [98.14948980997919, 13.747053549167743], [98.14961409876108, 13.747027342340267], [98.14962826986299, 13.747090538355671]]]}}}, {"type": "Feature", "geometry": {"type": "Polygon", "coordinates": [[[98.1513569981987, 13.756350439560885], [98.1512348738444, 13.756368073019246], [98.15122512057712, 13.75630428848544], [98.15134732827651, 13.756286739996098], [98.1513569981987, 13.756350439560885]]]}, "id": "0022000000000000b276", "properties": {"area_in_meters": 95.55418631731123, "bf_source": "microsoft", "boundary_id": 176, "confidence": null, "geometry_wkt": {"type": "Polygon", "coordinates": [[[98.1513569981987, 13.756350439560885], [98.1512348738444, 13.756368073019246], [98.15122512057712, 13.75630428848544], [98.15134732827651, 13.756286739996098], [98.1513569981987, 13.756350439560885]]]}}}, {"type": "Feature", "geometry": {"type": "Polygon", "coordinates": [[[98.16162759468898, 13.819890621382697], [98.16164660376229, 13.819941140300054], [98.16158649175351, 13.819962617892601], [98.16156739932279, 13.819912101730175], [98.16162759468898, 13.819890621382697]]]}, "id": "0022000000000000b2e1", "properties": {"area_in_meters": 41.3770637072248, "bf_source": "microsoft", "boundary_id": 176, "confidence": null, "geometry_wkt": {"type": "Polygon", "coordinates": [[[98.16162759468898, 13.819890621382697], [98.16164660376229, 13.819941140300054], [98.16158649175351, 13.819962617892601], [98.16156739932279, 13.819912101730175], [98.16162759468898, 13.819890621382697]]]}}}, {"type": "Feature", "geometry": {"type": "Polygon", "coordinates": [[[98.15057515577725, 13.74915412521892], [98.15066868633107, 13.749159363536792], [98.15066526854582, 13.749217529518726], [98.15057173799634, 13.749212291207739], [98.15057515577725, 13.74915412521892]]]}, "id": "0022000000000000b2e3", "properties": {"area_in_meters": 65.55124200267915, "bf_source": "microsoft", "boundary_id": 176, "confidence": null, "geometry_wkt": {"type": "Polygon", "coordinates": [[[98.15057515577725, 13.74915412521892], [98.15066868633107, 13.749159363536792], [98.15066526854582, 13.749217529518726], [98.15057173799634, 13.749212291207739], [98.15057515577725, 13.74915412521892]]]}}}, {"type": "Feature", "geometry": {"type": "Polygon", "coordinates": [[[98.14740102318055, 13.750105918439823], [98.14744336849257, 13.75023755136678], [98.14737885025136, 13.750257135158257], [98.14733642161993, 13.750125504939318], [98.14740102318055, 13.750105918439823]]]}, "id": "0022000000000000b316", "properties": {"area_in_meters": 112.05634720715963, "bf_source": "microsoft", "boundary_id": 176, "confidence": null, "geometry_wkt": {"type": "Polygon", "coordinates": [[[98.14740102318055, 13.750105918439823], [98.14744336849257, 13.75023755136678], [98.14737885025136, 13.750257135158257], [98.14733642161993, 13.750125504939318], [98.14740102318055, 13.750105918439823]]]}}}, {"type": "Feature", "geometry": {"type": "Polygon", "coordinates": [[[98.14305992542106, 13.745709634563749], [98.1430782628488, 13.745776288978572], [98.14294948419226, 13.745809831254782], [98.14293114679685, 13.745743176796468], [98.14305992542106, 13.745709634563749]]]}, "id": "0022000000000000b46b", "properties": {"area_in_meters": 110.45578078472239, "bf_source": "microsoft", "boundary_id": 176, "confidence": null, "geometry_wkt": {"type": "Polygon", "coordinates": [[[98.14305992542106, 13.745709634563749], [98.1430782628488, 13.745776288978572], [98.14294948419226, 13.745809831254782], [98.14293114679685, 13.745743176796468], [98.14305992542106, 13.745709634563749]]]}}}, {"type": "Feature", "geometry": {"type": "Polygon", "coordinates": [[[98.1503673383175, 13.751178748078637], [98.15039126272019, 13.751176203052099], [98.15039726466216, 13.75123028759522], [98.15055898383979, 13.751213276384439], [98.15056673636606, 13.751282737299604], [98.15038117612437, 13.75130229082655], [98.1503673383175, 13.751178748078637]]]}, "id": "0022000000000000b4b6", "properties": {"area_in_meters": 172.45515311162148, "bf_source": "microsoft", "boundary_id": 176, "confidence": null, "geometry_wkt": {"type": "Polygon", "coordinates": [[[98.1503673383175, 13.751178748078637], [98.15039126272019, 13.751176203052099], [98.15039726466216, 13.75123028759522], [98.15055898383979, 13.751213276384439], [98.15056673636606, 13.751282737299604], [98.15038117612437, 13.75130229082655], [98.1503673383175, 13.751178748078637]]]}}}, {"type": "Feature", "geometry": {"type": "Polygon", "coordinates": [[[98.15096219965767, 13.753639540578604], [98.15107748794689, 13.75360126269177], [98.15109799477662, 13.753659603930892], [98.150982789816, 13.753697879099969], [98.15096219965767, 13.753639540578604]]]}, "id": "0022000000000000b563", "properties": {"area_in_meters": 90.17094460904767, "bf_source": "microsoft", "boundary_id": 176, "confidence": null, "geometry_wkt": {"type": "Polygon", "coordinates": [[[98.15096219965767, 13.753639540578604], [98.15107748794689, 13.75360126269177], [98.15109799477662, 13.753659603930892], [98.150982789816, 13.753697879099969], [98.15096219965767, 13.753639540578604]]]}}}, {"type": "Feature", "geometry": {"type": "Polygon", "coordinates": [[[98.15135508088643, 13.752329525900764], [98.15138717503305, 13.752258132810645], [98.15145619833639, 13.752287332468434], [98.15142410415946, 13.752358725576704], [98.15135508088643, 13.752329525900764]]]}, "id": "0022000000000000b5c4", "properties": {"area_in_meters": 70.4575083034914, "bf_source": "microsoft", "boundary_id": 176, "confidence": null, "geometry_wkt": {"type": "Polygon", "coordinates": [[[98.15135508088643, 13.752329525900764], [98.15138717503305, 13.752258132810645], [98.15145619833639, 13.752287332468434], [98.15142410415946, 13.752358725576704], [98.15135508088643, 13.752329525900764]]]}}}, {"type": "Feature", "geometry": {"type": "Polygon", "coordinates": [[[98.15912444304811, 13.772264673237546], [98.15909501335099, 13.77226591197496], [98.15909284572504, 13.772217920337885], [98.1591222754213, 13.772216681603986], [98.15912444304811, 13.772264673237546]]]}, "id": "0022000000000000b5d9", "properties": {"area_in_meters": 17.001747276947192, "bf_source": "microsoft", "boundary_id": 176, "confidence": null, "geometry_wkt": {"type": "Polygon", "coordinates": [[[98.15912444304811, 13.772264673237546], [98.15909501335099, 13.77226591197496], [98.15909284572504, 13.772217920337885], [98.1591222754213, 13.772216681603986], [98.15912444304811, 13.772264673237546]]]}}}, {"type": "Feature", "geometry": {"type": "Polygon", "coordinates": [[[98.15957339329591, 13.797785512755407], [98.1595661400388, 13.797855055506178], [98.15952095309692, 13.797850590905602], [98.15952828972028, 13.7977810453839], [98.15957339329591, 13.797785512755407]]]}, "id": "0022000000000000b711", "properties": {"area_in_meters": 38.11198428539857, "bf_source": "microsoft", "boundary_id": 176, "confidence": null, "geometry_wkt": {"type": "Polygon", "coordinates": [[[98.15957339329591, 13.797785512755407], [98.1595661400388, 13.797855055506178], [98.15952095309692, 13.797850590905602], [98.15952828972028, 13.7977810453839], [98.15957339329591, 13.797785512755407]]]}}}, {"type": "Feature", "geometry": {"type": "Polygon", "coordinates": [[[98.15489069018396, 13.779161742361834], [98.15483575238294, 13.77915970412356], [98.15483958719018, 13.779064935349453], [98.15489452499408, 13.779066973595524], [98.15489069018396, 13.779161742361834]]]}, "id": "0022000000000000b734", "properties": {"area_in_meters": 62.59816772648555, "bf_source": "microsoft", "boundary_id": 176, "confidence": null, "geometry_wkt": {"type": "Polygon", "coordinates": [[[98.15489069018396, 13.779161742361834], [98.15483575238294, 13.77915970412356], [98.15483958719018, 13.779064935349453], [98.15489452499408, 13.779066973595524], [98.15489069018396, 13.779161742361834]]]}}}, {"type": "Feature", "geometry": {"type": "Polygon", "coordinates": [[[98.16044795796157, 13.766647754084905], [98.160497647555, 13.766612253760389], [98.16053733255656, 13.766664612772708], [98.16048764293616, 13.76670020082593], [98.16044795796157, 13.766647754084905]]]}, "id": "0022000000000000b9b7", "properties": {"area_in_meters": 48.19194252300559, "bf_source": "microsoft", "boundary_id": 176, "confidence": null, "geometry_wkt": {"type": "Polygon", "coordinates": [[[98.16044795796157, 13.766647754084905], [98.160497647555, 13.766612253760389], [98.16053733255656, 13.766664612772708], [98.16048764293616, 13.76670020082593], [98.16044795796157, 13.766647754084905]]]}}}, {"type": "Feature", "geometry": {"type": "Polygon", "coordinates": [[[98.16344315023584, 13.823441286032772], [98.16338495437815, 13.823486303291386], [98.16335102071173, 13.823444790983102], [98.1634092165424, 13.823399773749397], [98.16344315023584, 13.823441286032772]]]}, "id": "0022000000000000baca", "properties": {"area_in_meters": 47.3257160592086, "bf_source": "microsoft", "boundary_id": 176, "confidence": null, "geometry_wkt": {"type": "Polygon", "coordinates": [[[98.16344315023584, 13.823441286032772], [98.16338495437815, 13.823486303291386], [98.16335102071173, 13.823444790983102], [98.1634092165424, 13.823399773749397], [98.16344315023584, 13.823441286032772]]]}}}, {"type": "Feature", "geometry": {"type": "Polygon", "coordinates": [[[98.15068985993119, 13.750947355551796], [98.1507113669801, 13.751044423709187], [98.15065093052154, 13.751057121016446], [98.15062934012985, 13.750960055589342], [98.15068985993119, 13.750947355551796]]]}, "id": "0022000000000000bd14", "properties": {"area_in_meters": 73.807938180933, "bf_source": "microsoft", "boundary_id": 176, "confidence": null, "geometry_wkt": {"type": "Polygon", "coordinates": [[[98.15068985993119, 13.750947355551796], [98.1507113669801, 13.751044423709187], [98.15065093052154, 13.751057121016446], [98.15062934012985, 13.750960055589342], [98.15068985993119, 13.750947355551796]]]}}}, {"type": "Feature", "geometry": {"type": "Polygon", "coordinates": [[[98.1717832287292, 13.81756009584358], [98.17173328131597, 13.817567023350698], [98.17172611023773, 13.81751856938024], [98.17177605764607, 13.817511641881973], [98.1717832287292, 13.81756009584358]]]}, "id": "0022000000000000bd25", "properties": {"area_in_meters": 29.671355567302395, "bf_source": "microsoft", "boundary_id": 176, "confidence": null, "geometry_wkt": {"type": "Polygon", "coordinates": [[[98.1717832287292, 13.81756009584358], [98.17173328131597, 13.817567023350698], [98.17172611023773, 13.81751856938024], [98.17177605764607, 13.817511641881973], [98.1717832287292, 13.81756009584358]]]}}}, {"type": "Feature", "geometry": {"type": "Polygon", "coordinates": [[[98.15202047462292, 13.756294987975478], [98.15206490666804, 13.75628501120299], [98.15207666074079, 13.756334522343977], [98.15203222868851, 13.756344499126712], [98.15202047462292, 13.756294987975478]]]}, "id": "0022000000000000be38", "properties": {"area_in_meters": 27.819320174775044, "bf_source": "microsoft", "boundary_id": 176, "confidence": null, "geometry_wkt": {"type": "Polygon", "coordinates": [[[98.15202047462292, 13.756294987975478], [98.15206490666804, 13.75628501120299], [98.15207666074079, 13.756334522343977], [98.15203222868851, 13.756344499126712], [98.15202047462292, 13.756294987975478]]]}}}, {"type": "Feature", "geometry": {"type": "Polygon", "coordinates": [[[98.14747070957323, 13.749368298959212], [98.1475752392869, 13.749325206349], [98.14760274713116, 13.749388226039251], [98.14749821737811, 13.749431318693903], [98.14747070957323, 13.749368298959212]]]}, "id": "0022000000000000c012", "properties": {"area_in_meters": 93.35494273130335, "bf_source": "microsoft", "boundary_id": 176, "confidence": null, "geometry_wkt": {"type": "Polygon", "coordinates": [[[98.14747070957323, 13.749368298959212], [98.1475752392869, 13.749325206349], [98.14760274713116, 13.749388226039251], [98.14749821737811, 13.749431318693903], [98.14747070957323, 13.749368298959212]]]}}}, {"type": "Feature", "geometry": {"type": "Polygon", "coordinates": [[[98.16257013385841, 13.818932492531125], [98.16252344432566, 13.818933958081418], [98.16252169346876, 13.81887760128109], [98.1625682996262, 13.818876226247916], [98.16257013385841, 13.818932492531125]]]}, "id": "0022000000000000c075", "properties": {"area_in_meters": 31.572344071624308, "bf_source": "microsoft", "boundary_id": 176, "confidence": null, "geometry_wkt": {"type": "Polygon", "coordinates": [[[98.16257013385841, 13.818932492531125], [98.16252344432566, 13.818933958081418], [98.16252169346876, 13.81887760128109], [98.1625682996262, 13.818876226247916], [98.16257013385841, 13.818932492531125]]]}}}, {"type": "Feature", "geometry": {"type": "Polygon", "coordinates": [[[98.15646106175376, 13.774067735155308], [98.15653700933629, 13.774083549081194], [98.15652083607938, 13.774157058845665], [98.15644480514648, 13.774141247678934], [98.15646106175376, 13.774067735155308]]]}, "id": "0022000000000000c186", "properties": {"area_in_meters": 70.20035007898669, "bf_source": "microsoft", "boundary_id": 176, "confidence": null, "geometry_wkt": {"type": "Polygon", "coordinates": [[[98.15646106175376, 13.774067735155308], [98.15653700933629, 13.774083549081194], [98.15652083607938, 13.774157058845665], [98.15644480514648, 13.774141247678934], [98.15646106175376, 13.774067735155308]]]}}}, {"type": "Feature", "geometry": {"type": "Polygon", "coordinates": [[[98.15501198699256, 13.778708020902108], [98.15520514528131, 13.778707231558828], [98.15520556211028, 13.778811419695167], [98.1551277818657, 13.778811717518122], [98.15512844879136, 13.778947210720515], [98.1550868493158, 13.778947361733255], [98.15508634912185, 13.778828703724045], [98.15501257055158, 13.778829044286145], [98.15501198699256, 13.778708020902108]]]}, "id": "0022000000000000c194", "properties": {"area_in_meters": 324.0791754776894, "bf_source": "microsoft", "boundary_id": 176, "confidence": null, "geometry_wkt": {"type": "Polygon", "coordinates": [[[98.15501198699256, 13.778708020902108], [98.15520514528131, 13.778707231558828], [98.15520556211028, 13.778811419695167], [98.1551277818657, 13.778811717518122], [98.15512844879136, 13.778947210720515], [98.1550868493158, 13.778947361733255], [98.15508634912185, 13.778828703724045], [98.15501257055158, 13.778829044286145], [98.15501198699256, 13.778708020902108]]]}}}, {"type": "Feature", "geometry": {"type": "Polygon", "coordinates": [[[98.14490961161503, 13.74670628491523], [98.14498688085608, 13.746634718169839], [98.14503647658248, 13.7466852568331], [98.14495912393485, 13.746756826377942], [98.14490961161503, 13.74670628491523]]]}, "id": "0022000000000000c1ef", "properties": {"area_in_meters": 89.53383768141204, "bf_source": "microsoft", "boundary_id": 176, "confidence": null, "geometry_wkt": {"type": "Polygon", "coordinates": [[[98.14490961161503, 13.74670628491523], [98.14498688085608, 13.746634718169839], [98.14503647658248, 13.7466852568331], [98.14495912393485, 13.746756826377942], [98.14490961161503, 13.74670628491523]]]}}}, {"type": "Feature", "geometry": {"type": "Polygon", "coordinates": [[[98.15659761739784, 13.772810821920455], [98.15667773349578, 13.77281579731944], [98.15667139756808, 13.772911784371663], [98.15659128147708, 13.772906808981801], [98.15659761739784, 13.772810821920455]]]}, "id": "0022000000000000c21a", "properties": {"area_in_meters": 92.7581114971715, "bf_source": "microsoft", "boundary_id": 176, "confidence": null, "geometry_wkt": {"type": "Polygon", "coordinates": [[[98.15659761739784, 13.772810821920455], [98.15667773349578, 13.77281579731944], [98.15667139756808, 13.772911784371663], [98.15659128147708, 13.772906808981801], [98.15659761739784, 13.772810821920455]]]}}}, {"type": "Feature", "geometry": {"type": "Polygon", "coordinates": [[[98.15498030808155, 13.779192453193279], [98.15498639376602, 13.778958147253306], [98.15509893733731, 13.778960907271774], [98.15509285164347, 13.779195213167931], [98.15498030808155, 13.779192453193279]]]}, "id": "0022000000000000c285", "properties": {"area_in_meters": 316.96341893549754, "bf_source": "microsoft", "boundary_id": 176, "confidence": null, "geometry_wkt": {"type": "Polygon", "coordinates": [[[98.15498030808155, 13.779192453193279], [98.15498639376602, 13.778958147253306], [98.15509893733731, 13.778960907271774], [98.15509285164347, 13.779195213167931], [98.15498030808155, 13.779192453193279]]]}}}, {"type": "Feature", "geometry": {"type": "Polygon", "coordinates": [[[98.16883547247427, 13.75382319002278], [98.16888942021667, 13.753805704571182], [98.16890884808419, 13.753861885755352], [98.16885481694611, 13.753879461681901], [98.16883547247427, 13.75382319002278]]]}, "id": "0022000000000000c2b9", "properties": {"area_in_meters": 40.56196115863135, "bf_source": "microsoft", "boundary_id": 176, "confidence": null, "geometry_wkt": {"type": "Polygon", "coordinates": [[[98.16883547247427, 13.75382319002278], [98.16888942021667, 13.753805704571182], [98.16890884808419, 13.753861885755352], [98.16885481694611, 13.753879461681901], [98.16883547247427, 13.75382319002278]]]}}}, {"type": "Feature", "geometry": {"type": "Polygon", "coordinates": [[[98.15075846577214, 13.749261013106098], [98.1507347079706, 13.749421839126006], [98.15048504311982, 13.749387036814628], [98.15050880084017, 13.749226210787088], [98.15075846577214, 13.749261013106098]]]}, "id": "0022000000000000c438", "properties": {"area_in_meters": 492.1879275248582, "bf_source": "microsoft", "boundary_id": 176, "confidence": null, "geometry_wkt": {"type": "Polygon", "coordinates": [[[98.15075846577214, 13.749261013106098], [98.1507347079706, 13.749421839126006], [98.15048504311982, 13.749387036814628], [98.15050880084017, 13.749226210787088], [98.15075846577214, 13.749261013106098]]]}}}, {"type": "Feature", "geometry": {"type": "Polygon", "coordinates": [[[98.16166269477995, 13.820737093595985], [98.16161066994805, 13.820753827695537], [98.16159224449562, 13.82069986727407], [98.16164426931442, 13.820683133190657], [98.16166269477995, 13.820737093595985]]]}, "id": "0022000000000000c4f6", "properties": {"area_in_meters": 37.43700949755242, "bf_source": "microsoft", "boundary_id": 176, "confidence": null, "geometry_wkt": {"type": "Polygon", "coordinates": [[[98.16166269477995, 13.820737093595985], [98.16161066994805, 13.820753827695537], [98.16159224449562, 13.82069986727407], [98.16164426931442, 13.820683133190657], [98.16166269477995, 13.820737093595985]]]}}}, {"type": "Feature", "geometry": {"type": "Polygon", "coordinates": [[[98.15120711454865, 13.751918832390807], [98.1512607992022, 13.75191802151331], [98.15126213298292, 13.752006637094317], [98.15120853168963, 13.752007357529928], [98.15120711454865, 13.751918832390807]]]}, "id": "0022000000000000c62e", "properties": {"area_in_meters": 57.05626393757042, "bf_source": "microsoft", "boundary_id": 176, "confidence": null, "geometry_wkt": {"type": "Polygon", "coordinates": [[[98.15120711454865, 13.751918832390807], [98.1512607992022, 13.75191802151331], [98.15126213298292, 13.752006637094317], [98.15120853168963, 13.752007357529928], [98.15120711454865, 13.751918832390807]]]}}}, {"type": "Feature", "geometry": {"type": "Polygon", "coordinates": [[[98.14984342087142, 13.748930058557008], [98.14992636379671, 13.74892591328755], [98.14993203226138, 13.749033500949455], [98.14984908932965, 13.74903764624197], [98.14984342087142, 13.748930058557008]]]}, "id": "0022000000000000c686", "properties": {"area_in_meters": 107.4508944903589, "bf_source": "microsoft", "boundary_id": 176, "confidence": null, "geometry_wkt": {"type": "Polygon", "coordinates": [[[98.14984342087142, 13.748930058557008], [98.14992636379671, 13.74892591328755], [98.14993203226138, 13.749033500949455], [98.14984908932965, 13.74903764624197], [98.14984342087142, 13.748930058557008]]]}}}, {"type": "Feature", "geometry": {"type": "Polygon", "coordinates": [[[98.16024027917061, 13.799238623359063], [98.16030605934205, 13.799236789345589], [98.16030864386205, 13.799326796793979], [98.16024286368828, 13.799328543096356], [98.16024027917061, 13.799238623359063]]]}, "id": "0022000000000000c75f", "properties": {"area_in_meters": 71.12587660389711, "bf_source": "microsoft", "boundary_id": 176, "confidence": null, "geometry_wkt": {"type": "Polygon", "coordinates": [[[98.16024027917061, 13.799238623359063], [98.16030605934205, 13.799236789345589], [98.16030864386205, 13.799326796793979], [98.16024286368828, 13.799328543096356], [98.16024027917061, 13.799238623359063]]]}}}, {"type": "Feature", "geometry": {"type": "Polygon", "coordinates": [[[98.1610663290146, 13.822093902405047], [98.16108483770701, 13.822197521300573], [98.16104448542869, 13.822204303661762], [98.16102589337406, 13.822100687523257], [98.1610663290146, 13.822093902405047]]]}, "id": "0022000000000000c852", "properties": {"area_in_meters": 51.75094517204755, "bf_source": "microsoft", "boundary_id": 176, "confidence": null, "geometry_wkt": {"type": "Polygon", "coordinates": [[[98.1610663290146, 13.822093902405047], [98.16108483770701, 13.822197521300573], [98.16104448542869, 13.822204303661762], [98.16102589337406, 13.822100687523257], [98.1610663290146, 13.822093902405047]]]}}}, {"type": "Feature", "geometry": {"type": "Polygon", "coordinates": [[[98.15940198318238, 13.800538482862986], [98.15930285562987, 13.800542126233298], [98.15929635273373, 13.800376803869757], [98.15939548027742, 13.800373160539166], [98.15940198318238, 13.800538482862986]]]}, "id": "0022000000000000c8f5", "properties": {"area_in_meters": 196.97618973119575, "bf_source": "microsoft", "boundary_id": 176, "confidence": null, "geometry_wkt": {"type": "Polygon", "coordinates": [[[98.15940198318238, 13.800538482862986], [98.15930285562987, 13.800542126233298], [98.15929635273373, 13.800376803869757], [98.15939548027742, 13.800373160539166], [98.15940198318238, 13.800538482862986]]]}}}, {"type": "Feature", "geometry": {"type": "Polygon", "coordinates": [[[98.15915170512939, 13.789825998743527], [98.15921598365485, 13.789827110931173], [98.1592150665808, 13.789879246280412], [98.15915070468587, 13.789878049146976], [98.15915170512939, 13.789825998743527]]]}, "id": "0022000000000000c921", "properties": {"area_in_meters": 40.25772484255944, "bf_source": "microsoft", "boundary_id": 176, "confidence": null, "geometry_wkt": {"type": "Polygon", "coordinates": [[[98.15915170512939, 13.789825998743527], [98.15921598365485, 13.789827110931173], [98.1592150665808, 13.789879246280412], [98.15915070468587, 13.789878049146976], [98.15915170512939, 13.789825998743527]]]}}}, {"type": "Feature", "geometry": {"type": "Polygon", "coordinates": [[[98.15372241631576, 13.75675836759419], [98.15380244589781, 13.75669292747183], [98.15385396498763, 13.756752347808847], [98.15377393534916, 13.756817787982374], [98.15372241631576, 13.75675836759419]]]}, "id": "0022000000000000c96d", "properties": {"area_in_meters": 97.64002046026137, "bf_source": "microsoft", "boundary_id": 176, "confidence": null, "geometry_wkt": {"type": "Polygon", "coordinates": [[[98.15372241631576, 13.75675836759419], [98.15380244589781, 13.75669292747183], [98.15385396498763, 13.756752347808847], [98.15377393534916, 13.756817787982374], [98.15372241631576, 13.75675836759419]]]}}}, {"type": "Feature", "geometry": {"type": "Polygon", "coordinates": [[[98.15581188404627, 13.775903082861051], [98.15588149509503, 13.775894109611947], [98.15589541731273, 13.775995304164875], [98.15582580625072, 13.776004277438927], [98.15581188404627, 13.775903082861051]]]}, "id": "0022000000000000c99c", "properties": {"area_in_meters": 86.07265073720977, "bf_source": "microsoft", "boundary_id": 176, "confidence": null, "geometry_wkt": {"type": "Polygon", "coordinates": [[[98.15581188404627, 13.775903082861051], [98.15588149509503, 13.775894109611947], [98.15589541731273, 13.775995304164875], [98.15582580625072, 13.776004277438927], [98.15581188404627, 13.775903082861051]]]}}}, {"type": "Feature", "geometry": {"type": "Polygon", "coordinates": [[[98.14173805906984, 13.744662921744323], [98.14172789031875, 13.744763489326496], [98.14165237488366, 13.74475633658958], [98.14166254362424, 13.74465568130974], [98.14173805906984, 13.744662921744323]]]}, "id": "0022000000000000ca75", "properties": {"area_in_meters": 92.16935499220384, "bf_source": "microsoft", "boundary_id": 176, "confidence": null, "geometry_wkt": {"type": "Polygon", "coordinates": [[[98.14173805906984, 13.744662921744323], [98.14172789031875, 13.744763489326496], [98.14165237488366, 13.74475633658958], [98.14166254362424, 13.74465568130974], [98.14173805906984, 13.744662921744323]]]}}}, {"type": "Feature", "geometry": {"type": "Polygon", "coordinates": [[[98.15970145091927, 13.801253853630724], [98.15973129771528, 13.801245844103981], [98.15974580426298, 13.801296594292934], [98.15971595746106, 13.801304691553655], [98.15970145091927, 13.801253853630724]]]}, "id": "0022000000000000cb67", "properties": {"area_in_meters": 19.627278943873268, "bf_source": "microsoft", "boundary_id": 176, "confidence": null, "geometry_wkt": {"type": "Polygon", "coordinates": [[[98.15970145091927, 13.801253853630724], [98.15973129771528, 13.801245844103981], [98.15974580426298, 13.801296594292934], [98.15971595746106, 13.801304691553655], [98.15970145091927, 13.801253853630724]]]}}}, {"type": "Feature", "geometry": {"type": "Polygon", "coordinates": [[[98.15843647486989, 13.799916555029792], [98.15837928342962, 13.799794585991352], [98.15845931811073, 13.79975920656045], [98.15851642624405, 13.799881266024117], [98.15843647486989, 13.799916555029792]]]}, "id": "0022000000000000cc59", "properties": {"area_in_meters": 141.45662517463666, "bf_source": "microsoft", "boundary_id": 176, "confidence": null, "geometry_wkt": {"type": "Polygon", "coordinates": [[[98.15843647486989, 13.799916555029792], [98.15837928342962, 13.799794585991352], [98.15845931811073, 13.79975920656045], [98.15851642624405, 13.799881266024117], [98.15843647486989, 13.799916555029792]]]}}}, {"type": "Feature", "geometry": {"type": "Polygon", "coordinates": [[[98.15949093964542, 13.793682134633345], [98.15949219020565, 13.79363525001263], [98.15956989172342, 13.7936372318312], [98.15956864116187, 13.793684116445897], [98.15949093964542, 13.793682134633345]]]}, "id": "0022000000000000cd3c", "properties": {"area_in_meters": 43.76426630542903, "bf_source": "microsoft", "boundary_id": 176, "confidence": null, "geometry_wkt": {"type": "Polygon", "coordinates": [[[98.15949093964542, 13.793682134633345], [98.15949219020565, 13.79363525001263], [98.15956989172342, 13.7936372318312], [98.15956864116187, 13.793684116445897], [98.15949093964542, 13.793682134633345]]]}}}, {"type": "Feature", "geometry": {"type": "Polygon", "coordinates": [[[98.15645831063536, 13.775371360458921], [98.15634051284411, 13.77536702033216], [98.15634393089482, 13.775278583452037], [98.15646181205882, 13.775282920831181], [98.15645831063536, 13.775371360458921]]]}, "id": "0022000000000000ce97", "properties": {"area_in_meters": 125.3476824445304, "bf_source": "microsoft", "boundary_id": 176, "confidence": null, "geometry_wkt": {"type": "Polygon", "coordinates": [[[98.15645831063536, 13.775371360458921], [98.15634051284411, 13.77536702033216], [98.15634393089482, 13.775278583452037], [98.15646181205882, 13.775282920831181], [98.15645831063536, 13.775371360458921]]]}}}, {"type": "Feature", "geometry": {"type": "Polygon", "coordinates": [[[98.16819268860054, 13.818413819744952], [98.16820119342229, 13.818459247046803], [98.16813882475233, 13.818470184672675], [98.16813040331836, 13.818424754583466], [98.16819268860054, 13.818413819744952]]]}, "id": "0022000000000000cf58", "properties": {"area_in_meters": 35.08668421115266, "bf_source": "microsoft", "boundary_id": 176, "confidence": null, "geometry_wkt": {"type": "Polygon", "coordinates": [[[98.16819268860054, 13.818413819744952], [98.16820119342229, 13.818459247046803], [98.16813882475233, 13.818470184672675], [98.16813040331836, 13.818424754583466], [98.16819268860054, 13.818413819744952]]]}}}, {"type": "Feature", "geometry": {"type": "Polygon", "coordinates": [[[98.15588599688968, 13.777958320725075], [98.15578262241563, 13.77795692344578], [98.15578378954596, 13.777872155519315], [98.15588716402168, 13.777873552814405], [98.15588599688968, 13.777958320725075]]]}, "id": "0022000000000000cfe7", "properties": {"area_in_meters": 105.20493603897344, "bf_source": "microsoft", "boundary_id": 176, "confidence": null, "geometry_wkt": {"type": "Polygon", "coordinates": [[[98.15588599688968, 13.777958320725075], [98.15578262241563, 13.77795692344578], [98.15578378954596, 13.777872155519315], [98.15588716402168, 13.777873552814405], [98.15588599688968, 13.777958320725075]]]}}}, {"type": "Feature", "geometry": {"type": "Polygon", "coordinates": [[[98.162796745264, 13.823169132834016], [98.16285410690848, 13.823127126730414], [98.16287603440946, 13.823155438931932], [98.1628185893733, 13.823197360086278], [98.162796745264, 13.823169132834016]]]}, "id": "0022000000000000d050", "properties": {"area_in_meters": 30.521586564734534, "bf_source": "microsoft", "boundary_id": 176, "confidence": null, "geometry_wkt": {"type": "Polygon", "coordinates": [[[98.162796745264, 13.823169132834016], [98.16285410690848, 13.823127126730414], [98.16287603440946, 13.823155438931932], [98.1628185893733, 13.823197360086278], [98.162796745264, 13.823169132834016]]]}}}, {"type": "Feature", "geometry": {"type": "Polygon", "coordinates": [[[98.1628430180987, 13.762529361946056], [98.16290096340147, 13.762530686272545], [98.162898545539, 13.762628727384586], [98.16284060023814, 13.762627315367547], [98.1628430180987, 13.762529361946056]]]}, "id": "0022000000000000d13f", "properties": {"area_in_meters": 68.25955980685046, "bf_source": "microsoft", "boundary_id": 176, "confidence": null, "geometry_wkt": {"type": "Polygon", "coordinates": [[[98.1628430180987, 13.762529361946056], [98.16290096340147, 13.762530686272545], [98.162898545539, 13.762628727384586], [98.16284060023814, 13.762627315367547], [98.1628430180987, 13.762529361946056]]]}}}, {"type": "Feature", "geometry": {"type": "Polygon", "coordinates": [[[98.15782904736893, 13.800376846510833], [98.15784630470974, 13.800440137882266], [98.15777610820876, 13.80045817190089], [98.15775885088452, 13.800394792781233], [98.15782904736893, 13.800376846510833]]]}, "id": "0022000000000000d155", "properties": {"area_in_meters": 57.09821665192649, "bf_source": "microsoft", "boundary_id": 176, "confidence": null, "geometry_wkt": {"type": "Polygon", "coordinates": [[[98.15782904736893, 13.800376846510833], [98.15784630470974, 13.800440137882266], [98.15777610820876, 13.80045817190089], [98.15775885088452, 13.800394792781233], [98.15782904736893, 13.800376846510833]]]}}}, {"type": "Feature", "geometry": {"type": "Polygon", "coordinates": [[[98.16598888913445, 13.761744177016924], [98.1660826895449, 13.761741242378747], [98.16608744210224, 13.761884384979401], [98.16599364168569, 13.761887319649249], [98.16598888913445, 13.761744177016924]]]}, "id": "0022000000000000d2ac", "properties": {"area_in_meters": 161.37706614056253, "bf_source": "microsoft", "boundary_id": 176, "confidence": null, "geometry_wkt": {"type": "Polygon", "coordinates": [[[98.16598888913445, 13.761744177016924], [98.1660826895449, 13.761741242378747], [98.16608744210224, 13.761884384979401], [98.16599364168569, 13.761887319649249], [98.16598888913445, 13.761744177016924]]]}}}, {"type": "Feature", "geometry": {"type": "Polygon", "coordinates": [[[98.15002497847264, 13.74886880930714], [98.15003839941517, 13.748967108182034], [98.14995937427358, 13.748977350193819], [98.14994586998579, 13.748878966354134], [98.15002497847264, 13.74886880930714]]]}, "id": "0022000000000000d3f3", "properties": {"area_in_meters": 95.0181329533212, "bf_source": "microsoft", "boundary_id": 176, "confidence": null, "geometry_wkt": {"type": "Polygon", "coordinates": [[[98.15002497847264, 13.74886880930714], [98.15003839941517, 13.748967108182034], [98.14995937427358, 13.748977350193819], [98.14994586998579, 13.748878966354134], [98.15002497847264, 13.74886880930714]]]}}}, {"type": "Feature", "geometry": {"type": "Polygon", "coordinates": [[[98.14777804736384, 13.746491369587604], [98.14768793815698, 13.74650916736148], [98.14767743514842, 13.74645917922059], [98.14776754434233, 13.746441293774321], [98.14777804736384, 13.746491369587604]]]}, "id": "0022000000000000d437", "properties": {"area_in_meters": 56.41062973776194, "bf_source": "microsoft", "boundary_id": 176, "confidence": null, "geometry_wkt": {"type": "Polygon", "coordinates": [[[98.14777804736384, 13.746491369587604], [98.14768793815698, 13.74650916736148], [98.14767743514842, 13.74645917922059], [98.14776754434233, 13.746441293774321], [98.14777804736384, 13.746491369587604]]]}}}, {"type": "Feature", "geometry": {"type": "Polygon", "coordinates": [[[98.15915037120469, 13.801408046502436], [98.15918113484933, 13.801552913619759], [98.15909492998077, 13.801570164120701], [98.15906424974258, 13.801425294179614], [98.15915037120469, 13.801408046502436]]]}, "id": "0022000000000000d4a0", "properties": {"area_in_meters": 156.27128638348142, "bf_source": "microsoft", "boundary_id": 176, "confidence": null, "geometry_wkt": {"type": "Polygon", "coordinates": [[[98.15915037120469, 13.801408046502436], [98.15918113484933, 13.801552913619759], [98.15909492998077, 13.801570164120701], [98.15906424974258, 13.801425294179614], [98.15915037120469, 13.801408046502436]]]}}}, {"type": "Feature", "geometry": {"type": "Polygon", "coordinates": [[[98.15864273125206, 13.805564694047108], [98.15879546472816, 13.805560584806964], [98.15879729886572, 13.805623074747304], [98.1586445653858, 13.805627184009445], [98.15864273125206, 13.805564694047108]]]}, "id": "0022000000000000d60f", "properties": {"area_in_meters": 114.66699453026787, "bf_source": "microsoft", "boundary_id": 176, "confidence": null, "geometry_wkt": {"type": "Polygon", "coordinates": [[[98.15864273125206, 13.805564694047108], [98.15879546472816, 13.805560584806964], [98.15879729886572, 13.805623074747304], [98.1586445653858, 13.805627184009445], [98.15864273125206, 13.805564694047108]]]}}}, {"type": "Feature", "geometry": {"type": "Polygon", "coordinates": [[[98.15685889123978, 13.760665089516635], [98.15690099193027, 13.760726225314082], [98.15681403944174, 13.760782864865533], [98.15677185543375, 13.760721731779995], [98.15685889123978, 13.760665089516635]]]}, "id": "0022000000000000d7bf", "properties": {"area_in_meters": 92.55467981594167, "bf_source": "microsoft", "boundary_id": 176, "confidence": null, "geometry_wkt": {"type": "Polygon", "coordinates": [[[98.15685889123978, 13.760665089516635], [98.15690099193027, 13.760726225314082], [98.15681403944174, 13.760782864865533], [98.15677185543375, 13.760721731779995], [98.15685889123978, 13.760665089516635]]]}}}, {"type": "Feature", "geometry": {"type": "Polygon", "coordinates": [[[98.1596391728674, 13.795598057195829], [98.15956930812803, 13.795608359763378], [98.15955421802008, 13.795511576671585], [98.15966693536589, 13.795495026501163], [98.15967610616352, 13.795553583693778], [98.15963325353725, 13.795559919053831], [98.1596391728674, 13.795598057195829]]]}, "id": "0022000000000000d7d8", "properties": {"area_in_meters": 113.88028375750955, "bf_source": "microsoft", "boundary_id": 176, "confidence": null, "geometry_wkt": {"type": "Polygon", "coordinates": [[[98.1596391728674, 13.795598057195829], [98.15956930812803, 13.795608359763378], [98.15955421802008, 13.795511576671585], [98.15966693536589, 13.795495026501163], [98.15967610616352, 13.795553583693778], [98.15963325353725, 13.795559919053831], [98.1596391728674, 13.795598057195829]]]}}}, {"type": "Feature", "geometry": {"type": "Polygon", "coordinates": [[[98.15421026467095, 13.757377242775291], [98.15438424692105, 13.757343070151714], [98.15440325411099, 13.757434260956073], [98.15422927181562, 13.757468433648434], [98.15421026467095, 13.757377242775291]]]}, "id": "0022000000000000d84a", "properties": {"area_in_meters": 198.24668892669297, "bf_source": "microsoft", "boundary_id": 176, "confidence": null, "geometry_wkt": {"type": "Polygon", "coordinates": [[[98.15421026467095, 13.757377242775291], [98.15438424692105, 13.757343070151714], [98.15440325411099, 13.757434260956073], [98.15422927181562, 13.757468433648434], [98.15421026467095, 13.757377242775291]]]}}}, {"type": "Feature", "geometry": {"type": "Polygon", "coordinates": [[[98.15097928865508, 13.749319218336817], [98.15087758833918, 13.749314250307668], [98.15088217318643, 13.749225879214936], [98.15098379014772, 13.749230850012683], [98.15097928865508, 13.749319218336817]]]}, "id": "0022000000000000d95e", "properties": {"area_in_meters": 108.16179241074721, "bf_source": "microsoft", "boundary_id": 176, "confidence": null, "geometry_wkt": {"type": "Polygon", "coordinates": [[[98.15097928865508, 13.749319218336817], [98.15087758833918, 13.749314250307668], [98.15088217318643, 13.749225879214936], [98.15098379014772, 13.749230850012683], [98.15097928865508, 13.749319218336817]]]}}}, {"type": "Feature", "geometry": {"type": "Polygon", "coordinates": [[[98.16406488165117, 13.824637902188565], [98.16412924787134, 13.824593731796861], [98.16415409391448, 13.82462782553357], [98.16408972767245, 13.824671995946137], [98.16406488165117, 13.824637902188565]]]}, "id": "0022000000000000d9a2", "properties": {"area_in_meters": 39.47172449837044, "bf_source": "microsoft", "boundary_id": 176, "confidence": null, "geometry_wkt": {"type": "Polygon", "coordinates": [[[98.16406488165117, 13.824637902188565], [98.16412924787134, 13.824593731796861], [98.16415409391448, 13.82462782553357], [98.16408972767245, 13.824671995946137], [98.16406488165117, 13.824637902188565]]]}}}, {"type": "Feature", "geometry": {"type": "Polygon", "coordinates": [[[98.15488335402605, 13.759619258079141], [98.15496563574847, 13.759599520408818], [98.1549859769383, 13.759679442829297], [98.15490377855843, 13.75969917777157], [98.15488335402605, 13.759619258079141]]]}, "id": "0022000000000000d9ac", "properties": {"area_in_meters": 83.77609629464966, "bf_source": "microsoft", "boundary_id": 176, "confidence": null, "geometry_wkt": {"type": "Polygon", "coordinates": [[[98.15488335402605, 13.759619258079141], [98.15496563574847, 13.759599520408818], [98.1549859769383, 13.759679442829297], [98.15490377855843, 13.75969917777157], [98.15488335402605, 13.759619258079141]]]}}}, {"type": "Feature", "geometry": {"type": "Polygon", "coordinates": [[[98.15663938446812, 13.780355338625707], [98.15680295154796, 13.780305356808714], [98.15682937908704, 13.78038710599842], [98.15666589531553, 13.780437085125556], [98.15663938446812, 13.780355338625707]]]}, "id": "0022000000000000db76", "properties": {"area_in_meters": 176.4243308313715, "bf_source": "microsoft", "boundary_id": 176, "confidence": null, "geometry_wkt": {"type": "Polygon", "coordinates": [[[98.15663938446812, 13.780355338625707], [98.15680295154796, 13.780305356808714], [98.15682937908704, 13.78038710599842], [98.15666589531553, 13.780437085125556], [98.15663938446812, 13.780355338625707]]]}}}, {"type": "Feature", "geometry": {"type": "Polygon", "coordinates": [[[98.15751041256189, 13.78136287262518], [98.15765188891258, 13.781323972405069], [98.15768115129154, 13.781424047735301], [98.15761162189746, 13.781443194658374], [98.15759995030301, 13.78140332128271], [98.15752800330127, 13.781423162352294], [98.15751041256189, 13.78136287262518]]]}, "id": "0022000000000000dc17", "properties": {"area_in_meters": 146.58013799474173, "bf_source": "microsoft", "boundary_id": 176, "confidence": null, "geometry_wkt": {"type": "Polygon", "coordinates": [[[98.15751041256189, 13.78136287262518], [98.15765188891258, 13.781323972405069], [98.15768115129154, 13.781424047735301], [98.15761162189746, 13.781443194658374], [98.15759995030301, 13.78140332128271], [98.15752800330127, 13.781423162352294], [98.15751041256189, 13.78136287262518]]]}}}, {"type": "Feature", "geometry": {"type": "Polygon", "coordinates": [[[98.1497137133298, 13.749714907214294], [98.14979107101328, 13.74969717856985], [98.14981391155187, 13.749790957354431], [98.14973655384419, 13.749808686033086], [98.1497137133298, 13.749714907214294]]]}, "id": "0022000000000000dcc4", "properties": {"area_in_meters": 91.93544854923172, "bf_source": "microsoft", "boundary_id": 176, "confidence": null, "geometry_wkt": {"type": "Polygon", "coordinates": [[[98.1497137133298, 13.749714907214294], [98.14979107101328, 13.74969717856985], [98.14981391155187, 13.749790957354431], [98.14973655384419, 13.749808686033086], [98.1497137133298, 13.749714907214294]]]}}}, {"type": "Feature", "geometry": {"type": "Polygon", "coordinates": [[[98.15743037891964, 13.76934634994841], [98.15741478904329, 13.769421416238586], [98.1573696034311, 13.769412564316447], [98.15738519329783, 13.769337498028136], [98.15743037891964, 13.76934634994841]]]}, "id": "0022000000000000ddc5", "properties": {"area_in_meters": 42.380716768734764, "bf_source": "microsoft", "boundary_id": 176, "confidence": null, "geometry_wkt": {"type": "Polygon", "coordinates": [[[98.15743037891964, 13.76934634994841], [98.15741478904329, 13.769421416238586], [98.1573696034311, 13.769412564316447], [98.15738519329783, 13.769337498028136], [98.15743037891964, 13.76934634994841]]]}}}, {"type": "Feature", "geometry": {"type": "Polygon", "coordinates": [[[98.1468011894686, 13.748102119111897], [98.14680460707308, 13.748198381099806], [98.14665598310447, 13.748203467977978], [98.14665256550695, 13.748107205955915], [98.1468011894686, 13.748102119111897]]]}, "id": "0022000000000000de08", "properties": {"area_in_meters": 172.0697486279211, "bf_source": "microsoft", "boundary_id": 176, "confidence": null, "geometry_wkt": {"type": "Polygon", "coordinates": [[[98.1468011894686, 13.748102119111897], [98.14680460707308, 13.748198381099806], [98.14665598310447, 13.748203467977978], [98.14665256550695, 13.748107205955915], [98.1468011894686, 13.748102119111897]]]}}}, {"type": "Feature", "geometry": {"type": "Polygon", "coordinates": [[[98.16076585522202, 13.76533456957597], [98.16081729584754, 13.765319183166994], [98.16083313656608, 13.765369174663567], [98.16078169592943, 13.765384561086702], [98.16076585522202, 13.76533456957597]]]}, "id": "0022000000000000dee1", "properties": {"area_in_meters": 33.80936001385427, "bf_source": "microsoft", "boundary_id": 176, "confidence": null, "geometry_wkt": {"type": "Polygon", "coordinates": [[[98.16076585522202, 13.76533456957597], [98.16081729584754, 13.765319183166994], [98.16083313656608, 13.765369174663567], [98.16078169592943, 13.765384561086702], [98.16076585522202, 13.76533456957597]]]}}}, {"type": "Feature", "geometry": {"type": "Polygon", "coordinates": [[[98.16102989525089, 13.80389442435103], [98.16098854253421, 13.803908869869137], [98.16097278515437, 13.803866406920402], [98.16101413786214, 13.803851961412935], [98.16102989525089, 13.80389442435103]]]}, "id": "0022000000000000df4c", "properties": {"area_in_meters": 23.80173599252399, "bf_source": "microsoft", "boundary_id": 176, "confidence": null, "geometry_wkt": {"type": "Polygon", "coordinates": [[[98.16102989525089, 13.80389442435103], [98.16098854253421, 13.803908869869137], [98.16097278515437, 13.803866406920402], [98.16101413786214, 13.803851961412935], [98.16102989525089, 13.80389442435103]]]}}}, {"type": "Feature", "geometry": {"type": "Polygon", "coordinates": [[[98.1595513834145, 13.799399758654586], [98.159549882741, 13.79945700516637], [98.15944533589686, 13.799454424420063], [98.15944691993884, 13.79939717512941], [98.1595513834145, 13.799399758654586]]]}, "id": "0022000000000000dfb7", "properties": {"area_in_meters": 71.93107220707606, "bf_source": "microsoft", "boundary_id": 176, "confidence": null, "geometry_wkt": {"type": "Polygon", "coordinates": [[[98.1595513834145, 13.799399758654586], [98.159549882741, 13.79945700516637], [98.15944533589686, 13.799454424420063], [98.15944691993884, 13.79939717512941], [98.1595513834145, 13.799399758654586]]]}}}, {"type": "Feature", "geometry": {"type": "Polygon", "coordinates": [[[98.17148029277145, 13.818245393375365], [98.17152298556931, 13.818234583866772], [98.1715341590791, 13.818276061463328], [98.17149146627473, 13.818286870980746], [98.17148029277145, 13.818245393375365]]]}, "id": "0022000000000000e148", "properties": {"area_in_meters": 22.704134681794013, "bf_source": "microsoft", "boundary_id": 176, "confidence": null, "geometry_wkt": {"type": "Polygon", "coordinates": [[[98.17148029277145, 13.818245393375365], [98.17152298556931, 13.818234583866772], [98.1715341590791, 13.818276061463328], [98.17149146627473, 13.818286870980746], [98.17148029277145, 13.818245393375365]]]}}}, {"type": "Feature", "geometry": {"type": "Polygon", "coordinates": [[[98.16031664753741, 13.798499639970803], [98.1604023536161, 13.798496617873925], [98.16040643883053, 13.798604295263493], [98.16032073274705, 13.798607405106866], [98.16031664753741, 13.798499639970803]]]}, "id": "0022000000000000e18d", "properties": {"area_in_meters": 111.0491462216633, "bf_source": "microsoft", "boundary_id": 176, "confidence": null, "geometry_wkt": {"type": "Polygon", "coordinates": [[[98.16031664753741, 13.798499639970803], [98.1604023536161, 13.798496617873925], [98.16040643883053, 13.798604295263493], [98.16032073274705, 13.798607405106866], [98.16031664753741, 13.798499639970803]]]}}}, {"type": "Feature", "geometry": {"type": "Polygon", "coordinates": [[[98.136066949814, 13.754465373854671], [98.13610637151194, 13.754459950419104], [98.1361114554957, 13.75449442379651], [98.13607203379497, 13.75449993493638], [98.136066949814, 13.754465373854671]]]}, "id": "0022000000000000e264", "properties": {"area_in_meters": 16.67675284170341, "bf_source": "microsoft", "boundary_id": 176, "confidence": null, "geometry_wkt": {"type": "Polygon", "coordinates": [[[98.136066949814, 13.754465373854671], [98.13610637151194, 13.754459950419104], [98.1361114554957, 13.75449442379651], [98.13607203379497, 13.75449993493638], [98.136066949814, 13.754465373854671]]]}}}, {"type": "Feature", "geometry": {"type": "Polygon", "coordinates": [[[98.14524569589986, 13.74706015902105], [98.14528128824979, 13.747141940570314], [98.14518343016785, 13.74718209231693], [98.14514783786564, 13.747100310713806], [98.14524569589986, 13.74706015902105]]]}, "id": "0022000000000000e2bd", "properties": {"area_in_meters": 113.32045479801698, "bf_source": "microsoft", "boundary_id": 176, "confidence": null, "geometry_wkt": {"type": "Polygon", "coordinates": [[[98.14524569589986, 13.74706015902105], [98.14528128824979, 13.747141940570314], [98.14518343016785, 13.74718209231693], [98.14514783786564, 13.747100310713806], [98.14524569589986, 13.74706015902105]]]}}}, {"type": "Feature", "geometry": {"type": "Polygon", "coordinates": [[[98.16184211403544, 13.820097478089412], [98.16184478198308, 13.82017196677504], [98.16172689213957, 13.820175976477229], [98.16172422419623, 13.82010148777064], [98.16184211403544, 13.820097478089412]]]}, "id": "0022000000000000e404", "properties": {"area_in_meters": 105.4779185843209, "bf_source": "microsoft", "boundary_id": 176, "confidence": null, "geometry_wkt": {"type": "Polygon", "coordinates": [[[98.16184211403544, 13.820097478089412], [98.16184478198308, 13.82017196677504], [98.16172689213957, 13.820175976477229], [98.16172422419623, 13.82010148777064], [98.16184211403544, 13.820097478089412]]]}}}, {"type": "Feature", "geometry": {"type": "Polygon", "coordinates": [[[98.14714686846737, 13.750922777366565], [98.14716403992884, 13.75095606007734], [98.14709843829931, 13.75098804482365], [98.14708126685328, 13.750954674401303], [98.14714686846737, 13.750922777366565]]]}, "id": "0022000000000000e553", "properties": {"area_in_meters": 32.834104624031184, "bf_source": "microsoft", "boundary_id": 176, "confidence": null, "geometry_wkt": {"type": "Polygon", "coordinates": [[[98.14714686846737, 13.750922777366565], [98.14716403992884, 13.75095606007734], [98.14709843829931, 13.75098804482365], [98.14708126685328, 13.750954674401303], [98.14714686846737, 13.750922777366565]]]}}}, {"type": "Feature", "geometry": {"type": "Polygon", "coordinates": [[[98.16360673253655, 13.824363871134505], [98.16353211161496, 13.824378814043286], [98.1635199388238, 13.824321398123779], [98.16359455973297, 13.824306455233716], [98.16360673253655, 13.824363871134505]]]}, "id": "0022000000000000e57c", "properties": {"area_in_meters": 53.655539497247865, "bf_source": "microsoft", "boundary_id": 176, "confidence": null, "geometry_wkt": {"type": "Polygon", "coordinates": [[[98.16360673253655, 13.824363871134505], [98.16353211161496, 13.824378814043286], [98.1635199388238, 13.824321398123779], [98.16359455973297, 13.824306455233716], [98.16360673253655, 13.824363871134505]]]}}}, {"type": "Feature", "geometry": {"type": "Polygon", "coordinates": [[[98.15754651109795, 13.768901870110422], [98.15754375993869, 13.768979931193474], [98.1574044513731, 13.768975250665711], [98.1574072025271, 13.768897189565804], [98.15754651109795, 13.768901870110422]]]}, "id": "0022000000000000e593", "properties": {"area_in_meters": 130.75217234829543, "bf_source": "microsoft", "boundary_id": 176, "confidence": null, "geometry_wkt": {"type": "Polygon", "coordinates": [[[98.15754651109795, 13.768901870110422], [98.15754375993869, 13.768979931193474], [98.1574044513731, 13.768975250665711], [98.1574072025271, 13.768897189565804], [98.15754651109795, 13.768901870110422]]]}}}, {"type": "Feature", "geometry": {"type": "Polygon", "coordinates": [[[98.16263066354702, 13.82481102131946], [98.16262807894496, 13.82474696860952], [98.16269227715203, 13.824744393272965], [98.1626949451307, 13.824808443197945], [98.16263066354702, 13.82481102131946]]]}, "id": "0022000000000000e606", "properties": {"area_in_meters": 49.51604933446139, "bf_source": "microsoft", "boundary_id": 176, "confidence": null, "geometry_wkt": {"type": "Polygon", "coordinates": [[[98.16263066354702, 13.82481102131946], [98.16262807894496, 13.82474696860952], [98.16269227715203, 13.824744393272965], [98.1626949451307, 13.824808443197945], [98.16263066354702, 13.82481102131946]]]}}}, {"type": "Feature", "geometry": {"type": "Polygon", "coordinates": [[[98.15056848693662, 13.751872515394245], [98.15070094689749, 13.751870414933503], [98.15070194722536, 13.751933960802777], [98.15056957062319, 13.75193605852492], [98.15056848693662, 13.751872515394245]]]}, "id": "0022000000000000e630", "properties": {"area_in_meters": 101.04223983594943, "bf_source": "microsoft", "boundary_id": 176, "confidence": null, "geometry_wkt": {"type": "Polygon", "coordinates": [[[98.15056848693662, 13.751872515394245], [98.15070094689749, 13.751870414933503], [98.15070194722536, 13.751933960802777], [98.15056957062319, 13.75193605852492], [98.15056848693662, 13.751872515394245]]]}}}, {"type": "Feature", "geometry": {"type": "Polygon", "coordinates": [[[98.14982341455178, 13.749597453731974], [98.149647692613, 13.749639217879313], [98.14963077064594, 13.749571814675507], [98.14980649254403, 13.749530050585113], [98.14982341455178, 13.749597453731974]]]}, "id": "0022000000000000e663", "properties": {"area_in_meters": 150.73126774503723, "bf_source": "microsoft", "boundary_id": 176, "confidence": null, "geometry_wkt": {"type": "Polygon", "coordinates": [[[98.14982341455178, 13.749597453731974], [98.149647692613, 13.749639217879313], [98.14963077064594, 13.749571814675507], [98.14980649254403, 13.749530050585113], [98.14982341455178, 13.749597453731974]]]}}}, {"type": "Feature", "geometry": {"type": "Polygon", "coordinates": [[[98.15654876412835, 13.771570414882747], [98.15663096435821, 13.771589617638634], [98.15661329046732, 13.771661070694034], [98.15653109025732, 13.771641867931974], [98.15654876412835, 13.771570414882747]]]}, "id": "0022000000000000e88c", "properties": {"area_in_meters": 74.59580290685246, "bf_source": "microsoft", "boundary_id": 176, "confidence": null, "geometry_wkt": {"type": "Polygon", "coordinates": [[[98.15654876412835, 13.771570414882747], [98.15663096435821, 13.771589617638634], [98.15661329046732, 13.771661070694034], [98.15653109025732, 13.771641867931974], [98.15654876412835, 13.771570414882747]]]}}}, {"type": "Feature", "geometry": {"type": "Polygon", "coordinates": [[[98.14982483166591, 13.74717988821494], [98.14982683229766, 13.74725532502372], [98.14972229936176, 13.747257991323906], [98.14972029873284, 13.747182466804992], [98.14982483166591, 13.74717988821494]]]}, "id": "0022000000000000e9ab", "properties": {"area_in_meters": 94.86059892046015, "bf_source": "microsoft", "boundary_id": 176, "confidence": null, "geometry_wkt": {"type": "Polygon", "coordinates": [[[98.14982483166591, 13.74717988821494], [98.14982683229766, 13.74725532502372], [98.14972229936176, 13.747257991323906], [98.14972029873284, 13.747182466804992], [98.14982483166591, 13.74717988821494]]]}}}, {"type": "Feature", "geometry": {"type": "Polygon", "coordinates": [[[98.14902108229056, 13.748268677267141], [98.14902316625904, 13.748190561643435], [98.14915987472148, 13.748194022648468], [98.14915779074909, 13.748272138254546], [98.14902108229056, 13.748268677267141]]]}, "id": "0022000000000000e9ad", "properties": {"area_in_meters": 128.32397241448763, "bf_source": "microsoft", "boundary_id": 176, "confidence": null, "geometry_wkt": {"type": "Polygon", "coordinates": [[[98.14902108229056, 13.748268677267141], [98.14902316625904, 13.748190561643435], [98.14915987472148, 13.748194022648468], [98.14915779074909, 13.748272138254546], [98.14902108229056, 13.748268677267141]]]}}}, {"type": "Feature", "geometry": {"type": "Polygon", "coordinates": [[[98.15085124631322, 13.750828542084413], [98.15092043583206, 13.750801436532704], [98.15096511729108, 13.750909050729367], [98.15089592772995, 13.750936156329683], [98.15085124631322, 13.750828542084413]]]}, "id": "0022000000000000e9e7", "properties": {"area_in_meters": 103.93589212480961, "bf_source": "microsoft", "boundary_id": 176, "confidence": null, "geometry_wkt": {"type": "Polygon", "coordinates": [[[98.15085124631322, 13.750828542084413], [98.15092043583206, 13.750801436532704], [98.15096511729108, 13.750909050729367], [98.15089592772995, 13.750936156329683], [98.15085124631322, 13.750828542084413]]]}}}, {"type": "Feature", "geometry": {"type": "Polygon", "coordinates": [[[98.15033541133937, 13.752952739247261], [98.15046161884872, 13.75293523554022], [98.15047053841013, 13.752996503035947], [98.15034441424564, 13.753014004014316], [98.15033541133937, 13.752952739247261]]]}, "id": "0022000000000000eadc", "properties": {"area_in_meters": 94.75904305406316, "bf_source": "microsoft", "boundary_id": 176, "confidence": null, "geometry_wkt": {"type": "Polygon", "coordinates": [[[98.15033541133937, 13.752952739247261], [98.15046161884872, 13.75293523554022], [98.15047053841013, 13.752996503035947], [98.15034441424564, 13.753014004014316], [98.15033541133937, 13.752952739247261]]]}}}, {"type": "Feature", "geometry": {"type": "Polygon", "coordinates": [[[98.15484950767068, 13.758510019880331], [98.15480824181525, 13.758520769656204], [98.15479748768706, 13.758481836597547], [98.15483875353641, 13.758471174528566], [98.15484950767068, 13.758510019880331]]]}, "id": "0022000000000000ec2f", "properties": {"area_in_meters": 20.65645967395852, "bf_source": "microsoft", "boundary_id": 176, "confidence": null, "geometry_wkt": {"type": "Polygon", "coordinates": [[[98.15484950767068, 13.758510019880331], [98.15480824181525, 13.758520769656204], [98.15479748768706, 13.758481836597547], [98.15483875353641, 13.758471174528566], [98.15484950767068, 13.758510019880331]]]}}}, {"type": "Feature", "geometry": {"type": "Polygon", "coordinates": [[[98.15029164722753, 13.75192043169325], [98.15037033928743, 13.751917741692726], [98.15037342361778, 13.752002090172361], [98.15029473155455, 13.752004780188766], [98.15029164722753, 13.75192043169325]]]}, "id": "0022000000000000ed48", "properties": {"area_in_meters": 79.77361721011351, "bf_source": "microsoft", "boundary_id": 176, "confidence": null, "geometry_wkt": {"type": "Polygon", "coordinates": [[[98.15029164722753, 13.75192043169325], [98.15037033928743, 13.751917741692726], [98.15037342361778, 13.752002090172361], [98.15029473155455, 13.752004780188766], [98.15029164722753, 13.75192043169325]]]}}}, {"type": "Feature", "geometry": {"type": "Polygon", "coordinates": [[[98.14622236627739, 13.751093383684347], [98.14631197354214, 13.751061044150296], [98.14634339862752, 13.751143491467207], [98.14625387467981, 13.75117582829197], [98.14622236627739, 13.751093383684347]]]}, "id": "0022000000000000eec7", "properties": {"area_in_meters": 100.92860872221333, "bf_source": "microsoft", "boundary_id": 176, "confidence": null, "geometry_wkt": {"type": "Polygon", "coordinates": [[[98.14622236627739, 13.751093383684347], [98.14631197354214, 13.751061044150296], [98.14634339862752, 13.751143491467207], [98.14625387467981, 13.75117582829197], [98.14622236627739, 13.751093383684347]]]}}}, {"type": "Feature", "geometry": {"type": "Polygon", "coordinates": [[[98.14641108347278, 13.75165760555675], [98.14633739701867, 13.751667670613637], [98.14632372668919, 13.751573235732899], [98.14639732977378, 13.75156308576076], [98.14641108347278, 13.75165760555675]]]}, "id": "0022000000000000eed0", "properties": {"area_in_meters": 85.24982590522119, "bf_source": "microsoft", "boundary_id": 176, "confidence": null, "geometry_wkt": {"type": "Polygon", "coordinates": [[[98.14641108347278, 13.75165760555675], [98.14633739701867, 13.751667670613637], [98.14632372668919, 13.751573235732899], [98.14639732977378, 13.75156308576076], [98.14641108347278, 13.75165760555675]]]}}}, {"type": "Feature", "geometry": {"type": "Polygon", "coordinates": [[[98.15945900868138, 13.801157424995138], [98.15947651651895, 13.801242639607544], [98.15934745884334, 13.801267542076342], [98.15933003440718, 13.80118241237366], [98.15945900868138, 13.801157424995138]]]}, "id": "0022000000000000eff9", "properties": {"area_in_meters": 137.1836264400646, "bf_source": "microsoft", "boundary_id": 176, "confidence": null, "geometry_wkt": {"type": "Polygon", "coordinates": [[[98.15945900868138, 13.801157424995138], [98.15947651651895, 13.801242639607544], [98.15934745884334, 13.801267542076342], [98.15933003440718, 13.80118241237366], [98.15945900868138, 13.801157424995138]]]}}}, {"type": "Feature", "geometry": {"type": "Polygon", "coordinates": [[[98.15972762939333, 13.795437746116898], [98.15961874701188, 13.795448291561291], [98.159612077346, 13.795383861685758], [98.15972095971752, 13.795373228541255], [98.15972762939333, 13.795437746116898]]]}, "id": "0022000000000000f11b", "properties": {"area_in_meters": 85.13642479313268, "bf_source": "microsoft", "boundary_id": 176, "confidence": null, "geometry_wkt": {"type": "Polygon", "coordinates": [[[98.15972762939333, 13.795437746116898], [98.15961874701188, 13.795448291561291], [98.159612077346, 13.795383861685758], [98.15972095971752, 13.795373228541255], [98.15972762939333, 13.795437746116898]]]}}}, {"type": "Feature", "geometry": {"type": "Polygon", "coordinates": [[[98.14965502824526, 13.747306955028394], [98.14965744566969, 13.747390270464386], [98.1496011780529, 13.747391779708662], [98.1496005945371, 13.747373558998987], [98.14951490112469, 13.747375953238038], [98.14951298386077, 13.747310861243575], [98.14965502824526, 13.747306955028394]]]}, "id": "0022000000000000f2f3", "properties": {"area_in_meters": 123.4429569578163, "bf_source": "microsoft", "boundary_id": 176, "confidence": null, "geometry_wkt": {"type": "Polygon", "coordinates": [[[98.14965502824526, 13.747306955028394], [98.14965744566969, 13.747390270464386], [98.1496011780529, 13.747391779708662], [98.1496005945371, 13.747373558998987], [98.14951490112469, 13.747375953238038], [98.14951298386077, 13.747310861243575], [98.14965502824526, 13.747306955028394]]]}}}, {"type": "Feature", "geometry": {"type": "Polygon", "coordinates": [[[98.15037142297108, 13.752722048417356], [98.1503877615876, 13.752780264208596], [98.15029289763037, 13.75280541313257], [98.15027655903505, 13.75274719731304], [98.15037142297108, 13.752722048417356]]]}, "id": "0022000000000000f316", "properties": {"area_in_meters": 71.23230910752613, "bf_source": "microsoft", "boundary_id": 176, "confidence": null, "geometry_wkt": {"type": "Polygon", "coordinates": [[[98.15037142297108, 13.752722048417356], [98.1503877615876, 13.752780264208596], [98.15029289763037, 13.75280541313257], [98.15027655903505, 13.75274719731304], [98.15037142297108, 13.752722048417356]]]}}}, {"type": "Feature", "geometry": {"type": "Polygon", "coordinates": [[[98.14754181310222, 13.74876796499876], [98.14758599235206, 13.74885147991762], [98.14745237104238, 13.74891824644976], [98.14740819187337, 13.748834731445298], [98.14754181310222, 13.74876796499876]]]}, "id": "0022000000000000f3a5", "properties": {"area_in_meters": 169.46779273701776, "bf_source": "microsoft", "boundary_id": 176, "confidence": null, "geometry_wkt": {"type": "Polygon", "coordinates": [[[98.14754181310222, 13.74876796499876], [98.14758599235206, 13.74885147991762], [98.14745237104238, 13.74891824644976], [98.14740819187337, 13.748834731445298], [98.14754181310222, 13.74876796499876]]]}}}, {"type": "Feature", "geometry": {"type": "Polygon", "coordinates": [[[98.15067777263904, 13.75109718673677], [98.1507203699327, 13.751086131677628], [98.15072945624708, 13.751119242831392], [98.15068694230877, 13.751130295141003], [98.15067777263904, 13.75109718673677]]]}, "id": "0022000000000000f42a", "properties": {"area_in_meters": 18.121397856632232, "bf_source": "microsoft", "boundary_id": 176, "confidence": null, "geometry_wkt": {"type": "Polygon", "coordinates": [[[98.15067777263904, 13.75109718673677], [98.1507203699327, 13.751086131677628], [98.15072945624708, 13.751119242831392], [98.15068694230877, 13.751130295141003], [98.15067777263904, 13.75109718673677]]]}}}, {"type": "Feature", "geometry": {"type": "Polygon", "coordinates": [[[98.14949264419452, 13.748932359787204], [98.14938602775794, 13.74897657416923], [98.14935018333023, 13.748895064298623], [98.14945679971451, 13.74885084997549], [98.14949264419452, 13.748932359787204]]]}, "id": "0022000000000000f45e", "properties": {"area_in_meters": 123.42405436098394, "bf_source": "microsoft", "boundary_id": 176, "confidence": null, "geometry_wkt": {"type": "Polygon", "coordinates": [[[98.14949264419452, 13.748932359787204], [98.14938602775794, 13.74897657416923], [98.14935018333023, 13.748895064298623], [98.14945679971451, 13.74885084997549], [98.14949264419452, 13.748932359787204]]]}}}, {"type": "Feature", "geometry": {"type": "Polygon", "coordinates": [[[98.16036016753758, 13.815949609944532], [98.16040135315545, 13.815948854554362], [98.16040218687266, 13.815989009773332], [98.16036100125432, 13.815989765167137], [98.16036016753758, 13.815949609944532]]]}, "id": "0022000000000000f48d", "properties": {"area_in_meters": 19.883018726805595, "bf_source": "microsoft", "boundary_id": 176, "confidence": null, "geometry_wkt": {"type": "Polygon", "coordinates": [[[98.16036016753758, 13.815949609944532], [98.16040135315545, 13.815948854554362], [98.16040218687266, 13.815989009773332], [98.16036100125432, 13.815989765167137], [98.16036016753758, 13.815949609944532]]]}}}, {"type": "Feature", "geometry": {"type": "Polygon", "coordinates": [[[98.16145843082884, 13.804972572226868], [98.16141182537872, 13.804971489211768], [98.16141299259893, 13.804924603528644], [98.1614595980498, 13.804925686547406], [98.16145843082884, 13.804972572226868]]]}, "id": "0022000000000000f4a9", "properties": {"area_in_meters": 26.23966368125418, "bf_source": "microsoft", "boundary_id": 176, "confidence": null, "geometry_wkt": {"type": "Polygon", "coordinates": [[[98.16145843082884, 13.804972572226868], [98.16141182537872, 13.804971489211768], [98.16141299259893, 13.804924603528644], [98.1614595980498, 13.804925686547406], [98.16145843082884, 13.804972572226868]]]}}}, {"type": "Feature", "geometry": {"type": "Polygon", "coordinates": [[[98.15656593779956, 13.778437840144635], [98.1566698969537, 13.77841360581531], [98.15668632034604, 13.778480072986225], [98.15658236116853, 13.77850430734841], [98.15656593779956, 13.778437840144635]]]}, "id": "0022000000000000f583", "properties": {"area_in_meters": 87.82320775411328, "bf_source": "microsoft", "boundary_id": 176, "confidence": null, "geometry_wkt": {"type": "Polygon", "coordinates": [[[98.15656593779956, 13.778437840144635], [98.1566698969537, 13.77841360581531], [98.15668632034604, 13.778480072986225], [98.15658236116853, 13.77850430734841], [98.15656593779956, 13.778437840144635]]]}}}, {"type": "Feature", "geometry": {"type": "Polygon", "coordinates": [[[98.15872726819121, 13.799380721839388], [98.15879062927478, 13.799363265770529], [98.15883039671976, 13.799499410310041], [98.15876703560171, 13.799516866424042], [98.15872726819121, 13.799380721839388]]]}, "id": "0022000000000000f602", "properties": {"area_in_meters": 111.95889536917088, "bf_source": "microsoft", "boundary_id": 176, "confidence": null, "geometry_wkt": {"type": "Polygon", "coordinates": [[[98.15872726819121, 13.799380721839388], [98.15879062927478, 13.799363265770529], [98.15883039671976, 13.799499410310041], [98.15876703560171, 13.799516866424042], [98.15872726819121, 13.799380721839388]]]}}}, {"type": "Feature", "geometry": {"type": "Polygon", "coordinates": [[[98.15909067809916, 13.80209508596653], [98.15898071285497, 13.80209645774079], [98.15898004589417, 13.802041738377449], [98.15908992776714, 13.802040369385223], [98.15909067809916, 13.80209508596653]]]}, "id": "0022000000000000f649", "properties": {"area_in_meters": 72.21761873186325, "bf_source": "microsoft", "boundary_id": 176, "confidence": null, "geometry_wkt": {"type": "Polygon", "coordinates": [[[98.15909067809916, 13.80209508596653], [98.15898071285497, 13.80209645774079], [98.15898004589417, 13.802041738377449], [98.15908992776714, 13.802040369385223], [98.15909067809916, 13.80209508596653]]]}}}, {"type": "Feature", "geometry": {"type": "Polygon", "coordinates": [[[98.15653259086885, 13.773692076461776], [98.1565341748477, 13.773629575520674], [98.15668431952646, 13.773633282342686], [98.156682151972, 13.77371658952254], [98.15663654997557, 13.773715469693657], [98.15663713354755, 13.773694575729229], [98.15653259086885, 13.773692076461776]]]}, "id": "0022000000000000f67a", "properties": {"area_in_meters": 124.10693989270838, "bf_source": "microsoft", "boundary_id": 176, "confidence": null, "geometry_wkt": {"type": "Polygon", "coordinates": [[[98.15653259086885, 13.773692076461776], [98.1565341748477, 13.773629575520674], [98.15668431952646, 13.773633282342686], [98.156682151972, 13.77371658952254], [98.15663654997557, 13.773715469693657], [98.15663713354755, 13.773694575729229], [98.15653259086885, 13.773692076461776]]]}}}, {"type": "Feature", "geometry": {"type": "Polygon", "coordinates": [[[98.1604853085253, 13.802029106097637], [98.16039526702018, 13.802039115600708], [98.16038801368154, 13.801977421657286], [98.1604780551777, 13.801967412172667], [98.1604853085253, 13.802029106097637]]]}, "id": "0022000000000000f760", "properties": {"area_in_meters": 67.57438288340923, "bf_source": "microsoft", "boundary_id": 176, "confidence": null, "geometry_wkt": {"type": "Polygon", "coordinates": [[[98.1604853085253, 13.802029106097637], [98.16039526702018, 13.802039115600708], [98.16038801368154, 13.801977421657286], [98.1604780551777, 13.801967412172667], [98.1604853085253, 13.802029106097637]]]}}}, {"type": "Feature", "geometry": {"type": "Polygon", "coordinates": [[[98.15143435762224, 13.752102754947586], [98.15150729896409, 13.752125510939301], [98.15147370425703, 13.752227033025171], [98.15140076294873, 13.752204277017734], [98.15143435762224, 13.752102754947586]]]}, "id": "0022000000000000f845", "properties": {"area_in_meters": 98.11193398820099, "bf_source": "microsoft", "boundary_id": 176, "confidence": null, "geometry_wkt": {"type": "Polygon", "coordinates": [[[98.15143435762224, 13.752102754947586], [98.15150729896409, 13.752125510939301], [98.15147370425703, 13.752227033025171], [98.15140076294873, 13.752204277017734], [98.15143435762224, 13.752102754947586]]]}}}, {"type": "Feature", "geometry": {"type": "Polygon", "coordinates": [[[98.14774478780092, 13.754036478360899], [98.14780372142279, 13.754038476165842], [98.14780113734503, 13.754111262454584], [98.14774220372522, 13.754109264656265], [98.14774478780092, 13.754036478360899]]]}, "id": "0022000000000000f8a1", "properties": {"area_in_meters": 51.63416370371862, "bf_source": "microsoft", "boundary_id": 176, "confidence": null, "geometry_wkt": {"type": "Polygon", "coordinates": [[[98.14774478780092, 13.754036478360899], [98.14780372142279, 13.754038476165842], [98.14780113734503, 13.754111262454584], [98.14774220372522, 13.754109264656265], [98.14774478780092, 13.754036478360899]]]}}}, {"type": "Feature", "geometry": {"type": "Polygon", "coordinates": [[[98.15929235095177, 13.799745576969409], [98.15916962974494, 13.79976526790208], [98.1591592918266, 13.799704466763668], [98.15928201301608, 13.799684688134988], [98.15929235095177, 13.799745576969409]]]}, "id": "0022000000000000f9e2", "properties": {"area_in_meters": 92.09946479091202, "bf_source": "microsoft", "boundary_id": 176, "confidence": null, "geometry_wkt": {"type": "Polygon", "coordinates": [[[98.15929235095177, 13.799745576969409], [98.15916962974494, 13.79976526790208], [98.1591592918266, 13.799704466763668], [98.15928201301608, 13.799684688134988], [98.15929235095177, 13.799745576969409]]]}}}, {"type": "Feature", "geometry": {"type": "Polygon", "coordinates": [[[98.15727989923582, 13.771695550014568], [98.15711216269017, 13.771637784565085], [98.15713450530922, 13.771576438549216], [98.15717844025541, 13.771591559117859], [98.15719619765102, 13.77154299489081], [98.15732008270002, 13.77158563696687], [98.15727989923582, 13.771695550014568]]]}, "id": "0022000000000000fc47", "properties": {"area_in_meters": 220.47036137343, "bf_source": "microsoft", "boundary_id": 176, "confidence": null, "geometry_wkt": {"type": "Polygon", "coordinates": [[[98.15727989923582, 13.771695550014568], [98.15711216269017, 13.771637784565085], [98.15713450530922, 13.771576438549216], [98.15717844025541, 13.771591559117859], [98.15719619765102, 13.77154299489081], [98.15732008270002, 13.77158563696687], [98.15727989923582, 13.771695550014568]]]}}}, {"type": "Feature", "geometry": {"type": "Polygon", "coordinates": [[[98.15795801899519, 13.762220095656497], [98.15799545165589, 13.762320325463111], [98.15790149488016, 13.762353343639177], [98.15786414563641, 13.762253111013743], [98.15795801899519, 13.762220095656497]]]}, "id": "0022000000000000fd25", "properties": {"area_in_meters": 127.88981086606633, "bf_source": "microsoft", "boundary_id": 176, "confidence": null, "geometry_wkt": {"type": "Polygon", "coordinates": [[[98.15795801899519, 13.762220095656497], [98.15799545165589, 13.762320325463111], [98.15790149488016, 13.762353343639177], [98.15786414563641, 13.762253111013743], [98.15795801899519, 13.762220095656497]]]}}}, {"type": "Feature", "geometry": {"type": "Polygon", "coordinates": [[[98.162291998082, 13.823825468799965], [98.1623840428981, 13.823773271025917], [98.16241597513944, 13.823826431980404], [98.16232401365707, 13.823878627020678], [98.162291998082, 13.823825468799965]]]}, "id": "0022000000000000fdd9", "properties": {"area_in_meters": 78.76498239327847, "bf_source": "microsoft", "boundary_id": 176, "confidence": null, "geometry_wkt": {"type": "Polygon", "coordinates": [[[98.162291998082, 13.823825468799965], [98.1623840428981, 13.823773271025917], [98.16241597513944, 13.823826431980404], [98.16232401365707, 13.823878627020678], [98.162291998082, 13.823825468799965]]]}}}, {"type": "Feature", "geometry": {"type": "Polygon", "coordinates": [[[98.15655059820953, 13.777894099110949], [98.15657252382017, 13.778004677871627], [98.15650666364073, 13.778016948133196], [98.15648473804984, 13.777906457053101], [98.15655059820953, 13.777894099110949]]]}, "id": "0022000000000000fddb", "properties": {"area_in_meters": 90.6333757333076, "bf_source": "microsoft", "boundary_id": 176, "confidence": null, "geometry_wkt": {"type": "Polygon", "coordinates": [[[98.15655059820953, 13.777894099110949], [98.15657252382017, 13.778004677871627], [98.15650666364073, 13.778016948133196], [98.15648473804984, 13.777906457053101], [98.15655059820953, 13.777894099110949]]]}}}, {"type": "Feature", "geometry": {"type": "Polygon", "coordinates": [[[98.14708526796656, 13.750976992096367], [98.14712953029681, 13.75109847764118], [98.1470555930483, 13.751123897733624], [98.14701133076285, 13.751002324439742], [98.14708526796656, 13.750976992096367]]]}, "id": "0022000000000000ff00", "properties": {"area_in_meters": 121.36139327740642, "bf_source": "microsoft", "boundary_id": 176, "confidence": null, "geometry_wkt": {"type": "Polygon", "coordinates": [[[98.14708526796656, 13.750976992096367], [98.14712953029681, 13.75109847764118], [98.1470555930483, 13.751123897733624], [98.14701133076285, 13.751002324439742], [98.14708526796656, 13.750976992096367]]]}}}, {"type": "Feature", "geometry": {"type": "Polygon", "coordinates": [[[98.15759995030301, 13.766028312666494], [98.15768031760537, 13.766026176249566], [98.1576828186639, 13.766114761396853], [98.15760236799028, 13.766116812888901], [98.15759995030301, 13.766028312666494]]]}, "id": "0022000000000000ff47", "properties": {"area_in_meters": 85.5323343664075, "bf_source": "microsoft", "boundary_id": 176, "confidence": null, "geometry_wkt": {"type": "Polygon", "coordinates": [[[98.15759995030301, 13.766028312666494], [98.15768031760537, 13.766026176249566], [98.1576828186639, 13.766114761396853], [98.15760236799028, 13.766116812888901], [98.15759995030301, 13.766028312666494]]]}}}, {"type": "Feature", "geometry": {"type": "Polygon", "coordinates": [[[98.15549942712552, 13.774733128829347], [98.15549859346423, 13.774649832578817], [98.1556122215856, 13.774648698065066], [98.15561305524818, 13.77473208200517], [98.15549942712552, 13.774733128829347]]]}, "id": "0022000000000000ffc0", "properties": {"area_in_meters": 113.7650929472992, "bf_source": "microsoft", "boundary_id": 176, "confidence": null, "geometry_wkt": {"type": "Polygon", "coordinates": [[[98.15549942712552, 13.774733128829347], [98.15549859346423, 13.774649832578817], [98.1556122215856, 13.774648698065066], [98.15561305524818, 13.77473208200517], [98.15549942712552, 13.774733128829347]]]}}}, {"type": "Feature", "geometry": {"type": "Polygon", "coordinates": [[[98.15658594596529, 13.780001961509644], [98.15669882546958, 13.77997076462774], [98.15671399835567, 13.780022538258708], [98.15660120219535, 13.780053820119706], [98.15658594596529, 13.780001961509644]]]}, "id": "0022000000000000ffc3", "properties": {"area_in_meters": 75.95844133806116, "bf_source": "microsoft", "boundary_id": 176, "confidence": null, "geometry_wkt": {"type": "Polygon", "coordinates": [[[98.15658594596529, 13.780001961509644], [98.15669882546958, 13.77997076462774], [98.15671399835567, 13.780022538258708], [98.15660120219535, 13.780053820119706], [98.15658594596529, 13.780001961509644]]]}}}, {"type": "Feature", "geometry": {"type": "Polygon", "coordinates": [[[98.15139534445444, 13.750527910290897], [98.15129447717271, 13.750565095953952], [98.15124737803512, 13.75044432028899], [98.15134816189045, 13.750407225153165], [98.15139534445444, 13.750527910290897]]]}, "id": "0022000000000001003d", "properties": {"area_in_meters": 167.2153738890505, "bf_source": "microsoft", "boundary_id": 176, "confidence": null, "geometry_wkt": {"type": "Polygon", "coordinates": [[[98.15139534445444, 13.750527910290897], [98.15129447717271, 13.750565095953952], [98.15124737803512, 13.75044432028899], [98.15134816189045, 13.750407225153165], [98.15139534445444, 13.750527910290897]]]}}}, {"type": "Feature", "geometry": {"type": "Polygon", "coordinates": [[[98.14981074388551, 13.750309333815181], [98.14960401227256, 13.750369574860589], [98.14958042156522, 13.750293096198751], [98.14978715311139, 13.750232855239032], [98.14981074388551, 13.750309333815181]]]}, "id": "002200000000000100df", "properties": {"area_in_meters": 206.97887028956546, "bf_source": "microsoft", "boundary_id": 176, "confidence": null, "geometry_wkt": {"type": "Polygon", "coordinates": [[[98.14981074388551, 13.750309333815181], [98.14960401227256, 13.750369574860589], [98.14958042156522, 13.750293096198751], [98.14978715311139, 13.750232855239032], [98.14981074388551, 13.750309333815181]]]}}}, {"type": "Feature", "geometry": {"type": "Polygon", "coordinates": [[[98.1642569799682, 13.824744079037364], [98.16411790874035, 13.824803809690984], [98.16408514199675, 13.824731987803032], [98.16422421316229, 13.824672169477774], [98.1642569799682, 13.824744079037364]]]}, "id": "00220000000000010171", "properties": {"area_in_meters": 143.48619780183185, "bf_source": "microsoft", "boundary_id": 176, "confidence": null, "geometry_wkt": {"type": "Polygon", "coordinates": [[[98.1642569799682, 13.824744079037364], [98.16411790874035, 13.824803809690984], [98.16408514199675, 13.824731987803032], [98.16422421316229, 13.824672169477774], [98.1642569799682, 13.824744079037364]]]}}}, {"type": "Feature", "geometry": {"type": "Polygon", "coordinates": [[[98.15561555623599, 13.775832492929043], [98.15555028048213, 13.775828604440362], [98.1555535317635, 13.775776747738274], [98.15561872415401, 13.775780551284152], [98.15561555623599, 13.775832492929043]]]}, "id": "002200000000000101e9", "properties": {"area_in_meters": 40.80361924536776, "bf_source": "microsoft", "boundary_id": 176, "confidence": null, "geometry_wkt": {"type": "Polygon", "coordinates": [[[98.15561555623599, 13.775832492929043], [98.15555028048213, 13.775828604440362], [98.1555535317635, 13.775776747738274], [98.15561872415401, 13.775780551284152], [98.15561555623599, 13.775832492929043]]]}}}, {"type": "Feature", "geometry": {"type": "Polygon", "coordinates": [[[98.15023879688742, 13.750962183559654], [98.1504070178189, 13.750919526163983], [98.15041885498526, 13.750963420468569], [98.15025055066637, 13.751006080657616], [98.15023879688742, 13.750962183559654]]]}, "id": "00220000000000010205", "properties": {"area_in_meters": 94.76684476394536, "bf_source": "microsoft", "boundary_id": 176, "confidence": null, "geometry_wkt": {"type": "Polygon", "coordinates": [[[98.15023879688742, 13.750962183559654], [98.1504070178189, 13.750919526163983], [98.15041885498526, 13.750963420468569], [98.15025055066637, 13.751006080657616], [98.15023879688742, 13.750962183559654]]]}}}, {"type": "Feature", "geometry": {"type": "Polygon", "coordinates": [[[98.15089942888687, 13.750604468319503], [98.15095252978774, 13.750702245280934], [98.1508875082818, 13.750735614657641], [98.15083432406738, 13.75063775270895], [98.15089942888687, 13.750604468319503]]]}, "id": "00220000000000010367", "properties": {"area_in_meters": 97.69705127817953, "bf_source": "microsoft", "boundary_id": 176, "confidence": null, "geometry_wkt": {"type": "Polygon", "coordinates": [[[98.15089942888687, 13.750604468319503], [98.15095252978774, 13.750702245280934], [98.1508875082818, 13.750735614657641], [98.15083432406738, 13.75063775270895], [98.15089942888687, 13.750604468319503]]]}}}, {"type": "Feature", "geometry": {"type": "Polygon", "coordinates": [[[98.15624289004843, 13.776901324893206], [98.15617436242518, 13.77690368423088], [98.15617177805133, 13.776832110285024], [98.1562402223052, 13.776829753722618], [98.15624289004843, 13.776901324893206]]]}, "id": "002200000000000103e6", "properties": {"area_in_meters": 58.98592268972787, "bf_source": "microsoft", "boundary_id": 176, "confidence": null, "geometry_wkt": {"type": "Polygon", "coordinates": [[[98.15624289004843, 13.776901324893206], [98.15617436242518, 13.77690368423088], [98.15617177805133, 13.776832110285024], [98.1562402223052, 13.776829753722618], [98.15624289004843, 13.776901324893206]]]}}}, {"type": "Feature", "geometry": {"type": "Polygon", "coordinates": [[[98.15157298791483, 13.752483327162311], [98.15157540540274, 13.752431331571403], [98.15163967726535, 13.752434204355907], [98.15163717641362, 13.752486202699387], [98.15157298791483, 13.752483327162311]]]}, "id": "002200000000000104ab", "properties": {"area_in_meters": 40.198140593700856, "bf_source": "microsoft", "boundary_id": 176, "confidence": null, "geometry_wkt": {"type": "Polygon", "coordinates": [[[98.15157298791483, 13.752483327162311], [98.15157540540274, 13.752431331571403], [98.15163967726535, 13.752434204355907], [98.15163717641362, 13.752486202699387], [98.15157298791483, 13.752483327162311]]]}}}, {"type": "Feature", "geometry": {"type": "Polygon", "coordinates": [[[98.14360963349421, 13.744911108686816], [98.1435269478001, 13.744926817850466], [98.14350677650584, 13.744826463198342], [98.14358946217712, 13.744810754070016], [98.14360963349421, 13.744911108686816]]]}, "id": "002200000000000104c3", "properties": {"area_in_meters": 103.48247607511374, "bf_source": "microsoft", "boundary_id": 176, "confidence": null, "geometry_wkt": {"type": "Polygon", "coordinates": [[[98.14360963349421, 13.744911108686816], [98.1435269478001, 13.744926817850466], [98.14350677650584, 13.744826463198342], [98.14358946217712, 13.744810754070016], [98.14360963349421, 13.744911108686816]]]}}}, {"type": "Feature", "geometry": {"type": "Polygon", "coordinates": [[[98.15521831707791, 13.779296835166768], [98.15530943596363, 13.77929407766886], [98.15531135337964, 13.77935392169947], [98.15522023449152, 13.779356679210151], [98.15521831707791, 13.779296835166768]]]}, "id": "002200000000000104e1", "properties": {"area_in_meters": 65.55288215078754, "bf_source": "microsoft", "boundary_id": 176, "confidence": null, "geometry_wkt": {"type": "Polygon", "coordinates": [[[98.15521831707791, 13.779296835166768], [98.15530943596363, 13.77929407766886], [98.15531135337964, 13.77935392169947], [98.15522023449152, 13.779356679210151], [98.15521831707791, 13.779296835166768]]]}}}, {"type": "Feature", "geometry": {"type": "Polygon", "coordinates": [[[98.15131890204717, 13.749721725861066], [98.15138225670837, 13.749706915235699], [98.15139567790023, 13.74976110449236], [98.151332239866, 13.749775917890755], [98.15131890204717, 13.749721725861066]]]}, "id": "00220000000000010622", "properties": {"area_in_meters": 43.64464924920504, "bf_source": "microsoft", "boundary_id": 176, "confidence": null, "geometry_wkt": {"type": "Polygon", "coordinates": [[[98.15131890204717, 13.749721725861066], [98.15138225670837, 13.749706915235699], [98.15139567790023, 13.74976110449236], [98.151332239866, 13.749775917890755], [98.15131890204717, 13.749721725861066]]]}}}, {"type": "Feature", "geometry": {"type": "Polygon", "coordinates": [[[98.15354026597919, 13.756028963645225], [98.15358861705403, 13.756088313280536], [98.15351267253531, 13.756146601987822], [98.15346440487455, 13.756087337244827], [98.15354026597919, 13.756028963645225]]]}, "id": "00220000000000010623", "properties": {"area_in_meters": 87.849185812816, "bf_source": "microsoft", "boundary_id": 176, "confidence": null, "geometry_wkt": {"type": "Polygon", "coordinates": [[[98.15354026597919, 13.756028963645225], [98.15358861705403, 13.756088313280536], [98.15351267253531, 13.756146601987822], [98.15346440487455, 13.756087337244827], [98.15354026597919, 13.756028963645225]]]}}}, {"type": "Feature", "geometry": {"type": "Polygon", "coordinates": [[[98.14976172843404, 13.748956875024401], [98.14983125035965, 13.74895369964716], [98.14983600186058, 13.749050882158627], [98.14976639657085, 13.749054060308925], [98.14976172843404, 13.748956875024401]]]}, "id": "0022000000000001079d", "properties": {"area_in_meters": 81.45258562750406, "bf_source": "microsoft", "boundary_id": 176, "confidence": null, "geometry_wkt": {"type": "Polygon", "coordinates": [[[98.14976172843404, 13.748956875024401], [98.14983125035965, 13.74895369964716], [98.14983600186058, 13.749050882158627], [98.14976639657085, 13.749054060308925], [98.14976172843404, 13.748956875024401]]]}}}, {"type": "Feature", "geometry": {"type": "Polygon", "coordinates": [[[98.14839956218292, 13.750929774993235], [98.148482670185, 13.750928079821549], [98.14848358712437, 13.750972335410655], [98.14840047912125, 13.750974030590493], [98.14839956218292, 13.750929774993235]]]}, "id": "00220000000000010b42", "properties": {"area_in_meters": 44.20960238567952, "bf_source": "microsoft", "boundary_id": 176, "confidence": null, "geometry_wkt": {"type": "Polygon", "coordinates": [[[98.14839956218292, 13.750929774993235], [98.148482670185, 13.750928079821549], [98.14848358712437, 13.750972335410655], [98.14840047912125, 13.750974030590493], [98.14839956218292, 13.750929774993235]]]}}}, {"type": "Feature", "geometry": {"type": "Polygon", "coordinates": [[[98.16002101235988, 13.796482429744298], [98.16003443513814, 13.79648189627454], [98.1600383535894, 13.796572910305287], [98.15995806706609, 13.796576190547004], [98.15995064702841, 13.796404499968398], [98.16001759413723, 13.79640183818214], [98.16002101235988, 13.796482429744298]]]}, "id": "00220000000000010b81", "properties": {"area_in_meters": 152.83607248193914, "bf_source": "microsoft", "boundary_id": 176, "confidence": null, "geometry_wkt": {"type": "Polygon", "coordinates": [[[98.16002101235988, 13.796482429744298], [98.16003443513814, 13.79648189627454], [98.1600383535894, 13.796572910305287], [98.15995806706609, 13.796576190547004], [98.15995064702841, 13.796404499968398], [98.16001759413723, 13.79640183818214], [98.16002101235988, 13.796482429744298]]]}}}, {"type": "Feature", "geometry": {"type": "Polygon", "coordinates": [[[98.14470114344488, 13.745864221375843], [98.14476640950531, 13.745833653193259], [98.14481308769416, 13.74592752030156], [98.14474790494585, 13.745958173467912], [98.14470114344488, 13.745864221375843]]]}, "id": "00220000000000010da7", "properties": {"area_in_meters": 90.74794387708069, "bf_source": "microsoft", "boundary_id": 176, "confidence": null, "geometry_wkt": {"type": "Polygon", "coordinates": [[[98.14470114344488, 13.745864221375843], [98.14476640950531, 13.745833653193259], [98.14481308769416, 13.74592752030156], [98.14474790494585, 13.745958173467912], [98.14470114344488, 13.745864221375843]]]}}}, {"type": "Feature", "geometry": {"type": "Polygon", "coordinates": [[[98.15488893950985, 13.758249301913029], [98.1549111147184, 13.758296802089847], [98.15484000401706, 13.758328184267043], [98.15481774546474, 13.758280686825957], [98.15488893950985, 13.758249301913029]]]}, "id": "002200000000000110ad", "properties": {"area_in_meters": 48.975562137034885, "bf_source": "microsoft", "boundary_id": 176, "confidence": null, "geometry_wkt": {"type": "Polygon", "coordinates": [[[98.15488893950985, 13.758249301913029], [98.1549111147184, 13.758296802089847], [98.15484000401706, 13.758328184267043], [98.15481774546474, 13.758280686825957], [98.15488893950985, 13.758249301913029]]]}}}, {"type": "Feature", "geometry": {"type": "Polygon", "coordinates": [[[98.15910393396615, 13.802146667642685], [98.15910701866511, 13.802216834379324], [98.15903740454473, 13.80221967311403], [98.15903431984873, 13.802149506365303], [98.15910393396615, 13.802146667642685]]]}, "id": "002200000000000110bc", "properties": {"area_in_meters": 58.78424944282131, "bf_source": "microsoft", "boundary_id": 176, "confidence": null, "geometry_wkt": {"type": "Polygon", "coordinates": [[[98.15910393396615, 13.802146667642685], [98.15910701866511, 13.802216834379324], [98.15903740454473, 13.80221967311403], [98.15903431984873, 13.802149506365303], [98.15910393396615, 13.802146667642685]]]}}}, {"type": "Feature", "geometry": {"type": "Polygon", "coordinates": [[[98.16228082598359, 13.800764096191315], [98.1622356373641, 13.800768317157447], [98.16223130192607, 13.800724423080283], [98.16227649054287, 13.800720289845657], [98.16228082598359, 13.800764096191315]]]}, "id": "002200000000000110d2", "properties": {"area_in_meters": 24.024099906994, "bf_source": "microsoft", "boundary_id": 176, "confidence": null, "geometry_wkt": {"type": "Polygon", "coordinates": [[[98.16228082598359, 13.800764096191315], [98.1622356373641, 13.800768317157447], [98.16223130192607, 13.800724423080283], [98.16227649054287, 13.800720289845657], [98.16228082598359, 13.800764096191315]]]}}}, {"type": "Feature", "geometry": {"type": "Polygon", "coordinates": [[[98.15575444456016, 13.778213887524632], [98.15575744575133, 13.778284045066606], [98.15567974828578, 13.778287234728573], [98.15567674709779, 13.778216989461484], [98.15575444456016, 13.778213887524632]]]}, "id": "0022000000000001115b", "properties": {"area_in_meters": 65.58664003223583, "bf_source": "microsoft", "boundary_id": 176, "confidence": null, "geometry_wkt": {"type": "Polygon", "coordinates": [[[98.15575444456016, 13.778213887524632], [98.15575744575133, 13.778284045066606], [98.15567974828578, 13.778287234728573], [98.15567674709779, 13.778216989461484], [98.15575444456016, 13.778213887524632]]]}}}, {"type": "Feature", "geometry": {"type": "Polygon", "coordinates": [[[98.14924698482032, 13.749304759879749], [98.14938069277223, 13.749297357979792], [98.14938486072977, 13.74937009359535], [98.14925115277023, 13.749377407827344], [98.14924698482032, 13.749304759879749]]]}, "id": "002200000000000111d7", "properties": {"area_in_meters": 117.12554344068691, "bf_source": "microsoft", "boundary_id": 176, "confidence": null, "geometry_wkt": {"type": "Polygon", "coordinates": [[[98.14924698482032, 13.749304759879749], [98.14938069277223, 13.749297357979792], [98.14938486072977, 13.74937009359535], [98.14925115277023, 13.749377407827344], [98.14924698482032, 13.749304759879749]]]}}}, {"type": "Feature", "geometry": {"type": "Polygon", "coordinates": [[[98.15938597603275, 13.801420836325008], [98.1593903113021, 13.801464730928734], [98.15930260551848, 13.80147290778674], [98.15929827025434, 13.80142901317105], [98.15938597603275, 13.801420836325008]]]}, "id": "002200000000000111ed", "properties": {"area_in_meters": 46.631945178925804, "bf_source": "microsoft", "boundary_id": 176, "confidence": null, "geometry_wkt": {"type": "Polygon", "coordinates": [[[98.15938597603275, 13.801420836325008], [98.1593903113021, 13.801464730928734], [98.15930260551848, 13.80147290778674], [98.15929827025434, 13.80142901317105], [98.15938597603275, 13.801420836325008]]]}}}, {"type": "Feature", "geometry": {"type": "Polygon", "coordinates": [[[98.15992830354871, 13.815273667062147], [98.15979691068675, 13.815271280153667], [98.15979824462325, 13.815203591880591], [98.15992963748761, 13.815205978804546], [98.15992830354871, 13.815273667062147]]]}, "id": "00220000000000011285", "properties": {"area_in_meters": 106.8257954065175, "bf_source": "microsoft", "boundary_id": 176, "confidence": null, "geometry_wkt": {"type": "Polygon", "coordinates": [[[98.15992830354871, 13.815273667062147], [98.15979691068675, 13.815271280153667], [98.15979824462325, 13.815203591880591], [98.15992963748761, 13.815205978804546], [98.15992830354871, 13.815273667062147]]]}}}, {"type": "Feature", "geometry": {"type": "Polygon", "coordinates": [[[98.15951136546525, 13.813523358148583], [98.15960132251105, 13.8134834315111], [98.15963075241197, 13.81354588496524], [98.15954079532996, 13.813585811642453], [98.15951136546525, 13.813523358148583]]]}, "id": "00220000000000011302", "properties": {"area_in_meters": 81.57319578284286, "bf_source": "microsoft", "boundary_id": 176, "confidence": null, "geometry_wkt": {"type": "Polygon", "coordinates": [[[98.15951136546525, 13.813523358148583], [98.15960132251105, 13.8134834315111], [98.15963075241197, 13.81354588496524], [98.15954079532996, 13.813585811642453], [98.15951136546525, 13.813523358148583]]]}}}, {"type": "Feature", "geometry": {"type": "Polygon", "coordinates": [[[98.14969370704569, 13.749639801214363], [98.14978731983061, 13.74961741356285], [98.14980224120279, 13.749676376603396], [98.14970862839873, 13.749698764281558], [98.14969370704569, 13.749639801214363]]]}, "id": "00220000000000011471", "properties": {"area_in_meters": 70.27418338696822, "bf_source": "microsoft", "boundary_id": 176, "confidence": null, "geometry_wkt": {"type": "Polygon", "coordinates": [[[98.14969370704569, 13.749639801214363], [98.14978731983061, 13.74961741356285], [98.14980224120279, 13.749676376603396], [98.14970862839873, 13.749698764281558], [98.14969370704569, 13.749639801214363]]]}}}, {"type": "Feature", "geometry": {"type": "Polygon", "coordinates": [[[98.14949989645193, 13.747161427852692], [98.14963535541496, 13.74714826862809], [98.14964385807825, 13.747230768967848], [98.14950839909945, 13.74724392822775], [98.14949989645193, 13.747161427852692]]]}, "id": "00220000000000011487", "properties": {"area_in_meters": 135.61912886498797, "bf_source": "microsoft", "boundary_id": 176, "confidence": null, "geometry_wkt": {"type": "Polygon", "coordinates": [[[98.14949989645193, 13.747161427852692], [98.14963535541496, 13.74714826862809], [98.14964385807825, 13.747230768967848], [98.14950839909945, 13.74724392822775], [98.14949989645193, 13.747161427852692]]]}}}, {"type": "Feature", "geometry": {"type": "Polygon", "coordinates": [[[98.14656929287545, 13.748448717435075], [98.14651719543157, 13.748451140606544], [98.14651511153458, 13.748409555045674], [98.14656720897699, 13.74840713187972], [98.14656929287545, 13.748448717435075]]]}, "id": "00220000000000011526", "properties": {"area_in_meters": 26.086946722138354, "bf_source": "microsoft", "boundary_id": 176, "confidence": null, "geometry_wkt": {"type": "Polygon", "coordinates": [[[98.14656929287545, 13.748448717435075], [98.14651719543157, 13.748451140606544], [98.14651511153458, 13.748409555045674], [98.14656720897699, 13.74840713187972], [98.14656929287545, 13.748448717435075]]]}}}, {"type": "Feature", "geometry": {"type": "Polygon", "coordinates": [[[98.15570625878513, 13.775743355391104], [98.15561522277093, 13.775747249811372], [98.15560963723163, 13.775623676151845], [98.15570067323887, 13.775619781759653], [98.15570625878513, 13.775743355391104]]]}, "id": "002200000000000115f1", "properties": {"area_in_meters": 135.37995898900365, "bf_source": "microsoft", "boundary_id": 176, "confidence": null, "geometry_wkt": {"type": "Polygon", "coordinates": [[[98.15570625878513, 13.775743355391104], [98.15561522277093, 13.775747249811372], [98.15560963723163, 13.775623676151845], [98.15570067323887, 13.775619781759653], [98.15570625878513, 13.775743355391104]]]}}}, {"type": "Feature", "geometry": {"type": "Polygon", "coordinates": [[[98.15688523543139, 13.780666023009863], [98.15696626889039, 13.780642109357792], [98.1569871942118, 13.780708954503071], [98.15690607736185, 13.780732783236127], [98.15688523543139, 13.780666023009863]]]}, "id": "0022000000000001170b", "properties": {"area_in_meters": 70.99574766647075, "bf_source": "microsoft", "boundary_id": 176, "confidence": null, "geometry_wkt": {"type": "Polygon", "coordinates": [[[98.15688523543139, 13.780666023009863], [98.15696626889039, 13.780642109357792], [98.1569871942118, 13.780708954503071], [98.15690607736185, 13.780732783236127], [98.15688523543139, 13.780666023009863]]]}}}, {"type": "Feature", "geometry": {"type": "Polygon", "coordinates": [[[98.16245382695273, 13.82138258725831], [98.16247500396695, 13.821443299853327], [98.16239087956478, 13.8214710168291], [98.16236961920096, 13.821410306978429], [98.16245382695273, 13.82138258725831]]]}, "id": "00220000000000011903", "properties": {"area_in_meters": 68.44075515983583, "bf_source": "microsoft", "boundary_id": 176, "confidence": null, "geometry_wkt": {"type": "Polygon", "coordinates": [[[98.16245382695273, 13.82138258725831], [98.16247500396695, 13.821443299853327], [98.16239087956478, 13.8214710168291], [98.16236961920096, 13.821410306978429], [98.16245382695273, 13.82138258725831]]]}}}, {"type": "Feature", "geometry": {"type": "Polygon", "coordinates": [[[98.15614176597485, 13.775729534339288], [98.15599028854352, 13.775736046262267], [98.15598745407614, 13.7756736907413], [98.15613893150159, 13.775667178841926], [98.15614176597485, 13.775729534339288]]]}, "id": "00220000000000011913", "properties": {"area_in_meters": 113.75653731993754, "bf_source": "microsoft", "boundary_id": 176, "confidence": null, "geometry_wkt": {"type": "Polygon", "coordinates": [[[98.15614176597485, 13.775729534339288], [98.15599028854352, 13.775736046262267], [98.15598745407614, 13.7756736907413], [98.15613893150159, 13.775667178841926], [98.15614176597485, 13.775729534339288]]]}}}, {"type": "Feature", "geometry": {"type": "Polygon", "coordinates": [[[98.1569730216827, 13.779642662470028], [98.15697685660207, 13.779685338948862], [98.15685430601754, 13.77969554236958], [98.15684863701586, 13.779630910881785], [98.15692850328567, 13.77962422791401], [98.15693042074416, 13.779646180137771], [98.1569730216827, 13.779642662470028]]]}, "id": "00220000000000011a83", "properties": {"area_in_meters": 84.46817590959802, "bf_source": "microsoft", "boundary_id": 176, "confidence": null, "geometry_wkt": {"type": "Polygon", "coordinates": [[[98.1569730216827, 13.779642662470028], [98.15697685660207, 13.779685338948862], [98.15685430601754, 13.77969554236958], [98.15684863701586, 13.779630910881785], [98.15692850328567, 13.77962422791401], [98.15693042074416, 13.779646180137771], [98.1569730216827, 13.779642662470028]]]}}}, {"type": "Feature", "geometry": {"type": "Polygon", "coordinates": [[[98.15905432869006, 13.799929459131016], [98.15923182402646, 13.799890667118753], [98.15924357925184, 13.7999414205642], [98.1590660838869, 13.799980124892361], [98.15905432869006, 13.799929459131016]]]}, "id": "00220000000000011b76", "properties": {"area_in_meters": 113.54344570481601, "bf_source": "microsoft", "boundary_id": 176, "confidence": null, "geometry_wkt": {"type": "Polygon", "coordinates": [[[98.15905432869006, 13.799929459131016], [98.15923182402646, 13.799890667118753], [98.15924357925184, 13.7999414205642], [98.1590660838869, 13.799980124892361], [98.15905432869006, 13.799929459131016]]]}}}, {"type": "Feature", "geometry": {"type": "Polygon", "coordinates": [[[98.15920522887816, 13.79900824710098], [98.1591394496971, 13.799010080749294], [98.15913778229151, 13.79895548361589], [98.15920356147107, 13.798953649975903], [98.15920522887816, 13.79900824710098]]]}, "id": "00220000000000011e2b", "properties": {"area_in_meters": 43.20894990032243, "bf_source": "microsoft", "boundary_id": 176, "confidence": null, "geometry_wkt": {"type": "Polygon", "coordinates": [[[98.15920522887816, 13.79900824710098], [98.1591394496971, 13.799010080749294], [98.15913778229151, 13.79895548361589], [98.15920356147107, 13.798953649975903], [98.15920522887816, 13.79900824710098]]]}}}, {"type": "Feature", "geometry": {"type": "Polygon", "coordinates": [[[98.1500999190466, 13.749820349389255], [98.1501620222501, 13.749808649689323], [98.1501855297852, 13.749926697594255], [98.15012350992171, 13.749938394569027], [98.1500999190466, 13.749820349389255]]]}, "id": "00220000000000011fe9", "properties": {"area_in_meters": 91.23792287809462, "bf_source": "microsoft", "boundary_id": 176, "confidence": null, "geometry_wkt": {"type": "Polygon", "coordinates": [[[98.1500999190466, 13.749820349389255], [98.1501620222501, 13.749808649689323], [98.1501855297852, 13.749926697594255], [98.15012350992171, 13.749938394569027], [98.1500999190466, 13.749820349389255]]]}}}, {"type": "Feature", "geometry": {"type": "Polygon", "coordinates": [[[98.17224034503602, 13.821019297718838], [98.17219056408116, 13.821032712825831], [98.17217672214663, 13.8209843921931], [98.17222650309206, 13.820970889361616], [98.17224034503602, 13.821019297718838]]]}, "id": "0022000000000001204c", "properties": {"area_in_meters": 31.14576502985843, "bf_source": "microsoft", "boundary_id": 176, "confidence": null, "geometry_wkt": {"type": "Polygon", "coordinates": [[[98.17224034503602, 13.821019297718838], [98.17219056408116, 13.821032712825831], [98.17217672214663, 13.8209843921931], [98.17222650309206, 13.820970889361616], [98.17224034503602, 13.821019297718838]]]}}}, {"type": "Feature", "geometry": {"type": "Polygon", "coordinates": [[[98.15156156736967, 13.75063562617278], [98.15161850338997, 13.750625149173475], [98.15162700628407, 13.75066880271747], [98.15157007025714, 13.750679279727184], [98.15156156736967, 13.75063562617278]]]}, "id": "00220000000000012061", "properties": {"area_in_meters": 30.95046678718664, "bf_source": "microsoft", "boundary_id": 176, "confidence": null, "geometry_wkt": {"type": "Polygon", "coordinates": [[[98.15156156736967, 13.75063562617278], [98.15161850338997, 13.750625149173475], [98.15162700628407, 13.75066880271747], [98.15157007025714, 13.750679279727184], [98.15156156736967, 13.75063562617278]]]}}}, {"type": "Feature", "geometry": {"type": "Polygon", "coordinates": [[[98.15510802419618, 13.758302561623745], [98.15516004440083, 13.758274179215693], [98.15518755510095, 13.758321765821393], [98.15513553487672, 13.75835006055099], [98.15510802419618, 13.758302561623745]]]}, "id": "0022000000000001207f", "properties": {"area_in_meters": 39.06121640636383, "bf_source": "microsoft", "boundary_id": 176, "confidence": null, "geometry_wkt": {"type": "Polygon", "coordinates": [[[98.15510802419618, 13.758302561623745], [98.15516004440083, 13.758274179215693], [98.15518755510095, 13.758321765821393], [98.15513553487672, 13.75835006055099], [98.15510802419618, 13.758302561623745]]]}}}, {"type": "Feature", "geometry": {"type": "Polygon", "coordinates": [[[98.15100871508436, 13.753206975907165], [98.15102738795214, 13.75331062877984], [98.1509415261442, 13.75332521994521], [98.15092285329835, 13.753221567036718], [98.15100871508436, 13.753206975907165]]]}, "id": "0022000000000001210b", "properties": {"area_in_meters": 110.18201510798268, "bf_source": "microsoft", "boundary_id": 176, "confidence": null, "geometry_wkt": {"type": "Polygon", "coordinates": [[[98.15100871508436, 13.753206975907165], [98.15102738795214, 13.75331062877984], [98.1509415261442, 13.75332521994521], [98.15092285329835, 13.753221567036718], [98.15100871508436, 13.753206975907165]]]}}}, {"type": "Feature", "geometry": {"type": "Polygon", "coordinates": [[[98.1491662933568, 13.750265571764157], [98.14909835588172, 13.750276236490201], [98.14908518518834, 13.750197571681587], [98.14915312265116, 13.75018681928202], [98.1491662933568, 13.750265571764157]]]}, "id": "00220000000000012111", "properties": {"area_in_meters": 65.91453501615501, "bf_source": "microsoft", "boundary_id": 176, "confidence": null, "geometry_wkt": {"type": "Polygon", "coordinates": [[[98.1491662933568, 13.750265571764157], [98.14909835588172, 13.750276236490201], [98.14908518518834, 13.750197571681587], [98.14915312265116, 13.75018681928202], [98.1491662933568, 13.750265571764157]]]}}}, {"type": "Feature", "geometry": {"type": "Polygon", "coordinates": [[[98.15600421078194, 13.776994842500336], [98.1558889147197, 13.776992787733596], [98.1558902485849, 13.776925030799775], [98.15600554464925, 13.776927173290861], [98.15600421078194, 13.776994842500336]]]}, "id": "00220000000000012165", "properties": {"area_in_meters": 93.77584862850394, "bf_source": "microsoft", "boundary_id": 176, "confidence": null, "geometry_wkt": {"type": "Polygon", "coordinates": [[[98.15600421078194, 13.776994842500336], [98.1558889147197, 13.776992787733596], [98.1558902485849, 13.776925030799775], [98.15600554464925, 13.776927173290861], [98.15600421078194, 13.776994842500336]]]}}}, {"type": "Feature", "geometry": {"type": "Polygon", "coordinates": [[[98.14928933120255, 13.741979916990513], [98.14929291564154, 13.742034428666154], [98.14921547512664, 13.742039179764394], [98.14921189069145, 13.741984668077238], [98.14928933120255, 13.741979916990513]]]}, "id": "002200000000000121ca", "properties": {"area_in_meters": 50.90798451935923, "bf_source": "microsoft", "boundary_id": 176, "confidence": null, "geometry_wkt": {"type": "Polygon", "coordinates": [[[98.14928933120255, 13.741979916990513], [98.14929291564154, 13.742034428666154], [98.14921547512664, 13.742039179764394], [98.14921189069145, 13.741984668077238], [98.14928933120255, 13.741979916990513]]]}}}, {"type": "Feature", "geometry": {"type": "Polygon", "coordinates": [[[98.15638503088303, 13.77750637882897], [98.15646689745985, 13.777508839796594], [98.15646506338074, 13.7775687195415], [98.15638319680598, 13.777566258581713], [98.15638503088303, 13.77750637882897]]]}, "id": "0022000000000001226b", "properties": {"area_in_meters": 58.902309771939414, "bf_source": "microsoft", "boundary_id": 176, "confidence": null, "geometry_wkt": {"type": "Polygon", "coordinates": [[[98.15638503088303, 13.77750637882897], [98.15646689745985, 13.777508839796594], [98.15646506338074, 13.7775687195415], [98.15638319680598, 13.777566258581713], [98.15638503088303, 13.77750637882897]]]}}}, {"type": "Feature", "geometry": {"type": "Polygon", "coordinates": [[[98.15904599167217, 13.797104394929093], [98.15900155538287, 13.79711148476278], [98.15899380196178, 13.7970658628222], [98.15903815487621, 13.797058775764762], [98.15904599167217, 13.797104394929093]]]}, "id": "002200000000000122e2", "properties": {"area_in_meters": 24.98893842131187, "bf_source": "microsoft", "boundary_id": 176, "confidence": null, "geometry_wkt": {"type": "Polygon", "coordinates": [[[98.15904599167217, 13.797104394929093], [98.15900155538287, 13.79711148476278], [98.15899380196178, 13.7970658628222], [98.15903815487621, 13.797058775764762], [98.15904599167217, 13.797104394929093]]]}}}, {"type": "Feature", "geometry": {"type": "Polygon", "coordinates": [[[98.149970461129, 13.751755662506323], [98.14990969184437, 13.751763196789568], [98.14989452037103, 13.751647853224565], [98.14995520628327, 13.751640321722197], [98.149970461129, 13.751755662506323]]]}, "id": "0022000000000001235a", "properties": {"area_in_meters": 85.46711979178964, "bf_source": "microsoft", "boundary_id": 176, "confidence": null, "geometry_wkt": {"type": "Polygon", "coordinates": [[[98.149970461129, 13.751755662506323], [98.14990969184437, 13.751763196789568], [98.14989452037103, 13.751647853224565], [98.14995520628327, 13.751640321722197], [98.149970461129, 13.751755662506323]]]}}}, {"type": "Feature", "geometry": {"type": "Polygon", "coordinates": [[[98.15029556515647, 13.749512652661144], [98.15031407112156, 13.749645685875972], [98.15022862695254, 13.749656841919853], [98.15021012100911, 13.749523808664541], [98.15029556515647, 13.749512652661144]]]}, "id": "0022000000000001240a", "properties": {"area_in_meters": 139.04826755027378, "bf_source": "microsoft", "boundary_id": 176, "confidence": null, "geometry_wkt": {"type": "Polygon", "coordinates": [[[98.15029556515647, 13.749512652661144], [98.15031407112156, 13.749645685875972], [98.15022862695254, 13.749656841919853], [98.15021012100911, 13.749523808664541], [98.15029556515647, 13.749512652661144]]]}}}, {"type": "Feature", "geometry": {"type": "Polygon", "coordinates": [[[98.14946246814274, 13.748799274320023], [98.14930833706713, 13.74881366517912], [98.14930066803345, 13.74873622246292], [98.14945488245212, 13.748721828885223], [98.14946246814274, 13.748799274320023]]]}, "id": "00220000000000012459", "properties": {"area_in_meters": 144.70772035026013, "bf_source": "microsoft", "boundary_id": 176, "confidence": null, "geometry_wkt": {"type": "Polygon", "coordinates": [[[98.14946246814274, 13.748799274320023], [98.14930833706713, 13.74881366517912], [98.14930066803345, 13.74873622246292], [98.14945488245212, 13.748721828885223], [98.14946246814274, 13.748799274320023]]]}}}, {"type": "Feature", "geometry": {"type": "Polygon", "coordinates": [[[98.15093110602875, 13.75353015953566], [98.15107740458582, 13.753492434552859], [98.15109999544325, 13.753575174038518], [98.15095369684093, 13.753612899082334], [98.15093110602875, 13.75353015953566]]]}, "id": "00220000000000012460", "properties": {"area_in_meters": 155.6309221115328, "bf_source": "microsoft", "boundary_id": 176, "confidence": null, "geometry_wkt": {"type": "Polygon", "coordinates": [[[98.15093110602875, 13.75353015953566], [98.15107740458582, 13.753492434552859], [98.15109999544325, 13.753575174038518], [98.15095369684093, 13.753612899082334], [98.15093110602875, 13.75353015953566]]]}}}, {"type": "Feature", "geometry": {"type": "Polygon", "coordinates": [[[98.14887753868446, 13.742585775418044], [98.14896064723037, 13.742583643088869], [98.14896248112112, 13.742653909272756], [98.14887945593168, 13.742656038860835], [98.14887753868446, 13.742585775418044]]]}, "id": "00220000000000012465", "properties": {"area_in_meters": 70.20310237325319, "bf_source": "microsoft", "boundary_id": 176, "confidence": null, "geometry_wkt": {"type": "Polygon", "coordinates": [[[98.14887753868446, 13.742585775418044], [98.14896064723037, 13.742583643088869], [98.14896248112112, 13.742653909272756], [98.14887945593168, 13.742656038860835], [98.14887753868446, 13.742585775418044]]]}}}, {"type": "Feature", "geometry": {"type": "Polygon", "coordinates": [[[98.151332906757, 13.754637016018503], [98.15136841871188, 13.754699859973135], [98.15130039582753, 13.754736048842112], [98.15126488390572, 13.75467329255009], [98.151332906757, 13.754637016018503]]]}, "id": "002200000000000124a7", "properties": {"area_in_meters": 66.78424115193388, "bf_source": "microsoft", "boundary_id": 176, "confidence": null, "geometry_wkt": {"type": "Polygon", "coordinates": [[[98.151332906757, 13.754637016018503], [98.15136841871188, 13.754699859973135], [98.15130039582753, 13.754736048842112], [98.15126488390572, 13.75467329255009], [98.151332906757, 13.754637016018503]]]}}}, {"type": "Feature", "geometry": {"type": "Polygon", "coordinates": [[[98.15094844510168, 13.75364315258609], [98.15095836505392, 13.753685269449107], [98.15092260321562, 13.753693204915454], [98.15091276662915, 13.75365108528824], [98.15094844510168, 13.75364315258609]]]}, "id": "0022000000000001256e", "properties": {"area_in_meters": 18.981563824415797, "bf_source": "microsoft", "boundary_id": 176, "confidence": null, "geometry_wkt": {"type": "Polygon", "coordinates": [[[98.15094844510168, 13.75364315258609], [98.15095836505392, 13.753685269449107], [98.15092260321562, 13.753693204915454], [98.15091276662915, 13.75365108528824], [98.15094844510168, 13.75364315258609]]]}}}, {"type": "Feature", "geometry": {"type": "Polygon", "coordinates": [[[98.15953587645657, 13.798477849148009], [98.1595290400568, 13.79852378057418], [98.15948293606044, 13.798517328798738], [98.15948968908522, 13.798471400140949], [98.15953587645657, 13.798477849148009]]]}, "id": "00220000000000012636", "properties": {"area_in_meters": 25.979971768163338, "bf_source": "microsoft", "boundary_id": 176, "confidence": null, "geometry_wkt": {"type": "Polygon", "coordinates": [[[98.15953587645657, 13.798477849148009], [98.1595290400568, 13.79852378057418], [98.15948293606044, 13.798517328798738], [98.15948968908522, 13.798471400140949], [98.15953587645657, 13.798477849148009]]]}}}, {"type": "Feature", "geometry": {"type": "Polygon", "coordinates": [[[98.15972221028169, 13.798432798955819], [98.15972371095872, 13.798349498811032], [98.1597789025464, 13.798350385280404], [98.15977740186824, 13.798433773141348], [98.15972221028169, 13.798432798955819]]]}, "id": "00220000000000012641", "properties": {"area_in_meters": 55.18588343776279, "bf_source": "microsoft", "boundary_id": 176, "confidence": null, "geometry_wkt": {"type": "Polygon", "coordinates": [[[98.15972221028169, 13.798432798955819], [98.15972371095872, 13.798349498811032], [98.1597789025464, 13.798350385280404], [98.15977740186824, 13.798433773141348], [98.15972221028169, 13.798432798955819]]]}}}, {"type": "Feature", "geometry": {"type": "Polygon", "coordinates": [[[98.14459678455246, 13.752217961051354], [98.14459403388078, 13.752293383152656], [98.14452976821775, 13.75229120978826], [98.144532518887, 13.7522157876795], [98.14459678455246, 13.752217961051354]]]}, "id": "00220000000000012739", "properties": {"area_in_meters": 58.34080601985369, "bf_source": "microsoft", "boundary_id": 176, "confidence": null, "geometry_wkt": {"type": "Polygon", "coordinates": [[[98.14459678455246, 13.752217961051354], [98.14459403388078, 13.752293383152656], [98.14452976821775, 13.75229120978826], [98.144532518887, 13.7522157876795], [98.14459678455246, 13.752217961051354]]]}}}, {"type": "Feature", "geometry": {"type": "Polygon", "coordinates": [[[98.14511724683754, 13.746794308918034], [98.14499996745624, 13.74687377454696], [98.14495337250203, 13.746808930463398], [98.14507065180848, 13.746729464906375], [98.14511724683754, 13.746794308918034]]]}, "id": "002200000000000128b3", "properties": {"area_in_meters": 135.78685306218762, "bf_source": "microsoft", "boundary_id": 176, "confidence": null, "geometry_wkt": {"type": "Polygon", "coordinates": [[[98.14511724683754, 13.746794308918034], [98.14499996745624, 13.74687377454696], [98.14495337250203, 13.746808930463398], [98.14507065180848, 13.746729464906375], [98.14511724683754, 13.746794308918034]]]}}}, {"type": "Feature", "geometry": {"type": "Polygon", "coordinates": [[[98.1484559122322, 13.754352264753752], [98.14848533764501, 13.754353571862028], [98.14848225339439, 13.754418569727791], [98.1484527446247, 13.754417265378633], [98.1484559122322, 13.754352264753752]]]}, "id": "00220000000000012a95", "properties": {"area_in_meters": 23.029433148025788, "bf_source": "microsoft", "boundary_id": 176, "confidence": null, "geometry_wkt": {"type": "Polygon", "coordinates": [[[98.1484559122322, 13.754352264753752], [98.14848533764501, 13.754353571862028], [98.14848225339439, 13.754418569727791], [98.1484527446247, 13.754417265378633], [98.1484559122322, 13.754352264753752]]]}}}, {"type": "Feature", "geometry": {"type": "Polygon", "coordinates": [[[98.15552643775642, 13.77453795755006], [98.1555998000142, 13.774537894388523], [98.1555998000142, 13.774587450111367], [98.15552643775642, 13.77458742557081], [98.15552643775642, 13.77453795755006]]]}, "id": "00220000000000012aff", "properties": {"area_in_meters": 43.63531068160397, "bf_source": "microsoft", "boundary_id": 176, "confidence": null, "geometry_wkt": {"type": "Polygon", "coordinates": [[[98.15552643775642, 13.77453795755006], [98.1555998000142, 13.774537894388523], [98.1555998000142, 13.774587450111367], [98.15552643775642, 13.77458742557081], [98.15552643775642, 13.77453795755006]]]}}}, {"type": "Feature", "geometry": {"type": "Polygon", "coordinates": [[[98.15269095955736, 13.756621314255408], [98.15279016150618, 13.756564097504626], [98.15283250994216, 13.756633556055355], [98.15273330793585, 13.756690685166456], [98.15269095955736, 13.756621314255408]]]}, "id": "00220000000000012b58", "properties": {"area_in_meters": 111.7650040618476, "bf_source": "microsoft", "boundary_id": 176, "confidence": null, "geometry_wkt": {"type": "Polygon", "coordinates": [[[98.15269095955736, 13.756621314255408], [98.15279016150618, 13.756564097504626], [98.15283250994216, 13.756633556055355], [98.15273330793585, 13.756690685166456], [98.15269095955736, 13.756621314255408]]]}}}, {"type": "Feature", "geometry": {"type": "Polygon", "coordinates": [[[98.1590333194068, 13.744013832925313], [98.15897704457068, 13.744015256482788], [98.15897579401926, 13.743968384547404], [98.15903206885442, 13.743966960995955], [98.1590333194068, 13.744013832925313]]]}, "id": "00220000000000012e37", "properties": {"area_in_meters": 31.704255724768075, "bf_source": "microsoft", "boundary_id": 176, "confidence": null, "geometry_wkt": {"type": "Polygon", "coordinates": [[[98.1590333194068, 13.744013832925313], [98.15897704457068, 13.744015256482788], [98.15897579401926, 13.743968384547404], [98.15903206885442, 13.743966960995955], [98.1590333194068, 13.744013832925313]]]}}}, {"type": "Feature", "geometry": {"type": "Polygon", "coordinates": [[[98.1526608655474, 13.756247665189251], [98.1525805037644, 13.756328989063629], [98.1524959739345, 13.756250227153485], [98.15257641898734, 13.75616890059952], [98.1526608655474, 13.756247665189251]]]}, "id": "00220000000000012ed2", "properties": {"area_in_meters": 158.58049130134586, "bf_source": "microsoft", "boundary_id": 176, "confidence": null, "geometry_wkt": {"type": "Polygon", "coordinates": [[[98.1526608655474, 13.756247665189251], [98.1525805037644, 13.756328989063629], [98.1524959739345, 13.756250227153485], [98.15257641898734, 13.75616890059952], [98.1526608655474, 13.756247665189251]]]}}}, {"type": "Feature", "geometry": {"type": "Polygon", "coordinates": [[[98.15620212360787, 13.774637654846497], [98.15609391341171, 13.774640890506928], [98.15609224607557, 13.774588846507505], [98.15620045626927, 13.774585610860258], [98.15620212360787, 13.774637654846497]]]}, "id": "00220000000000012f84", "properties": {"area_in_meters": 67.68512333758858, "bf_source": "microsoft", "boundary_id": 176, "confidence": null, "geometry_wkt": {"type": "Polygon", "coordinates": [[[98.15620212360787, 13.774637654846497], [98.15609391341171, 13.774640890506928], [98.15609224607557, 13.774588846507505], [98.15620045626927, 13.774585610860258], [98.15620212360787, 13.774637654846497]]]}}}, {"type": "Feature", "geometry": {"type": "Polygon", "coordinates": [[[98.15481132633293, 13.777724669327895], [98.1548127435438, 13.777791283086056], [98.15473087881979, 13.777792943964217], [98.1547294616105, 13.77772633019396], [98.15481132633293, 13.777724669327895]]]}, "id": "00220000000000012fa9", "properties": {"area_in_meters": 65.49664463820585, "bf_source": "microsoft", "boundary_id": 176, "confidence": null, "geometry_wkt": {"type": "Polygon", "coordinates": [[[98.15481132633293, 13.777724669327895], [98.1548127435438, 13.777791283086056], [98.15473087881979, 13.777792943964217], [98.1547294616105, 13.77772633019396], [98.15481132633293, 13.777724669327895]]]}}}, {"type": "Feature", "geometry": {"type": "Polygon", "coordinates": [[[98.15883039671976, 13.744192855066311], [98.15883923393268, 13.744246228096046], [98.15879738223562, 13.744252786487634], [98.15878854502775, 13.744199501137865], [98.15883039671976, 13.744192855066311]]]}, "id": "00220000000000012fd8", "properties": {"area_in_meters": 27.484280300709948, "bf_source": "microsoft", "boundary_id": 176, "confidence": null, "geometry_wkt": {"type": "Polygon", "coordinates": [[[98.15883039671976, 13.744192855066311], [98.15883923393268, 13.744246228096046], [98.15879738223562, 13.744252786487634], [98.15878854502775, 13.744199501137865], [98.15883039671976, 13.744192855066311]]]}}}, {"type": "Feature", "geometry": {"type": "Polygon", "coordinates": [[[98.15622329881137, 13.774723609717634], [98.15622038096801, 13.774784752074764], [98.15611333788043, 13.774779879839897], [98.15611625571952, 13.774718737473611], [98.15622329881137, 13.774723609717634]]]}, "id": "00220000000000012ff1", "properties": {"area_in_meters": 78.80373238891106, "bf_source": "microsoft", "boundary_id": 176, "confidence": null, "geometry_wkt": {"type": "Polygon", "coordinates": [[[98.15622329881137, 13.774723609717634], [98.15622038096801, 13.774784752074764], [98.15611333788043, 13.774779879839897], [98.15611625571952, 13.774718737473611], [98.15622329881137, 13.774723609717634]]]}}}, {"type": "Feature", "geometry": {"type": "Polygon", "coordinates": [[[98.15824122381065, 13.763403097766249], [98.15832167518735, 13.76340464226779], [98.15831959095368, 13.763503638531736], [98.15823922294854, 13.763502003580621], [98.15824122381065, 13.763403097766249]]]}, "id": "0022000000000001300a", "properties": {"area_in_meters": 95.62567469177391, "bf_source": "microsoft", "boundary_id": 176, "confidence": null, "geometry_wkt": {"type": "Polygon", "coordinates": [[[98.15824122381065, 13.763403097766249], [98.15832167518735, 13.76340464226779], [98.15831959095368, 13.763503638531736], [98.15823922294854, 13.763502003580621], [98.15824122381065, 13.763403097766249]]]}}}, {"type": "Feature", "geometry": {"type": "Polygon", "coordinates": [[[98.15455347777731, 13.74229749546901], [98.15460708152436, 13.742285814277563], [98.15461358400333, 13.742314185578348], [98.15455998025153, 13.742325866776763], [98.15455347777731, 13.74229749546901]]]}, "id": "00220000000000013102", "properties": {"area_in_meters": 19.189120830546518, "bf_source": "microsoft", "boundary_id": 176, "confidence": null, "geometry_wkt": {"type": "Polygon", "coordinates": [[[98.15455347777731, 13.74229749546901], [98.15460708152436, 13.742285814277563], [98.15461358400333, 13.742314185578348], [98.15455998025153, 13.742325866776763], [98.15455347777731, 13.74229749546901]]]}}}, {"type": "Feature", "geometry": {"type": "Polygon", "coordinates": [[[98.15614835195724, 13.777528784933967], [98.15625172694855, 13.777531234652574], [98.15624997624184, 13.777601549292505], [98.156146601253, 13.777599099586057], [98.15614835195724, 13.777528784933967]]]}, "id": "00220000000000013211", "properties": {"area_in_meters": 87.28132710654303, "bf_source": "microsoft", "boundary_id": 176, "confidence": null, "geometry_wkt": {"type": "Polygon", "coordinates": [[[98.15614835195724, 13.777528784933967], [98.15625172694855, 13.777531234652574], [98.15624997624184, 13.777601549292505], [98.156146601253, 13.777599099586057], [98.15614835195724, 13.777528784933967]]]}}}, {"type": "Feature", "geometry": {"type": "Polygon", "coordinates": [[[98.15654101096742, 13.773200016706896], [98.15654392882358, 13.773094582518917], [98.15666456143619, 13.77309768883804], [98.1566616435752, 13.773203210713262], [98.15654101096742, 13.773200016706896]]]}, "id": "00220000000000013244", "properties": {"area_in_meters": 152.88962304073908, "bf_source": "microsoft", "boundary_id": 176, "confidence": null, "geometry_wkt": {"type": "Polygon", "coordinates": [[[98.15654101096742, 13.773200016706896], [98.15654392882358, 13.773094582518917], [98.15666456143619, 13.77309768883804], [98.1566616435752, 13.773203210713262], [98.15654101096742, 13.773200016706896]]]}}}, {"type": "Feature", "geometry": {"type": "Polygon", "coordinates": [[[98.16140832371819, 13.819383420559042], [98.16145009353684, 13.819476173724821], [98.16133745681499, 13.819523964967523], [98.16129577043341, 13.819431208956713], [98.16140832371819, 13.819383420559042]]]}, "id": "00220000000000013283", "properties": {"area_in_meters": 149.30860865360393, "bf_source": "microsoft", "boundary_id": 176, "confidence": null, "geometry_wkt": {"type": "Polygon", "coordinates": [[[98.16140832371819, 13.819383420559042], [98.16145009353684, 13.819476173724821], [98.16133745681499, 13.819523964967523], [98.16129577043341, 13.819431208956713], [98.16140832371819, 13.819383420559042]]]}}}, {"type": "Feature", "geometry": {"type": "Polygon", "coordinates": [[[98.15961782993278, 13.7949751486455], [98.1596305856703, 13.795039025361422], [98.15955730273801, 13.795052862461983], [98.15954446364253, 13.79498898849437], [98.15961782993278, 13.7949751486455]]]}, "id": "00220000000000013295", "properties": {"area_in_meters": 58.34098680798414, "bf_source": "microsoft", "boundary_id": 176, "confidence": null, "geometry_wkt": {"type": "Polygon", "coordinates": [[[98.15961782993278, 13.7949751486455], [98.1596305856703, 13.795039025361422], [98.15955730273801, 13.795052862461983], [98.15954446364253, 13.79498898849437], [98.15961782993278, 13.7949751486455]]]}}}, {"type": "Feature", "geometry": {"type": "Polygon", "coordinates": [[[98.15072245394965, 13.75092216172802], [98.15079172670728, 13.75089856119907], [98.15083190660401, 13.751010007550521], [98.15076255044757, 13.751033523187708], [98.15072245394965, 13.75092216172802]]]}, "id": "00220000000000013628", "properties": {"area_in_meters": 104.0795502326036, "bf_source": "microsoft", "boundary_id": 176, "confidence": null, "geometry_wkt": {"type": "Polygon", "coordinates": [[[98.15072245394965, 13.75092216172802], [98.15079172670728, 13.75089856119907], [98.15083190660401, 13.751010007550521], [98.15076255044757, 13.751033523187708], [98.15072245394965, 13.75092216172802]]]}}}, {"type": "Feature", "geometry": {"type": "Polygon", "coordinates": [[[98.17307636994933, 13.818586952881962], [98.17313991023441, 13.818563955297105], [98.17315750473256, 13.818609693383408], [98.17309388104601, 13.818632693763975], [98.17307636994933, 13.818586952881962]]]}, "id": "002200000000000136c1", "properties": {"area_in_meters": 39.77538264907341, "bf_source": "microsoft", "boundary_id": 176, "confidence": null, "geometry_wkt": {"type": "Polygon", "coordinates": [[[98.17307636994933, 13.818586952881962], [98.17313991023441, 13.818563955297105], [98.17315750473256, 13.818609693383408], [98.17309388104601, 13.818632693763975], [98.17307636994933, 13.818586952881962]]]}}}, {"type": "Feature", "geometry": {"type": "Polygon", "coordinates": [[[98.15942007460049, 13.8006723655389], [98.15931461086667, 13.800679026626334], [98.15931135941801, 13.800629744995067], [98.15941682314714, 13.800623083921874], [98.15942007460049, 13.8006723655389]]]}, "id": "00220000000000013776", "properties": {"area_in_meters": 62.69531704506848, "bf_source": "microsoft", "boundary_id": 176, "confidence": null, "geometry_wkt": {"type": "Polygon", "coordinates": [[[98.15942007460049, 13.8006723655389], [98.15931461086667, 13.800679026626334], [98.15931135941801, 13.800629744995067], [98.15941682314714, 13.800623083921874], [98.15942007460049, 13.8006723655389]]]}}}, {"type": "Feature", "geometry": {"type": "Polygon", "coordinates": [[[98.15726022435268, 13.781576858023525], [98.1573065770519, 13.781559006064489], [98.1573300035172, 13.781616470968071], [98.15728365080311, 13.781634322944281], [98.15726022435268, 13.781576858023525]]]}, "id": "0022000000000001383f", "properties": {"area_in_meters": 36.981468428547835, "bf_source": "microsoft", "boundary_id": 176, "confidence": null, "geometry_wkt": {"type": "Polygon", "coordinates": [[[98.15726022435268, 13.781576858023525], [98.1573065770519, 13.781559006064489], [98.1573300035172, 13.781616470968071], [98.15728365080311, 13.781634322944281], [98.15726022435268, 13.781576858023525]]]}}}, {"type": "Feature", "geometry": {"type": "Polygon", "coordinates": [[[98.15836852877604, 13.800132949533664], [98.15841146403045, 13.800226355094274], [98.15835560651993, 13.800250580160926], [98.15831258792898, 13.800157265058267], [98.15836852877604, 13.800132949533664]]]}, "id": "002200000000000138dc", "properties": {"area_in_meters": 75.17879252510595, "bf_source": "microsoft", "boundary_id": 176, "confidence": null, "geometry_wkt": {"type": "Polygon", "coordinates": [[[98.15836852877604, 13.800132949533664], [98.15841146403045, 13.800226355094274], [98.15835560651993, 13.800250580160926], [98.15831258792898, 13.800157265058267], [98.15836852877604, 13.800132949533664]]]}}}, {"type": "Feature", "geometry": {"type": "Polygon", "coordinates": [[[98.14865622200479, 13.750520174410445], [98.14857428082044, 13.7505177970463], [98.14857686492556, 13.750434489511852], [98.14865880611282, 13.750436866886936], [98.14865622200479, 13.750520174410445]]]}, "id": "00220000000000013a96", "properties": {"area_in_meters": 82.06016166672654, "bf_source": "microsoft", "boundary_id": 176, "confidence": null, "geometry_wkt": {"type": "Polygon", "coordinates": [[[98.14865622200479, 13.750520174410445], [98.14857428082044, 13.7505177970463], [98.14857686492556, 13.750434489511852], [98.14865880611282, 13.750436866886936], [98.14865622200479, 13.750520174410445]]]}}}, {"type": "Feature", "geometry": {"type": "Polygon", "coordinates": [[[98.15678552771826, 13.780285672903796], [98.15664813804875, 13.78033426041751], [98.15662354465822, 13.780268764977308], [98.15676093428151, 13.780220177518565], [98.15678552771826, 13.780285672903796]]]}, "id": "00220000000000013b4d", "properties": {"area_in_meters": 122.39680820143734, "bf_source": "microsoft", "boundary_id": 176, "confidence": null, "geometry_wkt": {"type": "Polygon", "coordinates": [[[98.15678552771826, 13.780285672903796], [98.15664813804875, 13.78033426041751], [98.15662354465822, 13.780268764977308], [98.15676093428151, 13.780220177518565], [98.15678552771826, 13.780285672903796]]]}}}, {"type": "Feature", "geometry": {"type": "Polygon", "coordinates": [[[98.1502122883716, 13.752273837301066], [98.15034016287309, 13.752234881108837], [98.15035850212894, 13.752291802809422], [98.15023062759535, 13.752330759042167], [98.1502122883716, 13.752273837301066]]]}, "id": "00220000000000013c93", "properties": {"area_in_meters": 96.05726137509932, "bf_source": "microsoft", "boundary_id": 176, "confidence": null, "geometry_wkt": {"type": "Polygon", "coordinates": [[[98.1502122883716, 13.752273837301066], [98.15034016287309, 13.752234881108837], [98.15035850212894, 13.752291802809422], [98.15023062759535, 13.752330759042167], [98.1502122883716, 13.752273837301066]]]}}}, {"type": "Feature", "geometry": {"type": "Polygon", "coordinates": [[[98.1621226659376, 13.820695381199997], [98.16214892865219, 13.820755924375149], [98.16202461855316, 13.82080664942107], [98.16199835588321, 13.820746106195562], [98.1621226659376, 13.820695381199997]]]}, "id": "00220000000000013cd8", "properties": {"area_in_meters": 106.43089989130908, "bf_source": "microsoft", "boundary_id": 176, "confidence": null, "geometry_wkt": {"type": "Polygon", "coordinates": [[[98.1621226659376, 13.820695381199997], [98.16214892865219, 13.820755924375149], [98.16202461855316, 13.82080664942107], [98.16199835588321, 13.820746106195562], [98.1621226659376, 13.820695381199997]]]}}}, {"type": "Feature", "geometry": {"type": "Polygon", "coordinates": [[[98.14871832398094, 13.754407957063732], [98.14877675823756, 13.75440251684791], [98.14878567759327, 13.754492813022935], [98.1487272433295, 13.754498253255168], [98.14871832398094, 13.754407957063732]]]}, "id": "00220000000000013d8a", "properties": {"area_in_meters": 64.03038317232253, "bf_source": "microsoft", "boundary_id": 176, "confidence": null, "geometry_wkt": {"type": "Polygon", "coordinates": [[[98.14871832398094, 13.754407957063732], [98.14877675823756, 13.75440251684791], [98.14878567759327, 13.754492813022935], [98.1487272433295, 13.754498253255168], [98.14871832398094, 13.754407957063732]]]}}}, {"type": "Feature", "geometry": {"type": "Polygon", "coordinates": [[[98.14936635500008, 13.752140801659587], [98.1494647188423, 13.752118782310875], [98.1494847250637, 13.752202834616565], [98.14938636119454, 13.75222494169931], [98.14936635500008, 13.752140801659587]]]}, "id": "00220000000000013db4", "properties": {"area_in_meters": 104.64679940370094, "bf_source": "microsoft", "boundary_id": 176, "confidence": null, "geometry_wkt": {"type": "Polygon", "coordinates": [[[98.14936635500008, 13.752140801659587], [98.1494647188423, 13.752118782310875], [98.1494847250637, 13.752202834616565], [98.14938636119454, 13.75222494169931], [98.14936635500008, 13.752140801659587]]]}}}, {"type": "Feature", "geometry": {"type": "Polygon", "coordinates": [[[98.15590733873479, 13.774403242707812], [98.1559913723105, 13.7744052816276], [98.15598962161002, 13.774475506927184], [98.15590550466973, 13.774473558489355], [98.15590733873479, 13.774403242707812]]]}, "id": "00220000000000013ea2", "properties": {"area_in_meters": 71.02004221375739, "bf_source": "microsoft", "boundary_id": 176, "confidence": null, "geometry_wkt": {"type": "Polygon", "coordinates": [[[98.15590733873479, 13.774403242707812], [98.1559913723105, 13.7744052816276], [98.15598962161002, 13.774475506927184], [98.15590550466973, 13.774473558489355], [98.15590733873479, 13.774403242707812]]]}}}, {"type": "Feature", "geometry": {"type": "Polygon", "coordinates": [[[98.15931461086667, 13.799296825801695], [98.1593200299481, 13.799396739982555], [98.15921156502547, 13.799402184497122], [98.15920622932244, 13.799302355244281], [98.15931461086667, 13.799296825801695]]]}, "id": "00220000000000013f3a", "properties": {"area_in_meters": 130.4006843078646, "bf_source": "microsoft", "boundary_id": 176, "confidence": null, "geometry_wkt": {"type": "Polygon", "coordinates": [[[98.15931461086667, 13.799296825801695], [98.1593200299481, 13.799396739982555], [98.15921156502547, 13.799402184497122], [98.15920622932244, 13.799302355244281], [98.15931461086667, 13.799296825801695]]]}}}, {"type": "Feature", "geometry": {"type": "Polygon", "coordinates": [[[98.15749082098512, 13.761732169071209], [98.15759394776944, 13.761708494623424], [98.15760837052453, 13.761767653212875], [98.15750524371984, 13.761791415389931], [98.15749082098512, 13.761732169071209]]]}, "id": "00220000000000013f5c", "properties": {"area_in_meters": 77.41976997433189, "bf_source": "microsoft", "boundary_id": 176, "confidence": null, "geometry_wkt": {"type": "Polygon", "coordinates": [[[98.15749082098512, 13.761732169071209], [98.15759394776944, 13.761708494623424], [98.15760837052453, 13.761767653212875], [98.15750524371984, 13.761791415389931], [98.15749082098512, 13.761732169071209]]]}}}, {"type": "Feature", "geometry": {"type": "Polygon", "coordinates": [[[98.1474041907424, 13.741335428232118], [98.14739952275654, 13.741247104593366], [98.14753864553438, 13.741240141213018], [98.14754331352913, 13.74132855250865], [98.1474041907424, 13.741335428232118]]]}, "id": "00220000000000013f9f", "properties": {"area_in_meters": 148.00418773055367, "bf_source": "microsoft", "boundary_id": 176, "confidence": null, "geometry_wkt": {"type": "Polygon", "coordinates": [[[98.1474041907424, 13.741335428232118], [98.14739952275654, 13.741247104593366], [98.14753864553438, 13.741240141213018], [98.14754331352913, 13.74132855250865], [98.1474041907424, 13.741335428232118]]]}}}, {"type": "Feature", "geometry": {"type": "Polygon", "coordinates": [[[98.15039518065447, 13.754318123345998], [98.15031040327226, 13.7543487272288], [98.1502858120146, 13.754284644964079], [98.15037067272856, 13.754253950661097], [98.15039518065447, 13.754318123345998]]]}, "id": "00220000000000014203", "properties": {"area_in_meters": 74.32567662666494, "bf_source": "microsoft", "boundary_id": 176, "confidence": null, "geometry_wkt": {"type": "Polygon", "coordinates": [[[98.15039518065447, 13.754318123345998], [98.15031040327226, 13.7543487272288], [98.1502858120146, 13.754284644964079], [98.15037067272856, 13.754253950661097], [98.15039518065447, 13.754318123345998]]]}}}, {"type": "Feature", "geometry": {"type": "Polygon", "coordinates": [[[98.14281745504817, 13.744310713364555], [98.14281428768528, 13.744417450784953], [98.14275110715936, 13.744415678694125], [98.14275427451952, 13.744308941262842], [98.14281745504817, 13.744310713364555]]]}, "id": "002200000000000142d1", "properties": {"area_in_meters": 81.07846885673715, "bf_source": "microsoft", "boundary_id": 176, "confidence": null, "geometry_wkt": {"type": "Polygon", "coordinates": [[[98.14281745504817, 13.744310713364555], [98.14281428768528, 13.744417450784953], [98.14275110715936, 13.744415678694125], [98.14275427451952, 13.744308941262842], [98.14281745504817, 13.744310713364555]]]}}}, {"type": "Feature", "geometry": {"type": "Polygon", "coordinates": [[[98.1556098873304, 13.77748909602051], [98.15569450412858, 13.77748681740344], [98.15569792214907, 13.777609236645398], [98.15561338871322, 13.77761151252284], [98.1556098873304, 13.77748909602051]]]}, "id": "00220000000000014316", "properties": {"area_in_meters": 124.32628631933659, "bf_source": "microsoft", "boundary_id": 176, "confidence": null, "geometry_wkt": {"type": "Polygon", "coordinates": [[[98.1556098873304, 13.77748909602051], [98.15569450412858, 13.77748681740344], [98.15569792214907, 13.777609236645398], [98.15561338871322, 13.77761151252284], [98.1556098873304, 13.77748909602051]]]}}}, {"type": "Feature", "geometry": {"type": "Polygon", "coordinates": [[[98.16340871629153, 13.823882361495906], [98.16338462087766, 13.82389799158374], [98.16333751394963, 13.823829630368959], [98.16343206133675, 13.823768224014], [98.1634915912358, 13.823854684902992], [98.1634210558145, 13.82390037627553], [98.16340871629153, 13.823882361495906]]]}, "id": "00220000000000014322", "properties": {"area_in_meters": 134.40971556775983, "bf_source": "microsoft", "boundary_id": 176, "confidence": null, "geometry_wkt": {"type": "Polygon", "coordinates": [[[98.16340871629153, 13.823882361495906], [98.16338462087766, 13.82389799158374], [98.16333751394963, 13.823829630368959], [98.16343206133675, 13.823768224014], [98.1634915912358, 13.823854684902992], [98.1634210558145, 13.82390037627553], [98.16340871629153, 13.823882361495906]]]}}}, {"type": "Feature", "geometry": {"type": "Polygon", "coordinates": [[[98.15942324268337, 13.800614185847323], [98.15930585696675, 13.800622471064354], [98.15930043788637, 13.80054983867561], [98.1594178235943, 13.80054164120845], [98.15942324268337, 13.800614185847323]]]}, "id": "0022000000000001434e", "properties": {"area_in_meters": 102.8120819058121, "bf_source": "microsoft", "boundary_id": 176, "confidence": null, "geometry_wkt": {"type": "Polygon", "coordinates": [[[98.15942324268337, 13.800614185847323], [98.15930585696675, 13.800622471064354], [98.15930043788637, 13.80054983867561], [98.1594178235943, 13.80054164120845], [98.15942324268337, 13.800614185847323]]]}}}, {"type": "Feature", "geometry": {"type": "Polygon", "coordinates": [[[98.14974755730624, 13.752245971530089], [98.14976806376265, 13.752320360789213], [98.14969545759533, 13.752339248488859], [98.1496749511593, 13.752264859202374], [98.14974755730624, 13.752245971530089]]]}, "id": "002200000000000143b6", "properties": {"area_in_meters": 69.45759143201916, "bf_source": "microsoft", "boundary_id": 176, "confidence": null, "geometry_wkt": {"type": "Polygon", "coordinates": [[[98.14974755730624, 13.752245971530089], [98.14976806376265, 13.752320360789213], [98.14969545759533, 13.752339248488859], [98.1496749511593, 13.752264859202374], [98.14974755730624, 13.752245971530089]]]}}}, {"type": "Feature", "geometry": {"type": "Polygon", "coordinates": [[[98.17200686681376, 13.818912806040936], [98.17196042141336, 13.818930496370273], [98.17194249366345, 13.818886348329485], [98.1719890224374, 13.818868567500365], [98.17200686681376, 13.818912806040936]]]}, "id": "0022000000000001450a", "properties": {"area_in_meters": 28.483152946413647, "bf_source": "microsoft", "boundary_id": 176, "confidence": null, "geometry_wkt": {"type": "Polygon", "coordinates": [[[98.17200686681376, 13.818912806040936], [98.17196042141336, 13.818930496370273], [98.17194249366345, 13.818886348329485], [98.1719890224374, 13.818868567500365], [98.17200686681376, 13.818912806040936]]]}}}, {"type": "Feature", "geometry": {"type": "Polygon", "coordinates": [[[98.14963743940098, 13.750993555907147], [98.14970170955867, 13.750996429429962], [98.1496962911904, 13.75111078710821], [98.14963210439691, 13.75110791083947], [98.14963743940098, 13.750993555907147]]]}, "id": "00220000000000014696", "properties": {"area_in_meters": 88.44292058477366, "bf_source": "microsoft", "boundary_id": 176, "confidence": null, "geometry_wkt": {"type": "Polygon", "coordinates": [[[98.14963743940098, 13.750993555907147], [98.14970170955867, 13.750996429429962], [98.1496962911904, 13.75111078710821], [98.14963210439691, 13.75110791083947], [98.14963743940098, 13.750993555907147]]]}}}, {"type": "Feature", "geometry": {"type": "Polygon", "coordinates": [[[98.15643896944218, 13.776052717764284], [98.15631033396423, 13.776056806336712], [98.15630733275033, 13.775965687338381], [98.1564358848558, 13.775961689267065], [98.15643896944218, 13.776052717764284]]]}, "id": "002200000000000146e7", "properties": {"area_in_meters": 140.81789399262237, "bf_source": "microsoft", "boundary_id": 176, "confidence": null, "geometry_wkt": {"type": "Polygon", "coordinates": [[[98.15643896944218, 13.776052717764284], [98.15631033396423, 13.776056806336712], [98.15630733275033, 13.775965687338381], [98.1564358848558, 13.775961689267065], [98.15643896944218, 13.776052717764284]]]}}}, {"type": "Feature", "geometry": {"type": "Polygon", "coordinates": [[[98.15059666279238, 13.750205562525876], [98.15070619861895, 13.750199134298242], [98.15070911624214, 13.75024577871784], [98.15059958041121, 13.750252294653263], [98.15059666279238, 13.750205562525876]]]}, "id": "00220000000000014892", "properties": {"area_in_meters": 61.710151345319396, "bf_source": "microsoft", "boundary_id": 176, "confidence": null, "geometry_wkt": {"type": "Polygon", "coordinates": [[[98.15059666279238, 13.750205562525876], [98.15070619861895, 13.750199134298242], [98.15070911624214, 13.75024577871784], [98.15059958041121, 13.750252294653263], [98.15059666279238, 13.750205562525876]]]}}}, {"type": "Feature", "geometry": {"type": "Polygon", "coordinates": [[[98.15103055567127, 13.750475606380807], [98.15113959198142, 13.750465774338526], [98.15114592742951, 13.750531949260612], [98.15103689110991, 13.750541781325078], [98.15103055567127, 13.750475606380807]]]}, "id": "00220000000000014939", "properties": {"area_in_meters": 87.41009193401281, "bf_source": "microsoft", "boundary_id": 176, "confidence": null, "geometry_wkt": {"type": "Polygon", "coordinates": [[[98.15103055567127, 13.750475606380807], [98.15113959198142, 13.750465774338526], [98.15114592742951, 13.750531949260612], [98.15103689110991, 13.750541781325078], [98.15103055567127, 13.750475606380807]]]}}}, {"type": "Feature", "geometry": {"type": "Polygon", "coordinates": [[[98.1579587693156, 13.766673059900794], [98.15803413487106, 13.766663634173108], [98.15804247177356, 13.766726329141463], [98.15796718957846, 13.766735839827001], [98.1579587693156, 13.766673059900794]]]}, "id": "0022000000000001496c", "properties": {"area_in_meters": 57.69409997276787, "bf_source": "microsoft", "boundary_id": 176, "confidence": null, "geometry_wkt": {"type": "Polygon", "coordinates": [[[98.1579587693156, 13.766673059900794], [98.15803413487106, 13.766663634173108], [98.15804247177356, 13.766726329141463], [98.15796718957846, 13.766735839827001], [98.1579587693156, 13.766673059900794]]]}}}, {"type": "Feature", "geometry": {"type": "Polygon", "coordinates": [[[98.1598476836619, 13.802029409784977], [98.15972204353979, 13.802080429526121], [98.15968486010776, 13.801993938086069], [98.15981041679493, 13.801942921186926], [98.1598476836619, 13.802029409784977]]]}, "id": "00220000000000014a05", "properties": {"area_in_meters": 153.19713339245365, "bf_source": "microsoft", "boundary_id": 176, "confidence": null, "geometry_wkt": {"type": "Polygon", "coordinates": [[[98.1598476836619, 13.802029409784977], [98.15972204353979, 13.802080429526121], [98.15968486010776, 13.801993938086069], [98.15981041679493, 13.801942921186926], [98.1598476836619, 13.802029409784977]]]}}}, {"type": "Feature", "geometry": {"type": "Polygon", "coordinates": [[[98.15191043665371, 13.819512033722125], [98.15195145078648, 13.819515847621123], [98.15194686587213, 13.819562238668386], [98.15190585174192, 13.819558512510406], [98.15191043665371, 13.819512033722125]]]}, "id": "00220000000000014a0f", "properties": {"area_in_meters": 23.08868027105515, "bf_source": "microsoft", "boundary_id": 176, "confidence": null, "geometry_wkt": {"type": "Polygon", "coordinates": [[[98.15191043665371, 13.819512033722125], [98.15195145078648, 13.819515847621123], [98.15194686587213, 13.819562238668386], [98.15190585174192, 13.819558512510406], [98.15191043665371, 13.819512033722125]]]}}}, {"type": "Feature", "geometry": {"type": "Polygon", "coordinates": [[[98.15991429719178, 13.814758864282721], [98.15992096688521, 13.814702316687455], [98.1599977517748, 13.814710818316078], [98.15999108207436, 13.81476736590889], [98.15991429719178, 13.814758864282721]]]}, "id": "00220000000000014c45", "properties": {"area_in_meters": 52.82562139160249, "bf_source": "microsoft", "boundary_id": 176, "confidence": null, "geometry_wkt": {"type": "Polygon", "coordinates": [[[98.15991429719178, 13.814758864282721], [98.15992096688521, 13.814702316687455], [98.1599977517748, 13.814710818316078], [98.15999108207436, 13.81476736590889], [98.15991429719178, 13.814758864282721]]]}}}, {"type": "Feature", "geometry": {"type": "Polygon", "coordinates": [[[98.14477049384566, 13.747573165739517], [98.14477974612765, 13.74761425129639], [98.14468505616179, 13.747634479756535], [98.14467580389179, 13.747593306488755], [98.14477049384566, 13.747573165739517]]]}, "id": "00220000000000014c83", "properties": {"area_in_meters": 49.01021633117897, "bf_source": "microsoft", "boundary_id": 176, "confidence": null, "geometry_wkt": {"type": "Polygon", "coordinates": [[[98.14477049384566, 13.747573165739517], [98.14477974612765, 13.74761425129639], [98.14468505616179, 13.747634479756535], [98.14467580389179, 13.747593306488755], [98.14477049384566, 13.747573165739517]]]}}}, {"type": "Feature", "geometry": {"type": "Polygon", "coordinates": [[[98.15929518554731, 13.79493542107977], [98.15920414506354, 13.794938706935882], [98.15920164395294, 13.794872296672365], [98.1592926844336, 13.794869010830832], [98.15929518554731, 13.79493542107977]]]}, "id": "00220000000000014cbd", "properties": {"area_in_meters": 72.77930344686477, "bf_source": "microsoft", "boundary_id": 176, "confidence": null, "geometry_wkt": {"type": "Polygon", "coordinates": [[[98.15929518554731, 13.79493542107977], [98.15920414506354, 13.794938706935882], [98.15920164395294, 13.794872296672365], [98.1592926844336, 13.794869010830832], [98.15929518554731, 13.79493542107977]]]}}}, {"type": "Feature", "geometry": {"type": "Polygon", "coordinates": [[[98.14969112290105, 13.748415511744135], [98.14969220657458, 13.748497731949909], [98.14956349961375, 13.748499356082634], [98.14956241594211, 13.74841713585439], [98.14969112290105, 13.748415511744135]]]}, "id": "00220000000000014e74", "properties": {"area_in_meters": 127.22124939146724, "bf_source": "microsoft", "boundary_id": 176, "confidence": null, "geometry_wkt": {"type": "Polygon", "coordinates": [[[98.14969112290105, 13.748415511744135], [98.14969220657458, 13.748497731949909], [98.14956349961375, 13.748499356082634], [98.14956241594211, 13.74841713585439], [98.14969112290105, 13.748415511744135]]]}}}, {"type": "Feature", "geometry": {"type": "Polygon", "coordinates": [[[98.16333134419492, 13.823280319114367], [98.16336986348279, 13.823251311311592], [98.16339454251771, 13.823282164081421], [98.16335602321683, 13.823311171896243], [98.16333134419492, 13.823280319114367]]]}, "id": "00220000000000014e7d", "properties": {"area_in_meters": 22.883987402486657, "bf_source": "microsoft", "boundary_id": 176, "confidence": null, "geometry_wkt": {"type": "Polygon", "coordinates": [[[98.16333134419492, 13.823280319114367], [98.16336986348279, 13.823251311311592], [98.16339454251771, 13.823282164081421], [98.16335602321683, 13.823311171896243], [98.16333134419492, 13.823280319114367]]]}}}, {"type": "Feature", "geometry": {"type": "Polygon", "coordinates": [[[98.1577992013495, 13.77002480978433], [98.15764521942614, 13.77001982657593], [98.15764847080071, 13.769926136674938], [98.15780245273092, 13.769931119905873], [98.1577992013495, 13.77002480978433]]]}, "id": "00220000000000015046", "properties": {"area_in_meters": 173.40689365747272, "bf_source": "microsoft", "boundary_id": 176, "confidence": null, "geometry_wkt": {"type": "Polygon", "coordinates": [[[98.1577992013495, 13.77002480978433], [98.15764521942614, 13.77001982657593], [98.15764847080071, 13.769926136674938], [98.15780245273092, 13.769931119905873], [98.1577992013495, 13.77002480978433]]]}}}, {"type": "Feature", "geometry": {"type": "Polygon", "coordinates": [[[98.15654534606806, 13.778930761472303], [98.1566500554999, 13.778889310547322], [98.15667439879692, 13.778947445856202], [98.15656968933021, 13.778988809109132], [98.15654534606806, 13.778930761472303]]]}, "id": "00220000000000015102", "properties": {"area_in_meters": 85.20313700894805, "bf_source": "microsoft", "boundary_id": 176, "confidence": null, "geometry_wkt": {"type": "Polygon", "coordinates": [[[98.15654534606806, 13.778930761472303], [98.1566500554999, 13.778889310547322], [98.15667439879692, 13.778947445856202], [98.15656968933021, 13.778988809109132], [98.15654534606806, 13.778930761472303]]]}}}, {"type": "Feature", "geometry": {"type": "Polygon", "coordinates": [[[98.15665347356507, 13.772510676505112], [98.15676718684938, 13.772527519196116], [98.15675676590321, 13.772593733062832], [98.1566430526351, 13.77257680266466], [98.15665347356507, 13.772510676505112]]]}, "id": "00220000000000015127", "properties": {"area_in_meters": 92.50816291922678, "bf_source": "microsoft", "boundary_id": 176, "confidence": null, "geometry_wkt": {"type": "Polygon", "coordinates": [[[98.15665347356507, 13.772510676505112], [98.15676718684938, 13.772527519196116], [98.15675676590321, 13.772593733062832], [98.1566430526351, 13.77257680266466], [98.15665347356507, 13.772510676505112]]]}}}, {"type": "Feature", "geometry": {"type": "Polygon", "coordinates": [[[98.14913403346812, 13.751446921045627], [98.14915837426135, 13.7514917176962], [98.14909952290529, 13.751521813666814], [98.14907518213165, 13.751476929300573], [98.14913403346812, 13.751446921045627]]]}, "id": "0022000000000001513d", "properties": {"area_in_meters": 40.48157192888751, "bf_source": "microsoft", "boundary_id": 176, "confidence": null, "geometry_wkt": {"type": "Polygon", "coordinates": [[[98.14913403346812, 13.751446921045627], [98.14915837426135, 13.7514917176962], [98.14909952290529, 13.751521813666814], [98.14907518213165, 13.751476929300573], [98.14913403346812, 13.751446921045627]]]}}}, {"type": "Feature", "geometry": {"type": "Polygon", "coordinates": [[[98.14909535496402, 13.749035905566249], [98.14916512633214, 13.749035703697498], [98.14916520969103, 13.749074812235813], [98.14909543832285, 13.74907501411002], [98.14909535496402, 13.749035905566249]]]}, "id": "00220000000000015229", "properties": {"area_in_meters": 32.73156243382456, "bf_source": "microsoft", "boundary_id": 176, "confidence": null, "geometry_wkt": {"type": "Polygon", "coordinates": [[[98.14909535496402, 13.749035905566249], [98.14916512633214, 13.749035703697498], [98.14916520969103, 13.749074812235813], [98.14909543832285, 13.74907501411002], [98.14909535496402, 13.749035905566249]]]}}}, {"type": "Feature", "geometry": {"type": "Polygon", "coordinates": [[[98.16317643349748, 13.81761276495036], [98.16318527123566, 13.817694241174316], [98.16312957682801, 13.817699954426763], [98.16312073909657, 13.8176184781882], [98.16317643349748, 13.81761276495036]]]}, "id": "002200000000000154f6", "properties": {"area_in_meters": 55.114769350442245, "bf_source": "microsoft", "boundary_id": 176, "confidence": null, "geometry_wkt": {"type": "Polygon", "coordinates": [[[98.16317643349748, 13.81761276495036], [98.16318527123566, 13.817694241174316], [98.16312957682801, 13.817699954426763], [98.16312073909657, 13.8176184781882], [98.16317643349748, 13.81761276495036]]]}}}, {"type": "Feature", "geometry": {"type": "Polygon", "coordinates": [[[98.14885278119208, 13.741281170033503], [98.14884819647217, 13.741348578521343], [98.14875208413777, 13.741342371385228], [98.14875666885162, 13.741274962889898], [98.14885278119208, 13.741281170033503]]]}, "id": "0022000000000001564d", "properties": {"area_in_meters": 78.21558483796672, "bf_source": "microsoft", "boundary_id": 176, "confidence": null, "geometry_wkt": {"type": "Polygon", "coordinates": [[[98.14885278119208, 13.741281170033503], [98.14884819647217, 13.741348578521343], [98.14875208413777, 13.741342371385228], [98.14875666885162, 13.741274962889898], [98.14885278119208, 13.741281170033503]]]}}}, {"type": "Feature", "geometry": {"type": "Polygon", "coordinates": [[[98.1509146005689, 13.750252050217636], [98.1509159343433, 13.750323301333037], [98.15083924235518, 13.750324609681797], [98.150837991943, 13.750253268103917], [98.1509146005689, 13.750252050217636]]]}, "id": "0022000000000001588c", "properties": {"area_in_meters": 65.65470632015288, "bf_source": "microsoft", "boundary_id": 176, "confidence": null, "geometry_wkt": {"type": "Polygon", "coordinates": [[[98.1509146005689, 13.750252050217636], [98.1509159343433, 13.750323301333037], [98.15083924235518, 13.750324609681797], [98.150837991943, 13.750253268103917], [98.1509146005689, 13.750252050217636]]]}}}, {"type": "Feature", "geometry": {"type": "Polygon", "coordinates": [[[98.14941995494175, 13.753133061346727], [98.14947980686709, 13.753066800883461], [98.14952673814649, 13.753106904574466], [98.14946688618268, 13.753173077373242], [98.14941995494175, 13.753133061346727]]]}, "id": "00220000000000015897", "properties": {"area_in_meters": 66.1470490267872, "bf_source": "microsoft", "boundary_id": 176, "confidence": null, "geometry_wkt": {"type": "Polygon", "coordinates": [[[98.14941995494175, 13.753133061346727], [98.14947980686709, 13.753066800883461], [98.14952673814649, 13.753106904574466], [98.14946688618268, 13.753173077373242], [98.14941995494175, 13.753133061346727]]]}}}, {"type": "Feature", "geometry": {"type": "Polygon", "coordinates": [[[98.15113809148063, 13.754916197825613], [98.15109416016575, 13.75493115638901], [98.1510698187275, 13.754863996391162], [98.15111375002776, 13.754848950148409], [98.15113809148063, 13.754916197825613]]]}, "id": "002200000000000159d3", "properties": {"area_in_meters": 39.875188399834165, "bf_source": "microsoft", "boundary_id": 176, "confidence": null, "geometry_wkt": {"type": "Polygon", "coordinates": [[[98.15113809148063, 13.754916197825613], [98.15109416016575, 13.75493115638901], [98.1510698187275, 13.754863996391162], [98.15111375002776, 13.754848950148409], [98.15113809148063, 13.754916197825613]]]}}}, {"type": "Feature", "geometry": {"type": "Polygon", "coordinates": [[[98.15624614136063, 13.75987906942758], [98.15634193008464, 13.759807229084496], [98.15640678970966, 13.759888746670809], [98.15631108426773, 13.759960584332608], [98.15624614136063, 13.75987906942758]]]}, "id": "00220000000000015ac8", "properties": {"area_in_meters": 149.75004769769805, "bf_source": "microsoft", "boundary_id": 176, "confidence": null, "geometry_wkt": {"type": "Polygon", "coordinates": [[[98.15624614136063, 13.75987906942758], [98.15634193008464, 13.759807229084496], [98.15640678970966, 13.759888746670809], [98.15631108426773, 13.759960584332608], [98.15624614136063, 13.75987906942758]]]}}}, {"type": "Feature", "geometry": {"type": "Polygon", "coordinates": [[[98.14782464412035, 13.750677978948591], [98.14789308055543, 13.750643006527792], [98.1479406776754, 13.750730706404918], [98.14787224119571, 13.75076576656733], [98.14782464412035, 13.750677978948591]]]}, "id": "00220000000000015adb", "properties": {"area_in_meters": 92.07961916835238, "bf_source": "microsoft", "boundary_id": 176, "confidence": null, "geometry_wkt": {"type": "Polygon", "coordinates": [[[98.14782464412035, 13.750677978948591], [98.14789308055543, 13.750643006527792], [98.1479406776754, 13.750730706404918], [98.14787224119571, 13.75076576656733], [98.14782464412035, 13.750677978948591]]]}}}, {"type": "Feature", "geometry": {"type": "Polygon", "coordinates": [[[98.15754501046561, 13.769281771467089], [98.15742579366155, 13.769277302283314], [98.1574282947114, 13.769214860854428], [98.15754751151954, 13.769219417754737], [98.15754501046561, 13.769281771467089]]]}, "id": "00220000000000015c7b", "properties": {"area_in_meters": 89.50900147650194, "bf_source": "microsoft", "boundary_id": 176, "confidence": null, "geometry_wkt": {"type": "Polygon", "coordinates": [[[98.15754501046561, 13.769281771467089], [98.15742579366155, 13.769277302283314], [98.1574282947114, 13.769214860854428], [98.15754751151954, 13.769219417754737], [98.15754501046561, 13.769281771467089]]]}}}, {"type": "Feature", "geometry": {"type": "Polygon", "coordinates": [[[98.15479190221025, 13.757448232604338], [98.15495163034238, 13.757434877317946], [98.15495854967956, 13.757512436460615], [98.154798738167, 13.75752579454356], [98.15479190221025, 13.757448232604338]]]}, "id": "00220000000000015d99", "properties": {"area_in_meters": 149.94744558686412, "bf_source": "microsoft", "boundary_id": 176, "confidence": null, "geometry_wkt": {"type": "Polygon", "coordinates": [[[98.15479190221025, 13.757448232604338], [98.15495163034238, 13.757434877317946], [98.15495854967956, 13.757512436460615], [98.154798738167, 13.75752579454356], [98.15479190221025, 13.757448232604338]]]}}}, {"type": "Feature", "geometry": {"type": "Polygon", "coordinates": [[[98.15153905973112, 13.752026241972994], [98.15154164394113, 13.751919519372839], [98.1516398439888, 13.751921796222119], [98.15163717641362, 13.752028521561867], [98.15153905973112, 13.752026241972994]]]}, "id": "00220000000000015df9", "properties": {"area_in_meters": 125.94682134207484, "bf_source": "microsoft", "boundary_id": 176, "confidence": null, "geometry_wkt": {"type": "Polygon", "coordinates": [[[98.15153905973112, 13.752026241972994], [98.15154164394113, 13.751919519372839], [98.1516398439888, 13.751921796222119], [98.15163717641362, 13.752028521561867], [98.15153905973112, 13.752026241972994]]]}}}, {"type": "Feature", "geometry": {"type": "Polygon", "coordinates": [[[98.15168811044433, 13.752236428165892], [98.15169753032623, 13.7521725376244], [98.15180690107945, 13.752187686841133], [98.15179756454535, 13.752251574623937], [98.15168811044433, 13.752236428165892]]]}, "id": "00220000000000015f9a", "properties": {"area_in_meters": 85.60395017618104, "bf_source": "microsoft", "boundary_id": 176, "confidence": null, "geometry_wkt": {"type": "Polygon", "coordinates": [[[98.15168811044433, 13.752236428165892], [98.15169753032623, 13.7521725376244], [98.15180690107945, 13.752187686841133], [98.15179756454535, 13.752251574623937], [98.15168811044433, 13.752236428165892]]]}}}, {"type": "Feature", "geometry": {"type": "Polygon", "coordinates": [[[98.1572615582429, 13.770533430413783], [98.157262808765, 13.770582943038672], [98.15715026186184, 13.770585707979532], [98.15714892797365, 13.77053619810472], [98.1572615582429, 13.770533430413783]]]}, "id": "00220000000000015fb1", "properties": {"area_in_meters": 66.91890387300457, "bf_source": "microsoft", "boundary_id": 176, "confidence": null, "geometry_wkt": {"type": "Polygon", "coordinates": [[[98.1572615582429, 13.770533430413783], [98.157262808765, 13.770582943038672], [98.15715026186184, 13.770585707979532], [98.15714892797365, 13.77053619810472], [98.1572615582429, 13.770533430413783]]]}}}, {"type": "Feature", "geometry": {"type": "Polygon", "coordinates": [[[98.1614769396205, 13.819668040769278], [98.161421830124, 13.819698037896423], [98.16138748050423, 13.819638553632933], [98.16144267334775, 13.81960855375894], [98.1614769396205, 13.819668040769278]]]}, "id": "00220000000000016002", "properties": {"area_in_meters": 51.73691994266443, "bf_source": "microsoft", "boundary_id": 176, "confidence": null, "geometry_wkt": {"type": "Polygon", "coordinates": [[[98.1614769396205, 13.819668040769278], [98.161421830124, 13.819698037896423], [98.16138748050423, 13.819638553632933], [98.16144267334775, 13.81960855375894], [98.1614769396205, 13.819668040769278]]]}}}, {"type": "Feature", "geometry": {"type": "Polygon", "coordinates": [[[98.15595302364294, 13.774087818186617], [98.15607357191354, 13.774091804478783], [98.15607098754327, 13.774164688497608], [98.15599595747861, 13.774162175756965], [98.15599479034489, 13.774196070082342], [98.15594927214391, 13.774194508837933], [98.15595302364294, 13.774087818186617]]]}, "id": "00220000000000016113", "properties": {"area_in_meters": 124.1252256356579, "bf_source": "microsoft", "boundary_id": 176, "confidence": null, "geometry_wkt": {"type": "Polygon", "coordinates": [[[98.15595302364294, 13.774087818186617], [98.15607357191354, 13.774091804478783], [98.15607098754327, 13.774164688497608], [98.15599595747861, 13.774162175756965], [98.15599479034489, 13.774196070082342], [98.15594927214391, 13.774194508837933], [98.15595302364294, 13.774087818186617]]]}}}, {"type": "Feature", "geometry": {"type": "Polygon", "coordinates": [[[98.16058702221072, 13.802917030963211], [98.1605897734845, 13.802999227570096], [98.16046654986926, 13.803003058464022], [98.16046379860009, 13.802920949560374], [98.16058702221072, 13.802917030963211]]]}, "id": "00220000000000016154", "properties": {"area_in_meters": 121.74444259528023, "bf_source": "microsoft", "boundary_id": 176, "confidence": null, "geometry_wkt": {"type": "Polygon", "coordinates": [[[98.16058702221072, 13.802917030963211], [98.1605897734845, 13.802999227570096], [98.16046654986926, 13.803003058464022], [98.16046379860009, 13.802920949560374], [98.16058702221072, 13.802917030963211]]]}}}, {"type": "Feature", "geometry": {"type": "Polygon", "coordinates": [[[98.15616927704448, 13.773611146547314], [98.15617452915896, 13.773482304152628], [98.15629140964535, 13.77348676284762], [98.15628615752247, 13.773615605219877], [98.15616927704448, 13.773611146547314]]]}, "id": "002200000000000161c3", "properties": {"area_in_meters": 181.04395721163826, "bf_source": "microsoft", "boundary_id": 176, "confidence": null, "geometry_wkt": {"type": "Polygon", "coordinates": [[[98.15616927704448, 13.773611146547314], [98.15617452915896, 13.773482304152628], [98.15629140964535, 13.77348676284762], [98.15628615752247, 13.773615605219877], [98.15616927704448, 13.773611146547314]]]}}}, {"type": "Feature", "geometry": {"type": "Polygon", "coordinates": [[[98.16046838404874, 13.81876507552179], [98.16049923161978, 13.818835643365961], [98.16037559129865, 13.81888660745364], [98.16034466040811, 13.818816042323597], [98.16046838404874, 13.81876507552179]]]}, "id": "00220000000000016248", "properties": {"area_in_meters": 123.76065654020307, "bf_source": "microsoft", "boundary_id": 176, "confidence": null, "geometry_wkt": {"type": "Polygon", "coordinates": [[[98.16046838404874, 13.81876507552179], [98.16049923161978, 13.818835643365961], [98.16037559129865, 13.81888660745364], [98.16034466040811, 13.818816042323597], [98.16046838404874, 13.81876507552179]]]}}}, {"type": "Feature", "geometry": {"type": "Polygon", "coordinates": [[[98.15978207064484, 13.800708064368704], [98.15980599812963, 13.800798416665273], [98.15969653203507, 13.800825738742043], [98.159672687957, 13.800735295901546], [98.15978207064484, 13.800708064368704]]]}, "id": "002200000000000162b2", "properties": {"area_in_meters": 126.65732542804582, "bf_source": "microsoft", "boundary_id": 176, "confidence": null, "geometry_wkt": {"type": "Polygon", "coordinates": [[[98.15978207064484, 13.800708064368704], [98.15980599812963, 13.800798416665273], [98.15969653203507, 13.800825738742043], [98.159672687957, 13.800735295901546], [98.15978207064484, 13.800708064368704]]]}}}, {"type": "Feature", "geometry": {"type": "Polygon", "coordinates": [[[98.14364097406403, 13.74621922934221], [98.1436660632001, 13.746288905494833], [98.14358721165863, 13.746315625388082], [98.14356212254965, 13.746246036895336], [98.14364097406403, 13.74621922934221]]]}, "id": "002200000000000162c0", "properties": {"area_in_meters": 74.02667974067742, "bf_source": "microsoft", "boundary_id": 176, "confidence": null, "geometry_wkt": {"type": "Polygon", "coordinates": [[[98.14364097406403, 13.74621922934221], [98.1436660632001, 13.746288905494833], [98.14358721165863, 13.746315625388082], [98.14356212254965, 13.746246036895336], [98.14364097406403, 13.74621922934221]]]}}}, {"type": "Feature", "geometry": {"type": "Polygon", "coordinates": [[[98.15212050928417, 13.751112963241816], [98.1521516867816, 13.751196820182518], [98.15208991533574, 13.75121841914044], [98.15205882122687, 13.751134647105447], [98.15212050928417, 13.751112963241816]]]}, "id": "002200000000000162f3", "properties": {"area_in_meters": 70.20581432966972, "bf_source": "microsoft", "boundary_id": 176, "confidence": null, "geometry_wkt": {"type": "Polygon", "coordinates": [[[98.15212050928417, 13.751112963241816], [98.1521516867816, 13.751196820182518], [98.15208991533574, 13.75121841914044], [98.15205882122687, 13.751134647105447], [98.15212050928417, 13.751112963241816]]]}}}, {"type": "Feature", "geometry": {"type": "Polygon", "coordinates": [[[98.14946121775411, 13.75081899461982], [98.14945855025846, 13.750673159079016], [98.14953899196686, 13.75067172713432], [98.14954165946544, 13.750817562649484], [98.14946121775411, 13.75081899461982]]]}, "id": "002200000000000163ae", "properties": {"area_in_meters": 140.9499014001776, "bf_source": "microsoft", "boundary_id": 176, "confidence": null, "geometry_wkt": {"type": "Polygon", "coordinates": [[[98.14946121775411, 13.75081899461982], [98.14945855025846, 13.750673159079016], [98.14953899196686, 13.75067172713432], [98.14954165946544, 13.750817562649484], [98.14946121775411, 13.75081899461982]]]}}}, {"type": "Feature", "geometry": {"type": "Polygon", "coordinates": [[[98.15676185132475, 13.777671238232728], [98.15667089736328, 13.777675832417653], [98.1566672291949, 13.777605609731687], [98.15675818315181, 13.777601103274321], [98.15676185132475, 13.777671238232728]]]}, "id": "0022000000000001651c", "properties": {"area_in_meters": 76.82224719829587, "bf_source": "microsoft", "boundary_id": 176, "confidence": null, "geometry_wkt": {"type": "Polygon", "coordinates": [[[98.15676185132475, 13.777671238232728], [98.15667089736328, 13.777675832417653], [98.1566672291949, 13.777605609731687], [98.15675818315181, 13.777601103274321], [98.15676185132475, 13.777671238232728]]]}}}, {"type": "Feature", "geometry": {"type": "Polygon", "coordinates": [[[98.14999121772752, 13.749889275387325], [98.1500123077714, 13.749964433310835], [98.1498900189455, 13.749996889465509], [98.14986892893691, 13.7499217314949], [98.14999121772752, 13.749889275387325]]]}, "id": "002200000000000165e6", "properties": {"area_in_meters": 118.64526843177777, "bf_source": "microsoft", "boundary_id": 176, "confidence": null, "geometry_wkt": {"type": "Polygon", "coordinates": [[[98.14999121772752, 13.749889275387325], [98.1500123077714, 13.749964433310835], [98.1498900189455, 13.749996889465509], [98.14986892893691, 13.7499217314949], [98.14999121772752, 13.749889275387325]]]}}}, {"type": "Feature", "geometry": {"type": "Polygon", "coordinates": [[[98.15623455335117, 13.7769930835172], [98.15633884550236, 13.776987696639466], [98.15634284712263, 13.777060451612021], [98.15623855496574, 13.777065750798743], [98.15623455335117, 13.7769930835172]]]}, "id": "002200000000000165f2", "properties": {"area_in_meters": 91.37181690623396, "bf_source": "microsoft", "boundary_id": 176, "confidence": null, "geometry_wkt": {"type": "Polygon", "coordinates": [[[98.15623455335117, 13.7769930835172], [98.15633884550236, 13.776987696639466], [98.15634284712263, 13.777060451612021], [98.15623855496574, 13.777065750798743], [98.15623455335117, 13.7769930835172]]]}}}, {"type": "Feature", "geometry": {"type": "Polygon", "coordinates": [[[98.150741210105, 13.756340730804638], [98.15077755537968, 13.756329267796028], [98.15078864235927, 13.756362313976409], [98.15075221371835, 13.75637377974952], [98.150741210105, 13.756340730804638]]]}, "id": "002200000000000166c2", "properties": {"area_in_meters": 15.940739884829332, "bf_source": "microsoft", "boundary_id": 176, "confidence": null, "geometry_wkt": {"type": "Polygon", "coordinates": [[[98.150741210105, 13.756340730804638], [98.15077755537968, 13.756329267796028], [98.15078864235927, 13.756362313976409], [98.15075221371835, 13.75637377974952], [98.150741210105, 13.756340730804638]]]}}}, {"type": "Feature", "geometry": {"type": "Polygon", "coordinates": [[[98.15137258678284, 13.751244160831305], [98.15146836911887, 13.751220472554415], [98.1514831241113, 13.75127681062795], [98.15138734175594, 13.751300411236803], [98.15137258678284, 13.751244160831305]]]}, "id": "00220000000000016745", "properties": {"area_in_meters": 68.88191582962756, "bf_source": "microsoft", "boundary_id": 176, "confidence": null, "geometry_wkt": {"type": "Polygon", "coordinates": [[[98.15137258678284, 13.751244160831305], [98.15146836911887, 13.751220472554415], [98.1514831241113, 13.75127681062795], [98.15138734175594, 13.751300411236803], [98.15137258678284, 13.751244160831305]]]}}}, {"type": "Feature", "geometry": {"type": "Polygon", "coordinates": [[[98.14987909882171, 13.747726697329718], [98.14987709818851, 13.74781778829427], [98.14973497001269, 13.747814769854532], [98.14973705400153, 13.747723676112237], [98.14987909882171, 13.747726697329718]]]}, "id": "00220000000000016753", "properties": {"area_in_meters": 155.61307633230507, "bf_source": "microsoft", "boundary_id": 176, "confidence": null, "geometry_wkt": {"type": "Polygon", "coordinates": [[[98.14987909882171, 13.747726697329718], [98.14987709818851, 13.74781778829427], [98.14973497001269, 13.747814769854532], [98.14973705400153, 13.747723676112237], [98.14987909882171, 13.747726697329718]]]}}}, {"type": "Feature", "geometry": {"type": "Polygon", "coordinates": [[[98.15601996709091, 13.775334140991754], [98.1560923294424, 13.775334286124783], [98.15609224607557, 13.775392966669127], [98.15601980035747, 13.775392824307549], [98.15601996709091, 13.775334140991754]]]}, "id": "002200000000000167f7", "properties": {"area_in_meters": 51.05077184449775, "bf_source": "microsoft", "boundary_id": 176, "confidence": null, "geometry_wkt": {"type": "Polygon", "coordinates": [[[98.15601996709091, 13.775334140991754], [98.1560923294424, 13.775334286124783], [98.15609224607557, 13.775392966669127], [98.15601980035747, 13.775392824307549], [98.15601996709091, 13.775334140991754]]]}}}, {"type": "Feature", "geometry": {"type": "Polygon", "coordinates": [[[98.15049596333418, 13.751773187461815], [98.15064292790457, 13.7517521037455], [98.15065301453652, 13.751818418403609], [98.15050604994583, 13.7518395021561], [98.15049596333418, 13.751773187461815]]]}, "id": "002200000000000168af", "properties": {"area_in_meters": 119.58520062989089, "bf_source": "microsoft", "boundary_id": 176, "confidence": null, "geometry_wkt": {"type": "Polygon", "coordinates": [[[98.15049596333418, 13.751773187461815], [98.15064292790457, 13.7517521037455], [98.15065301453652, 13.751818418403609], [98.15050604994583, 13.7518395021561], [98.15049596333418, 13.751773187461815]]]}}}, {"type": "Feature", "geometry": {"type": "Polygon", "coordinates": [[[98.14765809627947, 13.747869387412168], [98.14766176399561, 13.747963010001163], [98.14758140771168, 13.74796601651391], [98.14757773999959, 13.747872393906647], [98.14765809627947, 13.747869387412168]]]}, "id": "00220000000000016911", "properties": {"area_in_meters": 90.50850073012701, "bf_source": "microsoft", "boundary_id": 176, "confidence": null, "geometry_wkt": {"type": "Polygon", "coordinates": [[[98.14765809627947, 13.747869387412168], [98.14766176399561, 13.747963010001163], [98.14758140771168, 13.74796601651391], [98.14757773999959, 13.747872393906647], [98.14765809627947, 13.747869387412168]]]}}}, {"type": "Feature", "geometry": {"type": "Polygon", "coordinates": [[[98.15113800811949, 13.75029114022736], [98.1511372578691, 13.750361495614358], [98.1510433932712, 13.750360478017654], [98.15104414352062, 13.750290122618528], [98.15113800811949, 13.75029114022736]]]}, "id": "0022000000000001694d", "properties": {"area_in_meters": 79.30071169881273, "bf_source": "microsoft", "boundary_id": 176, "confidence": null, "geometry_wkt": {"type": "Polygon", "coordinates": [[[98.15113800811949, 13.75029114022736], [98.1511372578691, 13.750361495614358], [98.1510433932712, 13.750360478017654], [98.15104414352062, 13.750290122618528], [98.15113800811949, 13.75029114022736]]]}}}, {"type": "Feature", "geometry": {"type": "Polygon", "coordinates": [[[98.15735351335823, 13.769189799379925], [98.15735459714541, 13.769144244376134], [98.1574001995898, 13.769145276718062], [98.15739903243364, 13.769190834480916], [98.15735351335823, 13.769189799379925]]]}, "id": "002200000000000169cf", "properties": {"area_in_meters": 24.948950437331213, "bf_source": "microsoft", "boundary_id": 176, "confidence": null, "geometry_wkt": {"type": "Polygon", "coordinates": [[[98.15735351335823, 13.769189799379925], [98.15735459714541, 13.769144244376134], [98.1574001995898, 13.769145276718062], [98.15739903243364, 13.769190834480916], [98.15735351335823, 13.769189799379925]]]}}}, {"type": "Feature", "geometry": {"type": "Polygon", "coordinates": [[[98.15187925925923, 13.751514603157345], [98.15198921381935, 13.751517192709926], [98.15198746321475, 13.751585827828821], [98.15187759201925, 13.751583235531648], [98.15187925925923, 13.751514603157345]]]}, "id": "00220000000000016a12", "properties": {"area_in_meters": 90.64662952745685, "bf_source": "microsoft", "boundary_id": 176, "confidence": null, "geometry_wkt": {"type": "Polygon", "coordinates": [[[98.15187925925923, 13.751514603157345], [98.15198921381935, 13.751517192709926], [98.15198746321475, 13.751585827828821], [98.15187759201925, 13.751583235531648], [98.15187925925923, 13.751514603157345]]]}}}, {"type": "Feature", "geometry": {"type": "Polygon", "coordinates": [[[98.14961868352903, 13.75110510989119], [98.14955024547716, 13.751108337410948], [98.14954507719814, 13.751006957782357], [98.14961359860459, 13.751003727524086], [98.14961868352903, 13.75110510989119]]]}, "id": "00220000000000016abc", "properties": {"area_in_meters": 83.58531240964875, "bf_source": "microsoft", "boundary_id": 176, "confidence": null, "geometry_wkt": {"type": "Polygon", "coordinates": [[[98.14961868352903, 13.75110510989119], [98.14955024547716, 13.751108337410948], [98.14954507719814, 13.751006957782357], [98.14961359860459, 13.751003727524086], [98.14961868352903, 13.75110510989119]]]}}}, {"type": "Feature", "geometry": {"type": "Polygon", "coordinates": [[[98.14877634144527, 13.748799243436972], [98.14882310555566, 13.748797522203503], [98.14882685668881, 13.748897544073257], [98.14868364689782, 13.748902716527091], [98.14866972605418, 13.748535829262128], [98.14881168544039, 13.748530698267203], [98.14881518649744, 13.748621783493666], [98.1487695894104, 13.74862346613033], [98.14877634144527, 13.748799243436972]]]}, "id": "00220000000000016ce4", "properties": {"area_in_meters": 531.5550345185773, "bf_source": "microsoft", "boundary_id": 176, "confidence": null, "geometry_wkt": {"type": "Polygon", "coordinates": [[[98.14877634144527, 13.748799243436972], [98.14882310555566, 13.748797522203503], [98.14882685668881, 13.748897544073257], [98.14868364689782, 13.748902716527091], [98.14866972605418, 13.748535829262128], [98.14881168544039, 13.748530698267203], [98.14881518649744, 13.748621783493666], [98.1487695894104, 13.74862346613033], [98.14877634144527, 13.748799243436972]]]}}}, {"type": "Feature", "geometry": {"type": "Polygon", "coordinates": [[[98.16858616271297, 13.824588698778268], [98.16853755157753, 13.824599091806663], [98.16852804614489, 13.824556854526241], [98.168576657274, 13.824546461507124], [98.16858616271297, 13.824588698778268]]]}, "id": "00220000000000016d22", "properties": {"area_in_meters": 25.839143501810295, "bf_source": "microsoft", "boundary_id": 176, "confidence": null, "geometry_wkt": {"type": "Polygon", "coordinates": [[[98.16858616271297, 13.824588698778268], [98.16853755157753, 13.824599091806663], [98.16852804614489, 13.824556854526241], [98.168576657274, 13.824546461507124], [98.16858616271297, 13.824588698778268]]]}}}, {"type": "Feature", "geometry": {"type": "Polygon", "coordinates": [[[98.15966126614613, 13.816867845395379], [98.15972637882906, 13.816871383129625], [98.15972362758777, 13.816919554166088], [98.15965843153641, 13.816916019208135], [98.15966126614613, 13.816867845395379]]]}, "id": "00220000000000016e18", "properties": {"area_in_meters": 37.806983309652125, "bf_source": "microsoft", "boundary_id": 176, "confidence": null, "geometry_wkt": {"type": "Polygon", "coordinates": [[[98.15966126614613, 13.816867845395379], [98.15972637882906, 13.816871383129625], [98.15972362758777, 13.816919554166088], [98.15965843153641, 13.816916019208135], [98.15966126614613, 13.816867845395379]]]}}}, {"type": "Feature", "geometry": {"type": "Polygon", "coordinates": [[[98.15624680829646, 13.774316912777742], [98.15624814216818, 13.774382036349078], [98.15604797831524, 13.774385863737713], [98.15604664444717, 13.774320827846628], [98.15624680829646, 13.774316912777742]]]}, "id": "00220000000000016e47", "properties": {"area_in_meters": 156.50390450010877, "bf_source": "microsoft", "boundary_id": 176, "confidence": null, "geometry_wkt": {"type": "Polygon", "coordinates": [[[98.15624680829646, 13.774316912777742], [98.15624814216818, 13.774382036349078], [98.15604797831524, 13.774385863737713], [98.15604664444717, 13.774320827846628], [98.15624680829646, 13.774316912777742]]]}}}, {"type": "Feature", "geometry": {"type": "Polygon", "coordinates": [[[98.16961192356747, 13.820513214236056], [98.16967629466795, 13.820511947967976], [98.16967737863774, 13.820562799376251], [98.16961300753631, 13.820564065651583], [98.16961192356747, 13.820513214236056]]]}, "id": "00220000000000016edd", "properties": {"area_in_meters": 39.306057413173384, "bf_source": "microsoft", "boundary_id": 176, "confidence": null, "geometry_wkt": {"type": "Polygon", "coordinates": [[[98.16961192356747, 13.820513214236056], [98.16967629466795, 13.820511947967976], [98.16967737863774, 13.820562799376251], [98.16961300753631, 13.820564065651583], [98.16961192356747, 13.820513214236056]]]}}}, {"type": "Feature", "geometry": {"type": "Polygon", "coordinates": [[[98.15952403781348, 13.799883505823495], [98.1596792742575, 13.799876419842267], [98.15968194212623, 13.79993247538754], [98.15952670567654, 13.799939561390763], [98.15952403781348, 13.799883505823495]]]}, "id": "00220000000000016f2c", "properties": {"area_in_meters": 104.6673051219183, "bf_source": "microsoft", "boundary_id": 176, "confidence": null, "geometry_wkt": {"type": "Polygon", "coordinates": [[[98.15952403781348, 13.799883505823495], [98.1596792742575, 13.799876419842267], [98.15968194212623, 13.79993247538754], [98.15952670567654, 13.799939561390763], [98.15952403781348, 13.799883505823495]]]}}}, {"type": "Feature", "geometry": {"type": "Polygon", "coordinates": [[[98.14189967572202, 13.744926010364862], [98.14181115742879, 13.744927705474131], [98.14180957376917, 13.744847958052887], [98.14189800870984, 13.744846265711324], [98.14189967572202, 13.744926010364862]]]}, "id": "00220000000000016fa9", "properties": {"area_in_meters": 84.76829620711553, "bf_source": "microsoft", "boundary_id": 176, "confidence": null, "geometry_wkt": {"type": "Polygon", "coordinates": [[[98.14189967572202, 13.744926010364862], [98.14181115742879, 13.744927705474131], [98.14180957376917, 13.744847958052887], [98.14189800870984, 13.744846265711324], [98.14189967572202, 13.744926010364862]]]}}}, {"type": "Feature", "geometry": {"type": "Polygon", "coordinates": [[[98.15910985325344, 13.800107978510413], [98.15919314017758, 13.800087667238795], [98.15920831358139, 13.800146465702591], [98.15912502663996, 13.800166776998074], [98.15910985325344, 13.800107978510413]]]}, "id": "00220000000000017174", "properties": {"area_in_meters": 62.518805080592934, "bf_source": "microsoft", "boundary_id": 176, "confidence": null, "geometry_wkt": {"type": "Polygon", "coordinates": [[[98.15910985325344, 13.800107978510413], [98.15919314017758, 13.800087667238795], [98.15920831358139, 13.800146465702591], [98.15912502663996, 13.800166776998074], [98.15910985325344, 13.800107978510413]]]}}}, {"type": "Feature", "geometry": {"type": "Polygon", "coordinates": [[[98.16797556583855, 13.818054136415531], [98.16791761651601, 13.818054135291916], [98.16791761651601, 13.818020269295454], [98.16797556583855, 13.818020270422936], [98.16797556583855, 13.818054136415531]]]}, "id": "0022000000000001727f", "properties": {"area_in_meters": 23.562297679792312, "bf_source": "microsoft", "boundary_id": 176, "confidence": null, "geometry_wkt": {"type": "Polygon", "coordinates": [[[98.16797556583855, 13.818054136415531], [98.16791761651601, 13.818054135291916], [98.16791761651601, 13.818020269295454], [98.16797556583855, 13.818020270422936], [98.16797556583855, 13.818054136415531]]]}}}, {"type": "Feature", "geometry": {"type": "Polygon", "coordinates": [[[98.15404361890792, 13.756373794837348], [98.15410639237984, 13.756431790149577], [98.15403536582598, 13.756504298806702], [98.15397259241507, 13.756446391140488], [98.15404361890792, 13.756373794837348]]]}, "id": "0022000000000001746c", "properties": {"area_in_meters": 104.07962098572298, "bf_source": "microsoft", "boundary_id": 176, "confidence": null, "geometry_wkt": {"type": "Polygon", "coordinates": [[[98.15404361890792, 13.756373794837348], [98.15410639237984, 13.756431790149577], [98.15403536582598, 13.756504298806702], [98.15397259241507, 13.756446391140488], [98.15404361890792, 13.756373794837348]]]}}}, {"type": "Feature", "geometry": {"type": "Polygon", "coordinates": [[[98.14120061751062, 13.74438558333022], [98.14118119700727, 13.744469970166138], [98.14109543012505, 13.744451317276129], [98.14111485060559, 13.7443669304463], [98.14120061751062, 13.74438558333022]]]}, "id": "00220000000000017505", "properties": {"area_in_meters": 91.25272464062586, "bf_source": "microsoft", "boundary_id": 176, "confidence": null, "geometry_wkt": {"type": "Polygon", "coordinates": [[[98.14120061751062, 13.74438558333022], [98.14118119700727, 13.744469970166138], [98.14109543012505, 13.744451317276129], [98.14111485060559, 13.7443669304463], [98.14120061751062, 13.74438558333022]]]}}}, {"type": "Feature", "geometry": {"type": "Polygon", "coordinates": [[[98.1574480530081, 13.770861148191347], [98.15754034183186, 13.770863790571111], [98.15753850772583, 13.770923667179042], [98.15744621890438, 13.770921024808167], [98.1574480530081, 13.770861148191347]]]}, "id": "002200000000000175d4", "properties": {"area_in_meters": 66.41262037311971, "bf_source": "microsoft", "boundary_id": 176, "confidence": null, "geometry_wkt": {"type": "Polygon", "coordinates": [[[98.1574480530081, 13.770861148191347], [98.15754034183186, 13.770863790571111], [98.15753850772583, 13.770923667179042], [98.15744621890438, 13.770921024808167], [98.1574480530081, 13.770861148191347]]]}}}, {"type": "Feature", "geometry": {"type": "Polygon", "coordinates": [[[98.15103805816446, 13.750400116761535], [98.15113450695111, 13.750396751888024], [98.15113659097989, 13.750454034880288], [98.15104014219048, 13.750457399767038], [98.15103805816446, 13.750400116761535]]]}, "id": "002200000000000175e9", "properties": {"area_in_meters": 66.38524536382566, "bf_source": "microsoft", "boundary_id": 176, "confidence": null, "geometry_wkt": {"type": "Polygon", "coordinates": [[[98.15103805816446, 13.750400116761535], [98.15113450695111, 13.750396751888024], [98.15113659097989, 13.750454034880288], [98.15104014219048, 13.750457399767038], [98.15103805816446, 13.750400116761535]]]}}}, {"type": "Feature", "geometry": {"type": "Polygon", "coordinates": [[[98.15220612239054, 13.756433809998772], [98.15223738328689, 13.756499601431596], [98.1521733609855, 13.75652837992273], [98.15214201675423, 13.756462591218032], [98.15220612239054, 13.756433809998772]]]}, "id": "0022000000000001763d", "properties": {"area_in_meters": 61.41711760356108, "bf_source": "microsoft", "boundary_id": 176, "confidence": null, "geometry_wkt": {"type": "Polygon", "coordinates": [[[98.15220612239054, 13.756433809998772], [98.15223738328689, 13.756499601431596], [98.1521733609855, 13.75652837992273], [98.15214201675423, 13.756462591218032], [98.15220612239054, 13.756433809998772]]]}}}, {"type": "Feature", "geometry": {"type": "Polygon", "coordinates": [[[98.13965316132499, 13.750068723094701], [98.13958881666353, 13.750067164617592], [98.13958965014324, 13.750035917392008], [98.13965399480544, 13.750037475872446], [98.13965316132499, 13.750068723094701]]]}, "id": "00220000000000017672", "properties": {"area_in_meters": 24.155673221224763, "bf_source": "microsoft", "boundary_id": 176, "confidence": null, "geometry_wkt": {"type": "Polygon", "coordinates": [[[98.13965316132499, 13.750068723094701], [98.13958881666353, 13.750067164617592], [98.13958965014324, 13.750035917392008], [98.13965399480544, 13.750037475872446], [98.13965316132499, 13.750068723094701]]]}}}, {"type": "Feature", "geometry": {"type": "Polygon", "coordinates": [[[98.1506590165, 13.753783919197973], [98.15076330069411, 13.753743812916088], [98.15078997613136, 13.753809053649622], [98.15068569189918, 13.753849247671823], [98.1506590165, 13.753783919197973]]]}, "id": "00220000000000017693", "properties": {"area_in_meters": 94.652044064094, "bf_source": "microsoft", "boundary_id": 176, "confidence": null, "geometry_wkt": {"type": "Polygon", "coordinates": [[[98.1506590165, 13.753783919197973], [98.15076330069411, 13.753743812916088], [98.15078997613136, 13.753809053649622], [98.15068569189918, 13.753849247671823], [98.1506590165, 13.753783919197973]]]}}}, {"type": "Feature", "geometry": {"type": "Polygon", "coordinates": [[[98.16617482250957, 13.822875948205459], [98.16619616735775, 13.822917791114467], [98.16615206023693, 13.82293900087334], [98.1661307154016, 13.822897157950575], [98.16617482250957, 13.822875948205459]]]}, "id": "002200000000000176a0", "properties": {"area_in_meters": 27.587366715419968, "bf_source": "microsoft", "boundary_id": 176, "confidence": null, "geometry_wkt": {"type": "Polygon", "coordinates": [[[98.16617482250957, 13.822875948205459], [98.16619616735775, 13.822917791114467], [98.16615206023693, 13.82293900087334], [98.1661307154016, 13.822897157950575], [98.16617482250957, 13.822875948205459]]]}}}, {"type": "Feature", "geometry": {"type": "Polygon", "coordinates": [[[98.15631316844413, 13.776896977864768], [98.15631583619, 13.776816283356958], [98.15644447167764, 13.77682035165012], [98.15644180392705, 13.776901046141582], [98.15631316844413, 13.776896977864768]]]}, "id": "0022000000000001771c", "properties": {"area_in_meters": 124.72520357674965, "bf_source": "microsoft", "boundary_id": 176, "confidence": null, "geometry_wkt": {"type": "Polygon", "coordinates": [[[98.15631316844413, 13.776896977864768], [98.15631583619, 13.776816283356958], [98.15644447167764, 13.77682035165012], [98.15644180392705, 13.776901046141582], [98.15631316844413, 13.776896977864768]]]}}}, {"type": "Feature", "geometry": {"type": "Polygon", "coordinates": [[[98.15117477039756, 13.753812286789639], [98.15120761471606, 13.753879515812148], [98.15110908180485, 13.753924956957178], [98.15107623753063, 13.753857727886526], [98.15117477039756, 13.753812286789639]]]}, "id": "00220000000000017762", "properties": {"area_in_meters": 97.45776583203622, "bf_source": "microsoft", "boundary_id": 176, "confidence": null, "geometry_wkt": {"type": "Polygon", "coordinates": [[[98.15117477039756, 13.753812286789639], [98.15120761471606, 13.753879515812148], [98.15110908180485, 13.753924956957178], [98.15107623753063, 13.753857727886526], [98.15117477039756, 13.753812286789639]]]}}}, {"type": "Feature", "geometry": {"type": "Polygon", "coordinates": [[[98.14980349159724, 13.751462494337018], [98.1498064091844, 13.751385489398498], [98.14992961482785, 13.751390009532894], [98.1499266972358, 13.751466926762115], [98.14980349159724, 13.751462494337018]]]}, "id": "002200000000000177b9", "properties": {"area_in_meters": 114.08056244702928, "bf_source": "microsoft", "boundary_id": 176, "confidence": null, "geometry_wkt": {"type": "Polygon", "coordinates": [[[98.14980349159724, 13.751462494337018], [98.1498064091844, 13.751385489398498], [98.14992961482785, 13.751390009532894], [98.1499266972358, 13.751466926762115], [98.14980349159724, 13.751462494337018]]]}}}, {"type": "Feature", "geometry": {"type": "Polygon", "coordinates": [[[98.15954429690106, 13.799271477046714], [98.15965142838346, 13.799275287812538], [98.15964942748273, 13.799329919127699], [98.15954229600327, 13.79932610837082], [98.15954429690106, 13.799271477046714]]]}, "id": "002200000000000177fa", "properties": {"area_in_meters": 70.374888115213, "bf_source": "microsoft", "boundary_id": 176, "confidence": null, "geometry_wkt": {"type": "Polygon", "coordinates": [[[98.15954429690106, 13.799271477046714], [98.15965142838346, 13.799275287812538], [98.15964942748273, 13.799329919127699], [98.15954229600327, 13.79932610837082], [98.15954429690106, 13.799271477046714]]]}}}, {"type": "Feature", "geometry": {"type": "Polygon", "coordinates": [[[98.16406513177886, 13.818386775486507], [98.1640723021063, 13.818433651486407], [98.16393314785384, 13.818453547799372], [98.16392606091578, 13.818406756737803], [98.16406513177886, 13.818386775486507]]]}, "id": "0022000000000001780b", "properties": {"area_in_meters": 79.99336349407547, "bf_source": "microsoft", "boundary_id": 176, "confidence": null, "geometry_wkt": {"type": "Polygon", "coordinates": [[[98.16406513177886, 13.818386775486507], [98.1640723021063, 13.818433651486407], [98.16393314785384, 13.818453547799372], [98.16392606091578, 13.818406756737803], [98.16406513177886, 13.818386775486507]]]}}}, {"type": "Feature", "geometry": {"type": "Polygon", "coordinates": [[[98.15735918239903, 13.781723654180388], [98.15737744004818, 13.781787781372806], [98.15732149995954, 13.781802793662003], [98.15730324232436, 13.781738666451083], [98.15735918239903, 13.781723654180388]]]}, "id": "0022000000000001784d", "properties": {"area_in_meters": 46.35679900074024, "bf_source": "microsoft", "boundary_id": 176, "confidence": null, "geometry_wkt": {"type": "Polygon", "coordinates": [[[98.15735918239903, 13.781723654180388], [98.15737744004818, 13.781787781372806], [98.15732149995954, 13.781802793662003], [98.15730324232436, 13.781738666451083], [98.15735918239903, 13.781723654180388]]]}}}, {"type": "Feature", "geometry": {"type": "Polygon", "coordinates": [[[98.15982942539583, 13.79570288415131], [98.1598282582009, 13.795791434894046], [98.15968077493365, 13.795789665249343], [98.15968194212623, 13.795701114482874], [98.15982942539583, 13.79570288415131]]]}, "id": "002200000000000178c6", "properties": {"area_in_meters": 156.85578426026063, "bf_source": "microsoft", "boundary_id": 176, "confidence": null, "geometry_wkt": {"type": "Polygon", "coordinates": [[[98.15982942539583, 13.79570288415131], [98.1598282582009, 13.795791434894046], [98.15968077493365, 13.795789665249343], [98.15968194212623, 13.795701114482874], [98.15982942539583, 13.79570288415131]]]}}}, {"type": "Feature", "geometry": {"type": "Polygon", "coordinates": [[[98.16350634865523, 13.824511019394576], [98.1635422000256, 13.824601866162105], [98.16348700559759, 13.824622392104363], [98.16345123762947, 13.824531454789378], [98.16350634865523, 13.824511019394576]]]}, "id": "002200000000000178cf", "properties": {"area_in_meters": 68.97522361978169, "bf_source": "microsoft", "boundary_id": 176, "confidence": null, "geometry_wkt": {"type": "Polygon", "coordinates": [[[98.16350634865523, 13.824511019394576], [98.1635422000256, 13.824601866162105], [98.16348700559759, 13.824622392104363], [98.16345123762947, 13.824531454789378], [98.16350634865523, 13.824511019394576]]]}}}, {"type": "Feature", "geometry": {"type": "Polygon", "coordinates": [[[98.14879643083663, 13.754195076728358], [98.14875483496606, 13.754153217631782], [98.14881043506291, 13.754101128718554], [98.14885194760662, 13.754142990544175], [98.14879643083663, 13.754195076728358]]]}, "id": "00220000000000017937", "properties": {"area_in_meters": 53.89304038665032, "bf_source": "microsoft", "boundary_id": 176, "confidence": null, "geometry_wkt": {"type": "Polygon", "coordinates": [[[98.14879643083663, 13.754195076728358], [98.14875483496606, 13.754153217631782], [98.14881043506291, 13.754101128718554], [98.14885194760662, 13.754142990544175], [98.14879643083663, 13.754195076728358]]]}}}, {"type": "Feature", "geometry": {"type": "Polygon", "coordinates": [[[98.15046436974139, 13.75630025168731], [98.15032774219787, 13.756303894272362], [98.15032549147173, 13.756226882131196], [98.15046220237139, 13.756223149114843], [98.15046436974139, 13.75630025168731]]]}, "id": "0022000000000001795d", "properties": {"area_in_meters": 126.61541215812467, "bf_source": "microsoft", "boundary_id": 176, "confidence": null, "geometry_wkt": {"type": "Polygon", "coordinates": [[[98.15046436974139, 13.75630025168731], [98.15032774219787, 13.756303894272362], [98.15032549147173, 13.756226882131196], [98.15046220237139, 13.756223149114843], [98.15046436974139, 13.75630025168731]]]}}}, {"type": "Feature", "geometry": {"type": "Polygon", "coordinates": [[[98.14699249220882, 13.75161242981435], [98.1470385883253, 13.751595647076016], [98.1470579270302, 13.751645958942849], [98.14701183090153, 13.751662741695606], [98.14699249220882, 13.75161242981435]]]}, "id": "002200000000000179d9", "properties": {"area_in_meters": 31.767530948792057, "bf_source": "microsoft", "boundary_id": 176, "confidence": null, "geometry_wkt": {"type": "Polygon", "coordinates": [[[98.14699249220882, 13.75161242981435], [98.1470385883253, 13.751595647076016], [98.1470579270302, 13.751645958942849], [98.14701183090153, 13.751662741695606], [98.14699249220882, 13.75161242981435]]]}}}, {"type": "Feature", "geometry": {"type": "Polygon", "coordinates": [[[98.17025321901463, 13.823738602795034], [98.17019835305507, 13.823753240333446], [98.17018667945197, 13.823712040861714], [98.17024154540276, 13.823697403334913], [98.17025321901463, 13.823738602795034]]]}, "id": "00220000000000017a0a", "properties": {"area_in_meters": 29.166688505056467, "bf_source": "microsoft", "boundary_id": 176, "confidence": null, "geometry_wkt": {"type": "Polygon", "coordinates": [[[98.17025321901463, 13.823738602795034], [98.17019835305507, 13.823753240333446], [98.17018667945197, 13.823712040861714], [98.17024154540276, 13.823697403334913], [98.17025321901463, 13.823738602795034]]]}}}, {"type": "Feature", "geometry": {"type": "Polygon", "coordinates": [[[98.14671683303823, 13.7486522893496], [98.14661813947262, 13.748693346865517], [98.14659338274609, 13.748637164115902], [98.14669207627824, 13.748596106637626], [98.14671683303823, 13.7486522893496]]]}, "id": "00220000000000017ac4", "properties": {"area_in_meters": 78.70792856489001, "bf_source": "microsoft", "boundary_id": 176, "confidence": null, "geometry_wkt": {"type": "Polygon", "coordinates": [[[98.14671683303823, 13.7486522893496], [98.14661813947262, 13.748693346865517], [98.14659338274609, 13.748637164115902], [98.14669207627824, 13.748596106637626], [98.14671683303823, 13.7486522893496]]]}}}, {"type": "Feature", "geometry": {"type": "Polygon", "coordinates": [[[98.16954555135217, 13.820768458497144], [98.16950844630831, 13.820772501737418], [98.16950069177342, 13.820705640982835], [98.16953779681336, 13.820701597750752], [98.16954555135217, 13.820768458497144]]]}, "id": "00220000000000017ac5", "properties": {"area_in_meters": 30.148075878593055, "bf_source": "microsoft", "boundary_id": 176, "confidence": null, "geometry_wkt": {"type": "Polygon", "coordinates": [[[98.16954555135217, 13.820768458497144], [98.16950844630831, 13.820772501737418], [98.16950069177342, 13.820705640982835], [98.16953779681336, 13.820701597750752], [98.16954555135217, 13.820768458497144]]]}}}, {"type": "Feature", "geometry": {"type": "Polygon", "coordinates": [[[98.15474780196804, 13.758059019975892], [98.15477848039458, 13.758147983146474], [98.15466518703016, 13.758184883369621], [98.15463442528605, 13.75809592290002], [98.15474780196804, 13.758059019975892]]]}, "id": "00220000000000017af9", "properties": {"area_in_meters": 134.74524681069482, "bf_source": "microsoft", "boundary_id": 176, "confidence": null, "geometry_wkt": {"type": "Polygon", "coordinates": [[[98.15474780196804, 13.758059019975892], [98.15477848039458, 13.758147983146474], [98.15466518703016, 13.758184883369621], [98.15463442528605, 13.75809592290002], [98.15474780196804, 13.758059019975892]]]}}}, {"type": "Feature", "geometry": {"type": "Polygon", "coordinates": [[[98.15156781949271, 13.75148903668601], [98.15146861920346, 13.75149152832562], [98.15146670188828, 13.751418629766258], [98.15156590217491, 13.751416138143123], [98.15156781949271, 13.75148903668601]]]}, "id": "00220000000000017b5a", "properties": {"area_in_meters": 86.8888732875458, "bf_source": "microsoft", "boundary_id": 176, "confidence": null, "geometry_wkt": {"type": "Polygon", "coordinates": [[[98.15156781949271, 13.75148903668601], [98.15146861920346, 13.75149152832562], [98.15146670188828, 13.751418629766258], [98.15156590217491, 13.751416138143123], [98.15156781949271, 13.75148903668601]]]}}}, {"type": "Feature", "geometry": {"type": "Polygon", "coordinates": [[[98.17060993213765, 13.819934255121439], [98.17063002752896, 13.81997754186723], [98.17057883015288, 13.819999952775886], [98.17055865139235, 13.819956756528097], [98.17060993213765, 13.819934255121439]]]}, "id": "00220000000000017b95", "properties": {"area_in_meters": 32.029659208031525, "bf_source": "microsoft", "boundary_id": 176, "confidence": null, "geometry_wkt": {"type": "Polygon", "coordinates": [[[98.17060993213765, 13.819934255121439], [98.17063002752896, 13.81997754186723], [98.17057883015288, 13.819999952775886], [98.17055865139235, 13.819956756528097], [98.17060993213765, 13.819934255121439]]]}}}, {"type": "Feature", "geometry": {"type": "Polygon", "coordinates": [[[98.1499456199064, 13.750893917369096], [98.14984417110851, 13.750917529266966], [98.1498246649466, 13.750838722954553], [98.1499261137174, 13.750815023400202], [98.1499456199064, 13.750893917369096]]]}, "id": "00220000000000017c85", "properties": {"area_in_meters": 101.57202588957541, "bf_source": "microsoft", "boundary_id": 176, "confidence": null, "geometry_wkt": {"type": "Polygon", "coordinates": [[[98.1499456199064, 13.750893917369096], [98.14984417110851, 13.750917529266966], [98.1498246649466, 13.750838722954553], [98.1499261137174, 13.750815023400202], [98.1499456199064, 13.750893917369096]]]}}}, {"type": "Feature", "geometry": {"type": "Polygon", "coordinates": [[[98.15975864339381, 13.798468345432896], [98.15974672134368, 13.798528569360565], [98.15966134951701, 13.798512631673868], [98.15967335492411, 13.79845231725525], [98.15975864339381, 13.798468345432896]]]}, "id": "00220000000000017cd2", "properties": {"area_in_meters": 64.05242124704226, "bf_source": "microsoft", "boundary_id": 176, "confidence": null, "geometry_wkt": {"type": "Polygon", "coordinates": [[[98.15975864339381, 13.798468345432896], [98.15974672134368, 13.798528569360565], [98.15966134951701, 13.798512631673868], [98.15967335492411, 13.79845231725525], [98.15975864339381, 13.798468345432896]]]}}}, {"type": "Feature", "geometry": {"type": "Polygon", "coordinates": [[[98.16012247528523, 13.817165289183727], [98.16019058975209, 13.817140300309639], [98.16020868136533, 13.81718690091449], [98.16014056688162, 13.817211889808384], [98.16012247528523, 13.817165289183727]]]}, "id": "00220000000000017d09", "properties": {"area_in_meters": 43.49245519488296, "bf_source": "microsoft", "boundary_id": 176, "confidence": null, "geometry_wkt": {"type": "Polygon", "coordinates": [[[98.16012247528523, 13.817165289183727], [98.16019058975209, 13.817140300309639], [98.16020868136533, 13.81718690091449], [98.16014056688162, 13.817211889808384], [98.16012247528523, 13.817165289183727]]]}}}, {"type": "Feature", "geometry": {"type": "Polygon", "coordinates": [[[98.14797785513217, 13.74741632171647], [98.14792192223914, 13.747420625675405], [98.14790458388457, 13.747207141190147], [98.14796060012185, 13.747202834511077], [98.14797785513217, 13.74741632171647]]]}, "id": "00220000000000017e0d", "properties": {"area_in_meters": 144.43814338360633, "bf_source": "microsoft", "boundary_id": 176, "confidence": null, "geometry_wkt": {"type": "Polygon", "coordinates": [[[98.14797785513217, 13.74741632171647], [98.14792192223914, 13.747420625675405], [98.14790458388457, 13.747207141190147], [98.14796060012185, 13.747202834511077], [98.14797785513217, 13.74741632171647]]]}}}, {"type": "Feature", "geometry": {"type": "Polygon", "coordinates": [[[98.14787999343683, 13.750158751102903], [98.14775912525475, 13.750175637517449], [98.14774762194854, 13.750097882008543], [98.14786849011158, 13.750080995628455], [98.14787999343683, 13.750158751102903]]]}, "id": "00220000000000017ef4", "properties": {"area_in_meters": 115.22127587297557, "bf_source": "microsoft", "boundary_id": 176, "confidence": null, "geometry_wkt": {"type": "Polygon", "coordinates": [[[98.14787999343683, 13.750158751102903], [98.14775912525475, 13.750175637517449], [98.14774762194854, 13.750097882008543], [98.14786849011158, 13.750080995628455], [98.14787999343683, 13.750158751102903]]]}}}, {"type": "Feature", "geometry": {"type": "Polygon", "coordinates": [[[98.16704821542659, 13.820880915085684], [98.16704971625396, 13.820935525756125], [98.16699493607557, 13.82093699851196], [98.16699335187012, 13.820882390610437], [98.16704821542659, 13.820880915085684]]]}, "id": "00220000000000017f7c", "properties": {"area_in_meters": 36.025594031190195, "bf_source": "microsoft", "boundary_id": 176, "confidence": null, "geometry_wkt": {"type": "Polygon", "coordinates": [[[98.16704821542659, 13.820880915085684], [98.16704971625396, 13.820935525756125], [98.16699493607557, 13.82093699851196], [98.16699335187012, 13.820882390610437], [98.16704821542659, 13.820880915085684]]]}}}, {"type": "Feature", "geometry": {"type": "Polygon", "coordinates": [[[98.15636010411258, 13.778049699170941], [98.15636535624077, 13.778106537482184], [98.15629757880603, 13.77811246833813], [98.15629232668272, 13.778055630015178], [98.15636010411258, 13.778049699170941]]]}, "id": "002200000000000180e6", "properties": {"area_in_meters": 46.63090911266767, "bf_source": "microsoft", "boundary_id": 176, "confidence": null, "geometry_wkt": {"type": "Polygon", "coordinates": [[[98.15636010411258, 13.778049699170941], [98.15636535624077, 13.778106537482184], [98.15629757880603, 13.77811246833813], [98.15629232668272, 13.778055630015178], [98.15636010411258, 13.778049699170941]]]}}}, {"type": "Feature", "geometry": {"type": "Polygon", "coordinates": [[[98.15611300441311, 13.778664241680673], [98.15620287391026, 13.778630387692349], [98.15622955133327, 13.778697304511601], [98.15613968180332, 13.778731070826247], [98.15611300441311, 13.778664241680673]]]}, "id": "00220000000000018172", "properties": {"area_in_meters": 82.98761748325342, "bf_source": "microsoft", "boundary_id": 176, "confidence": null, "geometry_wkt": {"type": "Polygon", "coordinates": [[[98.15611300441311, 13.778664241680673], [98.15620287391026, 13.778630387692349], [98.15622955133327, 13.778697304511601], [98.15613968180332, 13.778731070826247], [98.15611300441311, 13.778664241680673]]]}}}, {"type": "Feature", "geometry": {"type": "Polygon", "coordinates": [[[98.16177674934865, 13.802512995106225], [98.16178075126656, 13.802435048656617], [98.16181968660442, 13.802436913039296], [98.16181568468438, 13.802514859484758], [98.16177674934865, 13.802512995106225]]]}, "id": "00220000000000018174", "properties": {"area_in_meters": 36.520326610086585, "bf_source": "microsoft", "boundary_id": 176, "confidence": null, "geometry_wkt": {"type": "Polygon", "coordinates": [[[98.16177674934865, 13.802512995106225], [98.16178075126656, 13.802435048656617], [98.16181968660442, 13.802436913039296], [98.16181568468438, 13.802514859484758], [98.16177674934865, 13.802512995106225]]]}}}, {"type": "Feature", "geometry": {"type": "Polygon", "coordinates": [[[98.1730596927183, 13.824463615826444], [98.17306136044122, 13.824432412884551], [98.17310680590577, 13.82443467123069], [98.17310522156801, 13.824465871391881], [98.1730596927183, 13.824463615826444]]]}, "id": "00220000000000018183", "properties": {"area_in_meters": 17.065249884420684, "bf_source": "microsoft", "boundary_id": 176, "confidence": null, "geometry_wkt": {"type": "Polygon", "coordinates": [[[98.1730596927183, 13.824463615826444], [98.17306136044122, 13.824432412884551], [98.17310680590577, 13.82443467123069], [98.17310522156801, 13.824465871391881], [98.1730596927183, 13.824463615826444]]]}}}, {"type": "Feature", "geometry": {"type": "Polygon", "coordinates": [[[98.16578994928422, 13.819255175410502], [98.16584672963057, 13.819249337449142], [98.16585214919603, 13.819298202004147], [98.16579528546761, 13.81930413048646], [98.16578994928422, 13.819255175410502]]]}, "id": "00220000000000018222", "properties": {"area_in_meters": 33.76432529339153, "bf_source": "microsoft", "boundary_id": 176, "confidence": null, "geometry_wkt": {"type": "Polygon", "coordinates": [[[98.16578994928422, 13.819255175410502], [98.16584672963057, 13.819249337449142], [98.16585214919603, 13.819298202004147], [98.16579528546761, 13.81930413048646], [98.16578994928422, 13.819255175410502]]]}}}, {"type": "Feature", "geometry": {"type": "Polygon", "coordinates": [[[98.15960582453478, 13.800259499779969], [98.15970028372638, 13.800245659804238], [98.15971253925267, 13.80032464430229], [98.15961816341608, 13.80033848153678], [98.15960582453478, 13.800259499779969]]]}, "id": "00220000000000018248", "properties": {"area_in_meters": 91.52832865547707, "bf_source": "microsoft", "boundary_id": 176, "confidence": null, "geometry_wkt": {"type": "Polygon", "coordinates": [[[98.15960582453478, 13.800259499779969], [98.15970028372638, 13.800245659804238], [98.15971253925267, 13.80032464430229], [98.15961816341608, 13.80033848153678], [98.15960582453478, 13.800259499779969]]]}}}, {"type": "Feature", "geometry": {"type": "Polygon", "coordinates": [[[98.16944957856943, 13.81808920205967], [98.16950419382134, 13.818090717583658], [98.16950285970783, 13.818136209001782], [98.16944824445693, 13.818134693481838], [98.16944957856943, 13.81808920205967]]]}, "id": "0022000000000001832e", "properties": {"area_in_meters": 29.859199795282986, "bf_source": "microsoft", "boundary_id": 176, "confidence": null, "geometry_wkt": {"type": "Polygon", "coordinates": [[[98.16944957856943, 13.81808920205967], [98.16950419382134, 13.818090717583658], [98.16950285970783, 13.818136209001782], [98.16944824445693, 13.818134693481838], [98.16944957856943, 13.81808920205967]]]}}}, {"type": "Feature", "geometry": {"type": "Polygon", "coordinates": [[[98.156532090665, 13.772236841445892], [98.15651374985971, 13.772290863169578], [98.15639620208057, 13.772253272994204], [98.15641454285635, 13.772199251284666], [98.156532090665, 13.772236841445892]]]}, "id": "00220000000000018347", "properties": {"area_in_meters": 84.59853327518437, "bf_source": "microsoft", "boundary_id": 176, "confidence": null, "geometry_wkt": {"type": "Polygon", "coordinates": [[[98.156532090665, 13.772236841445892], [98.15651374985971, 13.772290863169578], [98.15639620208057, 13.772253272994204], [98.15641454285635, 13.772199251284666], [98.156532090665, 13.772236841445892]]]}}}, {"type": "Feature", "geometry": {"type": "Polygon", "coordinates": [[[98.16009971489615, 13.799551645003246], [98.15998107752483, 13.79956690207661], [98.15997023926437, 13.799487520091146], [98.16008887661812, 13.79947235077595], [98.16009971489615, 13.799551645003246]]]}, "id": "00220000000000018523", "properties": {"area_in_meters": 115.02002979332336, "bf_source": "microsoft", "boundary_id": 176, "confidence": null, "geometry_wkt": {"type": "Polygon", "coordinates": [[[98.16009971489615, 13.799551645003246], [98.15998107752483, 13.79956690207661], [98.15997023926437, 13.799487520091146], [98.16008887661812, 13.79947235077595], [98.16009971489615, 13.799551645003246]]]}}}, {"type": "Feature", "geometry": {"type": "Polygon", "coordinates": [[[98.15115793143795, 13.750599427555787], [98.15108348994525, 13.75064117631876], [98.15104789476781, 13.75058131828278], [98.15112233622425, 13.750539569556791], [98.15115793143795, 13.750599427555787]]]}, "id": "002200000000000185b1", "properties": {"area_in_meters": 71.32102483694246, "bf_source": "microsoft", "boundary_id": 176, "confidence": null, "geometry_wkt": {"type": "Polygon", "coordinates": [[[98.15115793143795, 13.750599427555787], [98.15108348994525, 13.75064117631876], [98.15104789476781, 13.75058131828278], [98.15112233622425, 13.750539569556791], [98.15115793143795, 13.750599427555787]]]}}}, {"type": "Feature", "geometry": {"type": "Polygon", "coordinates": [[[98.14877309046545, 13.748184270946405], [98.14877800861447, 13.74830915861797], [98.14869498363471, 13.74831225377442], [98.14869006549128, 13.748187366077678], [98.14877309046545, 13.748184270946405]]]}, "id": "0022000000000001860a", "properties": {"area_in_meters": 124.69890460962492, "bf_source": "microsoft", "boundary_id": 176, "confidence": null, "geometry_wkt": {"type": "Polygon", "coordinates": [[[98.14877309046545, 13.748184270946405], [98.14877800861447, 13.74830915861797], [98.14869498363471, 13.74831225377442], [98.14869006549128, 13.748187366077678], [98.14877309046545, 13.748184270946405]]]}}}, {"type": "Feature", "geometry": {"type": "Polygon", "coordinates": [[[98.15998499597323, 13.801627973766099], [98.15985918887297, 13.8016539091168], [98.15984009689325, 13.801566729266007], [98.15996590396065, 13.801540793964046], [98.15998499597323, 13.801627973766099]]]}, "id": "00220000000000018708", "properties": {"area_in_meters": 137.65188985214704, "bf_source": "microsoft", "boundary_id": 176, "confidence": null, "geometry_wkt": {"type": "Polygon", "coordinates": [[[98.15998499597323, 13.801627973766099], [98.15985918887297, 13.8016539091168], [98.15984009689325, 13.801566729266007], [98.15996590396065, 13.801540793964046], [98.15998499597323, 13.801627973766099]]]}}}, {"type": "Feature", "geometry": {"type": "Polygon", "coordinates": [[[98.15983442766004, 13.799299211696587], [98.15983692879229, 13.79936053601275], [98.15974580426298, 13.799364001215464], [98.15974338650484, 13.79930267411664], [98.15983442766004, 13.799299211696587]]]}, "id": "0022000000000001876d", "properties": {"area_in_meters": 67.10742005571969, "bf_source": "microsoft", "boundary_id": 176, "confidence": null, "geometry_wkt": {"type": "Polygon", "coordinates": [[[98.15983442766004, 13.799299211696587], [98.15983692879229, 13.79936053601275], [98.15974580426298, 13.799364001215464], [98.15974338650484, 13.79930267411664], [98.15983442766004, 13.799299211696587]]]}}}, {"type": "Feature", "geometry": {"type": "Polygon", "coordinates": [[[98.16449085034505, 13.82452597939173], [98.1643711219589, 13.824584627400471], [98.16433660420151, 13.824518216152224], [98.16445633253116, 13.82445956820351], [98.16449085034505, 13.82452597939173]]]}, "id": "002200000000000187ec", "properties": {"area_in_meters": 119.78927487778031, "bf_source": "microsoft", "boundary_id": 176, "confidence": null, "geometry_wkt": {"type": "Polygon", "coordinates": [[[98.16449085034505, 13.82452597939173], [98.1643711219589, 13.824584627400471], [98.16433660420151, 13.824518216152224], [98.16445633253116, 13.82445956820351], [98.16449085034505, 13.82452597939173]]]}}}, {"type": "Feature", "geometry": {"type": "Polygon", "coordinates": [[[98.1515985799459, 13.754303048337764], [98.15162825670976, 13.754365295845421], [98.15150446467058, 13.754420956495343], [98.15147487131856, 13.754358706175037], [98.1515985799459, 13.754303048337764]]]}, "id": "00220000000000018879", "properties": {"area_in_meters": 112.26189229386002, "bf_source": "microsoft", "boundary_id": 176, "confidence": null, "geometry_wkt": {"type": "Polygon", "coordinates": [[[98.1515985799459, 13.754303048337764], [98.15162825670976, 13.754365295845421], [98.15150446467058, 13.754420956495343], [98.15147487131856, 13.754358706175037], [98.1515985799459, 13.754303048337764]]]}}}, {"type": "Feature", "geometry": {"type": "Polygon", "coordinates": [[[98.14806237973434, 13.749074611583293], [98.14805421068569, 13.749018494571603], [98.14811206090712, 13.749010531540794], [98.14812022996225, 13.749066736234337], [98.14806237973434, 13.749074611583293]]]}, "id": "002200000000000188a1", "properties": {"area_in_meters": 39.82724256778496, "bf_source": "microsoft", "boundary_id": 176, "confidence": null, "geometry_wkt": {"type": "Polygon", "coordinates": [[[98.14806237973434, 13.749074611583293], [98.14805421068569, 13.749018494571603], [98.14811206090712, 13.749010531540794], [98.14812022996225, 13.749066736234337], [98.14806237973434, 13.749074611583293]]]}}}, {"type": "Feature", "geometry": {"type": "Polygon", "coordinates": [[[98.1566300473166, 13.77661614949396], [98.15658452872003, 13.776618009280764], [98.15658136076016, 13.776543823583827], [98.15668306901428, 13.776539662560314], [98.15668773759327, 13.776646339058845], [98.15663146456274, 13.776648643082389], [98.1566300473166, 13.77661614949396]]]}, "id": "002200000000000189a2", "properties": {"area_in_meters": 112.72671548262048, "bf_source": "microsoft", "boundary_id": 176, "confidence": null, "geometry_wkt": {"type": "Polygon", "coordinates": [[[98.1566300473166, 13.77661614949396], [98.15658452872003, 13.776618009280764], [98.15658136076016, 13.776543823583827], [98.15668306901428, 13.776539662560314], [98.15668773759327, 13.776646339058845], [98.15663146456274, 13.776648643082389], [98.1566300473166, 13.77661614949396]]]}}}, {"type": "Feature", "geometry": {"type": "Polygon", "coordinates": [[[98.15985718796657, 13.799728044857334], [98.15986660890138, 13.799802473746706], [98.15975297416693, 13.799816073310426], [98.15974363661775, 13.79974164162298], [98.15985718796657, 13.799728044857334]]]}, "id": "002200000000000189f0", "properties": {"area_in_meters": 103.05910766800639, "bf_source": "microsoft", "boundary_id": 176, "confidence": null, "geometry_wkt": {"type": "Polygon", "coordinates": [[[98.15985718796657, 13.799728044857334], [98.15986660890138, 13.799802473746706], [98.15975297416693, 13.799816073310426], [98.15974363661775, 13.79974164162298], [98.15985718796657, 13.799728044857334]]]}}}, {"type": "Feature", "geometry": {"type": "Polygon", "coordinates": [[[98.15569367046506, 13.774774142028193], [98.15579812857742, 13.774778223035522], [98.15579529411748, 13.77484699341792], [98.15569083600919, 13.77484291242122], [98.15569367046506, 13.774774142028193]]]}, "id": "002200000000000189f7", "properties": {"area_in_meters": 86.44290570670348, "bf_source": "microsoft", "boundary_id": 176, "confidence": null, "geometry_wkt": {"type": "Polygon", "coordinates": [[[98.15569367046506, 13.774774142028193], [98.15579812857742, 13.774778223035522], [98.15579529411748, 13.77484699341792], [98.15569083600919, 13.77484291242122], [98.15569367046506, 13.774774142028193]]]}}}, {"type": "Feature", "geometry": {"type": "Polygon", "coordinates": [[[98.15505533710358, 13.743816413830865], [98.15500981948769, 13.743818094514653], [98.15500790207959, 13.74376861364593], [98.15505341969427, 13.743766932967592], [98.15505533710358, 13.743816413830865]]]}, "id": "00220000000000018b3b", "properties": {"area_in_meters": 27.070062851955154, "bf_source": "microsoft", "boundary_id": 176, "confidence": null, "geometry_wkt": {"type": "Polygon", "coordinates": [[[98.15505533710358, 13.743816413830865], [98.15500981948769, 13.743818094514653], [98.15500790207959, 13.74376861364593], [98.15505341969427, 13.743766932967592], [98.15505533710358, 13.743816413830865]]]}}}, {"type": "Feature", "geometry": {"type": "Polygon", "coordinates": [[[98.15567974828578, 13.777930774902957], [98.15575419446088, 13.777915413481777], [98.15576945051734, 13.77798525233513], [98.15569500432669, 13.778000526067919], [98.15567974828578, 13.777930774902957]]]}, "id": "00220000000000018b56", "properties": {"area_in_meters": 65.20198592153574, "bf_source": "microsoft", "boundary_id": 176, "confidence": null, "geometry_wkt": {"type": "Polygon", "coordinates": [[[98.15567974828578, 13.777930774902957], [98.15575419446088, 13.777915413481777], [98.15576945051734, 13.77798525233513], [98.15569500432669, 13.778000526067919], [98.15567974828578, 13.777930774902957]]]}}}, {"type": "Feature", "geometry": {"type": "Polygon", "coordinates": [[[98.15687081281898, 13.771552375024406], [98.15686230931475, 13.771582652640232], [98.1567424266837, 13.77155092873993], [98.15676835399545, 13.771458766512621], [98.15693308851257, 13.771502423177678], [98.15691574801961, 13.771564217339733], [98.15687081281898, 13.771552375024406]]]}, "id": "00220000000000018bad", "properties": {"area_in_meters": 178.30779419435333, "bf_source": "microsoft", "boundary_id": 176, "confidence": null, "geometry_wkt": {"type": "Polygon", "coordinates": [[[98.15687081281898, 13.771552375024406], [98.15686230931475, 13.771582652640232], [98.1567424266837, 13.77155092873993], [98.15676835399545, 13.771458766512621], [98.15693308851257, 13.771502423177678], [98.15691574801961, 13.771564217339733], [98.15687081281898, 13.771552375024406]]]}}}, {"type": "Feature", "geometry": {"type": "Polygon", "coordinates": [[[98.15091059924586, 13.750207283225947], [98.15080939919025, 13.750231413166976], [98.15079389408704, 13.750169926253333], [98.15089509412117, 13.750145884036188], [98.15091059924586, 13.750207283225947]]]}, "id": "00220000000000018c07", "properties": {"area_in_meters": 79.16803041441615, "bf_source": "microsoft", "boundary_id": 176, "confidence": null, "geometry_wkt": {"type": "Polygon", "coordinates": [[[98.15091059924586, 13.750207283225947], [98.15080939919025, 13.750231413166976], [98.15079389408704, 13.750169926253333], [98.15089509412117, 13.750145884036188], [98.15091059924586, 13.750207283225947]]]}}}, {"type": "Feature", "geometry": {"type": "Polygon", "coordinates": [[[98.16010838551972, 13.795749412387165], [98.16001175814772, 13.795784201155676], [98.15999074858934, 13.79572928277082], [98.16008737593359, 13.795694494035082], [98.16010838551972, 13.795749412387165]]]}, "id": "00220000000000018dea", "properties": {"area_in_meters": 72.56177747786887, "bf_source": "microsoft", "boundary_id": 176, "confidence": null, "geometry_wkt": {"type": "Polygon", "coordinates": [[[98.16010838551972, 13.795749412387165], [98.16001175814772, 13.795784201155676], [98.15999074858934, 13.79572928277082], [98.16008737593359, 13.795694494035082], [98.16010838551972, 13.795749412387165]]]}}}, {"type": "Feature", "geometry": {"type": "Polygon", "coordinates": [[[98.14963969010593, 13.7476223652774], [98.14964127393539, 13.747692642286456], [98.14952332041463, 13.747695050707039], [98.14952173658776, 13.747624773679542], [98.14963969010593, 13.7476223652774]]]}, "id": "00220000000000018dee", "properties": {"area_in_meters": 99.66212795312511, "bf_source": "microsoft", "boundary_id": 176, "confidence": null, "geometry_wkt": {"type": "Polygon", "coordinates": [[[98.14963969010593, 13.7476223652774], [98.14964127393539, 13.747692642286456], [98.14952332041463, 13.747695050707039], [98.14952173658776, 13.747624773679542], [98.14963969010593, 13.7476223652774]]]}}}, {"type": "Feature", "geometry": {"type": "Polygon", "coordinates": [[[98.14635206761899, 13.75133937959405], [98.14625079052341, 13.751359827590646], [98.14623445283226, 13.751283634019796], [98.14633581326085, 13.751263183302104], [98.14635206761899, 13.75133937959405]]]}, "id": "00220000000000018f38", "properties": {"area_in_meters": 96.66768570880755, "bf_source": "microsoft", "boundary_id": 176, "confidence": null, "geometry_wkt": {"type": "Polygon", "coordinates": [[[98.14635206761899, 13.75133937959405], [98.14625079052341, 13.751359827590646], [98.14623445283226, 13.751283634019796], [98.14633581326085, 13.751263183302104], [98.14635206761899, 13.75133937959405]]]}}}, {"type": "Feature", "geometry": {"type": "Polygon", "coordinates": [[[98.16272812812336, 13.82433318682906], [98.16267868713727, 13.824341588317601], [98.1626711000749, 13.82429954976979], [98.16272054105586, 13.824291148289603], [98.16272812812336, 13.82433318682906]]]}, "id": "00220000000000018f86", "properties": {"area_in_meters": 25.727754234410316, "bf_source": "microsoft", "boundary_id": 176, "confidence": null, "geometry_wkt": {"type": "Polygon", "coordinates": [[[98.16272812812336, 13.82433318682906], [98.16267868713727, 13.824341588317601], [98.1626711000749, 13.82429954976979], [98.16272054105586, 13.824291148289603], [98.16272812812336, 13.82433318682906]]]}}}, {"type": "Feature", "geometry": {"type": "Polygon", "coordinates": [[[98.15595677514213, 13.774948471481833], [98.15595902604174, 13.775056454948578], [98.15588933155256, 13.77505788779406], [98.15588699728853, 13.774949907073669], [98.15595677514213, 13.774948471481833]]]}, "id": "002200000000000190d3", "properties": {"area_in_meters": 90.41886375031686, "bf_source": "microsoft", "boundary_id": 176, "confidence": null, "geometry_wkt": {"type": "Polygon", "coordinates": [[[98.15595677514213, 13.774948471481833], [98.15595902604174, 13.775056454948578], [98.15588933155256, 13.77505788779406], [98.15588699728853, 13.774949907073669], [98.15595677514213, 13.774948471481833]]]}}}, {"type": "Feature", "geometry": {"type": "Polygon", "coordinates": [[[98.14783623079607, 13.750869121490265], [98.14786332195155, 13.75098959575019], [98.1477941353283, 13.751004247857436], [98.1477671275558, 13.750883683109443], [98.14783623079607, 13.750869121490265]]]}, "id": "00220000000000019102", "properties": {"area_in_meters": 104.83801187343887, "bf_source": "microsoft", "boundary_id": 176, "confidence": null, "geometry_wkt": {"type": "Polygon", "coordinates": [[[98.14783623079607, 13.750869121490265], [98.14786332195155, 13.75098959575019], [98.1477941353283, 13.751004247857436], [98.1477671275558, 13.750883683109443], [98.14783623079607, 13.750869121490265]]]}}}, {"type": "Feature", "geometry": {"type": "Polygon", "coordinates": [[[98.14791141919693, 13.748868522755277], [98.14797952228314, 13.748871796445195], [98.14797652141142, 13.748931614966374], [98.14790841832802, 13.748928341282019], [98.14791141919693, 13.748868522755277]]]}, "id": "0022000000000001913a", "properties": {"area_in_meters": 49.026431099912905, "bf_source": "microsoft", "boundary_id": 176, "confidence": null, "geometry_wkt": {"type": "Polygon", "coordinates": [[[98.14791141919693, 13.748868522755277], [98.14797952228314, 13.748871796445195], [98.14797652141142, 13.748931614966374], [98.14790841832802, 13.748928341282019], [98.14791141919693, 13.748868522755277]]]}}}, {"type": "Feature", "geometry": {"type": "Polygon", "coordinates": [[[98.15988761842408, 13.79907822090961], [98.1597698151069, 13.799073361063831], [98.15977381691498, 13.79898234541249], [98.15989162023861, 13.798987205273827], [98.15988761842408, 13.79907822090961]]]}, "id": "00220000000000019265", "properties": {"area_in_meters": 128.96038669563686, "bf_source": "microsoft", "boundary_id": 176, "confidence": null, "geometry_wkt": {"type": "Polygon", "coordinates": [[[98.15988761842408, 13.79907822090961], [98.1597698151069, 13.799073361063831], [98.15977381691498, 13.79898234541249], [98.15989162023861, 13.798987205273827], [98.15988761842408, 13.79907822090961]]]}}}, {"type": "Feature", "geometry": {"type": "Polygon", "coordinates": [[[98.1492579048496, 13.746438601956386], [98.14927324290878, 13.746542097422958], [98.1491378679761, 13.74656104111392], [98.14912252994536, 13.746457457904164], [98.1492579048496, 13.746438601956386]]]}, "id": "002200000000000192bd", "properties": {"area_in_meters": 171.90253763892778, "bf_source": "microsoft", "boundary_id": 176, "confidence": null, "geometry_wkt": {"type": "Polygon", "coordinates": [[[98.1492579048496, 13.746438601956386], [98.14927324290878, 13.746542097422958], [98.1491378679761, 13.74656104111392], [98.14912252994536, 13.746457457904164], [98.1492579048496, 13.746438601956386]]]}}}, {"type": "Feature", "geometry": {"type": "Polygon", "coordinates": [[[98.15635260107295, 13.778002232911573], [98.15618661736038, 13.77800957750461], [98.15618344941774, 13.777941969328403], [98.15634943312314, 13.777934624763585], [98.15635260107295, 13.778002232911573]]]}, "id": "00220000000000019333", "properties": {"area_in_meters": 134.98009678711608, "bf_source": "microsoft", "boundary_id": 176, "confidence": null, "geometry_wkt": {"type": "Polygon", "coordinates": [[[98.15635260107295, 13.778002232911573], [98.15618661736038, 13.77800957750461], [98.15618344941774, 13.777941969328403], [98.15634943312314, 13.777934624763585], [98.15635260107295, 13.778002232911573]]]}}}, {"type": "Feature", "geometry": {"type": "Polygon", "coordinates": [[[98.16032223343636, 13.819220293899267], [98.16032431772713, 13.81929050259692], [98.16025845416772, 13.819292429999221], [98.16025636987882, 13.819222133552984], [98.16032223343636, 13.819220293899267]]]}, "id": "0022000000000001940d", "properties": {"area_in_meters": 55.60933847671853, "bf_source": "microsoft", "boundary_id": 176, "confidence": null, "geometry_wkt": {"type": "Polygon", "coordinates": [[[98.16032223343636, 13.819220293899267], [98.16032431772713, 13.81929050259692], [98.16025845416772, 13.819292429999221], [98.16025636987882, 13.819222133552984], [98.16032223343636, 13.819220293899267]]]}}}, {"type": "Feature", "geometry": {"type": "Polygon", "coordinates": [[[98.14699124186251, 13.751345789236218], [98.14704100566314, 13.751318186489021], [98.14707968307934, 13.751383819581799], [98.14703000260882, 13.751411507295993], [98.14699124186251, 13.751345789236218]]]}, "id": "00220000000000019483", "properties": {"area_in_meters": 52.075512361851736, "bf_source": "microsoft", "boundary_id": 176, "confidence": null, "geometry_wkt": {"type": "Polygon", "coordinates": [[[98.14699124186251, 13.751345789236218], [98.14704100566314, 13.751318186489021], [98.14707968307934, 13.751383819581799], [98.14703000260882, 13.751411507295993], [98.14699124186251, 13.751345789236218]]]}}}, {"type": "Feature", "geometry": {"type": "Polygon", "coordinates": [[[98.15905366172859, 13.79948067904505], [98.15907900626858, 13.799547034749782], [98.15902014692276, 13.799568289056657], [98.15899471903306, 13.79950193609656], [98.15905366172859, 13.79948067904505]]]}, "id": "002200000000000194ae", "properties": {"area_in_meters": 53.437760157678106, "bf_source": "microsoft", "boundary_id": 176, "confidence": null, "geometry_wkt": {"type": "Polygon", "coordinates": [[[98.15905366172859, 13.79948067904505], [98.15907900626858, 13.799547034749782], [98.15902014692276, 13.799568289056657], [98.15899471903306, 13.79950193609656], [98.15905366172859, 13.79948067904505]]]}}}, {"type": "Feature", "geometry": {"type": "Polygon", "coordinates": [[[98.14844115785118, 13.746958776606244], [98.14844432545816, 13.747031631861388], [98.1483572996745, 13.747035121971248], [98.1483541320713, 13.746962354392691], [98.14844115785118, 13.746958776606244]]]}, "id": "002200000000000194ec", "properties": {"area_in_meters": 76.26531448063608, "bf_source": "microsoft", "boundary_id": 176, "confidence": null, "geometry_wkt": {"type": "Polygon", "coordinates": [[[98.14844115785118, 13.746958776606244], [98.14844432545816, 13.747031631861388], [98.1483572996745, 13.747035121971248], [98.1483541320713, 13.746962354392691], [98.14844115785118, 13.746958776606244]]]}}}, {"type": "Feature", "geometry": {"type": "Polygon", "coordinates": [[[98.16396124548564, 13.824723652799326], [98.16404186990744, 13.824695173239096], [98.16407972256219, 13.824796482224654], [98.16399918147448, 13.824824871318372], [98.16396124548564, 13.824723652799326]]]}, "id": "002200000000000194f2", "properties": {"area_in_meters": 110.85332768600739, "bf_source": "microsoft", "boundary_id": 176, "confidence": null, "geometry_wkt": {"type": "Polygon", "coordinates": [[[98.16396124548564, 13.824723652799326], [98.16404186990744, 13.824695173239096], [98.16407972256219, 13.824796482224654], [98.16399918147448, 13.824824871318372], [98.16396124548564, 13.824723652799326]]]}}}, {"type": "Feature", "geometry": {"type": "Polygon", "coordinates": [[[98.15238993665304, 13.750608667682155], [98.15239277098088, 13.750652771698016], [98.15232599758048, 13.750656909497177], [98.15232316325522, 13.750612717779314], [98.15238993665304, 13.750608667682155]]]}, "id": "002200000000000195bf", "properties": {"area_in_meters": 35.5280673047106, "bf_source": "microsoft", "boundary_id": 176, "confidence": null, "geometry_wkt": {"type": "Polygon", "coordinates": [[[98.15238993665304, 13.750608667682155], [98.15239277098088, 13.750652771698016], [98.15232599758048, 13.750656909497177], [98.15232316325522, 13.750612717779314], [98.15238993665304, 13.750608667682155]]]}}}, {"type": "Feature", "geometry": {"type": "Polygon", "coordinates": [[[98.14984842245218, 13.75098693053116], [98.1498449213456, 13.75110929269059], [98.1498154953851, 13.751108511783686], [98.14981424499044, 13.751151698944065], [98.14977673316059, 13.75115074692513], [98.14978140129836, 13.75098520034555], [98.14984842245218, 13.75098693053116]]]}, "id": "002200000000000196b5", "properties": {"area_in_meters": 118.01469061386854, "bf_source": "microsoft", "boundary_id": 176, "confidence": null, "geometry_wkt": {"type": "Polygon", "coordinates": [[[98.14984842245218, 13.75098693053116], [98.1498449213456, 13.75110929269059], [98.1498154953851, 13.751108511783686], [98.14981424499044, 13.751151698944065], [98.14977673316059, 13.75115074692513], [98.14978140129836, 13.75098520034555], [98.14984842245218, 13.75098693053116]]]}}}, {"type": "Feature", "geometry": {"type": "Polygon", "coordinates": [[[98.16459623816748, 13.823472220597596], [98.16463350747328, 13.823469137475204], [98.16463876019579, 13.8235296786338], [98.16460149088728, 13.823532761762907], [98.16459623816748, 13.823472220597596]]]}, "id": "002200000000000196cc", "properties": {"area_in_meters": 27.28279730988651, "bf_source": "microsoft", "boundary_id": 176, "confidence": null, "geometry_wkt": {"type": "Polygon", "coordinates": [[[98.16459623816748, 13.823472220597596], [98.16463350747328, 13.823469137475204], [98.16463876019579, 13.8235296786338], [98.16460149088728, 13.823532761762907], [98.16459623816748, 13.823472220597596]]]}}}, {"type": "Feature", "geometry": {"type": "Polygon", "coordinates": [[[98.1523952718585, 13.756841836595246], [98.15244804039592, 13.756831145334495], [98.15245379241888, 13.756857702917952], [98.1524010238773, 13.75686839418489], [98.1523952718585, 13.756841836595246]]]}, "id": "0022000000000001975f", "properties": {"area_in_meters": 17.548092880332597, "bf_source": "microsoft", "boundary_id": 176, "confidence": null, "geometry_wkt": {"type": "Polygon", "coordinates": [[[98.1523952718585, 13.756841836595246], [98.15244804039592, 13.756831145334495], [98.15245379241888, 13.756857702917952], [98.1524010238773, 13.75686839418489], [98.1523952718585, 13.756841836595246]]]}}}, {"type": "Feature", "geometry": {"type": "Polygon", "coordinates": [[[98.15014476672384, 13.749706530809934], [98.15006457442816, 13.74972145938681], [98.1500416504513, 13.749604795420295], [98.1501218427218, 13.749589954576493], [98.15014476672384, 13.749706530809934]]]}, "id": "00220000000000019893", "properties": {"area_in_meters": 116.46261740822183, "bf_source": "microsoft", "boundary_id": 176, "confidence": null, "geometry_wkt": {"type": "Polygon", "coordinates": [[[98.15014476672384, 13.749706530809934], [98.15006457442816, 13.74972145938681], [98.1500416504513, 13.749604795420295], [98.1501218427218, 13.749589954576493], [98.15014476672384, 13.749706530809934]]]}}}, {"type": "Feature", "geometry": {"type": "Polygon", "coordinates": [[[98.15883214748827, 13.797246853165632], [98.15884106807137, 13.797211292058632], [98.15889684258279, 13.797224440799427], [98.1588879219929, 13.797260001908574], [98.15883214748827, 13.797246853165632]]]}, "id": "0022000000000001992d", "properties": {"area_in_meters": 25.195283152882958, "bf_source": "microsoft", "boundary_id": 176, "confidence": null, "geometry_wkt": {"type": "Polygon", "coordinates": [[[98.15883214748827, 13.797246853165632], [98.15884106807137, 13.797211292058632], [98.15889684258279, 13.797224440799427], [98.1588879219929, 13.797260001908574], [98.15883214748827, 13.797246853165632]]]}}}, {"type": "Feature", "geometry": {"type": "Polygon", "coordinates": [[[98.15916854593085, 13.790558506958913], [98.15917004659651, 13.790588457111953], [98.15910460092807, 13.79059168198219], [98.15910043241614, 13.790512346757831], [98.15921006435894, 13.790506953537882], [98.1592126488402, 13.790556341357393], [98.15916854593085, 13.790558506958913]]]}, "id": "0022000000000001996b", "properties": {"area_in_meters": 88.84738040274318, "bf_source": "microsoft", "boundary_id": 176, "confidence": null, "geometry_wkt": {"type": "Polygon", "coordinates": [[[98.15916854593085, 13.790558506958913], [98.15917004659651, 13.790588457111953], [98.15910460092807, 13.79059168198219], [98.15910043241614, 13.790512346757831], [98.15921006435894, 13.790506953537882], [98.1592126488402, 13.790556341357393], [98.15916854593085, 13.790558506958913]]]}}}, {"type": "Feature", "geometry": {"type": "Polygon", "coordinates": [[[98.15963975646335, 13.799420246082466], [98.15967585605084, 13.799421503396609], [98.15967493897102, 13.799446096838057], [98.159638839384, 13.799444751800324], [98.15963975646335, 13.799420246082466]]]}, "id": "00220000000000019998", "properties": {"area_in_meters": 10.648555240227761, "bf_source": "microsoft", "boundary_id": 176, "confidence": null, "geometry_wkt": {"type": "Polygon", "coordinates": [[[98.15963975646335, 13.799420246082466], [98.15967585605084, 13.799421503396609], [98.15967493897102, 13.799446096838057], [98.159638839384, 13.799444751800324], [98.15963975646335, 13.799420246082466]]]}}}, {"type": "Feature", "geometry": {"type": "Polygon", "coordinates": [[[98.14918554926612, 13.748918308595659], [98.1491974695935, 13.748986666165708], [98.1491282817065, 13.748998073509814], [98.14911636139043, 13.748929628227616], [98.14918554926612, 13.748918308595659]]]}, "id": "002200000000000199da", "properties": {"area_in_meters": 58.464046708705204, "bf_source": "microsoft", "boundary_id": 176, "confidence": null, "geometry_wkt": {"type": "Polygon", "coordinates": [[[98.14918554926612, 13.748918308595659], [98.1491974695935, 13.748986666165708], [98.1491282817065, 13.748998073509814], [98.14911636139043, 13.748929628227616], [98.14918554926612, 13.748918308595659]]]}}}, {"type": "Feature", "geometry": {"type": "Polygon", "coordinates": [[[98.15165534927156, 13.754499452403143], [98.15155389809945, 13.754537273252335], [98.15150996653453, 13.754425948595884], [98.15161141764564, 13.75438812781807], [98.15165534927156, 13.754499452403143]]]}, "id": "00220000000000019a93", "properties": {"area_in_meters": 155.57352203562212, "bf_source": "microsoft", "boundary_id": 176, "confidence": null, "geometry_wkt": {"type": "Polygon", "coordinates": [[[98.15165534927156, 13.754499452403143], [98.15155389809945, 13.754537273252335], [98.15150996653453, 13.754425948595884], [98.15161141764564, 13.75438812781807], [98.15165534927156, 13.754499452403143]]]}}}, {"type": "Feature", "geometry": {"type": "Polygon", "coordinates": [[[98.17299398446495, 13.81785974212865], [98.17304601739167, 13.817824231077667], [98.17307628656317, 13.8178659496399], [98.17302433700104, 13.817901545668684], [98.17299398446495, 13.81785974212865]]]}, "id": "00220000000000019add", "properties": {"area_in_meters": 39.027736336257014, "bf_source": "microsoft", "boundary_id": 176, "confidence": null, "geometry_wkt": {"type": "Polygon", "coordinates": [[[98.17299398446495, 13.81785974212865], [98.17304601739167, 13.817824231077667], [98.17307628656317, 13.8178659496399], [98.17302433700104, 13.817901545668684], [98.17299398446495, 13.81785974212865]]]}}}, {"type": "Feature", "geometry": {"type": "Polygon", "coordinates": [[[98.15715834855948, 13.770657534632525], [98.15728573500725, 13.770661996054569], [98.1572827337533, 13.770742609993821], [98.15715534731075, 13.770738236293933], [98.15715834855948, 13.770657534632525]]]}, "id": "00220000000000019af6", "properties": {"area_in_meters": 123.54047106410357, "bf_source": "microsoft", "boundary_id": 176, "confidence": null, "geometry_wkt": {"type": "Polygon", "coordinates": [[[98.15715834855948, 13.770657534632525], [98.15728573500725, 13.770661996054569], [98.1572827337533, 13.770742609993821], [98.15715534731075, 13.770738236293933], [98.15715834855948, 13.770657534632525]]]}}}, {"type": "Feature", "geometry": {"type": "Polygon", "coordinates": [[[98.14588511052521, 13.751736640016125], [98.14583893178173, 13.75176263339598], [98.14581509222522, 13.751722730436963], [98.14586127095365, 13.75169673707244], [98.14588511052521, 13.751736640016125]]]}, "id": "00220000000000019bc5", "properties": {"area_in_meters": 29.5796232646548, "bf_source": "microsoft", "boundary_id": 176, "confidence": null, "geometry_wkt": {"type": "Polygon", "coordinates": [[[98.14588511052521, 13.751736640016125], [98.14583893178173, 13.75176263339598], [98.14581509222522, 13.751722730436963], [98.14586127095365, 13.75169673707244], [98.14588511052521, 13.751736640016125]]]}}}, {"type": "Feature", "geometry": {"type": "Polygon", "coordinates": [[[98.1492137245885, 13.742195499187746], [98.14933701259145, 13.742192652956092], [98.14933926328715, 13.74228114440927], [98.1492159752804, 13.742284078354556], [98.1492137245885, 13.742195499187746]]]}, "id": "00220000000000019bea", "properties": {"area_in_meters": 131.19291946318563, "bf_source": "microsoft", "boundary_id": 176, "confidence": null, "geometry_wkt": {"type": "Polygon", "coordinates": [[[98.1492137245885, 13.742195499187746], [98.14933701259145, 13.742192652956092], [98.14933926328715, 13.74228114440927], [98.1492159752804, 13.742284078354556], [98.1492137245885, 13.742195499187746]]]}}}, {"type": "Feature", "geometry": {"type": "Polygon", "coordinates": [[[98.156749429558, 13.779007145939387], [98.15675601559514, 13.779038328464727], [98.15663238160437, 13.779062864552973], [98.15661929292035, 13.77900032128691], [98.15670682874976, 13.778982946508743], [98.15671341478307, 13.779014304456616], [98.156749429558, 13.779007145939387]]]}, "id": "00220000000000019f46", "properties": {"area_in_meters": 82.54882828680762, "bf_source": "microsoft", "boundary_id": 176, "confidence": null, "geometry_wkt": {"type": "Polygon", "coordinates": [[[98.156749429558, 13.779007145939387], [98.15675601559514, 13.779038328464727], [98.15663238160437, 13.779062864552973], [98.15661929292035, 13.77900032128691], [98.15670682874976, 13.778982946508743], [98.15671341478307, 13.779014304456616], [98.156749429558, 13.779007145939387]]]}}}, {"type": "Feature", "geometry": {"type": "Polygon", "coordinates": [[[98.14852793366022, 13.7526439224877], [98.14848066959006, 13.752650659269708], [98.14847466780557, 13.75261095604248], [98.14852193187183, 13.752604219267413], [98.14852793366022, 13.7526439224877]]]}, "id": "00220000000000019f86", "properties": {"area_in_meters": 23.00767950663556, "bf_source": "microsoft", "boundary_id": 176, "confidence": null, "geometry_wkt": {"type": "Polygon", "coordinates": [[[98.14852793366022, 13.7526439224877], [98.14848066959006, 13.752650659269708], [98.14847466780557, 13.75261095604248], [98.14852193187183, 13.752604219267413], [98.14852793366022, 13.7526439224877]]]}}}, {"type": "Feature", "geometry": {"type": "Polygon", "coordinates": [[[98.15052172170886, 13.753726195761205], [98.1504346934503, 13.753764152690833], [98.15040360004588, 13.753696953298228], [98.15049062826742, 13.753658996409566], [98.15052172170886, 13.753726195761205]]]}, "id": "0022000000000001a025", "properties": {"area_in_meters": 84.4290928320796, "bf_source": "microsoft", "boundary_id": 176, "confidence": null, "geometry_wkt": {"type": "Polygon", "coordinates": [[[98.15052172170886, 13.753726195761205], [98.1504346934503, 13.753764152690833], [98.15040360004588, 13.753696953298228], [98.15049062826742, 13.753658996409566], [98.15052172170886, 13.753726195761205]]]}}}, {"type": "Feature", "geometry": {"type": "Polygon", "coordinates": [[[98.16050656834129, 13.743911329265991], [98.16046354848473, 13.743925906161609], [98.16045020899946, 13.743888729404658], [98.16049322884817, 13.743874152518561], [98.16050656834129, 13.743911329265991]]]}, "id": "0022000000000001a152", "properties": {"area_in_meters": 21.554711698573403, "bf_source": "microsoft", "boundary_id": 176, "confidence": null, "geometry_wkt": {"type": "Polygon", "coordinates": [[[98.16050656834129, 13.743911329265991], [98.16046354848473, 13.743925906161609], [98.16045020899946, 13.743888729404658], [98.16049322884817, 13.743874152518561], [98.16050656834129, 13.743911329265991]]]}}}, {"type": "Feature", "geometry": {"type": "Polygon", "coordinates": [[[98.14995487284403, 13.752854651816014], [98.15000022059137, 13.752837805387768], [98.1500168092045, 13.752880140073012], [98.14997146144687, 13.752896898817465], [98.14995487284403, 13.752854651816014]]]}, "id": "0022000000000001a1f6", "properties": {"area_in_meters": 26.37970125887129, "bf_source": "microsoft", "boundary_id": 176, "confidence": null, "geometry_wkt": {"type": "Polygon", "coordinates": [[[98.14995487284403, 13.752854651816014], [98.15000022059137, 13.752837805387768], [98.1500168092045, 13.752880140073012], [98.14997146144687, 13.752896898817465], [98.14995487284403, 13.752854651816014]]]}}}, {"type": "Feature", "geometry": {"type": "Polygon", "coordinates": [[[98.15623822149784, 13.77780858657823], [98.1561633579953, 13.777812384051323], [98.15616077362186, 13.777765631903673], [98.15631200130534, 13.777757811781251], [98.15631817046776, 13.777869526840341], [98.15624180627773, 13.777873461809765], [98.15623822149784, 13.77780858657823]]]}, "id": "0022000000000001a572", "properties": {"area_in_meters": 144.86210699338835, "bf_source": "microsoft", "boundary_id": 176, "confidence": null, "geometry_wkt": {"type": "Polygon", "coordinates": [[[98.15623822149784, 13.77780858657823], [98.1561633579953, 13.777812384051323], [98.15616077362186, 13.777765631903673], [98.15631200130534, 13.777757811781251], [98.15631817046776, 13.777869526840341], [98.15624180627773, 13.777873461809765], [98.15623822149784, 13.77780858657823]]]}}}, {"type": "Feature", "geometry": {"type": "Polygon", "coordinates": [[[98.15523323955918, 13.77482711637764], [98.15529859839579, 13.774828809564461], [98.1552969310778, 13.77488868269396], [98.15523157224268, 13.77488698951357], [98.15523323955918, 13.77482711637764]]]}, "id": "0022000000000001a657", "properties": {"area_in_meters": 47.0138469630673, "bf_source": "microsoft", "boundary_id": 176, "confidence": null, "geometry_wkt": {"type": "Polygon", "coordinates": [[[98.15523323955918, 13.77482711637764], [98.15529859839579, 13.774828809564461], [98.1552969310778, 13.77488868269396], [98.15523157224268, 13.77488698951357], [98.15523323955918, 13.77482711637764]]]}}}, {"type": "Feature", "geometry": {"type": "Polygon", "coordinates": [[[98.15070994984879, 13.748910616637176], [98.15071720222703, 13.748873896508636], [98.1507663016803, 13.748883059314135], [98.15075904929718, 13.74891977944345], [98.15070994984879, 13.748910616637176]]]}, "id": "0022000000000001a6f9", "properties": {"area_in_meters": 22.476502767449258, "bf_source": "microsoft", "boundary_id": 176, "confidence": null, "geometry_wkt": {"type": "Polygon", "coordinates": [[[98.15070994984879, 13.748910616637176], [98.15071720222703, 13.748873896508636], [98.1507663016803, 13.748883059314135], [98.15075904929718, 13.74891977944345], [98.15070994984879, 13.748910616637176]]]}}}, {"type": "Feature", "geometry": {"type": "Polygon", "coordinates": [[[98.14489627496897, 13.751250861992288], [98.14499388260364, 13.751221064684586], [98.14501688835037, 13.751292127179616], [98.14491928068496, 13.751322012221712], [98.14489627496897, 13.751250861992288]]]}, "id": "0022000000000001a7f1", "properties": {"area_in_meters": 91.65582141285162, "bf_source": "microsoft", "boundary_id": 176, "confidence": null, "geometry_wkt": {"type": "Polygon", "coordinates": [[[98.14489627496897, 13.751250861992288], [98.14499388260364, 13.751221064684586], [98.14501688835037, 13.751292127179616], [98.14491928068496, 13.751322012221712], [98.14489627496897, 13.751250861992288]]]}}}, {"type": "Feature", "geometry": {"type": "Polygon", "coordinates": [[[98.14600047415642, 13.75166126737372], [98.14605657228861, 13.751640295591457], [98.14609249845535, 13.751731101031249], [98.14603640029556, 13.751752072845758], [98.14600047415642, 13.75166126737372]]]}, "id": "0022000000000001a868", "properties": {"area_in_meters": 70.20377940612406, "bf_source": "microsoft", "boundary_id": 176, "confidence": null, "geometry_wkt": {"type": "Polygon", "coordinates": [[[98.14600047415642, 13.75166126737372], [98.14605657228861, 13.751640295591457], [98.14609249845535, 13.751731101031249], [98.14603640029556, 13.751752072845758], [98.14600047415642, 13.75166126737372]]]}}}, {"type": "Feature", "geometry": {"type": "Polygon", "coordinates": [[[98.15019161507036, 13.750404078143315], [98.15004481812768, 13.750464530173875], [98.15001489192741, 13.750396065839022], [98.15016177217, 13.75033561111995], [98.15019161507036, 13.750404078143315]]]}, "id": "0022000000000001a895", "properties": {"area_in_meters": 142.42441541786047, "bf_source": "microsoft", "boundary_id": 176, "confidence": null, "geometry_wkt": {"type": "Polygon", "coordinates": [[[98.15019161507036, 13.750404078143315], [98.15004481812768, 13.750464530173875], [98.15001489192741, 13.750396065839022], [98.15016177217, 13.75033561111995], [98.15019161507036, 13.750404078143315]]]}}}, {"type": "Feature", "geometry": {"type": "Polygon", "coordinates": [[[98.16275022233538, 13.824181449732624], [98.16265892742703, 13.824202738157322], [98.16264675478122, 13.824153482042831], [98.16273804967433, 13.824132193639485], [98.16275022233538, 13.824181449732624]]]}, "id": "0022000000000001a93a", "properties": {"area_in_meters": 57.0984020935222, "bf_source": "microsoft", "boundary_id": 176, "confidence": null, "geometry_wkt": {"type": "Polygon", "coordinates": [[[98.16275022233538, 13.824181449732624], [98.16265892742703, 13.824202738157322], [98.16264675478122, 13.824153482042831], [98.16273804967433, 13.824132193639485], [98.16275022233538, 13.824181449732624]]]}}}, {"type": "Feature", "geometry": {"type": "Polygon", "coordinates": [[[98.15650749731351, 13.775279740038028], [98.15663621650586, 13.775282051603092], [98.15663471589221, 13.77536279414589], [98.1565059967025, 13.775360482598979], [98.15650749731351, 13.775279740038028]]]}, "id": "0022000000000001a994", "properties": {"area_in_meters": 124.81447622604917, "bf_source": "microsoft", "boundary_id": 176, "confidence": null, "geometry_wkt": {"type": "Polygon", "coordinates": [[[98.15650749731351, 13.775279740038028], [98.15663621650586, 13.775282051603092], [98.15663471589221, 13.77536279414589], [98.1565059967025, 13.775360482598979], [98.15650749731351, 13.775279740038028]]]}}}, {"type": "Feature", "geometry": {"type": "Polygon", "coordinates": [[[98.15035691828395, 13.752076124624386], [98.15035850212894, 13.752150087083109], [98.15019061474946, 13.752153622085885], [98.15018894754803, 13.752079750051504], [98.15035691828395, 13.752076124624386]]]}, "id": "0022000000000001a9bd", "properties": {"area_in_meters": 149.18831176009613, "bf_source": "microsoft", "boundary_id": 176, "confidence": null, "geometry_wkt": {"type": "Polygon", "coordinates": [[[98.15035691828395, 13.752076124624386], [98.15035850212894, 13.752150087083109], [98.15019061474946, 13.752153622085885], [98.15018894754803, 13.752079750051504], [98.15035691828395, 13.752076124624386]]]}}}, {"type": "Feature", "geometry": {"type": "Polygon", "coordinates": [[[98.15553602486547, 13.774309069744586], [98.15554286089183, 13.774257796516473], [98.15561672336366, 13.774267101680586], [98.1556098873304, 13.77431828719822], [98.15553602486547, 13.774309069744586]]]}, "id": "0022000000000001adf3", "properties": {"area_in_meters": 46.2169685072951, "bf_source": "microsoft", "boundary_id": 176, "confidence": null, "geometry_wkt": {"type": "Polygon", "coordinates": [[[98.15553602486547, 13.774309069744586], [98.15554286089183, 13.774257796516473], [98.15561672336366, 13.774267101680586], [98.1556098873304, 13.77431828719822], [98.15553602486547, 13.774309069744586]]]}}}, {"type": "Feature", "geometry": {"type": "Polygon", "coordinates": [[[98.1462724629765, 13.748159754675022], [98.14635281782022, 13.748157713233525], [98.1463543182227, 13.748215015132406], [98.14627396337733, 13.748216968890965], [98.1462724629765, 13.748159754675022]]]}, "id": "0022000000000001b08b", "properties": {"area_in_meters": 55.35704671827205, "bf_source": "microsoft", "boundary_id": 176, "confidence": null, "geometry_wkt": {"type": "Polygon", "coordinates": [[[98.1462724629765, 13.748159754675022], [98.14635281782022, 13.748157713233525], [98.1463543182227, 13.748215015132406], [98.14627396337733, 13.748216968890965], [98.1462724629765, 13.748159754675022]]]}}}, {"type": "Feature", "geometry": {"type": "Polygon", "coordinates": [[[98.15643305037113, 13.775819254511983], [98.156310000496, 13.775813597483939], [98.15631366864648, 13.775738220782623], [98.15643671852777, 13.775743877823576], [98.15643305037113, 13.775819254511983]]]}, "id": "0022000000000001b0b2", "properties": {"area_in_meters": 111.68337995617401, "bf_source": "microsoft", "boundary_id": 176, "confidence": null, "geometry_wkt": {"type": "Polygon", "coordinates": [[[98.15643305037113, 13.775819254511983], [98.156310000496, 13.775813597483939], [98.15631366864648, 13.775738220782623], [98.15643671852777, 13.775743877823576], [98.15643305037113, 13.775819254511983]]]}}}, {"type": "Feature", "geometry": {"type": "Polygon", "coordinates": [[[98.14601364429355, 13.75137739971325], [98.14604406898648, 13.751457687968557], [98.14598980468, 13.751477195960037], [98.14595929665444, 13.751396910432776], [98.14601364429355, 13.75137739971325]]]}, "id": "0022000000000001b0e2", "properties": {"area_in_meters": 59.48601451731248, "bf_source": "microsoft", "boundary_id": 176, "confidence": null, "geometry_wkt": {"type": "Polygon", "coordinates": [[[98.14601364429355, 13.75137739971325], [98.14604406898648, 13.751457687968557], [98.14598980468, 13.751477195960037], [98.14595929665444, 13.751396910432776], [98.14601364429355, 13.75137739971325]]]}}}, {"type": "Feature", "geometry": {"type": "Polygon", "coordinates": [[[98.1477790476517, 13.74900987544374], [98.14791033554981, 13.749005272930143], [98.14791316970387, 13.749083314333127], [98.14778196515798, 13.749087914116107], [98.1477790476517, 13.74900987544374]]]}, "id": "0022000000000001b177", "properties": {"area_in_meters": 123.21649162896334, "bf_source": "microsoft", "boundary_id": 176, "confidence": null, "geometry_wkt": {"type": "Polygon", "coordinates": [[[98.1477790476517, 13.74900987544374], [98.14791033554981, 13.749005272930143], [98.14791316970387, 13.749083314333127], [98.14778196515798, 13.749087914116107], [98.1477790476517, 13.74900987544374]]]}}}, {"type": "Feature", "geometry": {"type": "Polygon", "coordinates": [[[98.15169086138316, 13.750945207696413], [98.15170503288792, 13.751022611562341], [98.15163484228539, 13.751034754745103], [98.15162067079426, 13.75095735085712], [98.15169086138316, 13.750945207696413]]]}, "id": "0022000000000001b393", "properties": {"area_in_meters": 67.29120865237486, "bf_source": "microsoft", "boundary_id": 176, "confidence": null, "geometry_wkt": {"type": "Polygon", "coordinates": [[[98.15169086138316, 13.750945207696413], [98.15170503288792, 13.751022611562341], [98.15163484228539, 13.751034754745103], [98.15162067079426, 13.75095735085712], [98.15169086138316, 13.750945207696413]]]}}}, {"type": "Feature", "geometry": {"type": "Polygon", "coordinates": [[[98.15936321587293, 13.797305362520685], [98.159324782066, 13.797322692220698], [98.1592465805863, 13.797158702005936], [98.15928501435211, 13.797141460074442], [98.15936321587293, 13.797305362520685]]]}, "id": "0022000000000001b3aa", "properties": {"area_in_meters": 91.91541161379051, "bf_source": "microsoft", "boundary_id": 176, "confidence": null, "geometry_wkt": {"type": "Polygon", "coordinates": [[[98.15936321587293, 13.797305362520685], [98.159324782066, 13.797322692220698], [98.1592465805863, 13.797158702005936], [98.15928501435211, 13.797141460074442], [98.15936321587293, 13.797305362520685]]]}}}, {"type": "Feature", "geometry": {"type": "Polygon", "coordinates": [[[98.14959184180069, 13.752521398542184], [98.14965486152633, 13.752501336996069], [98.14967303389118, 13.752555545882402], [98.14961001414986, 13.752575519752293], [98.14959184180069, 13.752521398542184]]]}, "id": "0022000000000001b4e9", "properties": {"area_in_meters": 45.354425326695186, "bf_source": "microsoft", "boundary_id": 176, "confidence": null, "geometry_wkt": {"type": "Polygon", "coordinates": [[[98.14959184180069, 13.752521398542184], [98.14965486152633, 13.752501336996069], [98.14967303389118, 13.752555545882402], [98.14961001414986, 13.752575519752293], [98.14959184180069, 13.752521398542184]]]}}}, {"type": "Feature", "geometry": {"type": "Polygon", "coordinates": [[[98.1494192880682, 13.746556386926654], [98.14947013719339, 13.746554618470837], [98.14947197109693, 13.746602963721303], [98.14942112197048, 13.746604732183032], [98.1494192880682, 13.746556386926654]]]}, "id": "0022000000000001b690", "properties": {"area_in_meters": 29.58923312724661, "bf_source": "microsoft", "boundary_id": 176, "confidence": null, "geometry_wkt": {"type": "Polygon", "coordinates": [[[98.1494192880682, 13.746556386926654], [98.14947013719339, 13.746554618470837], [98.14947197109693, 13.746602963721303], [98.14942112197048, 13.746604732183032], [98.1494192880682, 13.746556386926654]]]}}}, {"type": "Feature", "geometry": {"type": "Polygon", "coordinates": [[[98.15540989195742, 13.758780787198566], [98.15535820503881, 13.758802844455046], [98.15530976942729, 13.758695876764783], [98.15536145631165, 13.758673819546482], [98.15540989195742, 13.758780787198566]]]}, "id": "0022000000000001b789", "properties": {"area_in_meters": 79.23687641343908, "bf_source": "microsoft", "boundary_id": 176, "confidence": null, "geometry_wkt": {"type": "Polygon", "coordinates": [[[98.15540989195742, 13.758780787198566], [98.15535820503881, 13.758802844455046], [98.15530976942729, 13.758695876764783], [98.15536145631165, 13.758673819546482], [98.15540989195742, 13.758780787198566]]]}}}, {"type": "Feature", "geometry": {"type": "Polygon", "coordinates": [[[98.15151780252332, 13.756015375820885], [98.15155306448318, 13.756103748593242], [98.15147145349557, 13.75613442416694], [98.15143619157509, 13.75604613904645], [98.15151780252332, 13.756015375820885]]]}, "id": "0022000000000001b7ae", "properties": {"area_in_meters": 99.57815264433057, "bf_source": "microsoft", "boundary_id": 176, "confidence": null, "geometry_wkt": {"type": "Polygon", "coordinates": [[[98.15151780252332, 13.756015375820885], [98.15155306448318, 13.756103748593242], [98.15147145349557, 13.75613442416694], [98.15143619157509, 13.75604613904645], [98.15151780252332, 13.756015375820885]]]}}}, {"type": "Feature", "geometry": {"type": "Polygon", "coordinates": [[[98.15684922058955, 13.772163796117084], [98.15693875752078, 13.772194771518082], [98.15692008314245, 13.772245559089248], [98.15683062960176, 13.772214668621038], [98.15684922058955, 13.772163796117084]]]}, "id": "0022000000000001b836", "properties": {"area_in_meters": 61.577171936218456, "bf_source": "microsoft", "boundary_id": 176, "confidence": null, "geometry_wkt": {"type": "Polygon", "coordinates": [[[98.15684922058955, 13.772163796117084], [98.15693875752078, 13.772194771518082], [98.15692008314245, 13.772245559089248], [98.15683062960176, 13.772214668621038], [98.15684922058955, 13.772163796117084]]]}}}, {"type": "Feature", "geometry": {"type": "Polygon", "coordinates": [[[98.15615493794023, 13.773686963408037], [98.15625681233497, 13.773684902722874], [98.15625831294086, 13.773756423186194], [98.15615643854403, 13.773758483887507], [98.15615493794023, 13.773686963408037]]]}, "id": "0022000000000001b852", "properties": {"area_in_meters": 87.55222516331207, "bf_source": "microsoft", "boundary_id": 176, "confidence": null, "geometry_wkt": {"type": "Polygon", "coordinates": [[[98.15615493794023, 13.773686963408037], [98.15625681233497, 13.773684902722874], [98.15625831294086, 13.773756423186194], [98.15615643854403, 13.773758483887507], [98.15615493794023, 13.773686963408037]]]}}}, {"type": "Feature", "geometry": {"type": "Polygon", "coordinates": [[[98.15081615141365, 13.749445980331727], [98.15081490100187, 13.749456281812881], [98.15076471782645, 13.74945022413946], [98.15078239030291, 13.749311698033392], [98.15100688114224, 13.749338738501626], [98.15099054238725, 13.749467048050768], [98.15081615141365, 13.749445980331727]]]}, "id": "0022000000000001b879", "properties": {"area_in_meters": 357.56354101602005, "bf_source": "microsoft", "boundary_id": 176, "confidence": null, "geometry_wkt": {"type": "Polygon", "coordinates": [[[98.15081615141365, 13.749445980331727], [98.15081490100187, 13.749456281812881], [98.15076471782645, 13.74945022413946], [98.15078239030291, 13.749311698033392], [98.15100688114224, 13.749338738501626], [98.15099054238725, 13.749467048050768], [98.15081615141365, 13.749445980331727]]]}}}, {"type": "Feature", "geometry": {"type": "Polygon", "coordinates": [[[98.14660897031366, 13.748362518936093], [98.14668123998864, 13.748359604520287], [98.14668457423141, 13.748437629223098], [98.14661230455314, 13.748440543652803], [98.14660897031366, 13.748362518936093]]]}, "id": "0022000000000001b887", "properties": {"area_in_meters": 67.86556723455858, "bf_source": "microsoft", "boundary_id": 176, "confidence": null, "geometry_wkt": {"type": "Polygon", "coordinates": [[[98.14660897031366, 13.748362518936093], [98.14668123998864, 13.748359604520287], [98.14668457423141, 13.748437629223098], [98.14661230455314, 13.748440543652803], [98.14660897031366, 13.748362518936093]]]}}}, {"type": "Feature", "geometry": {"type": "Polygon", "coordinates": [[[98.14943270889944, 13.750976121406968], [98.14951590143632, 13.750976966222987], [98.14951473440608, 13.751081186150698], [98.14943162522975, 13.751080338594434], [98.14943270889944, 13.750976121406968]]]}, "id": "0022000000000001b9fa", "properties": {"area_in_meters": 104.05721929805725, "bf_source": "microsoft", "boundary_id": 176, "confidence": null, "geometry_wkt": {"type": "Polygon", "coordinates": [[[98.14943270889944, 13.750976121406968], [98.14951590143632, 13.750976966222987], [98.14951473440608, 13.751081186150698], [98.14943162522975, 13.751080338594434], [98.14943270889944, 13.750976121406968]]]}}}, {"type": "Feature", "geometry": {"type": "Polygon", "coordinates": [[[98.16978427481467, 13.82303055258829], [98.16981946220193, 13.82300244480921], [98.1698418087031, 13.823028811753078], [98.16980670468755, 13.823056916764674], [98.16978427481467, 13.82303055258829]]]}, "id": "0022000000000001bb0b", "properties": {"area_in_meters": 18.679971183785657, "bf_source": "microsoft", "boundary_id": 176, "confidence": null, "geometry_wkt": {"type": "Polygon", "coordinates": [[[98.16978427481467, 13.82303055258829], [98.16981946220193, 13.82300244480921], [98.1698418087031, 13.823028811753078], [98.16980670468755, 13.823056916764674], [98.16978427481467, 13.82303055258829]]]}}}, {"type": "Feature", "geometry": {"type": "Polygon", "coordinates": [[[98.15029364787208, 13.750655456192582], [98.15012350992171, 13.750685987211574], [98.15010650448446, 13.750596312001491], [98.15027664239523, 13.750565781045571], [98.15029364787208, 13.750655456192582]]]}, "id": "0022000000000001bdbd", "properties": {"area_in_meters": 189.51697946340803, "bf_source": "microsoft", "boundary_id": 176, "confidence": null, "geometry_wkt": {"type": "Polygon", "coordinates": [[[98.15029364787208, 13.750655456192582], [98.15012350992171, 13.750685987211574], [98.15010650448446, 13.750596312001491], [98.15027664239523, 13.750565781045571], [98.15029364787208, 13.750655456192582]]]}}}, {"type": "Feature", "geometry": {"type": "Polygon", "coordinates": [[[98.15021312197258, 13.748858993517308], [98.15014076544296, 13.748860508841538], [98.15013743104241, 13.74870575300434], [98.15020978756873, 13.748704325398087], [98.15021312197258, 13.748858993517308]]]}, "id": "0022000000000001be13", "properties": {"area_in_meters": 134.54678540752718, "bf_source": "microsoft", "boundary_id": 176, "confidence": null, "geometry_wkt": {"type": "Polygon", "coordinates": [[[98.15021312197258, 13.748858993517308], [98.15014076544296, 13.748860508841538], [98.15013743104241, 13.74870575300434], [98.15020978756873, 13.748704325398087], [98.15021312197258, 13.748858993517308]]]}}}, {"type": "Feature", "geometry": {"type": "Polygon", "coordinates": [[[98.17191672774221, 13.818743934345092], [98.17186711377703, 13.81875190377664], [98.17185952576179, 13.818707323658709], [98.17190913972183, 13.818699354235813], [98.17191672774221, 13.818743934345092]]]}, "id": "0022000000000001bfc8", "properties": {"area_in_meters": 27.29134130066624, "bf_source": "microsoft", "boundary_id": 176, "confidence": null, "geometry_wkt": {"type": "Polygon", "coordinates": [[[98.17191672774221, 13.818743934345092], [98.17186711377703, 13.81875190377664], [98.17185952576179, 13.818707323658709], [98.17190913972183, 13.818699354235813], [98.17191672774221, 13.818743934345092]]]}}}, {"type": "Feature", "geometry": {"type": "Polygon", "coordinates": [[[98.1476041642022, 13.750327735774375], [98.1476041642022, 13.75043077696537], [98.14752105719973, 13.750430717820706], [98.14752105719973, 13.750327764307526], [98.1476041642022, 13.750327735774375]]]}, "id": "0022000000000001c0b4", "properties": {"area_in_meters": 102.84958534374385, "bf_source": "microsoft", "boundary_id": 176, "confidence": null, "geometry_wkt": {"type": "Polygon", "coordinates": [[[98.1476041642022, 13.750327735774375], [98.1476041642022, 13.75043077696537], [98.14752105719973, 13.750430717820706], [98.14752105719973, 13.750327764307526], [98.1476041642022, 13.750327735774375]]]}}}, {"type": "Feature", "geometry": {"type": "Polygon", "coordinates": [[[98.16261057035283, 13.824035709971717], [98.16271362098401, 13.823989901732391], [98.16274305213753, 13.824052446419982], [98.16264000146488, 13.82409816696425], [98.16261057035283, 13.824035709971717]]]}, "id": "0022000000000001c136", "properties": {"area_in_meters": 93.42642302890975, "bf_source": "microsoft", "boundary_id": 176, "confidence": null, "geometry_wkt": {"type": "Polygon", "coordinates": [[[98.16261057035283, 13.824035709971717], [98.16271362098401, 13.823989901732391], [98.16274305213753, 13.824052446419982], [98.16264000146488, 13.82409816696425], [98.16261057035283, 13.824035709971717]]]}}}, {"type": "Feature", "geometry": {"type": "Polygon", "coordinates": [[[98.15983251012538, 13.798711783555902], [98.15968794483122, 13.798706057935824], [98.15969094618391, 13.798633322426983], [98.15983559485508, 13.798638957569265], [98.15983251012538, 13.798711783555902]]]}, "id": "0022000000000001c2af", "properties": {"area_in_meters": 126.63660326990107, "bf_source": "microsoft", "boundary_id": 176, "confidence": null, "geometry_wkt": {"type": "Polygon", "coordinates": [[[98.15983251012538, 13.798711783555902], [98.15968794483122, 13.798706057935824], [98.15969094618391, 13.798633322426983], [98.15983559485508, 13.798638957569265], [98.15983251012538, 13.798711783555902]]]}}}, {"type": "Feature", "geometry": {"type": "Polygon", "coordinates": [[[98.15933970538559, 13.799005623258216], [98.15935271118616, 13.798945801706868], [98.15943233007981, 13.798962018279699], [98.15941932426509, 13.799021927558888], [98.15933970538559, 13.799005623258216]]]}, "id": "0022000000000001c305", "properties": {"area_in_meters": 59.76395057456613, "bf_source": "microsoft", "boundary_id": 176, "confidence": null, "geometry_wkt": {"type": "Polygon", "coordinates": [[[98.15933970538559, 13.799005623258216], [98.15935271118616, 13.798945801706868], [98.15943233007981, 13.798962018279699], [98.15941932426509, 13.799021927558888], [98.15933970538559, 13.799005623258216]]]}}}, {"type": "Feature", "geometry": {"type": "Polygon", "coordinates": [[[98.16230808924168, 13.82125863575712], [98.16242347880132, 13.82123479197336], [98.16244098734866, 13.821314490424767], [98.16232551438749, 13.821338337023514], [98.16230808924168, 13.82125863575712]]]}, "id": "0022000000000001c4a0", "properties": {"area_in_meters": 115.54344349807127, "bf_source": "microsoft", "boundary_id": 176, "confidence": null, "geometry_wkt": {"type": "Polygon", "coordinates": [[[98.16230808924168, 13.82125863575712], [98.16242347880132, 13.82123479197336], [98.16244098734866, 13.821314490424767], [98.16232551438749, 13.821338337023514], [98.16230808924168, 13.82125863575712]]]}}}, {"type": "Feature", "geometry": {"type": "Polygon", "coordinates": [[[98.15846890560445, 13.800181988245026], [98.1584177167395, 13.800199566565642], [98.15838653656898, 13.800113841399135], [98.1584377254121, 13.800096263104797], [98.15846890560445, 13.800181988245026]]]}, "id": "0022000000000001c5f5", "properties": {"area_in_meters": 59.28484739380228, "bf_source": "microsoft", "boundary_id": 176, "confidence": null, "geometry_wkt": {"type": "Polygon", "coordinates": [[[98.15846890560445, 13.800181988245026], [98.1584177167395, 13.800199566565642], [98.15838653656898, 13.800113841399135], [98.1584377254121, 13.800096263104797], [98.15846890560445, 13.800181988245026]]]}}}, {"type": "Feature", "geometry": {"type": "Polygon", "coordinates": [[[98.15969644866415, 13.816715768994008], [98.15963475421245, 13.816716328916947], [98.15963425398738, 13.816674670811393], [98.15969594843867, 13.81667402315756], [98.15969644866415, 13.816715768994008]]]}, "id": "0022000000000001c678", "properties": {"area_in_meters": 30.863909037054686, "bf_source": "microsoft", "boundary_id": 176, "confidence": null, "geometry_wkt": {"type": "Polygon", "coordinates": [[[98.15969644866415, 13.816715768994008], [98.15963475421245, 13.816716328916947], [98.15963425398738, 13.816674670811393], [98.15969594843867, 13.81667402315756], [98.15969644866415, 13.816715768994008]]]}}}, {"type": "Feature", "geometry": {"type": "Polygon", "coordinates": [[[98.15364855575844, 13.757253323768337], [98.15376726621658, 13.757219840761124], [98.15379002463402, 13.757295735716198], [98.1536713141389, 13.757329306469524], [98.15364855575844, 13.757253323768337]]]}, "id": "0022000000000001c73b", "properties": {"area_in_meters": 117.36384208738563, "bf_source": "microsoft", "boundary_id": 176, "confidence": null, "geometry_wkt": {"type": "Polygon", "coordinates": [[[98.15364855575844, 13.757253323768337], [98.15376726621658, 13.757219840761124], [98.15379002463402, 13.757295735716198], [98.1536713141389, 13.757329306469524], [98.15364855575844, 13.757253323768337]]]}}}, {"type": "Feature", "geometry": {"type": "Polygon", "coordinates": [[[98.15441184069402, 13.756682142846856], [98.15451554668925, 13.756614778944353], [98.1545596467913, 13.756678741749157], [98.1544559407335, 13.756746193410233], [98.15441184069402, 13.756682142846856]]]}, "id": "0022000000000001c86f", "properties": {"area_in_meters": 115.4883857331714, "bf_source": "microsoft", "boundary_id": 176, "confidence": null, "geometry_wkt": {"type": "Polygon", "coordinates": [[[98.15441184069402, 13.756682142846856], [98.15451554668925, 13.756614778944353], [98.1545596467913, 13.756678741749157], [98.1544559407335, 13.756746193410233], [98.15441184069402, 13.756682142846856]]]}}}, {"type": "Feature", "geometry": {"type": "Polygon", "coordinates": [[[98.14556561089965, 13.747237252201801], [98.14550467857043, 13.747293196520504], [98.14545649955542, 13.747243663336127], [98.14551743184444, 13.747187719052585], [98.14556561089965, 13.747237252201801]]]}, "id": "0022000000000001c9f9", "properties": {"area_in_meters": 68.61344900480668, "bf_source": "microsoft", "boundary_id": 176, "confidence": null, "geometry_wkt": {"type": "Polygon", "coordinates": [[[98.14556561089965, 13.747237252201801], [98.14550467857043, 13.747293196520504], [98.14545649955542, 13.747243663336127], [98.14551743184444, 13.747187719052585], [98.14556561089965, 13.747237252201801]]]}}}, {"type": "Feature", "geometry": {"type": "Polygon", "coordinates": [[[98.14932976035021, 13.74844236561123], [98.14941278605147, 13.74844540870287], [98.14941011855758, 13.748514599016957], [98.14932709285937, 13.748511555933987], [98.14932976035021, 13.74844236561123]]]}, "id": "0022000000000001cb9c", "properties": {"area_in_meters": 69.05426898187963, "bf_source": "microsoft", "boundary_id": 176, "confidence": null, "geometry_wkt": {"type": "Polygon", "coordinates": [[[98.14932976035021, 13.74844236561123], [98.14941278605147, 13.74844540870287], [98.14941011855758, 13.748514599016957], [98.14932709285937, 13.748511555933987], [98.14932976035021, 13.74844236561123]]]}}}, {"type": "Feature", "geometry": {"type": "Polygon", "coordinates": [[[98.15624113934192, 13.778913744233098], [98.15633159256615, 13.77889671144339], [98.15634243028717, 13.778950733565901], [98.15625197704952, 13.77896776637634], [98.15624113934192, 13.778913744233098]]]}, "id": "0022000000000001cd50", "properties": {"area_in_meters": 60.91867886039749, "bf_source": "microsoft", "boundary_id": 176, "confidence": null, "geometry_wkt": {"type": "Polygon", "coordinates": [[[98.15624113934192, 13.778913744233098], [98.15633159256615, 13.77889671144339], [98.15634243028717, 13.778950733565901], [98.15625197704952, 13.77896776637634], [98.15624113934192, 13.778913744233098]]]}}}, {"type": "Feature", "geometry": {"type": "Polygon", "coordinates": [[[98.16011989077182, 13.801910094726844], [98.160011841519, 13.801934738534541], [98.1599936665832, 13.80185919570589], [98.16010163243782, 13.80183464243254], [98.16011989077182, 13.801910094726844]]]}, "id": "0022000000000001cf98", "properties": {"area_in_meters": 103.24446912571992, "bf_source": "microsoft", "boundary_id": 176, "confidence": null, "geometry_wkt": {"type": "Polygon", "coordinates": [[[98.16011989077182, 13.801910094726844], [98.160011841519, 13.801934738534541], [98.1599936665832, 13.80185919570589], [98.16010163243782, 13.80183464243254], [98.16011989077182, 13.801910094726844]]]}}}, {"type": "Feature", "geometry": {"type": "Polygon", "coordinates": [[[98.14512208138609, 13.747026184244627], [98.14504522877297, 13.747049681822274], [98.14502405680916, 13.746984611642153], [98.1451009094, 13.746961026399642], [98.14512208138609, 13.747026184244627]]]}, "id": "0022000000000001d0ab", "properties": {"area_in_meters": 66.02815308812737, "bf_source": "microsoft", "boundary_id": 176, "confidence": null, "geometry_wkt": {"type": "Polygon", "coordinates": [[[98.14512208138609, 13.747026184244627], [98.14504522877297, 13.747049681822274], [98.14502405680916, 13.746984611642153], [98.1451009094, 13.746961026399642], [98.14512208138609, 13.747026184244627]]]}}}, {"type": "Feature", "geometry": {"type": "Polygon", "coordinates": [[[98.15755284710151, 13.767146428245171], [98.15766397735831, 13.767143184665093], [98.15766681189069, 13.76723430292375], [98.15755568162959, 13.76723754652743], [98.15755284710151, 13.767146428245171]]]}, "id": "0022000000000001d0f1", "properties": {"area_in_meters": 121.65318680604965, "bf_source": "microsoft", "boundary_id": 176, "confidence": null, "geometry_wkt": {"type": "Polygon", "coordinates": [[[98.15755284710151, 13.767146428245171], [98.15766397735831, 13.767143184665093], [98.15766681189069, 13.76723430292375], [98.15755568162959, 13.76723754652743], [98.15755284710151, 13.767146428245171]]]}}}, {"type": "Feature", "geometry": {"type": "Polygon", "coordinates": [[[98.16079095023902, 13.819155834077629], [98.16067564662738, 13.819173093114927], [98.16066555861218, 13.819109467856592], [98.1607808622079, 13.819092208847014], [98.16079095023902, 13.819155834077629]]]}, "id": "0022000000000001d1d9", "properties": {"area_in_meters": 90.1309490972048, "bf_source": "microsoft", "boundary_id": 176, "confidence": null, "geometry_wkt": {"type": "Polygon", "coordinates": [[[98.16079095023902, 13.819155834077629], [98.16067564662738, 13.819173093114927], [98.16066555861218, 13.819109467856592], [98.1607808622079, 13.819092208847014], [98.16079095023902, 13.819155834077629]]]}}}, {"type": "Feature", "geometry": {"type": "Polygon", "coordinates": [[[98.1456893095192, 13.751989449227928], [98.14563721270308, 13.752021864667217], [98.14560312056675, 13.75197002301142], [98.14565530071343, 13.751937692537279], [98.1456893095192, 13.751989449227928]]]}, "id": "0022000000000001d28b", "properties": {"area_in_meters": 45.684200118171134, "bf_source": "microsoft", "boundary_id": 176, "confidence": null, "geometry_wkt": {"type": "Polygon", "coordinates": [[[98.1456893095192, 13.751989449227928], [98.14563721270308, 13.752021864667217], [98.14560312056675, 13.75197002301142], [98.14565530071343, 13.751937692537279], [98.1456893095192, 13.751989449227928]]]}}}, {"type": "Feature", "geometry": {"type": "Polygon", "coordinates": [[[98.16005536133774, 13.797305536245844], [98.16005419413919, 13.797356191460493], [98.15991746529609, 13.797353188003346], [98.15991863249243, 13.797302620500442], [98.16005536133774, 13.797305536245844]]]}, "id": "0022000000000001d421", "properties": {"area_in_meters": 83.09509808191599, "bf_source": "microsoft", "boundary_id": 176, "confidence": null, "geometry_wkt": {"type": "Polygon", "coordinates": [[[98.16005536133774, 13.797305536245844], [98.16005419413919, 13.797356191460493], [98.15991746529609, 13.797353188003346], [98.15991863249243, 13.797302620500442], [98.16005536133774, 13.797305536245844]]]}}}, {"type": "Feature", "geometry": {"type": "Polygon", "coordinates": [[[98.15983409417576, 13.8000589218821], [98.15976598004102, 13.800069079589345], [98.15974905573097, 13.79996217823091], [98.15981716984994, 13.799952020551165], [98.15983409417576, 13.8000589218821]]]}, "id": "0022000000000001d62f", "properties": {"area_in_meters": 89.48353762389048, "bf_source": "microsoft", "boundary_id": 176, "confidence": null, "geometry_wkt": {"type": "Polygon", "coordinates": [[[98.15983409417576, 13.8000589218821], [98.15976598004102, 13.800069079589345], [98.15974905573097, 13.79996217823091], [98.15981716984994, 13.799952020551165], [98.15983409417576, 13.8000589218821]]]}}}, {"type": "Feature", "geometry": {"type": "Polygon", "coordinates": [[[98.1597713991559, 13.798716269473505], [98.15976864791291, 13.79877873294527], [98.1596428411849, 13.798773349267794], [98.15964559242317, 13.798710973509191], [98.1597713991559, 13.798716269473505]]]}, "id": "0022000000000001d674", "properties": {"area_in_meters": 94.45158761014171, "bf_source": "microsoft", "boundary_id": 176, "confidence": null, "geometry_wkt": {"type": "Polygon", "coordinates": [[[98.1597713991559, 13.798716269473505], [98.15976864791291, 13.79877873294527], [98.1596428411849, 13.798773349267794], [98.15964559242317, 13.798710973509191], [98.1597713991559, 13.798716269473505]]]}}}, {"type": "Feature", "geometry": {"type": "Polygon", "coordinates": [[[98.15214743530389, 13.75088520761792], [98.15206757425887, 13.750926960599456], [98.15200863719706, 13.750820607565869], [98.15208849817768, 13.750778854651536], [98.15214743530389, 13.75088520761792]]]}, "id": "0022000000000001d80b", "properties": {"area_in_meters": 131.54822274417538, "bf_source": "microsoft", "boundary_id": 176, "confidence": null, "geometry_wkt": {"type": "Polygon", "coordinates": [[[98.15214743530389, 13.75088520761792], [98.15206757425887, 13.750926960599456], [98.15200863719706, 13.750820607565869], [98.15208849817768, 13.750778854651536], [98.15214743530389, 13.75088520761792]]]}}}, {"type": "Feature", "geometry": {"type": "Polygon", "coordinates": [[[98.14990077235142, 13.750765787756892], [98.14997712991503, 13.750734849963624], [98.1500161423255, 13.750825814592435], [98.1499398680809, 13.750856749675703], [98.14990077235142, 13.750765787756892]]]}, "id": "0022000000000001d88f", "properties": {"area_in_meters": 97.91612377780856, "bf_source": "microsoft", "boundary_id": 176, "confidence": null, "geometry_wkt": {"type": "Polygon", "coordinates": [[[98.14990077235142, 13.750765787756892], [98.14997712991503, 13.750734849963624], [98.1500161423255, 13.750825814592435], [98.1499398680809, 13.750856749675703], [98.14990077235142, 13.750765787756892]]]}}}, {"type": "Feature", "geometry": {"type": "Polygon", "coordinates": [[[98.15163725977533, 13.753913887612514], [98.15172237214453, 13.75386468082968], [98.15179031205986, 13.753975473870307], [98.15170519961151, 13.754024768429394], [98.15163725977533, 13.753913887612514]]]}, "id": "0022000000000001d8dd", "properties": {"area_in_meters": 153.49876106735957, "bf_source": "microsoft", "boundary_id": 176, "confidence": null, "geometry_wkt": {"type": "Polygon", "coordinates": [[[98.15163725977533, 13.753913887612514], [98.15172237214453, 13.75386468082968], [98.15179031205986, 13.753975473870307], [98.15170519961151, 13.754024768429394], [98.15163725977533, 13.753913887612514]]]}}}, {"type": "Feature", "geometry": {"type": "Polygon", "coordinates": [[[98.14789924900707, 13.750309475278058], [98.14784723397186, 13.7503075115061], [98.14785031819568, 13.750229449131306], [98.14790233323308, 13.750231412909331], [98.14789924900707, 13.750309475278058]]]}, "id": "0022000000000001d92b", "properties": {"area_in_meters": 48.830500137298344, "bf_source": "microsoft", "boundary_id": 176, "confidence": null, "geometry_wkt": {"type": "Polygon", "coordinates": [[[98.14789924900707, 13.750309475278058], [98.14784723397186, 13.7503075115061], [98.14785031819568, 13.750229449131306], [98.14790233323308, 13.750231412909331], [98.14789924900707, 13.750309475278058]]]}}}, {"type": "Feature", "geometry": {"type": "Polygon", "coordinates": [[[98.15563973245591, 13.778888861456343], [98.15563739819984, 13.778948670788523], [98.155589212502, 13.778946935138793], [98.1555914633903, 13.77888712856592], [98.15563973245591, 13.778888861456343]]]}, "id": "0022000000000001d9b9", "properties": {"area_in_meters": 34.68858238730089, "bf_source": "microsoft", "boundary_id": 176, "confidence": null, "geometry_wkt": {"type": "Polygon", "coordinates": [[[98.15563973245591, 13.778888861456343], [98.15563739819984, 13.778948670788523], [98.155589212502, 13.778946935138793], [98.1555914633903, 13.77888712856592], [98.15563973245591, 13.778888861456343]]]}}}, {"type": "Feature", "geometry": {"type": "Polygon", "coordinates": [[[98.16051832377161, 13.8025856877624], [98.16052257573622, 13.802647920310857], [98.16040093629685, 13.802655821609164], [98.16039668433932, 13.802593589039782], [98.16051832377161, 13.8025856877624]]]}, "id": "0022000000000001da75", "properties": {"area_in_meters": 91.30300742401808, "bf_source": "microsoft", "boundary_id": 176, "confidence": null, "geometry_wkt": {"type": "Polygon", "coordinates": [[[98.16051832377161, 13.8025856877624], [98.16052257573622, 13.802647920310857], [98.16040093629685, 13.802655821609164], [98.16039668433932, 13.802593589039782], [98.16051832377161, 13.8025856877624]]]}}}, {"type": "Feature", "geometry": {"type": "Polygon", "coordinates": [[[98.15771566590742, 13.781554122370764], [98.15764747037775, 13.78157524251195], [98.15763196382365, 13.781527952931178], [98.15756868711277, 13.781547594209082], [98.15754926225732, 13.78148841782745], [98.15768065107983, 13.781447746948597], [98.15771566590742, 13.781554122370764]]]}, "id": "0022000000000001db98", "properties": {"area_in_meters": 145.431061262282, "bf_source": "microsoft", "boundary_id": 176, "confidence": null, "geometry_wkt": {"type": "Polygon", "coordinates": [[[98.15771566590742, 13.781554122370764], [98.15764747037775, 13.78157524251195], [98.15763196382365, 13.781527952931178], [98.15756868711277, 13.781547594209082], [98.15754926225732, 13.78148841782745], [98.15768065107983, 13.781447746948597], [98.15771566590742, 13.781554122370764]]]}}}, {"type": "Feature", "geometry": {"type": "Polygon", "coordinates": [[[98.1595991548701, 13.794476455946395], [98.15948385313784, 13.794479056066278], [98.15948251920707, 13.794423221638896], [98.15959782093722, 13.794420621533488], [98.1595991548701, 13.794476455946395]]]}, "id": "0022000000000001dc4b", "properties": {"area_in_meters": 77.31320900594585, "bf_source": "microsoft", "boundary_id": 176, "confidence": null, "geometry_wkt": {"type": "Polygon", "coordinates": [[[98.1595991548701, 13.794476455946395], [98.15948385313784, 13.794479056066278], [98.15948251920707, 13.794423221638896], [98.15959782093722, 13.794420621533488], [98.1595991548701, 13.794476455946395]]]}}}, {"type": "Feature", "geometry": {"type": "Polygon", "coordinates": [[[98.15160349828514, 13.750230584071861], [98.15168360890827, 13.75021548220031], [98.15170928433987, 13.750343543048457], [98.1516291736886, 13.750358644963562], [98.15160349828514, 13.750230584071861]]]}, "id": "0022000000000001dca4", "properties": {"area_in_meters": 127.856464166953, "bf_source": "microsoft", "boundary_id": 176, "confidence": null, "geometry_wkt": {"type": "Polygon", "coordinates": [[[98.15160349828514, 13.750230584071861], [98.15168360890827, 13.75021548220031], [98.15170928433987, 13.750343543048457], [98.1516291736886, 13.750358644963562], [98.15160349828514, 13.750230584071861]]]}}}, {"type": "Feature", "geometry": {"type": "Polygon", "coordinates": [[[98.14847883571142, 13.750925049573665], [98.1484211519156, 13.75092134410303], [98.14842565325063, 13.750853933360263], [98.14848333705, 13.750857551140628], [98.14847883571142, 13.750925049573665]]]}, "id": "0022000000000001dd3b", "properties": {"area_in_meters": 46.91827840257195, "bf_source": "microsoft", "boundary_id": 176, "confidence": null, "geometry_wkt": {"type": "Polygon", "coordinates": [[[98.14847883571142, 13.750925049573665], [98.1484211519156, 13.75092134410303], [98.14842565325063, 13.750853933360263], [98.14848333705, 13.750857551140628], [98.14847883571142, 13.750925049573665]]]}}}, {"type": "Feature", "geometry": {"type": "Polygon", "coordinates": [[[98.15038701134492, 13.750817672887583], [98.15021078788986, 13.75086813654822], [98.15019436595284, 13.750814045898982], [98.15037050600799, 13.750763497351555], [98.15038701134492, 13.750817672887583]]]}, "id": "0022000000000001de4e", "properties": {"area_in_meters": 124.59570123897295, "bf_source": "microsoft", "boundary_id": 176, "confidence": null, "geometry_wkt": {"type": "Polygon", "coordinates": [[[98.15038701134492, 13.750817672887583], [98.15021078788986, 13.75086813654822], [98.15019436595284, 13.750814045898982], [98.15037050600799, 13.750763497351555], [98.15038701134492, 13.750817672887583]]]}}}, {"type": "Feature", "geometry": {"type": "Polygon", "coordinates": [[[98.1518591690201, 13.750540895980782], [98.15179222938353, 13.750565647210896], [98.15175471653806, 13.750470073667621], [98.15182165614026, 13.750445322477757], [98.1518591690201, 13.750540895980782]]]}, "id": "0022000000000001de90", "properties": {"area_in_meters": 87.98737407849885, "bf_source": "microsoft", "boundary_id": 176, "confidence": null, "geometry_wkt": {"type": "Polygon", "coordinates": [[[98.1518591690201, 13.750540895980782], [98.15179222938353, 13.750565647210896], [98.15175471653806, 13.750470073667621], [98.15182165614026, 13.750445322477757], [98.1518591690201, 13.750540895980782]]]}}}, {"type": "Feature", "geometry": {"type": "Polygon", "coordinates": [[[98.15945092172925, 13.789500631745387], [98.15953796072492, 13.789489497342304], [98.15954779847232, 13.789562415711764], [98.15946075946495, 13.789573462418721], [98.15945092172925, 13.789500631745387]]]}, "id": "0022000000000001df05", "properties": {"area_in_meters": 77.4231581912151, "bf_source": "microsoft", "boundary_id": 176, "confidence": null, "geometry_wkt": {"type": "Polygon", "coordinates": [[[98.15945092172925, 13.789500631745387], [98.15953796072492, 13.789489497342304], [98.15954779847232, 13.789562415711764], [98.15946075946495, 13.789573462418721], [98.15945092172925, 13.789500631745387]]]}}}, {"type": "Feature", "geometry": {"type": "Polygon", "coordinates": [[[98.15093760818063, 13.745613148846145], [98.15097778815758, 13.745612346718946], [98.15097853840632, 13.745645206005012], [98.15093827506801, 13.745646010890896], [98.15093760818063, 13.745613148846145]]]}, "id": "0022000000000001dfdf", "properties": {"area_in_meters": 15.880948742794743, "bf_source": "microsoft", "boundary_id": 176, "confidence": null, "geometry_wkt": {"type": "Polygon", "coordinates": [[[98.15093760818063, 13.745613148846145], [98.15097778815758, 13.745612346718946], [98.15097853840632, 13.745645206005012], [98.15093827506801, 13.745646010890896], [98.15093760818063, 13.745613148846145]]]}}}, {"type": "Feature", "geometry": {"type": "Polygon", "coordinates": [[[98.15605498112302, 13.778538632291918], [98.15617136121685, 13.778494514328875], [98.15620545828517, 13.778579341452572], [98.15608907813704, 13.778623459478649], [98.15605498112302, 13.778538632291918]]]}, "id": "0022000000000001e063", "properties": {"area_in_meters": 136.63509035060386, "bf_source": "microsoft", "boundary_id": 176, "confidence": null, "geometry_wkt": {"type": "Polygon", "coordinates": [[[98.15605498112302, 13.778538632291918], [98.15617136121685, 13.778494514328875], [98.15620545828517, 13.778579341452572], [98.15608907813704, 13.778623459478649], [98.15605498112302, 13.778538632291918]]]}}}, {"type": "Feature", "geometry": {"type": "Polygon", "coordinates": [[[98.15013526368212, 13.751612443887579], [98.1501908648297, 13.75160630820804], [98.15019786707617, 13.751666586217073], [98.15014226592325, 13.751672634212667], [98.15013526368212, 13.751612443887579]]]}, "id": "0022000000000001e129", "properties": {"area_in_meters": 40.725429386475525, "bf_source": "microsoft", "boundary_id": 176, "confidence": null, "geometry_wkt": {"type": "Polygon", "coordinates": [[[98.15013526368212, 13.751612443887579], [98.1501908648297, 13.75160630820804], [98.15019786707617, 13.751666586217073], [98.15014226592325, 13.751672634212667], [98.15013526368212, 13.751612443887579]]]}}}, {"type": "Feature", "geometry": {"type": "Polygon", "coordinates": [[[98.14934001351907, 13.74870037063664], [98.14933834633703, 13.7486367604888], [98.14944012786933, 13.748634185000295], [98.14944187841289, 13.748697792377637], [98.14934001351907, 13.74870037063664]]]}, "id": "0022000000000001e185", "properties": {"area_in_meters": 77.83141918749656, "bf_source": "microsoft", "boundary_id": 176, "confidence": null, "geometry_wkt": {"type": "Polygon", "coordinates": [[[98.14934001351907, 13.74870037063664], [98.14933834633703, 13.7486367604888], [98.14944012786933, 13.748634185000295], [98.14944187841289, 13.748697792377637], [98.14934001351907, 13.74870037063664]]]}}}, {"type": "Feature", "geometry": {"type": "Polygon", "coordinates": [[[98.15733108730403, 13.81741892170567], [98.15728548490276, 13.817419648051592], [98.15728473458925, 13.817377997843664], [98.15733033699006, 13.817377271501867], [98.15733108730403, 13.81741892170567]]]}, "id": "0022000000000001e1e6", "properties": {"area_in_meters": 22.808280950207514, "bf_source": "microsoft", "boundary_id": 176, "confidence": null, "geometry_wkt": {"type": "Polygon", "coordinates": [[[98.15733108730403, 13.81741892170567], [98.15728548490276, 13.817419648051592], [98.15728473458925, 13.817377997843664], [98.15733033699006, 13.817377271501867], [98.15733108730403, 13.81741892170567]]]}}}, {"type": "Feature", "geometry": {"type": "Polygon", "coordinates": [[[98.16284777044554, 13.825059122238551], [98.16280766731784, 13.82506098344556], [98.16280199785456, 13.824949302113714], [98.16290096340147, 13.824944604382233], [98.16290780011647, 13.825079673742197], [98.16284893768868, 13.825082510298417], [98.16284777044554, 13.825059122238551]]]}, "id": "0022000000000001e2da", "properties": {"area_in_meters": 149.6873570663744, "bf_source": "microsoft", "boundary_id": 176, "confidence": null, "geometry_wkt": {"type": "Polygon", "coordinates": [[[98.16284777044554, 13.825059122238551], [98.16280766731784, 13.82506098344556], [98.16280199785456, 13.824949302113714], [98.16290096340147, 13.824944604382233], [98.16290780011647, 13.825079673742197], [98.16284893768868, 13.825082510298417], [98.16284777044554, 13.825059122238551]]]}}}, {"type": "Feature", "geometry": {"type": "Polygon", "coordinates": [[[98.15004090021218, 13.752553115155022], [98.14994678694352, 13.75260086453647], [98.1499082747286, 13.752529175302978], [98.15000230458777, 13.752481428730475], [98.15004090021218, 13.752553115155022]]]}, "id": "0022000000000001e2fd", "properties": {"area_in_meters": 103.01331118716818, "bf_source": "microsoft", "boundary_id": 176, "confidence": null, "geometry_wkt": {"type": "Polygon", "coordinates": [[[98.15004090021218, 13.752553115155022], [98.14994678694352, 13.75260086453647], [98.1499082747286, 13.752529175302978], [98.15000230458777, 13.752481428730475], [98.15004090021218, 13.752553115155022]]]}}}, {"type": "Feature", "geometry": {"type": "Polygon", "coordinates": [[[98.15192452483899, 13.751323598023191], [98.15193777940634, 13.751253004043916], [98.15203381256983, 13.751270085183819], [98.15202055798507, 13.751340679165203], [98.15192452483899, 13.751323598023191]]]}, "id": "0022000000000001e395", "properties": {"area_in_meters": 84.14171610192246, "bf_source": "microsoft", "boundary_id": 176, "confidence": null, "geometry_wkt": {"type": "Polygon", "coordinates": [[[98.15192452483899, 13.751323598023191], [98.15193777940634, 13.751253004043916], [98.15203381256983, 13.751270085183819], [98.15202055798507, 13.751340679165203], [98.15192452483899, 13.751323598023191]]]}}}, {"type": "Feature", "geometry": {"type": "Polygon", "coordinates": [[[98.15208307963238, 13.751018877508235], [98.15200146805276, 13.751055689858372], [98.15195978699515, 13.75096867257899], [98.15204131516604, 13.750931863036897], [98.15208307963238, 13.751018877508235]]]}, "id": "0022000000000001e3ea", "properties": {"area_in_meters": 103.70496766176373, "bf_source": "microsoft", "boundary_id": 176, "confidence": null, "geometry_wkt": {"type": "Polygon", "coordinates": [[[98.15208307963238, 13.751018877508235], [98.15200146805276, 13.751055689858372], [98.15195978699515, 13.75096867257899], [98.15204131516604, 13.750931863036897], [98.15208307963238, 13.751018877508235]]]}}}, {"type": "Feature", "geometry": {"type": "Polygon", "coordinates": [[[98.15149121018185, 13.750860871663768], [98.15139609470747, 13.750890062504187], [98.15137450409556, 13.750823690401791], [98.15146961954184, 13.750794499596699], [98.15149121018185, 13.750860871663768]]]}, "id": "0022000000000001e47f", "properties": {"area_in_meters": 83.32346075110212, "bf_source": "microsoft", "boundary_id": 176, "confidence": null, "geometry_wkt": {"type": "Polygon", "coordinates": [[[98.15149121018185, 13.750860871663768], [98.15139609470747, 13.750890062504187], [98.15137450409556, 13.750823690401791], [98.15146961954184, 13.750794499596699], [98.15149121018185, 13.750860871663768]]]}}}, {"type": "Feature", "geometry": {"type": "Polygon", "coordinates": [[[98.14962485212638, 13.746285026430108], [98.14948789271594, 13.746297708778659], [98.14947780624485, 13.746194390737314], [98.14961484899581, 13.746181793368802], [98.14962485212638, 13.746285026430108]]]}, "id": "0022000000000001e529", "properties": {"area_in_meters": 171.4604378055718, "bf_source": "microsoft", "boundary_id": 176, "confidence": null, "geometry_wkt": {"type": "Polygon", "coordinates": [[[98.14962485212638, 13.746285026430108], [98.14948789271594, 13.746297708778659], [98.14947780624485, 13.746194390737314], [98.14961484899581, 13.746181793368802], [98.14962485212638, 13.746285026430108]]]}}}, {"type": "Feature", "geometry": {"type": "Polygon", "coordinates": [[[98.14671683303823, 13.748242585299034], [98.14678635206569, 13.748232483222722], [98.14679427090395, 13.748283434456047], [98.14672466851283, 13.748293539300239], [98.14671683303823, 13.748242585299034]]]}, "id": "0022000000000001e545", "properties": {"area_in_meters": 43.54023326030608, "bf_source": "microsoft", "boundary_id": 176, "confidence": null, "geometry_wkt": {"type": "Polygon", "coordinates": [[[98.14671683303823, 13.748242585299034], [98.14678635206569, 13.748232483222722], [98.14679427090395, 13.748283434456047], [98.14672466851283, 13.748293539300239], [98.14671683303823, 13.748242585299034]]]}}}, {"type": "Feature", "geometry": {"type": "Polygon", "coordinates": [[[98.1586047980419, 13.795893288431797], [98.15856828213512, 13.795904501195315], [98.15854352135939, 13.79582874128491], [98.15858003725381, 13.795817528536869], [98.1586047980419, 13.795893288431797]]]}, "id": "0022000000000001e564", "properties": {"area_in_meters": 36.589477739744176, "bf_source": "microsoft", "boundary_id": 176, "confidence": null, "geometry_wkt": {"type": "Polygon", "coordinates": [[[98.1586047980419, 13.795893288431797], [98.15856828213512, 13.795904501195315], [98.15854352135939, 13.79582874128491], [98.15858003725381, 13.795817528536869], [98.1586047980419, 13.795893288431797]]]}}}, {"type": "Feature", "geometry": {"type": "Polygon", "coordinates": [[[98.15989145349634, 13.76575549032076], [98.15981375163682, 13.76575227693189], [98.15981625276837, 13.76569509960422], [98.15989395463052, 13.765698312999533], [98.15989145349634, 13.76575549032076]]]}, "id": "0022000000000001e60d", "properties": {"area_in_meters": 53.441683927540865, "bf_source": "microsoft", "boundary_id": 176, "confidence": null, "geometry_wkt": {"type": "Polygon", "coordinates": [[[98.15989145349634, 13.76575549032076], [98.15981375163682, 13.76575227693189], [98.15981625276837, 13.76569509960422], [98.15989395463052, 13.765698312999533], [98.15989145349634, 13.76575549032076]]]}}}, {"type": "Feature", "geometry": {"type": "Polygon", "coordinates": [[[98.15491319885489, 13.759470759603708], [98.15481807892614, 13.759513373276443], [98.15479115192235, 13.75945655847011], [98.15488627181605, 13.759413944835885], [98.15491319885489, 13.759470759603708]]]}, "id": "0022000000000001e667", "properties": {"area_in_meters": 78.68077722226538, "bf_source": "microsoft", "boundary_id": 176, "confidence": null, "geometry_wkt": {"type": "Polygon", "coordinates": [[[98.15491319885489, 13.759470759603708], [98.15481807892614, 13.759513373276443], [98.15479115192235, 13.75945655847011], [98.15488627181605, 13.759413944835885], [98.15491319885489, 13.759470759603708]]]}}}, {"type": "Feature", "geometry": {"type": "Polygon", "coordinates": [[[98.17257246909033, 13.817971431014232], [98.172576221442, 13.818024297918042], [98.1725147662843, 13.818028450488168], [98.17251101393578, 13.817975583575267], [98.17257246909033, 13.817971431014232]]]}, "id": "0022000000000001e7ea", "properties": {"area_in_meters": 39.15251440746131, "bf_source": "microsoft", "boundary_id": 176, "confidence": null, "geometry_wkt": {"type": "Polygon", "coordinates": [[[98.17257246909033, 13.817971431014232], [98.172576221442, 13.818024297918042], [98.1725147662843, 13.818028450488168], [98.17251101393578, 13.817975583575267], [98.17257246909033, 13.817971431014232]]]}}}, {"type": "Feature", "geometry": {"type": "Polygon", "coordinates": [[[98.1544902037315, 13.779135283875041], [98.15449445534551, 13.779054798364287], [98.15455597872887, 13.779057846373153], [98.15455172711128, 13.779138419589696], [98.1544902037315, 13.779135283875041]]]}, "id": "0022000000000001eae4", "properties": {"area_in_meters": 59.66491603158544, "bf_source": "microsoft", "boundary_id": 176, "confidence": null, "geometry_wkt": {"type": "Polygon", "coordinates": [[[98.1544902037315, 13.779135283875041], [98.15449445534551, 13.779054798364287], [98.15455597872887, 13.779057846373153], [98.15455172711128, 13.779138419589696], [98.1544902037315, 13.779135283875041]]]}}}, {"type": "Feature", "geometry": {"type": "Polygon", "coordinates": [[[98.15640520573356, 13.774277280982902], [98.15647481734739, 13.774280148587131], [98.15647148265779, 13.774355513376761], [98.15640187104714, 13.774352645780144], [98.15640520573356, 13.774277280982902]]]}, "id": "0022000000000001eb33", "properties": {"area_in_meters": 63.1518301933053, "bf_source": "microsoft", "boundary_id": 176, "confidence": null, "geometry_wkt": {"type": "Polygon", "coordinates": [[[98.15640520573356, 13.774277280982902], [98.15647481734739, 13.774280148587131], [98.15647148265779, 13.774355513376761], [98.15640187104714, 13.774352645780144], [98.15640520573356, 13.774277280982902]]]}}}, {"type": "Feature", "geometry": {"type": "Polygon", "coordinates": [[[98.15041443688773, 13.751401250701768], [98.15044803110771, 13.751398561276527], [98.15045286600913, 13.751455490728418], [98.15041927178693, 13.751458180159304], [98.15041443688773, 13.751401250701768]]]}, "id": "0022000000000001ee88", "properties": {"area_in_meters": 23.12311590580362, "bf_source": "microsoft", "boundary_id": 176, "confidence": null, "geometry_wkt": {"type": "Polygon", "coordinates": [[[98.15041443688773, 13.751401250701768], [98.15044803110771, 13.751398561276527], [98.15045286600913, 13.751455490728418], [98.15041927178693, 13.751458180159304], [98.15041443688773, 13.751401250701768]]]}}}, {"type": "Feature", "geometry": {"type": "Polygon", "coordinates": [[[98.15619762179375, 13.773338661880095], [98.15635160066773, 13.773353556294133], [98.15634501466702, 13.773418064777834], [98.15619095243999, 13.773403173134097], [98.15619762179375, 13.773338661880095]]]}, "id": "0022000000000001ef03", "properties": {"area_in_meters": 120.46797157098922, "bf_source": "microsoft", "boundary_id": 176, "confidence": null, "geometry_wkt": {"type": "Polygon", "coordinates": [[[98.15619762179375, 13.773338661880095], [98.15635160066773, 13.773353556294133], [98.15634501466702, 13.773418064777834], [98.15619095243999, 13.773403173134097], [98.15619762179375, 13.773338661880095]]]}}}, {"type": "Feature", "geometry": {"type": "Polygon", "coordinates": [[[98.15220362151942, 13.750742161731782], [98.15226405926236, 13.750833820067392], [98.15220820644988, 13.750868640394291], [98.15214768539082, 13.750776897076063], [98.15220362151942, 13.750742161731782]]]}, "id": "0022000000000001ef98", "properties": {"area_in_meters": 86.86675442336943, "bf_source": "microsoft", "boundary_id": 176, "confidence": null, "geometry_wkt": {"type": "Polygon", "coordinates": [[[98.15220362151942, 13.750742161731782], [98.15226405926236, 13.750833820067392], [98.15220820644988, 13.750868640394291], [98.15214768539082, 13.750776897076063], [98.15220362151942, 13.750742161731782]]]}}}, {"type": "Feature", "geometry": {"type": "Polygon", "coordinates": [[[98.14971896498028, 13.751530885169865], [98.14970712792734, 13.751607308188342], [98.14958909094088, 13.751590076678875], [98.1496009279747, 13.751513653659469], [98.14971896498028, 13.751530885169865]]]}, "id": "0022000000000001efca", "properties": {"area_in_meters": 110.80477321006528, "bf_source": "microsoft", "boundary_id": 176, "confidence": null, "geometry_wkt": {"type": "Polygon", "coordinates": [[[98.14971896498028, 13.751530885169865], [98.14970712792734, 13.751607308188342], [98.14958909094088, 13.751590076678875], [98.1496009279747, 13.751513653659469], [98.14971896498028, 13.751530885169865]]]}}}, {"type": "Feature", "geometry": {"type": "Polygon", "coordinates": [[[98.15137958914258, 13.754257762209306], [98.15149020984317, 13.754191312267261], [98.1515338079498, 13.754259851875638], [98.15142327054467, 13.754326299126081], [98.15137958914258, 13.754257762209306]]]}, "id": "0022000000000001f29b", "properties": {"area_in_meters": 125.8543211902711, "bf_source": "microsoft", "boundary_id": 176, "confidence": null, "geometry_wkt": {"type": "Polygon", "coordinates": [[[98.15137958914258, 13.754257762209306], [98.15149020984317, 13.754191312267261], [98.1515338079498, 13.754259851875638], [98.15142327054467, 13.754326299126081], [98.15137958914258, 13.754257762209306]]]}}}, {"type": "Feature", "geometry": {"type": "Polygon", "coordinates": [[[98.15092968889316, 13.75340550255073], [98.15098704122595, 13.753382558551852], [98.15101821823968, 13.753456069003368], [98.15096078252148, 13.753479015787354], [98.15092968889316, 13.75340550255073]]]}, "id": "0022000000000001f52b", "properties": {"area_in_meters": 59.224408827329974, "bf_source": "microsoft", "boundary_id": 176, "confidence": null, "geometry_wkt": {"type": "Polygon", "coordinates": [[[98.15092968889316, 13.75340550255073], [98.15098704122595, 13.753382558551852], [98.15101821823968, 13.753456069003368], [98.15096078252148, 13.753479015787354], [98.15092968889316, 13.75340550255073]]]}}}, {"type": "Feature", "geometry": {"type": "Polygon", "coordinates": [[[98.16070749475068, 13.753814505229611], [98.16071224695875, 13.753923703118385], [98.16067472953505, 13.753925208650132], [98.16066997732942, 13.753816010751235], [98.16070749475068, 13.753814505229611]]]}, "id": "0022000000000001f5a1", "properties": {"area_in_meters": 49.25845576815367, "bf_source": "microsoft", "boundary_id": 176, "confidence": null, "geometry_wkt": {"type": "Polygon", "coordinates": [[[98.16070749475068, 13.753814505229611], [98.16071224695875, 13.753923703118385], [98.16067472953505, 13.753925208650132], [98.16066997732942, 13.753816010751235], [98.16070749475068, 13.753814505229611]]]}}}, {"type": "Feature", "geometry": {"type": "Polygon", "coordinates": [[[98.14666840315533, 13.74686416224103], [98.14673533809663, 13.746861950486503], [98.1467371719315, 13.74691275152093], [98.14667015363247, 13.746914966037917], [98.14666840315533, 13.74686416224103]]]}, "id": "0022000000000001f5df", "properties": {"area_in_meters": 40.886325712192544, "bf_source": "microsoft", "boundary_id": 176, "confidence": null, "geometry_wkt": {"type": "Polygon", "coordinates": [[[98.14666840315533, 13.74686416224103], [98.14673533809663, 13.746861950486503], [98.1467371719315, 13.74691275152093], [98.14667015363247, 13.746914966037917], [98.14666840315533, 13.74686416224103]]]}}}, {"type": "Feature", "geometry": {"type": "Polygon", "coordinates": [[[98.15079281039715, 13.754483960443672], [98.1508354911187, 13.754577612041809], [98.15076380085846, 13.75460848484713], [98.15072103681811, 13.754514835959686], [98.15079281039715, 13.754483960443672]]]}, "id": "0022000000000001f6dd", "properties": {"area_in_meters": 96.55707326730065, "bf_source": "microsoft", "boundary_id": 176, "confidence": null, "geometry_wkt": {"type": "Polygon", "coordinates": [[[98.15079281039715, 13.754483960443672], [98.1508354911187, 13.754577612041809], [98.15076380085846, 13.75460848484713], [98.15072103681811, 13.754514835959686], [98.15079281039715, 13.754483960443672]]]}}}, {"type": "Feature", "geometry": {"type": "Polygon", "coordinates": [[[98.15933228541067, 13.799497216711224], [98.1591911392894, 13.799519449437954], [98.15918113484933, 13.79945969003538], [98.15932228095127, 13.799437457341341], [98.15933228541067, 13.799497216711224]]]}, "id": "0022000000000001f7b1", "properties": {"area_in_meters": 103.94832179767859, "bf_source": "microsoft", "boundary_id": 176, "confidence": null, "geometry_wkt": {"type": "Polygon", "coordinates": [[[98.15933228541067, 13.799497216711224], [98.1591911392894, 13.799519449437954], [98.15918113484933, 13.79945969003538], [98.15932228095127, 13.799437457341341], [98.15933228541067, 13.799497216711224]]]}}}, {"type": "Feature", "geometry": {"type": "Polygon", "coordinates": [[[98.16889050417481, 13.755534814905527], [98.16893986597778, 13.755536686141381], [98.16893869863748, 13.755566628623972], [98.16888933683528, 13.755564757390331], [98.16889050417481, 13.755534814905527]]]}, "id": "0022000000000001f7dd", "properties": {"area_in_meters": 17.78545545542639, "bf_source": "microsoft", "boundary_id": 176, "confidence": null, "geometry_wkt": {"type": "Polygon", "coordinates": [[[98.16889050417481, 13.755534814905527], [98.16893986597778, 13.755536686141381], [98.16893869863748, 13.755566628623972], [98.16888933683528, 13.755564757390331], [98.16889050417481, 13.755534814905527]]]}}}, {"type": "Feature", "geometry": {"type": "Polygon", "coordinates": [[[98.14857094649138, 13.754532800286848], [98.14872832698875, 13.75449637577964], [98.14874833300847, 13.754577711076884], [98.148590952468, 13.754614135644784], [98.14857094649138, 13.754532800286848]]]}, "id": "0022000000000001f7fe", "properties": {"area_in_meters": 162.45948220619712, "bf_source": "microsoft", "boundary_id": 176, "confidence": null, "geometry_wkt": {"type": "Polygon", "coordinates": [[[98.14857094649138, 13.754532800286848], [98.14872832698875, 13.75449637577964], [98.14874833300847, 13.754577711076884], [98.148590952468, 13.754614135644784], [98.14857094649138, 13.754532800286848]]]}}}, {"type": "Feature", "geometry": {"type": "Polygon", "coordinates": [[[98.15185258342424, 13.754683054103472], [98.15188217692926, 13.754748549240308], [98.1517080339128, 13.754822801435127], [98.1516784404783, 13.75475721852277], [98.15185258342424, 13.754683054103472]]]}, "id": "0022000000000001f9ab", "properties": {"area_in_meters": 163.45428489432837, "bf_source": "microsoft", "boundary_id": 176, "confidence": null, "geometry_wkt": {"type": "Polygon", "coordinates": [[[98.15185258342424, 13.754683054103472], [98.15188217692926, 13.754748549240308], [98.1517080339128, 13.754822801435127], [98.1516784404783, 13.75475721852277], [98.15185258342424, 13.754683054103472]]]}}}, {"type": "Feature", "geometry": {"type": "Polygon", "coordinates": [[[98.14221815909417, 13.744702139741703], [98.14230926176424, 13.744699394578513], [98.14231326261604, 13.744825977150306], [98.14222215994099, 13.744828634648572], [98.14221815909417, 13.744702139741703]]]}, "id": "0022000000000001f9c7", "properties": {"area_in_meters": 138.57682982087928, "bf_source": "microsoft", "boundary_id": 176, "confidence": null, "geometry_wkt": {"type": "Polygon", "coordinates": [[[98.14221815909417, 13.744702139741703], [98.14230926176424, 13.744699394578513], [98.14231326261604, 13.744825977150306], [98.14222215994099, 13.744828634648572], [98.14221815909417, 13.744702139741703]]]}}}, {"type": "Feature", "geometry": {"type": "Polygon", "coordinates": [[[98.14661805611662, 13.748550321298977], [98.14653420003317, 13.748562914139338], [98.14652536430832, 13.748506906840284], [98.14660913702562, 13.748494316772328], [98.14661805611662, 13.748550321298977]]]}, "id": "0022000000000001fc59", "properties": {"area_in_meters": 57.70835363834039, "bf_source": "microsoft", "boundary_id": 176, "confidence": null, "geometry_wkt": {"type": "Polygon", "coordinates": [[[98.14661805611662, 13.748550321298977], [98.14653420003317, 13.748562914139338], [98.14652536430832, 13.748506906840284], [98.14660913702562, 13.748494316772328], [98.14661805611662, 13.748550321298977]]]}}}, {"type": "Feature", "geometry": {"type": "Polygon", "coordinates": [[[98.14969220657458, 13.75305065665958], [98.14962251806246, 13.75310601732698], [98.14957575344027, 13.753050473643954], [98.1496454419078, 13.752995113017388], [98.14969220657458, 13.75305065665958]]]}, "id": "0022000000000001fc98", "properties": {"area_in_meters": 77.62955155812111, "bf_source": "microsoft", "boundary_id": 176, "confidence": null, "geometry_wkt": {"type": "Polygon", "coordinates": [[[98.14969220657458, 13.75305065665958], [98.14962251806246, 13.75310601732698], [98.14957575344027, 13.753050473643954], [98.1496454419078, 13.752995113017388], [98.14969220657458, 13.75305065665958]]]}}}, {"type": "Feature", "geometry": {"type": "Polygon", "coordinates": [[[98.15628115550105, 13.760575911584002], [98.15630416480246, 13.760647063591948], [98.15620895969651, 13.760676087625225], [98.15618595042507, 13.76060493557953], [98.15628115550105, 13.760575911584002]]]}, "id": "0022000000000001fd55", "properties": {"area_in_meters": 89.35728253807318, "bf_source": "microsoft", "boundary_id": 176, "confidence": null, "geometry_wkt": {"type": "Polygon", "coordinates": [[[98.15628115550105, 13.760575911584002], [98.15630416480246, 13.760647063591948], [98.15620895969651, 13.760676087625225], [98.15618595042507, 13.76060493557953], [98.15628115550105, 13.760575911584002]]]}}}, {"type": "Feature", "geometry": {"type": "Polygon", "coordinates": [[[98.15147587165703, 13.750260148305], [98.151558066181, 13.750251554587681], [98.15157090387362, 13.750367499839511], [98.1514887093352, 13.750376093587773], [98.15147587165703, 13.750260148305]]]}, "id": "0022000000000001fe2a", "properties": {"area_in_meters": 115.74005630685416, "bf_source": "microsoft", "boundary_id": 176, "confidence": null, "geometry_wkt": {"type": "Polygon", "coordinates": [[[98.15147587165703, 13.750260148305], [98.151558066181, 13.750251554587681], [98.15157090387362, 13.750367499839511], [98.1514887093352, 13.750376093587773], [98.15147587165703, 13.750260148305]]]}}}, {"type": "Feature", "geometry": {"type": "Polygon", "coordinates": [[[98.14741436028405, 13.750846234964614], [98.14748071241017, 13.750819574787707], [98.14751964013031, 13.750910718511237], [98.14745320461186, 13.750937469178735], [98.14741436028405, 13.750846234964614]]]}, "id": "0022000000000001fea4", "properties": {"area_in_meters": 85.17160410851125, "bf_source": "microsoft", "boundary_id": 176, "confidence": null, "geometry_wkt": {"type": "Polygon", "coordinates": [[[98.14741436028405, 13.750846234964614], [98.14748071241017, 13.750819574787707], [98.14751964013031, 13.750910718511237], [98.14745320461186, 13.750937469178735], [98.14741436028405, 13.750846234964614]]]}}}, {"type": "Feature", "geometry": {"type": "Polygon", "coordinates": [[[98.16089649947457, 13.771265796239906], [98.16084881054361, 13.771270973356177], [98.16084280774331, 13.771218460988521], [98.16089049667036, 13.771213283880495], [98.16089649947457, 13.771265796239906]]]}, "id": "0022000000000001ff88", "properties": {"area_in_meters": 30.45118404948082, "bf_source": "microsoft", "boundary_id": 176, "confidence": null, "geometry_wkt": {"type": "Polygon", "coordinates": [[[98.16089649947457, 13.771265796239906], [98.16084881054361, 13.771270973356177], [98.16084280774331, 13.771218460988521], [98.16089049667036, 13.771213283880495], [98.16089649947457, 13.771265796239906]]]}}}, {"type": "Feature", "geometry": {"type": "Polygon", "coordinates": [[[98.15924766440153, 13.801391919070284], [98.15926483870679, 13.801479952197413], [98.15918196855262, 13.801495249684558], [98.15916479426681, 13.801407216526876], [98.15924766440153, 13.801391919070284]]]}, "id": "00220000000000020009", "properties": {"area_in_meters": 90.68239155652458, "bf_source": "microsoft", "boundary_id": 176, "confidence": null, "geometry_wkt": {"type": "Polygon", "coordinates": [[[98.15924766440153, 13.801391919070284], [98.15926483870679, 13.801479952197413], [98.15918196855262, 13.801495249684558], [98.15916479426681, 13.801407216526876], [98.15924766440153, 13.801391919070284]]]}}}, {"type": "Feature", "geometry": {"type": "Polygon", "coordinates": [[[98.1595503829655, 13.799148284729363], [98.15955388453706, 13.799075444620586], [98.15965826479467, 13.799080224039834], [98.15965476321811, 13.799152976413232], [98.1595503829655, 13.799148284729363]]]}, "id": "00220000000000020301", "properties": {"area_in_meters": 91.41278336708636, "bf_source": "microsoft", "boundary_id": 176, "confidence": null, "geometry_wkt": {"type": "Polygon", "coordinates": [[[98.1595503829655, 13.799148284729363], [98.15955388453706, 13.799075444620586], [98.15965826479467, 13.799080224039834], [98.15965476321811, 13.799152976413232], [98.1595503829655, 13.799148284729363]]]}}}, {"type": "Feature", "geometry": {"type": "Polygon", "coordinates": [[[98.14721538762407, 13.75105126590621], [98.14716278957955, 13.75107545447644], [98.14711711016753, 13.750981902848487], [98.14716970817913, 13.75095762661888], [98.14721538762407, 13.75105126590621]]]}, "id": "00220000000000020307", "properties": {"area_in_meters": 72.35713049533751, "bf_source": "microsoft", "boundary_id": 176, "confidence": null, "geometry_wkt": {"type": "Polygon", "coordinates": [[[98.14721538762407, 13.75105126590621], [98.14716278957955, 13.75107545447644], [98.14711711016753, 13.750981902848487], [98.14716970817913, 13.75095762661888], [98.14721538762407, 13.75105126590621]]]}}}, {"type": "Feature", "geometry": {"type": "Polygon", "coordinates": [[[98.16447792700703, 13.824439721914315], [98.16440122078963, 13.824477634794679], [98.16438062685147, 13.824438398374555], [98.16445724967093, 13.824400400552006], [98.16447792700703, 13.824439721914315]]]}, "id": "002200000000000203d6", "properties": {"area_in_meters": 45.545381899869376, "bf_source": "microsoft", "boundary_id": 176, "confidence": null, "geometry_wkt": {"type": "Polygon", "coordinates": [[[98.16447792700703, 13.824439721914315], [98.16440122078963, 13.824477634794679], [98.16438062685147, 13.824438398374555], [98.16445724967093, 13.824400400552006], [98.16447792700703, 13.824439721914315]]]}}}, {"type": "Feature", "geometry": {"type": "Polygon", "coordinates": [[[98.14824484984516, 13.747998195789929], [98.14816991117436, 13.74800146190369], [98.14816766051469, 13.747953480559838], [98.14810080761838, 13.747956304009337], [98.1480971398802, 13.747876887760413], [98.14815740751041, 13.747874281977547], [98.1481567406484, 13.747858694687395], [98.14823834793297, 13.747855208192208], [98.14824484984516, 13.747998195789929]]]}, "id": "00220000000000020425", "properties": {"area_in_meters": 194.21269218807387, "bf_source": "microsoft", "boundary_id": 176, "confidence": null, "geometry_wkt": {"type": "Polygon", "coordinates": [[[98.14824484984516, 13.747998195789929], [98.14816991117436, 13.74800146190369], [98.14816766051469, 13.747953480559838], [98.14810080761838, 13.747956304009337], [98.1480971398802, 13.747876887760413], [98.14815740751041, 13.747874281977547], [98.1481567406484, 13.747858694687395], [98.14823834793297, 13.747855208192208], [98.14824484984516, 13.747998195789929]]]}}}, {"type": "Feature", "geometry": {"type": "Polygon", "coordinates": [[[98.1542874603858, 13.75695364982353], [98.15432130648088, 13.757004095950117], [98.15421209869345, 13.757073220726312], [98.15417825264896, 13.757022774550048], [98.1542874603858, 13.75695364982353]]]}, "id": "002200000000000204aa", "properties": {"area_in_meters": 94.23018530833754, "bf_source": "microsoft", "boundary_id": 176, "confidence": null, "geometry_wkt": {"type": "Polygon", "coordinates": [[[98.1542874603858, 13.75695364982353], [98.15432130648088, 13.757004095950117], [98.15421209869345, 13.757073220726312], [98.15417825264896, 13.757022774550048], [98.1542874603858, 13.75695364982353]]]}}}, {"type": "Feature", "geometry": {"type": "Polygon", "coordinates": [[[98.14730582967503, 13.750561656995622], [98.14722539042603, 13.75056317579111], [98.1472241400757, 13.750500690729332], [98.14730457932335, 13.750499171944902], [98.14730582967503, 13.750561656995622]]]}, "id": "002200000000000205bf", "properties": {"area_in_meters": 60.405008106149495, "bf_source": "microsoft", "boundary_id": 176, "confidence": null, "geometry_wkt": {"type": "Polygon", "coordinates": [[[98.14730582967503, 13.750561656995622], [98.14722539042603, 13.75056317579111], [98.1472241400757, 13.750500690729332], [98.14730457932335, 13.750499171944902], [98.14730582967503, 13.750561656995622]]]}}}, {"type": "Feature", "geometry": {"type": "Polygon", "coordinates": [[[98.1532158977855, 13.750887487003816], [98.15325332801758, 13.750889668910007], [98.15325091047417, 13.750928597325693], [98.15321348024334, 13.750926415421294], [98.1532158977855, 13.750887487003816]]]}, "id": "00220000000000020772", "properties": {"area_in_meters": 17.560216497797153, "bf_source": "microsoft", "boundary_id": 176, "confidence": null, "geometry_wkt": {"type": "Polygon", "coordinates": [[[98.1532158977855, 13.750887487003816], [98.15325332801758, 13.750889668910007], [98.15325091047417, 13.750928597325693], [98.15321348024334, 13.750926415421294], [98.1532158977855, 13.750887487003816]]]}}}, {"type": "Feature", "geometry": {"type": "Polygon", "coordinates": [[[98.15248346953011, 13.757211547821612], [98.15250472701887, 13.757272233238835], [98.15243261830757, 13.757296105427045], [98.15241136083979, 13.757235419984177], [98.15248346953011, 13.757211547821612]]]}, "id": "0022000000000002079f", "properties": {"area_in_meters": 58.66573371861893, "bf_source": "microsoft", "boundary_id": 176, "confidence": null, "geometry_wkt": {"type": "Polygon", "coordinates": [[[98.15248346953011, 13.757211547821612], [98.15250472701887, 13.757272233238835], [98.15243261830757, 13.757296105427045], [98.15241136083979, 13.757235419984177], [98.15248346953011, 13.757211547821612]]]}}}, {"type": "Feature", "geometry": {"type": "Polygon", "coordinates": [[[98.15758636123468, 13.770512492540407], [98.15758652797169, 13.77058545861469], [98.15751141298297, 13.770585667605657], [98.15751124624613, 13.77051270152041], [98.15758636123468, 13.770512492540407]]]}, "id": "00220000000000020896", "properties": {"area_in_meters": 65.78672370974367, "bf_source": "microsoft", "boundary_id": 176, "confidence": null, "geometry_wkt": {"type": "Polygon", "coordinates": [[[98.15758636123468, 13.770512492540407], [98.15758652797169, 13.77058545861469], [98.15751141298297, 13.770585667605657], [98.15751124624613, 13.77051270152041], [98.15758636123468, 13.770512492540407]]]}}}, {"type": "Feature", "geometry": {"type": "Polygon", "coordinates": [[[98.15898604854155, 13.801188837500215], [98.1589990542792, 13.801287623900361], [98.15891326647544, 13.80129828093753], [98.15890026075303, 13.801199494507893], [98.15898604854155, 13.801188837500215]]]}, "id": "002200000000000209c4", "properties": {"area_in_meters": 103.35058961928544, "bf_source": "microsoft", "boundary_id": 176, "confidence": null, "geometry_wkt": {"type": "Polygon", "coordinates": [[[98.15898604854155, 13.801188837500215], [98.1589990542792, 13.801287623900361], [98.15891326647544, 13.80129828093753], [98.15890026075303, 13.801199494507893], [98.15898604854155, 13.801188837500215]]]}}}, {"type": "Feature", "geometry": {"type": "Polygon", "coordinates": [[[98.15996698778655, 13.79867521006687], [98.15996406979376, 13.798741275737237], [98.15987694691974, 13.798737677723766], [98.15987978153792, 13.798671614814019], [98.15996698778655, 13.79867521006687]]]}, "id": "00220000000000020aca", "properties": {"area_in_meters": 69.33401938320824, "bf_source": "microsoft", "boundary_id": 176, "confidence": null, "geometry_wkt": {"type": "Polygon", "coordinates": [[[98.15996698778655, 13.79867521006687], [98.15996406979376, 13.798741275737237], [98.15987694691974, 13.798737677723766], [98.15987978153792, 13.798671614814019], [98.15996698778655, 13.79867521006687]]]}}}, {"type": "Feature", "geometry": {"type": "Polygon", "coordinates": [[[98.15054889722082, 13.753223499451623], [98.15045878459578, 13.753260593511675], [98.15042410668646, 13.753181060066755], [98.1505142192687, 13.753143966055019], [98.15054889722082, 13.753223499451623]]]}, "id": "00220000000000020b18", "properties": {"area_in_meters": 101.52720026212212, "bf_source": "microsoft", "boundary_id": 176, "confidence": null, "geometry_wkt": {"type": "Polygon", "coordinates": [[[98.15054889722082, 13.753223499451623], [98.15045878459578, 13.753260593511675], [98.15042410668646, 13.753181060066755], [98.1505142192687, 13.753143966055019], [98.15054889722082, 13.753223499451623]]]}}}, {"type": "Feature", "geometry": {"type": "Polygon", "coordinates": [[[98.14966828240085, 13.747960965689836], [98.14946196798728, 13.747967873633812], [98.14945955056932, 13.747898676321423], [98.14966586497607, 13.74789176841142], [98.14966828240085, 13.747960965689836]]]}, "id": "00220000000000020b86", "properties": {"area_in_meters": 171.59199260227763, "bf_source": "microsoft", "boundary_id": 176, "confidence": null, "geometry_wkt": {"type": "Polygon", "coordinates": [[[98.14966828240085, 13.747960965689836], [98.14946196798728, 13.747967873633812], [98.14945955056932, 13.747898676321423], [98.14966586497607, 13.74789176841142], [98.14966828240085, 13.747960965689836]]]}}}, {"type": "Feature", "geometry": {"type": "Polygon", "coordinates": [[[98.15587149110789, 13.776768124141945], [98.15598553664239, 13.77677978087653], [98.15597644967443, 13.776863582648346], [98.1558624041541, 13.776851925920205], [98.15587149110789, 13.776768124141945]]]}, "id": "00220000000000020c06", "properties": {"area_in_meters": 116.11230157186824, "bf_source": "microsoft", "boundary_id": 176, "confidence": null, "geometry_wkt": {"type": "Polygon", "coordinates": [[[98.15587149110789, 13.776768124141945], [98.15598553664239, 13.77677978087653], [98.15597644967443, 13.776863582648346], [98.1558624041541, 13.776851925920205], [98.15587149110789, 13.776768124141945]]]}}}, {"type": "Feature", "geometry": {"type": "Polygon", "coordinates": [[[98.15220237108387, 13.750330830809848], [98.1522981545077, 13.750313193409658], [98.15232466378035, 13.750448943607475], [98.15222888032177, 13.750466668756056], [98.15220237108387, 13.750330830809848]]]}, "id": "00220000000000020c52", "properties": {"area_in_meters": 161.85406605647682, "bf_source": "microsoft", "boundary_id": 176, "confidence": null, "geometry_wkt": {"type": "Polygon", "coordinates": [[[98.15220237108387, 13.750330830809848], [98.1522981545077, 13.750313193409658], [98.15232466378035, 13.750448943607475], [98.15222888032177, 13.750466668756056], [98.15220237108387, 13.750330830809848]]]}}}, {"type": "Feature", "geometry": {"type": "Polygon", "coordinates": [[[98.14205887555902, 13.74483393862238], [98.14205537482587, 13.744761094564067], [98.14212880690607, 13.74475779293758], [98.14213230764273, 13.744830636982392], [98.14205887555902, 13.74483393862238]]]}, "id": "00220000000000020c68", "properties": {"area_in_meters": 64.32465979982126, "bf_source": "microsoft", "boundary_id": 176, "confidence": null, "geometry_wkt": {"type": "Polygon", "coordinates": [[[98.14205887555902, 13.74483393862238], [98.14205537482587, 13.744761094564067], [98.14212880690607, 13.74475779293758], [98.14213230764273, 13.744830636982392], [98.14205887555902, 13.74483393862238]]]}}}, {"type": "Feature", "geometry": {"type": "Polygon", "coordinates": [[[98.15913519781292, 13.799800185677281], [98.15930027114545, 13.799775403669406], [98.15931077582466, 13.79984155051839], [98.15920481202639, 13.799857439109049], [98.15920948076642, 13.79988684747714], [98.15915045457498, 13.799895738173362], [98.15913519781292, 13.799800185677281]]]}, "id": "00220000000000020ca6", "properties": {"area_in_meters": 155.50606010248333, "bf_source": "microsoft", "boundary_id": 176, "confidence": null, "geometry_wkt": {"type": "Polygon", "coordinates": [[[98.15913519781292, 13.799800185677281], [98.15930027114545, 13.799775403669406], [98.15931077582466, 13.79984155051839], [98.15920481202639, 13.799857439109049], [98.15920948076642, 13.79988684747714], [98.15915045457498, 13.799895738173362], [98.15913519781292, 13.799800185677281]]]}}}, {"type": "Feature", "geometry": {"type": "Polygon", "coordinates": [[[98.15012642752164, 13.748557301712275], [98.1501236766417, 13.748453125736555], [98.1502202075813, 13.748450723550157], [98.15022287510475, 13.748554902259002], [98.15012642752164, 13.748557301712275]]]}, "id": "00220000000000020cb3", "properties": {"area_in_meters": 120.77868441947486, "bf_source": "microsoft", "boundary_id": 176, "confidence": null, "geometry_wkt": {"type": "Polygon", "coordinates": [[[98.15012642752164, 13.748557301712275], [98.1501236766417, 13.748453125736555], [98.1502202075813, 13.748450723550157], [98.15022287510475, 13.748554902259002], [98.15012642752164, 13.748557301712275]]]}}}, {"type": "Feature", "geometry": {"type": "Polygon", "coordinates": [[[98.14890829800487, 13.748349224537712], [98.14881985457377, 13.748347149577265], [98.14882368906525, 13.748190929247007], [98.14891213250101, 13.748193004230602], [98.14890829800487, 13.748349224537712]]]}, "id": "00220000000000020d42", "properties": {"area_in_meters": 166.08357923798826, "bf_source": "microsoft", "boundary_id": 176, "confidence": null, "geometry_wkt": {"type": "Polygon", "coordinates": [[[98.14890829800487, 13.748349224537712], [98.14881985457377, 13.748347149577265], [98.14882368906525, 13.748190929247007], [98.14891213250101, 13.748193004230602], [98.14890829800487, 13.748349224537712]]]}}}, {"type": "Feature", "geometry": {"type": "Polygon", "coordinates": [[[98.15013476352206, 13.75032036844123], [98.15000405514482, 13.750343983016874], [98.14999196796613, 13.750281067480698], [98.15012267632174, 13.75025736524509], [98.15013476352206, 13.75032036844123]]]}, "id": "00220000000000020dcc", "properties": {"area_in_meters": 102.24872122605167, "bf_source": "microsoft", "boundary_id": 176, "confidence": null, "geometry_wkt": {"type": "Polygon", "coordinates": [[[98.15013476352206, 13.75032036844123], [98.15000405514482, 13.750343983016874], [98.14999196796613, 13.750281067480698], [98.15012267632174, 13.75025736524509], [98.15013476352206, 13.75032036844123]]]}}}, {"type": "Feature", "geometry": {"type": "Polygon", "coordinates": [[[98.14919980364384, 13.74258161566853], [98.14928532996854, 13.742586769226062], [98.1492804951444, 13.74266207863692], [98.14919505218428, 13.742656922332625], [98.14919980364384, 13.74258161566853]]]}, "id": "00220000000000020de0", "properties": {"area_in_meters": 77.59301550332007, "bf_source": "microsoft", "boundary_id": 176, "confidence": null, "geometry_wkt": {"type": "Polygon", "coordinates": [[[98.14919980364384, 13.74258161566853], [98.14928532996854, 13.742586769226062], [98.1492804951444, 13.74266207863692], [98.14919505218428, 13.742656922332625], [98.14919980364384, 13.74258161566853]]]}}}, {"type": "Feature", "geometry": {"type": "Polygon", "coordinates": [[[98.16377965326649, 13.824353728401997], [98.16381783928799, 13.824338769824172], [98.16383368065648, 13.82437684839536], [98.16379541125112, 13.824391809757868], [98.16377965326649, 13.824353728401997]]]}, "id": "00220000000000020ee6", "properties": {"area_in_meters": 20.313150343075, "bf_source": "microsoft", "boundary_id": 176, "confidence": null, "geometry_wkt": {"type": "Polygon", "coordinates": [[[98.16377965326649, 13.824353728401997], [98.16381783928799, 13.824338769824172], [98.16383368065648, 13.82437684839536], [98.16379541125112, 13.824391809757868], [98.16377965326649, 13.824353728401997]]]}}}, {"type": "Feature", "geometry": {"type": "Polygon", "coordinates": [[[98.1513095655754, 13.760287074047472], [98.15133999247433, 13.760349650066404], [98.15124571080958, 13.76039293693025], [98.15121528394992, 13.760330360868577], [98.1513095655754, 13.760287074047472]]]}, "id": "0022000000000002104f", "properties": {"area_in_meters": 86.63478449634431, "bf_source": "microsoft", "boundary_id": 176, "confidence": null, "geometry_wkt": {"type": "Polygon", "coordinates": [[[98.1513095655754, 13.760287074047472], [98.15133999247433, 13.760349650066404], [98.15124571080958, 13.76039293693025], [98.15121528394992, 13.760330360868577], [98.1513095655754, 13.760287074047472]]]}}}, {"type": "Feature", "geometry": {"type": "Polygon", "coordinates": [[[98.15617044418102, 13.777070464534004], [98.15628832506522, 13.77707445080909], [98.1562855739533, 13.77715251691759], [98.15616769307354, 13.777148530656747], [98.15617044418102, 13.777070464534004]]]}, "id": "002200000000000210f6", "properties": {"area_in_meters": 110.62284054953197, "bf_source": "microsoft", "boundary_id": 176, "confidence": null, "geometry_wkt": {"type": "Polygon", "coordinates": [[[98.15617044418102, 13.777070464534004], [98.15628832506522, 13.77707445080909], [98.1562855739533, 13.77715251691759], [98.15616769307354, 13.777148530656747], [98.15617044418102, 13.777070464534004]]]}}}, {"type": "Feature", "geometry": {"type": "Polygon", "coordinates": [[[98.15543023327089, 13.776052735815911], [98.15555336503111, 13.776011377864926], [98.15558070914685, 13.776088095111723], [98.15545757734056, 13.776129540828867], [98.15543023327089, 13.776052735815911]]]}, "id": "002200000000000211ca", "properties": {"area_in_meters": 127.13353917507769, "bf_source": "microsoft", "boundary_id": 176, "confidence": null, "geometry_wkt": {"type": "Polygon", "coordinates": [[[98.15543023327089, 13.776052735815911], [98.15555336503111, 13.776011377864926], [98.15558070914685, 13.776088095111723], [98.15545757734056, 13.776129540828867], [98.15543023327089, 13.776052735815911]]]}}}, {"type": "Feature", "geometry": {"type": "Polygon", "coordinates": [[[98.15664463661636, 13.771740108557523], [98.15676310183831, 13.771769248270463], [98.15674934619044, 13.771821889926674], [98.15663088099079, 13.771792750206114], [98.15664463661636, 13.771740108557523]]]}, "id": "002200000000000211e8", "properties": {"area_in_meters": 79.74536771025157, "bf_source": "microsoft", "boundary_id": 176, "confidence": null, "geometry_wkt": {"type": "Polygon", "coordinates": [[[98.15664463661636, 13.771740108557523], [98.15676310183831, 13.771769248270463], [98.15674934619044, 13.771821889926674], [98.15663088099079, 13.771792750206114], [98.15664463661636, 13.771740108557523]]]}}}, {"type": "Feature", "geometry": {"type": "Polygon", "coordinates": [[[98.14621736494492, 13.748438511402544], [98.1462676283518, 13.748432816546492], [98.14627321317691, 13.748479021902664], [98.1462229497662, 13.748484804460123], [98.14621736494492, 13.748438511402544]]]}, "id": "002200000000000212a6", "properties": {"area_in_meters": 28.310559686893992, "bf_source": "microsoft", "boundary_id": 176, "confidence": null, "geometry_wkt": {"type": "Polygon", "coordinates": [[[98.14621736494492, 13.748438511402544], [98.1462676283518, 13.748432816546492], [98.14627321317691, 13.748479021902664], [98.1462229497662, 13.748484804460123], [98.14621736494492, 13.748438511402544]]]}}}, {"type": "Feature", "geometry": {"type": "Polygon", "coordinates": [[[98.15600937951785, 13.77664856488219], [98.15600404404854, 13.776743469169904], [98.15589975237508, 13.776737892000202], [98.15590508783677, 13.776642987699633], [98.15600937951785, 13.77664856488219]]]}, "id": "002200000000000212de", "properties": {"area_in_meters": 119.2061635533673, "bf_source": "microsoft", "boundary_id": 176, "confidence": null, "geometry_wkt": {"type": "Polygon", "coordinates": [[[98.15600937951785, 13.77664856488219], [98.15600404404854, 13.776743469169904], [98.15589975237508, 13.776737892000202], [98.15590508783677, 13.776642987699633], [98.15600937951785, 13.77664856488219]]]}}}, {"type": "Feature", "geometry": {"type": "Polygon", "coordinates": [[[98.16019484169765, 13.802133588386443], [98.16029263651393, 13.802100073805189], [98.16032206669311, 13.802181120456375], [98.16022427183746, 13.802214635085035], [98.16019484169765, 13.802133588386443]]]}, "id": "002200000000000213b6", "properties": {"area_in_meters": 107.05766969537974, "bf_source": "microsoft", "boundary_id": 176, "confidence": null, "geometry_wkt": {"type": "Polygon", "coordinates": [[[98.16019484169765, 13.802133588386443], [98.16029263651393, 13.802100073805189], [98.16032206669311, 13.802181120456375], [98.16022427183746, 13.802214635085035], [98.16019484169765, 13.802133588386443]]]}}}, {"type": "Feature", "geometry": {"type": "Polygon", "coordinates": [[[98.15651741802041, 13.773849753084066], [98.15652183648693, 13.773770405785491], [98.15663688344527, 13.773776416066521], [98.15663246497179, 13.773855763353128], [98.15651741802041, 13.773849753084066]]]}, "id": "002200000000000215e0", "properties": {"area_in_meters": 109.80160904050302, "bf_source": "microsoft", "boundary_id": 176, "confidence": null, "geometry_wkt": {"type": "Polygon", "coordinates": [[[98.15651741802041, 13.773849753084066], [98.15652183648693, 13.773770405785491], [98.15663688344527, 13.773776416066521], [98.15663246497179, 13.773855763353128], [98.15651741802041, 13.773849753084066]]]}}}, {"type": "Feature", "geometry": {"type": "Polygon", "coordinates": [[[98.15354301698778, 13.758236496305049], [98.15362971549277, 13.758204510860185], [98.15365730898084, 13.758275072111006], [98.15357052707918, 13.758307060353381], [98.15354301698778, 13.758236496305049]]]}, "id": "00220000000000021639", "properties": {"area_in_meters": 84.152392091195, "bf_source": "microsoft", "boundary_id": 176, "confidence": null, "geometry_wkt": {"type": "Polygon", "coordinates": [[[98.15354301698778, 13.758236496305049], [98.15362971549277, 13.758204510860185], [98.15365730898084, 13.758275072111006], [98.15357052707918, 13.758307060353381], [98.15354301698778, 13.758236496305049]]]}}}, {"type": "Feature", "geometry": {"type": "Polygon", "coordinates": [[[98.15644780636602, 13.776166184860552], [98.15644555545134, 13.776272915068168], [98.1562835731447, 13.776269688904803], [98.15628582405436, 13.776162958667454], [98.15644780636602, 13.776166184860552]]]}, "id": "002200000000000218cc", "properties": {"area_in_meters": 207.7506345968695, "bf_source": "microsoft", "boundary_id": 176, "confidence": null, "geometry_wkt": {"type": "Polygon", "coordinates": [[[98.15644780636602, 13.776166184860552], [98.15644555545134, 13.776272915068168], [98.1562835731447, 13.776269688904803], [98.15628582405436, 13.776162958667454], [98.15644780636602, 13.776166184860552]]]}}}, {"type": "Feature", "geometry": {"type": "Polygon", "coordinates": [[[98.16093693504358, 13.81885819801998], [98.16100480015189, 13.81882698734424], [98.16103739877055, 13.818893811855082], [98.1609694502596, 13.818925025336764], [98.16093693504358, 13.81885819801998]]]}, "id": "0022000000000002195c", "properties": {"area_in_meters": 66.69013512491495, "bf_source": "microsoft", "boundary_id": 176, "confidence": null, "geometry_wkt": {"type": "Polygon", "coordinates": [[[98.16093693504358, 13.81885819801998], [98.16100480015189, 13.81882698734424], [98.16103739877055, 13.818893811855082], [98.1609694502596, 13.818925025336764], [98.16093693504358, 13.81885819801998]]]}}}, {"type": "Feature", "geometry": {"type": "Polygon", "coordinates": [[[98.15937888953536, 13.801861633897063], [98.15938947759643, 13.801946289274207], [98.15930493989157, 13.801956290995815], [98.15929426847227, 13.801871638363613], [98.15937888953536, 13.801861633897063]]]}, "id": "00220000000000021b00", "properties": {"area_in_meters": 87.29133134204822, "bf_source": "microsoft", "boundary_id": 176, "confidence": null, "geometry_wkt": {"type": "Polygon", "coordinates": [[[98.15937888953536, 13.801861633897063], [98.15938947759643, 13.801946289274207], [98.15930493989157, 13.801956290995815], [98.15929426847227, 13.801871638363613], [98.15937888953536, 13.801861633897063]]]}}}, {"type": "Feature", "geometry": {"type": "Polygon", "coordinates": [[[98.15956730722957, 13.79524095742206], [98.15961049330045, 13.795233119766392], [98.15961799667443, 13.795272345613217], [98.15957481059912, 13.7952800955537], [98.15956730722957, 13.79524095742206]]]}, "id": "00220000000000021bcb", "properties": {"area_in_meters": 20.992133187637652, "bf_source": "microsoft", "boundary_id": 176, "confidence": null, "geometry_wkt": {"type": "Polygon", "coordinates": [[[98.15956730722957, 13.79524095742206], [98.15961049330045, 13.795233119766392], [98.15961799667443, 13.795272345613217], [98.15957481059912, 13.7952800955537], [98.15956730722957, 13.79524095742206]]]}}}, {"type": "Feature", "geometry": {"type": "Polygon", "coordinates": [[[98.15115593076975, 13.754434678117306], [98.15101163271963, 13.754480668701028], [98.15099020894331, 13.754417183340019], [98.15113450695111, 13.754371192808742], [98.15115593076975, 13.754434678117306]]]}, "id": "00220000000000021c9b", "properties": {"area_in_meters": 121.90806914497267, "bf_source": "microsoft", "boundary_id": 176, "confidence": null, "geometry_wkt": {"type": "Polygon", "coordinates": [[[98.15115593076975, 13.754434678117306], [98.15101163271963, 13.754480668701028], [98.15099020894331, 13.754417183340019], [98.15113450695111, 13.754371192808742], [98.15115593076975, 13.754434678117306]]]}}}, {"type": "Feature", "geometry": {"type": "Polygon", "coordinates": [[[98.15111616750045, 13.749708260414582], [98.15111758463965, 13.749638935642789], [98.1512462943385, 13.749641519575032], [98.1512448771968, 13.749710844331474], [98.15111616750045, 13.749708260414582]]]}, "id": "00220000000000021ced", "properties": {"area_in_meters": 107.21726343225362, "bf_source": "microsoft", "boundary_id": 176, "confidence": null, "geometry_wkt": {"type": "Polygon", "coordinates": [[[98.15111616750045, 13.749708260414582], [98.15111758463965, 13.749638935642789], [98.1512462943385, 13.749641519575032], [98.1512448771968, 13.749710844331474], [98.15111616750045, 13.749708260414582]]]}}}, {"type": "Feature", "geometry": {"type": "Polygon", "coordinates": [[[98.15356677570247, 13.74327575296039], [98.15360012127998, 13.74326903834413], [98.15360954140839, 13.743312922083563], [98.15357611246264, 13.743319727151508], [98.15356677570247, 13.74327575296039]]]}, "id": "00220000000000021d5a", "properties": {"area_in_meters": 18.40479911937556, "bf_source": "microsoft", "boundary_id": 176, "confidence": null, "geometry_wkt": {"type": "Polygon", "coordinates": [[[98.15356677570247, 13.74327575296039], [98.15360012127998, 13.74326903834413], [98.15360954140839, 13.743312922083563], [98.15357611246264, 13.743319727151508], [98.15356677570247, 13.74327575296039]]]}}}, {"type": "Feature", "geometry": {"type": "Polygon", "coordinates": [[[98.15858028736272, 13.759297678681817], [98.1586207216508, 13.75928362320272], [98.15863639515405, 13.759326339524174], [98.15859596085731, 13.759340307315037], [98.15858028736272, 13.759297678681817]]]}, "id": "00220000000000021e2d", "properties": {"area_in_meters": 23.36372200066811, "bf_source": "microsoft", "boundary_id": 176, "confidence": null, "geometry_wkt": {"type": "Polygon", "coordinates": [[[98.15858028736272, 13.759297678681817], [98.1586207216508, 13.75928362320272], [98.15863639515405, 13.759326339524174], [98.15859596085731, 13.759340307315037], [98.15858028736272, 13.759297678681817]]]}}}, {"type": "Feature", "geometry": {"type": "Polygon", "coordinates": [[[98.15228414961284, 13.75602018919152], [98.15238235065844, 13.755959498157184], [98.15242970061556, 13.75603177279924], [98.15233158286881, 13.756092461138318], [98.15228414961284, 13.75602018919152]]]}, "id": "00220000000000021eb0", "properties": {"area_in_meters": 119.79429043956475, "bf_source": "microsoft", "boundary_id": 176, "confidence": null, "geometry_wkt": {"type": "Polygon", "coordinates": [[[98.15228414961284, 13.75602018919152], [98.15238235065844, 13.755959498157184], [98.15242970061556, 13.75603177279924], [98.15233158286881, 13.756092461138318], [98.15228414961284, 13.75602018919152]]]}}}, {"type": "Feature", "geometry": {"type": "Polygon", "coordinates": [[[98.16246733355162, 13.741393654217227], [98.16241922672616, 13.741396386276524], [98.16241622526148, 13.741347030649807], [98.162464332085, 13.741344298596857], [98.16246733355162, 13.741393654217227]]]}, "id": "00220000000000021eeb", "properties": {"area_in_meters": 28.605521373802336, "bf_source": "microsoft", "boundary_id": 176, "confidence": null, "geometry_wkt": {"type": "Polygon", "coordinates": [[[98.16246733355162, 13.741393654217227], [98.16241922672616, 13.741396386276524], [98.16241622526148, 13.741347030649807], [98.162464332085, 13.741344298596857], [98.16246733355162, 13.741393654217227]]]}}}, {"type": "Feature", "geometry": {"type": "Polygon", "coordinates": [[[98.15121845167718, 13.750514467505486], [98.15126646777041, 13.750500251660013], [98.15128697465317, 13.750565519453685], [98.1512388751852, 13.7505797380731], [98.15121845167718, 13.750514467505486]]]}, "id": "00220000000000021f70", "properties": {"area_in_meters": 41.17869960624742, "bf_source": "microsoft", "boundary_id": 176, "confidence": null, "geometry_wkt": {"type": "Polygon", "coordinates": [[[98.15121845167718, 13.750514467505486], [98.15126646777041, 13.750500251660013], [98.15128697465317, 13.750565519453685], [98.1512388751852, 13.7505797380731], [98.15121845167718, 13.750514467505486]]]}}}, {"type": "Feature", "geometry": {"type": "Polygon", "coordinates": [[[98.15363013231276, 13.756619000461157], [98.15371416327011, 13.756670942950604], [98.15364980621872, 13.756769277241753], [98.15356577533538, 13.756717334698388], [98.15363013231276, 13.756619000461157]]]}, "id": "00220000000000021f91", "properties": {"area_in_meters": 139.38832267678865, "bf_source": "microsoft", "boundary_id": 176, "confidence": null, "geometry_wkt": {"type": "Polygon", "coordinates": [[[98.15363013231276, 13.756619000461157], [98.15371416327011, 13.756670942950604], [98.15364980621872, 13.756769277241753], [98.15356577533538, 13.756717334698388], [98.15363013231276, 13.756619000461157]]]}}}, {"type": "Feature", "geometry": {"type": "Polygon", "coordinates": [[[98.16032240017964, 13.818535408598532], [98.16036375251959, 13.818608697809703], [98.16024403088984, 13.81867234104205], [98.16020276198907, 13.818599048988085], [98.16032240017964, 13.818535408598532]]]}, "id": "00220000000000021f96", "properties": {"area_in_meters": 136.93937048472344, "bf_source": "microsoft", "boundary_id": 176, "confidence": null, "geometry_wkt": {"type": "Polygon", "coordinates": [[[98.16032240017964, 13.818535408598532], [98.16036375251959, 13.818608697809703], [98.16024403088984, 13.81867234104205], [98.16020276198907, 13.818599048988085], [98.16032240017964, 13.818535408598532]]]}}}, {"type": "Feature", "geometry": {"type": "Polygon", "coordinates": [[[98.15145219698368, 13.749684520563575], [98.1515353084587, 13.749685104477786], [98.15153480828907, 13.749763255943236], [98.1514516134531, 13.749762674797974], [98.15145219698368, 13.749684520563575]]]}, "id": "00220000000000022002", "properties": {"area_in_meters": 78.04870757985944, "bf_source": "microsoft", "boundary_id": 176, "confidence": null, "geometry_wkt": {"type": "Polygon", "coordinates": [[[98.15145219698368, 13.749684520563575], [98.1515353084587, 13.749685104477786], [98.15153480828907, 13.749763255943236], [98.1514516134531, 13.749762674797974], [98.15145219698368, 13.749684520563575]]]}}}, {"type": "Feature", "geometry": {"type": "Polygon", "coordinates": [[[98.16002451395397, 13.801772637671313], [98.16015990905414, 13.801723662542713], [98.16018583757793, 13.801791315485678], [98.16005052580105, 13.801840287901358], [98.16002451395397, 13.801772637671313]]]}, "id": "00220000000000022013", "properties": {"area_in_meters": 125.1842882416295, "bf_source": "microsoft", "boundary_id": 176, "confidence": null, "geometry_wkt": {"type": "Polygon", "coordinates": [[[98.16002451395397, 13.801772637671313], [98.16015990905414, 13.801723662542713], [98.16018583757793, 13.801791315485678], [98.16005052580105, 13.801840287901358], [98.16002451395397, 13.801772637671313]]]}}}, {"type": "Feature", "geometry": {"type": "Polygon", "coordinates": [[[98.15059316164995, 13.751447168076348], [98.15047462306947, 13.751476168788878], [98.15045428313547, 13.751397740665666], [98.15057290504346, 13.75136873724194], [98.15059316164995, 13.751447168076348]]]}, "id": "002200000000000220bb", "properties": {"area_in_meters": 118.72892096150048, "bf_source": "microsoft", "boundary_id": 176, "confidence": null, "geometry_wkt": {"type": "Polygon", "coordinates": [[[98.15059316164995, 13.751447168076348], [98.15047462306947, 13.751476168788878], [98.15045428313547, 13.751397740665666], [98.15057290504346, 13.75136873724194], [98.15059316164995, 13.751447168076348]]]}}}, {"type": "Feature", "geometry": {"type": "Polygon", "coordinates": [[[98.1521572720566, 13.754180996740109], [98.15208341308131, 13.754193700608573], [98.15207557703188, 13.754150813223994], [98.15214943599925, 13.754138021672023], [98.1521572720566, 13.754180996740109]]]}, "id": "002200000000000221da", "properties": {"area_in_meters": 39.27811893357837, "bf_source": "microsoft", "boundary_id": 176, "confidence": null, "geometry_wkt": {"type": "Polygon", "coordinates": [[[98.1521572720566, 13.754180996740109], [98.15208341308131, 13.754193700608573], [98.15207557703188, 13.754150813223994], [98.15214943599925, 13.754138021672023], [98.1521572720566, 13.754180996740109]]]}}}, {"type": "Feature", "geometry": {"type": "Polygon", "coordinates": [[[98.15212409386207, 13.755692234421113], [98.15216752562227, 13.755759639913654], [98.15208458015258, 13.755810003904719], [98.15204123180385, 13.75574259560514], [98.15212409386207, 13.755692234421113]]]}, "id": "00220000000000022220", "properties": {"area_in_meters": 93.34962256070173, "bf_source": "microsoft", "boundary_id": 176, "confidence": null, "geometry_wkt": {"type": "Polygon", "coordinates": [[[98.15212409386207, 13.755692234421113], [98.15216752562227, 13.755759639913654], [98.15208458015258, 13.755810003904719], [98.15204123180385, 13.75574259560514], [98.15212409386207, 13.755692234421113]]]}}}, {"type": "Feature", "geometry": {"type": "Polygon", "coordinates": [[[98.14894139138033, 13.747889847500982], [98.14894305855329, 13.747953457345055], [98.14882518951852, 13.747956476547305], [98.14882343898972, 13.747892869441495], [98.14894139138033, 13.747889847500982]]]}, "id": "00220000000000022264", "properties": {"area_in_meters": 90.16963775490537, "bf_source": "microsoft", "boundary_id": 176, "confidence": null, "geometry_wkt": {"type": "Polygon", "coordinates": [[[98.14894139138033, 13.747889847500982], [98.14894305855329, 13.747953457345055], [98.14882518951852, 13.747956476547305], [98.14882343898972, 13.747892869441495], [98.14894139138033, 13.747889847500982]]]}}}, {"type": "Feature", "geometry": {"type": "Polygon", "coordinates": [[[98.14836255122748, 13.748584743218196], [98.14852601642221, 13.748588460088449], [98.14852393246791, 13.748677011527782], [98.14836038391985, 13.748673297437247], [98.14836255122748, 13.748584743218196]]]}, "id": "00220000000000022268", "properties": {"area_in_meters": 173.9706937256063, "bf_source": "microsoft", "boundary_id": 176, "confidence": null, "geometry_wkt": {"type": "Polygon", "coordinates": [[[98.14836255122748, 13.748584743218196], [98.14852601642221, 13.748588460088449], [98.14852393246791, 13.748677011527782], [98.14836038391985, 13.748673297437247], [98.14836255122748, 13.748584743218196]]]}}}, {"type": "Feature", "geometry": {"type": "Polygon", "coordinates": [[[98.14721772161107, 13.751251133832294], [98.1472962436459, 13.751206269150439], [98.14734667450897, 13.75128949113387], [98.14726815241991, 13.751334355870657], [98.14721772161107, 13.751251133832294]]]}, "id": "002200000000000222e6", "properties": {"area_in_meters": 105.63005369116352, "bf_source": "microsoft", "boundary_id": 176, "confidence": null, "geometry_wkt": {"type": "Polygon", "coordinates": [[[98.14721772161107, 13.751251133832294], [98.1472962436459, 13.751206269150439], [98.14734667450897, 13.75128949113387], [98.14726815241991, 13.751334355870657], [98.14721772161107, 13.751251133832294]]]}}}, {"type": "Feature", "geometry": {"type": "Polygon", "coordinates": [[[98.14966728208714, 13.751891091919283], [98.14953607439038, 13.751909900213809], [98.14952515431952, 13.751838526551897], [98.14965644535611, 13.751819627840527], [98.14966728208714, 13.751891091919283]]]}, "id": "00220000000000022606", "properties": {"area_in_meters": 114.98802884977079, "bf_source": "microsoft", "boundary_id": 176, "confidence": null, "geometry_wkt": {"type": "Polygon", "coordinates": [[[98.14966728208714, 13.751891091919283], [98.14953607439038, 13.751909900213809], [98.14952515431952, 13.751838526551897], [98.14965644535611, 13.751819627840527], [98.14966728208714, 13.751891091919283]]]}}}, {"type": "Feature", "geometry": {"type": "Polygon", "coordinates": [[[98.15624805880121, 13.775729958059417], [98.15630699928212, 13.775731512769648], [98.15630508183999, 13.775797972733196], [98.15624614136063, 13.77579641802937], [98.15624805880121, 13.775729958059417]]]}, "id": "00220000000000022623", "properties": {"area_in_meters": 47.08783595679613, "bf_source": "microsoft", "boundary_id": 176, "confidence": null, "geometry_wkt": {"type": "Polygon", "coordinates": [[[98.15624805880121, 13.775729958059417], [98.15630699928212, 13.775731512769648], [98.15630508183999, 13.775797972733196], [98.15624614136063, 13.77579641802937], [98.15624805880121, 13.775729958059417]]]}}}, {"type": "Feature", "geometry": {"type": "Polygon", "coordinates": [[[98.15453622121393, 13.7657678437959], [98.15457565288408, 13.765762503548867], [98.15458082151895, 13.765798203155425], [98.15454138984602, 13.765803631111199], [98.15453622121393, 13.7657678437959]]]}, "id": "0022000000000002275a", "properties": {"area_in_meters": 17.275763967038614, "bf_source": "microsoft", "boundary_id": 176, "confidence": null, "geometry_wkt": {"type": "Polygon", "coordinates": [[[98.15453622121393, 13.7657678437959], [98.15457565288408, 13.765762503548867], [98.15458082151895, 13.765798203155425], [98.15454138984602, 13.765803631111199], [98.15453622121393, 13.7657678437959]]]}}}, {"type": "Feature", "geometry": {"type": "Polygon", "coordinates": [[[98.15955838655788, 13.812360286684678], [98.1594366653519, 13.812365824320882], [98.15943466445707, 13.81232421743498], [98.1595563856597, 13.81231876754501], [98.15955838655788, 13.812360286684678]]]}, "id": "00220000000000022779", "properties": {"area_in_meters": 60.902467968561496, "bf_source": "microsoft", "boundary_id": 176, "confidence": null, "geometry_wkt": {"type": "Polygon", "coordinates": [[[98.15955838655788, 13.812360286684678], [98.1594366653519, 13.812365824320882], [98.15943466445707, 13.81232421743498], [98.1595563856597, 13.81231876754501], [98.15955838655788, 13.812360286684678]]]}}}, {"type": "Feature", "geometry": {"type": "Polygon", "coordinates": [[[98.1570402995364, 13.772571179940634], [98.15714959491774, 13.77260114958934], [98.15710924481132, 13.772739924945654], [98.15699994949031, 13.772709955272655], [98.1570402995364, 13.772571179940634]]]}, "id": "002200000000000227d2", "properties": {"area_in_meters": 196.65764025008778, "bf_source": "microsoft", "boundary_id": 176, "confidence": null, "geometry_wkt": {"type": "Polygon", "coordinates": [[[98.1570402995364, 13.772571179940634], [98.15714959491774, 13.77260114958934], [98.15710924481132, 13.772739924945654], [98.15699994949031, 13.772709955272655], [98.1570402995364, 13.772571179940634]]]}}}, {"type": "Feature", "geometry": {"type": "Polygon", "coordinates": [[[98.15649474212091, 13.772433053212266], [98.15642988241783, 13.772411609308069], [98.15646714756154, 13.77230530058705], [98.15653200729768, 13.77232683218248], [98.15649474212091, 13.772433053212266]]]}, "id": "002200000000000229ff", "properties": {"area_in_meters": 92.40196523373639, "bf_source": "microsoft", "boundary_id": 176, "confidence": null, "geometry_wkt": {"type": "Polygon", "coordinates": [[[98.15649474212091, 13.772433053212266], [98.15642988241783, 13.772411609308069], [98.15646714756154, 13.77230530058705], [98.15653200729768, 13.77232683218248], [98.15649474212091, 13.772433053212266]]]}}}, {"type": "Feature", "geometry": {"type": "Polygon", "coordinates": [[[98.1454682525648, 13.746776837200088], [98.14550434515154, 13.746861320470696], [98.14538181380951, 13.746910618116052], [98.14534580463787, 13.746826132022806], [98.1454682525648, 13.746776837200088]]]}, "id": "00220000000000022b22", "properties": {"area_in_meters": 145.68012810957524, "bf_source": "microsoft", "boundary_id": 176, "confidence": null, "geometry_wkt": {"type": "Polygon", "coordinates": [[[98.1454682525648, 13.746776837200088], [98.14550434515154, 13.746861320470696], [98.14538181380951, 13.746910618116052], [98.14534580463787, 13.746826132022806], [98.1454682525648, 13.746776837200088]]]}}}, {"type": "Feature", "geometry": {"type": "Polygon", "coordinates": [[[98.16486512788015, 13.824722342432647], [98.1646603547255, 13.824794701737149], [98.16462625371429, 13.824703621470062], [98.16483094339672, 13.824631352795459], [98.16486512788015, 13.824722342432647]]]}, "id": "00220000000000022c94", "properties": {"area_in_meters": 253.4649961666033, "bf_source": "microsoft", "boundary_id": 176, "confidence": null, "geometry_wkt": {"type": "Polygon", "coordinates": [[[98.16486512788015, 13.824722342432647], [98.1646603547255, 13.824794701737149], [98.16462625371429, 13.824703621470062], [98.16483094339672, 13.824631352795459], [98.16486512788015, 13.824722342432647]]]}}}, {"type": "Feature", "geometry": {"type": "Polygon", "coordinates": [[[98.16057409956251, 13.802242314467073], [98.16048189028093, 13.802237745725513], [98.16048722607707, 13.802137560121498], [98.16057935199343, 13.802142131645345], [98.16057409956251, 13.802242314467073]]]}, "id": "00220000000000022cd9", "properties": {"area_in_meters": 111.2503363851914, "bf_source": "microsoft", "boundary_id": 176, "confidence": null, "geometry_wkt": {"type": "Polygon", "coordinates": [[[98.16057409956251, 13.802242314467073], [98.16048189028093, 13.802237745725513], [98.16048722607707, 13.802137560121498], [98.16057935199343, 13.802142131645345], [98.16057409956251, 13.802242314467073]]]}}}, {"type": "Feature", "geometry": {"type": "Polygon", "coordinates": [[[98.14905450915221, 13.751040453426045], [98.14897840262907, 13.751038409538316], [98.14898115346588, 13.750938083437918], [98.14905734335065, 13.750940036887368], [98.14905450915221, 13.751040453426045]]]}, "id": "00220000000000022df4", "properties": {"area_in_meters": 91.87409998262814, "bf_source": "microsoft", "boundary_id": 176, "confidence": null, "geometry_wkt": {"type": "Polygon", "coordinates": [[[98.14905450915221, 13.751040453426045], [98.14897840262907, 13.751038409538316], [98.14898115346588, 13.750938083437918], [98.14905734335065, 13.750940036887368], [98.14905450915221, 13.751040453426045]]]}}}, {"type": "Feature", "geometry": {"type": "Polygon", "coordinates": [[[98.15380803129901, 13.756288632055673], [98.15375676233398, 13.756299361559337], [98.15374517471925, 13.75624703884966], [98.15379636031193, 13.756236312116815], [98.15380803129901, 13.756288632055673]]]}, "id": "00220000000000022eb2", "properties": {"area_in_meters": 33.683199806842794, "bf_source": "microsoft", "boundary_id": 176, "confidence": null, "geometry_wkt": {"type": "Polygon", "coordinates": [[[98.15380803129901, 13.756288632055673], [98.15375676233398, 13.756299361559337], [98.15374517471925, 13.75624703884966], [98.15379636031193, 13.756236312116815], [98.15380803129901, 13.756288632055673]]]}}}, {"type": "Feature", "geometry": {"type": "Polygon", "coordinates": [[[98.14276077594343, 13.744685361861825], [98.14264516737646, 13.74472697463281], [98.14261807815687, 13.744655961957806], [98.14273368668096, 13.744614349237574], [98.14276077594343, 13.744685361861825]]]}, "id": "00220000000000023073", "properties": {"area_in_meters": 112.1136381719029, "bf_source": "microsoft", "boundary_id": 176, "confidence": null, "geometry_wkt": {"type": "Polygon", "coordinates": [[[98.14276077594343, 13.744685361861825], [98.14264516737646, 13.74472697463281], [98.14261807815687, 13.744655961957806], [98.14273368668096, 13.744614349237574], [98.14276077594343, 13.744685361861825]]]}}}, {"type": "Feature", "geometry": {"type": "Polygon", "coordinates": [[[98.15199154795889, 13.753887084016515], [98.15194986690695, 13.753899512572445], [98.151937362596, 13.753859936753582], [98.15197904364081, 13.75384750820672], [98.15199154795889, 13.753887084016515]]]}, "id": "002200000000000230c2", "properties": {"area_in_meters": 21.699840869770604, "bf_source": "microsoft", "boundary_id": 176, "confidence": null, "geometry_wkt": {"type": "Polygon", "coordinates": [[[98.15199154795889, 13.753887084016515], [98.15194986690695, 13.753899512572445], [98.151937362596, 13.753859936753582], [98.15197904364081, 13.75384750820672], [98.15199154795889, 13.753887084016515]]]}}}, {"type": "Feature", "geometry": {"type": "Polygon", "coordinates": [[[98.14949056021264, 13.746972058430938], [98.14959134164434, 13.746952942510578], [98.14960392891315, 13.747015752391], [98.1495031474641, 13.747034780646201], [98.14949056021264, 13.746972058430938]]]}, "id": "0022000000000002310a", "properties": {"area_in_meters": 78.83141105366272, "bf_source": "microsoft", "boundary_id": 176, "confidence": null, "geometry_wkt": {"type": "Polygon", "coordinates": [[[98.14949056021264, 13.746972058430938], [98.14959134164434, 13.746952942510578], [98.14960392891315, 13.747015752391], [98.1495031474641, 13.747034780646201], [98.14949056021264, 13.746972058430938]]]}}}, {"type": "Feature", "geometry": {"type": "Polygon", "coordinates": [[[98.16248967780714, 13.825045858719367], [98.1623812915568, 13.82504420150183], [98.16238295903636, 13.824937452631103], [98.16249134528918, 13.824939109869245], [98.16248967780714, 13.825045858719367]]]}, "id": "00220000000000023235", "properties": {"area_in_meters": 138.96805089259436, "bf_source": "microsoft", "boundary_id": 176, "confidence": null, "geometry_wkt": {"type": "Polygon", "coordinates": [[[98.16248967780714, 13.825045858719367], [98.1623812915568, 13.82504420150183], [98.16238295903636, 13.824937452631103], [98.16249134528918, 13.824939109869245], [98.16248967780714, 13.825045858719367]]]}}}, {"type": "Feature", "geometry": {"type": "Polygon", "coordinates": [[[98.15641020776349, 13.774523489767452], [98.15654426229287, 13.774525010759753], [98.15654367872162, 13.774577129291908], [98.15640954082613, 13.774575611075582], [98.15641020776349, 13.774523489767452]]]}, "id": "00220000000000023262", "properties": {"area_in_meters": 83.89805119960845, "bf_source": "microsoft", "boundary_id": 176, "confidence": null, "geometry_wkt": {"type": "Polygon", "coordinates": [[[98.15641020776349, 13.774523489767452], [98.15654426229287, 13.774525010759753], [98.15654367872162, 13.774577129291908], [98.15640954082613, 13.774575611075582], [98.15641020776349, 13.774523489767452]]]}}}, {"type": "Feature", "geometry": {"type": "Polygon", "coordinates": [[[98.16278590658622, 13.764383580614355], [98.16278373885085, 13.764438202677193], [98.16272646063594, 13.764436067096012], [98.16272871174397, 13.764381442264776], [98.16278590658622, 13.764383580614355]]]}, "id": "00220000000000023360", "properties": {"area_in_meters": 37.62628144303077, "bf_source": "microsoft", "boundary_id": 176, "confidence": null, "geometry_wkt": {"type": "Polygon", "coordinates": [[[98.16278590658622, 13.764383580614355], [98.16278373885085, 13.764438202677193], [98.16272646063594, 13.764436067096012], [98.16272871174397, 13.764381442264776], [98.16278590658622, 13.764383580614355]]]}}}, {"type": "Feature", "geometry": {"type": "Polygon", "coordinates": [[[98.16321261820585, 13.824722950949466], [98.16316067564621, 13.824743017661861], [98.16314408404988, 13.824702594867532], [98.16319602659772, 13.824682528168692], [98.16321261820585, 13.824722950949466]]]}, "id": "0022000000000002337f", "properties": {"area_in_meters": 29.23823041028191, "bf_source": "microsoft", "boundary_id": 176, "confidence": null, "geometry_wkt": {"type": "Polygon", "coordinates": [[[98.16321261820585, 13.824722950949466], [98.16316067564621, 13.824743017661861], [98.16314408404988, 13.824702594867532], [98.16319602659772, 13.824682528168692], [98.16321261820585, 13.824722950949466]]]}}}, {"type": "Feature", "geometry": {"type": "Polygon", "coordinates": [[[98.14565196651763, 13.751698655958734], [98.1455942015997, 13.751748534707803], [98.14553827053224, 13.751687505260206], [98.14559603540593, 13.751637538854718], [98.14565196651763, 13.751698655958734]]]}, "id": "002200000000000234b0", "properties": {"area_in_meters": 75.95862173196605, "bf_source": "microsoft", "boundary_id": 176, "confidence": null, "geometry_wkt": {"type": "Polygon", "coordinates": [[[98.14565196651763, 13.751698655958734], [98.1455942015997, 13.751748534707803], [98.14553827053224, 13.751687505260206], [98.14559603540593, 13.751637538854718], [98.14565196651763, 13.751698655958734]]]}}}, {"type": "Feature", "geometry": {"type": "Polygon", "coordinates": [[[98.15195170087273, 13.751737407147866], [98.15200797029986, 13.751735896767567], [98.15201163823441, 13.751864336040313], [98.15190443458742, 13.751867268049608], [98.15190243389877, 13.751796915258442], [98.15195336811439, 13.751795581349171], [98.15195170087273, 13.751737407147866]]]}, "id": "00220000000000023678", "properties": {"area_in_meters": 129.94720109148295, "bf_source": "microsoft", "boundary_id": 176, "confidence": null, "geometry_wkt": {"type": "Polygon", "coordinates": [[[98.15195170087273, 13.751737407147866], [98.15200797029986, 13.751735896767567], [98.15201163823441, 13.751864336040313], [98.15190443458742, 13.751867268049608], [98.15190243389877, 13.751796915258442], [98.15195336811439, 13.751795581349171], [98.15195170087273, 13.751737407147866]]]}}}, {"type": "Feature", "geometry": {"type": "Polygon", "coordinates": [[[98.1507718868494, 13.751250083158242], [98.15083890891192, 13.751250059108653], [98.15083890891192, 13.751312585408403], [98.15077188684941, 13.75131260946625], [98.1507718868494, 13.751250083158242]]]}, "id": "00220000000000023680", "properties": {"area_in_meters": 50.35556104947194, "bf_source": "microsoft", "boundary_id": 176, "confidence": null, "geometry_wkt": {"type": "Polygon", "coordinates": [[[98.1507718868494, 13.751250083158242], [98.15083890891192, 13.751250059108653], [98.15083890891192, 13.751312585408403], [98.15077188684941, 13.75131260946625], [98.1507718868494, 13.751250083158242]]]}}}, {"type": "Feature", "geometry": {"type": "Polygon", "coordinates": [[[98.16166577958685, 13.78266536403705], [98.16169887873934, 13.782667861916359], [98.16169562718466, 13.782708318052213], [98.16166252803363, 13.782705820174266], [98.16166577958685, 13.78266536403705]]]}, "id": "002200000000000237cb", "properties": {"area_in_meters": 16.16332162031499, "bf_source": "microsoft", "boundary_id": 176, "confidence": null, "geometry_wkt": {"type": "Polygon", "coordinates": [[[98.16166577958685, 13.78266536403705], [98.16169887873934, 13.782667861916359], [98.16169562718466, 13.782708318052213], [98.16166252803363, 13.782705820174266], [98.16166577958685, 13.78266536403705]]]}}}, {"type": "Feature", "geometry": {"type": "Polygon", "coordinates": [[[98.14663864505043, 13.75102165845349], [98.1466675695948, 13.7510706887121], [98.14655662277369, 13.751132585433728], [98.14652769827327, 13.75108355513017], [98.14663864505043, 13.75102165845349]]]}, "id": "00220000000000023893", "properties": {"area_in_meters": 86.79102872620601, "bf_source": "microsoft", "boundary_id": 176, "confidence": null, "geometry_wkt": {"type": "Polygon", "coordinates": [[[98.14663864505043, 13.75102165845349], [98.1466675695948, 13.7510706887121], [98.14655662277369, 13.751132585433728], [98.14652769827327, 13.75108355513017], [98.14663864505043, 13.75102165845349]]]}}}, {"type": "Feature", "geometry": {"type": "Polygon", "coordinates": [[[98.15949335739523, 13.812532388183598], [98.15959790430804, 13.812534527800093], [98.15959648700439, 13.81260221751024], [98.15949185672292, 13.812600080677282], [98.15949335739523, 13.812532388183598]]]}, "id": "00220000000000023a77", "properties": {"area_in_meters": 85.02001094148899, "bf_source": "microsoft", "boundary_id": 176, "confidence": null, "geometry_wkt": {"type": "Polygon", "coordinates": [[[98.15949335739523, 13.812532388183598], [98.15959790430804, 13.812534527800093], [98.15959648700439, 13.81260221751024], [98.15949185672292, 13.812600080677282], [98.15949335739523, 13.812532388183598]]]}}}, {"type": "Feature", "geometry": {"type": "Polygon", "coordinates": [[[98.15121186613908, 13.751702770258623], [98.15121745134223, 13.751609365912666], [98.15126821835774, 13.75161215935403], [98.1512626331507, 13.75170565138885], [98.15121186613908, 13.751702770258623]]]}, "id": "00220000000000023a84", "properties": {"area_in_meters": 57.213017389485124, "bf_source": "microsoft", "boundary_id": 176, "confidence": null, "geometry_wkt": {"type": "Polygon", "coordinates": [[[98.15121186613908, 13.751702770258623], [98.15121745134223, 13.751609365912666], [98.15126821835774, 13.75161215935403], [98.1512626331507, 13.75170565138885], [98.15121186613908, 13.751702770258623]]]}}}, {"type": "Feature", "geometry": {"type": "Polygon", "coordinates": [[[98.16482852547044, 13.82474154779274], [98.16496976584945, 13.825132468925203], [98.16469987523269, 13.82522445700285], [98.16466752511128, 13.825134985274207], [98.16482760832601, 13.825080433246583], [98.16471863497458, 13.824778986277364], [98.16482852547044, 13.82474154779274]]]}, "id": "00220000000000023b10", "properties": {"area_in_meters": 772.2858711731568, "bf_source": "microsoft", "boundary_id": 176, "confidence": null, "geometry_wkt": {"type": "Polygon", "coordinates": [[[98.16482852547044, 13.82474154779274], [98.16496976584945, 13.825132468925203], [98.16469987523269, 13.82522445700285], [98.16466752511128, 13.825134985274207], [98.16482760832601, 13.825080433246583], [98.16471863497458, 13.824778986277364], [98.16482852547044, 13.82474154779274]]]}}}, {"type": "Feature", "geometry": {"type": "Polygon", "coordinates": [[[98.16303611370331, 13.82506355791435], [98.16301768789175, 13.824948177382263], [98.16308847304839, 13.824937485973681], [98.16310681550297, 13.825052869249854], [98.16303611370331, 13.82506355791435]]]}, "id": "00220000000000023c52", "properties": {"area_in_meters": 100.32239594325698, "bf_source": "microsoft", "boundary_id": 176, "confidence": null, "geometry_wkt": {"type": "Polygon", "coordinates": [[[98.16303611370331, 13.82506355791435], [98.16301768789175, 13.824948177382263], [98.16308847304839, 13.824937485973681], [98.16310681550297, 13.825052869249854], [98.16303611370331, 13.82506355791435]]]}}}, {"type": "Feature", "geometry": {"type": "Polygon", "coordinates": [[[98.15162658947551, 13.743235106290957], [98.15168019107551, 13.743232983698098], [98.1516824418434, 13.74328762736406], [98.15162892360347, 13.743289747208529], [98.15162658947551, 13.743235106290957]]]}, "id": "00220000000000023da7", "properties": {"area_in_meters": 35.193114470783605, "bf_source": "microsoft", "boundary_id": 176, "confidence": null, "geometry_wkt": {"type": "Polygon", "coordinates": [[[98.15162658947551, 13.743235106290957], [98.15168019107551, 13.743232983698098], [98.1516824418434, 13.74328762736406], [98.15162892360347, 13.743289747208529], [98.15162658947551, 13.743235106290957]]]}}}, {"type": "Feature", "geometry": {"type": "Polygon", "coordinates": [[[98.1502508007468, 13.750688179883811], [98.15025947020203, 13.750765415067786], [98.15014276608336, 13.750777692719302], [98.150134180002, 13.750700454749577], [98.1502508007468, 13.750688179883811]]]}, "id": "00220000000000023db8", "properties": {"area_in_meters": 109.48759137055718, "bf_source": "microsoft", "boundary_id": 176, "confidence": null, "geometry_wkt": {"type": "Polygon", "coordinates": [[[98.1502508007468, 13.750688179883811], [98.15025947020203, 13.750765415067786], [98.15014276608336, 13.750777692719302], [98.150134180002, 13.750700454749577], [98.1502508007468, 13.750688179883811]]]}}}, {"type": "Feature", "geometry": {"type": "Polygon", "coordinates": [[[98.1482244271742, 13.748446105587545], [98.14813064967676, 13.748448591355483], [98.14812764879882, 13.74834442329586], [98.14822142629242, 13.748341937550379], [98.1482244271742, 13.748446105587545]]]}, "id": "00220000000000023e21", "properties": {"area_in_meters": 117.40901753866632, "bf_source": "microsoft", "boundary_id": 176, "confidence": null, "geometry_wkt": {"type": "Polygon", "coordinates": [[[98.1482244271742, 13.748446105587545], [98.14813064967676, 13.748448591355483], [98.14812764879882, 13.74834442329586], [98.14822142629242, 13.748341937550379], [98.1482244271742, 13.748446105587545]]]}}}, {"type": "Feature", "geometry": {"type": "Polygon", "coordinates": [[[98.15911685635453, 13.796117875529593], [98.1591214417187, 13.796081932361055], [98.15916729537615, 13.796087427675213], [98.15916279337942, 13.796123368074792], [98.15911685635453, 13.796117875529593]]]}, "id": "00220000000000023ef3", "properties": {"area_in_meters": 20.102487006555975, "bf_source": "microsoft", "boundary_id": 176, "confidence": null, "geometry_wkt": {"type": "Polygon", "coordinates": [[[98.15911685635453, 13.796117875529593], [98.1591214417187, 13.796081932361055], [98.15916729537615, 13.796087427675213], [98.15916279337942, 13.796123368074792], [98.15911685635453, 13.796117875529593]]]}}}, {"type": "Feature", "geometry": {"type": "Polygon", "coordinates": [[[98.16012230854244, 13.800222255174146], [98.16004418958103, 13.800245991854869], [98.16001325883069, 13.800150082722642], [98.16009137775904, 13.800126346083523], [98.16012230854244, 13.800222255174146]]]}, "id": "00220000000000023fd4", "properties": {"area_in_meters": 98.82783826754144, "bf_source": "microsoft", "boundary_id": 176, "confidence": null, "geometry_wkt": {"type": "Polygon", "coordinates": [[[98.16012230854244, 13.800222255174146], [98.16004418958103, 13.800245991854869], [98.16001325883069, 13.800150082722642], [98.16009137775904, 13.800126346083523], [98.16012230854244, 13.800222255174146]]]}}}, {"type": "Feature", "geometry": {"type": "Polygon", "coordinates": [[[98.15661554138715, 13.77766266900942], [98.1565205026102, 13.777665205779847], [98.15651850179518, 13.777593612134124], [98.15661354056952, 13.777591075379329], [98.15661554138715, 13.77766266900942]]]}, "id": "00220000000000023ffa", "properties": {"area_in_meters": 81.80354865251533, "bf_source": "microsoft", "boundary_id": 176, "confidence": null, "geometry_wkt": {"type": "Polygon", "coordinates": [[[98.15661554138715, 13.77766266900942], [98.1565205026102, 13.777665205779847], [98.15651850179518, 13.777593612134124], [98.15661354056952, 13.777591075379329], [98.15661554138715, 13.77766266900942]]]}}}, {"type": "Feature", "geometry": {"type": "Polygon", "coordinates": [[[98.16321511945362, 13.824911686339805], [98.16328332017613, 13.824901870576296], [98.16329724380333, 13.82499265785055], [98.16322904306784, 13.825002561378192], [98.16321511945362, 13.824911686339805]]]}, "id": "0022000000000002405f", "properties": {"area_in_meters": 76.01482818264984, "bf_source": "microsoft", "boundary_id": 176, "confidence": null, "geometry_wkt": {"type": "Polygon", "coordinates": [[[98.16321511945362, 13.824911686339805], [98.16328332017613, 13.824901870576296], [98.16329724380333, 13.82499265785055], [98.16322904306784, 13.825002561378192], [98.16321511945362, 13.824911686339805]]]}}}, {"type": "Feature", "geometry": {"type": "Polygon", "coordinates": [[[98.1553367799881, 13.779071171265391], [98.1553393643324, 13.778980040293787], [98.15543848651036, 13.778982718792957], [98.15543598552861, 13.77907375927393], [98.1553367799881, 13.779071171265391]]]}, "id": "0022000000000002406a", "properties": {"area_in_meters": 108.57864537089536, "bf_source": "microsoft", "boundary_id": 176, "confidence": null, "geometry_wkt": {"type": "Polygon", "coordinates": [[[98.1553367799881, 13.779071171265391], [98.1553393643324, 13.778980040293787], [98.15543848651036, 13.778982718792957], [98.15543598552861, 13.77907375927393], [98.1553367799881, 13.779071171265391]]]}}}, {"type": "Feature", "geometry": {"type": "Polygon", "coordinates": [[[98.15359978782413, 13.756357525623612], [98.15368907068245, 13.75626055926449], [98.15374867601271, 13.756312345298829], [98.15365939308158, 13.75640931171822], [98.15359978782413, 13.756357525623612]]]}, "id": "002200000000000240a5", "properties": {"area_in_meters": 124.99946370721247, "bf_source": "microsoft", "boundary_id": 176, "confidence": null, "geometry_wkt": {"type": "Polygon", "coordinates": [[[98.15359978782413, 13.756357525623612], [98.15368907068245, 13.75626055926449], [98.15374867601271, 13.756312345298829], [98.15365939308158, 13.75640931171822], [98.15359978782413, 13.756357525623612]]]}}}, {"type": "Feature", "geometry": {"type": "Polygon", "coordinates": [[[98.16376631317634, 13.824630555627008], [98.1637782358818, 13.824685435471979], [98.16373463047199, 13.82469443264145], [98.16372270777364, 13.824639552785868], [98.16376631317634, 13.824630555627008]]]}, "id": "00220000000000024137", "properties": {"area_in_meters": 30.020284429300983, "bf_source": "microsoft", "boundary_id": 176, "confidence": null, "geometry_wkt": {"type": "Polygon", "coordinates": [[[98.16376631317634, 13.824630555627008], [98.1637782358818, 13.824685435471979], [98.16373463047199, 13.82469443264145], [98.16372270777364, 13.824639552785868], [98.16376631317634, 13.824630555627008]]]}}}, {"type": "Feature", "geometry": {"type": "Polygon", "coordinates": [[[98.15729073709743, 13.760313056911297], [98.15734500979784, 13.760306436097425], [98.15734976178734, 13.760343638726729], [98.15729548908341, 13.760350259547574], [98.15729073709743, 13.760313056911297]]]}, "id": "002200000000000243ed", "properties": {"area_in_meters": 24.634088830669477, "bf_source": "microsoft", "boundary_id": 176, "confidence": null, "geometry_wkt": {"type": "Polygon", "coordinates": [[[98.15729073709743, 13.760313056911297], [98.15734500979784, 13.760306436097425], [98.15734976178734, 13.760343638726729], [98.15729548908341, 13.760350259547574], [98.15729073709743, 13.760313056911297]]]}}}, {"type": "Feature", "geometry": {"type": "Polygon", "coordinates": [[[98.14958158859649, 13.746611792616836], [98.1494770560115, 13.74661480942159], [98.14947497203009, 13.746544461798026], [98.1495794212527, 13.746541535457485], [98.14958158859649, 13.746611792616836]]]}, "id": "0022000000000002443a", "properties": {"area_in_meters": 88.30125999546752, "bf_source": "microsoft", "boundary_id": 176, "confidence": null, "geometry_wkt": {"type": "Polygon", "coordinates": [[[98.14958158859649, 13.746611792616836], [98.1494770560115, 13.74661480942159], [98.14947497203009, 13.746544461798026], [98.1495794212527, 13.746541535457485], [98.14958158859649, 13.746611792616836]]]}}}, {"type": "Feature", "geometry": {"type": "Polygon", "coordinates": [[[98.16599280790476, 13.773871966816333], [98.16602490847784, 13.773870813925186], [98.1660266594186, 13.773915047859415], [98.16599455884474, 13.773916200753998], [98.16599280790476, 13.773871966816333]]]}, "id": "002200000000000245d4", "properties": {"area_in_meters": 17.09266640732075, "bf_source": "microsoft", "boundary_id": 176, "confidence": null, "geometry_wkt": {"type": "Polygon", "coordinates": [[[98.16599280790476, 13.773871966816333], [98.16602490847784, 13.773870813925186], [98.1660266594186, 13.773915047859415], [98.16599455884474, 13.773916200753998], [98.16599280790476, 13.773871966816333]]]}}}, {"type": "Feature", "geometry": {"type": "Polygon", "coordinates": [[[98.15606773623887, 13.776173783810457], [98.15606573543623, 13.776235071883551], [98.15593443288307, 13.776231003946691], [98.1559364336821, 13.77616980357112], [98.15606773623887, 13.776173783810457]]]}, "id": "00220000000000024632", "properties": {"area_in_meters": 96.66912604041264, "bf_source": "microsoft", "boundary_id": 176, "confidence": null, "geometry_wkt": {"type": "Polygon", "coordinates": [[[98.15606773623887, 13.776173783810457], [98.15606573543623, 13.776235071883551], [98.15593443288307, 13.776231003946691], [98.1559364336821, 13.77616980357112], [98.15606773623887, 13.776173783810457]]]}}}, {"type": "Feature", "geometry": {"type": "Polygon", "coordinates": [[[98.1572678108536, 13.769826575471168], [98.15727264620625, 13.769733008565707], [98.15739836548728, 13.769739191782524], [98.15739353012633, 13.769832670966249], [98.1572678108536, 13.769826575471168]]]}, "id": "00220000000000024994", "properties": {"area_in_meters": 141.6225912557296, "bf_source": "microsoft", "boundary_id": 176, "confidence": null, "geometry_wkt": {"type": "Polygon", "coordinates": [[[98.1572678108536, 13.769826575471168], [98.15727264620625, 13.769733008565707], [98.15739836548728, 13.769739191782524], [98.15739353012633, 13.769832670966249], [98.1572678108536, 13.769826575471168]]]}}}, {"type": "Feature", "geometry": {"type": "Polygon", "coordinates": [[[98.14708535132308, 13.750568856900244], [98.14715495405795, 13.750545684933291], [98.14718296188374, 13.750624999956731], [98.14711335912219, 13.750648171956165], [98.14708535132308, 13.750568856900244]]]}, "id": "002200000000000249d5", "properties": {"area_in_meters": 74.04314114069763, "bf_source": "microsoft", "boundary_id": 176, "confidence": null, "geometry_wkt": {"type": "Polygon", "coordinates": [[[98.14708535132308, 13.750568856900244], [98.14715495405795, 13.750545684933291], [98.14718296188374, 13.750624999956731], [98.14711335912219, 13.750648171956165], [98.14708535132308, 13.750568856900244]]]}}}, {"type": "Feature", "geometry": {"type": "Polygon", "coordinates": [[[98.15034141327676, 13.748425319238118], [98.15034733185438, 13.748581480026356], [98.15028839618029, 13.74858351625213], [98.1502825609676, 13.748427440378654], [98.15034141327676, 13.748425319238118]]]}, "id": "00220000000000024c4e", "properties": {"area_in_meters": 110.63718961692041, "bf_source": "microsoft", "boundary_id": 176, "confidence": null, "geometry_wkt": {"type": "Polygon", "coordinates": [[[98.15034141327676, 13.748425319238118], [98.15034733185438, 13.748581480026356], [98.15028839618029, 13.74858351625213], [98.1502825609676, 13.748427440378654], [98.15034141327676, 13.748425319238118]]]}}}, {"type": "Feature", "geometry": {"type": "Polygon", "coordinates": [[[98.15153414139621, 13.753955095780888], [98.15156323460243, 13.753998069267782], [98.15152213732597, 13.75402442219025], [98.15149296077458, 13.75398145144481], [98.15153414139621, 13.753955095780888]]]}, "id": "00220000000000024d03", "properties": {"area_in_meters": 30.42576868684028, "bf_source": "microsoft", "boundary_id": 176, "confidence": null, "geometry_wkt": {"type": "Polygon", "coordinates": [[[98.15153414139621, 13.753955095780888], [98.15156323460243, 13.753998069267782], [98.15152213732597, 13.75402442219025], [98.15149296077458, 13.75398145144481], [98.15153414139621, 13.753955095780888]]]}}}, {"type": "Feature", "geometry": {"type": "Polygon", "coordinates": [[[98.15374175679005, 13.756397465485774], [98.1538188686458, 13.756317301276008], [98.15387547296791, 13.756368748107892], [98.15379844441664, 13.756448821911462], [98.15374175679005, 13.756397465485774]]]}, "id": "00220000000000024d48", "properties": {"area_in_meters": 102.05625303614157, "bf_source": "microsoft", "boundary_id": 176, "confidence": null, "geometry_wkt": {"type": "Polygon", "coordinates": [[[98.15374175679005, 13.756397465485774], [98.1538188686458, 13.756317301276008], [98.15387547296791, 13.756368748107892], [98.15379844441664, 13.756448821911462], [98.15374175679005, 13.756397465485774]]]}}}, {"type": "Feature", "geometry": {"type": "Polygon", "coordinates": [[[98.14960342875675, 13.749802739545078], [98.14960734664876, 13.749891180884303], [98.14944938074292, 13.74989780660755], [98.14944546285938, 13.7498093652336], [98.14960342875675, 13.749802739545078]]]}, "id": "00220000000000024e10", "properties": {"area_in_meters": 168.04614303438203, "bf_source": "microsoft", "boundary_id": 176, "confidence": null, "geometry_wkt": {"type": "Polygon", "coordinates": [[[98.14960342875675, 13.749802739545078], [98.14960734664876, 13.749891180884303], [98.14944938074292, 13.74989780660755], [98.14944546285938, 13.7498093652336], [98.14960342875675, 13.749802739545078]]]}}}, {"type": "Feature", "geometry": {"type": "Polygon", "coordinates": [[[98.15668740412333, 13.766278329255462], [98.15667081399583, 13.766330623970047], [98.15663513272933, 13.766319966010338], [98.15665172284874, 13.76626758359579], [98.15668740412333, 13.766278329255462]]]}, "id": "00220000000000024f0d", "properties": {"area_in_meters": 24.553391631417497, "bf_source": "microsoft", "boundary_id": 176, "confidence": null, "geometry_wkt": {"type": "Polygon", "coordinates": [[[98.15668740412333, 13.766278329255462], [98.15667081399583, 13.766330623970047], [98.15663513272933, 13.766319966010338], [98.15665172284874, 13.76626758359579], [98.15668740412333, 13.766278329255462]]]}}}, {"type": "Feature", "geometry": {"type": "Polygon", "coordinates": [[[98.15866765880088, 13.780849436904468], [98.15861813719049, 13.780852921400465], [98.15861421881533, 13.780799897372322], [98.15866374042308, 13.780796412883756], [98.15866765880088, 13.780849436904468]]]}, "id": "00220000000000024f7f", "properties": {"area_in_meters": 31.67229757845024, "bf_source": "microsoft", "boundary_id": 176, "confidence": null, "geometry_wkt": {"type": "Polygon", "coordinates": [[[98.15866765880088, 13.780849436904468], [98.15861813719049, 13.780852921400465], [98.15861421881533, 13.780799897372322], [98.15866374042308, 13.780796412883756], [98.15866765880088, 13.780849436904468]]]}}}, {"type": "Feature", "geometry": {"type": "Polygon", "coordinates": [[[98.15675910019503, 13.777692818661338], [98.15676326857344, 13.777730133115679], [98.15672883777478, 13.777733818227222], [98.1567245860308, 13.77769650653256], [98.15675910019503, 13.777692818661338]]]}, "id": "00220000000000024f8a", "properties": {"area_in_meters": 15.646141674524046, "bf_source": "microsoft", "boundary_id": 176, "confidence": null, "geometry_wkt": {"type": "Polygon", "coordinates": [[[98.15675910019503, 13.777692818661338], [98.15676326857344, 13.777730133115679], [98.15672883777478, 13.777733818227222], [98.1567245860308, 13.77769650653256], [98.15675910019503, 13.777692818661338]]]}}}, {"type": "Feature", "geometry": {"type": "Polygon", "coordinates": [[[98.1690290841859, 13.76639310048311], [98.16903392031617, 13.766425038789585], [98.16894720354593, 13.766437387687496], [98.16894245080285, 13.766405446604315], [98.1690290841859, 13.76639310048311]]]}, "id": "00220000000000024ff2", "properties": {"area_in_meters": 33.9314460083657, "bf_source": "microsoft", "boundary_id": 176, "confidence": null, "geometry_wkt": {"type": "Polygon", "coordinates": [[[98.1690290841859, 13.76639310048311], [98.16903392031617, 13.766425038789585], [98.16894720354593, 13.766437387687496], [98.16894245080285, 13.766405446604315], [98.1690290841859, 13.76639310048311]]]}}}, {"type": "Feature", "geometry": {"type": "Polygon", "coordinates": [[[98.15014076544296, 13.74907579579076], [98.15014493344387, 13.749151161964312], [98.15004448468805, 13.749156412293338], [98.15004031669288, 13.749081046100015], [98.15014076544296, 13.74907579579076]]]}, "id": "00220000000000025051", "properties": {"area_in_meters": 91.12233962340315, "bf_source": "microsoft", "boundary_id": 176, "confidence": null, "geometry_wkt": {"type": "Polygon", "coordinates": [[[98.15014076544296, 13.74907579579076], [98.15014493344387, 13.749151161964312], [98.15004448468805, 13.749156412293338], [98.15004031669288, 13.749081046100015], [98.15014076544296, 13.74907579579076]]]}}}, {"type": "Feature", "geometry": {"type": "Polygon", "coordinates": [[[98.15005982291235, 13.752609666960165], [98.15013693088233, 13.752574669602172], [98.15018461282448, 13.75267403046763], [98.15010750480418, 13.75270894018495], [98.15005982291235, 13.752609666960165]]]}, "id": "002200000000000250a2", "properties": {"area_in_meters": 111.93082918717181, "bf_source": "microsoft", "boundary_id": 176, "confidence": null, "geometry_wkt": {"type": "Polygon", "coordinates": [[[98.15005982291235, 13.752609666960165], [98.15013693088233, 13.752574669602172], [98.15018461282448, 13.75267403046763], [98.15010750480418, 13.75270894018495], [98.15005982291235, 13.752609666960165]]]}}}, {"type": "Feature", "geometry": {"type": "Polygon", "coordinates": [[[98.15970470238528, 13.801766505835214], [98.15963208634545, 13.801800938198829], [98.15958348116045, 13.801704211398041], [98.15965601378115, 13.80166978185577], [98.15970470238528, 13.801766505835214]]]}, "id": "002200000000000250b8", "properties": {"area_in_meters": 104.43973167519415, "bf_source": "microsoft", "boundary_id": 176, "confidence": null, "geometry_wkt": {"type": "Polygon", "coordinates": [[[98.15970470238528, 13.801766505835214], [98.15963208634545, 13.801800938198829], [98.15958348116045, 13.801704211398041], [98.15965601378115, 13.80166978185577], [98.15970470238528, 13.801766505835214]]]}}}, {"type": "Feature", "geometry": {"type": "Polygon", "coordinates": [[[98.14252314094055, 13.74502415804487], [98.14264475061914, 13.74499813153488], [98.14265975388346, 13.745064194270672], [98.14253814417988, 13.745090308509123], [98.14252314094055, 13.74502415804487]]]}, "id": "002200000000000251b2", "properties": {"area_in_meters": 101.24820534096276, "bf_source": "microsoft", "boundary_id": 176, "confidence": null, "geometry_wkt": {"type": "Polygon", "coordinates": [[[98.14252314094055, 13.74502415804487], [98.14264475061914, 13.74499813153488], [98.14265975388346, 13.745064194270672], [98.14253814417988, 13.745090308509123], [98.14252314094055, 13.74502415804487]]]}}}, {"type": "Feature", "geometry": {"type": "Polygon", "coordinates": [[[98.15973821750491, 13.801240350678244], [98.15985727133767, 13.801215078528767], [98.15987019385919, 13.801272285311214], [98.15975105663442, 13.80129756026084], [98.15973821750491, 13.801240350678244]]]}, "id": "002200000000000251f2", "properties": {"area_in_meters": 85.65558468667592, "bf_source": "microsoft", "boundary_id": 176, "confidence": null, "geometry_wkt": {"type": "Polygon", "coordinates": [[[98.15973821750491, 13.801240350678244], [98.15985727133767, 13.801215078528767], [98.15987019385919, 13.801272285311214], [98.15975105663442, 13.80129756026084], [98.15973821750491, 13.801240350678244]]]}}}, {"type": "Feature", "geometry": {"type": "Polygon", "coordinates": [[[98.15738135835704, 13.771145335169782], [98.15745622310703, 13.771149607469317], [98.15745347195119, 13.771195043002662], [98.157378607204, 13.771190770707383], [98.15738135835704, 13.771145335169782]]]}, "id": "0022000000000002531e", "properties": {"area_in_meters": 40.97181160127361, "bf_source": "microsoft", "boundary_id": 176, "confidence": null, "geometry_wkt": {"type": "Polygon", "coordinates": [[[98.15738135835704, 13.771145335169782], [98.15745622310703, 13.771149607469317], [98.15745347195119, 13.771195043002662], [98.157378607204, 13.771190770707383], [98.15738135835704, 13.771145335169782]]]}}}, {"type": "Feature", "geometry": {"type": "Polygon", "coordinates": [[[98.14984425446819, 13.751817539256596], [98.1498028247202, 13.75183039729334], [98.14978656959411, 13.751780685453832], [98.14982799933289, 13.75176791512384], [98.14984425446819, 13.751817539256596]]]}, "id": "002200000000000254d3", "properties": {"area_in_meters": 27.199492759408628, "bf_source": "microsoft", "boundary_id": 176, "confidence": null, "geometry_wkt": {"type": "Polygon", "coordinates": [[[98.14984425446819, 13.751817539256596], [98.1498028247202, 13.75183039729334], [98.14978656959411, 13.751780685453832], [98.14982799933289, 13.75176791512384], [98.14984425446819, 13.751817539256596]]]}}}, {"type": "Feature", "geometry": {"type": "Polygon", "coordinates": [[[98.15178205923242, 13.751694347500335], [98.15178456008913, 13.75162831832621], [98.1518916801982, 13.75163222937669], [98.15188917933784, 13.751698170845339], [98.15178205923242, 13.751694347500335]]]}, "id": "002200000000000254ec", "properties": {"area_in_meters": 85.0055456143732, "bf_source": "microsoft", "boundary_id": 176, "confidence": null, "geometry_wkt": {"type": "Polygon", "coordinates": [[[98.15178205923242, 13.751694347500335], [98.15178456008913, 13.75162831832621], [98.1518916801982, 13.75163222937669], [98.15188917933784, 13.751698170845339], [98.15178205923242, 13.751694347500335]]]}}}, {"type": "Feature", "geometry": {"type": "Polygon", "coordinates": [[[98.15155889979734, 13.751667264324912], [98.15156290115588, 13.751766139450996], [98.15150129693092, 13.751768440038754], [98.15149729557575, 13.751669564897844], [98.15155889979734, 13.751667264324912]]]}, "id": "0022000000000002550c", "properties": {"area_in_meters": 73.24167526188337, "bf_source": "microsoft", "boundary_id": 176, "confidence": null, "geometry_wkt": {"type": "Polygon", "coordinates": [[[98.15155889979734, 13.751667264324912], [98.15156290115588, 13.751766139450996], [98.15150129693092, 13.751768440038754], [98.15149729557575, 13.751669564897844], [98.15155889979734, 13.751667264324912]]]}}}, {"type": "Feature", "geometry": {"type": "Polygon", "coordinates": [[[98.14795701574823, 13.750923445801577], [98.14792275581398, 13.750928086144775], [98.14791383656366, 13.750865416039028], [98.14794801313622, 13.750860778459161], [98.14795701574823, 13.750923445801577]]]}, "id": "00220000000000025537", "properties": {"area_in_meters": 26.265144694861974, "bf_source": "microsoft", "boundary_id": 176, "confidence": null, "geometry_wkt": {"type": "Polygon", "coordinates": [[[98.14795701574823, 13.750923445801577], [98.14792275581398, 13.750928086144775], [98.14791383656366, 13.750865416039028], [98.14794801313622, 13.750860778459161], [98.14795701574823, 13.750923445801577]]]}}}, {"type": "Feature", "geometry": {"type": "Polygon", "coordinates": [[[98.15613284572116, 13.775145595502021], [98.15612984451455, 13.775085877085527], [98.15620212360787, 13.775082428891073], [98.15620512481745, 13.775142147296538], [98.15613284572116, 13.775145595502021]]]}, "id": "00220000000000025590", "properties": {"area_in_meters": 51.98190396232429, "bf_source": "microsoft", "boundary_id": 176, "confidence": null, "geometry_wkt": {"type": "Polygon", "coordinates": [[[98.15613284572116, 13.775145595502021], [98.15612984451455, 13.775085877085527], [98.15620212360787, 13.775082428891073], [98.15620512481745, 13.775142147296538], [98.15613284572116, 13.775145595502021]]]}}}, {"type": "Feature", "geometry": {"type": "Polygon", "coordinates": [[[98.15848266157589, 13.796449822891029], [98.1585431045114, 13.796441412278787], [98.15855702723603, 13.796535866507844], [98.15849650091947, 13.796544279909005], [98.15848266157589, 13.796449822891029]]]}, "id": "00220000000000025597", "properties": {"area_in_meters": 69.9670447788523, "bf_source": "microsoft", "boundary_id": 176, "confidence": null, "geometry_wkt": {"type": "Polygon", "coordinates": [[[98.15848266157589, 13.796449822891029], [98.1585431045114, 13.796441412278787], [98.15855702723603, 13.796535866507844], [98.15849650091947, 13.796544279909005], [98.15848266157589, 13.796449822891029]]]}}}, {"type": "Feature", "geometry": {"type": "Polygon", "coordinates": [[[98.1556159730673, 13.774909859990291], [98.15561313861443, 13.774976350016427], [98.15551568352255, 13.77497229999644], [98.15551860133779, 13.774905894907459], [98.1556159730673, 13.774909859990291]]]}, "id": "002200000000000255c5", "properties": {"area_in_meters": 77.8458935257051, "bf_source": "microsoft", "boundary_id": 176, "confidence": null, "geometry_wkt": {"type": "Polygon", "coordinates": [[[98.1556159730673, 13.774909859990291], [98.15561313861443, 13.774976350016427], [98.15551568352255, 13.77497229999644], [98.15551860133779, 13.774905894907459], [98.1556159730673, 13.774909859990291]]]}}}, {"type": "Feature", "geometry": {"type": "Polygon", "coordinates": [[[98.15955888678242, 13.794104274478151], [98.15956005397305, 13.794177219990287], [98.15943833276432, 13.794179068212223], [98.15943716557564, 13.79410612268094], [98.15955888678242, 13.794104274478151]]]}, "id": "0022000000000002560b", "properties": {"area_in_meters": 106.59974977759893, "bf_source": "microsoft", "boundary_id": 176, "confidence": null, "geometry_wkt": {"type": "Polygon", "coordinates": [[[98.15955888678242, 13.794104274478151], [98.15956005397305, 13.794177219990287], [98.15943833276432, 13.794179068212223], [98.15943716557564, 13.79410612268094], [98.15955888678242, 13.794104274478151]]]}}}, {"type": "Feature", "geometry": {"type": "Polygon", "coordinates": [[[98.1484199015448, 13.74793479565447], [98.14841773423548, 13.747994586148707], [98.14833470966524, 13.747991805684176], [98.1483368769721, 13.747931927489393], [98.1484199015448, 13.74793479565447]]]}, "id": "00220000000000025636", "properties": {"area_in_meters": 59.76681576425562, "bf_source": "microsoft", "boundary_id": 176, "confidence": null, "geometry_wkt": {"type": "Polygon", "coordinates": [[[98.1484199015448, 13.74793479565447], [98.14841773423548, 13.747994586148707], [98.14833470966524, 13.747991805684176], [98.1483368769721, 13.747931927489393], [98.1484199015448, 13.74793479565447]]]}}}, {"type": "Feature", "geometry": {"type": "Polygon", "coordinates": [[[98.14910960932414, 13.749632979071954], [98.14919330164663, 13.749624073670848], [98.14920330471949, 13.749713015345778], [98.14911969574437, 13.749721918015398], [98.14910960932414, 13.749632979071954]]]}, "id": "0022000000000002567f", "properties": {"area_in_meters": 90.49356234708648, "bf_source": "microsoft", "boundary_id": 176, "confidence": null, "geometry_wkt": {"type": "Polygon", "coordinates": [[[98.14910960932414, 13.749632979071954], [98.14919330164663, 13.749624073670848], [98.14920330471949, 13.749713015345778], [98.14911969574437, 13.749721918015398], [98.14910960932414, 13.749632979071954]]]}}}, {"type": "Feature", "geometry": {"type": "Polygon", "coordinates": [[[98.15902765023617, 13.799314514461065], [98.15907016902666, 13.799389686304897], [98.15897120866423, 13.799442449758308], [98.15892877330131, 13.799367275086212], [98.15902765023617, 13.799314514461065]]]}, "id": "002200000000000256c3", "properties": {"area_in_meters": 116.18518955126989, "bf_source": "microsoft", "boundary_id": 176, "confidence": null, "geometry_wkt": {"type": "Polygon", "coordinates": [[[98.15902765023617, 13.799314514461065], [98.15907016902666, 13.799389686304897], [98.15897120866423, 13.799442449758308], [98.15892877330131, 13.799367275086212], [98.15902765023617, 13.799314514461065]]]}}}, {"type": "Feature", "geometry": {"type": "Polygon", "coordinates": [[[98.1551986427497, 13.774743623299523], [98.15513870277394, 13.774741838204317], [98.1551407035512, 13.774681954073188], [98.15520064352859, 13.774683826883484], [98.1551986427497, 13.774743623299523]]]}, "id": "002200000000000257ec", "properties": {"area_in_meters": 43.13606680240759, "bf_source": "microsoft", "boundary_id": 176, "confidence": null, "geometry_wkt": {"type": "Polygon", "coordinates": [[[98.1551986427497, 13.774743623299523], [98.15513870277394, 13.774741838204317], [98.1551407035512, 13.774681954073188], [98.15520064352859, 13.774683826883484], [98.1551986427497, 13.774743623299523]]]}}}, {"type": "Feature", "geometry": {"type": "Polygon", "coordinates": [[[98.15199871710222, 13.751482414401293], [98.15188025960323, 13.751466601108982], [98.15189076321606, 13.751392414861478], [98.1520092207321, 13.751408228156134], [98.15199871710222, 13.751482414401293]]]}, "id": "0022000000000002582e", "properties": {"area_in_meters": 107.4901362168541, "bf_source": "microsoft", "boundary_id": 176, "confidence": null, "geometry_wkt": {"type": "Polygon", "coordinates": [[[98.15199871710222, 13.751482414401293], [98.15188025960323, 13.751466601108982], [98.15189076321606, 13.751392414861478], [98.1520092207321, 13.751408228156134], [98.15199871710222, 13.751482414401293]]]}}}, {"type": "Feature", "geometry": {"type": "Polygon", "coordinates": [[[98.16000492170346, 13.79929582974597], [98.16007987251143, 13.799292112142735], [98.16008279050884, 13.799348159088671], [98.16000792306916, 13.799351873933599], [98.16000492170346, 13.79929582974597]]]}, "id": "00220000000000025841", "properties": {"area_in_meters": 50.53781368117688, "bf_source": "microsoft", "boundary_id": 176, "confidence": null, "geometry_wkt": {"type": "Polygon", "coordinates": [[[98.16000492170346, 13.79929582974597], [98.16007987251143, 13.799292112142735], [98.16008279050884, 13.799348159088671], [98.16000792306916, 13.799351873933599], [98.16000492170346, 13.79929582974597]]]}}}, {"type": "Feature", "geometry": {"type": "Polygon", "coordinates": [[[98.14735842782254, 13.74169339492563], [98.14743236537763, 13.741697178330163], [98.14742894774379, 13.741759550370094], [98.14735501019217, 13.74175576697165], [98.14735842782254, 13.74169339492563]]]}, "id": "0022000000000002584b", "properties": {"area_in_meters": 55.514249037820825, "bf_source": "microsoft", "boundary_id": 176, "confidence": null, "geometry_wkt": {"type": "Polygon", "coordinates": [[[98.14735842782254, 13.74169339492563], [98.14743236537763, 13.741697178330163], [98.14742894774379, 13.741759550370094], [98.14735501019217, 13.74175576697165], [98.14735842782254, 13.74169339492563]]]}}}, {"type": "Feature", "geometry": {"type": "Polygon", "coordinates": [[[98.14777846415043, 13.751157092227752], [98.14782206004185, 13.75114161984541], [98.14780905629331, 13.751107147070261], [98.1478649890999, 13.751087408283645], [98.14790633439134, 13.751197852740178], [98.14780688900211, 13.75123297351635], [98.14777846415043, 13.751157092227752]]]}, "id": "0022000000000002588b", "properties": {"area_in_meters": 128.9458056615801, "bf_source": "microsoft", "boundary_id": 176, "confidence": null, "geometry_wkt": {"type": "Polygon", "coordinates": [[[98.14777846415043, 13.751157092227752], [98.14782206004185, 13.75114161984541], [98.14780905629331, 13.751107147070261], [98.1478649890999, 13.751087408283645], [98.14790633439134, 13.751197852740178], [98.14780688900211, 13.75123297351635], [98.14777846415043, 13.751157092227752]]]}}}, {"type": "Feature", "geometry": {"type": "Polygon", "coordinates": [[[98.15824489205802, 13.800323735720863], [98.15817452843595, 13.800352916536923], [98.15812325640802, 13.800236101716319], [98.15819353661153, 13.80020692372443], [98.15824489205802, 13.800323735720863]]]}, "id": "0022000000000002597f", "properties": {"area_in_meters": 116.58875657417896, "bf_source": "microsoft", "boundary_id": 176, "confidence": null, "geometry_wkt": {"type": "Polygon", "coordinates": [[[98.15824489205802, 13.800323735720863], [98.15817452843595, 13.800352916536923], [98.15812325640802, 13.800236101716319], [98.15819353661153, 13.80020692372443], [98.15824489205802, 13.800323735720863]]]}}}, {"type": "Feature", "geometry": {"type": "Polygon", "coordinates": [[[98.15991463067643, 13.79943515310894], [98.15983417754683, 13.79943326359664], [98.15983701216336, 13.799321320236936], [98.15991746529609, 13.799323209764307], [98.15991463067643, 13.79943515310894]]]}, "id": "00220000000000025bb6", "properties": {"area_in_meters": 108.15611047778845, "bf_source": "microsoft", "boundary_id": 176, "confidence": null, "geometry_wkt": {"type": "Polygon", "coordinates": [[[98.15991463067643, 13.79943515310894], [98.15983417754683, 13.79943326359664], [98.15983701216336, 13.799321320236936], [98.15991746529609, 13.799323209764307], [98.15991463067643, 13.79943515310894]]]}}}, {"type": "Feature", "geometry": {"type": "Polygon", "coordinates": [[[98.15903190211411, 13.798931015691956], [98.15906416637239, 13.79905047801435], [98.15900522366839, 13.799065418763325], [98.15897304280621, 13.79894595363713], [98.15903190211411, 13.798931015691956]]]}, "id": "00220000000000025bbe", "properties": {"area_in_meters": 90.22437036123914, "bf_source": "microsoft", "boundary_id": 176, "confidence": null, "geometry_wkt": {"type": "Polygon", "coordinates": [[[98.15903190211411, 13.798931015691956], [98.15906416637239, 13.79905047801435], [98.15900522366839, 13.799065418763325], [98.15897304280621, 13.79894595363713], [98.15903190211411, 13.798931015691956]]]}}}, {"type": "Feature", "geometry": {"type": "Polygon", "coordinates": [[[98.14646643171798, 13.748719932969511], [98.14657412752014, 13.748663143908033], [98.1466281421928, 13.748759663519897], [98.14652044631097, 13.748816452664125], [98.14646643171798, 13.748719932969511]]]}, "id": "00220000000000025ca9", "properties": {"area_in_meters": 161.6720044662349, "bf_source": "microsoft", "boundary_id": 176, "confidence": null, "geometry_wkt": {"type": "Polygon", "coordinates": [[[98.14646643171798, 13.748719932969511], [98.14657412752014, 13.748663143908033], [98.1466281421928, 13.748759663519897], [98.14652044631097, 13.748816452664125], [98.14646643171798, 13.748719932969511]]]}}}, {"type": "Feature", "geometry": {"type": "Polygon", "coordinates": [[[98.16175006990143, 13.824822954728273], [98.16166828078173, 13.824833046776916], [98.16165844274903, 13.82475879409498], [98.16174023185772, 13.824748614326221], [98.16175006990143, 13.824822954728273]]]}, "id": "00220000000000025cde", "properties": {"area_in_meters": 74.18496368679365, "bf_source": "microsoft", "boundary_id": 176, "confidence": null, "geometry_wkt": {"type": "Polygon", "coordinates": [[[98.16175006990143, 13.824822954728273], [98.16166828078173, 13.824833046776916], [98.16165844274903, 13.82475879409498], [98.16174023185772, 13.824748614326221], [98.16175006990143, 13.824822954728273]]]}}}, {"type": "Feature", "geometry": {"type": "Polygon", "coordinates": [[[98.15066593543074, 13.75424181691507], [98.15067802272092, 13.754303155576997], [98.15057457225366, 13.754322450409864], [98.15056248498058, 13.754261199417876], [98.15066593543074, 13.75424181691507]]]}, "id": "00220000000000025d16", "properties": {"area_in_meters": 78.94006354796973, "bf_source": "microsoft", "boundary_id": 176, "confidence": null, "geometry_wkt": {"type": "Polygon", "coordinates": [[[98.15066593543074, 13.75424181691507], [98.15067802272092, 13.754303155576997], [98.15057457225366, 13.754322450409864], [98.15056248498058, 13.754261199417876], [98.15066593543074, 13.75424181691507]]]}}}, {"type": "Feature", "geometry": {"type": "Polygon", "coordinates": [[[98.16289045820648, 13.82281558114623], [98.16300201344937, 13.822758873950262], [98.16303286208917, 13.822816106506147], [98.16292130679923, 13.822872813751529], [98.16289045820648, 13.82281558114623]]]}, "id": "00220000000000025e2a", "properties": {"area_in_meters": 97.71716354233206, "bf_source": "microsoft", "boundary_id": 176, "confidence": null, "geometry_wkt": {"type": "Polygon", "coordinates": [[[98.16289045820648, 13.82281558114623], [98.16300201344937, 13.822758873950262], [98.16303286208917, 13.822816106506147], [98.16292130679923, 13.822872813751529], [98.16289045820648, 13.82281558114623]]]}}}, {"type": "Feature", "geometry": {"type": "Polygon", "coordinates": [[[98.15009550096835, 13.752957253255454], [98.15017944450057, 13.752940358122691], [98.15019228195094, 13.753000268352661], [98.15010833840398, 13.753017163507522], [98.15009550096835, 13.752957253255454]]]}, "id": "00220000000000025e96", "properties": {"area_in_meters": 63.01483295404432, "bf_source": "microsoft", "boundary_id": 176, "confidence": null, "geometry_wkt": {"type": "Polygon", "coordinates": [[[98.15009550096835, 13.752957253255454], [98.15017944450057, 13.752940358122691], [98.15019228195094, 13.753000268352661], [98.15010833840398, 13.753017163507522], [98.15009550096835, 13.752957253255454]]]}}}, {"type": "Feature", "geometry": {"type": "Polygon", "coordinates": [[[98.15671199753535, 13.777876556375473], [98.15677885831087, 13.777873725732212], [98.15678311005802, 13.777969979443247], [98.15671616591108, 13.777972725155145], [98.15671199753535, 13.777876556375473]]]}, "id": "00220000000000025e9c", "properties": {"area_in_meters": 77.47397955340865, "bf_source": "microsoft", "boundary_id": 176, "confidence": null, "geometry_wkt": {"type": "Polygon", "coordinates": [[[98.15671199753535, 13.777876556375473], [98.15677885831087, 13.777873725732212], [98.15678311005802, 13.777969979443247], [98.15671616591108, 13.777972725155145], [98.15671199753535, 13.777876556375473]]]}}}, {"type": "Feature", "geometry": {"type": "Polygon", "coordinates": [[[98.16913222724054, 13.762189281173386], [98.1691360627975, 13.762289393633969], [98.16906001874887, 13.762292179089535], [98.16905618319586, 13.762192066610508], [98.16913222724054, 13.762189281173386]]]}, "id": "00220000000000025f4e", "properties": {"area_in_meters": 91.54084343203618, "bf_source": "microsoft", "boundary_id": 176, "confidence": null, "geometry_wkt": {"type": "Polygon", "coordinates": [[[98.16913222724054, 13.762189281173386], [98.1691360627975, 13.762289393633969], [98.16906001874887, 13.762292179089535], [98.16905618319586, 13.762192066610508], [98.16913222724054, 13.762189281173386]]]}}}, {"type": "Feature", "geometry": {"type": "Polygon", "coordinates": [[[98.15679953347578, 13.779178189670843], [98.15669173923264, 13.779205972275776], [98.15666122673792, 13.779094010780488], [98.15676893756849, 13.77906623100045], [98.15679953347578, 13.779178189670843]]]}, "id": "00220000000000025fd9", "properties": {"area_in_meters": 155.0667350932969, "bf_source": "microsoft", "boundary_id": 176, "confidence": null, "geometry_wkt": {"type": "Polygon", "coordinates": [[[98.15679953347578, 13.779178189670843], [98.15669173923264, 13.779205972275776], [98.15666122673792, 13.779094010780488], [98.15676893756849, 13.77906623100045], [98.15679953347578, 13.779178189670843]]]}}}, {"type": "Feature", "geometry": {"type": "Polygon", "coordinates": [[[98.15662929700983, 13.777732118751695], [98.15663855079383, 13.77778926278424], [98.1565652708608, 13.777800463330115], [98.15655601708607, 13.77774331928157], [98.15662929700983, 13.777732118751695]]]}, "id": "002200000000000261d5", "properties": {"area_in_meters": 51.54252706964365, "bf_source": "microsoft", "boundary_id": 176, "confidence": null, "geometry_wkt": {"type": "Polygon", "coordinates": [[[98.15662929700983, 13.777732118751695], [98.15663855079383, 13.77778926278424], [98.1565652708608, 13.777800463330115], [98.15655601708607, 13.77774331928157], [98.15662929700983, 13.777732118751695]]]}}}, {"type": "Feature", "geometry": {"type": "Polygon", "coordinates": [[[98.1602557029064, 13.79979253235898], [98.16015815825385, 13.79979708831015], [98.16015307259605, 13.799695759341951], [98.16025070061336, 13.799691200646667], [98.1602557029064, 13.79979253235898]]]}, "id": "0022000000000002624c", "properties": {"area_in_meters": 119.05154731813624, "bf_source": "microsoft", "boundary_id": 176, "confidence": null, "geometry_wkt": {"type": "Polygon", "coordinates": [[[98.1602557029064, 13.79979253235898], [98.16015815825385, 13.79979708831015], [98.16015307259605, 13.799695759341951], [98.16025070061336, 13.799691200646667], [98.1602557029064, 13.79979253235898]]]}}}, {"type": "Feature", "geometry": {"type": "Polygon", "coordinates": [[[98.15665589122104, 13.774759967270475], [98.15665397376975, 13.77478844860796], [98.15660320301264, 13.774785307454174], [98.15660512046259, 13.77475673840578], [98.15665589122104, 13.774759967270475]]]}, "id": "0022000000000002626f", "properties": {"area_in_meters": 17.463329564230104, "bf_source": "microsoft", "boundary_id": 176, "confidence": null, "geometry_wkt": {"type": "Polygon", "coordinates": [[[98.15665589122104, 13.774759967270475], [98.15665397376975, 13.77478844860796], [98.15660320301264, 13.774785307454174], [98.15660512046259, 13.77475673840578], [98.15665589122104, 13.774759967270475]]]}}}, {"type": "Feature", "geometry": {"type": "Polygon", "coordinates": [[[98.14412975533014, 13.74588581378805], [98.14411616876711, 13.745982987153097], [98.14402781449247, 13.745971348619738], [98.14404148439212, 13.745874172499061], [98.14412975533014, 13.74588581378805]]]}, "id": "00220000000000026280", "properties": {"area_in_meters": 105.01714926116391, "bf_source": "microsoft", "boundary_id": 176, "confidence": null, "geometry_wkt": {"type": "Polygon", "coordinates": [[[98.14412975533014, 13.74588581378805], [98.14411616876711, 13.745982987153097], [98.14402781449247, 13.745971348619738], [98.14404148439212, 13.745874172499061], [98.14412975533014, 13.74588581378805]]]}}}, {"type": "Feature", "geometry": {"type": "Polygon", "coordinates": [[[98.1578984102321, 13.758203071405475], [98.15785480832845, 13.758216968381419], [98.15783971857437, 13.758172215881338], [98.157883320469, 13.758158406614573], [98.1578984102321, 13.758203071405475]]]}, "id": "00220000000000026335", "properties": {"area_in_meters": 25.91578344250456, "bf_source": "microsoft", "boundary_id": 176, "confidence": null, "geometry_wkt": {"type": "Polygon", "coordinates": [[[98.1578984102321, 13.758203071405475], [98.15785480832845, 13.758216968381419], [98.15783971857437, 13.758172215881338], [98.157883320469, 13.758158406614573], [98.1578984102321, 13.758203071405475]]]}}}, {"type": "Feature", "geometry": {"type": "Polygon", "coordinates": [[[98.16015507351054, 13.802736891041494], [98.16008120645309, 13.802738467818427], [98.16007978914007, 13.802675965539207], [98.1601536561961, 13.802674388772582], [98.16015507351054, 13.802736891041494]]]}, "id": "002200000000000263cf", "properties": {"area_in_meters": 55.44809762095723, "bf_source": "microsoft", "boundary_id": 176, "confidence": null, "geometry_wkt": {"type": "Polygon", "coordinates": [[[98.16015507351054, 13.802736891041494], [98.16008120645309, 13.802738467818427], [98.16007978914007, 13.802675965539207], [98.1601536561961, 13.802674388772582], [98.16015507351054, 13.802736891041494]]]}}}, {"type": "Feature", "geometry": {"type": "Polygon", "coordinates": [[[98.15606523523559, 13.776495325083102], [98.15606331779978, 13.776542138314168], [98.15594168577985, 13.776537399053426], [98.15594360321245, 13.776490585813928], [98.15606523523559, 13.776495325083102]]]}, "id": "002200000000000263f3", "properties": {"area_in_meters": 68.49414065044276, "bf_source": "microsoft", "boundary_id": 176, "confidence": null, "geometry_wkt": {"type": "Polygon", "coordinates": [[[98.15606523523559, 13.776495325083102], [98.15606331779978, 13.776542138314168], [98.15594168577985, 13.776537399053426], [98.15594360321245, 13.776490585813928], [98.15606523523559, 13.776495325083102]]]}}}, {"type": "Feature", "geometry": {"type": "Polygon", "coordinates": [[[98.15009508416853, 13.751196169520313], [98.15019203187072, 13.751158324329754], [98.15021837365897, 13.75122199658996], [98.15012142592182, 13.751259841820726], [98.15009508416853, 13.751196169520313]]]}, "id": "0022000000000002642c", "properties": {"area_in_meters": 86.19344832963581, "bf_source": "microsoft", "boundary_id": 176, "confidence": null, "geometry_wkt": {"type": "Polygon", "coordinates": [[[98.15009508416853, 13.751196169520313], [98.15019203187072, 13.751158324329754], [98.15021837365897, 13.75122199658996], [98.15012142592182, 13.751259841820726], [98.15009508416853, 13.751196169520313]]]}}}, {"type": "Feature", "geometry": {"type": "Polygon", "coordinates": [[[98.14866372425415, 13.75093708997871], [98.14875833602038, 13.750928349586587], [98.14876442118663, 13.750990324029539], [98.14871232217692, 13.750995203482661], [98.14871565651242, 13.751028768072379], [98.14867306038775, 13.751032631789865], [98.14866372425415, 13.75093708997871]]]}, "id": "00220000000000026453", "properties": {"area_in_meters": 88.35557903591058, "bf_source": "microsoft", "boundary_id": 176, "confidence": null, "geometry_wkt": {"type": "Polygon", "coordinates": [[[98.14866372425415, 13.75093708997871], [98.14875833602038, 13.750928349586587], [98.14876442118663, 13.750990324029539], [98.14871232217692, 13.750995203482661], [98.14871565651242, 13.751028768072379], [98.14867306038775, 13.751032631789865], [98.14866372425415, 13.75093708997871]]]}}}, {"type": "Feature", "geometry": {"type": "Polygon", "coordinates": [[[98.1603334886072, 13.815885046288933], [98.1604327843005, 13.815883762355227], [98.1604335346463, 13.815942169340392], [98.16033432232364, 13.815943450514094], [98.1603334886072, 13.815885046288933]]]}, "id": "00220000000000026484", "properties": {"area_in_meters": 69.57157163231315, "bf_source": "microsoft", "boundary_id": 176, "confidence": null, "geometry_wkt": {"type": "Polygon", "coordinates": [[[98.1603334886072, 13.815885046288933], [98.1604327843005, 13.815883762355227], [98.1604335346463, 13.815942169340392], [98.16033432232364, 13.815943450514094], [98.1603334886072, 13.815885046288933]]]}}}, {"type": "Feature", "geometry": {"type": "Polygon", "coordinates": [[[98.15140709841947, 13.751661147709477], [98.15148212377274, 13.751662261846924], [98.15148053990337, 13.751769038860044], [98.15140543119027, 13.751768015188862], [98.15140709841947, 13.751661147709477]]]}, "id": "00220000000000026589", "properties": {"area_in_meters": 96.32480561768418, "bf_source": "microsoft", "boundary_id": 176, "confidence": null, "geometry_wkt": {"type": "Polygon", "coordinates": [[[98.15140709841947, 13.751661147709477], [98.15148212377274, 13.751662261846924], [98.15148053990337, 13.751769038860044], [98.15140543119027, 13.751768015188862], [98.15140709841947, 13.751661147709477]]]}}}, {"type": "Feature", "geometry": {"type": "Polygon", "coordinates": [[[98.15153422475782, 13.754843021244687], [98.15144944605385, 13.754867574625996], [98.15143110652413, 13.754807758128441], [98.15151580184525, 13.75478320753217], [98.15153422475782, 13.754843021244687]]]}, "id": "00220000000000026642", "properties": {"area_in_meters": 66.30659435701783, "bf_source": "microsoft", "boundary_id": 176, "confidence": null, "geometry_wkt": {"type": "Polygon", "coordinates": [[[98.15153422475782, 13.754843021244687], [98.15144944605385, 13.754867574625996], [98.15143110652413, 13.754807758128441], [98.15151580184525, 13.75478320753217], [98.15153422475782, 13.754843021244687]]]}}}, {"type": "Feature", "geometry": {"type": "Polygon", "coordinates": [[[98.15655418300474, 13.773299392101196], [98.15668915484052, 13.773303163332768], [98.15668632034604, 13.77339947323399], [98.15662371139304, 13.773397776834546], [98.1566247951694, 13.773361254268075], [98.1565524322908, 13.773359267161027], [98.15655418300474, 13.773299392101196]]]}, "id": "002200000000000266d7", "properties": {"area_in_meters": 124.58229520460758, "bf_source": "microsoft", "boundary_id": 176, "confidence": null, "geometry_wkt": {"type": "Polygon", "coordinates": [[[98.15655418300474, 13.773299392101196], [98.15668915484052, 13.773303163332768], [98.15668632034604, 13.77339947323399], [98.15662371139304, 13.773397776834546], [98.1566247951694, 13.773361254268075], [98.1565524322908, 13.773359267161027], [98.15655418300474, 13.773299392101196]]]}}}, {"type": "Feature", "geometry": {"type": "Polygon", "coordinates": [[[98.15065059707916, 13.749814155268028], [98.15065526527277, 13.749770329438626], [98.15071628525963, 13.74977646725467], [98.15071161706211, 13.749820293082214], [98.15065059707916, 13.749814155268028]]]}, "id": "002200000000000267bb", "properties": {"area_in_meters": 32.47220561140693, "bf_source": "microsoft", "boundary_id": 176, "confidence": null, "geometry_wkt": {"type": "Polygon", "coordinates": [[[98.15065059707916, 13.749814155268028], [98.15065526527277, 13.749770329438626], [98.15071628525963, 13.74977646725467], [98.15071161706211, 13.749820293082214], [98.15065059707916, 13.749814155268028]]]}}}, {"type": "Feature", "geometry": {"type": "Polygon", "coordinates": [[[98.1560285538639, 13.773125169606992], [98.15603513983609, 13.773084517865112], [98.15608224205961, 13.77309172771685], [98.15607565608317, 13.773132379458698], [98.1560285538639, 13.773125169606992]]]}, "id": "00220000000000026818", "properties": {"area_in_meters": 23.576807491090843, "bf_source": "microsoft", "boundary_id": 176, "confidence": null, "geometry_wkt": {"type": "Polygon", "coordinates": [[[98.1560285538639, 13.773125169606992], [98.15603513983609, 13.773084517865112], [98.15608224205961, 13.77309172771685], [98.15607565608317, 13.773132379458698], [98.1560285538639, 13.773125169606992]]]}}}, {"type": "Feature", "geometry": {"type": "Polygon", "coordinates": [[[98.16035249734409, 13.802426446079776], [98.1604637152283, 13.802405819824346], [98.16048280737087, 13.802502299072085], [98.16037150608594, 13.802523015869367], [98.16035249734409, 13.802426446079776]]]}, "id": "00220000000000026923", "properties": {"area_in_meters": 133.68844462586011, "bf_source": "microsoft", "boundary_id": 176, "confidence": null, "geometry_wkt": {"type": "Polygon", "coordinates": [[[98.16035249734409, 13.802426446079776], [98.1604637152283, 13.802405819824346], [98.16048280737087, 13.802502299072085], [98.16037150608594, 13.802523015869367], [98.16035249734409, 13.802426446079776]]]}}}, {"type": "Feature", "geometry": {"type": "Polygon", "coordinates": [[[98.15584648114604, 13.777131461799398], [98.15584839857615, 13.777076754362717], [98.15600112621392, 13.777081778449944], [98.15599920877982, 13.777136485873617], [98.15584648114604, 13.777131461799398]]]}, "id": "00220000000000026955", "properties": {"area_in_meters": 100.32251910402427, "bf_source": "microsoft", "boundary_id": 176, "confidence": null, "geometry_wkt": {"type": "Polygon", "coordinates": [[[98.15584648114604, 13.777131461799398], [98.15584839857615, 13.777076754362717], [98.15600112621392, 13.777081778449944], [98.15599920877982, 13.777136485873617], [98.15584648114604, 13.777131461799398]]]}}}, {"type": "Feature", "geometry": {"type": "Polygon", "coordinates": [[[98.1621648530329, 13.820860242130525], [98.16206780607534, 13.820899531546003], [98.16203637422753, 13.820826350439916], [98.16213333776969, 13.820787063845605], [98.1621648530329, 13.820860242130525]]]}, "id": "00220000000000026a30", "properties": {"area_in_meters": 100.07670991266433, "bf_source": "microsoft", "boundary_id": 176, "confidence": null, "geometry_wkt": {"type": "Polygon", "coordinates": [[[98.1621648530329, 13.820860242130525], [98.16206780607534, 13.820899531546003], [98.16203637422753, 13.820826350439916], [98.16213333776969, 13.820787063845605], [98.1621648530329, 13.820860242130525]]]}}}, {"type": "Feature", "geometry": {"type": "Polygon", "coordinates": [[[98.15934562469198, 13.79500155555177], [98.15930185518428, 13.795003886010116], [98.15929985429314, 13.79496868817025], [98.15934362379961, 13.794966357715952], [98.15934562469198, 13.79500155555177]]]}, "id": "00220000000000026ac3", "properties": {"area_in_meters": 18.55420264508877, "bf_source": "microsoft", "boundary_id": 176, "confidence": null, "geometry_wkt": {"type": "Polygon", "coordinates": [[[98.15934562469198, 13.79500155555177], [98.15930185518428, 13.795003886010116], [98.15929985429314, 13.79496868817025], [98.15934362379961, 13.794966357715952], [98.15934562469198, 13.79500155555177]]]}}}, {"type": "Feature", "geometry": {"type": "Polygon", "coordinates": [[[98.15752175066831, 13.770652420335328], [98.15768248518943, 13.770657355079354], [98.15767981739367, 13.77074058909728], [98.1575190828784, 13.770735742080864], [98.15752175066831, 13.770652420335328]]]}, "id": "00220000000000026aff", "properties": {"area_in_meters": 160.95492460651386, "bf_source": "microsoft", "boundary_id": 176, "confidence": null, "geometry_wkt": {"type": "Polygon", "coordinates": [[[98.15752175066831, 13.770652420335328], [98.15768248518943, 13.770657355079354], [98.15767981739367, 13.77074058909728], [98.1575190828784, 13.770735742080864], [98.15752175066831, 13.770652420335328]]]}}}, {"type": "Feature", "geometry": {"type": "Polygon", "coordinates": [[[98.15691899936172, 13.76094856223949], [98.15704896979715, 13.76088181564469], [98.15708998681383, 13.760957194754587], [98.15696001630549, 13.761023941425927], [98.15691899936172, 13.76094856223949]]]}, "id": "00220000000000026c47", "properties": {"area_in_meters": 150.48994587823876, "bf_source": "microsoft", "boundary_id": 176, "confidence": null, "geometry_wkt": {"type": "Polygon", "coordinates": [[[98.15691899936172, 13.76094856223949], [98.15704896979715, 13.76088181564469], [98.15708998681383, 13.760957194754587], [98.15696001630549, 13.761023941425927], [98.15691899936172, 13.76094856223949]]]}}}, {"type": "Feature", "geometry": {"type": "Polygon", "coordinates": [[[98.15616894357692, 13.774390274644157], [98.15617194478513, 13.774439643076956], [98.15608365929512, 13.774444674165496], [98.15608074145733, 13.774395302958022], [98.15616894357692, 13.774390274644157]]]}, "id": "00220000000000026c89", "properties": {"area_in_meters": 52.43058227816893, "bf_source": "microsoft", "boundary_id": 176, "confidence": null, "geometry_wkt": {"type": "Polygon", "coordinates": [[[98.15616894357692, 13.774390274644157], [98.15617194478513, 13.774439643076956], [98.15608365929512, 13.774444674165496], [98.15608074145733, 13.774395302958022], [98.15616894357692, 13.774390274644157]]]}}}, {"type": "Feature", "geometry": {"type": "Polygon", "coordinates": [[[98.1498064091844, 13.749880127007504], [98.14988593431885, 13.749844349379284], [98.14990844144809, 13.749891573784112], [98.14982891628914, 13.749927351439187], [98.1498064091844, 13.749880127007504]]]}, "id": "00220000000000026d09", "properties": {"area_in_meters": 54.7432021833561, "bf_source": "microsoft", "boundary_id": 176, "confidence": null, "geometry_wkt": {"type": "Polygon", "coordinates": [[[98.1498064091844, 13.749880127007504], [98.14988593431885, 13.749844349379284], [98.14990844144809, 13.749891573784112], [98.14982891628914, 13.749927351439187], [98.1498064091844, 13.749880127007504]]]}}}, {"type": "Feature", "geometry": {"type": "Polygon", "coordinates": [[[98.15017410945693, 13.751153304512584], [98.15006057315169, 13.751185734984103], [98.15001839304213, 13.751046730520127], [98.15013192928181, 13.751014212438566], [98.15017410945693, 13.751153304512584]]]}, "id": "00220000000000026dae", "properties": {"area_in_meters": 206.03519955576726, "bf_source": "microsoft", "boundary_id": 176, "confidence": null, "geometry_wkt": {"type": "Polygon", "coordinates": [[[98.15017410945693, 13.751153304512584], [98.15006057315169, 13.751185734984103], [98.15001839304213, 13.751046730520127], [98.15013192928181, 13.751014212438566], [98.15017410945693, 13.751153304512584]]]}}}, {"type": "Feature", "geometry": {"type": "Polygon", "coordinates": [[[98.14945221495671, 13.74676663591919], [98.149554080007, 13.746763882649228], [98.14955541375654, 13.746813384494446], [98.1494535487044, 13.746816050084023], [98.14945221495671, 13.74676663591919]]]}, "id": "00220000000000026dbc", "properties": {"area_in_meters": 60.55196632303129, "bf_source": "microsoft", "boundary_id": 176, "confidence": null, "geometry_wkt": {"type": "Polygon", "coordinates": [[[98.14945221495671, 13.74676663591919], [98.149554080007, 13.746763882649228], [98.14955541375654, 13.746813384494446], [98.1494535487044, 13.746816050084023], [98.14945221495671, 13.74676663591919]]]}}}, {"type": "Feature", "geometry": {"type": "Polygon", "coordinates": [[[98.15984218117028, 13.801309095828199], [98.15985977247068, 13.80138878091727], [98.1597699818489, 13.80140746659651], [98.15975239057008, 13.801327781475495], [98.15984218117028, 13.801309095828199]]]}, "id": "00220000000000026de2", "properties": {"area_in_meters": 89.84654853253502, "bf_source": "microsoft", "boundary_id": 176, "confidence": null, "geometry_wkt": {"type": "Polygon", "coordinates": [[[98.15984218117028, 13.801309095828199], [98.15985977247068, 13.80138878091727], [98.1597699818489, 13.80140746659651], [98.15975239057008, 13.801327781475495], [98.15984218117028, 13.801309095828199]]]}}}, {"type": "Feature", "geometry": {"type": "Polygon", "coordinates": [[[98.1487837603485, 13.745599982341238], [98.14880434989283, 13.745661211916024], [98.14870732067394, 13.745691953723654], [98.1486868145153, 13.745630721360062], [98.1487837603485, 13.745599982341238]]]}, "id": "00220000000000027014", "properties": {"area_in_meters": 78.91120271535156, "bf_source": "microsoft", "boundary_id": 176, "confidence": null, "geometry_wkt": {"type": "Polygon", "coordinates": [[[98.1487837603485, 13.745599982341238], [98.14880434989283, 13.745661211916024], [98.14870732067394, 13.745691953723654], [98.1486868145153, 13.745630721360062], [98.1487837603485, 13.745599982341238]]]}}}, {"type": "Feature", "geometry": {"type": "Polygon", "coordinates": [[[98.1601705805998, 13.818654691980015], [98.16020876473682, 13.818633242430572], [98.16023969556987, 13.81868503168861], [98.16020151141669, 13.81870656899196], [98.1601705805998, 13.818654691980015]]]}, "id": "0022000000000002708a", "properties": {"area_in_meters": 31.69966953041786, "bf_source": "microsoft", "boundary_id": 176, "confidence": null, "geometry_wkt": {"type": "Polygon", "coordinates": [[[98.1601705805998, 13.818654691980015], [98.16020876473682, 13.818633242430572], [98.16023969556987, 13.81868503168861], [98.16020151141669, 13.81870656899196], [98.1601705805998, 13.818654691980015]]]}}}, {"type": "Feature", "geometry": {"type": "Polygon", "coordinates": [[[98.14907401510847, 13.748049975265031], [98.14907193113854, 13.747987519175956], [98.14918313185731, 13.747984106424571], [98.1491851324715, 13.748046565252842], [98.14907401510847, 13.748049975265031]]]}, "id": "0022000000000002711b", "properties": {"area_in_meters": 83.47604701279955, "bf_source": "microsoft", "boundary_id": 176, "confidence": null, "geometry_wkt": {"type": "Polygon", "coordinates": [[[98.14907401510847, 13.748049975265031], [98.14907193113854, 13.747987519175956], [98.14918313185731, 13.747984106424571], [98.1491851324715, 13.748046565252842], [98.14907401510847, 13.748049975265031]]]}}}, {"type": "Feature", "geometry": {"type": "Polygon", "coordinates": [[[98.14923206356157, 13.746828544905815], [98.14913720110512, 13.746833521972631], [98.14913570064546, 13.746806387045146], [98.14909552168167, 13.746808504314398], [98.14909052015246, 13.746717557664514], [98.14924298358864, 13.746709624433935], [98.14924723489732, 13.746787529741697], [98.14922981286917, 13.746788456370497], [98.14923206356157, 13.746828544905815]]]}, "id": "0022000000000002716b", "properties": {"area_in_meters": 195.1920237800041, "bf_source": "microsoft", "boundary_id": 176, "confidence": null, "geometry_wkt": {"type": "Polygon", "coordinates": [[[98.14923206356157, 13.746828544905815], [98.14913720110512, 13.746833521972631], [98.14913570064546, 13.746806387045146], [98.14909552168167, 13.746808504314398], [98.14909052015246, 13.746717557664514], [98.14924298358864, 13.746709624433935], [98.14924723489732, 13.746787529741697], [98.14922981286917, 13.746788456370497], [98.14923206356157, 13.746828544905815]]]}}}, {"type": "Feature", "geometry": {"type": "Polygon", "coordinates": [[[98.15080239688517, 13.749267628292177], [98.15081306706462, 13.749192473078415], [98.15086833528467, 13.749199941093648], [98.15085766509716, 13.749275008613026], [98.15080239688517, 13.749267628292177]]]}, "id": "0022000000000002721c", "properties": {"area_in_meters": 50.817572933417324, "bf_source": "microsoft", "boundary_id": 176, "confidence": null, "geometry_wkt": {"type": "Polygon", "coordinates": [[[98.15080239688517, 13.749267628292177], [98.15081306706462, 13.749192473078415], [98.15086833528467, 13.749199941093648], [98.15085766509716, 13.749275008613026], [98.15080239688517, 13.749267628292177]]]}}}, {"type": "Feature", "geometry": {"type": "Polygon", "coordinates": [[[98.15931169289992, 13.798463977303319], [98.15939948206503, 13.798483431547112], [98.15938672636781, 13.79853789338185], [98.15927450967658, 13.798513021932619], [98.1592690072281, 13.798536714808288], [98.15920923065534, 13.798523435911504], [98.15922723865538, 13.798446693106465], [98.15920281113789, 13.798441275895824], [98.1592197353215, 13.798369481694596], [98.15912027453506, 13.798347432346848], [98.15914645280101, 13.798236030413745], [98.15921781780295, 13.798251819395144], [98.15922657169234, 13.798214684514758], [98.15958856677865, 13.798294948663647], [98.15958106340767, 13.798327129467618], [98.15935554578402, 13.798277159531779], [98.15931169289992, 13.798463977303319]]]}, "id": "00220000000000027225", "properties": {"area_in_meters": 681.5931798207437, "bf_source": "microsoft", "boundary_id": 176, "confidence": null, "geometry_wkt": {"type": "Polygon", "coordinates": [[[98.15931169289992, 13.798463977303319], [98.15939948206503, 13.798483431547112], [98.15938672636781, 13.79853789338185], [98.15927450967658, 13.798513021932619], [98.1592690072281, 13.798536714808288], [98.15920923065534, 13.798523435911504], [98.15922723865538, 13.798446693106465], [98.15920281113789, 13.798441275895824], [98.1592197353215, 13.798369481694596], [98.15912027453506, 13.798347432346848], [98.15914645280101, 13.798236030413745], [98.15921781780295, 13.798251819395144], [98.15922657169234, 13.798214684514758], [98.15958856677865, 13.798294948663647], [98.15958106340767, 13.798327129467618], [98.15935554578402, 13.798277159531779], [98.15931169289992, 13.798463977303319]]]}}}, {"type": "Feature", "geometry": {"type": "Polygon", "coordinates": [[[98.15939673083601, 13.800317939610133], [98.15923874376884, 13.80035854038487], [98.15921956858075, 13.800287856347488], [98.15937747223596, 13.800247346123392], [98.15939673083601, 13.800317939610133]]]}, "id": "00220000000000027486", "properties": {"area_in_meters": 143.25757055856053, "bf_source": "microsoft", "boundary_id": 176, "confidence": null, "geometry_wkt": {"type": "Polygon", "coordinates": [[[98.15939673083601, 13.800317939610133], [98.15923874376884, 13.80035854038487], [98.15921956858075, 13.800287856347488], [98.15937747223596, 13.800247346123392], [98.15939673083601, 13.800317939610133]]]}}}, {"type": "Feature", "geometry": {"type": "Polygon", "coordinates": [[[98.15125262979586, 13.756780631359252], [98.15137100291585, 13.756738741746725], [98.151401179756, 13.756819302698494], [98.1512828065871, 13.756861104671025], [98.15125262979586, 13.756780631359252]]]}, "id": "002200000000000276b7", "properties": {"area_in_meters": 129.68315568474728, "bf_source": "microsoft", "boundary_id": 176, "confidence": null, "geometry_wkt": {"type": "Polygon", "coordinates": [[[98.15125262979586, 13.756780631359252], [98.15137100291585, 13.756738741746725], [98.151401179756, 13.756819302698494], [98.1512828065871, 13.756861104671025], [98.15125262979586, 13.756780631359252]]]}}}, {"type": "Feature", "geometry": {"type": "Polygon", "coordinates": [[[98.15628990903878, 13.772871364062622], [98.15619828872914, 13.772857560445399], [98.15620704225695, 13.77280271597999], [98.15629866257756, 13.772816607305417], [98.15628990903878, 13.772871364062622]]]}, "id": "00220000000000027806", "properties": {"area_in_meters": 61.73947734308397, "bf_source": "microsoft", "boundary_id": 176, "confidence": null, "geometry_wkt": {"type": "Polygon", "coordinates": [[[98.15628990903878, 13.772871364062622], [98.15619828872914, 13.772857560445399], [98.15620704225695, 13.77280271597999], [98.15629866257756, 13.772816607305417], [98.15628990903878, 13.772871364062622]]]}}}, {"type": "Feature", "geometry": {"type": "Polygon", "coordinates": [[[98.15920514550781, 13.799170014383757], [98.15935796352935, 13.79917300980984], [98.15935629611877, 13.799253772045619], [98.15920347810072, 13.799250776640822], [98.15920514550781, 13.799170014383757]]]}, "id": "00220000000000027822", "properties": {"area_in_meters": 148.1761073120945, "bf_source": "microsoft", "boundary_id": 176, "confidence": null, "geometry_wkt": {"type": "Polygon", "coordinates": [[[98.15920514550781, 13.799170014383757], [98.15935796352935, 13.79917300980984], [98.15935629611877, 13.799253772045619], [98.15920347810072, 13.799250776640822], [98.15920514550781, 13.799170014383757]]]}}}, {"type": "Feature", "geometry": {"type": "Polygon", "coordinates": [[[98.15880438530677, 13.79985073650452], [98.15887650030463, 13.799808865106762], [98.15894102869828, 13.799913396072343], [98.15886891363677, 13.799955267534076], [98.15880438530677, 13.79985073650452]]]}, "id": "002200000000000278e0", "properties": {"area_in_meters": 122.96656507373449, "bf_source": "microsoft", "boundary_id": 176, "confidence": null, "geometry_wkt": {"type": "Polygon", "coordinates": [[[98.15880438530677, 13.79985073650452], [98.15887650030463, 13.799808865106762], [98.15894102869828, 13.799913396072343], [98.15886891363677, 13.799955267534076], [98.15880438530677, 13.79985073650452]]]}}}, {"type": "Feature", "geometry": {"type": "Polygon", "coordinates": [[[98.1574286281847, 13.769117321439735], [98.15743121260296, 13.769057508483378], [98.1576266282359, 13.769065416638327], [98.15762404381073, 13.769125229577618], [98.1574286281847, 13.769117321439735]]]}, "id": "00220000000000027b29", "properties": {"area_in_meters": 140.64547046793513, "bf_source": "microsoft", "boundary_id": 176, "confidence": null, "geometry_wkt": {"type": "Polygon", "coordinates": [[[98.1574286281847, 13.769117321439735], [98.15743121260296, 13.769057508483378], [98.1576266282359, 13.769065416638327], [98.15762404381073, 13.769125229577618], [98.1574286281847, 13.769117321439735]]]}}}, {"type": "Feature", "geometry": {"type": "Polygon", "coordinates": [[[98.15258450517891, 13.749400041765547], [98.15259826004288, 13.749466058250066], [98.15253232008213, 13.749478937665527], [98.15251864859329, 13.74941291840511], [98.15258450517891, 13.749400041765547]]]}, "id": "00220000000000027baf", "properties": {"area_in_meters": 54.36776255069377, "bf_source": "microsoft", "boundary_id": 176, "confidence": null, "geometry_wkt": {"type": "Polygon", "coordinates": [[[98.15258450517891, 13.749400041765547], [98.15259826004288, 13.749466058250066], [98.15253232008213, 13.749478937665527], [98.15251864859329, 13.74941291840511], [98.15258450517891, 13.749400041765547]]]}}}, {"type": "Feature", "geometry": {"type": "Polygon", "coordinates": [[[98.15199788348086, 13.753822066960593], [98.15191177044628, 13.753854644617148], [98.15188184348125, 13.753779952813055], [98.15196803984267, 13.753747372439896], [98.15199788348086, 13.753822066960593]]]}, "id": "00220000000000027d93", "properties": {"area_in_meters": 88.98237688391053, "bf_source": "microsoft", "boundary_id": 176, "confidence": null, "geometry_wkt": {"type": "Polygon", "coordinates": [[[98.15199788348086, 13.753822066960593], [98.15191177044628, 13.753854644617148], [98.15188184348125, 13.753779952813055], [98.15196803984267, 13.753747372439896], [98.15199788348086, 13.753822066960593]]]}}}, {"type": "Feature", "geometry": {"type": "Polygon", "coordinates": [[[98.15611867335772, 13.77586151388364], [98.15612100762915, 13.775917307800025], [98.1560004592803, 13.77592209292005], [98.15599812501273, 13.775866298987138], [98.15611867335772, 13.77586151388364]]]}, "id": "00220000000000027dd3", "properties": {"area_in_meters": 80.92147990866275, "bf_source": "microsoft", "boundary_id": 176, "confidence": null, "geometry_wkt": {"type": "Polygon", "coordinates": [[[98.15611867335772, 13.77586151388364], [98.15612100762915, 13.775917307800025], [98.1560004592803, 13.77592209292005], [98.15599812501273, 13.775866298987138], [98.15611867335772, 13.77586151388364]]]}}}, {"type": "Feature", "geometry": {"type": "Polygon", "coordinates": [[[98.14937419075893, 13.740559456409734], [98.14925098605224, 13.740555547513406], [98.1492536535403, 13.740474874283967], [98.1493768582515, 13.740478783195925], [98.14937419075893, 13.740559456409734]]]}, "id": "00220000000000027dfc", "properties": {"area_in_meters": 119.56491465537387, "bf_source": "microsoft", "boundary_id": 176, "confidence": null, "geometry_wkt": {"type": "Polygon", "coordinates": [[[98.14937419075893, 13.740559456409734], [98.14925098605224, 13.740555547513406], [98.1492536535403, 13.740474874283967], [98.1493768582515, 13.740478783195925], [98.14937419075893, 13.740559456409734]]]}}}, {"type": "Feature", "geometry": {"type": "Polygon", "coordinates": [[[98.15191335432499, 13.750847962524032], [98.1519381128546, 13.75092843621054], [98.15181748804368, 13.750963469488246], [98.15179272955493, 13.75088299574922], [98.15191335432499, 13.750847962524032]]]}, "id": "00220000000000027e0c", "properties": {"area_in_meters": 127.02065718421585, "bf_source": "microsoft", "boundary_id": 176, "confidence": null, "geometry_wkt": {"type": "Polygon", "coordinates": [[[98.15191335432499, 13.750847962524032], [98.1519381128546, 13.75092843621054], [98.15181748804368, 13.750963469488246], [98.15179272955493, 13.75088299574922], [98.15191335432499, 13.750847962524032]]]}}}, {"type": "Feature", "geometry": {"type": "Polygon", "coordinates": [[[98.15984234791243, 13.801011611274934], [98.15985151873204, 13.801101927573937], [98.15973596648892, 13.80111295946767], [98.15972687905477, 13.801022640366583], [98.15984234791243, 13.801011611274934]]]}, "id": "00220000000000027eba", "properties": {"area_in_meters": 126.47060668322564, "bf_source": "microsoft", "boundary_id": 176, "confidence": null, "geometry_wkt": {"type": "Polygon", "coordinates": [[[98.15984234791243, 13.801011611274934], [98.15985151873204, 13.801101927573937], [98.15973596648892, 13.80111295946767], [98.15972687905477, 13.801022640366583], [98.15984234791243, 13.801011611274934]]]}}}, {"type": "Feature", "geometry": {"type": "Polygon", "coordinates": [[[98.14790141630101, 13.750862757296321], [98.14792742383327, 13.75095915123396], [98.1478696571155, 13.750973864314755], [98.14784364960381, 13.750877382654332], [98.14790141630101, 13.750862757296321]]]}, "id": "00220000000000027f0c", "properties": {"area_in_meters": 71.43379924719517, "bf_source": "microsoft", "boundary_id": 176, "confidence": null, "geometry_wkt": {"type": "Polygon", "coordinates": [[[98.14790141630101, 13.750862757296321], [98.14792742383327, 13.75095915123396], [98.1478696571155, 13.750973864314755], [98.14784364960381, 13.750877382654332], [98.14790141630101, 13.750862757296321]]]}}}, {"type": "Feature", "geometry": {"type": "Polygon", "coordinates": [[[98.15636043758101, 13.774907200712684], [98.15636685684888, 13.774849362921078], [98.15650574660067, 13.774863879980895], [98.15649557579357, 13.77495525937254], [98.1564123753099, 13.774946527189964], [98.15641612683267, 13.774913073292312], [98.15636043758101, 13.774907200712684]]]}, "id": "00220000000000028002", "properties": {"area_in_meters": 131.48463961126566, "bf_source": "microsoft", "boundary_id": 176, "confidence": null, "geometry_wkt": {"type": "Polygon", "coordinates": [[[98.15636043758101, 13.774907200712684], [98.15636685684888, 13.774849362921078], [98.15650574660067, 13.774863879980895], [98.15649557579357, 13.77495525937254], [98.1564123753099, 13.774946527189964], [98.15641612683267, 13.774913073292312], [98.15636043758101, 13.774907200712684]]]}}}, {"type": "Feature", "geometry": {"type": "Polygon", "coordinates": [[[98.15217094347783, 13.750123334514354], [98.1520989184582, 13.750155532448902], [98.1520652401169, 13.750084649765693], [98.15213734846562, 13.75005236141687], [98.15217094347783, 13.750123334514354]]]}, "id": "002200000000000280ce", "properties": {"area_in_meters": 74.41352470515984, "bf_source": "microsoft", "boundary_id": 176, "confidence": null, "geometry_wkt": {"type": "Polygon", "coordinates": [[[98.15217094347783, 13.750123334514354], [98.1520989184582, 13.750155532448902], [98.1520652401169, 13.750084649765693], [98.15213734846562, 13.75005236141687], [98.15217094347783, 13.750123334514354]]]}}}, {"type": "Feature", "geometry": {"type": "Polygon", "coordinates": [[[98.1572172897744, 13.772377268850144], [98.15719911553333, 13.77257363454196], [98.15708998681383, 13.772564095280243], [98.15710816102778, 13.772367729569886], [98.1572172897744, 13.772377268850144]]]}, "id": "00220000000000028158", "properties": {"area_in_meters": 259.3647282572299, "bf_source": "microsoft", "boundary_id": 176, "confidence": null, "geometry_wkt": {"type": "Polygon", "coordinates": [[[98.1572172897744, 13.772377268850144], [98.15719911553333, 13.77257363454196], [98.15708998681383, 13.772564095280243], [98.15710816102778, 13.772367729569886], [98.1572172897744, 13.772377268850144]]]}}}, {"type": "Feature", "geometry": {"type": "Polygon", "coordinates": [[[98.15988203255833, 13.812156865594192], [98.15980166283563, 13.812159274063596], [98.15979932844668, 13.812088989588432], [98.15987978153792, 13.81208657836083], [98.15988203255833, 13.812156865594192]]]}, "id": "002200000000000281aa", "properties": {"area_in_meters": 67.87757278105231, "bf_source": "microsoft", "boundary_id": 176, "confidence": null, "geometry_wkt": {"type": "Polygon", "coordinates": [[[98.15988203255833, 13.812156865594192], [98.15980166283563, 13.812159274063596], [98.15979932844668, 13.812088989588432], [98.15987978153792, 13.81208657836083], [98.15988203255833, 13.812156865594192]]]}}}, {"type": "Feature", "geometry": {"type": "Polygon", "coordinates": [[[98.17158935957792, 13.770949974498302], [98.17169108870296, 13.770970452661425], [98.17168149947612, 13.771015412411206], [98.17157977036442, 13.770994846541132], [98.17158935957792, 13.770949974498302]]]}, "id": "002200000000000281d7", "properties": {"area_in_meters": 57.287738635654726, "bf_source": "microsoft", "boundary_id": 176, "confidence": null, "geometry_wkt": {"type": "Polygon", "coordinates": [[[98.17158935957792, 13.770949974498302], [98.17169108870296, 13.770970452661425], [98.17168149947612, 13.771015412411206], [98.17157977036442, 13.770994846541132], [98.17158935957792, 13.770949974498302]]]}}}, {"type": "Feature", "geometry": {"type": "Polygon", "coordinates": [[[98.15849908537548, 13.800005710276661], [98.15855360908182, 13.800093730499826], [98.15848849744334, 13.800131684899839], [98.15843405715505, 13.800043661859247], [98.15849908537548, 13.800005710276661]]]}, "id": "00220000000000028227", "properties": {"area_in_meters": 93.56650552755804, "bf_source": "microsoft", "boundary_id": 176, "confidence": null, "geometry_wkt": {"type": "Polygon", "coordinates": [[[98.15849908537548, 13.800005710276661], [98.15855360908182, 13.800093730499826], [98.15848849744334, 13.800131684899839], [98.15843405715505, 13.800043661859247], [98.15849908537548, 13.800005710276661]]]}}}, {"type": "Feature", "geometry": {"type": "Polygon", "coordinates": [[[98.15757285553737, 13.768334159875852], [98.15757460627577, 13.768409703413305], [98.15742979534133, 13.768412835413052], [98.15742804460639, 13.768337379555929], [98.15757285553737, 13.768334159875852]]]}, "id": "002200000000000282e8", "properties": {"area_in_meters": 131.34272640263518, "bf_source": "microsoft", "boundary_id": 176, "confidence": null, "geometry_wkt": {"type": "Polygon", "coordinates": [[[98.15757285553737, 13.768334159875852], [98.15757460627577, 13.768409703413305], [98.15742979534133, 13.768412835413052], [98.15742804460639, 13.768337379555929], [98.15757285553737, 13.768334159875852]]]}}}, {"type": "Feature", "geometry": {"type": "Polygon", "coordinates": [[[98.16000408799079, 13.797755945391751], [98.16000242056548, 13.79782109182582], [98.1598913701252, 13.797818288344587], [98.15989312091911, 13.797753226853514], [98.16000408799079, 13.797755945391751]]]}, "id": "0022000000000002830b", "properties": {"area_in_meters": 86.81625620154287, "bf_source": "microsoft", "boundary_id": 176, "confidence": null, "geometry_wkt": {"type": "Polygon", "coordinates": [[[98.16000408799079, 13.797755945391751], [98.16000242056548, 13.79782109182582], [98.1598913701252, 13.797818288344587], [98.15989312091911, 13.797753226853514], [98.16000408799079, 13.797755945391751]]]}}}, {"type": "Feature", "geometry": {"type": "Polygon", "coordinates": [[[98.1494292078128, 13.749749130758175], [98.14953474064119, 13.749707056418542], [98.14956024859889, 13.749767160328979], [98.14945471573365, 13.749809322404477], [98.1494292078128, 13.749749130758175]]]}, "id": "002200000000000283ba", "properties": {"area_in_meters": 89.1668423035721, "bf_source": "microsoft", "boundary_id": 176, "confidence": null, "geometry_wkt": {"type": "Polygon", "coordinates": [[[98.1494292078128, 13.749749130758175], [98.14953474064119, 13.749707056418542], [98.14956024859889, 13.749767160328979], [98.14945471573365, 13.749809322404477], [98.1494292078128, 13.749749130758175]]]}}}, {"type": "Feature", "geometry": {"type": "Polygon", "coordinates": [[[98.1515887432684, 13.751675222150512], [98.15166376880819, 13.751677300865184], [98.15166101787037, 13.751771926868754], [98.15158590897175, 13.751769850922726], [98.1515887432684, 13.751675222150512]]]}, "id": "002200000000000283d1", "properties": {"area_in_meters": 85.37838727189177, "bf_source": "microsoft", "boundary_id": 176, "confidence": null, "geometry_wkt": {"type": "Polygon", "coordinates": [[[98.1515887432684, 13.751675222150512], [98.15166376880819, 13.751677300865184], [98.15166101787037, 13.751771926868754], [98.15158590897175, 13.751769850922726], [98.1515887432684, 13.751675222150512]]]}}}, {"type": "Feature", "geometry": {"type": "Polygon", "coordinates": [[[98.14481267092448, 13.746591628482713], [98.1447310674679, 13.74665518292902], [98.14468263890195, 13.746596625594753], [98.14476415895054, 13.746532986259199], [98.14481267092448, 13.746591628482713]]]}, "id": "0022000000000002843b", "properties": {"area_in_meters": 94.3947815965399, "bf_source": "microsoft", "boundary_id": 176, "confidence": null, "geometry_wkt": {"type": "Polygon", "coordinates": [[[98.14481267092448, 13.746591628482713], [98.1447310674679, 13.74665518292902], [98.14468263890195, 13.746596625594753], [98.14476415895054, 13.746532986259199], [98.14481267092448, 13.746591628482713]]]}}}, {"type": "Feature", "geometry": {"type": "Polygon", "coordinates": [[[98.14912169635683, 13.747854335042886], [98.1491239470459, 13.747771040303094], [98.14927541024348, 13.747774890546609], [98.14927315954974, 13.74785827295827], [98.14912169635683, 13.747854335042886]]]}, "id": "0022000000000002849d", "properties": {"area_in_meters": 151.6061795972372, "bf_source": "microsoft", "boundary_id": 176, "confidence": null, "geometry_wkt": {"type": "Polygon", "coordinates": [[[98.14912169635683, 13.747854335042886], [98.1491239470459, 13.747771040303094], [98.14927541024348, 13.747774890546609], [98.14927315954974, 13.74785827295827], [98.14912169635683, 13.747854335042886]]]}}}, {"type": "Feature", "geometry": {"type": "Polygon", "coordinates": [[[98.1518990160558, 13.750242032734594], [98.15180948529893, 13.750268320255373], [98.15177780777621, 13.75016650305735], [98.15186733849427, 13.75014021558622], [98.1518990160558, 13.750242032734594]]]}, "id": "0022000000000002851f", "properties": {"area_in_meters": 119.4604400917044, "bf_source": "microsoft", "boundary_id": 176, "confidence": null, "geometry_wkt": {"type": "Polygon", "coordinates": [[[98.1518990160558, 13.750242032734594], [98.15180948529893, 13.750268320255373], [98.15177780777621, 13.75016650305735], [98.15186733849427, 13.75014021558622], [98.1518990160558, 13.750242032734594]]]}}}, {"type": "Feature", "geometry": {"type": "Polygon", "coordinates": [[[98.1456698878218, 13.747403054289343], [98.14576132821901, 13.747364517404156], [98.14579366997303, 13.747436935519636], [98.14570222953535, 13.747475472450168], [98.1456698878218, 13.747403054289343]]]}, "id": "00220000000000028556", "properties": {"area_in_meters": 94.4211539785815, "bf_source": "microsoft", "boundary_id": 176, "confidence": null, "geometry_wkt": {"type": "Polygon", "coordinates": [[[98.1456698878218, 13.747403054289343], [98.14576132821901, 13.747364517404156], [98.14579366997303, 13.747436935519636], [98.14570222953535, 13.747475472450168], [98.1456698878218, 13.747403054289343]]]}}}, {"type": "Feature", "geometry": {"type": "Polygon", "coordinates": [[[98.16030747665945, 13.798958392094285], [98.16030989443627, 13.799065160288713], [98.16022677298305, 13.79906695619416], [98.16022435520898, 13.79896027570443], [98.16030747665945, 13.798958392094285]]]}, "id": "00220000000000028602", "properties": {"area_in_meters": 106.57250884578389, "bf_source": "microsoft", "boundary_id": 176, "confidence": null, "geometry_wkt": {"type": "Polygon", "coordinates": [[[98.16030747665945, 13.798958392094285], [98.16030989443627, 13.799065160288713], [98.16022677298305, 13.79906695619416], [98.16022435520898, 13.79896027570443], [98.16030747665945, 13.798958392094285]]]}}}, {"type": "Feature", "geometry": {"type": "Polygon", "coordinates": [[[98.14985117332175, 13.748640414737093], [98.14989677108392, 13.74864083650795], [98.14989635428523, 13.748685135302157], [98.14985075652334, 13.74868462584192], [98.14985117332175, 13.748640414737093]]]}, "id": "00220000000000028660", "properties": {"area_in_meters": 24.25277587906061, "bf_source": "microsoft", "boundary_id": 176, "confidence": null, "geometry_wkt": {"type": "Polygon", "coordinates": [[[98.14985117332175, 13.748640414737093], [98.14989677108392, 13.74864083650795], [98.14989635428523, 13.748685135302157], [98.14985075652334, 13.74868462584192], [98.14985117332175, 13.748640414737093]]]}}}, {"type": "Feature", "geometry": {"type": "Polygon", "coordinates": [[[98.15179281291684, 13.750689364248197], [98.15185591790308, 13.750660968956165], [98.1519091862232, 13.750772420306534], [98.15184608119094, 13.750800815648892], [98.15179281291684, 13.750689364248197]]]}, "id": "00220000000000028674", "properties": {"area_in_meters": 102.6744412428311, "bf_source": "microsoft", "boundary_id": 176, "confidence": null, "geometry_wkt": {"type": "Polygon", "coordinates": [[[98.15179281291684, 13.750689364248197], [98.15185591790308, 13.750660968956165], [98.1519091862232, 13.750772420306534], [98.15184608119094, 13.750800815648892], [98.15179281291684, 13.750689364248197]]]}}}, {"type": "Feature", "geometry": {"type": "Polygon", "coordinates": [[[98.1508669181503, 13.74960495616922], [98.1508676683979, 13.74957625557182], [98.1509668678712, 13.749578675452204], [98.15096403359867, 13.749688035344803], [98.15079514449846, 13.749683885973678], [98.15079722851756, 13.749603226651116], [98.1508669181503, 13.74960495616922]]]}, "id": "00220000000000028693", "properties": {"area_in_meters": 197.94094378310078, "bf_source": "microsoft", "boundary_id": 176, "confidence": null, "geometry_wkt": {"type": "Polygon", "coordinates": [[[98.1508669181503, 13.74960495616922], [98.1508676683979, 13.74957625557182], [98.1509668678712, 13.749578675452204], [98.15096403359867, 13.749688035344803], [98.15079514449846, 13.749683885973678], [98.15079722851756, 13.749603226651116], [98.1508669181503, 13.74960495616922]]]}}}, {"type": "Feature", "geometry": {"type": "Polygon", "coordinates": [[[98.15950244480037, 13.80081569309985], [98.15951286613794, 13.800873860118335], [98.1594608428356, 13.800882606185272], [98.15945042150544, 13.80082443915467], [98.15950244480037, 13.80081569309985]]]}, "id": "0022000000000002869e", "properties": {"area_in_meters": 37.45432253207786, "bf_source": "microsoft", "boundary_id": 176, "confidence": null, "geometry_wkt": {"type": "Polygon", "coordinates": [[[98.15950244480037, 13.80081569309985], [98.15951286613794, 13.800873860118335], [98.1594608428356, 13.800882606185272], [98.15945042150544, 13.80082443915467], [98.15950244480037, 13.80081569309985]]]}}}, {"type": "Feature", "geometry": {"type": "Polygon", "coordinates": [[[98.14894622618202, 13.74897331143387], [98.14894730984452, 13.749014930014637], [98.14880526683623, 13.749018660910519], [98.14880409981737, 13.748976957378305], [98.14894622618202, 13.74897331143387]]]}, "id": "0022000000000002873c", "properties": {"area_in_meters": 71.11921262682753, "bf_source": "microsoft", "boundary_id": 176, "confidence": null, "geometry_wkt": {"type": "Polygon", "coordinates": [[[98.14894622618202, 13.74897331143387], [98.14894730984452, 13.749014930014637], [98.14880526683623, 13.749018660910519], [98.14880409981737, 13.748976957378305], [98.14894622618202, 13.74897331143387]]]}}}, {"type": "Feature", "geometry": {"type": "Polygon", "coordinates": [[[98.14199361191892, 13.743625073659546], [98.14205187409291, 13.743603068758134], [98.14207271179161, 13.743655083116627], [98.14201444960098, 13.743677088037364], [98.14199361191892, 13.743625073659546]]]}, "id": "002200000000000287c5", "properties": {"area_in_meters": 41.9215834679403, "bf_source": "microsoft", "boundary_id": 176, "confidence": null, "geometry_wkt": {"type": "Polygon", "coordinates": [[[98.14199361191892, 13.743625073659546], [98.14205187409291, 13.743603068758134], [98.14207271179161, 13.743655083116627], [98.14201444960098, 13.743677088037364], [98.14199361191892, 13.743625073659546]]]}}}, {"type": "Feature", "geometry": {"type": "Polygon", "coordinates": [[[98.15040835158403, 13.750635439863542], [98.15047962469346, 13.7506369416183], [98.15047895781024, 13.750669147484286], [98.15040768470148, 13.750667733427791], [98.15040835158403, 13.750635439863542]]]}, "id": "002200000000000288c1", "properties": {"area_in_meters": 27.642471229849388, "bf_source": "microsoft", "boundary_id": 176, "confidence": null, "geometry_wkt": {"type": "Polygon", "coordinates": [[[98.15040835158403, 13.750635439863542], [98.15047962469346, 13.7506369416183], [98.15047895781024, 13.750669147484286], [98.15040768470148, 13.750667733427791], [98.15040835158403, 13.750635439863542]]]}}}, {"type": "Feature", "geometry": {"type": "Polygon", "coordinates": [[[98.15717310470076, 13.77003398087379], [98.1571850263312, 13.76995351028223], [98.15730449284717, 13.769970250004988], [98.15729265456542, 13.77005063012611], [98.15717310470076, 13.77003398087379]]]}, "id": "002200000000000288f9", "properties": {"area_in_meters": 117.75126337153448, "bf_source": "microsoft", "boundary_id": 176, "confidence": null, "geometry_wkt": {"type": "Polygon", "coordinates": [[[98.15717310470076, 13.77003398087379], [98.1571850263312, 13.76995351028223], [98.15730449284717, 13.769970250004988], [98.15729265456542, 13.77005063012611], [98.15717310470076, 13.77003398087379]]]}}}, {"type": "Feature", "geometry": {"type": "Polygon", "coordinates": [[[98.1585687823529, 13.799966200040075], [98.15863014242629, 13.799927493027997], [98.1586822485073, 13.800005505014811], [98.15862088839019, 13.80004412434433], [98.1585687823529, 13.799966200040075]]]}, "id": "002200000000000289ba", "properties": {"area_in_meters": 81.62362994716355, "bf_source": "microsoft", "boundary_id": 176, "confidence": null, "geometry_wkt": {"type": "Polygon", "coordinates": [[[98.1585687823529, 13.799966200040075], [98.15863014242629, 13.799927493027997], [98.1586822485073, 13.800005505014811], [98.15862088839019, 13.80004412434433], [98.1585687823529, 13.799966200040075]]]}}}, {"type": "Feature", "geometry": {"type": "Polygon", "coordinates": [[[98.14678218425642, 13.749000115382785], [98.14664806428121, 13.74902217427097], [98.14663472731765, 13.748946233665253], [98.14676893062455, 13.74892408436887], [98.14678218425642, 13.749000115382785]]]}, "id": "002200000000000289d6", "properties": {"area_in_meters": 125.92535465904825, "bf_source": "microsoft", "boundary_id": 176, "confidence": null, "geometry_wkt": {"type": "Polygon", "coordinates": [[[98.14678218425642, 13.749000115382785], [98.14664806428121, 13.74902217427097], [98.14663472731765, 13.748946233665253], [98.14676893062455, 13.74892408436887], [98.14678218425642, 13.749000115382785]]]}}}, {"type": "Feature", "geometry": {"type": "Polygon", "coordinates": [[[98.14969112290105, 13.75006625450012], [98.149590841488, 13.750094650568041], [98.1495681677379, 13.750019281755103], [98.1496684491198, 13.74999079803347], [98.14969112290105, 13.75006625450012]]]}, "id": "00220000000000028a4e", "properties": {"area_in_meters": 98.56607969831308, "bf_source": "microsoft", "boundary_id": 176, "confidence": null, "geometry_wkt": {"type": "Polygon", "coordinates": [[[98.14969112290105, 13.75006625450012], [98.149590841488, 13.750094650568041], [98.1495681677379, 13.750019281755103], [98.1496684491198, 13.74999079803347], [98.14969112290105, 13.75006625450012]]]}}}, {"type": "Feature", "geometry": {"type": "Polygon", "coordinates": [[[98.1558337260688, 13.774355337375091], [98.15583105834051, 13.774278417249915], [98.15591409142927, 13.77427575308764], [98.15591675916059, 13.774352585488641], [98.1558337260688, 13.774355337375091]]]}, "id": "00220000000000028b74", "properties": {"area_in_meters": 76.74944120710899, "bf_source": "microsoft", "boundary_id": 176, "confidence": null, "geometry_wkt": {"type": "Polygon", "coordinates": [[[98.1558337260688, 13.774355337375091], [98.15583105834051, 13.774278417249915], [98.15591409142927, 13.77427575308764], [98.15591675916059, 13.774352585488641], [98.1558337260688, 13.774355337375091]]]}}}, {"type": "Feature", "geometry": {"type": "Polygon", "coordinates": [[[98.15834360132921, 13.799893409358951], [98.15837769941078, 13.799971844016255], [98.1583117542356, 13.799998860318567], [98.15827757281549, 13.799920516120636], [98.15834360132921, 13.799893409358951]]]}, "id": "00220000000000028bd8", "properties": {"area_in_meters": 73.21456916492376, "bf_source": "microsoft", "boundary_id": 176, "confidence": null, "geometry_wkt": {"type": "Polygon", "coordinates": [[[98.15834360132921, 13.799893409358951], [98.15837769941078, 13.799971844016255], [98.1583117542356, 13.799998860318567], [98.15827757281549, 13.799920516120636], [98.15834360132921, 13.799893409358951]]]}}}, {"type": "Feature", "geometry": {"type": "Polygon", "coordinates": [[[98.14373841331518, 13.745965561314831], [98.14376041843352, 13.746080325402957], [98.14367231464729, 13.746096301590637], [98.14365030955551, 13.745981537460498], [98.14373841331518, 13.745965561314831]]]}, "id": "00220000000000028c92", "properties": {"area_in_meters": 125.67710072247547, "bf_source": "microsoft", "boundary_id": 176, "confidence": null, "geometry_wkt": {"type": "Polygon", "coordinates": [[[98.14373841331518, 13.745965561314831], [98.14376041843352, 13.746080325402957], [98.14367231464729, 13.746096301590637], [98.14365030955551, 13.745981537460498], [98.14373841331518, 13.745965561314831]]]}}}, {"type": "Feature", "geometry": {"type": "Polygon", "coordinates": [[[98.1571675190424, 13.77111514660287], [98.157091237333, 13.771104869401729], [98.15710040780752, 13.77104097815043], [98.15717668952648, 13.771051255352788], [98.1571675190424, 13.77111514660287]]]}, "id": "00220000000000028cd7", "properties": {"area_in_meters": 59.68632518810803, "bf_source": "microsoft", "boundary_id": 176, "confidence": null, "geometry_wkt": {"type": "Polygon", "coordinates": [[[98.1571675190424, 13.77111514660287], [98.157091237333, 13.771104869401729], [98.15710040780752, 13.77104097815043], [98.15717668952648, 13.771051255352788], [98.1571675190424, 13.77111514660287]]]}}}, {"type": "Feature", "geometry": {"type": "Polygon", "coordinates": [[[98.1565982843369, 13.775530474681332], [98.15669465709482, 13.775534472328712], [98.15669115566023, 13.775615105920874], [98.15659469953953, 13.77561111104822], [98.1565982843369, 13.775530474681332]]]}, "id": "00220000000000028ce4", "properties": {"area_in_meters": 93.4701244145763, "bf_source": "microsoft", "boundary_id": 176, "confidence": null, "geometry_wkt": {"type": "Polygon", "coordinates": [[[98.1565982843369, 13.775530474681332], [98.15669465709482, 13.775534472328712], [98.15669115566023, 13.775615105920874], [98.15659469953953, 13.77561111104822], [98.1565982843369, 13.775530474681332]]]}}}, {"type": "Feature", "geometry": {"type": "Polygon", "coordinates": [[[98.1475242247668, 13.749612687378725], [98.14762325298544, 13.74958065052936], [98.1476429252738, 13.749638229188882], [98.1475438970285, 13.749670178376999], [98.1475242247668, 13.749612687378725]]]}, "id": "00220000000000028ce8", "properties": {"area_in_meters": 76.01736548336616, "bf_source": "microsoft", "boundary_id": 176, "confidence": null, "geometry_wkt": {"type": "Polygon", "coordinates": [[[98.1475242247668, 13.749612687378725], [98.14762325298544, 13.74958065052936], [98.1476429252738, 13.749638229188882], [98.1475438970285, 13.749670178376999], [98.1475242247668, 13.749612687378725]]]}}}, {"type": "Feature", "geometry": {"type": "Polygon", "coordinates": [[[98.16228566166775, 13.823513587018226], [98.16223071830943, 13.823569375698305], [98.16217185642658, 13.823514741937132], [98.1622267997407, 13.82345895329434], [98.16228566166775, 13.823513587018226]]]}, "id": "00220000000000028d3a", "properties": {"area_in_meters": 75.46458256746327, "bf_source": "microsoft", "boundary_id": 176, "confidence": null, "geometry_wkt": {"type": "Polygon", "coordinates": [[[98.16228566166775, 13.823513587018226], [98.16223071830943, 13.823569375698305], [98.16217185642658, 13.823514741937132], [98.1622267997407, 13.82345895329434], [98.16228566166775, 13.823513587018226]]]}}}, {"type": "Feature", "geometry": {"type": "Polygon", "coordinates": [[[98.159387643444, 13.801372531486587], [98.15946492799742, 13.801347506439143], [98.15949260705908, 13.80142834789866], [98.1594153224764, 13.801453285255844], [98.159387643444, 13.801372531486587]]]}, "id": "00220000000000028d83", "properties": {"area_in_meters": 83.24709909110346, "bf_source": "microsoft", "boundary_id": 176, "confidence": null, "geometry_wkt": {"type": "Polygon", "coordinates": [[[98.159387643444, 13.801372531486587], [98.15946492799742, 13.801347506439143], [98.15949260705908, 13.80142834789866], [98.1594153224764, 13.801453285255844], [98.159387643444, 13.801372531486587]]]}}}, {"type": "Feature", "geometry": {"type": "Polygon", "coordinates": [[[98.15011183952318, 13.749248981971682], [98.15011475712262, 13.749341665209416], [98.15000363834552, 13.749344900622987], [98.15000080411035, 13.749252214605184], [98.15011183952318, 13.749248981971682]]]}, "id": "00220000000000028def", "properties": {"area_in_meters": 123.71691910689064, "bf_source": "microsoft", "boundary_id": 176, "confidence": null, "geometry_wkt": {"type": "Polygon", "coordinates": [[[98.15011183952318, 13.749248981971682], [98.15011475712262, 13.749341665209416], [98.15000363834552, 13.749344900622987], [98.15000080411035, 13.749252214605184], [98.15011183952318, 13.749248981971682]]]}}}, {"type": "Feature", "geometry": {"type": "Polygon", "coordinates": [[[98.17168300039849, 13.824065002323534], [98.17172002316023, 13.824047712568818], [98.17173845116349, 13.824084914115318], [98.17170142839242, 13.824102203880104], [98.17168300039849, 13.824065002323534]]]}, "id": "00220000000000028e14", "properties": {"area_in_meters": 20.369732001702282, "bf_source": "microsoft", "boundary_id": 176, "confidence": null, "geometry_wkt": {"type": "Polygon", "coordinates": [[[98.17168300039849, 13.824065002323534], [98.17172002316023, 13.824047712568818], [98.17173845116349, 13.824084914115318], [98.17170142839242, 13.824102203880104], [98.17168300039849, 13.824065002323534]]]}}}, {"type": "Feature", "geometry": {"type": "Polygon", "coordinates": [[[98.15648640539493, 13.760974025819275], [98.1565987011738, 13.760938033503471], [98.15662104363591, 13.761003857990419], [98.15650866445543, 13.761039765409254], [98.15648640539493, 13.760974025819275]]]}, "id": "00220000000000028f9d", "properties": {"area_in_meters": 98.39752123005823, "bf_source": "microsoft", "boundary_id": 176, "confidence": null, "geometry_wkt": {"type": "Polygon", "coordinates": [[[98.15648640539493, 13.760974025819275], [98.1565987011738, 13.760938033503471], [98.15662104363591, 13.761003857990419], [98.15650866445543, 13.761039765409254], [98.15648640539493, 13.760974025819275]]]}}}, {"type": "Feature", "geometry": {"type": "Polygon", "coordinates": [[[98.15988778516635, 13.802184406522908], [98.15980783229254, 13.802195659788424], [98.15980057901218, 13.802147212414747], [98.15988053187804, 13.802135871436798], [98.15988778516635, 13.802184406522908]]]}, "id": "002200000000000291e0", "properties": {"area_in_meters": 47.545032141200814, "bf_source": "microsoft", "boundary_id": 176, "confidence": null, "geometry_wkt": {"type": "Polygon", "coordinates": [[[98.15988778516635, 13.802184406522908], [98.15980783229254, 13.802195659788424], [98.15980057901218, 13.802147212414747], [98.15988053187804, 13.802135871436798], [98.15988778516635, 13.802184406522908]]]}}}, {"type": "Feature", "geometry": {"type": "Polygon", "coordinates": [[[98.15156706923791, 13.755981999347997], [98.15165409884541, 13.755963597601216], [98.15166618629908, 13.75601739484556], [98.15157907331555, 13.756035799371377], [98.15156706923791, 13.755981999347997]]]}, "id": "00220000000000029215", "properties": {"area_in_meters": 58.94885119157371, "bf_source": "microsoft", "boundary_id": 176, "confidence": null, "geometry_wkt": {"type": "Polygon", "coordinates": [[[98.15156706923791, 13.755981999347997], [98.15165409884541, 13.755963597601216], [98.15166618629908, 13.75601739484556], [98.15157907331555, 13.756035799371377], [98.15156706923791, 13.755981999347997]]]}}}, {"type": "Feature", "geometry": {"type": "Polygon", "coordinates": [[[98.14855544186328, 13.747823944254835], [98.14861929427758, 13.747805172102877], [98.14864463519899, 13.747886239549565], [98.14858078276254, 13.747905099422573], [98.14855544186328, 13.747823944254835]]]}, "id": "002200000000000293a4", "properties": {"area_in_meters": 67.9414100698764, "bf_source": "microsoft", "boundary_id": 176, "confidence": null, "geometry_wkt": {"type": "Polygon", "coordinates": [[[98.14855544186328, 13.747823944254835], [98.14861929427758, 13.747805172102877], [98.14864463519899, 13.747886239549565], [98.14858078276254, 13.747905099422573], [98.14855544186328, 13.747823944254835]]]}}}, {"type": "Feature", "geometry": {"type": "Polygon", "coordinates": [[[98.16070065824137, 13.819895309820607], [98.16082454922876, 13.819868640099614], [98.16083697168793, 13.81992332646681], [98.16071316405157, 13.819949993445345], [98.16070065824137, 13.819895309820607]]]}, "id": "00220000000000029426", "properties": {"area_in_meters": 85.2008446770156, "bf_source": "microsoft", "boundary_id": 176, "confidence": null, "geometry_wkt": {"type": "Polygon", "coordinates": [[[98.16070065824137, 13.819895309820607], [98.16082454922876, 13.819868640099614], [98.16083697168793, 13.81992332646681], [98.16071316405157, 13.819949993445345], [98.16070065824137, 13.819895309820607]]]}}}, {"type": "Feature", "geometry": {"type": "Polygon", "coordinates": [[[98.15652667179023, 13.778788936457085], [98.1566558078536, 13.778772463027046], [98.1566676460322, 13.778859519262816], [98.15653842658061, 13.77887599549651], [98.15652667179023, 13.778788936457085]]]}, "id": "00220000000000029740", "properties": {"area_in_meters": 137.4062319079367, "bf_source": "microsoft", "boundary_id": 176, "confidence": null, "geometry_wkt": {"type": "Polygon", "coordinates": [[[98.15652667179023, 13.778788936457085], [98.1566558078536, 13.778772463027046], [98.1566676460322, 13.778859519262816], [98.15653842658061, 13.77887599549651], [98.15652667179023, 13.778788936457085]]]}}}, {"type": "Feature", "geometry": {"type": "Polygon", "coordinates": [[[98.15926467196594, 13.79773032293283], [98.1592634214096, 13.797790279888856], [98.15921514995117, 13.797789251164081], [98.15921648387705, 13.797729379158465], [98.15926467196594, 13.79773032293283]]]}, "id": "00220000000000029796", "properties": {"area_in_meters": 34.716721138437336, "bf_source": "microsoft", "boundary_id": 176, "confidence": null, "geometry_wkt": {"type": "Polygon", "coordinates": [[[98.15926467196594, 13.79773032293283], [98.1592634214096, 13.797790279888856], [98.15921514995117, 13.797789251164081], [98.15921648387705, 13.797729379158465], [98.15926467196594, 13.79773032293283]]]}}}, {"type": "Feature", "geometry": {"type": "Polygon", "coordinates": [[[98.14892421950101, 13.740459013668254], [98.1490109125252, 13.740454921834807], [98.14901391343942, 13.740514713476385], [98.14892722041166, 13.740518805323058], [98.14892421950101, 13.740459013668254]]]}, "id": "00220000000000029860", "properties": {"area_in_meters": 62.39824749435376, "bf_source": "microsoft", "boundary_id": 176, "confidence": null, "geometry_wkt": {"type": "Polygon", "coordinates": [[[98.14892421950101, 13.740459013668254], [98.1490109125252, 13.740454921834807], [98.14901391343942, 13.740514713476385], [98.14892722041166, 13.740518805323058], [98.14892421950101, 13.740459013668254]]]}}}, {"type": "Feature", "geometry": {"type": "Polygon", "coordinates": [[[98.14873557917025, 13.754266369596024], [98.14879401344069, 13.754260666306816], [98.1488001819684, 13.75431992089927], [98.14874174769304, 13.754325711896483], [98.14873557917025, 13.754266369596024]]]}, "id": "0022000000000002992c", "properties": {"area_in_meters": 42.03313006356988, "bf_source": "microsoft", "boundary_id": 176, "confidence": null, "geometry_wkt": {"type": "Polygon", "coordinates": [[[98.14873557917025, 13.754266369596024], [98.14879401344069, 13.754260666306816], [98.1488001819684, 13.75431992089927], [98.14874174769304, 13.754325711896483], [98.14873557917025, 13.754266369596024]]]}}}, {"type": "Feature", "geometry": {"type": "Polygon", "coordinates": [[[98.15127447045568, 13.755293519729808], [98.15122762141478, 13.755213598801074], [98.15140784867263, 13.755113888489788], [98.15151004989613, 13.755288181973599], [98.15140159656326, 13.755348246808103], [98.15134624457842, 13.755253786353222], [98.15127447045568, 13.755293519729808]]]}, "id": "0022000000000002992e", "properties": {"area_in_meters": 392.01338005693714, "bf_source": "microsoft", "boundary_id": 176, "confidence": null, "geometry_wkt": {"type": "Polygon", "coordinates": [[[98.15127447045568, 13.755293519729808], [98.15122762141478, 13.755213598801074], [98.15140784867263, 13.755113888489788], [98.15151004989613, 13.755288181973599], [98.15140159656326, 13.755348246808103], [98.15134624457842, 13.755253786353222], [98.15127447045568, 13.755293519729808]]]}}}, {"type": "Feature", "geometry": {"type": "Polygon", "coordinates": [[[98.14998079774762, 13.75196429836308], [98.1498941869321, 13.751999609666584], [98.14985292387517, 13.751904421635594], [98.14993953464176, 13.75186911038737], [98.14998079774762, 13.75196429836308]]]}, "id": "0022000000000002993d", "properties": {"area_in_meters": 116.52422454275171, "bf_source": "microsoft", "boundary_id": 176, "confidence": null, "geometry_wkt": {"type": "Polygon", "coordinates": [[[98.14998079774762, 13.75196429836308], [98.1498941869321, 13.751999609666584], [98.14985292387517, 13.751904421635594], [98.14993953464176, 13.75186911038737], [98.14998079774762, 13.75196429836308]]]}}}, {"type": "Feature", "geometry": {"type": "Polygon", "coordinates": [[[98.14931900702834, 13.7508137870652], [98.14926540716075, 13.750815033056824], [98.149261072492, 13.750646890477578], [98.14931467235641, 13.750645644506324], [98.14931900702834, 13.7508137870652]]]}, "id": "00220000000000029967", "properties": {"area_in_meters": 108.32566535959738, "bf_source": "microsoft", "boundary_id": 176, "confidence": null, "geometry_wkt": {"type": "Polygon", "coordinates": [[[98.14931900702834, 13.7508137870652], [98.14926540716075, 13.750815033056824], [98.149261072492, 13.750646890477578], [98.14931467235641, 13.750645644506324], [98.14931900702834, 13.7508137870652]]]}}}, {"type": "Feature", "geometry": {"type": "Polygon", "coordinates": [[[98.15638486414875, 13.77846454334042], [98.15649124069589, 13.778454964483512], [98.15649715977163, 13.77851695582463], [98.15639078321588, 13.778526534701795], [98.15638486414875, 13.77846454334042]]]}, "id": "0022000000000002998d", "properties": {"area_in_meters": 79.86437151572343, "bf_source": "microsoft", "boundary_id": 176, "confidence": null, "geometry_wkt": {"type": "Polygon", "coordinates": [[[98.15638486414875, 13.77846454334042], [98.15649124069589, 13.778454964483512], [98.15649715977163, 13.77851695582463], [98.15639078321588, 13.778526534701795], [98.15638486414875, 13.77846454334042]]]}}}, {"type": "Feature", "geometry": {"type": "Polygon", "coordinates": [[[98.15937513786054, 13.795215231726553], [98.15928067908901, 13.795235824722994], [98.15926458859553, 13.795166356633175], [98.15935913071678, 13.795145760898684], [98.15937513786054, 13.795215231726553]]]}, "id": "00220000000000029a7a", "properties": {"area_in_meters": 82.7582665885078, "bf_source": "microsoft", "boundary_id": 176, "confidence": null, "geometry_wkt": {"type": "Polygon", "coordinates": [[[98.15937513786054, 13.795215231726553], [98.15928067908901, 13.795235824722994], [98.15926458859553, 13.795166356633175], [98.15935913071678, 13.795145760898684], [98.15937513786054, 13.795215231726553]]]}}}, {"type": "Feature", "geometry": {"type": "Polygon", "coordinates": [[[98.1623387708409, 13.821146625337043], [98.16223747158797, 13.82116438495229], [98.16222388165772, 13.821091224302009], [98.16232518089183, 13.821073464717001], [98.1623387708409, 13.821146625337043]]]}, "id": "00220000000000029ac8", "properties": {"area_in_meters": 91.87252617845859, "bf_source": "microsoft", "boundary_id": 176, "confidence": null, "geometry_wkt": {"type": "Polygon", "coordinates": [[[98.1623387708409, 13.821146625337043], [98.16223747158797, 13.82116438495229], [98.16222388165772, 13.821091224302009], [98.16232518089183, 13.821073464717001], [98.1623387708409, 13.821146625337043]]]}}}, {"type": "Feature", "geometry": {"type": "Polygon", "coordinates": [[[98.14825818710274, 13.750616028973447], [98.14834121158601, 13.750613021246792], [98.14834454590458, 13.750701482653417], [98.14826152141752, 13.750704490397792], [98.14825818710274, 13.750616028973447]]]}, "id": "00220000000000029aca", "properties": {"area_in_meters": 88.34004245533554, "bf_source": "microsoft", "boundary_id": 176, "confidence": null, "geometry_wkt": {"type": "Polygon", "coordinates": [[[98.14825818710274, 13.750616028973447], [98.14834121158601, 13.750613021246792], [98.14834454590458, 13.750701482653417], [98.14826152141752, 13.750704490397792], [98.14825818710274, 13.750616028973447]]]}}}, {"type": "Feature", "geometry": {"type": "Polygon", "coordinates": [[[98.16016924665651, 13.816932109642481], [98.16011563883063, 13.81693319042963], [98.16011455500251, 13.816883743170312], [98.1601681628276, 13.816882662389048], [98.16016924665651, 13.816932109642481]]]}, "id": "00220000000000029b06", "properties": {"area_in_meters": 31.85960922124755, "bf_source": "microsoft", "boundary_id": 176, "confidence": null, "geometry_wkt": {"type": "Polygon", "coordinates": [[[98.16016924665651, 13.816932109642481], [98.16011563883063, 13.81693319042963], [98.16011455500251, 13.816883743170312], [98.1601681628276, 13.816882662389048], [98.16016924665651, 13.816932109642481]]]}}}, {"type": "Feature", "geometry": {"type": "Polygon", "coordinates": [[[98.1437551672115, 13.745240670955296], [98.14386761012759, 13.745235904903373], [98.14387144435905, 13.745321716322994], [98.14375900143708, 13.745326482398939], [98.1437551672115, 13.745240670955296]]]}, "id": "00220000000000029bb2", "properties": {"area_in_meters": 116.10585454257706, "bf_source": "microsoft", "boundary_id": 176, "confidence": null, "geometry_wkt": {"type": "Polygon", "coordinates": [[[98.1437551672115, 13.745240670955296], [98.14386761012759, 13.745235904903373], [98.14387144435905, 13.745321716322994], [98.14375900143708, 13.745326482398939], [98.1437551672115, 13.745240670955296]]]}}}, {"type": "Feature", "geometry": {"type": "Polygon", "coordinates": [[[98.15164634620375, 13.750073247501227], [98.15157999029378, 13.750087719059653], [98.15155814954262, 13.749993556734568], [98.15162450543275, 13.749978997511137], [98.15164634620375, 13.750073247501227]]]}, "id": "00220000000000029c73", "properties": {"area_in_meters": 78.91659752662494, "bf_source": "microsoft", "boundary_id": 176, "confidence": null, "geometry_wkt": {"type": "Polygon", "coordinates": [[[98.15164634620375, 13.750073247501227], [98.15157999029378, 13.750087719059653], [98.15155814954262, 13.749993556734568], [98.15162450543275, 13.749978997511137], [98.15164634620375, 13.750073247501227]]]}}}, {"type": "Feature", "geometry": {"type": "Polygon", "coordinates": [[[98.15984893422822, 13.800160102645492], [98.15991413044944, 13.800137146189988], [98.15994339373388, 13.800215390199288], [98.15987811411544, 13.800238349455102], [98.15984893422822, 13.800160102645492]]]}, "id": "00220000000000029ce4", "properties": {"area_in_meters": 69.36418120027903, "bf_source": "microsoft", "boundary_id": 176, "confidence": null, "geometry_wkt": {"type": "Polygon", "coordinates": [[[98.15984893422822, 13.800160102645492], [98.15991413044944, 13.800137146189988], [98.15994339373388, 13.800215390199288], [98.15987811411544, 13.800238349455102], [98.15984893422822, 13.800160102645492]]]}}}, {"type": "Feature", "geometry": {"type": "Polygon", "coordinates": [[[98.16631231345724, 13.772629964974664], [98.16630814453447, 13.772700092805128], [98.16626803950955, 13.772697915293762], [98.16627220843003, 13.7726277874597], [98.16631231345724, 13.772629964974664]]]}, "id": "00220000000000029d4b", "properties": {"area_in_meters": 33.87168244054181, "bf_source": "microsoft", "boundary_id": 176, "confidence": null, "geometry_wkt": {"type": "Polygon", "coordinates": [[[98.16631231345724, 13.772629964974664], [98.16630814453447, 13.772700092805128], [98.16626803950955, 13.772697915293762], [98.16627220843003, 13.7726277874597], [98.16631231345724, 13.772629964974664]]]}}}, {"type": "Feature", "geometry": {"type": "Polygon", "coordinates": [[[98.1545281348064, 13.758436554828243], [98.15456681618659, 13.758507976719214], [98.1544901203665, 13.758547173569184], [98.15445143902693, 13.758475751635546], [98.1545281348064, 13.758436554828243]]]}, "id": "00220000000000029d77", "properties": {"area_in_meters": 84.01486847520454, "bf_source": "microsoft", "boundary_id": 176, "confidence": null, "geometry_wkt": {"type": "Polygon", "coordinates": [[[98.1545281348064, 13.758436554828243], [98.15456681618659, 13.758507976719214], [98.1544901203665, 13.758547173569184], [98.15445143902693, 13.758475751635546], [98.1545281348064, 13.758436554828243]]]}}}, {"type": "Feature", "geometry": {"type": "Polygon", "coordinates": [[[98.15341113542067, 13.822204044866053], [98.15345565167523, 13.822210725144474], [98.15344956611824, 13.82224891926691], [98.15340504986737, 13.822242238988583], [98.15341113542067, 13.822204044866053]]]}, "id": "00220000000000029ec9", "properties": {"area_in_meters": 20.885495429199672, "bf_source": "microsoft", "boundary_id": 176, "confidence": null, "geometry_wkt": {"type": "Polygon", "coordinates": [[[98.15341113542067, 13.822204044866053], [98.15345565167523, 13.822210725144474], [98.15344956611824, 13.82224891926691], [98.15340504986737, 13.822242238988583], [98.15341113542067, 13.822204044866053]]]}}}, {"type": "Feature", "geometry": {"type": "Polygon", "coordinates": [[[98.14917312878723, 13.749896241048587], [98.1492713256512, 13.749877735859258], [98.14928724722647, 13.749956923359063], [98.14918905034109, 13.749975516275502], [98.14917312878723, 13.749896241048587]]]}, "id": "00220000000000029f6f", "properties": {"area_in_meters": 97.01904291167644, "bf_source": "microsoft", "boundary_id": 176, "confidence": null, "geometry_wkt": {"type": "Polygon", "coordinates": [[[98.14917312878723, 13.749896241048587], [98.1492713256512, 13.749877735859258], [98.14928724722647, 13.749956923359063], [98.14918905034109, 13.749975516275502], [98.14917312878723, 13.749896241048587]]]}}}, {"type": "Feature", "geometry": {"type": "Polygon", "coordinates": [[[98.1510529797921, 13.749827859351582], [98.15105881506629, 13.749762246930633], [98.15114517717906, 13.74976956357915], [98.1511392585368, 13.749835178751594], [98.1510529797921, 13.749827859351582]]]}, "id": "00220000000000029fe7", "properties": {"area_in_meters": 68.55687041252708, "bf_source": "microsoft", "boundary_id": 176, "confidence": null, "geometry_wkt": {"type": "Polygon", "coordinates": [[[98.1510529797921, 13.749827859351582], [98.15105881506629, 13.749762246930633], [98.15114517717906, 13.74976956357915], [98.1511392585368, 13.749835178751594], [98.1510529797921, 13.749827859351582]]]}}}, {"type": "Feature", "geometry": {"type": "Polygon", "coordinates": [[[98.14528045470509, 13.746659570418473], [98.14534397083794, 13.74664019659234], [98.14536230883934, 13.746697117072692], [98.145298876045, 13.746716488165154], [98.14528045470509, 13.746659570418473]]]}, "id": "0022000000000002a0d2", "properties": {"area_in_meters": 47.67815624541393, "bf_source": "microsoft", "boundary_id": 176, "confidence": null, "geometry_wkt": {"type": "Polygon", "coordinates": [[[98.14528045470509, 13.746659570418473], [98.14534397083794, 13.74664019659234], [98.14536230883934, 13.746697117072692], [98.145298876045, 13.746716488165154], [98.14528045470509, 13.746659570418473]]]}}}, {"type": "Feature", "geometry": {"type": "Polygon", "coordinates": [[[98.16985506651858, 13.822863597019998], [98.16978977805422, 13.822894198902627], [98.16977193421842, 13.822858206233862], [98.16983722266684, 13.822827692106996], [98.16985506651858, 13.822863597019998]]]}, "id": "0022000000000002a163", "properties": {"area_in_meters": 34.72269597416222, "bf_source": "microsoft", "boundary_id": 176, "confidence": null, "geometry_wkt": {"type": "Polygon", "coordinates": [[[98.16985506651858, 13.822863597019998], [98.16978977805422, 13.822894198902627], [98.16977193421842, 13.822858206233862], [98.16983722266684, 13.822827692106996], [98.16985506651858, 13.822863597019998]]]}}}, {"type": "Feature", "geometry": {"type": "Polygon", "coordinates": [[[98.15635201750324, 13.775028343326264], [98.15636243839172, 13.774963443803328], [98.1564881561073, 13.774982432078032], [98.15647773520091, 13.77504733160065], [98.15635201750324, 13.775028343326264]]]}, "id": "0022000000000002a1f7", "properties": {"area_in_meters": 100.37720617495351, "bf_source": "microsoft", "boundary_id": 176, "confidence": null, "geometry_wkt": {"type": "Polygon", "coordinates": [[[98.15635201750324, 13.775028343326264], [98.15636243839172, 13.774963443803328], [98.1564881561073, 13.774982432078032], [98.15647773520091, 13.77504733160065], [98.15635201750324, 13.775028343326264]]]}}}, {"type": "Feature", "geometry": {"type": "Polygon", "coordinates": [[[98.15979465966896, 13.800181468169262], [98.15985468683364, 13.800177632097446], [98.15985868864635, 13.80023732790655], [98.1597986614784, 13.800241163988224], [98.15979465966896, 13.800181468169262]]]}, "id": "0022000000000002a205", "properties": {"area_in_meters": 43.20044338658725, "bf_source": "microsoft", "boundary_id": 176, "confidence": null, "geometry_wkt": {"type": "Polygon", "coordinates": [[[98.15979465966896, 13.800181468169262], [98.15985468683364, 13.800177632097446], [98.15985868864635, 13.80023732790655], [98.1597986614784, 13.800241163988224], [98.15979465966896, 13.800181468169262]]]}}}, {"type": "Feature", "geometry": {"type": "Polygon", "coordinates": [[[98.16027554533883, 13.818447913487462], [98.16031381290229, 13.81853007900474], [98.16019134009541, 13.81858381159274], [98.16015307259605, 13.818501733742249], [98.16027554533883, 13.818447913487462]]]}, "id": "0022000000000002a5ea", "properties": {"area_in_meters": 145.50492413825634, "bf_source": "microsoft", "boundary_id": 176, "confidence": null, "geometry_wkt": {"type": "Polygon", "coordinates": [[[98.16027554533883, 13.818447913487462], [98.16031381290229, 13.81853007900474], [98.16019134009541, 13.81858381159274], [98.16015307259605, 13.818501733742249], [98.16027554533883, 13.818447913487462]]]}}}, {"type": "Feature", "geometry": {"type": "Polygon", "coordinates": [[[98.16111260075441, 13.81994179542789], [98.16123966060134, 13.819887821263796], [98.16126233797256, 13.819938130484386], [98.16113527808623, 13.819992104692377], [98.16111260075441, 13.81994179542789]]]}, "id": "0022000000000002a759", "properties": {"area_in_meters": 91.40407499444461, "bf_source": "microsoft", "boundary_id": 176, "confidence": null, "geometry_wkt": {"type": "Polygon", "coordinates": [[[98.16111260075441, 13.81994179542789], [98.16123966060134, 13.819887821263796], [98.16126233797256, 13.819938130484386], [98.16113527808623, 13.819992104692377], [98.16111260075441, 13.81994179542789]]]}}}, {"type": "Feature", "geometry": {"type": "Polygon", "coordinates": [[[98.16027337767788, 13.81465392624136], [98.16044962539704, 13.814629729447423], [98.16045946326712, 13.814697133612915], [98.16028329889582, 13.814721415412842], [98.16027337767788, 13.81465392624136]]]}, "id": "0022000000000002a978", "properties": {"area_in_meters": 145.56533115582056, "bf_source": "microsoft", "boundary_id": 176, "confidence": null, "geometry_wkt": {"type": "Polygon", "coordinates": [[[98.16027337767788, 13.81465392624136], [98.16044962539704, 13.814629729447423], [98.16045946326712, 13.814697133612915], [98.16028329889582, 13.814721415412842], [98.16027337767788, 13.81465392624136]]]}}}, {"type": "Feature", "geometry": {"type": "Polygon", "coordinates": [[[98.15063467520673, 13.752004675470278], [98.15063800963, 13.75206446102182], [98.15053197504501, 13.75206998466618], [98.15052872398705, 13.752010196341297], [98.15063467520673, 13.752004675470278]]]}, "id": "0022000000000002a9c6", "properties": {"area_in_meters": 76.27103705960181, "bf_source": "microsoft", "boundary_id": 176, "confidence": null, "geometry_wkt": {"type": "Polygon", "coordinates": [[[98.15063467520673, 13.752004675470278], [98.15063800963, 13.75206446102182], [98.15053197504501, 13.75206998466618], [98.15052872398705, 13.752010196341297], [98.15063467520673, 13.752004675470278]]]}}}, {"type": "Feature", "geometry": {"type": "Polygon", "coordinates": [[[98.14645292807599, 13.751380332167031], [98.14639574601468, 13.751395902660297], [98.14637340667926, 13.751318679730604], [98.14643058872308, 13.751303109260332], [98.14645292807599, 13.751380332167031]]]}, "id": "0022000000000002ab76", "properties": {"area_in_meters": 57.253036011772394, "bf_source": "microsoft", "boundary_id": 176, "confidence": null, "geometry_wkt": {"type": "Polygon", "coordinates": [[[98.14645292807599, 13.751380332167031], [98.14639574601468, 13.751395902660297], [98.14637340667926, 13.751318679730604], [98.14643058872308, 13.751303109260332], [98.14645292807599, 13.751380332167031]]]}}}, {"type": "Feature", "geometry": {"type": "Polygon", "coordinates": [[[98.15641646030136, 13.775704904469748], [98.15631191793828, 13.77570749264284], [98.15631025059717, 13.775645010782188], [98.15641479295788, 13.775642422623973], [98.15641646030136, 13.775704904469748]]]}, "id": "0022000000000002ada5", "properties": {"area_in_meters": 78.48622756928152, "bf_source": "microsoft", "boundary_id": 176, "confidence": null, "geometry_wkt": {"type": "Polygon", "coordinates": [[[98.15641646030136, 13.775704904469748], [98.15631191793828, 13.77570749264284], [98.15631025059717, 13.775645010782188], [98.15641479295788, 13.775642422623973], [98.15641646030136, 13.775704904469748]]]}}}, {"type": "Feature", "geometry": {"type": "Polygon", "coordinates": [[[98.14808872075463, 13.750649254980763], [98.14800352926135, 13.75067951963616], [98.14796326756279, 13.750572635270192], [98.14804837565148, 13.750542285731514], [98.14808872075463, 13.750649254980763]]]}, "id": "0022000000000002aea8", "properties": {"area_in_meters": 124.00433070871783, "bf_source": "microsoft", "boundary_id": 176, "confidence": null, "geometry_wkt": {"type": "Polygon", "coordinates": [[[98.14808872075463, 13.750649254980763], [98.14800352926135, 13.75067951963616], [98.14796326756279, 13.750572635270192], [98.14804837565148, 13.750542285731514], [98.14808872075463, 13.750649254980763]]]}}}, {"type": "Feature", "geometry": {"type": "Polygon", "coordinates": [[[98.14640883286731, 13.748550658335317], [98.14647826824574, 13.748536612828719], [98.14649052155467, 13.7485939980001], [98.14642116952037, 13.748608040769641], [98.14640883286731, 13.748550658335317]]]}, "id": "0022000000000002aeac", "properties": {"area_in_meters": 49.953517478339926, "bf_source": "microsoft", "boundary_id": 176, "confidence": null, "geometry_wkt": {"type": "Polygon", "coordinates": [[[98.14640883286731, 13.748550658335317], [98.14647826824574, 13.748536612828719], [98.14649052155467, 13.7485939980001], [98.14642116952037, 13.748608040769641], [98.14640883286731, 13.748550658335317]]]}}}, {"type": "Feature", "geometry": {"type": "Polygon", "coordinates": [[[98.15018494626474, 13.750218036296834], [98.15014018192285, 13.750236090614047], [98.15012309312172, 13.750196053291175], [98.15016794081319, 13.750177996229587], [98.15018494626474, 13.750218036296834]]]}, "id": "0022000000000002aec8", "properties": {"area_in_meters": 25.244366472787377, "bf_source": "microsoft", "boundary_id": 176, "confidence": null, "geometry_wkt": {"type": "Polygon", "coordinates": [[[98.15018494626474, 13.750218036296834], [98.15014018192285, 13.750236090614047], [98.15012309312172, 13.750196053291175], [98.15016794081319, 13.750177996229587], [98.15018494626474, 13.750218036296834]]]}}}, {"type": "Feature", "geometry": {"type": "Polygon", "coordinates": [[[98.15653700933629, 13.773475114766393], [98.15654793045509, 13.773402481138925], [98.15667131420062, 13.77341988036984], [98.15666047643084, 13.77349259894108], [98.15653700933629, 13.773475114766393]]]}, "id": "0022000000000002af34", "properties": {"area_in_meters": 109.99922759343305, "bf_source": "microsoft", "boundary_id": 176, "confidence": null, "geometry_wkt": {"type": "Polygon", "coordinates": [[[98.15653700933629, 13.773475114766393], [98.15654793045509, 13.773402481138925], [98.15667131420062, 13.77341988036984], [98.15666047643084, 13.77349259894108], [98.15653700933629, 13.773475114766393]]]}}}, {"type": "Feature", "geometry": {"type": "Polygon", "coordinates": [[[98.17177163825798, 13.821664338388615], [98.17173394839303, 13.821677877178997], [98.1716951745478, 13.821576077329961], [98.17173294777743, 13.821562535785493], [98.17177163825798, 13.821664338388615]]]}, "id": "0022000000000002b06e", "properties": {"area_in_meters": 52.44333017888641, "bf_source": "microsoft", "boundary_id": 176, "confidence": null, "geometry_wkt": {"type": "Polygon", "coordinates": [[[98.17177163825798, 13.821664338388615], [98.17173394839303, 13.821677877178997], [98.1716951745478, 13.821576077329961], [98.17173294777743, 13.821562535785493], [98.17177163825798, 13.821664338388615]]]}}}, {"type": "Feature", "geometry": {"type": "Polygon", "coordinates": [[[98.16096186337457, 13.809728508014311], [98.160965198269, 13.809796038149429], [98.16089825029258, 13.80979914091603], [98.1608949154012, 13.809731610769425], [98.16096186337457, 13.809728508014311]]]}, "id": "0022000000000002b0a7", "properties": {"area_in_meters": 54.39987977335418, "bf_source": "microsoft", "boundary_id": 176, "confidence": null, "geometry_wkt": {"type": "Polygon", "coordinates": [[[98.16096186337457, 13.809728508014311], [98.160965198269, 13.809796038149429], [98.16089825029258, 13.80979914091603], [98.1608949154012, 13.809731610769425], [98.16096186337457, 13.809728508014311]]]}}}, {"type": "Feature", "geometry": {"type": "Polygon", "coordinates": [[[98.1674985483926, 13.818672937370645], [98.16749696417624, 13.818717121438656], [98.16741391793477, 13.818714446252411], [98.16741541876961, 13.818670264954218], [98.1674985483926, 13.818672937370645]]]}, "id": "0022000000000002b37d", "properties": {"area_in_meters": 44.154125874567114, "bf_source": "microsoft", "boundary_id": 176, "confidence": null, "geometry_wkt": {"type": "Polygon", "coordinates": [[[98.1674985483926, 13.818672937370645], [98.16749696417624, 13.818717121438656], [98.16741391793477, 13.818714446252411], [98.16741541876961, 13.818670264954218], [98.1674985483926, 13.818672937370645]]]}}}, {"type": "Feature", "geometry": {"type": "Polygon", "coordinates": [[[98.1569083282907, 13.784795553302537], [98.15686280952085, 13.78479697541547], [98.1568600583873, 13.78471110523224], [98.15690557715546, 13.784709683128488], [98.1569083282907, 13.784795553302537]]]}, "id": "0022000000000002b3b5", "properties": {"area_in_meters": 47.02253597201391, "bf_source": "microsoft", "boundary_id": 176, "confidence": null, "geometry_wkt": {"type": "Polygon", "coordinates": [[[98.1569083282907, 13.784795553302537], [98.15686280952085, 13.78479697541547], [98.1568600583873, 13.78471110523224], [98.15690557715546, 13.784709683128488], [98.1569083282907, 13.784795553302537]]]}}}, {"type": "Feature", "geometry": {"type": "Polygon", "coordinates": [[[98.16394607109562, 13.824562451682151], [98.16397300147129, 13.824625430506542], [98.16388737458361, 13.824660042910098], [98.16386044423946, 13.824596976309149], [98.16394607109562, 13.824562451682151]]]}, "id": "0022000000000002b5b6", "properties": {"area_in_meters": 75.99944193615454, "bf_source": "microsoft", "boundary_id": 176, "confidence": null, "geometry_wkt": {"type": "Polygon", "coordinates": [[[98.16394607109562, 13.824562451682151], [98.16397300147129, 13.824625430506542], [98.16388737458361, 13.824660042910098], [98.16386044423946, 13.824596976309149], [98.16394607109562, 13.824562451682151]]]}}}, {"type": "Feature", "geometry": {"type": "Polygon", "coordinates": [[[98.1518540839397, 13.752019768720595], [98.15185216661439, 13.752090075839018], [98.15173420952401, 13.752087137158997], [98.15173612684622, 13.752016830026875], [98.1518540839397, 13.752019768720595]]]}, "id": "0022000000000002b61b", "properties": {"area_in_meters": 99.63797330845658, "bf_source": "microsoft", "boundary_id": 176, "confidence": null, "geometry_wkt": {"type": "Polygon", "coordinates": [[[98.1518540839397, 13.752019768720595], [98.15185216661439, 13.752090075839018], [98.15173420952401, 13.752087137158997], [98.15173612684622, 13.752016830026875], [98.1518540839397, 13.752019768720595]]]}}}, {"type": "Feature", "geometry": {"type": "Polygon", "coordinates": [[[98.15789690959252, 13.781680383209517], [98.15793609296898, 13.781674347095192], [98.15794426312247, 13.781723809699782], [98.15790499637275, 13.781729936300213], [98.15789690959252, 13.781680383209517]]]}, "id": "0022000000000002b68d", "properties": {"area_in_meters": 23.911477867075437, "bf_source": "microsoft", "boundary_id": 176, "confidence": null, "geometry_wkt": {"type": "Polygon", "coordinates": [[[98.15789690959252, 13.781680383209517], [98.15793609296898, 13.781674347095192], [98.15794426312247, 13.781723809699782], [98.15790499637275, 13.781729936300213], [98.15789690959252, 13.781680383209517]]]}}}, {"type": "Feature", "geometry": {"type": "Polygon", "coordinates": [[[98.14684795231439, 13.741261027681722], [98.1468403668953, 13.741334586029502], [98.14672091748766, 13.741323010698146], [98.14672841953822, 13.741249455097226], [98.14684795231439, 13.741261027681722]]]}, "id": "0022000000000002b6d7", "properties": {"area_in_meters": 106.63146050868394, "bf_source": "microsoft", "boundary_id": 176, "confidence": null, "geometry_wkt": {"type": "Polygon", "coordinates": [[[98.14684795231439, 13.741261027681722], [98.1468403668953, 13.741334586029502], [98.14672091748766, 13.741323010698146], [98.14672841953822, 13.741249455097226], [98.14684795231439, 13.741261027681722]]]}}}, {"type": "Feature", "geometry": {"type": "Polygon", "coordinates": [[[98.15120503051787, 13.754582313825813], [98.15121311655766, 13.754610460111083], [98.15116585075015, 13.754623248808999], [98.15114075903762, 13.754536294315109], [98.15123879182393, 13.75450963647596], [98.15125579752474, 13.75456853234445], [98.15120503051787, 13.754582313825813]]]}, "id": "0022000000000002b7f6", "properties": {"area_in_meters": 91.92675487237729, "bf_source": "microsoft", "boundary_id": 176, "confidence": null, "geometry_wkt": {"type": "Polygon", "coordinates": [[[98.15120503051787, 13.754582313825813], [98.15121311655766, 13.754610460111083], [98.15116585075015, 13.754623248808999], [98.15114075903762, 13.754536294315109], [98.15123879182393, 13.75450963647596], [98.15125579752474, 13.75456853234445], [98.15120503051787, 13.754582313825813]]]}}}, {"type": "Feature", "geometry": {"type": "Polygon", "coordinates": [[[98.15930010440452, 13.800922070568], [98.1593295341842, 13.800920829875725], [98.15932703306932, 13.800864768338448], [98.15944750353327, 13.800859626437527], [98.15945192217688, 13.800958434536605], [98.15930202192521, 13.80096481716261], [98.15930010440452, 13.800922070568]]]}, "id": "0022000000000002b81f", "properties": {"area_in_meters": 158.32577380861554, "bf_source": "microsoft", "boundary_id": 176, "confidence": null, "geometry_wkt": {"type": "Polygon", "coordinates": [[[98.15930010440452, 13.800922070568], [98.1593295341842, 13.800920829875725], [98.15932703306932, 13.800864768338448], [98.15944750353327, 13.800859626437527], [98.15945192217688, 13.800958434536605], [98.15930202192521, 13.80096481716261], [98.15930010440452, 13.800922070568]]]}}}, {"type": "Feature", "geometry": {"type": "Polygon", "coordinates": [[[98.14927215924143, 13.747723083992046], [98.14916487625544, 13.747721719510272], [98.14916562648555, 13.747664431455222], [98.14927290947266, 13.747665708255571], [98.14927215924143, 13.747723083992046]]]}, "id": "0022000000000002b8cf", "properties": {"area_in_meters": 73.8452355174326, "bf_source": "microsoft", "boundary_id": 176, "confidence": null, "geometry_wkt": {"type": "Polygon", "coordinates": [[[98.14927215924143, 13.747723083992046], [98.14916487625544, 13.747721719510272], [98.14916562648555, 13.747664431455222], [98.14927290947266, 13.747665708255571], [98.14927215924143, 13.747723083992046]]]}}}, {"type": "Feature", "geometry": {"type": "Polygon", "coordinates": [[[98.147623002914, 13.74921111638011], [98.14763859070135, 13.74928619328757], [98.14752664212071, 13.749308221481554], [98.14751105435727, 13.749233144537667], [98.147623002914, 13.74921111638011]]]}, "id": "0022000000000002b9f9", "properties": {"area_in_meters": 105.09530557652793, "bf_source": "microsoft", "boundary_id": 176, "confidence": null, "geometry_wkt": {"type": "Polygon", "coordinates": [[[98.147623002914, 13.74921111638011], [98.14763859070135, 13.74928619328757], [98.14752664212071, 13.749308221481554], [98.14751105435727, 13.749233144537667], [98.147623002914, 13.74921111638011]]]}}}, {"type": "Feature", "geometry": {"type": "Polygon", "coordinates": [[[98.15002314455522, 13.748697868284491], [98.15008658145273, 13.748690597092596], [98.15010108608617, 13.748808766341673], [98.15003756581618, 13.748816040314853], [98.15002314455522, 13.748697868284491]]]}, "id": "0022000000000002bad7", "properties": {"area_in_meters": 91.35985512628987, "bf_source": "microsoft", "boundary_id": 176, "confidence": null, "geometry_wkt": {"type": "Polygon", "coordinates": [[[98.15002314455522, 13.748697868284491], [98.15008658145273, 13.748690597092596], [98.15010108608617, 13.748808766341673], [98.15003756581618, 13.748816040314853], [98.15002314455522, 13.748697868284491]]]}}}, {"type": "Feature", "geometry": {"type": "Polygon", "coordinates": [[[98.15944316826052, 13.797531052160648], [98.159447336792, 13.797614163570618], [98.15937238663246, 13.797617705216277], [98.15936821810524, 13.79753459379042], [98.15944316826052, 13.797531052160648]]]}, "id": "0022000000000002bb44", "properties": {"area_in_meters": 74.9924539588677, "bf_source": "microsoft", "boundary_id": 176, "confidence": null, "geometry_wkt": {"type": "Polygon", "coordinates": [[[98.15944316826052, 13.797531052160648], [98.159447336792, 13.797614163570618], [98.15937238663246, 13.797617705216277], [98.15936821810524, 13.79753459379042], [98.15944316826052, 13.797531052160648]]]}}}, {"type": "Feature", "geometry": {"type": "Polygon", "coordinates": [[[98.15238585188662, 13.756091016325856], [98.15245204180316, 13.756051554815317], [98.15248438651969, 13.756102576962903], [98.15241819657386, 13.756142126200306], [98.15238585188662, 13.756091016325856]]]}, "id": "0022000000000002bbef", "properties": {"area_in_meters": 55.905995340312664, "bf_source": "microsoft", "boundary_id": 176, "confidence": null, "geometry_wkt": {"type": "Polygon", "coordinates": [[[98.15238585188662, 13.756091016325856], [98.15245204180316, 13.756051554815317], [98.15248438651969, 13.756102576962903], [98.15241819657386, 13.756142126200306], [98.15238585188662, 13.756091016325856]]]}}}, {"type": "Feature", "geometry": {"type": "Polygon", "coordinates": [[[98.15641054123216, 13.774163521145832], [98.15648557172238, 13.774166472284142], [98.15648198693054, 13.774251054729248], [98.15640703981116, 13.774248100837161], [98.15641054123216, 13.774163521145832]]]}, "id": "0022000000000002bcac", "properties": {"area_in_meters": 76.28691872915635, "bf_source": "microsoft", "boundary_id": 176, "confidence": null, "geometry_wkt": {"type": "Polygon", "coordinates": [[[98.15641054123216, 13.774163521145832], [98.15648557172238, 13.774166472284142], [98.15648198693054, 13.774251054729248], [98.15640703981116, 13.774248100837161], [98.15641054123216, 13.774163521145832]]]}}}, {"type": "Feature", "geometry": {"type": "Polygon", "coordinates": [[[98.14689179771928, 13.748316691924376], [98.14691430392591, 13.74840232616311], [98.14684745217686, 13.748418917173192], [98.1468249459908, 13.748333282906232], [98.14689179771928, 13.748316691924376]]]}, "id": "0022000000000002bd17", "properties": {"area_in_meters": 73.15493997333914, "bf_source": "microsoft", "boundary_id": 176, "confidence": null, "geometry_wkt": {"type": "Polygon", "coordinates": [[[98.14689179771928, 13.748316691924376], [98.14691430392591, 13.74840232616311], [98.14684745217686, 13.748418917173192], [98.1468249459908, 13.748333282906232], [98.14689179771928, 13.748316691924376]]]}}}, {"type": "Feature", "geometry": {"type": "Polygon", "coordinates": [[[98.15672275194524, 13.773522373044905], [98.1567193338768, 13.773597740129766], [98.15652216995612, 13.773589276677022], [98.15652567138262, 13.77351390680787], [98.15672275194524, 13.773522373044905]]]}, "id": "0022000000000002bd41", "properties": {"area_in_meters": 178.81878277599785, "bf_source": "microsoft", "boundary_id": 176, "confidence": null, "geometry_wkt": {"type": "Polygon", "coordinates": [[[98.15672275194524, 13.773522373044905], [98.1567193338768, 13.773597740129766], [98.15652216995612, 13.773589276677022], [98.15652567138262, 13.77351390680787], [98.15672275194524, 13.773522373044905]]]}}}, {"type": "Feature", "geometry": {"type": "Polygon", "coordinates": [[[98.14813273361983, 13.75057518881809], [98.14818324841828, 13.75057036191438], [98.14819558537106, 13.750692814351895], [98.14814507056407, 13.750697641275], [98.14813273361983, 13.75057518881809]]]}, "id": "0022000000000002beae", "properties": {"area_in_meters": 74.95181879631033, "bf_source": "microsoft", "boundary_id": 176, "confidence": null, "geometry_wkt": {"type": "Polygon", "coordinates": [[[98.14813273361983, 13.75057518881809], [98.14818324841828, 13.75057036191438], [98.14819558537106, 13.750692814351895], [98.14814507056407, 13.750697641275], [98.14813273361983, 13.75057518881809]]]}}}, {"type": "Feature", "geometry": {"type": "Polygon", "coordinates": [[[98.142427537038, 13.744489852031235], [98.14255281401685, 13.744438624909856], [98.14257973650945, 13.744500523074894], [98.14245445948438, 13.744551837940033], [98.142427537038, 13.744489852031235]]]}, "id": "0022000000000002beca", "properties": {"area_in_meters": 109.75640008683376, "bf_source": "microsoft", "boundary_id": 176, "confidence": null, "geometry_wkt": {"type": "Polygon", "coordinates": [[[98.142427537038, 13.744489852031235], [98.14255281401685, 13.744438624909856], [98.14257973650945, 13.744500523074894], [98.14245445948438, 13.744551837940033], [98.142427537038, 13.744489852031235]]]}}}, {"type": "Feature", "geometry": {"type": "Polygon", "coordinates": [[[98.15330484672027, 13.756430603555529], [98.15328042118195, 13.756491747839958], [98.1532162312396, 13.75646756267851], [98.15324065675647, 13.756406418405943], [98.15330484672027, 13.756430603555529]]]}, "id": "0022000000000002bf10", "properties": {"area_in_meters": 54.26593589361245, "bf_source": "microsoft", "boundary_id": 176, "confidence": null, "geometry_wkt": {"type": "Polygon", "coordinates": [[[98.15330484672027, 13.756430603555529], [98.15328042118195, 13.756491747839958], [98.1532162312396, 13.75646756267851], [98.15324065675647, 13.756406418405943], [98.15330484672027, 13.756430603555529]]]}}}, {"type": "Feature", "geometry": {"type": "Polygon", "coordinates": [[[98.14905826029724, 13.748155727497736], [98.14905734335065, 13.74807236187991], [98.1491914677501, 13.74807099751495], [98.14919238469837, 13.74815427541647], [98.14905826029724, 13.748155727497736]]]}, "id": "0022000000000002bf6e", "properties": {"area_in_meters": 134.269933908782, "bf_source": "microsoft", "boundary_id": 176, "confidence": null, "geometry_wkt": {"type": "Polygon", "coordinates": [[[98.14905826029724, 13.748155727497736], [98.14905734335065, 13.74807236187991], [98.1491914677501, 13.74807099751495], [98.14919238469837, 13.74815427541647], [98.14905826029724, 13.748155727497736]]]}}}, {"type": "Feature", "geometry": {"type": "Polygon", "coordinates": [[[98.15091176629839, 13.754766443681387], [98.15085349705558, 13.754792750876696], [98.1508073985316, 13.754696230507914], [98.15086566773765, 13.754670011049798], [98.15091176629839, 13.754766443681387]]]}, "id": "0022000000000002c079", "properties": {"area_in_meters": 82.0620674180017, "bf_source": "microsoft", "boundary_id": 176, "confidence": null, "geometry_wkt": {"type": "Polygon", "coordinates": [[[98.15091176629839, 13.754766443681387], [98.15085349705558, 13.754792750876696], [98.1508073985316, 13.754696230507914], [98.15086566773765, 13.754670011049798], [98.15091176629839, 13.754766443681387]]]}}}, {"type": "Feature", "geometry": {"type": "Polygon", "coordinates": [[[98.14915170555007, 13.74747152964913], [98.1491497049368, 13.747407492622425], [98.14928499653237, 13.747403546727655], [98.14928708050839, 13.747467493286303], [98.14915170555007, 13.74747152964913]]]}, "id": "0022000000000002c52a", "properties": {"area_in_meters": 104.05638749963262, "bf_source": "microsoft", "boundary_id": 176, "confidence": null, "geometry_wkt": {"type": "Polygon", "coordinates": [[[98.14915170555007, 13.74747152964913], [98.1491497049368, 13.747407492622425], [98.14928499653237, 13.747403546727655], [98.14928708050839, 13.747467493286303], [98.14915170555007, 13.74747152964913]]]}}}, {"type": "Feature", "geometry": {"type": "Polygon", "coordinates": [[[98.15657494147347, 13.7729388376876], [98.15670266037455, 13.772940042716606], [98.15670191006704, 13.773018215418661], [98.15657419116725, 13.773017010408156], [98.15657494147347, 13.7729388376876]]]}, "id": "0022000000000002c594", "properties": {"area_in_meters": 119.84797803942656, "bf_source": "microsoft", "boundary_id": 176, "confidence": null, "geometry_wkt": {"type": "Polygon", "coordinates": [[[98.15657494147347, 13.7729388376876], [98.15670266037455, 13.772940042716606], [98.15670191006704, 13.773018215418661], [98.15657419116725, 13.773017010408156], [98.15657494147347, 13.7729388376876]]]}}}, {"type": "Feature", "geometry": {"type": "Polygon", "coordinates": [[[98.1561044176302, 13.77421962653565], [98.1562249661505, 13.774223086461207], [98.15622296534356, 13.774290776362855], [98.15610233345976, 13.774287319213482], [98.1561044176302, 13.77421962653565]]]}, "id": "0022000000000002c762", "properties": {"area_in_meters": 98.08889742832741, "bf_source": "microsoft", "boundary_id": 176, "confidence": null, "geometry_wkt": {"type": "Polygon", "coordinates": [[[98.1561044176302, 13.77421962653565], [98.1562249661505, 13.774223086461207], [98.15622296534356, 13.774290776362855], [98.15610233345976, 13.774287319213482], [98.1561044176302, 13.77421962653565]]]}}}, {"type": "Feature", "geometry": {"type": "Polygon", "coordinates": [[[98.16270019771396, 13.824602427947775], [98.16279291003937, 13.82459232303766], [98.16280499933507, 13.824696858872036], [98.16271228699432, 13.824706963814112], [98.16270019771396, 13.824602427947775]]]}, "id": "0022000000000002c806", "properties": {"area_in_meters": 117.8088318964109, "bf_source": "microsoft", "boundary_id": 176, "confidence": null, "geometry_wkt": {"type": "Polygon", "coordinates": [[[98.16270019771396, 13.824602427947775], [98.16279291003937, 13.82459232303766], [98.16280499933507, 13.824696858872036], [98.16271228699432, 13.824706963814112], [98.16270019771396, 13.824602427947775]]]}}}, {"type": "Feature", "geometry": {"type": "Polygon", "coordinates": [[[98.16203795832563, 13.743272173752658], [98.16199602142413, 13.743296009780465], [98.16197259346379, 13.74325723816797], [98.1620146137254, 13.74323339939428], [98.16203795832563, 13.743272173752658]]]}, "id": "0022000000000002c82e", "properties": {"area_in_meters": 26.265707227994888, "bf_source": "microsoft", "boundary_id": 176, "confidence": null, "geometry_wkt": {"type": "Polygon", "coordinates": [[[98.16203795832563, 13.743272173752658], [98.16199602142413, 13.743296009780465], [98.16197259346379, 13.74325723816797], [98.1620146137254, 13.74323339939428], [98.16203795832563, 13.743272173752658]]]}}}, {"type": "Feature", "geometry": {"type": "Polygon", "coordinates": [[[98.15076246708685, 13.751403948111337], [98.15086941897567, 13.751409794515366], [98.1508645840467, 13.751492913669406], [98.15075763216494, 13.751487067276742], [98.15076246708685, 13.751403948111337]]]}, "id": "0022000000000002c92f", "properties": {"area_in_meters": 107.08764340883205, "bf_source": "microsoft", "boundary_id": 176, "confidence": null, "geometry_wkt": {"type": "Polygon", "coordinates": [[[98.15076246708685, 13.751403948111337], [98.15086941897567, 13.751409794515366], [98.1508645840467, 13.751492913669406], [98.15075763216494, 13.751487067276742], [98.15076246708685, 13.751403948111337]]]}}}, {"type": "Feature", "geometry": {"type": "Polygon", "coordinates": [[[98.15061508547319, 13.750447690549448], [98.15062333816881, 13.750522396177967], [98.15052789038248, 13.750532304842581], [98.15051963769763, 13.750457686885136], [98.15061508547319, 13.750447690549448]]]}, "id": "0022000000000002ca3e", "properties": {"area_in_meters": 86.6291581055031, "bf_source": "microsoft", "boundary_id": 176, "confidence": null, "geometry_wkt": {"type": "Polygon", "coordinates": [[[98.15061508547319, 13.750447690549448], [98.15062333816881, 13.750522396177967], [98.15052789038248, 13.750532304842581], [98.15051963769763, 13.750457686885136], [98.15061508547319, 13.750447690549448]]]}}}, {"type": "Feature", "geometry": {"type": "Polygon", "coordinates": [[[98.14991294287478, 13.750121095499821], [98.15003098038453, 13.750084745916073], [98.1500471522051, 13.750134459887038], [98.1499291146692, 13.750170809503663], [98.14991294287478, 13.750121095499821]]]}, "id": "0022000000000002ca76", "properties": {"area_in_meters": 77.56571270638379, "bf_source": "microsoft", "boundary_id": 176, "confidence": null, "geometry_wkt": {"type": "Polygon", "coordinates": [[[98.14991294287478, 13.750121095499821], [98.15003098038453, 13.750084745916073], [98.1500471522051, 13.750134459887038], [98.1499291146692, 13.750170809503663], [98.14991294287478, 13.750121095499821]]]}}}, {"type": "Feature", "geometry": {"type": "Polygon", "coordinates": [[[98.1592552511087, 13.794492523260251], [98.15916412730435, 13.794495110003169], [98.15916029227026, 13.794362338906359], [98.15925141606981, 13.794359839913112], [98.1592552511087, 13.794492523260251]]]}, "id": "0022000000000002cba5", "properties": {"area_in_meters": 145.35591172232535, "bf_source": "microsoft", "boundary_id": 176, "confidence": null, "geometry_wkt": {"type": "Polygon", "coordinates": [[[98.1592552511087, 13.794492523260251], [98.15916412730435, 13.794495110003169], [98.15916029227026, 13.794362338906359], [98.15925141606981, 13.794359839913112], [98.1592552511087, 13.794492523260251]]]}}}, {"type": "Feature", "geometry": {"type": "Polygon", "coordinates": [[[98.15194578216513, 13.752044359613487], [98.15195045044152, 13.752110151847665], [98.1518916801982, 13.752114025049156], [98.15188709528759, 13.752048230046912], [98.15194578216513, 13.752044359613487]]]}, "id": "0022000000000002ccaf", "properties": {"area_in_meters": 46.60251603316215, "bf_source": "microsoft", "boundary_id": 176, "confidence": null, "geometry_wkt": {"type": "Polygon", "coordinates": [[[98.15194578216513, 13.752044359613487], [98.15195045044152, 13.752110151847665], [98.1518916801982, 13.752114025049156], [98.15188709528759, 13.752048230046912], [98.15194578216513, 13.752044359613487]]]}}}, {"type": "Feature", "geometry": {"type": "Polygon", "coordinates": [[[98.14969404048371, 13.748750753630619], [98.1496979583806, 13.748616892057415], [98.14976097819779, 13.748618667138377], [98.14975706029752, 13.748752528697937], [98.14969404048371, 13.748750753630619]]]}, "id": "0022000000000002ccbd", "properties": {"area_in_meters": 101.46889846504035, "bf_source": "microsoft", "boundary_id": 176, "confidence": null, "geometry_wkt": {"type": "Polygon", "coordinates": [[[98.14969404048371, 13.748750753630619], [98.1496979583806, 13.748616892057415], [98.14976097819779, 13.748618667138377], [98.14975706029752, 13.748752528697937], [98.14969404048371, 13.748750753630619]]]}}}, {"type": "Feature", "geometry": {"type": "Polygon", "coordinates": [[[98.14848858861203, 13.748745265242164], [98.14855827604237, 13.748743224803865], [98.14856044335586, 13.748811992485685], [98.14849075592346, 13.74881403293516], [98.14848858861203, 13.748745265242164]]]}, "id": "0022000000000002cd24", "properties": {"area_in_meters": 57.65044932799917, "bf_source": "microsoft", "boundary_id": 176, "confidence": null, "geometry_wkt": {"type": "Polygon", "coordinates": [[[98.14848858861203, 13.748745265242164], [98.14855827604237, 13.748743224803865], [98.14856044335586, 13.748811992485685], [98.14849075592346, 13.74881403293516], [98.14848858861203, 13.748745265242164]]]}}}, {"type": "Feature", "geometry": {"type": "Polygon", "coordinates": [[[98.15512277992354, 13.779061336862165], [98.15510135494185, 13.779060994538582], [98.15510310562105, 13.77895682204662], [98.15512453060326, 13.778957164374148], [98.15512277992354, 13.779061336862165]]]}, "id": "0022000000000002cda9", "properties": {"area_in_meters": 26.842732342233873, "bf_source": "microsoft", "boundary_id": 176, "confidence": null, "geometry_wkt": {"type": "Polygon", "coordinates": [[[98.15512277992354, 13.779061336862165], [98.15510135494185, 13.779060994538582], [98.15510310562105, 13.77895682204662], [98.15512453060326, 13.778957164374148], [98.15512277992354, 13.779061336862165]]]}}}, {"type": "Feature", "geometry": {"type": "Polygon", "coordinates": [[[98.14985442434957, 13.749670003531376], [98.14993336601783, 13.749639682282965], [98.1499736288023, 13.749738848133763], [98.14989477045026, 13.749769078982657], [98.14985442434957, 13.749670003531376]]]}, "id": "0022000000000002cde8", "properties": {"area_in_meters": 108.59751074912488, "bf_source": "microsoft", "boundary_id": 176, "confidence": null, "geometry_wkt": {"type": "Polygon", "coordinates": [[[98.14985442434957, 13.749670003531376], [98.14993336601783, 13.749639682282965], [98.1499736288023, 13.749738848133763], [98.14989477045026, 13.749769078982657], [98.14985442434957, 13.749670003531376]]]}}}, {"type": "Feature", "geometry": {"type": "Polygon", "coordinates": [[[98.15708915313441, 13.771943592616454], [98.15706997851014, 13.77200281655855], [98.15696009967327, 13.77196935791957], [98.15697927426872, 13.771910046283374], [98.15708915313441, 13.771943592616454]]]}, "id": "0022000000000002cef8", "properties": {"area_in_meters": 85.92589512654901, "bf_source": "microsoft", "boundary_id": 176, "confidence": null, "geometry_wkt": {"type": "Polygon", "coordinates": [[[98.15708915313441, 13.771943592616454], [98.15706997851014, 13.77200281655855], [98.15696009967327, 13.77196935791957], [98.15697927426872, 13.771910046283374], [98.15708915313441, 13.771943592616454]]]}}}, {"type": "Feature", "geometry": {"type": "Polygon", "coordinates": [[[98.14764475913147, 13.750835637371772], [98.14757532264399, 13.75085906713867], [98.14754506402724, 13.750774038632365], [98.14761450048594, 13.750750696595333], [98.14764475913147, 13.750835637371772]]]}, "id": "0022000000000002cf7c", "properties": {"area_in_meters": 79.39376150389876, "bf_source": "microsoft", "boundary_id": 176, "confidence": null, "geometry_wkt": {"type": "Polygon", "coordinates": [[[98.14764475913147, 13.750835637371772], [98.14757532264399, 13.75085906713867], [98.14754506402724, 13.750774038632365], [98.14761450048594, 13.750750696595333], [98.14764475913147, 13.750835637371772]]]}}}, {"type": "Feature", "geometry": {"type": "Polygon", "coordinates": [[[98.15113817484179, 13.752951620878992], [98.15115726454854, 13.75302509238933], [98.15101104919256, 13.75306097278332], [98.15099195952402, 13.752987501220364], [98.15113817484179, 13.752951620878992]]]}, "id": "0022000000000002cfc9", "properties": {"area_in_meters": 137.26632387275382, "bf_source": "microsoft", "boundary_id": 176, "confidence": null, "geometry_wkt": {"type": "Polygon", "coordinates": [[[98.15113817484179, 13.752951620878992], [98.15115726454854, 13.75302509238933], [98.15101104919256, 13.75306097278332], [98.15099195952402, 13.752987501220364], [98.15113817484179, 13.752951620878992]]]}}}, {"type": "Feature", "geometry": {"type": "Polygon", "coordinates": [[[98.14891004853568, 13.742098465256527], [98.14890813128764, 13.742187006753914], [98.14881602008248, 13.74218513969633], [98.14881793732809, 13.742096598184968], [98.14891004853568, 13.742098465256527]]]}, "id": "0022000000000002cfd8", "properties": {"area_in_meters": 98.00970067253247, "bf_source": "microsoft", "boundary_id": 176, "confidence": null, "geometry_wkt": {"type": "Polygon", "coordinates": [[[98.14891004853568, 13.742098465256527], [98.14890813128764, 13.742187006753914], [98.14881602008248, 13.74218513969633], [98.14881793732809, 13.742096598184968], [98.14891004853568, 13.742098465256527]]]}}}, {"type": "Feature", "geometry": {"type": "Polygon", "coordinates": [[[98.15599579074522, 13.777162123044134], [98.1559933731111, 13.777214128044044], [98.15588216202755, 13.777209218868636], [98.15588457965801, 13.777157213860532], [98.15599579074522, 13.777162123044134]]]}, "id": "0022000000000002d036", "properties": {"area_in_meters": 69.6025890610434, "bf_source": "microsoft", "boundary_id": 176, "confidence": null, "geometry_wkt": {"type": "Polygon", "coordinates": [[[98.15599579074522, 13.777162123044134], [98.1559933731111, 13.777214128044044], [98.15588216202755, 13.777209218868636], [98.15588457965801, 13.777157213860532], [98.15599579074522, 13.777162123044134]]]}}}, {"type": "Feature", "geometry": {"type": "Polygon", "coordinates": [[[98.14697398708527, 13.75048457988993], [98.14690021670687, 13.750524463868722], [98.1468734593338, 13.750477729962554], [98.14694722968517, 13.750437846011662], [98.14697398708527, 13.75048457988993]]]}, "id": "0022000000000002d061", "properties": {"area_in_meters": 54.2046576957153, "bf_source": "microsoft", "boundary_id": 176, "confidence": null, "geometry_wkt": {"type": "Polygon", "coordinates": [[[98.14697398708527, 13.75048457988993], [98.14690021670687, 13.750524463868722], [98.1468734593338, 13.750477729962554], [98.14694722968517, 13.750437846011662], [98.14697398708527, 13.75048457988993]]]}}}, {"type": "Feature", "geometry": {"type": "Polygon", "coordinates": [[[98.14926474028863, 13.7509980739306], [98.14933709595054, 13.751000592526603], [98.14933392830486, 13.751089005896084], [98.14926157264607, 13.751086575004717], [98.14926474028863, 13.7509980739306]]]}, "id": "0022000000000002d268", "properties": {"area_in_meters": 76.95030746135475, "bf_source": "microsoft", "boundary_id": 176, "confidence": null, "geometry_wkt": {"type": "Polygon", "coordinates": [[[98.14926474028863, 13.7509980739306], [98.14933709595054, 13.751000592526603], [98.14933392830486, 13.751089005896084], [98.14926157264607, 13.751086575004717], [98.14926474028863, 13.7509980739306]]]}}}, {"type": "Feature", "geometry": {"type": "Polygon", "coordinates": [[[98.16028955176495, 13.8170086509431], [98.16030305796413, 13.817067072921551], [98.1602469488938, 13.817079379459456], [98.16025036712716, 13.817094268718396], [98.16018500386319, 13.817108637724951], [98.16016791271323, 13.81703533199547], [98.16028955176495, 13.8170086509431]]]}, "id": "0022000000000002d356", "properties": {"area_in_meters": 101.91057384871993, "bf_source": "microsoft", "boundary_id": 176, "confidence": null, "geometry_wkt": {"type": "Polygon", "coordinates": [[[98.16028955176495, 13.8170086509431], [98.16030305796413, 13.817067072921551], [98.1602469488938, 13.817079379459456], [98.16025036712716, 13.817094268718396], [98.16018500386319, 13.817108637724951], [98.16016791271323, 13.81703533199547], [98.16028955176495, 13.8170086509431]]]}}}, {"type": "Feature", "geometry": {"type": "Polygon", "coordinates": [[[98.14717054174538, 13.751680296262107], [98.14713203099423, 13.751681481573035], [98.14713044721918, 13.75163461680176], [98.14716895796951, 13.751633431495078], [98.14717054174538, 13.751680296262107]]]}, "id": "0022000000000002d4ae", "properties": {"area_in_meters": 21.708109061471653, "bf_source": "microsoft", "boundary_id": 176, "confidence": null, "geometry_wkt": {"type": "Polygon", "coordinates": [[[98.14717054174538, 13.751680296262107], [98.14713203099423, 13.751681481573035], [98.14713044721918, 13.75163461680176], [98.14716895796951, 13.751633431495078], [98.14717054174538, 13.751680296262107]]]}}}, {"type": "Feature", "geometry": {"type": "Polygon", "coordinates": [[[98.14890137924061, 13.747799881962004], [98.14890446350893, 13.747876774223988], [98.1487985981572, 13.747880799700146], [98.14879551389333, 13.747803819725604], [98.14890137924061, 13.747799881962004]]]}, "id": "0022000000000002d6e9", "properties": {"area_in_meters": 97.89541333233682, "bf_source": "microsoft", "boundary_id": 176, "confidence": null, "geometry_wkt": {"type": "Polygon", "coordinates": [[[98.14890137924061, 13.747799881962004], [98.14890446350893, 13.747876774223988], [98.1487985981572, 13.747880799700146], [98.14879551389333, 13.747803819725604], [98.14890137924061, 13.747799881962004]]]}}}, {"type": "Feature", "geometry": {"type": "Polygon", "coordinates": [[[98.15997524153823, 13.7997171057052], [98.15997324062864, 13.799632692948808], [98.16010996957607, 13.799629555058532], [98.16011197048938, 13.799713967788957], [98.15997524153823, 13.7997171057052]]]}, "id": "0022000000000002d809", "properties": {"area_in_meters": 138.6725351342566, "bf_source": "microsoft", "boundary_id": 176, "confidence": null, "geometry_wkt": {"type": "Polygon", "coordinates": [[[98.15997524153823, 13.7997171057052], [98.15997324062864, 13.799632692948808], [98.16010996957607, 13.799629555058532], [98.16011197048938, 13.799713967788957], [98.15997524153823, 13.7997171057052]]]}}}, {"type": "Feature", "geometry": {"type": "Polygon", "coordinates": [[[98.1505924947657, 13.752479888385398], [98.1505971629556, 13.752591721207644], [98.15052388908062, 13.752594582993055], [98.15051922089539, 13.752482750150714], [98.1505924947657, 13.752479888385398]]]}, "id": "0022000000000002d8ab", "properties": {"area_in_meters": 98.58245848491427, "bf_source": "microsoft", "boundary_id": 176, "confidence": null, "geometry_wkt": {"type": "Polygon", "coordinates": [[[98.1505924947657, 13.752479888385398], [98.1505971629556, 13.752591721207644], [98.15052388908062, 13.752594582993055], [98.15051922089539, 13.752482750150714], [98.1505924947657, 13.752479888385398]]]}}}, {"type": "Feature", "geometry": {"type": "Polygon", "coordinates": [[[98.14982183071837, 13.74788143861269], [98.14984483798594, 13.747961179848543], [98.14976022796155, 13.747984146244862], [98.14973730408019, 13.747904402218214], [98.14982183071837, 13.74788143861269]]]}, "id": "0022000000000002d933", "properties": {"area_in_meters": 87.34739538845633, "bf_source": "microsoft", "boundary_id": 176, "confidence": null, "geometry_wkt": {"type": "Polygon", "coordinates": [[[98.14982183071837, 13.74788143861269], [98.14984483798594, 13.747961179848543], [98.14976022796155, 13.747984146244862], [98.14973730408019, 13.747904402218214], [98.14982183071837, 13.74788143861269]]]}}}, {"type": "Feature", "geometry": {"type": "Polygon", "coordinates": [[[98.15931077582466, 13.80072994726453], [98.15942532694852, 13.800704211000824], [98.15944533589686, 13.800788289561499], [98.15933070137118, 13.800814028639184], [98.15931077582466, 13.80072994726453]]]}, "id": "0022000000000002d9a2", "properties": {"area_in_meters": 121.87092946973323, "bf_source": "microsoft", "boundary_id": 176, "confidence": null, "geometry_wkt": {"type": "Polygon", "coordinates": [[[98.15931077582466, 13.80072994726453], [98.15942532694852, 13.800704211000824], [98.15944533589686, 13.800788289561499], [98.15933070137118, 13.800814028639184], [98.15931077582466, 13.80072994726453]]]}}}, {"type": "Feature", "geometry": {"type": "Polygon", "coordinates": [[[98.15055281516355, 13.75486329532531], [98.15067377132898, 13.75485122630862], [98.15068202403123, 13.754928565252046], [98.15056098449165, 13.75494063705594], [98.15055281516355, 13.75486329532531]]]}, "id": "0022000000000002d9d5", "properties": {"area_in_meters": 113.56930025067219, "bf_source": "microsoft", "boundary_id": 176, "confidence": null, "geometry_wkt": {"type": "Polygon", "coordinates": [[[98.15055281516355, 13.75486329532531], [98.15067377132898, 13.75485122630862], [98.15068202403123, 13.754928565252046], [98.15056098449165, 13.75494063705594], [98.15055281516355, 13.75486329532531]]]}}}, {"type": "Feature", "geometry": {"type": "Polygon", "coordinates": [[[98.15742220882359, 13.769414680156613], [98.15743896585832, 13.769338610434279], [98.15754409341253, 13.769360473641301], [98.15752741972216, 13.769436452901124], [98.15742220882359, 13.769414680156613]]]}, "id": "0022000000000002dab0", "properties": {"area_in_meters": 100.36363050283786, "bf_source": "microsoft", "boundary_id": 176, "confidence": null, "geometry_wkt": {"type": "Polygon", "coordinates": [[[98.15742220882359, 13.769414680156613], [98.15743896585832, 13.769338610434279], [98.15754409341253, 13.769360473641301], [98.15752741972216, 13.769436452901124], [98.15742220882359, 13.769414680156613]]]}}}, {"type": "Feature", "geometry": {"type": "Polygon", "coordinates": [[[98.15031065335288, 13.750265180778385], [98.15037650794827, 13.750239764311583], [98.15040510053159, 13.75030941260188], [98.15033924591042, 13.750334916792491], [98.15031065335288, 13.750265180778385]]]}, "id": "0022000000000002db1f", "properties": {"area_in_meters": 63.82992326461367, "bf_source": "microsoft", "boundary_id": 176, "confidence": null, "geometry_wkt": {"type": "Polygon", "coordinates": [[[98.15031065335288, 13.750265180778385], [98.15037650794827, 13.750239764311583], [98.15040510053159, 13.75030941260188], [98.15033924591042, 13.750334916792491], [98.15031065335288, 13.750265180778385]]]}}}, {"type": "Feature", "geometry": {"type": "Polygon", "coordinates": [[[98.14703300344163, 13.740981589750753], [98.14695823272702, 13.740985813311543], [98.14695223106763, 13.740887186631952], [98.14702708513258, 13.740882872649024], [98.14703300344163, 13.740981589750753]]]}, "id": "0022000000000002dcae", "properties": {"area_in_meters": 88.99528654303096, "bf_source": "microsoft", "boundary_id": 176, "confidence": null, "geometry_wkt": {"type": "Polygon", "coordinates": [[[98.14703300344163, 13.740981589750753], [98.14695823272702, 13.740985813311543], [98.14695223106763, 13.740887186631952], [98.14702708513258, 13.740882872649024], [98.14703300344163, 13.740981589750753]]]}}}, {"type": "Feature", "geometry": {"type": "Polygon", "coordinates": [[[98.15616444176483, 13.773561839201113], [98.15615993995303, 13.773608298486714], [98.15612275833278, 13.773604969897775], [98.15612717677546, 13.77355842566514], [98.15616444176483, 13.773561839201113]]]}, "id": "0022000000000002dcee", "properties": {"area_in_meters": 20.96284341468201, "bf_source": "microsoft", "boundary_id": 176, "confidence": null, "geometry_wkt": {"type": "Polygon", "coordinates": [[[98.15616444176483, 13.773561839201113], [98.15615993995303, 13.773608298486714], [98.15612275833278, 13.773604969897775], [98.15612717677546, 13.77355842566514], [98.15616444176483, 13.773561839201113]]]}}}, {"type": "Feature", "geometry": {"type": "Polygon", "coordinates": [[[98.15312694895901, 13.751243836688408], [98.15307984864019, 13.751250919476421], [98.15307251266407, 13.751205122664349], [98.15311969634156, 13.75119803712692], [98.15312694895901, 13.751243836688408]]]}, "id": "0022000000000002dcf5", "properties": {"area_in_meters": 26.558346648167017, "bf_source": "microsoft", "boundary_id": 176, "confidence": null, "geometry_wkt": {"type": "Polygon", "coordinates": [[[98.15312694895901, 13.751243836688408], [98.15307984864019, 13.751250919476421], [98.15307251266407, 13.751205122664349], [98.15311969634156, 13.75119803712692], [98.15312694895901, 13.751243836688408]]]}}}, {"type": "Feature", "geometry": {"type": "Polygon", "coordinates": [[[98.15280383304581, 13.756427713550577], [98.15286268738592, 13.756349995260015], [98.15292362585316, 13.756393493911704], [98.15286468810086, 13.756471302696346], [98.15280383304581, 13.756427713550577]]]}, "id": "0022000000000002dd36", "properties": {"area_in_meters": 87.66069884412794, "bf_source": "microsoft", "boundary_id": 176, "confidence": null, "geometry_wkt": {"type": "Polygon", "coordinates": [[[98.15280383304581, 13.756427713550577], [98.15286268738592, 13.756349995260015], [98.15292362585316, 13.756393493911704], [98.15286468810086, 13.756471302696346], [98.15280383304581, 13.756427713550577]]]}}}, {"type": "Feature", "geometry": {"type": "Polygon", "coordinates": [[[98.135967520552, 13.75621827010287], [98.1359220148327, 13.756245819748314], [98.1358985118899, 13.756209235387859], [98.13594401759453, 13.756181685756976], [98.135967520552, 13.75621827010287]]]}, "id": "0022000000000002dd9f", "properties": {"area_in_meters": 27.766104478698036, "bf_source": "microsoft", "boundary_id": 176, "confidence": null, "geometry_wkt": {"type": "Polygon", "coordinates": [[[98.135967520552, 13.75621827010287], [98.1359220148327, 13.756245819748314], [98.1358985118899, 13.756209235387859], [98.13594401759453, 13.756181685756976], [98.135967520552, 13.75621827010287]]]}}}, {"type": "Feature", "geometry": {"type": "Polygon", "coordinates": [[[98.14927374306293, 13.74699457135532], [98.1492757436796, 13.7470767604418], [98.14912294673964, 13.747080232547004], [98.14912094612716, 13.74699804343226], [98.14927374306293, 13.74699457135532]]]}, "id": "0022000000000002dee6", "properties": {"area_in_meters": 150.96613054291586, "bf_source": "microsoft", "boundary_id": 176, "confidence": null, "geometry_wkt": {"type": "Polygon", "coordinates": [[[98.14927374306293, 13.74699457135532], [98.1492757436796, 13.7470767604418], [98.14912294673964, 13.747080232547004], [98.14912094612716, 13.74699804343226], [98.14927374306293, 13.74699457135532]]]}}}, {"type": "Feature", "geometry": {"type": "Polygon", "coordinates": [[[98.15752016666802, 13.782593261553432], [98.1576493878551, 13.78255353910134], [98.15766831252554, 13.78261159220189], [98.15753909130503, 13.78265131469596], [98.15752016666802, 13.782593261553432]]]}, "id": "0022000000000002e04a", "properties": {"area_in_meters": 99.0462416055548, "bf_source": "microsoft", "boundary_id": 176, "confidence": null, "geometry_wkt": {"type": "Polygon", "coordinates": [[[98.15752016666802, 13.782593261553432], [98.1576493878551, 13.78255353910134], [98.15766831252554, 13.78261159220189], [98.15753909130503, 13.78265131469596], [98.15752016666802, 13.782593261553432]]]}}}, {"type": "Feature", "geometry": {"type": "Polygon", "coordinates": [[[98.14950289738623, 13.747469303919154], [98.14964910972371, 13.747455964493271], [98.1496562786372, 13.747529827559939], [98.14951006628536, 13.747543167019174], [98.14950289738623, 13.747469303919154]]]}, "id": "0022000000000002e0a9", "properties": {"area_in_meters": 130.7888600895969, "bf_source": "microsoft", "boundary_id": 176, "confidence": null, "geometry_wkt": {"type": "Polygon", "coordinates": [[[98.14950289738623, 13.747469303919154], [98.14964910972371, 13.747455964493271], [98.1496562786372, 13.747529827559939], [98.14951006628536, 13.747543167019174], [98.14950289738623, 13.747469303919154]]]}}}, {"type": "Feature", "geometry": {"type": "Polygon", "coordinates": [[[98.14087088640342, 13.7439583616198], [98.14090847700803, 13.743958874471096], [98.14090714341638, 13.744049065421688], [98.14086963616192, 13.744048549824843], [98.14087088640342, 13.7439583616198]]]}, "id": "0022000000000002e0f7", "properties": {"area_in_meters": 40.698845227656584, "bf_source": "microsoft", "boundary_id": 176, "confidence": null, "geometry_wkt": {"type": "Polygon", "coordinates": [[[98.14087088640342, 13.7439583616198], [98.14090847700803, 13.743958874471096], [98.14090714341638, 13.744049065421688], [98.14086963616192, 13.744048549824843], [98.14087088640342, 13.7439583616198]]]}}}, {"type": "Feature", "geometry": {"type": "Polygon", "coordinates": [[[98.15941648966475, 13.798698054739507], [98.15943016244388, 13.798776552725572], [98.15930902504469, 13.79879645392138], [98.15929535228823, 13.798717868173183], [98.15941648966475, 13.798698054739507]]]}, "id": "0022000000000002e15d", "properties": {"area_in_meters": 117.4378246196799, "bf_source": "microsoft", "boundary_id": 176, "confidence": null, "geometry_wkt": {"type": "Polygon", "coordinates": [[[98.15941648966475, 13.798698054739507], [98.15943016244388, 13.798776552725572], [98.15930902504469, 13.79879645392138], [98.15929535228823, 13.798717868173183], [98.15941648966475, 13.798698054739507]]]}}}, {"type": "Feature", "geometry": {"type": "Polygon", "coordinates": [[[98.14392295644491, 13.746202198550503], [98.14401031035642, 13.746178968541296], [98.14403348249934, 13.746261423320188], [98.1439461285601, 13.746284565673788], [98.14392295644491, 13.746202198550503]]]}, "id": "0022000000000002e1ce", "properties": {"area_in_meters": 92.93762655580068, "bf_source": "microsoft", "boundary_id": 176, "confidence": null, "geometry_wkt": {"type": "Polygon", "coordinates": [[[98.14392295644491, 13.746202198550503], [98.14401031035642, 13.746178968541296], [98.14403348249934, 13.746261423320188], [98.1439461285601, 13.746284565673788], [98.14392295644491, 13.746202198550503]]]}}}, {"type": "Feature", "geometry": {"type": "Polygon", "coordinates": [[[98.16391613920364, 13.824369277948463], [98.16394306956829, 13.824431203812077], [98.1638384330677, 13.824474170058293], [98.16381150274157, 13.824412244151189], [98.16391613920364, 13.824369277948463]]]}, "id": "0022000000000002e287", "properties": {"area_in_meters": 91.63917753602675, "bf_source": "microsoft", "boundary_id": 176, "confidence": null, "geometry_wkt": {"type": "Polygon", "coordinates": [[[98.16391613920364, 13.824369277948463], [98.16394306956829, 13.824431203812077], [98.1638384330677, 13.824474170058293], [98.16381150274157, 13.824412244151189], [98.16391613920364, 13.824369277948463]]]}}}, {"type": "Feature", "geometry": {"type": "Polygon", "coordinates": [[[98.14830670139777, 13.75084629007783], [98.14831320331604, 13.750989368541655], [98.14823017886462, 13.75099290249729], [98.14822826163443, 13.750951310793642], [98.14820850583058, 13.750952139283564], [98.14820383779333, 13.750850742939265], [98.14830670139777, 13.75084629007783]]]}, "id": "0022000000000002e292", "properties": {"area_in_meters": 167.00954671254047, "bf_source": "microsoft", "boundary_id": 176, "confidence": null, "geometry_wkt": {"type": "Polygon", "coordinates": [[[98.14830670139777, 13.75084629007783], [98.14831320331604, 13.750989368541655], [98.14823017886462, 13.75099290249729], [98.14822826163443, 13.750951310793642], [98.14820850583058, 13.750952139283564], [98.14820383779333, 13.750850742939265], [98.14830670139777, 13.75084629007783]]]}}}, {"type": "Feature", "geometry": {"type": "Polygon", "coordinates": [[[98.16379507774876, 13.82471567189885], [98.16381492114154, 13.82478599373612], [98.16371512060296, 13.82481247934135], [98.16369527723727, 13.824742245209025], [98.16379507774876, 13.82471567189885]]]}, "id": "0022000000000002e316", "properties": {"area_in_meters": 90.50149788074343, "bf_source": "microsoft", "boundary_id": 176, "confidence": null, "geometry_wkt": {"type": "Polygon", "coordinates": [[[98.16379507774876, 13.82471567189885], [98.16381492114154, 13.82478599373612], [98.16371512060296, 13.82481247934135], [98.16369527723727, 13.824742245209025], [98.16379507774876, 13.82471567189885]]]}}}, {"type": "Feature", "geometry": {"type": "Polygon", "coordinates": [[[98.16361465319751, 13.824139781316163], [98.16370444854007, 13.824089851371273], [98.16373804886837, 13.824146729434721], [98.16364825348455, 13.824196659421634], [98.16361465319751, 13.824139781316163]]]}, "id": "0022000000000002e4b2", "properties": {"area_in_meters": 81.41909852401709, "bf_source": "microsoft", "boundary_id": 176, "confidence": null, "geometry_wkt": {"type": "Polygon", "coordinates": [[[98.16361465319751, 13.824139781316163], [98.16370444854007, 13.824089851371273], [98.16373804886837, 13.824146729434721], [98.16364825348455, 13.824196659421634], [98.16361465319751, 13.824139781316163]]]}}}, {"type": "Feature", "geometry": {"type": "Polygon", "coordinates": [[[98.15040976870951, 13.750632323702483], [98.15038317677137, 13.750533845388674], [98.15045736746936, 13.750514905625895], [98.15048404279491, 13.750613293452313], [98.15040976870951, 13.750632323702483]]]}, "id": "0022000000000002e59e", "properties": {"area_in_meters": 93.80374989705703, "bf_source": "microsoft", "boundary_id": 176, "confidence": null, "geometry_wkt": {"type": "Polygon", "coordinates": [[[98.15040976870951, 13.750632323702483], [98.15038317677137, 13.750533845388674], [98.15045736746936, 13.750514905625895], [98.15048404279491, 13.750613293452313], [98.15040976870951, 13.750632323702483]]]}}}, {"type": "Feature", "geometry": {"type": "Polygon", "coordinates": [[[98.17182333677685, 13.819738635546372], [98.17187461840827, 13.819716221688992], [98.1718907116756, 13.819750780110002], [98.17183943003292, 13.819773281716003], [98.17182333677685, 13.819738635546372]]]}, "id": "0022000000000002e832", "properties": {"area_in_meters": 25.631856183820336, "bf_source": "microsoft", "boundary_id": 176, "confidence": null, "geometry_wkt": {"type": "Polygon", "coordinates": [[[98.17182333677685, 13.819738635546372], [98.17187461840827, 13.819716221688992], [98.1718907116756, 13.819750780110002], [98.17183943003292, 13.819773281716003], [98.17182333677685, 13.819738635546372]]]}}}, {"type": "Feature", "geometry": {"type": "Polygon", "coordinates": [[[98.15221037387165, 13.756194868313653], [98.15227989812742, 13.756181079581793], [98.15229565363342, 13.756256065988484], [98.15222612936267, 13.756269854743051], [98.15221037387165, 13.756194868313653]]]}, "id": "0022000000000002e870", "properties": {"area_in_meters": 65.25809661384554, "bf_source": "microsoft", "boundary_id": 176, "confidence": null, "geometry_wkt": {"type": "Polygon", "coordinates": [[[98.15221037387165, 13.756194868313653], [98.15227989812742, 13.756181079581793], [98.15229565363342, 13.756256065988484], [98.15222612936267, 13.756269854743051], [98.15221037387165, 13.756194868313653]]]}}}, {"type": "Feature", "geometry": {"type": "Polygon", "coordinates": [[[98.15041810474227, 13.75285073275242], [98.15043144239665, 13.752910538664569], [98.1502904801849, 13.752940106162082], [98.15027714255625, 13.752880387907888], [98.15041810474227, 13.75285073275242]]]}, "id": "0022000000000002ebca", "properties": {"area_in_meters": 105.84315412815482, "bf_source": "microsoft", "boundary_id": 176, "confidence": null, "geometry_wkt": {"type": "Polygon", "coordinates": [[[98.15041810474227, 13.75285073275242], [98.15043144239665, 13.752910538664569], [98.1502904801849, 13.752940106162082], [98.15027714255625, 13.752880387907888], [98.15041810474227, 13.75285073275242]]]}}}, {"type": "Feature", "geometry": {"type": "Polygon", "coordinates": [[[98.14826143805966, 13.754287134528878], [98.14828077708835, 13.754350777050426], [98.14819791938937, 13.754374564165403], [98.14817858038263, 13.754311009312671], [98.14826143805966, 13.754287134528878]]]}, "id": "0022000000000002efb1", "properties": {"area_in_meters": 68.82415146951779, "bf_source": "microsoft", "boundary_id": 176, "confidence": null, "geometry_wkt": {"type": "Polygon", "coordinates": [[[98.14826143805966, 13.754287134528878], [98.14828077708835, 13.754350777050426], [98.14819791938937, 13.754374564165403], [98.14817858038263, 13.754311009312671], [98.14826143805966, 13.754287134528878]]]}}}, {"type": "Feature", "geometry": {"type": "Polygon", "coordinates": [[[98.14813681814844, 13.748054733013134], [98.14813898544944, 13.748153666812033], [98.14806929841914, 13.748155180868388], [98.14806713112021, 13.748056247054102], [98.14813681814844, 13.748054733013134]]]}, "id": "0022000000000002efdd", "properties": {"area_in_meters": 82.88155287248883, "bf_source": "microsoft", "boundary_id": 176, "confidence": null, "geometry_wkt": {"type": "Polygon", "coordinates": [[[98.14813681814844, 13.748054733013134], [98.14813898544944, 13.748153666812033], [98.14806929841914, 13.748155180868388], [98.14806713112021, 13.748056247054102], [98.14813681814844, 13.748054733013134]]]}}}, {"type": "Feature", "geometry": {"type": "Polygon", "coordinates": [[[98.15181407020467, 13.752514026676], [98.15175780092684, 13.752515975578028], [98.1517556335185, 13.752455186723955], [98.15181190279465, 13.752453237830112], [98.15181407020467, 13.752514026676]]]}, "id": "0022000000000002f033", "properties": {"area_in_meters": 41.117748987580114, "bf_source": "microsoft", "boundary_id": 176, "confidence": null, "geometry_wkt": {"type": "Polygon", "coordinates": [[[98.15181407020467, 13.752514026676], [98.15175780092684, 13.752515975578028], [98.1517556335185, 13.752455186723955], [98.15181190279465, 13.752453237830112], [98.15181407020467, 13.752514026676]]]}}}, {"type": "Feature", "geometry": {"type": "Polygon", "coordinates": [[[98.15624180627773, 13.773613654477485], [98.15624272331446, 13.773678703812747], [98.1561596064855, 13.773679879707611], [98.1561586894498, 13.773614742652263], [98.15624180627773, 13.773613654477485]]]}, "id": "0022000000000002f074", "properties": {"area_in_meters": 65.01780356957033, "bf_source": "microsoft", "boundary_id": 176, "confidence": null, "geometry_wkt": {"type": "Polygon", "coordinates": [[[98.15624180627773, 13.773613654477485], [98.15624272331446, 13.773678703812747], [98.1561596064855, 13.773679879707611], [98.1561586894498, 13.773614742652263], [98.15624180627773, 13.773613654477485]]]}}}, {"type": "Feature", "geometry": {"type": "Polygon", "coordinates": [[[98.1504921287549, 13.749558243386304], [98.15053789363807, 13.749550591620059], [98.15054397895257, 13.749585029375037], [98.15049821406559, 13.749592681147567], [98.1504921287549, 13.749558243386304]]]}, "id": "0022000000000002f0a8", "properties": {"area_in_meters": 19.47370681107411, "bf_source": "microsoft", "boundary_id": 176, "confidence": null, "geometry_wkt": {"type": "Polygon", "coordinates": [[[98.1504921287549, 13.749558243386304], [98.15053789363807, 13.749550591620059], [98.15054397895257, 13.749585029375037], [98.15049821406559, 13.749592681147567], [98.1504921287549, 13.749558243386304]]]}}}, {"type": "Feature", "geometry": {"type": "Polygon", "coordinates": [[[98.15182032234931, 13.75350127282368], [98.15174846439902, 13.753527678512398], [98.1517230390391, 13.753462396781716], [98.15179489696439, 13.75343599112238], [98.15182032234931, 13.75350127282368]]]}, "id": "0022000000000002f1cf", "properties": {"area_in_meters": 64.38885016001845, "bf_source": "microsoft", "boundary_id": 176, "confidence": null, "geometry_wkt": {"type": "Polygon", "coordinates": [[[98.15182032234931, 13.75350127282368], [98.15174846439902, 13.753527678512398], [98.1517230390391, 13.753462396781716], [98.15179489696439, 13.75343599112238], [98.15182032234931, 13.75350127282368]]]}}}, {"type": "Feature", "geometry": {"type": "Polygon", "coordinates": [[[98.16385961048282, 13.824234723000927], [98.16388779146207, 13.82428721895669], [98.16381300350251, 13.824324980033811], [98.16378482255207, 13.824272484047786], [98.16385961048282, 13.824234723000927]]]}, "id": "0022000000000002f21e", "properties": {"area_in_meters": 59.914272341484, "bf_source": "microsoft", "boundary_id": 176, "confidence": null, "geometry_wkt": {"type": "Polygon", "coordinates": [[[98.16385961048282, 13.824234723000927], [98.16388779146207, 13.82428721895669], [98.16381300350251, 13.824324980033811], [98.16378482255207, 13.824272484047786], [98.16385961048282, 13.824234723000927]]]}}}, {"type": "Feature", "geometry": {"type": "Polygon", "coordinates": [[[98.14949906285908, 13.749966231555264], [98.14964277440542, 13.749917983943632], [98.14966311411347, 13.749975189499592], [98.14951940252712, 13.750023437159841], [98.14949906285908, 13.749966231555264]]]}, "id": "0022000000000002f2bc", "properties": {"area_in_meters": 110.58310080714072, "bf_source": "microsoft", "boundary_id": 176, "confidence": null, "geometry_wkt": {"type": "Polygon", "coordinates": [[[98.14949906285908, 13.749966231555264], [98.14964277440542, 13.749917983943632], [98.14966311411347, 13.749975189499592], [98.14951940252712, 13.750023437159841], [98.14949906285908, 13.749966231555264]]]}}}, {"type": "Feature", "geometry": {"type": "Polygon", "coordinates": [[[98.15901406090245, 13.801410293200414], [98.15901806266918, 13.801509115641831], [98.1589350260546, 13.801512224613147], [98.15893110766248, 13.801413399382652], [98.15901406090245, 13.801410293200414]]]}, "id": "0022000000000002f31f", "properties": {"area_in_meters": 98.67502154088284, "bf_source": "microsoft", "boundary_id": 176, "confidence": null, "geometry_wkt": {"type": "Polygon", "coordinates": [[[98.15901406090245, 13.801410293200414], [98.15901806266918, 13.801509115641831], [98.1589350260546, 13.801512224613147], [98.15893110766248, 13.801413399382652], [98.15901406090245, 13.801410293200414]]]}}}, {"type": "Feature", "geometry": {"type": "Polygon", "coordinates": [[[98.15100521392218, 13.751642605797112], [98.15100029562322, 13.75173248034751], [98.15093335677356, 13.75172899395595], [98.15093835842895, 13.751639116640781], [98.15100521392218, 13.751642605797112]]]}, "id": "0022000000000002f3b2", "properties": {"area_in_meters": 72.42788080382203, "bf_source": "microsoft", "boundary_id": 176, "confidence": null, "geometry_wkt": {"type": "Polygon", "coordinates": [[[98.15100521392218, 13.751642605797112], [98.15100029562322, 13.75173248034751], [98.15093335677356, 13.75172899395595], [98.15093835842895, 13.751639116640781], [98.15100521392218, 13.751642605797112]]]}}}, {"type": "Feature", "geometry": {"type": "Polygon", "coordinates": [[[98.14978915374212, 13.749443982501441], [98.14981682913943, 13.749440085919142], [98.14982408142902, 13.749488516115866], [98.14979640602894, 13.749492412703106], [98.14978915374212, 13.749443982501441]]]}, "id": "0022000000000002f3b9", "properties": {"area_in_meters": 16.48421778835723, "bf_source": "microsoft", "boundary_id": 176, "confidence": null, "geometry_wkt": {"type": "Polygon", "coordinates": [[[98.14978915374212, 13.749443982501441], [98.14981682913943, 13.749440085919142], [98.14982408142902, 13.749488516115866], [98.14979640602894, 13.749492412703106], [98.14978915374212, 13.749443982501441]]]}}}, {"type": "Feature", "geometry": {"type": "Polygon", "coordinates": [[[98.14823501361924, 13.75099817975179], [98.14831253645261, 13.750994301502764], [98.1483149538326, 13.751039910645055], [98.14823734763884, 13.751043791658937], [98.14823501361924, 13.75099817975179]]]}, "id": "0022000000000002f510", "properties": {"area_in_meters": 42.60299597618993, "bf_source": "microsoft", "boundary_id": 176, "confidence": null, "geometry_wkt": {"type": "Polygon", "coordinates": [[[98.14823501361924, 13.75099817975179], [98.14831253645261, 13.750994301502764], [98.1483149538326, 13.751039910645055], [98.14823734763884, 13.751043791658937], [98.14823501361924, 13.75099817975179]]]}}}, {"type": "Feature", "geometry": {"type": "Polygon", "coordinates": [[[98.14798444037872, 13.750374885536905], [98.14808897082764, 13.750373271699404], [98.14809063798116, 13.750469592926112], [98.1479860241723, 13.750471297235544], [98.14798444037872, 13.750374885536905]]]}, "id": "0022000000000002f561", "properties": {"area_in_meters": 121.07353885561359, "bf_source": "microsoft", "boundary_id": 176, "confidence": null, "geometry_wkt": {"type": "Polygon", "coordinates": [[[98.14798444037872, 13.750374885536905], [98.14808897082764, 13.750373271699404], [98.14809063798116, 13.750469592926112], [98.1479860241723, 13.750471297235544], [98.14798444037872, 13.750374885536905]]]}}}, {"type": "Feature", "geometry": {"type": "Polygon", "coordinates": [[[98.16178508667788, 13.820356448317934], [98.16187412941356, 13.820317337811227], [98.16192248600082, 13.82042110275309], [98.16183344320629, 13.820460213324658], [98.16178508667788, 13.820356448317934]]]}, "id": "0022000000000002f5f6", "properties": {"area_in_meters": 133.69555513749486, "bf_source": "microsoft", "boundary_id": 176, "confidence": null, "geometry_wkt": {"type": "Polygon", "coordinates": [[[98.16178508667788, 13.820356448317934], [98.16187412941356, 13.820317337811227], [98.16192248600082, 13.82042110275309], [98.16183344320629, 13.820460213324658], [98.16178508667788, 13.820356448317934]]]}}}, {"type": "Feature", "geometry": {"type": "Polygon", "coordinates": [[[98.15137150308438, 13.750676551043147], [98.15137508762554, 13.750718876487188], [98.1513351575142, 13.750722126289794], [98.151331572975, 13.75067980084075], [98.15137150308438, 13.750676551043147]]]}, "id": "0022000000000002f69c", "properties": {"area_in_meters": 20.467332773020107, "bf_source": "microsoft", "boundary_id": 176, "confidence": null, "geometry_wkt": {"type": "Polygon", "coordinates": [[[98.15137150308438, 13.750676551043147], [98.15137508762554, 13.750718876487188], [98.1513351575142, 13.750722126289794], [98.151331572975, 13.75067980084075], [98.15137150308438, 13.750676551043147]]]}}}, {"type": "Feature", "geometry": {"type": "Polygon", "coordinates": [[[98.14950739878792, 13.747561144452641], [98.14967094990416, 13.747557316445972], [98.14967211693688, 13.74760682408505], [98.14950856581804, 13.747610564417483], [98.14950739878792, 13.747561144452641]]]}, "id": "0022000000000002f707", "properties": {"area_in_meters": 97.2181799183922, "bf_source": "microsoft", "boundary_id": 176, "confidence": null, "geometry_wkt": {"type": "Polygon", "coordinates": [[[98.14950739878792, 13.747561144452641], [98.14967094990416, 13.747557316445972], [98.14967211693688, 13.74760682408505], [98.14950856581804, 13.747610564417483], [98.14950739878792, 13.747561144452641]]]}}}, {"type": "Feature", "geometry": {"type": "Polygon", "coordinates": [[[98.15098704122595, 13.749050269851718], [98.150974036914, 13.749221350866907], [98.15089009246874, 13.74921526954867], [98.15090318012665, 13.749044273455096], [98.15098704122595, 13.749050269851718]]]}, "id": "0022000000000002f7d4", "properties": {"area_in_meters": 173.27519105084917, "bf_source": "microsoft", "boundary_id": 176, "confidence": null, "geometry_wkt": {"type": "Polygon", "coordinates": [[[98.15098704122595, 13.749050269851718], [98.150974036914, 13.749221350866907], [98.15089009246874, 13.74921526954867], [98.15090318012665, 13.749044273455096], [98.15098704122595, 13.749050269851718]]]}}}, {"type": "Feature", "geometry": {"type": "Polygon", "coordinates": [[[98.15603155506635, 13.775193596917786], [98.15603313903436, 13.77515319801457], [98.15612792707707, 13.775156722222428], [98.15612250823226, 13.775293377953071], [98.15603947490672, 13.77529034125396], [98.15604047530768, 13.775265486267712], [98.15598587010913, 13.775263436912955], [98.15598870457644, 13.77519203504814], [98.15603155506635, 13.775193596917786]]]}, "id": "0022000000000002f829", "properties": {"area_in_meters": 189.07272637071438, "bf_source": "microsoft", "boundary_id": 176, "confidence": null, "geometry_wkt": {"type": "Polygon", "coordinates": [[[98.15603155506635, 13.775193596917786], [98.15603313903436, 13.77515319801457], [98.15612792707707, 13.775156722222428], [98.15612250823226, 13.775293377953071], [98.15603947490672, 13.77529034125396], [98.15604047530768, 13.775265486267712], [98.15598587010913, 13.775263436912955], [98.15598870457644, 13.77519203504814], [98.15603155506635, 13.775193596917786]]]}}}, {"type": "Feature", "geometry": {"type": "Polygon", "coordinates": [[[98.1519492000103, 13.756563070764848], [98.15201647323931, 13.756540937488731], [98.15204590008634, 13.756625030883203], [98.15197854346813, 13.756647254648588], [98.1519492000103, 13.756563070764848]]]}, "id": "0022000000000002f89f", "properties": {"area_in_meters": 75.85341592994475, "bf_source": "microsoft", "boundary_id": 176, "confidence": null, "geometry_wkt": {"type": "Polygon", "coordinates": [[[98.1519492000103, 13.756563070764848], [98.15201647323931, 13.756540937488731], [98.15204590008634, 13.756625030883203], [98.15197854346813, 13.756647254648588], [98.1519492000103, 13.756563070764848]]]}}}, {"type": "Feature", "geometry": {"type": "Polygon", "coordinates": [[[98.15930860819233, 13.800096113757037], [98.1592502488841, 13.800102087425218], [98.1592412448807, 13.800019661400611], [98.15929960418173, 13.800013687747931], [98.15930860819233, 13.800096113757037]]]}, "id": "0022000000000002f8fb", "properties": {"area_in_meters": 58.40172169175281, "bf_source": "microsoft", "boundary_id": 176, "confidence": null, "geometry_wkt": {"type": "Polygon", "coordinates": [[[98.15930860819233, 13.800096113757037], [98.1592502488841, 13.800102087425218], [98.1592412448807, 13.800019661400611], [98.15929960418173, 13.800013687747931], [98.15930860819233, 13.800096113757037]]]}}}, {"type": "Feature", "geometry": {"type": "Polygon", "coordinates": [[[98.1480418737568, 13.750844258344943], [98.14812181375876, 13.750838283296765], [98.14813340048163, 13.750985929240581], [98.14805346046698, 13.750991904322788], [98.1480418737568, 13.750844258344943]]]}, "id": "0022000000000002fa38", "properties": {"area_in_meters": 142.6834051691974, "bf_source": "microsoft", "boundary_id": 176, "confidence": null, "geometry_wkt": {"type": "Polygon", "coordinates": [[[98.1480418737568, 13.750844258344943], [98.14812181375876, 13.750838283296765], [98.14813340048163, 13.750985929240581], [98.14805346046698, 13.750991904322788], [98.1480418737568, 13.750844258344943]]]}}}, {"type": "Feature", "geometry": {"type": "Polygon", "coordinates": [[[98.15113750795257, 13.75631218573076], [98.15111858497323, 13.756434536564756], [98.15104105916195, 13.75642315732903], [98.1510599821212, 13.756300894192051], [98.15113750795257, 13.75631218573076]]]}, "id": "0022000000000002fa6e", "properties": {"area_in_meters": 116.38967564857538, "bf_source": "microsoft", "boundary_id": 176, "confidence": null, "geometry_wkt": {"type": "Polygon", "coordinates": [[[98.15113750795257, 13.75631218573076], [98.15111858497323, 13.756434536564756], [98.15104105916195, 13.75642315732903], [98.1510599821212, 13.756300894192051], [98.15113750795257, 13.75631218573076]]]}}}, {"type": "Feature", "geometry": {"type": "Polygon", "coordinates": [[[98.14933292799573, 13.751944153750369], [98.14942787406555, 13.751951537742107], [98.14942095525208, 13.752034375572011], [98.14932609255034, 13.75202698883167], [98.14933292799573, 13.751944153750369]]]}, "id": "0022000000000002facf", "properties": {"area_in_meters": 95.0583138545963, "bf_source": "microsoft", "boundary_id": 176, "confidence": null, "geometry_wkt": {"type": "Polygon", "coordinates": [[[98.14933292799573, 13.751944153750369], [98.14942787406555, 13.751951537742107], [98.14942095525208, 13.752034375572011], [98.14932609255034, 13.75202698883167], [98.14933292799573, 13.751944153750369]]]}}}, {"type": "Feature", "geometry": {"type": "Polygon", "coordinates": [[[98.15695134605528, 13.784633431243977], [98.15691116279378, 13.784631694042178], [98.15691358045828, 13.784579773904644], [98.15695368035331, 13.784581426159033], [98.15695134605528, 13.784633431243977]]]}, "id": "0022000000000002faf5", "properties": {"area_in_meters": 25.121142559326884, "bf_source": "microsoft", "boundary_id": 176, "confidence": null, "geometry_wkt": {"type": "Polygon", "coordinates": [[[98.15695134605528, 13.784633431243977], [98.15691116279378, 13.784631694042178], [98.15691358045828, 13.784579773904644], [98.15695368035331, 13.784581426159033], [98.15695134605528, 13.784633431243977]]]}}}, {"type": "Feature", "geometry": {"type": "Polygon", "coordinates": [[[98.14847150019729, 13.747953961072305], [98.14860412307226, 13.747950191297392], [98.14860637374538, 13.748023077374711], [98.14847375086632, 13.748026847172083], [98.14847150019729, 13.747953961072305]]]}, "id": "0022000000000002fb6d", "properties": {"area_in_meters": 116.18648951047453, "bf_source": "microsoft", "boundary_id": 176, "confidence": null, "geometry_wkt": {"type": "Polygon", "coordinates": [[[98.14847150019729, 13.747953961072305], [98.14860412307226, 13.747950191297392], [98.14860637374538, 13.748023077374711], [98.14847375086632, 13.748026847172083], [98.14847150019729, 13.747953961072305]]]}}}, {"type": "Feature", "geometry": {"type": "Polygon", "coordinates": [[[98.15441375808649, 13.78397507303039], [98.15436348907451, 13.78398086244936], [98.15435815372537, 13.783937181524854], [98.15440842273367, 13.783931392113292], [98.15441375808649, 13.78397507303039]]]}, "id": "0022000000000002fb87", "properties": {"area_in_meters": 26.727894413415072, "bf_source": "microsoft", "boundary_id": 176, "confidence": null, "geometry_wkt": {"type": "Polygon", "coordinates": [[[98.15441375808649, 13.78397507303039], [98.15436348907451, 13.78398086244936], [98.15435815372537, 13.783937181524854], [98.15440842273367, 13.783931392113292], [98.15441375808649, 13.78397507303039]]]}}}, {"type": "Feature", "geometry": {"type": "Polygon", "coordinates": [[[98.15789332473148, 13.783363384844764], [98.15781320730125, 13.783382181854785], [98.15780161904337, 13.783335375745871], [98.15788165309205, 13.783316581519086], [98.15789332473148, 13.783363384844764]]]}, "id": "0022000000000002fbf2", "properties": {"area_in_meters": 47.597403823580954, "bf_source": "microsoft", "boundary_id": 176, "confidence": null, "geometry_wkt": {"type": "Polygon", "coordinates": [[[98.15789332473148, 13.783363384844764], [98.15781320730125, 13.783382181854785], [98.15780161904337, 13.783335375745871], [98.15788165309205, 13.783316581519086], [98.15789332473148, 13.783363384844764]]]}}}, {"type": "Feature", "geometry": {"type": "Polygon", "coordinates": [[[98.15155923324386, 13.75129016618762], [98.1514874589119, 13.751296837013154], [98.15147528812624, 13.751172888692484], [98.15154706244626, 13.75116621789458], [98.15155923324386, 13.75129016618762]]]}, "id": "0022000000000002fc0b", "properties": {"area_in_meters": 107.78432332491904, "bf_source": "microsoft", "boundary_id": 176, "confidence": null, "geometry_wkt": {"type": "Polygon", "coordinates": [[[98.15155923324386, 13.75129016618762], [98.1514874589119, 13.751296837013154], [98.15147528812624, 13.751172888692484], [98.15154706244626, 13.75116621789458], [98.15155923324386, 13.75129016618762]]]}}}, {"type": "Feature", "geometry": {"type": "Polygon", "coordinates": [[[98.1607069111462, 13.81856333021086], [98.16065346967014, 13.818571249283332], [98.16064429874994, 13.818512682557571], [98.1606977402193, 13.818504763496863], [98.1607069111462, 13.81856333021086]]]}, "id": "0022000000000002fc1d", "properties": {"area_in_meters": 38.473840902753714, "bf_source": "microsoft", "boundary_id": 176, "confidence": null, "geometry_wkt": {"type": "Polygon", "coordinates": [[[98.1607069111462, 13.81856333021086], [98.16065346967014, 13.818571249283332], [98.16064429874994, 13.818512682557571], [98.1606977402193, 13.818504763496863], [98.1607069111462, 13.81856333021086]]]}}}, {"type": "Feature", "geometry": {"type": "Polygon", "coordinates": [[[98.17153099047168, 13.823204523683753], [98.171497053027, 13.823209865757336], [98.1714789586219, 13.823101760585368], [98.17151297944257, 13.823096415748068], [98.17153099047168, 13.823204523683753]]]}, "id": "0022000000000002fd26", "properties": {"area_in_meters": 45.24277355058242, "bf_source": "microsoft", "boundary_id": 176, "confidence": null, "geometry_wkt": {"type": "Polygon", "coordinates": [[[98.17153099047168, 13.823204523683753], [98.171497053027, 13.823209865757336], [98.1714789586219, 13.823101760585368], [98.17151297944257, 13.823096415748068], [98.17153099047168, 13.823204523683753]]]}}}, {"type": "Feature", "geometry": {"type": "Polygon", "coordinates": [[[98.15162350509226, 13.750539306649644], [98.15164267828756, 13.750610932466358], [98.1515638181339, 13.750630991642165], [98.15154456159767, 13.750559368554136], [98.15162350509226, 13.750539306649644]]]}, "id": "0022000000000002fd68", "properties": {"area_in_meters": 72.48049276188266, "bf_source": "microsoft", "boundary_id": 176, "confidence": null, "geometry_wkt": {"type": "Polygon", "coordinates": [[[98.15162350509226, 13.750539306649644], [98.15164267828756, 13.750610932466358], [98.1515638181339, 13.750630991642165], [98.15154456159767, 13.750559368554136], [98.15162350509226, 13.750539306649644]]]}}}, {"type": "Feature", "geometry": {"type": "Polygon", "coordinates": [[[98.14953515743781, 13.74850388845286], [98.14946538571625, 13.74850259958504], [98.14946738633817, 13.748402124925247], [98.14953707470231, 13.748403328867967], [98.14953515743781, 13.74850388845286]]]}, "id": "0022000000000002fd7b", "properties": {"area_in_meters": 84.16051226750547, "bf_source": "microsoft", "boundary_id": 176, "confidence": null, "geometry_wkt": {"type": "Polygon", "coordinates": [[[98.14953515743781, 13.74850388845286], [98.14946538571625, 13.74850259958504], [98.14946738633817, 13.748402124925247], [98.14953707470231, 13.748403328867967], [98.14953515743781, 13.74850388845286]]]}}}, {"type": "Feature", "geometry": {"type": "Polygon", "coordinates": [[[98.1473587612499, 13.750642252824063], [98.14731033094134, 13.750652973920696], [98.14729165902371, 13.750573788801983], [98.1473400893199, 13.750562980028302], [98.1473587612499, 13.750642252824063]]]}, "id": "0022000000000002ff0a", "properties": {"area_in_meters": 48.50082850319443, "bf_source": "microsoft", "boundary_id": 176, "confidence": null, "geometry_wkt": {"type": "Polygon", "coordinates": [[[98.1473587612499, 13.750642252824063], [98.14731033094134, 13.750652973920696], [98.14729165902371, 13.750573788801983], [98.1473400893199, 13.750562980028302], [98.1473587612499, 13.750642252824063]]]}}}, {"type": "Feature", "geometry": {"type": "Polygon", "coordinates": [[[98.15759011281772, 13.768818684099452], [98.1574453852209, 13.768814621652512], [98.15744813637646, 13.768723492597962], [98.1575927806102, 13.76872755782876], [98.15759011281772, 13.768818684099452]]]}, "id": "00220000000000030282", "properties": {"area_in_meters": 158.46581987500548, "bf_source": "microsoft", "boundary_id": 176, "confidence": null, "geometry_wkt": {"type": "Polygon", "coordinates": [[[98.15759011281772, 13.768818684099452], [98.1574453852209, 13.768814621652512], [98.15744813637646, 13.768723492597962], [98.1575927806102, 13.76872755782876], [98.15759011281772, 13.768818684099452]]]}}}, {"type": "Feature", "geometry": {"type": "Polygon", "coordinates": [[[98.1591848865142, 13.798774697825502], [98.1591884714386, 13.79885265367555], [98.15907183643073, 13.79885766752115], [98.15906833488225, 13.798779708879694], [98.1591848865142, 13.798774697825502]]]}, "id": "002200000000000302b7", "properties": {"area_in_meters": 109.39440973756318, "bf_source": "microsoft", "boundary_id": 176, "confidence": null, "geometry_wkt": {"type": "Polygon", "coordinates": [[[98.1591848865142, 13.798774697825502], [98.1591884714386, 13.79885265367555], [98.15907183643073, 13.79885766752115], [98.15906833488225, 13.798779708879694], [98.1591848865142, 13.798774697825502]]]}}}, {"type": "Feature", "geometry": {"type": "Polygon", "coordinates": [[[98.14769669066524, 13.750733948549755], [98.14776295969057, 13.750707115704017], [98.14780480506833, 13.75080482762497], [98.14773853600505, 13.750831660513875], [98.14769669066524, 13.750733948549755]]]}, "id": "002200000000000303ad", "properties": {"area_in_meters": 91.27243175583085, "bf_source": "microsoft", "boundary_id": 176, "confidence": null, "geometry_wkt": {"type": "Polygon", "coordinates": [[[98.14769669066524, 13.750733948549755], [98.14776295969057, 13.750707115704017], [98.14780480506833, 13.75080482762497], [98.14773853600505, 13.750831660513875], [98.14769669066524, 13.750733948549755]]]}}}, {"type": "Feature", "geometry": {"type": "Polygon", "coordinates": [[[98.1539008990768, 13.7568670818197], [98.1539890985657, 13.75679523235949], [98.15403403199466, 13.756847328615521], [98.15394574908716, 13.756919093186136], [98.1539008990768, 13.7568670818197]]]}, "id": "002200000000000304e3", "properties": {"area_in_meters": 93.84501625680655, "bf_source": "microsoft", "boundary_id": 176, "confidence": null, "geometry_wkt": {"type": "Polygon", "coordinates": [[[98.1539008990768, 13.7568670818197], [98.1539890985657, 13.75679523235949], [98.15403403199466, 13.756847328615521], [98.15394574908716, 13.756919093186136], [98.1539008990768, 13.7568670818197]]]}}}, {"type": "Feature", "geometry": {"type": "Polygon", "coordinates": [[[98.15311544480755, 13.742842322171851], [98.15317855093608, 13.742820067431664], [98.15319030518796, 13.742851422121742], [98.15312719904928, 13.742873676874018], [98.15311544480755, 13.742842322171851]]]}, "id": "00220000000000030548", "properties": {"area_in_meters": 26.857026293721848, "bf_source": "microsoft", "boundary_id": 176, "confidence": null, "geometry_wkt": {"type": "Polygon", "coordinates": [[[98.15311544480755, 13.742842322171851], [98.15317855093608, 13.742820067431664], [98.15319030518796, 13.742851422121742], [98.15312719904928, 13.742873676874018], [98.15311544480755, 13.742842322171851]]]}}}, {"type": "Feature", "geometry": {"type": "Polygon", "coordinates": [[[98.14938686134947, 13.748286489093042], [98.14938902868757, 13.74821626311565], [98.14948680904543, 13.74821908154064], [98.14948455834516, 13.74828939795562], [98.14938686134947, 13.748286489093042]]]}, "id": "00220000000000030602", "properties": {"area_in_meters": 82.5835021857131, "bf_source": "microsoft", "boundary_id": 176, "confidence": null, "geometry_wkt": {"type": "Polygon", "coordinates": [[[98.14938686134947, 13.748286489093042], [98.14938902868757, 13.74821626311565], [98.14948680904543, 13.74821908154064], [98.14948455834516, 13.74828939795562], [98.14938686134947, 13.748286489093042]]]}}}, {"type": "Feature", "geometry": {"type": "Polygon", "coordinates": [[[98.15647073235264, 13.775108346355067], [98.1564643964429, 13.775155744061381], [98.15636418910113, 13.775143102409563], [98.1563705250022, 13.775095704701513], [98.15647073235264, 13.775108346355067]]]}, "id": "002200000000000306b5", "properties": {"area_in_meters": 58.08448248141628, "bf_source": "microsoft", "boundary_id": 176, "confidence": null, "geometry_wkt": {"type": "Polygon", "coordinates": [[[98.15647073235264, 13.775108346355067], [98.1564643964429, 13.775155744061381], [98.15636418910113, 13.775143102409563], [98.1563705250022, 13.775095704701513], [98.15647073235264, 13.775108346355067]]]}}}, {"type": "Feature", "geometry": {"type": "Polygon", "coordinates": [[[98.15609883205352, 13.774873507931083], [98.15610766893623, 13.774804275500111], [98.15622129800448, 13.774818051211955], [98.15621237774108, 13.774887286402683], [98.15609883205352, 13.774873507931083]]]}, "id": "00220000000000030870", "properties": {"area_in_meters": 95.9229400846569, "bf_source": "microsoft", "boundary_id": 176, "confidence": null, "geometry_wkt": {"type": "Polygon", "coordinates": [[[98.15609883205352, 13.774873507931083], [98.15610766893623, 13.774804275500111], [98.15622129800448, 13.774818051211955], [98.15621237774108, 13.774887286402683], [98.15609883205352, 13.774873507931083]]]}}}, {"type": "Feature", "geometry": {"type": "Polygon", "coordinates": [[[98.15615452110585, 13.775485979883731], [98.15615268703458, 13.77556927726191], [98.15599987571342, 13.775566097555869], [98.15600170978084, 13.775482800155945], [98.15615452110585, 13.775485979883731]]]}, "id": "002200000000000308bb", "properties": {"area_in_meters": 152.97854947321053, "bf_source": "microsoft", "boundary_id": 176, "confidence": null, "geometry_wkt": {"type": "Polygon", "coordinates": [[[98.15615452110585, 13.775485979883731], [98.15615268703458, 13.77556927726191], [98.15599987571342, 13.775566097555869], [98.15600170978084, 13.775482800155945], [98.15615452110585, 13.775485979883731]]]}}}, {"type": "Feature", "geometry": {"type": "Polygon", "coordinates": [[[98.15571784671083, 13.777595331778858], [98.15572118136605, 13.777491283478753], [98.15578812460168, 13.777493274545641], [98.15578487330987, 13.777597320071145], [98.15571784671083, 13.777595331778858]]]}, "id": "002200000000000308da", "properties": {"area_in_meters": 83.82650635307921, "bf_source": "microsoft", "boundary_id": 176, "confidence": null, "geometry_wkt": {"type": "Polygon", "coordinates": [[[98.15571784671083, 13.777595331778858], [98.15572118136605, 13.777491283478753], [98.15578812460168, 13.777493274545641], [98.15578487330987, 13.777597320071145], [98.15571784671083, 13.777595331778858]]]}}}, {"type": "Feature", "geometry": {"type": "Polygon", "coordinates": [[[98.14941603705977, 13.749423432979428], [98.14943929427717, 13.749483786599868], [98.1493745241955, 13.749507412883435], [98.1493895288425, 13.749546203629897], [98.14932734293664, 13.749568867550233], [98.14928899776638, 13.749469725876393], [98.14941603705977, 13.749423432979428]]]}, "id": "0022000000000003098f", "properties": {"area_in_meters": 138.03989143079343, "bf_source": "microsoft", "boundary_id": 176, "confidence": null, "geometry_wkt": {"type": "Polygon", "coordinates": [[[98.14941603705977, 13.749423432979428], [98.14943929427717, 13.749483786599868], [98.1493745241955, 13.749507412883435], [98.1493895288425, 13.749546203629897], [98.14932734293664, 13.749568867550233], [98.14928899776638, 13.749469725876393], [98.14941603705977, 13.749423432979428]]]}}}, {"type": "Feature", "geometry": {"type": "Polygon", "coordinates": [[[98.15006174019064, 13.748398436091225], [98.15006857570486, 13.74853246799277], [98.15000172106878, 13.748535730573481], [98.14999888683369, 13.748479613076281], [98.14996937745134, 13.748481027133886], [98.14996545953987, 13.748403022251848], [98.15006174019064, 13.748398436091225]]]}, "id": "00220000000000030bdd", "properties": {"area_in_meters": 135.61966944043076, "bf_source": "microsoft", "boundary_id": 176, "confidence": null, "geometry_wkt": {"type": "Polygon", "coordinates": [[[98.15006174019064, 13.748398436091225], [98.15006857570486, 13.74853246799277], [98.15000172106878, 13.748535730573481], [98.14999888683369, 13.748479613076281], [98.14996937745134, 13.748481027133886], [98.14996545953987, 13.748403022251848], [98.15006174019064, 13.748398436091225]]]}}}, {"type": "Feature", "geometry": {"type": "Polygon", "coordinates": [[[98.14796785222714, 13.74991468743625], [98.1478596542253, 13.749920017817441], [98.14785531963996, 13.749836851553766], [98.14796351763539, 13.749831521195752], [98.14796785222714, 13.74991468743625]]]}, "id": "00220000000000030c04", "properties": {"area_in_meters": 108.31732355649974, "bf_source": "microsoft", "boundary_id": 176, "confidence": null, "geometry_wkt": {"type": "Polygon", "coordinates": [[[98.14796785222714, 13.74991468743625], [98.1478596542253, 13.749920017817441], [98.14785531963996, 13.749836851553766], [98.14796351763539, 13.749831521195752], [98.14796785222714, 13.74991468743625]]]}}}, {"type": "Feature", "geometry": {"type": "Polygon", "coordinates": [[[98.15737085395504, 13.766970823202362], [98.15724755239685, 13.766974119042043], [98.15724596840253, 13.76691812871179], [98.15730757747019, 13.766916438337592], [98.15730691052468, 13.766893043495761], [98.1573685196437, 13.766891353107727], [98.15737085395504, 13.766970823202362]]]}, "id": "00220000000000030cd9", "properties": {"area_in_meters": 100.28892965017394, "bf_source": "microsoft", "boundary_id": 176, "confidence": null, "geometry_wkt": {"type": "Polygon", "coordinates": [[[98.15737085395504, 13.766970823202362], [98.15724755239685, 13.766974119042043], [98.15724596840253, 13.76691812871179], [98.15730757747019, 13.766916438337592], [98.15730691052468, 13.766893043495761], [98.1573685196437, 13.766891353107727], [98.15737085395504, 13.766970823202362]]]}}}, {"type": "Feature", "geometry": {"type": "Polygon", "coordinates": [[[98.15097170280696, 13.750854725513259], [98.1510555639849, 13.750846690569814], [98.15106531722954, 13.75094221798055], [98.15098137267942, 13.750950255705936], [98.15097170280696, 13.750854725513259]]]}, "id": "00220000000000030d0d", "properties": {"area_in_meters": 97.16618544974335, "bf_source": "microsoft", "boundary_id": 176, "confidence": null, "geometry_wkt": {"type": "Polygon", "coordinates": [[[98.15097170280696, 13.750854725513259], [98.1510555639849, 13.750846690569814], [98.15106531722954, 13.75094221798055], [98.15098137267942, 13.750950255705936], [98.15097170280696, 13.750854725513259]]]}}}, {"type": "Feature", "geometry": {"type": "Polygon", "coordinates": [[[98.1515093830035, 13.750040419409888], [98.15155289775993, 13.750022932415645], [98.15158224105859, 13.750091941619486], [98.15153872628467, 13.750109340939884], [98.1515093830035, 13.750040419409888]]]}, "id": "00220000000000030d84", "properties": {"area_in_meters": 42.22550668790798, "bf_source": "microsoft", "boundary_id": 176, "confidence": null, "geometry_wkt": {"type": "Polygon", "coordinates": [[[98.1515093830035, 13.750040419409888], [98.15155289775993, 13.750022932415645], [98.15158224105859, 13.750091941619486], [98.15153872628467, 13.750109340939884], [98.1515093830035, 13.750040419409888]]]}}}, {"type": "Feature", "geometry": {"type": "Polygon", "coordinates": [[[98.15260659632534, 13.749710885157132], [98.15261201490945, 13.749806028620444], [98.1525585793514, 13.749808935965737], [98.15255307740848, 13.749713795246135], [98.15260659632534, 13.749710885157132]]]}, "id": "00220000000000030eb0", "properties": {"area_in_meters": 61.28227749649636, "bf_source": "microsoft", "boundary_id": 176, "confidence": null, "geometry_wkt": {"type": "Polygon", "coordinates": [[[98.15260659632534, 13.749710885157132], [98.15261201490945, 13.749806028620444], [98.1525585793514, 13.749808935965737], [98.15255307740848, 13.749713795246135], [98.15260659632534, 13.749710885157132]]]}}}, {"type": "Feature", "geometry": {"type": "Polygon", "coordinates": [[[98.15104581074156, 13.754197505705292], [98.15107515383656, 13.754266516981263], [98.15097345338721, 13.754307327446206], [98.15094411033307, 13.754238316123704], [98.15104581074156, 13.754197505705292]]]}, "id": "00220000000000030eb5", "properties": {"area_in_meters": 98.6766779881712, "bf_source": "microsoft", "boundary_id": 176, "confidence": null, "geometry_wkt": {"type": "Polygon", "coordinates": [[[98.15104581074156, 13.754197505705292], [98.15107515383656, 13.754266516981263], [98.15097345338721, 13.754307327446206], [98.15094411033307, 13.754238316123704], [98.15104581074156, 13.754197505705292]]]}}}, {"type": "Feature", "geometry": {"type": "Polygon", "coordinates": [[[98.15143502451417, 13.752392477854777], [98.15147937284175, 13.75229735248553], [98.1515528143983, 13.752329650703155], [98.15150846602616, 13.752424776099756], [98.15143502451417, 13.752392477854777]]]}, "id": "002200000000000310d0", "properties": {"area_in_meters": 101.13960392189735, "bf_source": "microsoft", "boundary_id": 176, "confidence": null, "geometry_wkt": {"type": "Polygon", "coordinates": [[[98.15143502451417, 13.752392477854777], [98.15147937284175, 13.75229735248553], [98.1515528143983, 13.752329650703155], [98.15150846602616, 13.752424776099756], [98.15143502451417, 13.752392477854777]]]}}}, {"type": "Feature", "geometry": {"type": "Polygon", "coordinates": [[[98.1492566544645, 13.747947651262395], [98.14910510794695, 13.747949766915221], [98.14910402428212, 13.747878333154285], [98.14925557079741, 13.747876217524656], [98.1492566544645, 13.747947651262395]]]}, "id": "00220000000000031195", "properties": {"area_in_meters": 130.0604820507074, "bf_source": "microsoft", "boundary_id": 176, "confidence": null, "geometry_wkt": {"type": "Polygon", "coordinates": [[[98.1492566544645, 13.747947651262395], [98.14910510794695, 13.747949766915221], [98.14910402428212, 13.747878333154285], [98.14925557079741, 13.747876217524656], [98.1492566544645, 13.747947651262395]]]}}}, {"type": "Feature", "geometry": {"type": "Polygon", "coordinates": [[[98.14625720890308, 13.748367039919266], [98.14636048654435, 13.748364679425437], [98.14636257043693, 13.74845063792409], [98.14625929279269, 13.748452998437898], [98.14625720890308, 13.748367039919266]]]}, "id": "002200000000000311dc", "properties": {"area_in_meters": 106.64715760916813, "bf_source": "microsoft", "boundary_id": 176, "confidence": null, "geometry_wkt": {"type": "Polygon", "coordinates": [[[98.14625720890308, 13.748367039919266], [98.14636048654435, 13.748364679425437], [98.14636257043693, 13.74845063792409], [98.14625929279269, 13.748452998437898], [98.14625720890308, 13.748367039919266]]]}}}, {"type": "Feature", "geometry": {"type": "Polygon", "coordinates": [[[98.15015385296664, 13.751443717954583], [98.15028606209515, 13.751437504475808], [98.15028972994322, 13.751511836150552], [98.1501576041681, 13.751518046897816], [98.15015385296664, 13.751443717954583]]]}, "id": "0022000000000003121e", "properties": {"area_in_meters": 118.27439696629013, "bf_source": "microsoft", "boundary_id": 176, "confidence": null, "geometry_wkt": {"type": "Polygon", "coordinates": [[[98.15015385296664, 13.751443717954583], [98.15028606209515, 13.751437504475808], [98.15028972994322, 13.751511836150552], [98.1501576041681, 13.751518046897816], [98.15015385296664, 13.751443717954583]]]}}}, {"type": "Feature", "geometry": {"type": "Polygon", "coordinates": [[[98.16920068362465, 13.767145325472944], [98.16921043928996, 13.767179205552173], [98.16916941547535, 13.767190213984273], [98.16915974319721, 13.76715641883318], [98.16920068362465, 13.767145325472944]]]}, "id": "0022000000000003128b", "properties": {"area_in_meters": 17.948038886913395, "bf_source": "microsoft", "boundary_id": 176, "confidence": null, "geometry_wkt": {"type": "Polygon", "coordinates": [[[98.16920068362465, 13.767145325472944], [98.16921043928996, 13.767179205552173], [98.16916941547535, 13.767190213984273], [98.16915974319721, 13.76715641883318], [98.16920068362465, 13.767145325472944]]]}}}, {"type": "Feature", "geometry": {"type": "Polygon", "coordinates": [[[98.15606648573721, 13.76020003486747], [98.15596869657419, 13.760243263852676], [98.15593685051526, 13.76017529864586], [98.15603463963566, 13.760132157407249], [98.15606648573721, 13.76020003486747]]]}, "id": "002200000000000313af", "properties": {"area_in_meters": 96.27721918785507, "bf_source": "microsoft", "boundary_id": 176, "confidence": null, "geometry_wkt": {"type": "Polygon", "coordinates": [[[98.15606648573721, 13.76020003486747], [98.15596869657419, 13.760243263852676], [98.15593685051526, 13.76017529864586], [98.15603463963566, 13.760132157407249], [98.15606648573721, 13.76020003486747]]]}}}, {"type": "Feature", "geometry": {"type": "Polygon", "coordinates": [[[98.16015173865306, 13.79904418374599], [98.16003952078769, 13.799050893610344], [98.16003485199464, 13.798978237262876], [98.16014706985285, 13.798971527420605], [98.16015173865306, 13.79904418374599]]]}, "id": "002200000000000313ee", "properties": {"area_in_meters": 98.27783742139316, "bf_source": "microsoft", "boundary_id": 176, "confidence": null, "geometry_wkt": {"type": "Polygon", "coordinates": [[[98.16015173865306, 13.79904418374599], [98.16003952078769, 13.799050893610344], [98.16003485199464, 13.798978237262876], [98.16014706985285, 13.798971527420605], [98.16015173865306, 13.79904418374599]]]}}}, {"type": "Feature", "geometry": {"type": "Polygon", "coordinates": [[[98.15057573930082, 13.751129412389712], [98.15048512648022, 13.751145913798455], [98.15046511998484, 13.75104274496106], [98.1505195543372, 13.751032877015371], [98.15052930751027, 13.751083154264485], [98.15056556931904, 13.7510765180762], [98.15057573930082, 13.751129412389712]]]}, "id": "0022000000000003140c", "properties": {"area_in_meters": 93.62585599051295, "bf_source": "microsoft", "boundary_id": 176, "confidence": null, "geometry_wkt": {"type": "Polygon", "coordinates": [[[98.15057573930082, 13.751129412389712], [98.15048512648022, 13.751145913798455], [98.15046511998484, 13.75104274496106], [98.1505195543372, 13.751032877015371], [98.15052930751027, 13.751083154264485], [98.15056556931904, 13.7510765180762], [98.15057573930082, 13.751129412389712]]]}}}, {"type": "Feature", "geometry": {"type": "Polygon", "coordinates": [[[98.16118555175503, 13.820116424433083], [98.16128976759643, 13.820092777830087], [98.16129752126096, 13.82012480757253], [98.16119330540852, 13.820148541929456], [98.16118555175503, 13.820116424433083]]]}, "id": "00220000000000031418", "properties": {"area_in_meters": 42.379239096078194, "bf_source": "microsoft", "boundary_id": 176, "confidence": null, "geometry_wkt": {"type": "Polygon", "coordinates": [[[98.16118555175503, 13.820116424433083], [98.16128976759643, 13.820092777830087], [98.16129752126096, 13.82012480757253], [98.16119330540852, 13.820148541929456], [98.16118555175503, 13.820116424433083]]]}}}, {"type": "Feature", "geometry": {"type": "Polygon", "coordinates": [[[98.14850867792424, 13.750686410207733], [98.14842023497701, 13.750689334049534], [98.14841681729695, 13.750590439759565], [98.14850517688187, 13.750587518694271], [98.14850867792424, 13.750686410207733]]]}, "id": "0022000000000003145f", "properties": {"area_in_meters": 105.12107342951418, "bf_source": "microsoft", "boundary_id": 176, "confidence": null, "geometry_wkt": {"type": "Polygon", "coordinates": [[[98.14850867792424, 13.750686410207733], [98.14842023497701, 13.750689334049534], [98.14841681729695, 13.750590439759565], [98.14850517688187, 13.750587518694271], [98.14850867792424, 13.750686410207733]]]}}}, {"type": "Feature", "geometry": {"type": "Polygon", "coordinates": [[[98.14339258374687, 13.745274305881438], [98.14344559583759, 13.745280184287761], [98.1434400945811, 13.745326491959126], [98.14338716584669, 13.745320610801338], [98.14339258374687, 13.745274305881438]]]}, "id": "00220000000000031461", "properties": {"area_in_meters": 29.82481319372719, "bf_source": "microsoft", "boundary_id": 176, "confidence": null, "geometry_wkt": {"type": "Polygon", "coordinates": [[[98.14339258374687, 13.745274305881438], [98.14344559583759, 13.745280184287761], [98.1434400945811, 13.745326491959126], [98.14338716584669, 13.745320610801338], [98.14339258374687, 13.745274305881438]]]}}}, {"type": "Feature", "geometry": {"type": "Polygon", "coordinates": [[[98.156628129866, 13.772021494341208], [98.15661962638998, 13.772088170656778], [98.15651391659429, 13.772075623402673], [98.156522420058, 13.772008859376516], [98.156628129866, 13.772021494341208]]]}, "id": "0022000000000003149a", "properties": {"area_in_meters": 85.97114462519397, "bf_source": "microsoft", "boundary_id": 176, "confidence": null, "geometry_wkt": {"type": "Polygon", "coordinates": [[[98.156628129866, 13.772021494341208], [98.15661962638998, 13.772088170656778], [98.15651391659429, 13.772075623402673], [98.156522420058, 13.772008859376516], [98.156628129866, 13.772021494341208]]]}}}, {"type": "Feature", "geometry": {"type": "Polygon", "coordinates": [[[98.15926934070981, 13.79893883306294], [98.15932178072835, 13.798939898684539], [98.15932028005956, 13.799005040245873], [98.15926792341254, 13.7990038841366], [98.15926934070981, 13.79893883306294]]]}, "id": "002200000000000314b6", "properties": {"area_in_meters": 40.97724905008142, "bf_source": "microsoft", "boundary_id": 176, "confidence": null, "geometry_wkt": {"type": "Polygon", "coordinates": [[[98.15926934070981, 13.79893883306294], [98.15932178072835, 13.798939898684539], [98.15932028005956, 13.799005040245873], [98.15926792341254, 13.7990038841366], [98.15926934070981, 13.79893883306294]]]}}}, {"type": "Feature", "geometry": {"type": "Polygon", "coordinates": [[[98.14683336497069, 13.748682989537397], [98.14673083686577, 13.748697339564883], [98.14671116482309, 13.748564607670255], [98.1466769888293, 13.748569332524529], [98.14666865322349, 13.748513221022941], [98.14674484069602, 13.748502547754798], [98.14674067288911, 13.74847444817321], [98.14669866140886, 13.748480396589748], [98.14669332661946, 13.748444618545633], [98.14684578505171, 13.748423269247075], [98.14685295369004, 13.748471789917282], [98.1469028841091, 13.74846479053243], [98.14691913859343, 13.748574571802285], [98.14681927776726, 13.748588482908854], [98.14683336497069, 13.748682989537397]]]}, "id": "002200000000000315cf", "properties": {"area_in_meters": 490.5174320660342, "bf_source": "microsoft", "boundary_id": 176, "confidence": null, "geometry_wkt": {"type": "Polygon", "coordinates": [[[98.14683336497069, 13.748682989537397], [98.14673083686577, 13.748697339564883], [98.14671116482309, 13.748564607670255], [98.1466769888293, 13.748569332524529], [98.14666865322349, 13.748513221022941], [98.14674484069602, 13.748502547754798], [98.14674067288911, 13.74847444817321], [98.14669866140886, 13.748480396589748], [98.14669332661946, 13.748444618545633], [98.14684578505171, 13.748423269247075], [98.14685295369004, 13.748471789917282], [98.1469028841091, 13.74846479053243], [98.14691913859343, 13.748574571802285], [98.14681927776726, 13.748588482908854], [98.14683336497069, 13.748682989537397]]]}}}, {"type": "Feature", "geometry": {"type": "Polygon", "coordinates": [[[98.14754589759778, 13.749090981213836], [98.14766518164035, 13.749063361323874], [98.14768335351019, 13.749137300407375], [98.14756406943795, 13.749164920339155], [98.14754589759778, 13.749090981213836]]]}, "id": "00220000000000031658", "properties": {"area_in_meters": 111.97115918179472, "bf_source": "microsoft", "boundary_id": 176, "confidence": null, "geometry_wkt": {"type": "Polygon", "coordinates": [[[98.14754589759778, 13.749090981213836], [98.14766518164035, 13.749063361323874], [98.14768335351019, 13.749137300407375], [98.14756406943795, 13.749164920339155], [98.14754589759778, 13.749090981213836]]]}}}, {"type": "Feature", "geometry": {"type": "Polygon", "coordinates": [[[98.15605398072185, 13.77346560006679], [98.15612509260436, 13.773470172317055], [98.15612142446335, 13.773524585414165], [98.15605031258443, 13.773520100876887], [98.15605398072185, 13.77346560006679]]]}, "id": "002200000000000316cb", "properties": {"area_in_meters": 46.72083442635482, "bf_source": "microsoft", "boundary_id": 176, "confidence": null, "geometry_wkt": {"type": "Polygon", "coordinates": [[[98.15605398072185, 13.77346560006679], [98.15612509260436, 13.773470172317055], [98.15612142446335, 13.773524585414165], [98.15605031258443, 13.773520100876887], [98.15605398072185, 13.77346560006679]]]}}}, {"type": "Feature", "geometry": {"type": "Polygon", "coordinates": [[[98.15130106271826, 13.751130594116628], [98.15135899887241, 13.75124881955266], [98.15128030574758, 13.7512851845118], [98.15122236965583, 13.751167046702548], [98.15130106271826, 13.751130594116628]]]}, "id": "002200000000000316f5", "properties": {"area_in_meters": 137.00979450302614, "bf_source": "microsoft", "boundary_id": 176, "confidence": null, "geometry_wkt": {"type": "Polygon", "coordinates": [[[98.15130106271826, 13.751130594116628], [98.15135899887241, 13.75124881955266], [98.15128030574758, 13.7512851845118], [98.15122236965583, 13.751167046702548], [98.15130106271826, 13.751130594116628]]]}}}, {"type": "Feature", "geometry": {"type": "Polygon", "coordinates": [[[98.1585824549735, 13.799794593680533], [98.15850875624398, 13.799826692357179], [98.15845673365612, 13.799713762933099], [98.15853051570278, 13.799681749271217], [98.1585824549735, 13.799794593680533]]]}, "id": "00220000000000031796", "properties": {"area_in_meters": 119.95672555499006, "bf_source": "microsoft", "boundary_id": 176, "confidence": null, "geometry_wkt": {"type": "Polygon", "coordinates": [[[98.1585824549735, 13.799794593680533], [98.15850875624398, 13.799826692357179], [98.15845673365612, 13.799713762933099], [98.15853051570278, 13.799681749271217], [98.1585824549735, 13.799794593680533]]]}}}, {"type": "Feature", "geometry": {"type": "Polygon", "coordinates": [[[98.16069098708294, 13.782871470980265], [98.1606485507219, 13.78287586131936], [98.16063979666228, 13.782795981340303], [98.16068223301824, 13.782791591012172], [98.16069098708294, 13.782871470980265]]]}, "id": "002200000000000317fd", "properties": {"area_in_meters": 41.15092562434691, "bf_source": "microsoft", "boundary_id": 176, "confidence": null, "geometry_wkt": {"type": "Polygon", "coordinates": [[[98.16069098708294, 13.782871470980265], [98.1606485507219, 13.78287586131936], [98.16063979666228, 13.782795981340303], [98.16068223301824, 13.782791591012172], [98.16069098708294, 13.782871470980265]]]}}}, {"type": "Feature", "geometry": {"type": "Polygon", "coordinates": [[[98.17157685190838, 13.822099425502136], [98.17163088505615, 13.82208867625063], [98.17164272565867, 13.82214469719462], [98.17158869250217, 13.822155446459323], [98.17157685190838, 13.822099425502136]]]}, "id": "00220000000000031845", "properties": {"area_in_meters": 37.8869217868428, "bf_source": "microsoft", "boundary_id": 176, "confidence": null, "geometry_wkt": {"type": "Polygon", "coordinates": [[[98.17157685190838, 13.822099425502136], [98.17163088505615, 13.82208867625063], [98.17164272565867, 13.82214469719462], [98.17158869250217, 13.822155446459323], [98.17157685190838, 13.822099425502136]]]}}}, {"type": "Feature", "geometry": {"type": "Polygon", "coordinates": [[[98.15183507741283, 13.755861405834494], [98.15188184348125, 13.755953782681242], [98.15182357346475, 13.755981581319432], [98.15177680743362, 13.755889292130208], [98.15183507741283, 13.755861405834494]]]}, "id": "0022000000000003184c", "properties": {"area_in_meters": 80.28166119155873, "bf_source": "microsoft", "boundary_id": 176, "confidence": null, "geometry_wkt": {"type": "Polygon", "coordinates": [[[98.15183507741283, 13.755861405834494], [98.15188184348125, 13.755953782681242], [98.15182357346475, 13.755981581319432], [98.15177680743362, 13.755889292130208], [98.15183507741283, 13.755861405834494]]]}}}, {"type": "Feature", "geometry": {"type": "Polygon", "coordinates": [[[98.1564015375785, 13.774587190817217], [98.15653809311137, 13.77459292664777], [98.15653542535736, 13.774652657274356], [98.15639895319664, 13.774647006401528], [98.1564015375785, 13.774587190817217]]]}, "id": "00220000000000031874", "properties": {"area_in_meters": 98.24640530020464, "bf_source": "microsoft", "boundary_id": 176, "confidence": null, "geometry_wkt": {"type": "Polygon", "coordinates": [[[98.1564015375785, 13.774587190817217], [98.15653809311137, 13.77459292664777], [98.15653542535736, 13.774652657274356], [98.15639895319664, 13.774647006401528], [98.1564015375785, 13.774587190817217]]]}}}, {"type": "Feature", "geometry": {"type": "Polygon", "coordinates": [[[98.14886720222196, 13.750651142945012], [98.14886786909047, 13.750760563794861], [98.14880351630792, 13.750760937453382], [98.14880284944002, 13.750651516589176], [98.14886720222196, 13.750651142945012]]]}, "id": "002200000000000318f9", "properties": {"area_in_meters": 84.59440180507727, "bf_source": "microsoft", "boundary_id": 176, "confidence": null, "geometry_wkt": {"type": "Polygon", "coordinates": [[[98.14886720222196, 13.750651142945012], [98.14886786909047, 13.750760563794861], [98.14880351630792, 13.750760937453382], [98.14880284944002, 13.750651516589176], [98.14886720222196, 13.750651142945012]]]}}}, {"type": "Feature", "geometry": {"type": "Polygon", "coordinates": [[[98.15079122654272, 13.750327600570346], [98.1507897260491, 13.750269333660075], [98.15083257349045, 13.750268267565739], [98.15083407398497, 13.750326534470338], [98.15079122654272, 13.750327600570346]]]}, "id": "00220000000000031904", "properties": {"area_in_meters": 30.03957678092248, "bf_source": "microsoft", "boundary_id": 176, "confidence": null, "geometry_wkt": {"type": "Polygon", "coordinates": [[[98.15079122654272, 13.750327600570346], [98.1507897260491, 13.750269333660075], [98.15083257349045, 13.750268267565739], [98.15083407398497, 13.750326534470338], [98.15079122654272, 13.750327600570346]]]}}}, {"type": "Feature", "geometry": {"type": "Polygon", "coordinates": [[[98.15934904288319, 13.800126001040644], [98.1593685515874, 13.800204832363514], [98.159278594828, 13.800225803882382], [98.15925908614778, 13.800146972525802], [98.15934904288319, 13.800126001040644]]]}, "id": "00220000000000031925", "properties": {"area_in_meters": 90.06789524895143, "bf_source": "microsoft", "boundary_id": 176, "confidence": null, "geometry_wkt": {"type": "Polygon", "coordinates": [[[98.15934904288319, 13.800126001040644], [98.1593685515874, 13.800204832363514], [98.159278594828, 13.800225803882382], [98.15925908614778, 13.800146972525802], [98.15934904288319, 13.800126001040644]]]}}}, {"type": "Feature", "geometry": {"type": "Polygon", "coordinates": [[[98.15309552095529, 13.756323348066635], [98.15316237842238, 13.756352706844705], [98.1531166952587, 13.756450861369633], [98.15304983783342, 13.756421590263637], [98.15309552095529, 13.756323348066635]]]}, "id": "00220000000000031a2e", "properties": {"area_in_meters": 94.88862169483211, "bf_source": "microsoft", "boundary_id": 176, "confidence": null, "geometry_wkt": {"type": "Polygon", "coordinates": [[[98.15309552095529, 13.756323348066635], [98.15316237842238, 13.756352706844705], [98.1531166952587, 13.756450861369633], [98.15304983783342, 13.756421590263637], [98.15309552095529, 13.756323348066635]]]}}}, {"type": "Feature", "geometry": {"type": "Polygon", "coordinates": [[[98.15671825009903, 13.77948007104162], [98.15678577782104, 13.779468183672543], [98.15679378111075, 13.7795110727529], [98.15672625338135, 13.779522960133834], [98.15671825009903, 13.77948007104162]]]}, "id": "00220000000000031ae9", "properties": {"area_in_meters": 35.90381003140082, "bf_source": "microsoft", "boundary_id": 176, "confidence": null, "geometry_wkt": {"type": "Polygon", "coordinates": [[[98.15671825009903, 13.77948007104162], [98.15678577782104, 13.779468183672543], [98.15679378111075, 13.7795110727529], [98.15672625338135, 13.779522960133834], [98.15671825009903, 13.77948007104162]]]}}}, {"type": "Feature", "geometry": {"type": "Polygon", "coordinates": [[[98.13697215404622, 13.758399721805867], [98.13692806456419, 13.758401967344296], [98.13692564756121, 13.758356529957588], [98.13696982038678, 13.75835436937331], [98.13697215404622, 13.758399721805867]]]}, "id": "00220000000000031af9", "properties": {"area_in_meters": 24.1257908580033, "bf_source": "microsoft", "boundary_id": 176, "confidence": null, "geometry_wkt": {"type": "Polygon", "coordinates": [[[98.13697215404622, 13.758399721805867], [98.13692806456419, 13.758401967344296], [98.13692564756121, 13.758356529957588], [98.13696982038678, 13.75835436937331], [98.13697215404622, 13.758399721805867]]]}}}, {"type": "Feature", "geometry": {"type": "Polygon", "coordinates": [[[98.1483312086312, 13.754490389612071], [98.1482829443936, 13.75449137167798], [98.14828169402519, 13.754436689959196], [98.14832995826197, 13.75443570789916], [98.1483312086312, 13.754490389612071]]]}, "id": "00220000000000031b84", "properties": {"area_in_meters": 31.708502057567667, "bf_source": "microsoft", "boundary_id": 176, "confidence": null, "geometry_wkt": {"type": "Polygon", "coordinates": [[[98.1483312086312, 13.754490389612071], [98.1482829443936, 13.75449137167798], [98.14828169402519, 13.754436689959196], [98.14832995826197, 13.75443570789916], [98.1483312086312, 13.754490389612071]]]}}}, {"type": "Feature", "geometry": {"type": "Polygon", "coordinates": [[[98.15884690396743, 13.799503686985751], [98.15892535512972, 13.799476430851149], [98.15896712352999, 13.799589437266139], [98.15888867232285, 13.799616781179479], [98.15884690396743, 13.799503686985751]]]}, "id": "00220000000000031bbc", "properties": {"area_in_meters": 120.18065203303024, "bf_source": "microsoft", "boundary_id": 176, "confidence": null, "geometry_wkt": {"type": "Polygon", "coordinates": [[[98.15884690396743, 13.799503686985751], [98.15892535512972, 13.799476430851149], [98.15896712352999, 13.799589437266139], [98.15888867232285, 13.799616781179479], [98.15884690396743, 13.799503686985751]]]}}}, {"type": "Feature", "geometry": {"type": "Polygon", "coordinates": [[[98.15800987449019, 13.767243633917145], [98.15800020368769, 13.767312626605255], [98.15794109510367, 13.767304850022194], [98.15795076589835, 13.7672357696289], [98.15800987449019, 13.767243633917145]]]}, "id": "00220000000000031d49", "properties": {"area_in_meters": 49.967454760761576, "bf_source": "microsoft", "boundary_id": 176, "confidence": null, "geometry_wkt": {"type": "Polygon", "coordinates": [[[98.15800987449019, 13.767243633917145], [98.15800020368769, 13.767312626605255], [98.15794109510367, 13.767304850022194], [98.15795076589835, 13.7672357696289], [98.15800987449019, 13.767243633917145]]]}}}, {"type": "Feature", "geometry": {"type": "Polygon", "coordinates": [[[98.15072020321135, 13.749881394789202], [98.15086099953058, 13.749876212936721], [98.15086508421174, 13.74998034575976], [98.15072420452395, 13.749985442710418], [98.15072020321135, 13.749881394789202]]]}, "id": "00220000000000031dee", "properties": {"area_in_meters": 176.22888230868796, "bf_source": "microsoft", "boundary_id": 176, "confidence": null, "geometry_wkt": {"type": "Polygon", "coordinates": [[[98.15072020321135, 13.749881394789202], [98.15086099953058, 13.749876212936721], [98.15086508421174, 13.74998034575976], [98.15072420452395, 13.749985442710418], [98.15072020321135, 13.749881394789202]]]}}}, {"type": "Feature", "geometry": {"type": "Polygon", "coordinates": [[[98.15628999240582, 13.777690652927701], [98.15615885618355, 13.777696228166933], [98.15615577160901, 13.777628617380437], [98.15628699119276, 13.777623039399629], [98.15628999240582, 13.777690652927701]]]}, "id": "0022000000000003200c", "properties": {"area_in_meters": 106.69402590426742, "bf_source": "microsoft", "boundary_id": 176, "confidence": null, "geometry_wkt": {"type": "Polygon", "coordinates": [[[98.15628999240582, 13.777690652927701], [98.15615885618355, 13.777696228166933], [98.15615577160901, 13.777628617380437], [98.15628699119276, 13.777623039399629], [98.15628999240582, 13.777690652927701]]]}}}, {"type": "Feature", "geometry": {"type": "Polygon", "coordinates": [[[98.16806620033866, 13.818857149817072], [98.16812515034516, 13.818855538246405], [98.16812631767252, 13.818897174106628], [98.16806736766506, 13.818898785682947], [98.16806620033866, 13.818857149817072]]]}, "id": "00220000000000032093", "properties": {"area_in_meters": 29.50159443971355, "bf_source": "microsoft", "boundary_id": 176, "confidence": null, "geometry_wkt": {"type": "Polygon", "coordinates": [[[98.16806620033866, 13.818857149817072], [98.16812515034516, 13.818855538246405], [98.16812631767252, 13.818897174106628], [98.16806736766506, 13.818898785682947], [98.16806620033866, 13.818857149817072]]]}}}, {"type": "Feature", "geometry": {"type": "Polygon", "coordinates": [[[98.14960342875675, 13.74908698383638], [98.14963485525833, 13.749172498305175], [98.14951006628536, 13.749215735171923], [98.14947863983745, 13.749130308332203], [98.14960342875675, 13.74908698383638]]]}, "id": "002200000000000320a2", "properties": {"area_in_meters": 144.4411705768812, "bf_source": "microsoft", "boundary_id": 176, "confidence": null, "geometry_wkt": {"type": "Polygon", "coordinates": [[[98.14960342875675, 13.74908698383638], [98.14963485525833, 13.749172498305175], [98.14951006628536, 13.749215735171923], [98.14947863983745, 13.749130308332203], [98.14960342875675, 13.74908698383638]]]}}}, {"type": "Feature", "geometry": {"type": "Polygon", "coordinates": [[[98.14976181179362, 13.75240826310271], [98.14987092956987, 13.752360368486869], [98.14990819136884, 13.752440342388876], [98.14979899017732, 13.75248832751835], [98.14976181179362, 13.75240826310271]]]}, "id": "00220000000000032184", "properties": {"area_in_meters": 126.33823986380328, "bf_source": "microsoft", "boundary_id": 176, "confidence": null, "geometry_wkt": {"type": "Polygon", "coordinates": [[[98.14976181179362, 13.75240826310271], [98.14987092956987, 13.752360368486869], [98.14990819136884, 13.752440342388876], [98.14979899017732, 13.75248832751835], [98.14976181179362, 13.75240826310271]]]}}}, {"type": "Feature", "geometry": {"type": "Polygon", "coordinates": [[[98.1599375577503, 13.79665819087818], [98.15994322699149, 13.796748971459635], [98.15982667415065, 13.796755824562029], [98.1598210049185, 13.79666504395208], [98.1599375577503, 13.79665819087818]]]}, "id": "002200000000000322a0", "properties": {"area_in_meters": 127.57904394632118, "bf_source": "microsoft", "boundary_id": 176, "confidence": null, "geometry_wkt": {"type": "Polygon", "coordinates": [[[98.1599375577503, 13.79665819087818], [98.15994322699149, 13.796748971459635], [98.15982667415065, 13.796755824562029], [98.1598210049185, 13.79666504395208], [98.1599375577503, 13.79665819087818]]]}}}, {"type": "Feature", "geometry": {"type": "Polygon", "coordinates": [[[98.15581838663245, 13.77802634560473], [98.15591650906077, 13.77801616362495], [98.15592409542224, 13.778085642769472], [98.15582605635022, 13.77809590971921], [98.15581838663245, 13.77802634560473]]]}, "id": "00220000000000032399", "properties": {"area_in_meters": 82.87253769055839, "bf_source": "microsoft", "boundary_id": 176, "confidence": null, "geometry_wkt": {"type": "Polygon", "coordinates": [[[98.15581838663245, 13.77802634560473], [98.15591650906077, 13.77801616362495], [98.15592409542224, 13.778085642769472], [98.15582605635022, 13.77809590971921], [98.15581838663245, 13.77802634560473]]]}}}, {"type": "Feature", "geometry": {"type": "Polygon", "coordinates": [[[98.15770024270748, 13.769547637314506], [98.15771424864025, 13.769466571782099], [98.15781595847065, 13.769483110370127], [98.15780203588714, 13.769564173140672], [98.15770024270748, 13.769547637314506]]]}, "id": "0022000000000003244c", "properties": {"area_in_meters": 101.8751271099358, "bf_source": "microsoft", "boundary_id": 176, "confidence": null, "geometry_wkt": {"type": "Polygon", "coordinates": [[[98.15770024270748, 13.769547637314506], [98.15771424864025, 13.769466571782099], [98.15781595847065, 13.769483110370127], [98.15780203588714, 13.769564173140672], [98.15770024270748, 13.769547637314506]]]}}}, {"type": "Feature", "geometry": {"type": "Polygon", "coordinates": [[[98.14886953626176, 13.746455472189103], [98.14891588363872, 13.746428509720465], [98.14894189153222, 13.746470619099664], [98.14889554413872, 13.746497581584922], [98.14886953626176, 13.746455472189103]]]}, "id": "002200000000000324a8", "properties": {"area_in_meters": 31.889555168097306, "bf_source": "microsoft", "boundary_id": 176, "confidence": null, "geometry_wkt": {"type": "Polygon", "coordinates": [[[98.14886953626176, 13.746455472189103], [98.14891588363872, 13.746428509720465], [98.14894189153222, 13.746470619099664], [98.14889554413872, 13.746497581584922], [98.14886953626176, 13.746455472189103]]]}}}, {"type": "Feature", "geometry": {"type": "Polygon", "coordinates": [[[98.14722080580829, 13.750927085937153], [98.14729249259135, 13.750888410612912], [98.14734208988361, 13.750974992395893], [98.14727031969511, 13.751013758220772], [98.14722080580829, 13.750927085937153]]]}, "id": "00220000000000032515", "properties": {"area_in_meters": 97.66053222113112, "bf_source": "microsoft", "boundary_id": 176, "confidence": null, "geometry_wkt": {"type": "Polygon", "coordinates": [[[98.14722080580829, 13.750927085937153], [98.14729249259135, 13.750888410612912], [98.14734208988361, 13.750974992395893], [98.14727031969511, 13.751013758220772], [98.14722080580829, 13.750927085937153]]]}}}, {"type": "Feature", "geometry": {"type": "Polygon", "coordinates": [[[98.16213692283863, 13.824984247022806], [98.1621525970956, 13.825072782827037], [98.16210048854151, 13.825081448584081], [98.16208481429571, 13.824992912761504], [98.16213692283863, 13.824984247022806]]]}, "id": "00220000000000032566", "properties": {"area_in_meters": 57.02743138831343, "bf_source": "microsoft", "boundary_id": 176, "confidence": null, "geometry_wkt": {"type": "Polygon", "coordinates": [[[98.16213692283863, 13.824984247022806], [98.1621525970956, 13.825072782827037], [98.16210048854151, 13.825081448584081], [98.16208481429571, 13.824992912761504], [98.16213692283863, 13.824984247022806]]]}}}, {"type": "Feature", "geometry": {"type": "Polygon", "coordinates": [[[98.15927334249051, 13.794697542559673], [98.15916271000913, 13.794703233266521], [98.15915845812357, 13.794625301954122], [98.15926909059853, 13.794619611269715], [98.15927334249051, 13.794697542559673]]]}, "id": "002200000000000325f6", "properties": {"area_in_meters": 103.84654367070883, "bf_source": "microsoft", "boundary_id": 176, "confidence": null, "geometry_wkt": {"type": "Polygon", "coordinates": [[[98.15927334249051, 13.794697542559673], [98.15916271000913, 13.794703233266521], [98.15915845812357, 13.794625301954122], [98.15926909059853, 13.794619611269715], [98.15927334249051, 13.794697542559673]]]}}}, {"type": "Feature", "geometry": {"type": "Polygon", "coordinates": [[[98.15363738498085, 13.756219297929194], [98.15366422819551, 13.75624401727381], [98.15358661631926, 13.756323671764473], [98.1535596897692, 13.756298955154495], [98.15363738498085, 13.756219297929194]]]}, "id": "00220000000000032996", "properties": {"area_in_meters": 48.74573236802763, "bf_source": "microsoft", "boundary_id": 176, "confidence": null, "geometry_wkt": {"type": "Polygon", "coordinates": [[[98.15363738498085, 13.756219297929194], [98.15366422819551, 13.75624401727381], [98.15358661631926, 13.756323671764473], [98.1535596897692, 13.756298955154495], [98.15363738498085, 13.756219297929194]]]}}}, {"type": "Feature", "geometry": {"type": "Polygon", "coordinates": [[[98.15634776578118, 13.7752592479425], [98.15634701547731, 13.775207173334785], [98.1564649800135, 13.775205543715703], [98.15646573031859, 13.77525761831028], [98.15634776578118, 13.7752592479425]]]}, "id": "002200000000000329d3", "properties": {"area_in_meters": 73.82413000645782, "bf_source": "microsoft", "boundary_id": 176, "confidence": null, "geometry_wkt": {"type": "Polygon", "coordinates": [[[98.15634776578118, 13.7752592479425], [98.15634701547731, 13.775207173334785], [98.1564649800135, 13.775205543715703], [98.15646573031859, 13.77525761831028], [98.15634776578118, 13.7752592479425]]]}}}, {"type": "Feature", "geometry": {"type": "Polygon", "coordinates": [[[98.1593273665513, 13.799548348333596], [98.15933370270918, 13.799623318302787], [98.15922323687721, 13.799632162890532], [98.1592169007289, 13.799557192896923], [98.1593273665513, 13.799548348333596]]]}, "id": "00220000000000032b54", "properties": {"area_in_meters": 100.20646005524296, "bf_source": "microsoft", "boundary_id": 176, "confidence": null, "geometry_wkt": {"type": "Polygon", "coordinates": [[[98.1593273665513, 13.799548348333596], [98.15933370270918, 13.799623318302787], [98.15922323687721, 13.799632162890532], [98.1592169007289, 13.799557192896923], [98.1593273665513, 13.799548348333596]]]}}}, {"type": "Feature", "geometry": {"type": "Polygon", "coordinates": [[[98.15646464654458, 13.77774266454412], [98.15647014878199, 13.777806072764024], [98.15638761526439, 13.777812843631523], [98.1563821130332, 13.777749435396057], [98.15646464654458, 13.77774266454412]]]}, "id": "00220000000000032cfa", "properties": {"area_in_meters": 63.34181997411591, "bf_source": "microsoft", "boundary_id": 176, "confidence": null, "geometry_wkt": {"type": "Polygon", "coordinates": [[[98.15646464654458, 13.77774266454412], [98.15647014878199, 13.777806072764024], [98.15638761526439, 13.777812843631523], [98.1563821130332, 13.777749435396057], [98.15646464654458, 13.77774266454412]]]}}}, {"type": "Feature", "geometry": {"type": "Polygon", "coordinates": [[[98.16361498669905, 13.824691395820688], [98.16363307915947, 13.824741683303685], [98.16355170481047, 13.824769134836492], [98.16353369574546, 13.824718932294958], [98.16361498669905, 13.824691395820688]]]}, "id": "00220000000000032e48", "properties": {"area_in_meters": 54.98328996882915, "bf_source": "microsoft", "boundary_id": 176, "confidence": null, "geometry_wkt": {"type": "Polygon", "coordinates": [[[98.16361498669905, 13.824691395820688], [98.16363307915947, 13.824741683303685], [98.16355170481047, 13.824769134836492], [98.16353369574546, 13.824718932294958], [98.16361498669905, 13.824691395820688]]]}}}, {"type": "Feature", "geometry": {"type": "Polygon", "coordinates": [[[98.15651475026716, 13.77444976978656], [98.15651316628872, 13.774482274625674], [98.15641946151973, 13.774478012888338], [98.15642104549615, 13.774445420335953], [98.15651475026716, 13.77444976978656]]]}, "id": "00220000000000032fce", "properties": {"area_in_meters": 36.69445378514917, "bf_source": "microsoft", "boundary_id": 176, "confidence": null, "geometry_wkt": {"type": "Polygon", "coordinates": [[[98.15651475026716, 13.77444976978656], [98.15651316628872, 13.774482274625674], [98.15641946151973, 13.774478012888338], [98.15642104549615, 13.774445420335953], [98.15651475026716, 13.77444976978656]]]}}}, {"type": "Feature", "geometry": {"type": "Polygon", "coordinates": [[[98.16127350991539, 13.819317363912475], [98.16116337464314, 13.819337873079592], [98.16115295307034, 13.819285050663463], [98.16126308832689, 13.819264541520823], [98.16127350991539, 13.819317363912475]]]}, "id": "0022000000000003310e", "properties": {"area_in_meters": 72.33308855867065, "bf_source": "microsoft", "boundary_id": 176, "confidence": null, "geometry_wkt": {"type": "Polygon", "coordinates": [[[98.16127350991539, 13.819317363912475], [98.16116337464314, 13.819337873079592], [98.16115295307034, 13.819285050663463], [98.16126308832689, 13.819264541520823], [98.16127350991539, 13.819317363912475]]]}}}, {"type": "Feature", "geometry": {"type": "Polygon", "coordinates": [[[98.1563623550246, 13.760934108241416], [98.15627106809221, 13.760945462637974], [98.15626164762074, 13.760873685098865], [98.15635285117428, 13.76086233348575], [98.1563623550246, 13.760934108241416]]]}, "id": "00220000000000033279", "properties": {"area_in_meters": 79.93437579303841, "bf_source": "microsoft", "boundary_id": 176, "confidence": null, "geometry_wkt": {"type": "Polygon", "coordinates": [[[98.1563623550246, 13.760934108241416], [98.15627106809221, 13.760945462637974], [98.15626164762074, 13.760873685098865], [98.15635285117428, 13.76086233348575], [98.1563623550246, 13.760934108241416]]]}}}, {"type": "Feature", "geometry": {"type": "Polygon", "coordinates": [[[98.15253165318016, 13.757136988448842], [98.15240860987383, 13.757142901597424], [98.15240544209497, 13.757080477558853], [98.15246287894885, 13.757077787713927], [98.15246054479425, 13.757030946406847], [98.15252615123929, 13.757027810828925], [98.15253165318016, 13.757136988448842]]]}, "id": "00220000000000033297", "properties": {"area_in_meters": 129.3885077481852, "bf_source": "microsoft", "boundary_id": 176, "confidence": null, "geometry_wkt": {"type": "Polygon", "coordinates": [[[98.15253165318016, 13.757136988448842], [98.15240860987383, 13.757142901597424], [98.15240544209497, 13.757080477558853], [98.15246287894885, 13.757077787713927], [98.15246054479425, 13.757030946406847], [98.15252615123929, 13.757027810828925], [98.15253165318016, 13.757136988448842]]]}}}, {"type": "Feature", "geometry": {"type": "Polygon", "coordinates": [[[98.15339062794173, 13.758130600849931], [98.1532784204556, 13.758172463402465], [98.1532497433843, 13.758099745496576], [98.15336195082637, 13.75805788299561], [98.15339062794173, 13.758130600849931]]]}, "id": "002200000000000333d4", "properties": {"area_in_meters": 112.34883097497082, "bf_source": "microsoft", "boundary_id": 176, "confidence": null, "geometry_wkt": {"type": "Polygon", "coordinates": [[[98.15339062794173, 13.758130600849931], [98.1532784204556, 13.758172463402465], [98.1532497433843, 13.758099745496576], [98.15336195082637, 13.75805788299561], [98.15339062794173, 13.758130600849931]]]}}}, {"type": "Feature", "geometry": {"type": "Polygon", "coordinates": [[[98.16295990924577, 13.82257356517466], [98.16297875191607, 13.82263303974449], [98.16285627464593, 13.822669666973326], [98.1628374320072, 13.822610192363483], [98.16295990924577, 13.82257356517466]]]}, "id": "00220000000000033434", "properties": {"area_in_meters": 95.7731929842377, "bf_source": "microsoft", "boundary_id": 176, "confidence": null, "geometry_wkt": {"type": "Polygon", "coordinates": [[[98.16295990924577, 13.82257356517466], [98.16297875191607, 13.82263303974449], [98.16285627464593, 13.822669666973326], [98.1628374320072, 13.822610192363483], [98.16295990924577, 13.82257356517466]]]}}}, {"type": "Feature", "geometry": {"type": "Polygon", "coordinates": [[[98.14933717930965, 13.740289724179037], [98.1494513813644, 13.740287617026468], [98.14945288183056, 13.740364644894225], [98.14933867977345, 13.74036675206612], [98.14933717930965, 13.740289724179037]]]}, "id": "00220000000000033468", "properties": {"area_in_meters": 105.7179789807581, "bf_source": "microsoft", "boundary_id": 176, "confidence": null, "geometry_wkt": {"type": "Polygon", "coordinates": [[[98.14933717930965, 13.740289724179037], [98.1494513813644, 13.740287617026468], [98.14945288183056, 13.740364644894225], [98.14933867977345, 13.74036675206612], [98.14933717930965, 13.740289724179037]]]}}}, {"type": "Feature", "geometry": {"type": "Polygon", "coordinates": [[[98.15768056771121, 13.800586441842388], [98.15759678229911, 13.800599137190034], [98.15758169259828, 13.80050498188772], [98.15766547799309, 13.800492374296041], [98.15768056771121, 13.800586441842388]]]}, "id": "00220000000000033476", "properties": {"area_in_meters": 96.97268902109286, "bf_source": "microsoft", "boundary_id": 176, "confidence": null, "geometry_wkt": {"type": "Polygon", "coordinates": [[[98.15768056771121, 13.800586441842388], [98.15759678229911, 13.800599137190034], [98.15758169259828, 13.80050498188772], [98.15766547799309, 13.800492374296041], [98.15768056771121, 13.800586441842388]]]}}}, {"type": "Feature", "geometry": {"type": "Polygon", "coordinates": [[[98.14919546897897, 13.747100635367955], [98.14928391286487, 13.747097361148148], [98.14928649699509, 13.74716357102528], [98.14919813646502, 13.747166842503917], [98.14919546897897, 13.747100635367955]]]}, "id": "002200000000000335b7", "properties": {"area_in_meters": 70.3164811675259, "bf_source": "microsoft", "boundary_id": 176, "confidence": null, "geometry_wkt": {"type": "Polygon", "coordinates": [[[98.14919546897897, 13.747100635367955], [98.14928391286487, 13.747097361148148], [98.14928649699509, 13.74716357102528], [98.14919813646502, 13.747166842503917], [98.14919546897897, 13.747100635367955]]]}}}, {"type": "Feature", "geometry": {"type": "Polygon", "coordinates": [[[98.16066797640082, 13.778004818764995], [98.16068598476014, 13.778042024719287], [98.16064980130193, 13.778058486580946], [98.16063179295153, 13.778021368327611], [98.16066797640082, 13.778004818764995]]]}, "id": "002200000000000335c5", "properties": {"area_in_meters": 19.689549596108723, "bf_source": "microsoft", "boundary_id": 176, "confidence": null, "geometry_wkt": {"type": "Polygon", "coordinates": [[[98.16066797640082, 13.778004818764995], [98.16068598476014, 13.778042024719287], [98.16064980130193, 13.778058486580946], [98.16063179295153, 13.778021368327611], [98.16066797640082, 13.778004818764995]]]}}}, {"type": "Feature", "geometry": {"type": "Polygon", "coordinates": [[[98.14923214692055, 13.746383506011622], [98.14912186307453, 13.74641179254124], [98.14910127344069, 13.74633626897117], [98.14921164061458, 13.746307979728229], [98.14923214692055, 13.746383506011622]]]}, "id": "002200000000000336a1", "properties": {"area_in_meters": 106.99878367230828, "bf_source": "microsoft", "boundary_id": 176, "confidence": null, "geometry_wkt": {"type": "Polygon", "coordinates": [[[98.14923214692055, 13.746383506011622], [98.14912186307453, 13.74641179254124], [98.14910127344069, 13.74633626897117], [98.14921164061458, 13.746307979728229], [98.14923214692055, 13.746383506011622]]]}}}, {"type": "Feature", "geometry": {"type": "Polygon", "coordinates": [[[98.1506069994996, 13.750991048966414], [98.15065334797893, 13.751138860117546], [98.15058949378664, 13.75115772138182], [98.15054314534781, 13.751009910179077], [98.1506069994996, 13.750991048966414]]]}, "id": "002200000000000336b4", "properties": {"area_in_meters": 123.80775612954979, "bf_source": "microsoft", "boundary_id": 176, "confidence": null, "geometry_wkt": {"type": "Polygon", "coordinates": [[[98.1506069994996, 13.750991048966414], [98.15065334797893, 13.751138860117546], [98.15058949378664, 13.75115772138182], [98.15054314534781, 13.751009910179077], [98.1506069994996, 13.750991048966414]]]}}}, {"type": "Feature", "geometry": {"type": "Polygon", "coordinates": [[[98.1470687633757, 13.751149157098785], [98.14700291176246, 13.751184394884397], [98.14694964701998, 13.751090479986466], [98.14701541522876, 13.751055245005816], [98.1470687633757, 13.751149157098785]]]}, "id": "0022000000000003394b", "properties": {"area_in_meters": 96.79161080883947, "bf_source": "microsoft", "boundary_id": 176, "confidence": null, "geometry_wkt": {"type": "Polygon", "coordinates": [[[98.1470687633757, 13.751149157098785], [98.14700291176246, 13.751184394884397], [98.14694964701998, 13.751090479986466], [98.14701541522876, 13.751055245005816], [98.1470687633757, 13.751149157098785]]]}}}, {"type": "Feature", "geometry": {"type": "Polygon", "coordinates": [[[98.1630080164269, 13.824952710858511], [98.16302118962933, 13.825063177235513], [98.16294448493963, 13.825071872146601], [98.16293122837642, 13.824961408516247], [98.1630080164269, 13.824952710858511]]]}, "id": "00220000000000033a1e", "properties": {"area_in_meters": 103.19162970698041, "bf_source": "microsoft", "boundary_id": 176, "confidence": null, "geometry_wkt": {"type": "Polygon", "coordinates": [[[98.1630080164269, 13.824952710858511], [98.16302118962933, 13.825063177235513], [98.16294448493963, 13.825071872146601], [98.16293122837642, 13.824961408516247], [98.1630080164269, 13.824952710858511]]]}}}, {"type": "Feature", "geometry": {"type": "Polygon", "coordinates": [[[98.16229966847891, 13.820978590676686], [98.16219578469335, 13.821005648773315], [98.1621814444071, 13.820953745913757], [98.16228541154616, 13.820926685070424], [98.16229966847891, 13.820978590676686]]]}, "id": "00220000000000033b0d", "properties": {"area_in_meters": 69.46033905594679, "bf_source": "microsoft", "boundary_id": 176, "confidence": null, "geometry_wkt": {"type": "Polygon", "coordinates": [[[98.16229966847891, 13.820978590676686], [98.16219578469335, 13.821005648773315], [98.1621814444071, 13.820953745913757], [98.16228541154616, 13.820926685070424], [98.16229966847891, 13.820978590676686]]]}}}, {"type": "Feature", "geometry": {"type": "Polygon", "coordinates": [[[98.14923189684362, 13.741766802070831], [98.14923539792079, 13.741682066874567], [98.14933184432752, 13.741685807443902], [98.1493283432457, 13.741770542628068], [98.14923189684362, 13.741766802070831]]]}, "id": "00220000000000033b18", "properties": {"area_in_meters": 98.27197612624553, "bf_source": "microsoft", "boundary_id": 176, "confidence": null, "geometry_wkt": {"type": "Polygon", "coordinates": [[[98.14923189684362, 13.741766802070831], [98.14923539792079, 13.741682066874567], [98.14933184432752, 13.741685807443902], [98.1493283432457, 13.741770542628068], [98.14923189684362, 13.741766802070831]]]}}}, {"type": "Feature", "geometry": {"type": "Polygon", "coordinates": [[[98.14665098174231, 13.74875031475015], [98.14675976144666, 13.748711554681494], [98.14678060048897, 13.748766639182845], [98.1466718207536, 13.748805399288322], [98.14665098174231, 13.74875031475015]]]}, "id": "00220000000000033be6", "properties": {"area_in_meters": 81.67148045348249, "bf_source": "microsoft", "boundary_id": 176, "confidence": null, "geometry_wkt": {"type": "Polygon", "coordinates": [[[98.14665098174231, 13.74875031475015], [98.14675976144666, 13.748711554681494], [98.14678060048897, 13.748766639182845], [98.1466718207536, 13.748805399288322], [98.14665098174231, 13.74875031475015]]]}}}, {"type": "Feature", "geometry": {"type": "Polygon", "coordinates": [[[98.1703004137787, 13.824703918750727], [98.17035728100834, 13.824681931921887], [98.17036653652939, 13.824704435906929], [98.17030958590952, 13.824726425521806], [98.1703004137787, 13.824703918750727]]]}, "id": "00220000000000033cd7", "properties": {"area_in_meters": 17.79511460045586, "bf_source": "microsoft", "boundary_id": 176, "confidence": null, "geometry_wkt": {"type": "Polygon", "coordinates": [[[98.1703004137787, 13.824703918750727], [98.17035728100834, 13.824681931921887], [98.17036653652939, 13.824704435906929], [98.17030958590952, 13.824726425521806], [98.1703004137787, 13.824703918750727]]]}}}, {"type": "Feature", "geometry": {"type": "Polygon", "coordinates": [[[98.16802992984906, 13.822012864082902], [98.16803651690216, 13.822056162967016], [98.16797356471011, 13.822065278213726], [98.16796689428233, 13.822021982095855], [98.16802992984906, 13.822012864082902]]]}, "id": "00220000000000033d51", "properties": {"area_in_meters": 33.481146468369936, "bf_source": "microsoft", "boundary_id": 176, "confidence": null, "geometry_wkt": {"type": "Polygon", "coordinates": [[[98.16802992984906, 13.822012864082902], [98.16803651690216, 13.822056162967016], [98.16797356471011, 13.822065278213726], [98.16796689428233, 13.822021982095855], [98.16802992984906, 13.822012864082902]]]}}}, {"type": "Feature", "geometry": {"type": "Polygon", "coordinates": [[[98.1547246264261, 13.778826835572996], [98.15476655915666, 13.778820621444847], [98.15477581270481, 13.778879081898582], [98.15458707390033, 13.778907178413052], [98.15457148463041, 13.778807966311577], [98.15471820730247, 13.778786086752753], [98.1547246264261, 13.778826835572996]]]}, "id": "00220000000000033d53", "properties": {"area_in_meters": 209.21777643445435, "bf_source": "microsoft", "boundary_id": 176, "confidence": null, "geometry_wkt": {"type": "Polygon", "coordinates": [[[98.1547246264261, 13.778826835572996], [98.15476655915666, 13.778820621444847], [98.15477581270481, 13.778879081898582], [98.15458707390033, 13.778907178413052], [98.15457148463041, 13.778807966311577], [98.15471820730247, 13.778786086752753], [98.1547246264261, 13.778826835572996]]]}}}, {"type": "Feature", "geometry": {"type": "Polygon", "coordinates": [[[98.14870373626368, 13.75072082735689], [98.1486233788334, 13.750718923847474], [98.1486262963734, 13.750604298192634], [98.14870673716527, 13.750606286656197], [98.14870373626368, 13.75072082735689]]]}, "id": "00220000000000033df9", "properties": {"area_in_meters": 110.71331372762312, "bf_source": "microsoft", "boundary_id": 176, "confidence": null, "geometry_wkt": {"type": "Polygon", "coordinates": [[[98.14870373626368, 13.75072082735689], [98.1486233788334, 13.750718923847474], [98.1486262963734, 13.750604298192634], [98.14870673716527, 13.750606286656197], [98.14870373626368, 13.75072082735689]]]}}}, {"type": "Feature", "geometry": {"type": "Polygon", "coordinates": [[[98.14982633213971, 13.75033731902653], [98.14985967601017, 13.750439081897898], [98.1497427224515, 13.750475220360741], [98.14970946199396, 13.750373454666343], [98.14982633213971, 13.75033731902653]]]}, "id": "00220000000000033e36", "properties": {"area_in_meters": 157.30699552339843, "bf_source": "microsoft", "boundary_id": 176, "confidence": null, "geometry_wkt": {"type": "Polygon", "coordinates": [[[98.14982633213971, 13.75033731902653], [98.14985967601017, 13.750439081897898], [98.1497427224515, 13.750475220360741], [98.14970946199396, 13.750373454666343], [98.14982633213971, 13.75033731902653]]]}}}, {"type": "Feature", "geometry": {"type": "Polygon", "coordinates": [[[98.15000272138707, 13.751147659145598], [98.15000530554273, 13.751202295216713], [98.14987526427481, 13.751208173704743], [98.14987259676406, 13.75115354037207], [98.15000272138707, 13.751147659145598]]]}, "id": "00220000000000033ed4", "properties": {"area_in_meters": 85.47523355276063, "bf_source": "microsoft", "boundary_id": 176, "confidence": null, "geometry_wkt": {"type": "Polygon", "coordinates": [[[98.15000272138707, 13.751147659145598], [98.15000530554273, 13.751202295216713], [98.14987526427481, 13.751208173704743], [98.14987259676406, 13.75115354037207], [98.15000272138707, 13.751147659145598]]]}}}, {"type": "Feature", "geometry": {"type": "Polygon", "coordinates": [[[98.1499444528693, 13.751360141101147], [98.14986301039804, 13.751362483337806], [98.14986067632651, 13.751284336695823], [98.14994220215496, 13.751282079412352], [98.1499444528693, 13.751360141101147]]]}, "id": "00220000000000033f7c", "properties": {"area_in_meters": 76.46358833692686, "bf_source": "microsoft", "boundary_id": 176, "confidence": null, "geometry_wkt": {"type": "Polygon", "coordinates": [[[98.1499444528693, 13.751360141101147], [98.14986301039804, 13.751362483337806], [98.14986067632651, 13.751284336695823], [98.14994220215496, 13.751282079412352], [98.1499444528693, 13.751360141101147]]]}}}, {"type": "Feature", "geometry": {"type": "Polygon", "coordinates": [[[98.14449225910205, 13.745983455076066], [98.1445748625357, 13.745957663422894], [98.14460145235915, 13.746037900417432], [98.14451884889542, 13.746063779800394], [98.14449225910205, 13.745983455076066]]]}, "id": "00220000000000033fbf", "properties": {"area_in_meters": 87.90534348752762, "bf_source": "microsoft", "boundary_id": 176, "confidence": null, "geometry_wkt": {"type": "Polygon", "coordinates": [[[98.14449225910205, 13.745983455076066], [98.1445748625357, 13.745957663422894], [98.14460145235915, 13.746037900417432], [98.14451884889542, 13.746063779800394], [98.14449225910205, 13.745983455076066]]]}}}, {"type": "Feature", "geometry": {"type": "Polygon", "coordinates": [[[98.1496020950063, 13.7501288299784], [98.14970829496063, 13.750092170352966], [98.14972771773195, 13.750145372351934], [98.14962160110879, 13.75018202925527], [98.1496020950063, 13.7501288299784]]]}, "id": "0022000000000003410e", "properties": {"area_in_meters": 76.40834417735552, "bf_source": "microsoft", "boundary_id": 176, "confidence": null, "geometry_wkt": {"type": "Polygon", "coordinates": [[[98.1496020950063, 13.7501288299784], [98.14970829496063, 13.750092170352966], [98.14972771773195, 13.750145372351934], [98.14962160110879, 13.75018202925527], [98.1496020950063, 13.7501288299784]]]}}}, {"type": "Feature", "geometry": {"type": "Polygon", "coordinates": [[[98.1441624297743, 13.747692873309383], [98.14416693084684, 13.74766106728819], [98.14423403020177, 13.747670163122772], [98.14422944577183, 13.747701971897012], [98.1441624297743, 13.747692873309383]]]}, "id": "002200000000000341dc", "properties": {"area_in_meters": 26.120275409624238, "bf_source": "microsoft", "boundary_id": 176, "confidence": null, "geometry_wkt": {"type": "Polygon", "coordinates": [[[98.1441624297743, 13.747692873309383], [98.14416693084684, 13.74766106728819], [98.14423403020177, 13.747670163122772], [98.14422944577183, 13.747701971897012], [98.1441624297743, 13.747692873309383]]]}}}, {"type": "Feature", "geometry": {"type": "Polygon", "coordinates": [[[98.15973363210206, 13.814807247038907], [98.1597432197629, 13.814869834304842], [98.15966451761035, 13.814881224478144], [98.15965492995984, 13.814818637193882], [98.15973363210206, 13.814807247038907]]]}, "id": "002200000000000341e0", "properties": {"area_in_meters": 60.45242886138621, "bf_source": "microsoft", "boundary_id": 176, "confidence": null, "geometry_wkt": {"type": "Polygon", "coordinates": [[[98.15973363210206, 13.814807247038907], [98.1597432197629, 13.814869834304842], [98.15966451761035, 13.814881224478144], [98.15965492995984, 13.814818637193882], [98.15973363210206, 13.814807247038907]]]}}}, {"type": "Feature", "geometry": {"type": "Polygon", "coordinates": [[[98.15962733420758, 13.799560580010786], [98.15951861871692, 13.799561032697772], [98.15951836860478, 13.799497001735672], [98.15962708409508, 13.799496549062738], [98.15962733420758, 13.799560580010786]]]}, "id": "0022000000000003428d", "properties": {"area_in_meters": 83.50386929950227, "bf_source": "microsoft", "boundary_id": 176, "confidence": null, "geometry_wkt": {"type": "Polygon", "coordinates": [[[98.15962733420758, 13.799560580010786], [98.15951861871692, 13.799561032697772], [98.15951836860478, 13.799497001735672], [98.15962708409508, 13.799496549062738], [98.15962733420758, 13.799560580010786]]]}}}, {"type": "Feature", "geometry": {"type": "Polygon", "coordinates": [[[98.14321846097134, 13.745517701993762], [98.14323188066307, 13.745607055599656], [98.14312802398275, 13.745621710187242], [98.14311460431013, 13.745532444239341], [98.14321846097134, 13.745517701993762]]]}, "id": "002200000000000342f5", "properties": {"area_in_meters": 113.76185636100077, "bf_source": "microsoft", "boundary_id": 176, "confidence": null, "geometry_wkt": {"type": "Polygon", "coordinates": [[[98.14321846097134, 13.745517701993762], [98.14323188066307, 13.745607055599656], [98.14312802398275, 13.745621710187242], [98.14311460431013, 13.745532444239341], [98.14321846097134, 13.745517701993762]]]}}}, {"type": "Feature", "geometry": {"type": "Polygon", "coordinates": [[[98.14837413798854, 13.749135689210078], [98.14848608786816, 13.749126814726962], [98.14849325666749, 13.749212254478511], [98.14838130677688, 13.749221128989754], [98.14837413798854, 13.749135689210078]]]}, "id": "00220000000000034421", "properties": {"area_in_meters": 115.55781528583503, "bf_source": "microsoft", "boundary_id": 176, "confidence": null, "geometry_wkt": {"type": "Polygon", "coordinates": [[[98.14837413798854, 13.749135689210078], [98.14848608786816, 13.749126814726962], [98.14849325666749, 13.749212254478511], [98.14838130677688, 13.749221128989754], [98.14837413798854, 13.749135689210078]]]}}}, {"type": "Feature", "geometry": {"type": "Polygon", "coordinates": [[[98.15998499597322, 13.743025929949304], [98.1600469408344, 13.743014146896538], [98.16005477773847, 13.743052820876336], [98.15999274949941, 13.743064606698049], [98.15998499597322, 13.743025929949304]]]}, "id": "00220000000000034860", "properties": {"area_in_meters": 29.92657684822079, "bf_source": "microsoft", "boundary_id": 176, "confidence": null, "geometry_wkt": {"type": "Polygon", "coordinates": [[[98.15998499597322, 13.743025929949304], [98.1600469408344, 13.743014146896538], [98.16005477773847, 13.743052820876336], [98.15999274949941, 13.743064606698049], [98.15998499597322, 13.743025929949304]]]}}}, {"type": "Feature", "geometry": {"type": "Polygon", "coordinates": [[[98.15859379324615, 13.799672454396013], [98.15864431527665, 13.799646739862698], [98.15869833887264, 13.799746794804705], [98.15864790017453, 13.799772594333865], [98.15859379324615, 13.799672454396013]]]}, "id": "0022000000000003486d", "properties": {"area_in_meters": 77.3491476773864, "bf_source": "microsoft", "boundary_id": 176, "confidence": null, "geometry_wkt": {"type": "Polygon", "coordinates": [[[98.15859379324615, 13.799672454396013], [98.15864431527665, 13.799646739862698], [98.15869833887264, 13.799746794804705], [98.15864790017453, 13.799772594333865], [98.15859379324615, 13.799672454396013]]]}}}, {"type": "Feature", "geometry": {"type": "Polygon", "coordinates": [[[98.15633651122396, 13.775576252935958], [98.1564623956294, 13.77557155399829], [98.15646456317735, 13.775626125342399], [98.15633876213526, 13.775630909243235], [98.15633651122396, 13.775576252935958]]]}, "id": "002200000000000348fc", "properties": {"area_in_meters": 82.6940245494527, "bf_source": "microsoft", "boundary_id": 176, "confidence": null, "geometry_wkt": {"type": "Polygon", "coordinates": [[[98.15633651122396, 13.775576252935958], [98.1564623956294, 13.77557155399829], [98.15646456317735, 13.775626125342399], [98.15633876213526, 13.775630909243235], [98.15633651122396, 13.775576252935958]]]}}}, {"type": "Feature", "geometry": {"type": "Polygon", "coordinates": [[[98.15937955649979, 13.801046721983406], [98.1594532561071, 13.801044098537165], [98.15945592396758, 13.801115857562689], [98.15938222435757, 13.801118393295559], [98.15937955649979, 13.801046721983406]]]}, "id": "00220000000000034997", "properties": {"area_in_meters": 63.50656969555191, "bf_source": "microsoft", "boundary_id": 176, "confidence": null, "geometry_wkt": {"type": "Polygon", "coordinates": [[[98.15937955649979, 13.801046721983406], [98.1594532561071, 13.801044098537165], [98.15945592396758, 13.801115857562689], [98.15938222435757, 13.801118393295559], [98.15937955649979, 13.801046721983406]]]}}}, {"type": "Feature", "geometry": {"type": "Polygon", "coordinates": [[[98.14915203898562, 13.748377823070506], [98.14894022435928, 13.748373337096334], [98.14894230832545, 13.748283645920743], [98.14915403959895, 13.748288222375724], [98.14915203898562, 13.748377823070506]]]}, "id": "00220000000000034a8c", "properties": {"area_in_meters": 228.16890768685573, "bf_source": "microsoft", "boundary_id": 176, "confidence": null, "geometry_wkt": {"type": "Polygon", "coordinates": [[[98.14915203898562, 13.748377823070506], [98.14894022435928, 13.748373337096334], [98.14894230832545, 13.748283645920743], [98.14915403959895, 13.748288222375724], [98.14915203898562, 13.748377823070506]]]}}}, {"type": "Feature", "geometry": {"type": "Polygon", "coordinates": [[[98.14932809316844, 13.751351494243236], [98.14938611111708, 13.751344051142723], [98.14939411359639, 13.751402980657781], [98.14933609564136, 13.751410423770361], [98.14932809316844, 13.751351494243236]]]}, "id": "00220000000000034afb", "properties": {"area_in_meters": 41.74302158739887, "bf_source": "microsoft", "boundary_id": 176, "confidence": null, "geometry_wkt": {"type": "Polygon", "coordinates": [[[98.14932809316844, 13.751351494243236], [98.14938611111708, 13.751344051142723], [98.14939411359639, 13.751402980657781], [98.14933609564136, 13.751410423770361], [98.14932809316844, 13.751351494243236]]]}}}, {"type": "Feature", "geometry": {"type": "Polygon", "coordinates": [[[98.1560509795185, 13.775002448026251], [98.15605381398834, 13.775049190937692], [98.1560110468521, 13.775051573226193], [98.15600821238391, 13.775004830309426], [98.1560509795185, 13.775002448026251]]]}, "id": "00220000000000034b8d", "properties": {"area_in_meters": 24.083313385721635, "bf_source": "microsoft", "boundary_id": 176, "confidence": null, "geometry_wkt": {"type": "Polygon", "coordinates": [[[98.1560509795185, 13.775002448026251], [98.15605381398834, 13.775049190937692], [98.1560110468521, 13.775051573226193], [98.15600821238391, 13.775004830309426], [98.1560509795185, 13.775002448026251]]]}}}, {"type": "Feature", "geometry": {"type": "Polygon", "coordinates": [[[98.14917379565853, 13.746862829222398], [98.14927832780953, 13.746860338657987], [98.14928024506729, 13.746938496581286], [98.14917571291355, 13.746940899472081], [98.14917379565853, 13.746862829222398]]]}, "id": "00220000000000034bb5", "properties": {"area_in_meters": 98.14144458662122, "bf_source": "microsoft", "boundary_id": 176, "confidence": null, "geometry_wkt": {"type": "Polygon", "coordinates": [[[98.14917379565853, 13.746862829222398], [98.14927832780953, 13.746860338657987], [98.14928024506729, 13.746938496581286], [98.14917571291355, 13.746940899472081], [98.14917379565853, 13.746862829222398]]]}}}, {"type": "Feature", "geometry": {"type": "Polygon", "coordinates": [[[98.1609894596305, 13.819079392076992], [98.16109726021041, 13.819021321315773], [98.16112960875262, 13.819077801167792], [98.16102180812501, 13.819135959715716], [98.1609894596305, 13.819079392076992]]]}, "id": "00220000000000034c38", "properties": {"area_in_meters": 95.76422976228014, "bf_source": "microsoft", "boundary_id": 176, "confidence": null, "geometry_wkt": {"type": "Polygon", "coordinates": [[[98.1609894596305, 13.819079392076992], [98.16109726021041, 13.819021321315773], [98.16112960875262, 13.819077801167792], [98.16102180812501, 13.819135959715716], [98.1609894596305, 13.819079392076992]]]}}}, {"type": "Feature", "geometry": {"type": "Polygon", "coordinates": [[[98.1506240884139, 13.753472524964447], [98.15064968011258, 13.753546483379742], [98.15052522284789, 13.753587081332814], [98.15049963119282, 13.753513122864032], [98.1506240884139, 13.753472524964447]]]}, "id": "00220000000000034c61", "properties": {"area_in_meters": 123.07427344142825, "bf_source": "microsoft", "boundary_id": 176, "confidence": null, "geometry_wkt": {"type": "Polygon", "coordinates": [[[98.1506240884139, 13.753472524964447], [98.15064968011258, 13.753546483379742], [98.15052522284789, 13.753587081332814], [98.15049963119282, 13.753513122864032], [98.1506240884139, 13.753472524964447]]]}}}, {"type": "Feature", "geometry": {"type": "Polygon", "coordinates": [[[98.1489219688181, 13.750575055029548], [98.14887178694305, 13.75058109879978], [98.14886461810657, 13.750524597445281], [98.1489147999767, 13.75051855368478], [98.1489219688181, 13.750575055029548]]]}, "id": "00220000000000034c98", "properties": {"area_in_meters": 34.55220915998782, "bf_source": "microsoft", "boundary_id": 176, "confidence": null, "geometry_wkt": {"type": "Polygon", "coordinates": [[[98.1489219688181, 13.750575055029548], [98.14887178694305, 13.75058109879978], [98.14886461810657, 13.750524597445281], [98.1489147999767, 13.75051855368478], [98.1489219688181, 13.750575055029548]]]}}}, {"type": "Feature", "geometry": {"type": "Polygon", "coordinates": [[[98.14975297567831, 13.750218551090414], [98.1496510269912, 13.750250685524573], [98.14963293799127, 13.750196474739106], [98.14973480329358, 13.750164343092502], [98.14975297567831, 13.750218551090414]]]}, "id": "00220000000000034ce3", "properties": {"area_in_meters": 73.34180878653602, "bf_source": "microsoft", "boundary_id": 176, "confidence": null, "geometry_wkt": {"type": "Polygon", "coordinates": [[[98.14975297567831, 13.750218551090414], [98.1496510269912, 13.750250685524573], [98.14963293799127, 13.750196474739106], [98.14973480329358, 13.750164343092502], [98.14975297567831, 13.750218551090414]]]}}}, {"type": "Feature", "geometry": {"type": "Polygon", "coordinates": [[[98.16030539236918, 13.802327388433474], [98.16040518825467, 13.802300825382847], [98.16043253418523, 13.802397644445966], [98.16033282163407, 13.802424292503106], [98.16030539236918, 13.802327388433474]]]}, "id": "00220000000000034e62", "properties": {"area_in_meters": 124.800156045475, "bf_source": "microsoft", "boundary_id": 176, "confidence": null, "geometry_wkt": {"type": "Polygon", "coordinates": [[[98.16030539236918, 13.802327388433474], [98.16040518825467, 13.802300825382847], [98.16043253418523, 13.802397644445966], [98.16033282163407, 13.802424292503106], [98.16030539236918, 13.802327388433474]]]}}}, {"type": "Feature", "geometry": {"type": "Polygon", "coordinates": [[[98.15019036466924, 13.752317006911648], [98.15021137141053, 13.752379014493812], [98.15014843456483, 13.752399161085497], [98.15012742784164, 13.752337065785438], [98.15019036466924, 13.752317006911648]]]}, "id": "00220000000000034fbc", "properties": {"area_in_meters": 51.98225780106589, "bf_source": "microsoft", "boundary_id": 176, "confidence": null, "geometry_wkt": {"type": "Polygon", "coordinates": [[[98.15019036466924, 13.752317006911648], [98.15021137141053, 13.752379014493812], [98.15014843456483, 13.752399161085497], [98.15012742784164, 13.752337065785438], [98.15019036466924, 13.752317006911648]]]}}}, {"type": "Feature", "geometry": {"type": "Polygon", "coordinates": [[[98.15024846666289, 13.749783517245206], [98.15026222108708, 13.749869967024724], [98.15019153171028, 13.749880635250152], [98.15017769393933, 13.749794100509863], [98.15024846666289, 13.749783517245206]]]}, "id": "00220000000000035037", "properties": {"area_in_meters": 75.23999747270274, "bf_source": "microsoft", "boundary_id": 176, "confidence": null, "geometry_wkt": {"type": "Polygon", "coordinates": [[[98.15024846666289, 13.749783517245206], [98.15026222108708, 13.749869967024724], [98.15019153171028, 13.749880635250152], [98.15017769393933, 13.749794100509863], [98.15024846666289, 13.749783517245206]]]}}}, {"type": "Feature", "geometry": {"type": "Polygon", "coordinates": [[[98.15140142984036, 13.74963332020397], [98.15140309706946, 13.749690616619759], [98.15126530071221, 13.749694471813315], [98.15126355012495, 13.74963717813588], [98.15140142984036, 13.74963332020397]]]}, "id": "0022000000000003506c", "properties": {"area_in_meters": 94.89813090464112, "bf_source": "microsoft", "boundary_id": 176, "confidence": null, "geometry_wkt": {"type": "Polygon", "coordinates": [[[98.15140142984036, 13.74963332020397], [98.15140309706946, 13.749690616619759], [98.15126530071221, 13.749694471813315], [98.15126355012495, 13.74963717813588], [98.15140142984036, 13.74963332020397]]]}}}, {"type": "Feature", "geometry": {"type": "Polygon", "coordinates": [[[98.16109492578008, 13.75750445412179], [98.16114728373535, 13.757490442118225], [98.16116304115279, 13.75754613391978], [98.16111068318624, 13.757560145938369], [98.16109492578008, 13.75750445412179]]]}, "id": "002200000000000351a3", "properties": {"area_in_meters": 37.673669947647426, "bf_source": "microsoft", "boundary_id": 176, "confidence": null, "geometry_wkt": {"type": "Polygon", "coordinates": [[[98.16109492578008, 13.75750445412179], [98.16114728373535, 13.757490442118225], [98.16116304115279, 13.75754613391978], [98.16111068318624, 13.757560145938369], [98.16109492578008, 13.75750445412179]]]}}}, {"type": "Feature", "geometry": {"type": "Polygon", "coordinates": [[[98.14967069982572, 13.74934196487277], [98.1496810364019, 13.749412391876561], [98.14957592015902, 13.74942700422271], [98.14956550023835, 13.749356579947762], [98.14967069982572, 13.74934196487277]]]}, "id": "00220000000000035221", "properties": {"area_in_meters": 90.74091053824158, "bf_source": "microsoft", "boundary_id": 176, "confidence": null, "geometry_wkt": {"type": "Polygon", "coordinates": [[[98.14967069982572, 13.74934196487277], [98.1496810364019, 13.749412391876561], [98.14957592015902, 13.74942700422271], [98.14956550023835, 13.749356579947762], [98.14967069982572, 13.74934196487277]]]}}}, {"type": "Feature", "geometry": {"type": "Polygon", "coordinates": [[[98.14145375132526, 13.744308651023651], [98.1414655036903, 13.744197859244068], [98.14154777029854, 13.744206016878945], [98.14153610127046, 13.744316893591842], [98.14145375132526, 13.744308651023651]]]}, "id": "00220000000000035274", "properties": {"area_in_meters": 110.72072272152792, "bf_source": "microsoft", "boundary_id": 176, "confidence": null, "geometry_wkt": {"type": "Polygon", "coordinates": [[[98.14145375132526, 13.744308651023651], [98.1414655036903, 13.744197859244068], [98.14154777029854, 13.744206016878945], [98.14153610127046, 13.744316893591842], [98.14145375132526, 13.744308651023651]]]}}}, {"type": "Feature", "geometry": {"type": "Polygon", "coordinates": [[[98.14894831014837, 13.748951582258977], [98.14911135985979, 13.748929355100387], [98.14912094612716, 13.748995772899551], [98.14895789639434, 13.749018000097408], [98.14894831014837, 13.748951582258977]]]}, "id": "002200000000000352c9", "properties": {"area_in_meters": 132.68114636507235, "bf_source": "microsoft", "boundary_id": 176, "confidence": null, "geometry_wkt": {"type": "Polygon", "coordinates": [[[98.14894831014837, 13.748951582258977], [98.14911135985979, 13.748929355100387], [98.14912094612716, 13.748995772899551], [98.14895789639434, 13.749018000097408], [98.14894831014837, 13.748951582258977]]]}}}, {"type": "Feature", "geometry": {"type": "Polygon", "coordinates": [[[98.15498797771137, 13.758612253215533], [98.15502866010914, 13.758680627046763], [98.15489585884112, 13.758755094653706], [98.15485525988268, 13.758686717987468], [98.15498797771137, 13.758612253215533]]]}, "id": "0022000000000003531f", "properties": {"area_in_meters": 145.35882772221532, "bf_source": "microsoft", "boundary_id": 176, "confidence": null, "geometry_wkt": {"type": "Polygon", "coordinates": [[[98.15498797771137, 13.758612253215533], [98.15502866010914, 13.758680627046763], [98.15489585884112, 13.758755094653706], [98.15485525988268, 13.758686717987468], [98.15498797771137, 13.758612253215533]]]}}}, {"type": "Feature", "geometry": {"type": "Polygon", "coordinates": [[[98.14765384506329, 13.749852192882432], [98.14767210028751, 13.749928848149537], [98.14757023786179, 13.74995168324761], [98.14755198266303, 13.74987502794414], [98.14765384506329, 13.749852192882432]]]}, "id": "0022000000000003546b", "properties": {"area_in_meters": 98.81420866655542, "bf_source": "microsoft", "boundary_id": 176, "confidence": null, "geometry_wkt": {"type": "Polygon", "coordinates": [[[98.14765384506329, 13.749852192882432], [98.14767210028751, 13.749928848149537], [98.14757023786179, 13.74995168324761], [98.14755198266303, 13.74987502794414], [98.14765384506329, 13.749852192882432]]]}}}, {"type": "Feature", "geometry": {"type": "Polygon", "coordinates": [[[98.16975283965127, 13.817214825625804], [98.16975684200554, 13.81725347119422], [98.16970639568125, 13.817258484700758], [98.16970239332974, 13.817219751391255], [98.16975283965127, 13.817214825625804]]]}, "id": "00220000000000035750", "properties": {"area_in_meters": 23.66069559773019, "bf_source": "microsoft", "boundary_id": 176, "confidence": null, "geometry_wkt": {"type": "Polygon", "coordinates": [[[98.16975283965127, 13.817214825625804], [98.16975684200554, 13.81725347119422], [98.16970639568125, 13.817258484700758], [98.16970239332974, 13.817219751391255], [98.16975283965127, 13.817214825625804]]]}}}, {"type": "Feature", "geometry": {"type": "Polygon", "coordinates": [[[98.15598020117483, 13.76030067704638], [98.15608691060022, 13.760249259689996], [98.15612425893592, 13.760322480082964], [98.15601754945598, 13.76037389749781], [98.15598020117483, 13.76030067704638]]]}, "id": "002200000000000357a4", "properties": {"area_in_meters": 116.84699965753657, "bf_source": "microsoft", "boundary_id": 176, "confidence": null, "geometry_wkt": {"type": "Polygon", "coordinates": [[[98.15598020117483, 13.76030067704638], [98.15608691060022, 13.760249259689996], [98.15612425893592, 13.760322480082964], [98.15601754945598, 13.76037389749781], [98.15598020117483, 13.76030067704638]]]}}}, {"type": "Feature", "geometry": {"type": "Polygon", "coordinates": [[[98.15630199725928, 13.774024942696204], [98.15619753842681, 13.774021651184333], [98.1561999560677, 13.773946229234044], [98.15630449827066, 13.773949430286622], [98.15630199725928, 13.774024942696204]]]}, "id": "00220000000000035825", "properties": {"area_in_meters": 94.80566665568679, "bf_source": "microsoft", "boundary_id": 176, "confidence": null, "geometry_wkt": {"type": "Polygon", "coordinates": [[[98.15630199725928, 13.774024942696204], [98.15619753842681, 13.774021651184333], [98.1561999560677, 13.773946229234044], [98.15630449827066, 13.773949430286622], [98.15630199725928, 13.774024942696204]]]}}}, {"type": "Feature", "geometry": {"type": "Polygon", "coordinates": [[[98.15176538685658, 13.755328845253551], [98.15181040228005, 13.755442327061557], [98.15170286548113, 13.755482454488545], [98.15165793348568, 13.755369057542708], [98.15176538685658, 13.755328845253551]]]}, "id": "00220000000000035851", "properties": {"area_in_meters": 168.1123655528229, "bf_source": "microsoft", "boundary_id": 176, "confidence": null, "geometry_wkt": {"type": "Polygon", "coordinates": [[[98.15176538685658, 13.755328845253551], [98.15181040228005, 13.755442327061557], [98.15170286548113, 13.755482454488545], [98.15165793348568, 13.755369057542708], [98.15176538685658, 13.755328845253551]]]}}}, {"type": "Feature", "geometry": {"type": "Polygon", "coordinates": [[[98.15103480708397, 13.754318890996549], [98.15110999877717, 13.754295181233866], [98.15113100578289, 13.75435789103196], [98.15105581406809, 13.754381600821477], [98.15103480708397, 13.754318890996549]]]}, "id": "0022000000000003597e", "properties": {"area_in_meters": 62.63992347654547, "bf_source": "microsoft", "boundary_id": 176, "confidence": null, "geometry_wkt": {"type": "Polygon", "coordinates": [[[98.15103480708397, 13.754318890996549], [98.15110999877717, 13.754295181233866], [98.15113100578289, 13.75435789103196], [98.15105581406809, 13.754381600821477], [98.15103480708397, 13.754318890996549]]]}}}, {"type": "Feature", "geometry": {"type": "Polygon", "coordinates": [[[98.16298183677848, 13.822938797721413], [98.1631274924573, 13.822904469822365], [98.1631426666775, 13.822965031717482], [98.1629969275938, 13.822999362433357], [98.16298183677848, 13.822938797721413]]]}, "id": "002200000000000359a0", "properties": {"area_in_meters": 112.25491732140034, "bf_source": "microsoft", "boundary_id": 176, "confidence": null, "geometry_wkt": {"type": "Polygon", "coordinates": [[[98.16298183677848, 13.822938797721413], [98.1631274924573, 13.822904469822365], [98.1631426666775, 13.822965031717482], [98.1629969275938, 13.822999362433357], [98.16298183677848, 13.822938797721413]]]}}}, {"type": "Feature", "geometry": {"type": "Polygon", "coordinates": [[[98.14949931293692, 13.74775214292978], [98.14962385181326, 13.747756444523317], [98.14962151774937, 13.747821501873194], [98.14949689551774, 13.747817203047719], [98.14949931293692, 13.74775214292978]]]}, "id": "002200000000000359b8", "properties": {"area_in_meters": 97.46687825985627, "bf_source": "microsoft", "boundary_id": 176, "confidence": null, "geometry_wkt": {"type": "Polygon", "coordinates": [[[98.14949931293692, 13.74775214292978], [98.14962385181326, 13.747756444523317], [98.14962151774937, 13.747821501873194], [98.14949689551774, 13.747817203047719], [98.14949931293692, 13.74775214292978]]]}}}, {"type": "Feature", "geometry": {"type": "Polygon", "coordinates": [[[98.15211100598546, 13.753935837646633], [98.15211817514052, 13.7540081252647], [98.15200555279768, 13.754018691260464], [98.15199830029154, 13.753946406374709], [98.15211100598546, 13.753935837646633]]]}, "id": "00220000000000035a13", "properties": {"area_in_meters": 98.68818537205927, "bf_source": "microsoft", "boundary_id": 176, "confidence": null, "geometry_wkt": {"type": "Polygon", "coordinates": [[[98.15211100598546, 13.753935837646633], [98.15211817514052, 13.7540081252647], [98.15200555279768, 13.754018691260464], [98.15199830029154, 13.753946406374709], [98.15211100598546, 13.753935837646633]]]}}}, {"type": "Feature", "geometry": {"type": "Polygon", "coordinates": [[[98.15251706470146, 13.755269423769647], [98.15257841969445, 13.755241172373848], [98.15260642959969, 13.755298564142771], [98.15254515794592, 13.755326900503045], [98.15251706470146, 13.755269423769647]]]}, "id": "00220000000000035aa5", "properties": {"area_in_meters": 51.78520261452593, "bf_source": "microsoft", "boundary_id": 176, "confidence": null, "geometry_wkt": {"type": "Polygon", "coordinates": [[[98.15251706470146, 13.755269423769647], [98.15257841969445, 13.755241172373848], [98.15260642959969, 13.755298564142771], [98.15254515794592, 13.755326900503045], [98.15251706470146, 13.755269423769647]]]}}}, {"type": "Feature", "geometry": {"type": "Polygon", "coordinates": [[[98.14089005677585, 13.744447837635462], [98.14089522444232, 13.744380407392269], [98.14094856811762, 13.744384346266916], [98.14094340044737, 13.744451688814516], [98.14089005677585, 13.744447837635462]]]}, "id": "00220000000000035b75", "properties": {"area_in_meters": 43.402000281978914, "bf_source": "microsoft", "boundary_id": 176, "confidence": null, "geometry_wkt": {"type": "Polygon", "coordinates": [[[98.14089005677585, 13.744447837635462], [98.14089522444232, 13.744380407392269], [98.14094856811762, 13.744384346266916], [98.14094340044737, 13.744451688814516], [98.14089005677585, 13.744447837635462]]]}}}, {"type": "Feature", "geometry": {"type": "Polygon", "coordinates": [[[98.15045878459578, 13.751541148293716], [98.15058290830522, 13.751525906345341], [98.15059266148677, 13.751601264509077], [98.15046862112114, 13.751616503733167], [98.15045878459578, 13.751541148293716]]]}, "id": "00220000000000035bc6", "properties": {"area_in_meters": 114.10587597135735, "bf_source": "microsoft", "boundary_id": 176, "confidence": null, "geometry_wkt": {"type": "Polygon", "coordinates": [[[98.15045878459578, 13.751541148293716], [98.15058290830522, 13.751525906345341], [98.15059266148677, 13.751601264509077], [98.15046862112114, 13.751616503733167], [98.15045878459578, 13.751541148293716]]]}}}, {"type": "Feature", "geometry": {"type": "Polygon", "coordinates": [[[98.14938419385656, 13.750578627419612], [98.14931025432566, 13.75058037048687], [98.14930883722153, 13.750524205196388], [98.14938277675097, 13.750522462138514], [98.14938419385656, 13.750578627419612]]]}, "id": "00220000000000035bca", "properties": {"area_in_meters": 49.925897730469295, "bf_source": "microsoft", "boundary_id": 176, "confidence": null, "geometry_wkt": {"type": "Polygon", "coordinates": [[[98.14938419385656, 13.750578627419612], [98.14931025432566, 13.75058037048687], [98.14930883722153, 13.750524205196388], [98.14938277675097, 13.750522462138514], [98.14938419385656, 13.750578627419612]]]}}}, {"type": "Feature", "geometry": {"type": "Polygon", "coordinates": [[[98.14895481212376, 13.740312791984767], [98.14905634304532, 13.740336182329568], [98.14903750396383, 13.740413706904317], [98.14893588970982, 13.740390319305591], [98.14895481212376, 13.740312791984767]]]}, "id": "00220000000000035fe8", "properties": {"area_in_meters": 99.91690106052951, "bf_source": "microsoft", "boundary_id": 176, "confidence": null, "geometry_wkt": {"type": "Polygon", "coordinates": [[[98.14895481212376, 13.740312791984767], [98.14905634304532, 13.740336182329568], [98.14903750396383, 13.740413706904317], [98.14893588970982, 13.740390319305591], [98.14895481212376, 13.740312791984767]]]}}}, {"type": "Feature", "geometry": {"type": "Polygon", "coordinates": [[[98.15584948234101, 13.775757904482884], [98.1558158022712, 13.775763932568163], [98.15580613175898, 13.775712328785538], [98.1559047543704, 13.77569485093098], [98.15592459562193, 13.775800760902873], [98.15585973642476, 13.775812207944304], [98.15584948234101, 13.775757904482884]]]}, "id": "00220000000000035fef", "properties": {"area_in_meters": 106.87241994718083, "bf_source": "microsoft", "boundary_id": 176, "confidence": null, "geometry_wkt": {"type": "Polygon", "coordinates": [[[98.15584948234101, 13.775757904482884], [98.1558158022712, 13.775763932568163], [98.15580613175898, 13.775712328785538], [98.1559047543704, 13.77569485093098], [98.15592459562193, 13.775800760902873], [98.15585973642476, 13.775812207944304], [98.15584948234101, 13.775757904482884]]]}}}, {"type": "Feature", "geometry": {"type": "Polygon", "coordinates": [[[98.16377131570987, 13.824232485239829], [98.16383142951445, 13.824185385713621], [98.16385769284261, 13.824216975508111], [98.16379749564088, 13.824264077829287], [98.16377131570987, 13.824232485239829]]]}, "id": "00220000000000036010", "properties": {"area_in_meters": 37.629775525865305, "bf_source": "microsoft", "boundary_id": 176, "confidence": null, "geometry_wkt": {"type": "Polygon", "coordinates": [[[98.16377131570987, 13.824232485239829], [98.16383142951445, 13.824185385713621], [98.16385769284261, 13.824216975508111], [98.16379749564088, 13.824264077829287], [98.16377131570987, 13.824232485239829]]]}}}, {"type": "Feature", "geometry": {"type": "Polygon", "coordinates": [[[98.15591209063084, 13.774813652078985], [98.15591784292647, 13.774762151466774], [98.15602913743105, 13.774773987340827], [98.15601930015714, 13.774861496467446], [98.15594777154438, 13.774853868315285], [98.15595177314323, 13.774817862558757], [98.15591209063084, 13.774813652078985]]]}, "id": "0022000000000003609c", "properties": {"area_in_meters": 100.98961594838954, "bf_source": "microsoft", "boundary_id": 176, "confidence": null, "geometry_wkt": {"type": "Polygon", "coordinates": [[[98.15591209063084, 13.774813652078985], [98.15591784292647, 13.774762151466774], [98.15602913743105, 13.774773987340827], [98.15601930015714, 13.774861496467446], [98.15594777154438, 13.774853868315285], [98.15595177314323, 13.774817862558757], [98.15591209063084, 13.774813652078985]]]}}}, {"type": "Feature", "geometry": {"type": "Polygon", "coordinates": [[[98.16365417313972, 13.824743350176462], [98.16367960264968, 13.82480962551765], [98.16358305393419, 13.824844601456729], [98.16355754108248, 13.82477824111021], [98.16365417313972, 13.824743350176462]]]}, "id": "002200000000000360a5", "properties": {"area_in_meters": 87.56481471653855, "bf_source": "microsoft", "boundary_id": 176, "confidence": null, "geometry_wkt": {"type": "Polygon", "coordinates": [[[98.16365417313972, 13.824743350176462], [98.16367960264968, 13.82480962551765], [98.16358305393419, 13.824844601456729], [98.16355754108248, 13.82477824111021], [98.16365417313972, 13.824743350176462]]]}}}, {"type": "Feature", "geometry": {"type": "Polygon", "coordinates": [[[98.1701036301579, 13.81941592415078], [98.1701401518238, 13.819402951291504], [98.17016608388532, 13.819471925803414], [98.17012956220647, 13.819484810941786], [98.1701036301579, 13.81941592415078]]]}, "id": "002200000000000361a4", "properties": {"area_in_meters": 34.26012552152461, "bf_source": "microsoft", "boundary_id": 176, "confidence": null, "geometry_wkt": {"type": "Polygon", "coordinates": [[[98.1701036301579, 13.81941592415078], [98.1701401518238, 13.819402951291504], [98.17016608388532, 13.819471925803414], [98.17012956220647, 13.819484810941786], [98.1701036301579, 13.81941592415078]]]}}}, {"type": "Feature", "geometry": {"type": "Polygon", "coordinates": [[[98.15478139818039, 13.758456147272787], [98.15474413389617, 13.758366612631376], [98.15486292949937, 13.758319970996997], [98.15491319885489, 13.758440909694569], [98.15485325911322, 13.7584644677464], [98.15484017074782, 13.758433066368015], [98.15478139818039, 13.758456147272787]]]}, "id": "002200000000000361e5", "properties": {"area_in_meters": 174.93222225909082, "bf_source": "microsoft", "boundary_id": 176, "confidence": null, "geometry_wkt": {"type": "Polygon", "coordinates": [[[98.15478139818039, 13.758456147272787], [98.15474413389617, 13.758366612631376], [98.15486292949937, 13.758319970996997], [98.15491319885489, 13.758440909694569], [98.15485325911322, 13.7584644677464], [98.15484017074782, 13.758433066368015], [98.15478139818039, 13.758456147272787]]]}}}, {"type": "Feature", "geometry": {"type": "Polygon", "coordinates": [[[98.154941709848, 13.77825038901597], [98.15497613980482, 13.778254335052958], [98.15496997075566, 13.778305763233428], [98.15493554080177, 13.778301817197361], [98.154941709848, 13.77825038901597]]]}, "id": "00220000000000036318", "properties": {"area_in_meters": 21.5216933604985, "bf_source": "microsoft", "boundary_id": 176, "confidence": null, "geometry_wkt": {"type": "Polygon", "coordinates": [[[98.154941709848, 13.77825038901597], [98.15497613980482, 13.778254335052958], [98.15496997075566, 13.778305763233428], [98.15493554080177, 13.778301817197361], [98.154941709848, 13.77825038901597]]]}}}, {"type": "Feature", "geometry": {"type": "Polygon", "coordinates": [[[98.16856940312404, 13.820812895979648], [98.16862518505431, 13.820791648602274], [98.16864661399848, 13.820844718119123], [98.16859083205186, 13.820865965515432], [98.16856940312404, 13.820812895979648]]]}, "id": "0022000000000003635e", "properties": {"area_in_meters": 41.007025134648856, "bf_source": "microsoft", "boundary_id": 176, "confidence": null, "geometry_wkt": {"type": "Polygon", "coordinates": [[[98.16856940312404, 13.820812895979648], [98.16862518505431, 13.820791648602274], [98.16864661399848, 13.820844718119123], [98.16859083205186, 13.820865965515432], [98.16856940312404, 13.820812895979648]]]}}}, {"type": "Feature", "geometry": {"type": "Polygon", "coordinates": [[[98.14933542876858, 13.748563106996126], [98.14943454280204, 13.748560532015029], [98.14943620998626, 13.748620459001375], [98.14933701259145, 13.7486229490586], [98.14933542876858, 13.748563106996126]]]}, "id": "0022000000000003641c", "properties": {"area_in_meters": 71.372525195499, "bf_source": "microsoft", "boundary_id": 176, "confidence": null, "geometry_wkt": {"type": "Polygon", "coordinates": [[[98.14933542876858, 13.748563106996126], [98.14943454280204, 13.748560532015029], [98.14943620998626, 13.748620459001375], [98.14933701259145, 13.7486229490586], [98.14933542876858, 13.748563106996126]]]}}}, {"type": "Feature", "geometry": {"type": "Polygon", "coordinates": [[[98.15655451647407, 13.774799902179646], [98.15640453879627, 13.774794698994695], [98.156406956444, 13.774728310678928], [98.15655693412677, 13.774733513879172], [98.15655451647407, 13.774799902179646]]]}, "id": "0022000000000003651e", "properties": {"area_in_meters": 119.77910895945956, "bf_source": "microsoft", "boundary_id": 176, "confidence": null, "geometry_wkt": {"type": "Polygon", "coordinates": [[[98.15655451647407, 13.774799902179646], [98.15640453879627, 13.774794698994695], [98.156406956444, 13.774728310678928], [98.15655693412677, 13.774733513879172], [98.15655451647407, 13.774799902179646]]]}}}, {"type": "Feature", "geometry": {"type": "Polygon", "coordinates": [[[98.14842498638615, 13.748120799679349], [98.14846399796767, 13.748114160945901], [98.14846999975128, 13.748147022824519], [98.14843098816658, 13.748153661563148], [98.14842498638615, 13.748120799679349]]]}, "id": "0022000000000003686c", "properties": {"area_in_meters": 15.872638835516813, "bf_source": "microsoft", "boundary_id": 176, "confidence": null, "geometry_wkt": {"type": "Polygon", "coordinates": [[[98.14842498638615, 13.748120799679349], [98.14846399796767, 13.748114160945901], [98.14846999975128, 13.748147022824519], [98.14843098816658, 13.748153661563148], [98.14842498638615, 13.748120799679349]]]}}}, {"type": "Feature", "geometry": {"type": "Polygon", "coordinates": [[[98.1534254739866, 13.814040133612176], [98.15343039244881, 13.814086557842977], [98.153390544578, 13.814090513657048], [98.15338562611846, 13.814044089420362], [98.1534254739866, 13.814040133612176]]]}, "id": "00220000000000036b28", "properties": {"area_in_meters": 22.410926204190098, "bf_source": "microsoft", "boundary_id": 176, "confidence": null, "geometry_wkt": {"type": "Polygon", "coordinates": [[[98.1534254739866, 13.814040133612176], [98.15343039244881, 13.814086557842977], [98.153390544578, 13.814090513657048], [98.15338562611846, 13.814044089420362], [98.1534254739866, 13.814040133612176]]]}}}, {"type": "Feature", "geometry": {"type": "Polygon", "coordinates": [[[98.14922906263838, 13.741888344545986], [98.14923198020259, 13.741794596618966], [98.14937135654819, 13.74179876009883], [98.14936835561927, 13.741892423070757], [98.14922906263838, 13.741888344545986]]]}, "id": "00220000000000036c6b", "properties": {"area_in_meters": 156.97483492000154, "bf_source": "microsoft", "boundary_id": 176, "confidence": null, "geometry_wkt": {"type": "Polygon", "coordinates": [[[98.14922906263838, 13.741888344545986], [98.14923198020259, 13.741794596618966], [98.14937135654819, 13.74179876009883], [98.14936835561927, 13.741892423070757], [98.14922906263838, 13.741888344545986]]]}}}, {"type": "Feature", "geometry": {"type": "Polygon", "coordinates": [[[98.15052022122077, 13.752238923745496], [98.15060566573085, 13.75221733119633], [98.15062467193789, 13.752288086651191], [98.1505392274056, 13.752309679230498], [98.15052022122077, 13.752238923745496]]]}, "id": "00220000000000036e9a", "properties": {"area_in_meters": 77.4877672165975, "bf_source": "microsoft", "boundary_id": 176, "confidence": null, "geometry_wkt": {"type": "Polygon", "coordinates": [[[98.15052022122077, 13.752238923745496], [98.15060566573085, 13.75221733119633], [98.15062467193789, 13.752288086651191], [98.1505392274056, 13.752309679230498], [98.15052022122077, 13.752238923745496]]]}}}, {"type": "Feature", "geometry": {"type": "Polygon", "coordinates": [[[98.15639353433176, 13.772555338949944], [98.15646206216049, 13.7725521031297], [98.1564643964429, 13.772598861726276], [98.15639586861197, 13.772602185262508], [98.15639353433176, 13.772555338949944]]]}, "id": "00220000000000037015", "properties": {"area_in_meters": 38.57825885395004, "bf_source": "microsoft", "boundary_id": 176, "confidence": null, "geometry_wkt": {"type": "Polygon", "coordinates": [[[98.15639353433176, 13.772555338949944], [98.15646206216049, 13.7725521031297], [98.1564643964429, 13.772598861726276], [98.15639586861197, 13.772602185262508], [98.15639353433176, 13.772555338949944]]]}}}, {"type": "Feature", "geometry": {"type": "Polygon", "coordinates": [[[98.14903658701749, 13.74846486025413], [98.14903842091016, 13.748569066786914], [98.14885878300763, 13.74857202339501], [98.14885694911948, 13.748467816821558], [98.14903658701749, 13.74846486025413]]]}, "id": "00220000000000037027", "properties": {"area_in_meters": 224.86123708652778, "bf_source": "microsoft", "boundary_id": 176, "confidence": null, "geometry_wkt": {"type": "Polygon", "coordinates": [[[98.14903658701749, 13.74846486025413], [98.14903842091016, 13.748569066786914], [98.14885878300763, 13.74857202339501], [98.14885694911948, 13.748467816821558], [98.14903658701749, 13.74846486025413]]]}}}, {"type": "Feature", "geometry": {"type": "Polygon", "coordinates": [[[98.15058457551565, 13.749097777751317], [98.15061416850708, 13.74897148566711], [98.15072378772055, 13.74899565991529], [98.15069419468475, 13.749122039705016], [98.15058457551565, 13.749097777751317]]]}, "id": "0022000000000003716b", "properties": {"area_in_meters": 174.98280994387167, "bf_source": "microsoft", "boundary_id": 176, "confidence": null, "geometry_wkt": {"type": "Polygon", "coordinates": [[[98.15058457551565, 13.749097777751317], [98.15061416850708, 13.74897148566711], [98.15072378772055, 13.74899565991529], [98.15069419468475, 13.749122039705016], [98.15058457551565, 13.749097777751317]]]}}}, {"type": "Feature", "geometry": {"type": "Polygon", "coordinates": [[[98.15957456048679, 13.769576555414304], [98.159612077346, 13.769575574967819], [98.15961349464995, 13.769629115911448], [98.15957597779001, 13.769630096362526], [98.15957456048679, 13.769576555414304]]]}, "id": "002200000000000371f9", "properties": {"area_in_meters": 24.135682454701225, "bf_source": "microsoft", "boundary_id": 176, "confidence": null, "geometry_wkt": {"type": "Polygon", "coordinates": [[[98.15957456048679, 13.769576555414304], [98.159612077346, 13.769575574967819], [98.15961349464995, 13.769629115911448], [98.15957597779001, 13.769630096362526], [98.15957456048679, 13.769576555414304]]]}}}, {"type": "Feature", "geometry": {"type": "Polygon", "coordinates": [[[98.15689523955727, 13.771632431430637], [98.1568739807914, 13.771694618633497], [98.15668081809235, 13.771632169911516], [98.15670216016954, 13.771569979973174], [98.15689523955727, 13.771632431430637]]]}, "id": "0022000000000003729d", "properties": {"area_in_meters": 160.21081923352315, "bf_source": "microsoft", "boundary_id": 176, "confidence": null, "geometry_wkt": {"type": "Polygon", "coordinates": [[[98.15689523955727, 13.771632431430637], [98.1568739807914, 13.771694618633497], [98.15668081809235, 13.771632169911516], [98.15670216016954, 13.771569979973174], [98.15689523955727, 13.771632431430637]]]}}}, {"type": "Feature", "geometry": {"type": "Polygon", "coordinates": [[[98.1563893659744, 13.778251079447557], [98.15640428869479, 13.778319613716672], [98.15631308507707, 13.778338337752968], [98.15629816237531, 13.778269891167701], [98.1563893659744, 13.778251079447557]]]}, "id": "0022000000000003741c", "properties": {"area_in_meters": 78.3787804541496, "bf_source": "microsoft", "boundary_id": 176, "confidence": null, "geometry_wkt": {"type": "Polygon", "coordinates": [[[98.1563893659744, 13.778251079447557], [98.15640428869479, 13.778319613716672], [98.15631308507707, 13.778338337752968], [98.15629816237531, 13.778269891167701], [98.1563893659744, 13.778251079447557]]]}}}, {"type": "Feature", "geometry": {"type": "Polygon", "coordinates": [[[98.15727523061899, 13.77090037949144], [98.15726981168913, 13.7709794949823], [98.15714167495707, 13.77097119939412], [98.15714709387744, 13.770892083891551], [98.15727523061899, 13.77090037949144]]]}, "id": "00220000000000037482", "properties": {"area_in_meters": 122.29184438417062, "bf_source": "microsoft", "boundary_id": 176, "confidence": null, "geometry_wkt": {"type": "Polygon", "coordinates": [[[98.15727523061899, 13.77090037949144], [98.15726981168913, 13.7709794949823], [98.15714167495707, 13.77097119939412], [98.15714709387744, 13.770892083891551], [98.15727523061899, 13.77090037949144]]]}}}, {"type": "Feature", "geometry": {"type": "Polygon", "coordinates": [[[98.1511500954878, 13.750982647662175], [98.15122628763469, 13.750965044480871], [98.15124437702916, 13.75103898649772], [98.15116826822458, 13.75105658694885], [98.1511500954878, 13.750982647662175]]]}, "id": "002200000000000374d3", "properties": {"area_in_meters": 71.47881932104649, "bf_source": "microsoft", "boundary_id": 176, "confidence": null, "geometry_wkt": {"type": "Polygon", "coordinates": [[[98.1511500954878, 13.750982647662175], [98.15122628763469, 13.750965044480871], [98.15124437702916, 13.75103898649772], [98.15116826822458, 13.75105658694885], [98.1511500954878, 13.750982647662175]]]}}}, {"type": "Feature", "geometry": {"type": "Polygon", "coordinates": [[[98.16016574505548, 13.798877129629286], [98.1600606137314, 13.798886674442368], [98.16005411076787, 13.798819518022434], [98.16015932545405, 13.79880997046202], [98.16016574505548, 13.798877129629286]]]}, "id": "002200000000000375b4", "properties": {"area_in_meters": 85.52365392457429, "bf_source": "microsoft", "boundary_id": 176, "confidence": null, "geometry_wkt": {"type": "Polygon", "coordinates": [[[98.16016574505548, 13.798877129629286], [98.1600606137314, 13.798886674442368], [98.16005411076787, 13.798819518022434], [98.16015932545405, 13.79880997046202], [98.16016574505548, 13.798877129629286]]]}}}, {"type": "Feature", "geometry": {"type": "Polygon", "coordinates": [[[98.14909577175814, 13.74919119703824], [98.14895756295968, 13.749194099775956], [98.14895531227575, 13.749095168127004], [98.14909352106994, 13.749092177726258], [98.14909577175814, 13.74919119703824]]]}, "id": "002200000000000375cd", "properties": {"area_in_meters": 164.31812012721272, "bf_source": "microsoft", "boundary_id": 176, "confidence": null, "geometry_wkt": {"type": "Polygon", "coordinates": [[[98.14909577175814, 13.74919119703824], [98.14895756295968, 13.749194099775956], [98.14895531227575, 13.749095168127004], [98.14909352106994, 13.749092177726258], [98.14909577175814, 13.74919119703824]]]}}}, {"type": "Feature", "geometry": {"type": "Polygon", "coordinates": [[[98.15166743672543, 13.75226017579316], [98.15178481017479, 13.752273394108562], [98.1517773909668, 13.752335113833093], [98.15166001752938, 13.75232180782634], [98.15166743672543, 13.75226017579316]]]}, "id": "00220000000000037679", "properties": {"area_in_meters": 88.17169917686437, "bf_source": "microsoft", "boundary_id": 176, "confidence": null, "geometry_wkt": {"type": "Polygon", "coordinates": [[[98.15166743672543, 13.75226017579316], [98.15178481017479, 13.752273394108562], [98.1517773909668, 13.752335113833093], [98.15166001752938, 13.75232180782634], [98.15166743672543, 13.75226017579316]]]}}}, {"type": "Feature", "geometry": {"type": "Polygon", "coordinates": [[[98.14767926900694, 13.750016831708132], [98.14760716505863, 13.750033684622629], [98.14759132720668, 13.749969577367827], [98.14766343113936, 13.749952812169676], [98.14767926900694, 13.750016831708132]]]}, "id": "002200000000000376f1", "properties": {"area_in_meters": 58.659105780555436, "bf_source": "microsoft", "boundary_id": 176, "confidence": null, "geometry_wkt": {"type": "Polygon", "coordinates": [[[98.14767926900694, 13.750016831708132], [98.14760716505863, 13.750033684622629], [98.14759132720668, 13.749969577367827], [98.14766343113936, 13.749952812169676], [98.14767926900694, 13.750016831708132]]]}}}, {"type": "Feature", "geometry": {"type": "Polygon", "coordinates": [[[98.15005006980198, 13.75046909201721], [98.1501871136265, 13.75043044755485], [98.15020937076825, 13.750504953265965], [98.15007232690198, 13.750543597782585], [98.15005006980198, 13.75046909201721]]]}, "id": "0022000000000003772f", "properties": {"area_in_meters": 132.99306404624872, "bf_source": "microsoft", "boundary_id": 176, "confidence": null, "geometry_wkt": {"type": "Polygon", "coordinates": [[[98.15005006980198, 13.75046909201721], [98.1501871136265, 13.75043044755485], [98.15020937076825, 13.750504953265965], [98.15007232690198, 13.750543597782585], [98.15005006980198, 13.75046909201721]]]}}}, {"type": "Feature", "geometry": {"type": "Polygon", "coordinates": [[[98.16948626667309, 13.821470402489346], [98.16953704637417, 13.821449145872258], [98.16955122133808, 13.821480873543994], [98.16950035824507, 13.82150222068666], [98.16948626667309, 13.821470402489346]]]}, "id": "00220000000000037741", "properties": {"area_in_meters": 22.997259302357424, "bf_source": "microsoft", "boundary_id": 176, "confidence": null, "geometry_wkt": {"type": "Polygon", "coordinates": [[[98.16948626667309, 13.821470402489346], [98.16953704637417, 13.821449145872258], [98.16955122133808, 13.821480873543994], [98.16950035824507, 13.82150222068666], [98.16948626667309, 13.821470402489346]]]}}}, {"type": "Feature", "geometry": {"type": "Polygon", "coordinates": [[[98.12834995849636, 13.753995985222897], [98.12836254210208, 13.754039508046686], [98.12831779114327, 13.754051683546813], [98.12830520754527, 13.75400824841325], [98.12834995849636, 13.753995985222897]]]}, "id": "00220000000000037794", "properties": {"area_in_meters": 25.200450354271407, "bf_source": "microsoft", "boundary_id": 176, "confidence": null, "geometry_wkt": {"type": "Polygon", "coordinates": [[[98.12834995849636, 13.753995985222897], [98.12836254210208, 13.754039508046686], [98.12831779114327, 13.754051683546813], [98.12830520754527, 13.75400824841325], [98.12834995849636, 13.753995985222897]]]}}}, {"type": "Feature", "geometry": {"type": "Polygon", "coordinates": [[[98.15623730446116, 13.7787908114857], [98.15624714176441, 13.778835744705699], [98.1561726950872, 13.778851106523438], [98.15616285779399, 13.778806173288565], [98.15623730446116, 13.7787908114857]]]}, "id": "002200000000000378ef", "properties": {"area_in_meters": 41.90571973947639, "bf_source": "microsoft", "boundary_id": 176, "confidence": null, "geometry_wkt": {"type": "Polygon", "coordinates": [[[98.15623730446116, 13.7787908114857], [98.15624714176441, 13.778835744705699], [98.1561726950872, 13.778851106523438], [98.15616285779399, 13.778806173288565], [98.15623730446116, 13.7787908114857]]]}}}, {"type": "Feature", "geometry": {"type": "Polygon", "coordinates": [[[98.15969936664627, 13.812906567330252], [98.15978248749991, 13.812908190793092], [98.15978123693472, 13.812966575342227], [98.15969811608248, 13.812964951887746], [98.15969936664627, 13.812906567330252]]]}, "id": "00220000000000037969", "properties": {"area_in_meters": 58.32150889698739, "bf_source": "microsoft", "boundary_id": 176, "confidence": null, "geometry_wkt": {"type": "Polygon", "coordinates": [[[98.15969936664627, 13.812906567330252], [98.15978248749991, 13.812908190793092], [98.15978123693472, 13.812966575342227], [98.15969811608248, 13.812964951887746], [98.15969936664627, 13.812906567330252]]]}}}, {"type": "Feature", "geometry": {"type": "Polygon", "coordinates": [[[98.15662412823009, 13.77462550944769], [98.15662221077963, 13.774664515853086], [98.15656602116691, 13.7746619051306], [98.15656793861588, 13.774622898722166], [98.15662412823009, 13.77462550944769]]]}, "id": "00220000000000037a86", "properties": {"area_in_meters": 26.3714812683698, "bf_source": "microsoft", "boundary_id": 176, "confidence": null, "geometry_wkt": {"type": "Polygon", "coordinates": [[[98.15662412823009, 13.77462550944769], [98.15662221077963, 13.774664515853086], [98.15656602116691, 13.7746619051306], [98.15656793861588, 13.774622898722166], [98.15662412823009, 13.77462550944769]]]}}}, {"type": "Feature", "geometry": {"type": "Polygon", "coordinates": [[[98.1644519969615, 13.824387940772585], [98.16432042921934, 13.824458389056533], [98.1642852444767, 13.824396562559034], [98.16441681215557, 13.82432602659986], [98.1644519969615, 13.824387940772585]]]}, "id": "00220000000000037af2", "properties": {"area_in_meters": 127.56467062496128, "bf_source": "microsoft", "boundary_id": 176, "confidence": null, "geometry_wkt": {"type": "Polygon", "coordinates": [[[98.1644519969615, 13.824387940772585], [98.16432042921934, 13.824458389056533], [98.1642852444767, 13.824396562559034], [98.16441681215557, 13.82432602659986], [98.1644519969615, 13.824387940772585]]]}}}, {"type": "Feature", "geometry": {"type": "Polygon", "coordinates": [[[98.14903016839357, 13.746857316595532], [98.14892830407389, 13.746859894257828], [98.14892580331497, 13.74676623412327], [98.14902766763116, 13.746763568790746], [98.14903016839357, 13.746857316595532]]]}, "id": "00220000000000037c35", "properties": {"area_in_meters": 114.7364477978803, "bf_source": "microsoft", "boundary_id": 176, "confidence": null, "geometry_wkt": {"type": "Polygon", "coordinates": [[[98.14903016839357, 13.746857316595532], [98.14892830407389, 13.746859894257828], [98.14892580331497, 13.74676623412327], [98.14902766763116, 13.746763568790746], [98.14903016839357, 13.746857316595532]]]}}}, {"type": "Feature", "geometry": {"type": "Polygon", "coordinates": [[[98.1490812673243, 13.751360707533701], [98.14898140354197, 13.751407856849735], [98.14894614282338, 13.751337375803175], [98.14904600655753, 13.751290314234101], [98.1490812673243, 13.751360707533701]]]}, "id": "00220000000000037cd0", "properties": {"area_in_meters": 104.41584474823536, "bf_source": "microsoft", "boundary_id": 176, "confidence": null, "geometry_wkt": {"type": "Polygon", "coordinates": [[[98.1490812673243, 13.751360707533701], [98.14898140354197, 13.751407856849735], [98.14894614282338, 13.751337375803175], [98.14904600655753, 13.751290314234101], [98.1490812673243, 13.751360707533701]]]}}}, {"type": "Feature", "geometry": {"type": "Polygon", "coordinates": [[[98.14938602775793, 13.748146646488966], [98.1494743885153, 13.748149864009498], [98.14947255461169, 13.748196752614271], [98.14938419385656, 13.74819344740711], [98.14938602775793, 13.748146646488966]]]}, "id": "00220000000000037deb", "properties": {"area_in_meters": 49.77983500633103, "bf_source": "microsoft", "boundary_id": 176, "confidence": null, "geometry_wkt": {"type": "Polygon", "coordinates": [[[98.14938602775793, 13.748146646488966], [98.1494743885153, 13.748149864009498], [98.14947255461169, 13.748196752614271], [98.14938419385656, 13.74819344740711], [98.14938602775793, 13.748146646488966]]]}}}, {"type": "Feature", "geometry": {"type": "Polygon", "coordinates": [[[98.15629566136414, 13.760743201224903], [98.15637027490082, 13.760718717799653], [98.15638161283039, 13.760751405245877], [98.15630699928212, 13.760775976385347], [98.15629566136414, 13.760743201224903]]]}, "id": "00220000000000037e0b", "properties": {"area_in_meters": 32.68019129329381, "bf_source": "microsoft", "boundary_id": 176, "confidence": null, "geometry_wkt": {"type": "Polygon", "coordinates": [[[98.15629566136414, 13.760743201224903], [98.15637027490082, 13.760718717799653], [98.15638161283039, 13.760751405245877], [98.15630699928212, 13.760775976385347], [98.15629566136414, 13.760743201224903]]]}}}, {"type": "Feature", "geometry": {"type": "Polygon", "coordinates": [[[98.15110458030446, 13.751672292840109], [98.15110708113798, 13.751734736598346], [98.15104556065842, 13.751737121991807], [98.15104297646597, 13.751674680981093], [98.15110458030446, 13.751672292840109]]]}, "id": "00220000000000037e13", "properties": {"area_in_meters": 46.25563909374822, "bf_source": "microsoft", "boundary_id": 176, "confidence": null, "geometry_wkt": {"type": "Polygon", "coordinates": [[[98.15110458030446, 13.751672292840109], [98.15110708113798, 13.751734736598346], [98.15104556065842, 13.751737121991807], [98.15104297646597, 13.751674680981093], [98.15110458030446, 13.751672292840109]]]}}}, {"type": "Feature", "geometry": {"type": "Polygon", "coordinates": [[[98.15688706952103, 13.779458158977487], [98.1569046601104, 13.779521254824896], [98.15681345586833, 13.779545329891084], [98.15679586530094, 13.77948223401431], [98.15688706952103, 13.779458158977487]]]}, "id": "00220000000000038055", "properties": {"area_in_meters": 74.1639978646179, "bf_source": "microsoft", "boundary_id": 176, "confidence": null, "geometry_wkt": {"type": "Polygon", "coordinates": [[[98.15688706952103, 13.779458158977487], [98.1569046601104, 13.779521254824896], [98.15681345586833, 13.779545329891084], [98.15679586530094, 13.77948223401431], [98.15688706952103, 13.779458158977487]]]}}}, {"type": "Feature", "geometry": {"type": "Polygon", "coordinates": [[[98.15823613828618, 13.800171383674522], [98.15830700218355, 13.800154467884946], [98.1583287615823, 13.8002405059588], [98.15825789766384, 13.800257334052011], [98.15823613828618, 13.800171383674522]]]}, "id": "0022000000000003806d", "properties": {"area_in_meters": 77.55146748617629, "bf_source": "microsoft", "boundary_id": 176, "confidence": null, "geometry_wkt": {"type": "Polygon", "coordinates": [[[98.15823613828618, 13.800171383674522], [98.15830700218355, 13.800154467884946], [98.1583287615823, 13.8002405059588], [98.15825789766384, 13.800257334052011], [98.15823613828618, 13.800171383674522]]]}}}, {"type": "Feature", "geometry": {"type": "Polygon", "coordinates": [[[98.16324855280719, 13.82334589635591], [98.1633280091926, 13.823286045466238], [98.16334968671042, 13.823313049844392], [98.16327014692648, 13.823372991270704], [98.16324855280719, 13.82334589635591]]]}, "id": "0022000000000003808d", "properties": {"area_in_meters": 41.3324799901156, "bf_source": "microsoft", "boundary_id": 176, "confidence": null, "geometry_wkt": {"type": "Polygon", "coordinates": [[[98.16324855280719, 13.82334589635591], [98.1633280091926, 13.823286045466238], [98.16334968671042, 13.823313049844392], [98.16327014692648, 13.823372991270704], [98.16324855280719, 13.82334589635591]]]}}}, {"type": "Feature", "geometry": {"type": "Polygon", "coordinates": [[[98.15804530632062, 13.767737198985689], [98.15804213829743, 13.76785175814078], [98.15792150341146, 13.767848563773105], [98.15792467142943, 13.767734092299678], [98.15804530632062, 13.767737198985689]]]}, "id": "0022000000000003818d", "properties": {"area_in_meters": 166.0305992955282, "bf_source": "microsoft", "boundary_id": 176, "confidence": null, "geometry_wkt": {"type": "Polygon", "coordinates": [[[98.15804530632062, 13.767737198985689], [98.15804213829743, 13.76785175814078], [98.15792150341146, 13.767848563773105], [98.15792467142943, 13.767734092299678], [98.15804530632062, 13.767737198985689]]]}}}, {"type": "Feature", "geometry": {"type": "Polygon", "coordinates": [[[98.15049621341544, 13.753046079031156], [98.15051647000067, 13.753095658847965], [98.15031023655185, 13.753175091770638], [98.15028998002379, 13.753125599583786], [98.15049621341544, 13.753046079031156]]]}, "id": "00220000000000038384", "properties": {"area_in_meters": 141.96748513410313, "bf_source": "microsoft", "boundary_id": 176, "confidence": null, "geometry_wkt": {"type": "Polygon", "coordinates": [[[98.15049621341544, 13.753046079031156], [98.15051647000067, 13.753095658847965], [98.15031023655185, 13.753175091770638], [98.15028998002379, 13.753125599583786], [98.15049621341544, 13.753046079031156]]]}}}, {"type": "Feature", "geometry": {"type": "Polygon", "coordinates": [[[98.15618561695743, 13.776609129832595], [98.15625264398544, 13.77660655714789], [98.1562553950961, 13.776675406407684], [98.15618845143248, 13.776677976340162], [98.15618561695743, 13.776609129832595]]]}, "id": "0022000000000003843b", "properties": {"area_in_meters": 55.44158028125246, "bf_source": "microsoft", "boundary_id": 176, "confidence": null, "geometry_wkt": {"type": "Polygon", "coordinates": [[[98.15618561695743, 13.776609129832595], [98.15625264398544, 13.77660655714789], [98.1562553950961, 13.776675406407684], [98.15618845143248, 13.776677976340162], [98.15618561695743, 13.776609129832595]]]}}}, {"type": "Feature", "geometry": {"type": "Polygon", "coordinates": [[[98.14978606943644, 13.749437156677034], [98.14979198796907, 13.749521234604371], [98.14966653185186, 13.749529504000265], [98.14966061332939, 13.749445426043584], [98.14978606943644, 13.749437156677034]]]}, "id": "002200000000000385b7", "properties": {"area_in_meters": 127.26331060286965, "bf_source": "microsoft", "boundary_id": 176, "confidence": null, "geometry_wkt": {"type": "Polygon", "coordinates": [[[98.14978606943644, 13.749437156677034], [98.14979198796907, 13.749521234604371], [98.14966653185186, 13.749529504000265], [98.14966061332939, 13.749445426043584], [98.14978606943644, 13.749437156677034]]]}}}, {"type": "Feature", "geometry": {"type": "Polygon", "coordinates": [[[98.15041168599696, 13.751327590344244], [98.15051555303577, 13.7513031088561], [98.15052872398705, 13.751355728634206], [98.1504248569295, 13.751380210148529], [98.15041168599696, 13.751327590344244]]]}, "id": "002200000000000385d1", "properties": {"area_in_meters": 69.5202802212731, "bf_source": "microsoft", "boundary_id": 176, "confidence": null, "geometry_wkt": {"type": "Polygon", "coordinates": [[[98.15041168599696, 13.751327590344244], [98.15051555303577, 13.7513031088561], [98.15052872398705, 13.751355728634206], [98.1504248569295, 13.751380210148529], [98.15041168599696, 13.751327590344244]]]}}}, {"type": "Feature", "geometry": {"type": "Polygon", "coordinates": [[[98.15556436936915, 13.775639824057892], [98.15560455189025, 13.775638755390439], [98.15560621921526, 13.77569597474084], [98.15556603669323, 13.775697131123582], [98.15556436936915, 13.775639824057892]]]}, "id": "00220000000000038620", "properties": {"area_in_meters": 27.667224096479426, "bf_source": "microsoft", "boundary_id": 176, "confidence": null, "geometry_wkt": {"type": "Polygon", "coordinates": [[[98.15556436936915, 13.775639824057892], [98.15560455189025, 13.775638755390439], [98.15560621921526, 13.77569597474084], [98.15556603669323, 13.775697131123582], [98.15556436936915, 13.775639824057892]]]}}}, {"type": "Feature", "geometry": {"type": "Polygon", "coordinates": [[[98.1477231149109, 13.750830942550609], [98.14768251993809, 13.75084044009609], [98.1476679324277, 13.7507812897674], [98.14770844403516, 13.750771794988824], [98.1477231149109, 13.750830942550609]]]}, "id": "0022000000000003893b", "properties": {"area_in_meters": 30.46968669146525, "bf_source": "microsoft", "boundary_id": 176, "confidence": null, "geometry_wkt": {"type": "Polygon", "coordinates": [[[98.1477231149109, 13.750830942550609], [98.14768251993809, 13.75084044009609], [98.1476679324277, 13.7507812897674], [98.14770844403516, 13.750771794988824], [98.1477231149109, 13.750830942550609]]]}}}, {"type": "Feature", "geometry": {"type": "Polygon", "coordinates": [[[98.15707956582165, 13.7725062027844], [98.157074480378, 13.77255390887548], [98.15703896565023, 13.77255034972318], [98.15704405109142, 13.772502643630917], [98.15707956582165, 13.7725062027844]]]}, "id": "0022000000000003894b", "properties": {"area_in_meters": 20.568706702901345, "bf_source": "microsoft", "boundary_id": 176, "confidence": null, "geometry_wkt": {"type": "Polygon", "coordinates": [[[98.15707956582165, 13.7725062027844], [98.157074480378, 13.77255390887548], [98.15703896565023, 13.77255034972318], [98.15704405109142, 13.772502643630917], [98.15707956582165, 13.7725062027844]]]}}}, {"type": "Feature", "geometry": {"type": "Polygon", "coordinates": [[[98.16773968319946, 13.821745275499849], [98.16774727078754, 13.82178564565779], [98.16770449681228, 13.821793211543932], [98.16769690922864, 13.821752929117121], [98.16773968319946, 13.821745275499849]]]}, "id": "0022000000000003894d", "properties": {"area_in_meters": 21.41262458002385, "bf_source": "microsoft", "boundary_id": 176, "confidence": null, "geometry_wkt": {"type": "Polygon", "coordinates": [[[98.16773968319946, 13.821745275499849], [98.16774727078754, 13.82178564565779], [98.16770449681228, 13.821793211543932], [98.16769690922864, 13.821752929117121], [98.16773968319946, 13.821745275499849]]]}}}, {"type": "Feature", "geometry": {"type": "Polygon", "coordinates": [[[98.14954541063548, 13.748079466569756], [98.14953590767175, 13.748145901084246], [98.14941228589636, 13.748129292213552], [98.14942170548483, 13.748062772759827], [98.14954541063548, 13.748079466569756]]]}, "id": "002200000000000389d5", "properties": {"area_in_meters": 100.62592177384143, "bf_source": "microsoft", "boundary_id": 176, "confidence": null, "geometry_wkt": {"type": "Polygon", "coordinates": [[[98.14954541063548, 13.748079466569756], [98.14953590767175, 13.748145901084246], [98.14941228589636, 13.748129292213552], [98.14942170548483, 13.748062772759827], [98.14954541063548, 13.748079466569756]]]}}}, {"type": "Feature", "geometry": {"type": "Polygon", "coordinates": [[[98.1581593552467, 13.800560716660106], [98.15823305362399, 13.800535109514978], [98.15826881903973, 13.800632087071152], [98.1581951206264, 13.800657694259415], [98.1581593552467, 13.800560716660106]]]}, "id": "00220000000000038c1c", "properties": {"area_in_meters": 96.83035066166968, "bf_source": "microsoft", "boundary_id": 176, "confidence": null, "geometry_wkt": {"type": "Polygon", "coordinates": [[[98.1581593552467, 13.800560716660106], [98.15823305362399, 13.800535109514978], [98.15826881903973, 13.800632087071152], [98.1581951206264, 13.800657694259415], [98.1581593552467, 13.800560716660106]]]}}}, {"type": "Feature", "geometry": {"type": "Polygon", "coordinates": [[[98.14597430059985, 13.751482531639645], [98.14591103398428, 13.751502249458497], [98.14588652756294, 13.751427728843657], [98.14594979415726, 13.751408098746998], [98.14597430059985, 13.751482531639645]]]}, "id": "00220000000000038f03", "properties": {"area_in_meters": 62.38402341677653, "bf_source": "microsoft", "boundary_id": 176, "confidence": null, "geometry_wkt": {"type": "Polygon", "coordinates": [[[98.14597430059985, 13.751482531639645], [98.14591103398428, 13.751502249458497], [98.14588652756294, 13.751427728843657], [98.14594979415726, 13.751408098746998], [98.14597430059985, 13.751482531639645]]]}}}, {"type": "Feature", "geometry": {"type": "Polygon", "coordinates": [[[98.15681637373538, 13.779206751719176], [98.15681387270648, 13.779277004343498], [98.15669599097473, 13.779273106517072], [98.15669849199958, 13.779202853879896], [98.15681637373538, 13.779206751719176]]]}, "id": "0022000000000003904e", "properties": {"area_in_meters": 99.56403122181166, "bf_source": "microsoft", "boundary_id": 176, "confidence": null, "geometry_wkt": {"type": "Polygon", "coordinates": [[[98.15681637373538, 13.779206751719176], [98.15681387270648, 13.779277004343498], [98.15669599097473, 13.779273106517072], [98.15669849199958, 13.779202853879896], [98.15681637373538, 13.779206751719176]]]}}}, {"type": "Feature", "geometry": {"type": "Polygon", "coordinates": [[[98.1485270167203, 13.748195649382415], [98.14852960082374, 13.748083667716058], [98.14861671017096, 13.74808552384453], [98.14861412606442, 13.748197505494321], [98.1485270167203, 13.748195649382415]]]}, "id": "002200000000000390a6", "properties": {"area_in_meters": 117.157726485691, "bf_source": "microsoft", "boundary_id": 176, "confidence": null, "geometry_wkt": {"type": "Polygon", "coordinates": [[[98.1485270167203, 13.748195649382415], [98.14852960082374, 13.748083667716058], [98.14861671017096, 13.74808552384453], [98.14861412606442, 13.748197505494321], [98.1485270167203, 13.748195649382415]]]}}}, {"type": "Feature", "geometry": {"type": "Polygon", "coordinates": [[[98.1494532986267, 13.749569000400328], [98.14948780935666, 13.749645468458125], [98.14937860879354, 13.749692048699579], [98.14934409811518, 13.749615580584168], [98.1494532986267, 13.749569000400328]]]}, "id": "00220000000000039134", "properties": {"area_in_meters": 119.6451513267532, "bf_source": "microsoft", "boundary_id": 176, "confidence": null, "geometry_wkt": {"type": "Polygon", "coordinates": [[[98.1494532986267, 13.749569000400328], [98.14948780935666, 13.749645468458125], [98.14937860879354, 13.749692048699579], [98.14934409811518, 13.749615580584168], [98.1494532986267, 13.749569000400328]]]}}}, {"type": "Feature", "geometry": {"type": "Polygon", "coordinates": [[[98.16589617275807, 13.824244839600595], [98.16593227543383, 13.824232933294562], [98.16595128562592, 13.824287752150227], [98.16591518294078, 13.824299570727582], [98.16589617275807, 13.824244839600595]]]}, "id": "00220000000000039224", "properties": {"area_in_meters": 26.4715344597711, "bf_source": "microsoft", "boundary_id": 176, "confidence": null, "geometry_wkt": {"type": "Polygon", "coordinates": [[[98.16589617275807, 13.824244839600595], [98.16593227543383, 13.824232933294562], [98.16595128562592, 13.824287752150227], [98.16591518294078, 13.824299570727582], [98.16589617275807, 13.824244839600595]]]}}}, {"type": "Feature", "geometry": {"type": "Polygon", "coordinates": [[[98.14823167930567, 13.747359614154785], [98.14827319152045, 13.747352191358667], [98.14828219417255, 13.747400124701084], [98.14824068195267, 13.747407547505404], [98.14823167930567, 13.747359614154785]]]}, "id": "00220000000000039505", "properties": {"area_in_meters": 24.685248148830937, "bf_source": "microsoft", "boundary_id": 176, "confidence": null, "geometry_wkt": {"type": "Polygon", "coordinates": [[[98.14823167930567, 13.747359614154785], [98.14827319152045, 13.747352191358667], [98.14828219417255, 13.747400124701084], [98.14824068195267, 13.747407547505404], [98.14823167930567, 13.747359614154785]]]}}}, {"type": "Feature", "geometry": {"type": "Polygon", "coordinates": [[[98.14890713098434, 13.747250473619134], [98.14898215377019, 13.74725299232142], [98.14897848598775, 13.747358519768467], [98.14890346320568, 13.747356088770855], [98.14890713098434, 13.747250473619134]]]}, "id": "002200000000000397ee", "properties": {"area_in_meters": 95.22589792254134, "bf_source": "microsoft", "boundary_id": 176, "confidence": null, "geometry_wkt": {"type": "Polygon", "coordinates": [[[98.14890713098434, 13.747250473619134], [98.14898215377019, 13.74725299232142], [98.14897848598775, 13.747358519768467], [98.14890346320568, 13.747356088770855], [98.14890713098434, 13.747250473619134]]]}}}, {"type": "Feature", "geometry": {"type": "Polygon", "coordinates": [[[98.15224280184364, 13.756022258825919], [98.15215327066551, 13.756080909055232], [98.15204931793619, 13.755931053046341], [98.15213884898694, 13.755872402940872], [98.15224280184364, 13.756022258825919]]]}, "id": "0022000000000003987e", "properties": {"area_in_meters": 234.39059318270964, "bf_source": "microsoft", "boundary_id": 176, "confidence": null, "geometry_wkt": {"type": "Polygon", "coordinates": [[[98.15224280184364, 13.756022258825919], [98.15215327066551, 13.756080909055232], [98.15204931793619, 13.755931053046341], [98.15213884898694, 13.755872402940872], [98.15224280184364, 13.756022258825919]]]}}}, {"type": "Feature", "geometry": {"type": "Polygon", "coordinates": [[[98.1549737222044, 13.757552713849671], [98.15500173302776, 13.75762597927554], [98.15491453270226, 13.757657455314517], [98.15488652191235, 13.757584189849096], [98.1549737222044, 13.757552713849671]]]}, "id": "00220000000000039970", "properties": {"area_in_meters": 87.29671985439691, "bf_source": "microsoft", "boundary_id": 176, "confidence": null, "geometry_wkt": {"type": "Polygon", "coordinates": [[[98.1549737222044, 13.757552713849671], [98.15500173302776, 13.75762597927554], [98.15491453270226, 13.757657455314517], [98.15488652191235, 13.757584189849096], [98.1549737222044, 13.757552713849671]]]}}}, {"type": "Feature", "geometry": {"type": "Polygon", "coordinates": [[[98.14750730329169, 13.750043474830312], [98.14740260696145, 13.750059563410838], [98.14738026731806, 13.749922358498516], [98.14743778357796, 13.749913529557755], [98.14744695284097, 13.74996943857439], [98.1474940495282, 13.74996218173478], [98.14750730329169, 13.750043474830312]]]}, "id": "00220000000000039ac9", "properties": {"area_in_meters": 144.42400633351176, "bf_source": "microsoft", "boundary_id": 176, "confidence": null, "geometry_wkt": {"type": "Polygon", "coordinates": [[[98.14750730329169, 13.750043474830312], [98.14740260696145, 13.750059563410838], [98.14738026731806, 13.749922358498516], [98.14743778357796, 13.749913529557755], [98.14744695284097, 13.74996943857439], [98.1474940495282, 13.74996218173478], [98.14750730329169, 13.750043474830312]]]}}}, {"type": "Feature", "geometry": {"type": "Polygon", "coordinates": [[[98.16453062088996, 13.824540097815957], [98.16456013615108, 13.824592022864824], [98.16444282556495, 13.824654802011777], [98.16441339372744, 13.824602874138584], [98.16453062088996, 13.824540097815957]]]}, "id": "00220000000000039b7a", "properties": {"area_in_meters": 95.36653827466436, "bf_source": "microsoft", "boundary_id": 176, "confidence": null, "geometry_wkt": {"type": "Polygon", "coordinates": [[[98.16453062088996, 13.824540097815957], [98.16456013615108, 13.824592022864824], [98.16444282556495, 13.824654802011777], [98.16441339372744, 13.824602874138584], [98.16453062088996, 13.824540097815957]]]}}}, {"type": "Feature", "geometry": {"type": "Polygon", "coordinates": [[[98.15023012743465, 13.75123528830152], [98.15024421529591, 13.751282440703495], [98.15016660705245, 13.751304387567867], [98.15015251920615, 13.75125723514642], [98.15023012743465, 13.75123528830152]]]}, "id": "00220000000000039bfd", "properties": {"area_in_meters": 47.613295551919606, "bf_source": "microsoft", "boundary_id": 176, "confidence": null, "geometry_wkt": {"type": "Polygon", "coordinates": [[[98.15023012743465, 13.75123528830152], [98.15024421529591, 13.751282440703495], [98.15016660705245, 13.751304387567867], [98.15015251920615, 13.75125723514642], [98.15023012743465, 13.75123528830152]]]}}}, {"type": "Feature", "geometry": {"type": "Polygon", "coordinates": [[[98.15878162532798, 13.801627767414294], [98.15878304261582, 13.801664214582997], [98.15871067760077, 13.801666793600258], [98.15870567541344, 13.801536773573003], [98.158812805667, 13.801532864420283], [98.15881639057315, 13.80162652497476], [98.15878162532798, 13.801627767414294]]]}, "id": "00220000000000039d79", "properties": {"area_in_meters": 152.2981280421883, "bf_source": "microsoft", "boundary_id": 176, "confidence": null, "geometry_wkt": {"type": "Polygon", "coordinates": [[[98.15878162532798, 13.801627767414294], [98.15878304261582, 13.801664214582997], [98.15871067760077, 13.801666793600258], [98.15870567541344, 13.801536773573003], [98.158812805667, 13.801532864420283], [98.15881639057315, 13.80162652497476], [98.15878162532798, 13.801627767414294]]]}}}, {"type": "Feature", "geometry": {"type": "Polygon", "coordinates": [[[98.15648457131533, 13.775527928872016], [98.15634142988209, 13.77552442884549], [98.156343180591, 13.775454203033545], [98.15648632202767, 13.775457615367154], [98.15648457131533, 13.775527928872016]]]}, "id": "00220000000000039e59", "properties": {"area_in_meters": 120.89358297988076, "bf_source": "microsoft", "boundary_id": 176, "confidence": null, "geometry_wkt": {"type": "Polygon", "coordinates": [[[98.15648457131533, 13.775527928872016], [98.15634142988209, 13.77552442884549], [98.156343180591, 13.775454203033545], [98.15648632202767, 13.775457615367154], [98.15648457131533, 13.775527928872016]]]}}}, {"type": "Feature", "geometry": {"type": "Polygon", "coordinates": [[[98.15176755426523, 13.751737446922656], [98.15185333368197, 13.751739959137623], [98.1518500825652, 13.751846703588381], [98.15176430315229, 13.751844191388098], [98.15176755426523, 13.751737446922656]]]}, "id": "00220000000000039e92", "properties": {"area_in_meters": 110.01255096682709, "bf_source": "microsoft", "boundary_id": 176, "confidence": null, "geometry_wkt": {"type": "Polygon", "coordinates": [[[98.15176755426523, 13.751737446922656], [98.15185333368197, 13.751739959137623], [98.1518500825652, 13.751846703588381], [98.15176430315229, 13.751844191388098], [98.15176755426523, 13.751737446922656]]]}}}, {"type": "Feature", "geometry": {"type": "Polygon", "coordinates": [[[98.14896589882673, 13.750227209750117], [98.14903658701749, 13.75023039752026], [98.14903408625486, 13.750283535249812], [98.14896331470783, 13.7502803502408], [98.14896589882673, 13.750227209750117]]]}, "id": "00220000000000039f5b", "properties": {"area_in_meters": 45.211436258370156, "bf_source": "microsoft", "boundary_id": 176, "confidence": null, "geometry_wkt": {"type": "Polygon", "coordinates": [[[98.14896589882673, 13.750227209750117], [98.14903658701749, 13.75023039752026], [98.14903408625486, 13.750283535249812], [98.14896331470783, 13.7502803502408], [98.14896589882673, 13.750227209750117]]]}}}, {"type": "Feature", "geometry": {"type": "Polygon", "coordinates": [[[98.1492207267413, 13.749149796442413], [98.14929783382556, 13.749134093337126], [98.14930967081219, 13.749189036634501], [98.14923256371543, 13.7492047397585], [98.1492207267413, 13.749149796442413]]]}, "id": "00220000000000039f8e", "properties": {"area_in_meters": 53.07557277009836, "bf_source": "microsoft", "boundary_id": 176, "confidence": null, "geometry_wkt": {"type": "Polygon", "coordinates": [[[98.1492207267413, 13.749149796442413], [98.14929783382556, 13.749134093337126], [98.14930967081219, 13.749189036634501], [98.14923256371543, 13.7492047397585], [98.1492207267413, 13.749149796442413]]]}}}, {"type": "Feature", "geometry": {"type": "Polygon", "coordinates": [[[98.17359061423333, 13.819806805322314], [98.17365448851206, 13.81980116784219], [98.17365774059824, 13.8198364170703], [98.17359394970342, 13.81984205177916], [98.17359061423333, 13.819806805322314]]]}, "id": "00220000000000039fd3", "properties": {"area_in_meters": 27.230272550789962, "bf_source": "microsoft", "boundary_id": 176, "confidence": null, "geometry_wkt": {"type": "Polygon", "coordinates": [[[98.17359061423333, 13.819806805322314], [98.17365448851206, 13.81980116784219], [98.17365774059824, 13.8198364170703], [98.17359394970342, 13.81984205177916], [98.17359061423333, 13.819806805322314]]]}}}, {"type": "Feature", "geometry": {"type": "Polygon", "coordinates": [[[98.1605492547356, 13.802701249162665], [98.16056301109845, 13.802765095975642], [98.16044220530947, 13.802789637763098], [98.16042844896936, 13.802725790916128], [98.1605492547356, 13.802701249162665]]]}, "id": "00220000000000039fe6", "properties": {"area_in_meters": 96.6444422669729, "bf_source": "microsoft", "boundary_id": 176, "confidence": null, "geometry_wkt": {"type": "Polygon", "coordinates": [[[98.1605492547356, 13.802701249162665], [98.16056301109845, 13.802765095975642], [98.16044220530947, 13.802789637763098], [98.16042844896936, 13.802725790916128], [98.1605492547356, 13.802701249162665]]]}}}, {"type": "Feature", "geometry": {"type": "Polygon", "coordinates": [[[98.14895948020902, 13.742355163712613], [98.14896439837058, 13.742404194785697], [98.14891655050768, 13.742408669547721], [98.1489191346249, 13.742434452455266], [98.1488394438259, 13.742441996229957], [98.1488319415585, 13.742367182223358], [98.14895948020902, 13.742355163712613]]]}, "id": "0022000000000003a0ba", "properties": {"area_in_meters": 100.77492865197075, "bf_source": "microsoft", "boundary_id": 176, "confidence": null, "geometry_wkt": {"type": "Polygon", "coordinates": [[[98.14895948020902, 13.742355163712613], [98.14896439837058, 13.742404194785697], [98.14891655050768, 13.742408669547721], [98.1489191346249, 13.742434452455266], [98.1488394438259, 13.742441996229957], [98.1488319415585, 13.742367182223358], [98.14895948020902, 13.742355163712613]]]}}}, {"type": "Feature", "geometry": {"type": "Polygon", "coordinates": [[[98.1618921380699, 13.822674988971198], [98.16199643829181, 13.822657831051718], [98.1620086108294, 13.822727705612301], [98.16190439396357, 13.822744948526275], [98.1618921380699, 13.822674988971198]]]}, "id": "0022000000000003a1bd", "properties": {"area_in_meters": 90.06465064542945, "bf_source": "microsoft", "boundary_id": 176, "confidence": null, "geometry_wkt": {"type": "Polygon", "coordinates": [[[98.1618921380699, 13.822674988971198], [98.16199643829181, 13.822657831051718], [98.1620086108294, 13.822727705612301], [98.16190439396357, 13.822744948526275], [98.1618921380699, 13.822674988971198]]]}}}, {"type": "Feature", "geometry": {"type": "Polygon", "coordinates": [[[98.15647298326809, 13.778429168575753], [98.15636877429263, 13.778442710292703], [98.15635877023881, 13.778369715018698], [98.15646289583277, 13.77835617609263], [98.15647298326809, 13.778429168575753]]]}, "id": "0022000000000003a298", "properties": {"area_in_meters": 92.93596615132084, "bf_source": "microsoft", "boundary_id": 176, "confidence": null, "geometry_wkt": {"type": "Polygon", "coordinates": [[[98.15647298326809, 13.778429168575753], [98.15636877429263, 13.778442710292703], [98.15635877023881, 13.778369715018698], [98.15646289583277, 13.77835617609263], [98.15647298326809, 13.778429168575753]]]}}}]}