{"type": "FeatureCollection", "features": [{"type": "Feature", "properties": {"osm_id": 377882560, "building": "yes", "source": "Bing"}, "geometry": {"type": "Polygon", "coordinates": [[[98.1193033, 13.9764928], [98.1194039, 13.9764881], [98.1193931, 13.9762686], [98.1194845, 13.9762644], [98.1194967, 13.9765117], [98.1196245, 13.9765057], [98.1196123, 13.9762582], [98.1197001, 13.9762541], [98.1197107, 13.9764675], [98.1198109, 13.9764628], [98.1197959, 13.9761609], [98.1197281, 13.976164], [98.1197269, 13.9761397], [98.1193558, 13.9761571], [98.1193572, 13.9761863], [98.1192883, 13.9761895], [98.1193033, 13.9764928]]]}}, {"type": "Feature", "properties": {"osm_id": 384521008, "addr:city": "Launglone", "addr:postcode": "60102", "addr:street": "Bo Ba Htoo Raod", "building": "yes", "name:my": "\u1021.\u1011.\u1000-\u1031\u101c\u102c\u1004\u1039\u1038\u101c\u1036\u102f\u1038"}, "geometry": {"type": "Polygon", "coordinates": [[[98.1151456, 13.9729605], [98.1151186, 13.9729809], [98.1150378, 13.972885], [98.1150677, 13.9728646], [98.1150168, 13.9728123], [98.1148012, 13.9729983], [98.1148551, 13.9730622], [98.1149479, 13.9729809], [98.1150138, 13.9730593], [98.114912, 13.9731378], [98.1149779, 13.9732046], [98.1151965, 13.9730157], [98.1151456, 13.9729605]]]}}, {"type": "Feature", "properties": {"osm_id": 384521009, "building": "yes"}, "geometry": {"type": "Polygon", "coordinates": [[[98.1209841, 13.9759547], [98.1210583, 13.9759535], [98.1210561, 13.9758302], [98.1209819, 13.9758314], [98.1209841, 13.9759547]]]}}, {"type": "Feature", "properties": {"osm_id": 384521010, "building": "yes"}, "geometry": {"type": "Polygon", "coordinates": [[[98.1212604, 13.9751355], [98.1214421, 13.9751088], [98.1214271, 13.9750129], [98.1212455, 13.9750396], [98.1212604, 13.9751355]]]}}, {"type": "Feature", "properties": {"osm_id": 384521011, "building": "yes"}, "geometry": {"type": "Polygon", "coordinates": [[[98.121231, 13.9752365], [98.1212585, 13.9753762], [98.1215744, 13.9753176], [98.1215469, 13.9751779], [98.121231, 13.9752365]]]}}, {"type": "Feature", "properties": {"osm_id": 385096845, "building": "yes"}, "geometry": {"type": "Polygon", "coordinates": [[[98.1211919, 13.9794477], [98.1214131, 13.9796372], [98.1214856, 13.9795575], [98.1212644, 13.979368], [98.1211919, 13.9794477]]]}}, {"type": "Feature", "properties": {"osm_id": 504445761, "building": "yes"}, "geometry": {"type": "Polygon", "coordinates": [[[98.1369102, 13.9747672], [98.1370376, 13.9747763], [98.1370429, 13.974706], [98.1369155, 13.9746969], [98.1369102, 13.9747672]]]}}, {"type": "Feature", "properties": {"osm_id": 504459411, "building": "yes"}, "geometry": {"type": "Polygon", "coordinates": [[[98.1315592, 13.9757237], [98.1317013, 13.9757706], [98.1317189, 13.9757203], [98.1315768, 13.9756735], [98.1315592, 13.9757237]]]}}, {"type": "Feature", "properties": {"osm_id": 504459412, "building": "yes"}, "geometry": {"type": "Polygon", "coordinates": [[[98.1314117, 13.9760009], [98.1315263, 13.9760383], [98.1315866, 13.9758639], [98.131472, 13.9758265], [98.1314117, 13.9760009]]]}}, {"type": "Feature", "properties": {"osm_id": 504459413, "building": "yes"}, "geometry": {"type": "Polygon", "coordinates": [[[98.1312829, 13.975984], [98.1313489, 13.9760085], [98.1313878, 13.9759095], [98.1313218, 13.9758851], [98.1312829, 13.975984]]]}}, {"type": "Feature", "properties": {"osm_id": 504459414, "building": "yes"}, "geometry": {"type": "Polygon", "coordinates": [[[98.1312655, 13.9764187], [98.131354, 13.976446], [98.1313737, 13.9763858], [98.1312852, 13.9763585], [98.1312655, 13.9764187]]]}}, {"type": "Feature", "properties": {"osm_id": 504459415, "building": "yes"}, "geometry": {"type": "Polygon", "coordinates": [[[98.1312869, 13.9763341], [98.1313671, 13.976361], [98.1314396, 13.976158], [98.1313594, 13.9761311], [98.1312869, 13.9763341]]]}}, {"type": "Feature", "properties": {"osm_id": 508396328, "building": "yes"}, "geometry": {"type": "Polygon", "coordinates": [[[98.1151038, 13.9734254], [98.1151791, 13.9733632], [98.1151155, 13.9732907], [98.1150402, 13.9733529], [98.1151038, 13.9734254]]]}}, {"type": "Feature", "properties": {"osm_id": 508396329, "building": "yes"}, "geometry": {"type": "Polygon", "coordinates": [[[98.1145352, 13.9729361], [98.1147229, 13.9727539], [98.114621, 13.972655], [98.1144333, 13.9728372], [98.1145352, 13.9729361]]]}}, {"type": "Feature", "properties": {"osm_id": 508396330, "building": "yes"}, "geometry": {"type": "Polygon", "coordinates": [[[98.1144762, 13.9733734], [98.1147715, 13.9731499], [98.1147111, 13.9730747], [98.1144158, 13.9732982], [98.1144762, 13.9733734]]]}}, {"type": "Feature", "properties": {"osm_id": 508396331, "building": "yes"}, "geometry": {"type": "Polygon", "coordinates": [[[98.1146908, 13.9734827], [98.1149052, 13.9733107], [98.1148345, 13.9732278], [98.1146201, 13.9733998], [98.1146908, 13.9734827]]]}}, {"type": "Feature", "properties": {"osm_id": 508396332, "building": "yes"}, "geometry": {"type": "Polygon", "coordinates": [[[98.1147766, 13.973717], [98.1150747, 13.9734706], [98.1149981, 13.9733833], [98.1147, 13.9736297], [98.1147766, 13.973717]]]}}, {"type": "Feature", "properties": {"osm_id": 508396333, "building": "yes"}, "geometry": {"type": "Polygon", "coordinates": [[[98.1149107, 13.9738862], [98.1152543, 13.9736262], [98.1151803, 13.9735341], [98.1148367, 13.973794], [98.1149107, 13.9738862]]]}}, {"type": "Feature", "properties": {"osm_id": 508402239, "building": "yes"}, "geometry": {"type": "Polygon", "coordinates": [[[98.1220079, 13.9788627], [98.1220877, 13.9787814], [98.121806, 13.9785211], [98.1217262, 13.9786024], [98.1220079, 13.9788627]]]}}, {"type": "Feature", "properties": {"osm_id": 508402240, "building": "yes"}, "geometry": {"type": "Polygon", "coordinates": [[[98.1220266, 13.9792115], [98.122177, 13.9790777], [98.122118, 13.9790153], [98.1219676, 13.979149], [98.1220266, 13.9792115]]]}}, {"type": "Feature", "properties": {"osm_id": 508402241, "building": "yes"}, "geometry": {"type": "Polygon", "coordinates": [[[98.1215814, 13.9790553], [98.1216423, 13.9789885], [98.1214787, 13.9788479], [98.1214178, 13.9789148], [98.1215814, 13.9790553]]]}}, {"type": "Feature", "properties": {"osm_id": 508402242, "building": "yes"}, "geometry": {"type": "Polygon", "coordinates": [[[98.1203931, 13.9760205], [98.1205702, 13.9760205], [98.1205702, 13.9759658], [98.1203931, 13.9759658], [98.1203931, 13.9760205]]]}}, {"type": "Feature", "properties": {"osm_id": 508402243, "building": "yes"}, "geometry": {"type": "Polygon", "coordinates": [[[98.1200686, 13.976148], [98.1201436, 13.9761495], [98.1201462, 13.9760246], [98.1200713, 13.9760231], [98.1200686, 13.976148]]]}}, {"type": "Feature", "properties": {"osm_id": 508402244, "building": "yes"}, "geometry": {"type": "Polygon", "coordinates": [[[98.1201571, 13.9761584], [98.120248, 13.97616], [98.1202507, 13.9760168], [98.1201598, 13.9760152], [98.1201571, 13.9761584]]]}}, {"type": "Feature", "properties": {"osm_id": 508402245, "building": "yes"}, "geometry": {"type": "Polygon", "coordinates": [[[98.1203663, 13.9766477], [98.1205055, 13.9766523], [98.1205081, 13.9765768], [98.120369, 13.9765722], [98.1203663, 13.9766477]]]}}, {"type": "Feature", "properties": {"osm_id": 508567119, "building": "yes"}, "geometry": {"type": "Polygon", "coordinates": [[[98.1230405, 13.9774338], [98.1231548, 13.9773968], [98.1231387, 13.97735], [98.1230244, 13.9773869], [98.1230405, 13.9774338]]]}}, {"type": "Feature", "properties": {"osm_id": 508567120, "building": "yes"}, "geometry": {"type": "Polygon", "coordinates": [[[98.1231692, 13.9774598], [98.1233021, 13.9774352], [98.1232914, 13.9773806], [98.1231585, 13.9774051], [98.1231692, 13.9774598]]]}}, {"type": "Feature", "properties": {"osm_id": 508567121, "building": "yes"}, "geometry": {"type": "Polygon", "coordinates": [[[98.1231692, 13.9775743], [98.1232952, 13.9775585], [98.1232845, 13.9774779], [98.1231585, 13.9774936], [98.1231692, 13.9775743]]]}}, {"type": "Feature", "properties": {"osm_id": 508567122, "building": "yes"}, "geometry": {"type": "Polygon", "coordinates": [[[98.1231558, 13.9773088], [98.1232636, 13.9772775], [98.1232475, 13.9772254], [98.1231397, 13.9772568], [98.1231558, 13.9773088]]]}}, {"type": "Feature", "properties": {"osm_id": 508567123, "building": "yes"}, "geometry": {"type": "Polygon", "coordinates": [[[98.1230003, 13.9771318], [98.1231527, 13.977088], [98.1231312, 13.9770177], [98.1229788, 13.9770616], [98.1230003, 13.9771318]]]}}, {"type": "Feature", "properties": {"osm_id": 508567124, "building": "yes"}, "geometry": {"type": "Polygon", "coordinates": [[[98.123019, 13.977236], [98.1231735, 13.9771773], [98.1231493, 13.9771175], [98.1229949, 13.9771761], [98.123019, 13.977236]]]}}, {"type": "Feature", "properties": {"osm_id": 508567125, "building": "yes"}, "geometry": {"type": "Polygon", "coordinates": [[[98.1238183, 13.9817882], [98.123911, 13.9817713], [98.1238788, 13.9816048], [98.1237861, 13.9816216], [98.1238183, 13.9817882]]]}}, {"type": "Feature", "properties": {"osm_id": 508567126, "building": "yes"}, "geometry": {"type": "Polygon", "coordinates": [[[98.125248, 13.9822359], [98.1253424, 13.9822181], [98.1253103, 13.9820568], [98.1252158, 13.9820745], [98.125248, 13.9822359]]]}}, {"type": "Feature", "properties": {"osm_id": 508567127, "building": "yes"}, "geometry": {"type": "Polygon", "coordinates": [[[98.1255886, 13.9819808], [98.1256734, 13.9819675], [98.1256439, 13.9817905], [98.1255591, 13.9818038], [98.1255886, 13.9819808]]]}}, {"type": "Feature", "properties": {"osm_id": 508567128, "building": "yes"}, "geometry": {"type": "Polygon", "coordinates": [[[98.1253633, 13.9819704], [98.1254339, 13.9819609], [98.1254098, 13.9817917], [98.1253391, 13.9818012], [98.1253633, 13.9819704]]]}}, {"type": "Feature", "properties": {"osm_id": 508567129, "building": "yes"}, "geometry": {"type": "Polygon", "coordinates": [[[98.1255966, 13.9822775], [98.1257254, 13.9822621], [98.1256932, 13.9820096], [98.1255645, 13.982025], [98.1255966, 13.9822775]]]}}, {"type": "Feature", "properties": {"osm_id": 508567130, "building": "yes"}, "geometry": {"type": "Polygon", "coordinates": [[[98.1225443, 13.98025], [98.1226159, 13.9802175], [98.1225972, 13.9801785], [98.1225255, 13.9802109], [98.1225443, 13.98025]]]}}, {"type": "Feature", "properties": {"osm_id": 508567131, "building": "yes"}, "geometry": {"type": "Polygon", "coordinates": [[[98.1225684, 13.9803437], [98.1226727, 13.9802782], [98.1226432, 13.9802339], [98.1225389, 13.9802994], [98.1225684, 13.9803437]]]}}, {"type": "Feature", "properties": {"osm_id": 508567132, "building": "yes"}, "geometry": {"type": "Polygon", "coordinates": [[[98.1226408, 13.9804556], [98.1228125, 13.9803857], [98.1227776, 13.980305], [98.122606, 13.9803749], [98.1226408, 13.9804556]]]}}, {"type": "Feature", "properties": {"osm_id": 508567133, "building": "yes"}, "geometry": {"type": "Polygon", "coordinates": [[[98.1229332, 13.9800756], [98.1230485, 13.9799689], [98.1229988, 13.9799183], [98.1228835, 13.980025], [98.1229332, 13.9800756]]]}}, {"type": "Feature", "properties": {"osm_id": 508567135, "building": "yes"}, "geometry": {"type": "Polygon", "coordinates": [[[98.1203771, 13.9762391], [98.1205165, 13.9762391], [98.1205165, 13.9761818], [98.1203771, 13.9761818], [98.1203771, 13.9762391]]]}}, {"type": "Feature", "properties": {"osm_id": 508567136, "building": "yes"}, "geometry": {"type": "Polygon", "coordinates": [[[98.1204361, 13.9778658], [98.1205702, 13.977832], [98.120553, 13.9777678], [98.1204189, 13.9778016], [98.1204361, 13.9778658]]]}}, {"type": "Feature", "properties": {"osm_id": 508567137, "building": "yes"}, "geometry": {"type": "Polygon", "coordinates": [[[98.120361, 13.976744], [98.1204928, 13.9767588], [98.1205009, 13.9766911], [98.120369, 13.9766764], [98.120361, 13.976744]]]}}, {"type": "Feature", "properties": {"osm_id": 508567138, "building": "yes"}, "geometry": {"type": "Polygon", "coordinates": [[[98.1203529, 13.9768403], [98.1205167, 13.9768602], [98.1205247, 13.9767977], [98.120361, 13.9767779], [98.1203529, 13.9768403]]]}}, {"type": "Feature", "properties": {"osm_id": 508567139, "building": "yes"}, "geometry": {"type": "Polygon", "coordinates": [[[98.1187919, 13.9752604], [98.1189775, 13.9752542], [98.1189748, 13.9751787], [98.1187892, 13.9751849], [98.1187919, 13.9752604]]]}}, {"type": "Feature", "properties": {"osm_id": 508567140, "building": "yes"}, "geometry": {"type": "Polygon", "coordinates": [[[98.1190279, 13.9761011], [98.1191796, 13.9760913], [98.1191742, 13.9760132], [98.1190225, 13.9760231], [98.1190279, 13.9761011]]]}}, {"type": "Feature", "properties": {"osm_id": 508567141, "building": "yes"}, "geometry": {"type": "Polygon", "coordinates": [[[98.1190386, 13.9746592], [98.1191369, 13.9746662], [98.1191477, 13.9745257], [98.1190494, 13.9745186], [98.1190386, 13.9746592]]]}}, {"type": "Feature", "properties": {"osm_id": 508567142, "building": "yes"}, "geometry": {"type": "Polygon", "coordinates": [[[98.1217235, 13.9754114], [98.1218541, 13.9753916], [98.1218407, 13.9753083], [98.1217101, 13.9753281], [98.1217235, 13.9754114]]]}}, {"type": "Feature", "properties": {"osm_id": 508567143, "building": "yes"}, "geometry": {"type": "Polygon", "coordinates": [[[98.1233221, 13.9758617], [98.1234266, 13.9758632], [98.1234294, 13.9756847], [98.123325, 13.9756831], [98.1233221, 13.9758617]]]}}, {"type": "Feature", "properties": {"osm_id": 508567144, "building": "yes"}, "geometry": {"type": "Polygon", "coordinates": [[[98.1233275, 13.9760647], [98.1234158, 13.976066], [98.1234185, 13.9758968], [98.1233302, 13.9758955], [98.1233275, 13.9760647]]]}}, {"type": "Feature", "properties": {"osm_id": 508693754, "building": "yes"}, "geometry": {"type": "Polygon", "coordinates": [[[98.1519735, 13.9998922], [98.1520808, 13.9999052], [98.152094, 13.9998024], [98.1519867, 13.9997893], [98.1519735, 13.9998922]]]}}, {"type": "Feature", "properties": {"osm_id": 508693755, "building": "yes"}, "geometry": {"type": "Polygon", "coordinates": [[[98.1518528, 13.9998661], [98.151944, 13.9998739], [98.1519518, 13.9997878], [98.1518606, 13.99978], [98.1518528, 13.9998661]]]}}, {"type": "Feature", "properties": {"osm_id": 508698690, "building": "yes"}, "geometry": {"type": "Polygon", "coordinates": [[[98.1187744, 13.9906087], [98.1187811, 13.9905397], [98.1187401, 13.990536], [98.1187334, 13.990605], [98.1187744, 13.9906087]]]}}, {"type": "Feature", "properties": {"osm_id": 508698691, "building": "yes"}, "geometry": {"type": "Polygon", "coordinates": [[[98.1189542, 13.9908612], [98.1190333, 13.9908612], [98.1190333, 13.9908169], [98.1189542, 13.9908169], [98.1189542, 13.9908612]]]}}, {"type": "Feature", "properties": {"osm_id": 508698692, "building": "yes"}, "geometry": {"type": "Polygon", "coordinates": [[[98.1187342, 13.9908742], [98.1187959, 13.9908482], [98.118773, 13.9907971], [98.1187113, 13.9908231], [98.1187342, 13.9908742]]]}}, {"type": "Feature", "properties": {"osm_id": 508698706, "building": "yes"}, "geometry": {"type": "Polygon", "coordinates": [[[98.1364126, 14.0001706], [98.1365199, 14.0001277], [98.1364904, 14.0000583], [98.1363831, 14.0001012], [98.1364126, 14.0001706]]]}}, {"type": "Feature", "properties": {"osm_id": 508698707, "building": "yes"}, "geometry": {"type": "Polygon", "coordinates": [[[98.1388104, 13.9996642], [98.1388988, 13.9996653], [98.1389001, 13.9995664], [98.1388118, 13.9995653], [98.1388104, 13.9996642]]]}}, {"type": "Feature", "properties": {"osm_id": 508698708, "building": "yes"}, "geometry": {"type": "Polygon", "coordinates": [[[98.1401825, 13.9992285], [98.1402364, 13.9992234], [98.140227, 13.999131], [98.1401731, 13.9991361], [98.1401825, 13.9992285]]]}}, {"type": "Feature", "properties": {"osm_id": 508698719, "building": "yes"}, "geometry": {"type": "Polygon", "coordinates": [[[98.1445558, 13.9998141], [98.1446913, 13.9998102], [98.1446891, 13.9997374], [98.1445536, 13.9997413], [98.1445558, 13.9998141]]]}}, {"type": "Feature", "properties": {"osm_id": 508698721, "building": "yes"}, "geometry": {"type": "Polygon", "coordinates": [[[98.1441186, 14.0005493], [98.1442058, 14.000548], [98.1442053, 14.000514], [98.1441181, 14.0005153], [98.1441186, 14.0005493]]]}}, {"type": "Feature", "properties": {"osm_id": 508698722, "building": "yes"}, "geometry": {"type": "Polygon", "coordinates": [[[98.1441173, 14.0005038], [98.1442259, 14.0005103], [98.1442298, 14.0004489], [98.1441212, 14.0004423], [98.1441173, 14.0005038]]]}}, {"type": "Feature", "properties": {"osm_id": 508698723, "building": "yes"}, "geometry": {"type": "Polygon", "coordinates": [[[98.1446859, 14.0010919], [98.1447999, 14.0010919], [98.1447999, 14.0010425], [98.1446859, 14.0010425], [98.1446859, 14.0010919]]]}}, {"type": "Feature", "properties": {"osm_id": 508698724, "building": "yes"}, "geometry": {"type": "Polygon", "coordinates": [[[98.1441039, 14.0007614], [98.1442018, 14.0007627], [98.1442028, 14.0006874], [98.1441049, 14.0006861], [98.1441039, 14.0007614]]]}}, {"type": "Feature", "properties": {"osm_id": 508698726, "building": "yes"}, "geometry": {"type": "Polygon", "coordinates": [[[98.1440784, 14.0008538], [98.1440776, 14.0009111], [98.1441795, 14.0009124], [98.1441803, 14.0008551], [98.1440784, 14.0008538]]]}}, {"type": "Feature", "properties": {"osm_id": 508698727, "building": "yes"}, "geometry": {"type": "Polygon", "coordinates": [[[98.1438424, 14.0012038], [98.1439362, 14.0012168], [98.1439416, 14.0011806], [98.1438477, 14.0011676], [98.1438424, 14.0012038]]]}}, {"type": "Feature", "properties": {"osm_id": 508698729, "building": "yes"}, "geometry": {"type": "Polygon", "coordinates": [[[98.1438772, 14.0011492], [98.1439832, 14.0011648], [98.1439945, 14.0010927], [98.1438885, 14.0010771], [98.1438772, 14.0011492]]]}}, {"type": "Feature", "properties": {"osm_id": 508698730, "building": "yes"}, "geometry": {"type": "Polygon", "coordinates": [[[98.1442286, 14.0012754], [98.1442863, 14.0012949], [98.1443076, 14.0012355], [98.14425, 14.001216], [98.1442286, 14.0012754]]]}}, {"type": "Feature", "properties": {"osm_id": 508698732, "building": "yes"}, "geometry": {"type": "Polygon", "coordinates": [[[98.1441106, 14.0013301], [98.1441052, 14.001387], [98.1442219, 14.0013974], [98.1442273, 14.0013405], [98.1441106, 14.0013301]]]}}, {"type": "Feature", "properties": {"osm_id": 508698734, "building": "yes"}, "geometry": {"type": "Polygon", "coordinates": [[[98.1444848, 14.0015057], [98.1445317, 14.0015044], [98.1445304, 14.0014603], [98.1444835, 14.0014616], [98.1444848, 14.0015057]]]}}, {"type": "Feature", "properties": {"osm_id": 508698736, "building": "yes"}, "geometry": {"type": "Polygon", "coordinates": [[[98.1441736, 14.0014263], [98.1441638, 14.0014625], [98.1442966, 14.0014963], [98.1443064, 14.0014602], [98.1441736, 14.0014263]]]}}, {"type": "Feature", "properties": {"osm_id": 508698737, "building": "yes"}, "geometry": {"type": "Polygon", "coordinates": [[[98.1440301, 14.0015461], [98.1440301, 14.0016098], [98.1441361, 14.0016098], [98.1441361, 14.0015461], [98.1440301, 14.0015461]]]}}, {"type": "Feature", "properties": {"osm_id": 508698739, "building": "yes"}, "geometry": {"type": "Polygon", "coordinates": [[[98.1438665, 14.0022149], [98.1438659, 14.0022709], [98.1440041, 14.0022722], [98.1440046, 14.0022162], [98.1438665, 14.0022149]]]}}, {"type": "Feature", "properties": {"osm_id": 508698740, "building": "yes"}, "geometry": {"type": "Polygon", "coordinates": [[[98.1429344, 14.0035656], [98.1430417, 14.003563], [98.14304, 14.0034969], [98.1429327, 14.0034995], [98.1429344, 14.0035656]]]}}, {"type": "Feature", "properties": {"osm_id": 508698742, "building": "yes"}, "geometry": {"type": "Polygon", "coordinates": [[[98.1432563, 14.0026769], [98.1432551, 14.0027408], [98.1433972, 14.0027434], [98.1433985, 14.0026795], [98.1432563, 14.0026769]]]}}, {"type": "Feature", "properties": {"osm_id": 508698743, "building": "yes"}, "geometry": {"type": "Polygon", "coordinates": [[[98.1437109, 14.0026612], [98.1437981, 14.0026599], [98.1437972, 14.0026029], [98.14371, 14.0026042], [98.1437109, 14.0026612]]]}}, {"type": "Feature", "properties": {"osm_id": 508698744, "building": "yes"}, "geometry": {"type": "Polygon", "coordinates": [[[98.1436172, 14.0030463], [98.1437285, 14.0030645], [98.143741, 14.0029926], [98.1436297, 14.0029744], [98.1436172, 14.0030463]]]}}, {"type": "Feature", "properties": {"osm_id": 508698746, "building": "yes"}, "geometry": {"type": "Polygon", "coordinates": [[[98.1444083, 14.0019117], [98.1445089, 14.0019052], [98.1445043, 14.0018379], [98.1444037, 14.0018444], [98.1444083, 14.0019117]]]}}, {"type": "Feature", "properties": {"osm_id": 508698747, "building": "yes"}, "geometry": {"type": "Polygon", "coordinates": [[[98.1448227, 14.0021694], [98.1449058, 14.0021715], [98.1449085, 14.0020713], [98.1448254, 14.0020692], [98.1448227, 14.0021694]]]}}, {"type": "Feature", "properties": {"osm_id": 508698749, "building": "yes"}, "geometry": {"type": "Polygon", "coordinates": [[[98.1447221, 14.0022891], [98.1447919, 14.0022891], [98.1447919, 14.0022461], [98.1447221, 14.0022461], [98.1447221, 14.0022891]]]}}, {"type": "Feature", "properties": {"osm_id": 508698751, "building": "yes"}, "geometry": {"type": "Polygon", "coordinates": [[[98.144466, 14.0028226], [98.1445786, 14.0028343], [98.1445854, 14.0027732], [98.1444727, 14.0027614], [98.144466, 14.0028226]]]}}, {"type": "Feature", "properties": {"osm_id": 508698752, "building": "yes"}, "geometry": {"type": "Polygon", "coordinates": [[[98.144297, 14.0033548], [98.1444043, 14.0033509], [98.144402, 14.0032917], [98.1442947, 14.0032956], [98.144297, 14.0033548]]]}}, {"type": "Feature", "properties": {"osm_id": 508698754, "building": "yes"}, "geometry": {"type": "Polygon", "coordinates": [[[98.1446148, 14.0037166], [98.1447262, 14.0037153], [98.1447253, 14.0036451], [98.144614, 14.0036464], [98.1446148, 14.0037166]]]}}, {"type": "Feature", "properties": {"osm_id": 508698755, "building": "yes"}, "geometry": {"type": "Polygon", "coordinates": [[[98.1442125, 14.0041629], [98.1443077, 14.0041486], [98.1442969, 14.0040808], [98.1442017, 14.0040951], [98.1442125, 14.0041629]]]}}, {"type": "Feature", "properties": {"osm_id": 508698757, "building": "yes"}, "geometry": {"type": "Polygon", "coordinates": [[[98.1438772, 14.0045533], [98.1439671, 14.0045376], [98.1439584, 14.0044907], [98.1438686, 14.0045063], [98.1438772, 14.0045533]]]}}, {"type": "Feature", "properties": {"osm_id": 508698758, "building": "yes"}, "geometry": {"type": "Polygon", "coordinates": [[[98.1439108, 14.0047003], [98.1440073, 14.0046769], [98.1439858, 14.0045933], [98.1438892, 14.0046167], [98.1439108, 14.0047003]]]}}, {"type": "Feature", "properties": {"osm_id": 508700544, "building": "yes"}, "geometry": {"type": "Polygon", "coordinates": [[[98.1455402, 14.0086105], [98.1455813, 14.0085723], [98.1455235, 14.0085137], [98.1454824, 14.0085519], [98.1455402, 14.0086105]]]}}, {"type": "Feature", "properties": {"osm_id": 508700545, "building": "yes"}, "geometry": {"type": "Polygon", "coordinates": [[[98.1451406, 14.0064661], [98.1451591, 14.0065366], [98.1452389, 14.0065168], [98.1452203, 14.0064463], [98.1451406, 14.0064661]]]}}, {"type": "Feature", "properties": {"osm_id": 508700546, "building": "yes"}, "geometry": {"type": "Polygon", "coordinates": [[[98.1457159, 14.0070607], [98.1457371, 14.0071139], [98.1458036, 14.007089], [98.1457823, 14.0070358], [98.1457159, 14.0070607]]]}}, {"type": "Feature", "properties": {"osm_id": 508700547, "building": "yes"}, "geometry": {"type": "Polygon", "coordinates": [[[98.1457615, 14.007429], [98.1457466, 14.0073548], [98.1456876, 14.007366], [98.1457025, 14.0074401], [98.1457615, 14.007429]]]}}, {"type": "Feature", "properties": {"osm_id": 508700548, "building": "yes"}, "geometry": {"type": "Polygon", "coordinates": [[[98.145795, 14.0073899], [98.1458605, 14.0073805], [98.1458536, 14.0073357], [98.1457881, 14.0073451], [98.145795, 14.0073899]]]}}, {"type": "Feature", "properties": {"osm_id": 508700549, "building": "yes"}, "geometry": {"type": "Polygon", "coordinates": [[[98.14585, 14.0075058], [98.1459118, 14.0075079], [98.1459132, 14.007468], [98.1458515, 14.0074659], [98.14585, 14.0075058]]]}}, {"type": "Feature", "properties": {"osm_id": 508700550, "building": "yes"}, "geometry": {"type": "Polygon", "coordinates": [[[98.1455281, 14.0073327], [98.1456146, 14.0073202], [98.1456069, 14.0072699], [98.1455204, 14.0072824], [98.1455281, 14.0073327]]]}}, {"type": "Feature", "properties": {"osm_id": 508850497, "building": "yes"}, "geometry": {"type": "Polygon", "coordinates": [[[98.121458, 13.9749221], [98.1216079, 13.9748956], [98.1215918, 13.9748097], [98.1214419, 13.9748362], [98.121458, 13.9749221]]]}}, {"type": "Feature", "properties": {"osm_id": 508850498, "building": "yes"}, "geometry": {"type": "Polygon", "coordinates": [[[98.1209645, 13.975047], [98.1210492, 13.9750291], [98.1210358, 13.9749693], [98.1209511, 13.9749871], [98.1209645, 13.975047]]]}}, {"type": "Feature", "properties": {"osm_id": 508850499, "building": "yes"}, "geometry": {"type": "Polygon", "coordinates": [[[98.1211254, 13.9753021], [98.1212082, 13.9752894], [98.1212001, 13.9752399], [98.1211174, 13.9752526], [98.1211254, 13.9753021]]]}}, {"type": "Feature", "properties": {"osm_id": 508850500, "building": "yes"}, "geometry": {"type": "Polygon", "coordinates": [[[98.1210825, 13.9754114], [98.1211683, 13.9753958], [98.1211603, 13.9753541], [98.1210744, 13.9753697], [98.1210825, 13.9754114]]]}}, {"type": "Feature", "properties": {"osm_id": 508850501, "building": "yes"}, "geometry": {"type": "Polygon", "coordinates": [[[98.1209618, 13.975781], [98.1210503, 13.975781], [98.1210503, 13.9757419], [98.1209618, 13.9757419], [98.1209618, 13.975781]]]}}, {"type": "Feature", "properties": {"osm_id": 508850502, "building": "yes"}, "geometry": {"type": "Polygon", "coordinates": [[[98.1220695, 13.9760673], [98.1221414, 13.9760634], [98.1221361, 13.9759697], [98.1220642, 13.9759736], [98.1220695, 13.9760673]]]}}, {"type": "Feature", "properties": {"osm_id": 508850503, "building": "yes"}, "geometry": {"type": "Polygon", "coordinates": [[[98.1219622, 13.9760569], [98.1220422, 13.976053], [98.1220369, 13.9759489], [98.1219569, 13.9759528], [98.1219622, 13.9760569]]]}}, {"type": "Feature", "properties": {"osm_id": 508850504, "building": "yes"}, "geometry": {"type": "Polygon", "coordinates": [[[98.1220052, 13.9758955], [98.1221312, 13.9758955], [98.1221312, 13.975807], [98.1220052, 13.975807], [98.1220052, 13.9758955]]]}}, {"type": "Feature", "properties": {"osm_id": 508850505, "building": "yes"}, "geometry": {"type": "Polygon", "coordinates": [[[98.1220561, 13.9756925], [98.1221535, 13.975681], [98.12214, 13.9755743], [98.1220427, 13.9755858], [98.1220561, 13.9756925]]]}}, {"type": "Feature", "properties": {"osm_id": 508850506, "building": "yes"}, "geometry": {"type": "Polygon", "coordinates": [[[98.1218442, 13.9756248], [98.1219345, 13.9755943], [98.1219131, 13.9755345], [98.1218228, 13.975565], [98.1218442, 13.9756248]]]}}, {"type": "Feature", "properties": {"osm_id": 508850507, "building": "yes"}, "geometry": {"type": "Polygon", "coordinates": [[[98.1216162, 13.9757732], [98.1216667, 13.9757601], [98.1216452, 13.9756821], [98.1215948, 13.9756951], [98.1216162, 13.9757732]]]}}, {"type": "Feature", "properties": {"osm_id": 508850508, "building": "yes"}, "geometry": {"type": "Polygon", "coordinates": [[[98.1216431, 13.9756743], [98.1217035, 13.9756672], [98.1216954, 13.9756022], [98.121635, 13.9756092], [98.1216431, 13.9756743]]]}}, {"type": "Feature", "properties": {"osm_id": 508850509, "building": "yes"}, "geometry": {"type": "Polygon", "coordinates": [[[98.1217235, 13.9757498], [98.121764, 13.9757376], [98.1217399, 13.9756621], [98.1216994, 13.9756743], [98.1217235, 13.9757498]]]}}, {"type": "Feature", "properties": {"osm_id": 508850510, "building": "yes"}, "geometry": {"type": "Polygon", "coordinates": [[[98.1217772, 13.9759892], [98.121865, 13.9759844], [98.1218569, 13.9758464], [98.1217691, 13.9758513], [98.1217772, 13.9759892]]]}}, {"type": "Feature", "properties": {"osm_id": 508850511, "building": "yes"}, "geometry": {"type": "Polygon", "coordinates": [[[98.1216136, 13.9759996], [98.121692, 13.9759947], [98.1216812, 13.9758333], [98.1216028, 13.9758383], [98.1216136, 13.9759996]]]}}, {"type": "Feature", "properties": {"osm_id": 508850512, "building": "yes"}, "geometry": {"type": "Polygon", "coordinates": [[[98.1214848, 13.9759684], [98.1215405, 13.9759653], [98.1215324, 13.9758299], [98.1214768, 13.975833], [98.1214848, 13.9759684]]]}}, {"type": "Feature", "properties": {"osm_id": 508850513, "building": "yes"}, "geometry": {"type": "Polygon", "coordinates": [[[98.1214124, 13.9759658], [98.1214552, 13.9759639], [98.1214499, 13.9758519], [98.121407, 13.9758539], [98.1214124, 13.9759658]]]}}, {"type": "Feature", "properties": {"osm_id": 508850514, "building": "yes"}, "geometry": {"type": "Polygon", "coordinates": [[[98.1213051, 13.975971], [98.1213816, 13.9759697], [98.1213802, 13.9758903], [98.1213037, 13.9758916], [98.1213051, 13.975971]]]}}, {"type": "Feature", "properties": {"osm_id": 508850515, "building": "yes"}, "geometry": {"type": "Polygon", "coordinates": [[[98.1211898, 13.9759632], [98.1212563, 13.9759621], [98.1212541, 13.9758383], [98.1211876, 13.9758393], [98.1211898, 13.9759632]]]}}, {"type": "Feature", "properties": {"osm_id": 508850516, "building": "yes"}, "geometry": {"type": "Polygon", "coordinates": [[[98.1210959, 13.9759502], [98.1211542, 13.9759492], [98.1211522, 13.9758383], [98.121094, 13.9758392], [98.1210959, 13.9759502]]]}}, {"type": "Feature", "properties": {"osm_id": 508850517, "building": "yes"}, "geometry": {"type": "Polygon", "coordinates": [[[98.1211495, 13.9755519], [98.1212159, 13.9755437], [98.1211998, 13.9754214], [98.1211334, 13.9754296], [98.1211495, 13.9755519]]]}}, {"type": "Feature", "properties": {"osm_id": 508850518, "building": "yes"}, "geometry": {"type": "Polygon", "coordinates": [[[98.1209993, 13.9751797], [98.1211907, 13.9751403], [98.1211737, 13.9750626], [98.1209823, 13.9751021], [98.1209993, 13.9751797]]]}}, {"type": "Feature", "properties": {"osm_id": 508850520, "building": "yes"}, "geometry": {"type": "Polygon", "coordinates": [[[98.1217048, 13.9752396], [98.1218197, 13.9752298], [98.1218116, 13.9751413], [98.1216967, 13.9751511], [98.1217048, 13.9752396]]]}}, {"type": "Feature", "properties": {"osm_id": 508850521, "building": "yes"}, "geometry": {"type": "Polygon", "coordinates": [[[98.1220132, 13.9750288], [98.1220694, 13.9750269], [98.1220667, 13.9749514], [98.1220105, 13.9749533], [98.1220132, 13.9750288]]]}}, {"type": "Feature", "properties": {"osm_id": 508850522, "building": "yes"}, "geometry": {"type": "Polygon", "coordinates": [[[98.1224772, 13.9745577], [98.1225508, 13.9745211], [98.1224918, 13.9744092], [98.1224182, 13.9744457], [98.1224772, 13.9745577]]]}}, {"type": "Feature", "properties": {"osm_id": 508850523, "building": "yes"}, "geometry": {"type": "Polygon", "coordinates": [[[98.1224209, 13.9746279], [98.1224597, 13.9746024], [98.1224034, 13.9745218], [98.1223646, 13.9745473], [98.1224209, 13.9746279]]]}}, {"type": "Feature", "properties": {"osm_id": 508850524, "building": "yes"}, "geometry": {"type": "Polygon", "coordinates": [[[98.1223351, 13.974693], [98.1223841, 13.974673], [98.1223412, 13.9745741], [98.1222922, 13.9745941], [98.1223351, 13.974693]]]}}, {"type": "Feature", "properties": {"osm_id": 508850525, "building": "yes"}, "geometry": {"type": "Polygon", "coordinates": [[[98.1222492, 13.9747399], [98.1223089, 13.9747188], [98.122266, 13.9746043], [98.1222063, 13.9746253], [98.1222492, 13.9747399]]]}}, {"type": "Feature", "properties": {"osm_id": 508850526, "building": "yes"}, "geometry": {"type": "Polygon", "coordinates": [[[98.1225684, 13.97487], [98.1226274, 13.9748127], [98.1225443, 13.9747321], [98.1224853, 13.9747893], [98.1225684, 13.97487]]]}}, {"type": "Feature", "properties": {"osm_id": 508850527, "building": "yes"}, "geometry": {"type": "Polygon", "coordinates": [[[98.1223217, 13.9750314], [98.122376, 13.9749937], [98.1223089, 13.9749026], [98.1222546, 13.9749403], [98.1223217, 13.9750314]]]}}, {"type": "Feature", "properties": {"osm_id": 508850528, "building": "yes"}, "geometry": {"type": "Polygon", "coordinates": [[[98.122201, 13.9752813], [98.1222793, 13.9752762], [98.1222712, 13.9751591], [98.1221929, 13.9751641], [98.122201, 13.9752813]]]}}, {"type": "Feature", "properties": {"osm_id": 508850529, "building": "yes"}, "geometry": {"type": "Polygon", "coordinates": [[[98.1222492, 13.9753984], [98.122357, 13.9754075], [98.1223624, 13.9753476], [98.1222546, 13.9753385], [98.1222492, 13.9753984]]]}}, {"type": "Feature", "properties": {"osm_id": 508850530, "building": "yes"}, "geometry": {"type": "Polygon", "coordinates": [[[98.1224638, 13.9756326], [98.1225362, 13.9756326], [98.1225362, 13.9755624], [98.1224638, 13.9755624], [98.1224638, 13.9756326]]]}}, {"type": "Feature", "properties": {"osm_id": 508850531, "building": "yes"}, "geometry": {"type": "Polygon", "coordinates": [[[98.1224424, 13.9754374], [98.1225604, 13.9754374], [98.1225604, 13.9753906], [98.1224424, 13.9753906], [98.1224424, 13.9754374]]]}}, {"type": "Feature", "properties": {"osm_id": 508850532, "building": "yes"}, "geometry": {"type": "Polygon", "coordinates": [[[98.1222439, 13.9756066], [98.1223546, 13.9755994], [98.1223492, 13.9755214], [98.1222385, 13.9755285], [98.1222439, 13.9756066]]]}}, {"type": "Feature", "properties": {"osm_id": 508850533, "building": "yes"}, "geometry": {"type": "Polygon", "coordinates": [[[98.1222224, 13.9757263], [98.1223692, 13.9757305], [98.1223719, 13.975642], [98.1222251, 13.9756378], [98.1222224, 13.9757263]]]}}, {"type": "Feature", "properties": {"osm_id": 508850534, "building": "yes"}, "geometry": {"type": "Polygon", "coordinates": [[[98.122429, 13.9757836], [98.1225281, 13.9757859], [98.1225308, 13.9756792], [98.1224316, 13.9756769], [98.122429, 13.9757836]]]}}, {"type": "Feature", "properties": {"osm_id": 508850535, "building": "yes"}, "geometry": {"type": "Polygon", "coordinates": [[[98.1222144, 13.9759944], [98.1223725, 13.9759899], [98.1223698, 13.9759014], [98.1222117, 13.9759059], [98.1222144, 13.9759944]]]}}, {"type": "Feature", "properties": {"osm_id": 508850536, "building": "yes"}, "geometry": {"type": "Polygon", "coordinates": [[[98.1225362, 13.975958], [98.1226172, 13.9759493], [98.1226065, 13.9758556], [98.1225255, 13.9758643], [98.1225362, 13.975958]]]}}, {"type": "Feature", "properties": {"osm_id": 508850537, "building": "yes"}, "geometry": {"type": "Polygon", "coordinates": [[[98.1223538, 13.9766946], [98.1224257, 13.9766882], [98.1224176, 13.9766023], [98.1223458, 13.9766087], [98.1223538, 13.9766946]]]}}, {"type": "Feature", "properties": {"osm_id": 508850538, "building": "yes"}, "geometry": {"type": "Polygon", "coordinates": [[[98.1224906, 13.9761766], [98.1225661, 13.9761739], [98.1225635, 13.9761036], [98.122488, 13.9761063], [98.1224906, 13.9761766]]]}}, {"type": "Feature", "properties": {"osm_id": 508850539, "building": "yes"}, "geometry": {"type": "Polygon", "coordinates": [[[98.1222197, 13.976325], [98.1223297, 13.976325], [98.1223297, 13.9762547], [98.1222197, 13.9762547], [98.1222197, 13.976325]]]}}, {"type": "Feature", "properties": {"osm_id": 508850540, "building": "yes"}, "geometry": {"type": "Polygon", "coordinates": [[[98.1222439, 13.9764005], [98.1223646, 13.9763874], [98.1223588, 13.9763372], [98.1222381, 13.9763502], [98.1222439, 13.9764005]]]}}, {"type": "Feature", "properties": {"osm_id": 508850541, "building": "yes"}, "geometry": {"type": "Polygon", "coordinates": [[[98.1222466, 13.976489], [98.1223941, 13.9764681], [98.1223849, 13.976407], [98.1222374, 13.9764278], [98.1222466, 13.976489]]]}}, {"type": "Feature", "properties": {"osm_id": 508850542, "building": "yes"}, "geometry": {"type": "Polygon", "coordinates": [[[98.1225765, 13.9764577], [98.1226274, 13.9764577], [98.1226274, 13.9763822], [98.1225765, 13.9763822], [98.1225765, 13.9764577]]]}}, {"type": "Feature", "properties": {"osm_id": 508850543, "building": "yes"}, "geometry": {"type": "Polygon", "coordinates": [[[98.1227347, 13.9762365], [98.1228362, 13.976243], [98.1228416, 13.976165], [98.1227401, 13.9761584], [98.1227347, 13.9762365]]]}}, {"type": "Feature", "properties": {"osm_id": 508850544, "building": "yes"}, "geometry": {"type": "Polygon", "coordinates": [[[98.1229064, 13.9762079], [98.1229734, 13.9762064], [98.1229707, 13.9760944], [98.1229037, 13.9760959], [98.1229064, 13.9762079]]]}}, {"type": "Feature", "properties": {"osm_id": 508850545, "building": "yes"}, "geometry": {"type": "Polygon", "coordinates": [[[98.1228366, 13.9766035], [98.1229404, 13.9765793], [98.1229243, 13.9765142], [98.1228206, 13.9765384], [98.1228366, 13.9766035]]]}}, {"type": "Feature", "properties": {"osm_id": 508850546, "building": "yes"}, "geometry": {"type": "Polygon", "coordinates": [[[98.1229547, 13.9765722], [98.1230136, 13.9765707], [98.1230109, 13.976477], [98.122952, 13.9764785], [98.1229547, 13.9765722]]]}}, {"type": "Feature", "properties": {"osm_id": 508850547, "building": "yes"}, "geometry": {"type": "Polygon", "coordinates": [[[98.1228098, 13.9767362], [98.1228742, 13.9767362], [98.1228742, 13.9766738], [98.1228098, 13.9766738], [98.1228098, 13.9767362]]]}}, {"type": "Feature", "properties": {"osm_id": 508850548, "building": "yes"}, "geometry": {"type": "Polygon", "coordinates": [[[98.1227481, 13.9769523], [98.122834, 13.9769523], [98.122834, 13.9768169], [98.1227481, 13.9768169], [98.1227481, 13.9769523]]]}}, {"type": "Feature", "properties": {"osm_id": 508850549, "building": "yes"}, "geometry": {"type": "Polygon", "coordinates": [[[98.1228474, 13.9770251], [98.1229224, 13.9770236], [98.1229197, 13.9768987], [98.1228447, 13.9769002], [98.1228474, 13.9770251]]]}}, {"type": "Feature", "properties": {"osm_id": 508850550, "building": "yes"}, "geometry": {"type": "Polygon", "coordinates": [[[98.1229359, 13.9770355], [98.1230175, 13.9770416], [98.1230256, 13.9769401], [98.1229439, 13.976934], [98.1229359, 13.9770355]]]}}, {"type": "Feature", "properties": {"osm_id": 508850551, "building": "yes"}, "geometry": {"type": "Polygon", "coordinates": [[[98.1229815, 13.9768273], [98.1230485, 13.9768273], [98.1230485, 13.9767154], [98.1229815, 13.9767154], [98.1229815, 13.9768273]]]}}, {"type": "Feature", "properties": {"osm_id": 508850552, "building": "yes"}, "geometry": {"type": "Polygon", "coordinates": [[[98.123019, 13.9766503], [98.1231397, 13.9766399], [98.1231321, 13.976557], [98.1230114, 13.9765675], [98.123019, 13.9766503]]]}}, {"type": "Feature", "properties": {"osm_id": 508850553, "building": "yes"}, "geometry": {"type": "Polygon", "coordinates": [[[98.123121, 13.9768429], [98.1232018, 13.9768375], [98.1231937, 13.9767255], [98.1231129, 13.976731], [98.123121, 13.9768429]]]}}, {"type": "Feature", "properties": {"osm_id": 508850554, "building": "yes"}, "geometry": {"type": "Polygon", "coordinates": [[[98.1232363, 13.9768273], [98.1233142, 13.9768206], [98.1233035, 13.9767035], [98.1232256, 13.9767102], [98.1232363, 13.9768273]]]}}, {"type": "Feature", "properties": {"osm_id": 508850555, "building": "yes"}, "geometry": {"type": "Polygon", "coordinates": [[[98.1232363, 13.9769939], [98.1233251, 13.9769312], [98.1232822, 13.9768739], [98.1231934, 13.9769366], [98.1232363, 13.9769939]]]}}, {"type": "Feature", "properties": {"osm_id": 508850556, "building": "yes"}, "geometry": {"type": "Polygon", "coordinates": [[[98.1233221, 13.9770928], [98.1233974, 13.9770631], [98.1233679, 13.9769928], [98.1232926, 13.9770225], [98.1233221, 13.9770928]]]}}, {"type": "Feature", "properties": {"osm_id": 508850557, "building": "yes"}, "geometry": {"type": "Polygon", "coordinates": [[[98.1233731, 13.9771813], [98.1234792, 13.9771246], [98.1234497, 13.9770726], [98.1233436, 13.9771292], [98.1233731, 13.9771813]]]}}, {"type": "Feature", "properties": {"osm_id": 508850558, "building": "yes"}, "geometry": {"type": "Polygon", "coordinates": [[[98.1233919, 13.977275], [98.1235063, 13.9772296], [98.1234822, 13.9771723], [98.1233677, 13.9772177], [98.1233919, 13.977275]]]}}, {"type": "Feature", "properties": {"osm_id": 508850559, "building": "yes"}, "geometry": {"type": "Polygon", "coordinates": [[[98.1239042, 13.9774155], [98.1239525, 13.9774113], [98.1239472, 13.977354], [98.1238988, 13.9773583], [98.1239042, 13.9774155]]]}}, {"type": "Feature", "properties": {"osm_id": 508850560, "building": "yes"}, "geometry": {"type": "Polygon", "coordinates": [[[98.1235555, 13.9776498], [98.1238532, 13.977629], [98.1238439, 13.9775039], [98.1235462, 13.9775248], [98.1235555, 13.9776498]]]}}, {"type": "Feature", "properties": {"osm_id": 508850561, "building": "yes"}, "geometry": {"type": "Polygon", "coordinates": [[[98.1239417, 13.9776993], [98.1240193, 13.9776953], [98.1240139, 13.9775964], [98.1239364, 13.9776003], [98.1239417, 13.9776993]]]}}, {"type": "Feature", "properties": {"osm_id": 508850562, "building": "yes"}, "geometry": {"type": "Polygon", "coordinates": [[[98.1237432, 13.9777669], [98.1238141, 13.97776], [98.1238088, 13.977708], [98.1237379, 13.9777149], [98.1237432, 13.9777669]]]}}, {"type": "Feature", "properties": {"osm_id": 508850563, "building": "yes"}, "geometry": {"type": "Polygon", "coordinates": [[[98.1244701, 13.9784957], [98.1245502, 13.9784979], [98.1245529, 13.9784068], [98.1244728, 13.9784046], [98.1244701, 13.9784957]]]}}, {"type": "Feature", "properties": {"osm_id": 508850564, "building": "yes"}, "geometry": {"type": "Polygon", "coordinates": [[[98.1243038, 13.9784697], [98.1243685, 13.9784677], [98.1243658, 13.978387], [98.1243011, 13.978389], [98.1243038, 13.9784697]]]}}, {"type": "Feature", "properties": {"osm_id": 508850565, "building": "yes"}, "geometry": {"type": "Polygon", "coordinates": [[[98.1242019, 13.9784593], [98.1242582, 13.9784593], [98.1242582, 13.9783682], [98.1242019, 13.9783682], [98.1242019, 13.9784593]]]}}, {"type": "Feature", "properties": {"osm_id": 508850566, "building": "yes"}, "geometry": {"type": "Polygon", "coordinates": [[[98.1240731, 13.978428], [98.1241375, 13.978428], [98.1241375, 13.9783135], [98.1240731, 13.9783135], [98.1240731, 13.978428]]]}}, {"type": "Feature", "properties": {"osm_id": 508850567, "building": "yes"}, "geometry": {"type": "Polygon", "coordinates": [[[98.1238639, 13.9784176], [98.1239265, 13.9784152], [98.1239211, 13.9782825], [98.1238586, 13.9782849], [98.1238639, 13.9784176]]]}}, {"type": "Feature", "properties": {"osm_id": 508850568, "building": "yes"}, "geometry": {"type": "Polygon", "coordinates": [[[98.123526, 13.9783499], [98.1235849, 13.978344], [98.1235715, 13.9782191], [98.1235126, 13.978225], [98.123526, 13.9783499]]]}}, {"type": "Feature", "properties": {"osm_id": 508850569, "building": "yes"}, "geometry": {"type": "Polygon", "coordinates": [[[98.1234401, 13.9783838], [98.1234967, 13.9783789], [98.1234833, 13.9782331], [98.1234267, 13.978238], [98.1234401, 13.9783838]]]}}, {"type": "Feature", "properties": {"osm_id": 508850570, "building": "yes"}, "geometry": {"type": "Polygon", "coordinates": [[[98.123247, 13.9782875], [98.1233128, 13.9782854], [98.1233102, 13.9782073], [98.1232443, 13.9782094], [98.123247, 13.9782875]]]}}, {"type": "Feature", "properties": {"osm_id": 508850572, "building": "yes"}, "geometry": {"type": "Polygon", "coordinates": [[[98.1231451, 13.9783942], [98.1232284, 13.9783929], [98.1232258, 13.9782341], [98.1231424, 13.9782354], [98.1231451, 13.9783942]]]}}, {"type": "Feature", "properties": {"osm_id": 508850574, "building": "yes"}, "geometry": {"type": "Polygon", "coordinates": [[[98.1229252, 13.9783265], [98.1230081, 13.9783301], [98.1230135, 13.978213], [98.1229305, 13.9782094], [98.1229252, 13.9783265]]]}}, {"type": "Feature", "properties": {"osm_id": 508850576, "building": "yes"}, "geometry": {"type": "Polygon", "coordinates": [[[98.1220615, 13.9782354], [98.1221339, 13.9782335], [98.1221312, 13.9781372], [98.1220588, 13.9781391], [98.1220615, 13.9782354]]]}}, {"type": "Feature", "properties": {"osm_id": 508850578, "building": "yes"}, "geometry": {"type": "Polygon", "coordinates": [[[98.1216618, 13.9781834], [98.1217397, 13.9781868], [98.1217451, 13.9780723], [98.1216672, 13.9780688], [98.1216618, 13.9781834]]]}}, {"type": "Feature", "properties": {"osm_id": 508850580, "building": "yes"}, "geometry": {"type": "Polygon", "coordinates": [[[98.1224155, 13.9785894], [98.1225014, 13.9784957], [98.1224476, 13.9784493], [98.1223618, 13.978543], [98.1224155, 13.9785894]]]}}, {"type": "Feature", "properties": {"osm_id": 508850586, "building": "yes"}, "geometry": {"type": "Polygon", "coordinates": [[[98.1226757, 13.9786467], [98.1227533, 13.9785579], [98.1226648, 13.9784851], [98.1225872, 13.9785738], [98.1226757, 13.9786467]]]}}, {"type": "Feature", "properties": {"osm_id": 508850588, "building": "yes"}, "geometry": {"type": "Polygon", "coordinates": [[[98.1225121, 13.9788132], [98.1226028, 13.978722], [98.1225277, 13.9786517], [98.122437, 13.978743], [98.1225121, 13.9788132]]]}}, {"type": "Feature", "properties": {"osm_id": 508850590, "building": "yes"}, "geometry": {"type": "Polygon", "coordinates": [[[98.1223136, 13.9789954], [98.1224008, 13.9789108], [98.1223364, 13.9788484], [98.1222492, 13.978933], [98.1223136, 13.9789954]]]}}, {"type": "Feature", "properties": {"osm_id": 508850591, "building": "yes"}, "geometry": {"type": "Polygon", "coordinates": [[[98.1221259, 13.9799272], [98.122213, 13.9798426], [98.1221648, 13.9797958], [98.1220776, 13.9798804], [98.1221259, 13.9799272]]]}}, {"type": "Feature", "properties": {"osm_id": 508850593, "building": "yes"}, "geometry": {"type": "Polygon", "coordinates": [[[98.1217986, 13.9798439], [98.1219205, 13.979731], [98.1218642, 13.9796738], [98.1217423, 13.9797867], [98.1217986, 13.9798439]]]}}, {"type": "Feature", "properties": {"osm_id": 508850594, "building": "yes"}, "geometry": {"type": "Polygon", "coordinates": [[[98.1216726, 13.9797685], [98.1218311, 13.9796246], [98.1217533, 13.9795439], [98.1215948, 13.9796878], [98.1216726, 13.9797685]]]}}, {"type": "Feature", "properties": {"osm_id": 508850596, "building": "yes"}, "geometry": {"type": "Polygon", "coordinates": [[[98.1226891, 13.9798205], [98.1227964, 13.9797294], [98.1227496, 13.9796775], [98.1226423, 13.9797686], [98.1226891, 13.9798205]]]}}, {"type": "Feature", "properties": {"osm_id": 508851303, "building": "yes"}, "geometry": {"type": "Polygon", "coordinates": [[[98.1226918, 13.9769236], [98.1227267, 13.9769236], [98.1227267, 13.9768221], [98.1226918, 13.9768221], [98.1226918, 13.9769236]]]}}, {"type": "Feature", "properties": {"osm_id": 508851304, "building": "yes"}, "geometry": {"type": "Polygon", "coordinates": [[[98.1226006, 13.9769288], [98.1226623, 13.9769235], [98.1226516, 13.9768064], [98.1225899, 13.9768117], [98.1226006, 13.9769288]]]}}, {"type": "Feature", "properties": {"osm_id": 508851305, "building": "yes"}, "geometry": {"type": "Polygon", "coordinates": [[[98.1225041, 13.9769444], [98.1225527, 13.9769461], [98.1225581, 13.9767951], [98.1225094, 13.9767935], [98.1225041, 13.9769444]]]}}, {"type": "Feature", "properties": {"osm_id": 508851306, "building": "yes"}, "geometry": {"type": "Polygon", "coordinates": [[[98.1223163, 13.9769392], [98.1223963, 13.9769377], [98.1223936, 13.9768024], [98.1223136, 13.9768039], [98.1223163, 13.9769392]]]}}, {"type": "Feature", "properties": {"osm_id": 508851307, "building": "yes"}, "geometry": {"type": "Polygon", "coordinates": [[[98.121922, 13.9770147], [98.1219976, 13.9770242], [98.1220083, 13.9769435], [98.1219327, 13.976934], [98.121922, 13.9770147]]]}}, {"type": "Feature", "properties": {"osm_id": 508851308, "building": "yes"}, "geometry": {"type": "Polygon", "coordinates": [[[98.1220964, 13.9767753], [98.1221795, 13.9767779], [98.1221816, 13.9767137], [98.1220985, 13.9767111], [98.1220964, 13.9767753]]]}}, {"type": "Feature", "properties": {"osm_id": 508851309, "building": "yes"}, "geometry": {"type": "Polygon", "coordinates": [[[98.1220695, 13.9768716], [98.1221688, 13.9768664], [98.1221659, 13.9768143], [98.1220666, 13.9768195], [98.1220695, 13.9768716]]]}}, {"type": "Feature", "properties": {"osm_id": 508851310, "building": "yes"}, "geometry": {"type": "Polygon", "coordinates": [[[98.1221634, 13.9770121], [98.1222442, 13.9770191], [98.1222549, 13.976902], [98.1221741, 13.976895], [98.1221634, 13.9770121]]]}}, {"type": "Feature", "properties": {"osm_id": 508851311, "building": "yes"}, "geometry": {"type": "Polygon", "coordinates": [[[98.1218013, 13.9768507], [98.1218667, 13.9768428], [98.1218559, 13.9767595], [98.1217906, 13.9767675], [98.1218013, 13.9768507]]]}}, {"type": "Feature", "properties": {"osm_id": 508851312, "building": "yes"}, "geometry": {"type": "Polygon", "coordinates": [[[98.1217155, 13.976882], [98.1217783, 13.9768787], [98.1217702, 13.976733], [98.1217074, 13.9767362], [98.1217155, 13.976882]]]}}, {"type": "Feature", "properties": {"osm_id": 508851313, "building": "yes"}, "geometry": {"type": "Polygon", "coordinates": [[[98.121576, 13.9768742], [98.1216377, 13.9768742], [98.1216377, 13.9767518], [98.121576, 13.9767518], [98.121576, 13.9768742]]]}}, {"type": "Feature", "properties": {"osm_id": 508851314, "building": "yes"}, "geometry": {"type": "Polygon", "coordinates": [[[98.1213534, 13.9768273], [98.1214262, 13.9768322], [98.1214342, 13.9767203], [98.1213614, 13.9767154], [98.1213534, 13.9768273]]]}}, {"type": "Feature", "properties": {"osm_id": 508851315, "building": "yes"}, "geometry": {"type": "Polygon", "coordinates": [[[98.1213748, 13.9769861], [98.1214473, 13.9769861], [98.1214473, 13.9769366], [98.1213748, 13.9769366], [98.1213748, 13.9769861]]]}}, {"type": "Feature", "properties": {"osm_id": 508851316, "building": "yes"}, "geometry": {"type": "Polygon", "coordinates": [[[98.121281, 13.9769418], [98.1213209, 13.9769452], [98.1213263, 13.9768853], [98.1212863, 13.976882], [98.121281, 13.9769418]]]}}, {"type": "Feature", "properties": {"osm_id": 508851317, "building": "yes"}, "geometry": {"type": "Polygon", "coordinates": [[[98.1211871, 13.976921], [98.1212568, 13.976921], [98.1212568, 13.9768195], [98.1211871, 13.9768195], [98.1211871, 13.976921]]]}}, {"type": "Feature", "properties": {"osm_id": 508851318, "building": "yes"}, "geometry": {"type": "Polygon", "coordinates": [[[98.1205112, 13.976921], [98.1205112, 13.9768768], [98.1203637, 13.9768768], [98.1203637, 13.976921], [98.1205112, 13.976921]]]}}, {"type": "Feature", "properties": {"osm_id": 508851319, "building": "yes"}, "geometry": {"type": "Polygon", "coordinates": [[[98.1203637, 13.9770017], [98.1205085, 13.9770017], [98.1205085, 13.9769496], [98.1203637, 13.9769496], [98.1203637, 13.9770017]]]}}, {"type": "Feature", "properties": {"osm_id": 508851320, "building": "yes"}, "geometry": {"type": "Polygon", "coordinates": [[[98.1203637, 13.9771162], [98.1204951, 13.9771162], [98.1204951, 13.9770433], [98.1203637, 13.9770433], [98.1203637, 13.9771162]]]}}, {"type": "Feature", "properties": {"osm_id": 508851321, "building": "yes"}, "geometry": {"type": "Polygon", "coordinates": [[[98.1210476, 13.9768247], [98.1211469, 13.9768247], [98.1211469, 13.9767544], [98.1210476, 13.9767544], [98.1210476, 13.9768247]]]}}, {"type": "Feature", "properties": {"osm_id": 508851322, "building": "yes"}, "geometry": {"type": "Polygon", "coordinates": [[[98.1207284, 13.9768299], [98.1208338, 13.9768344], [98.1208365, 13.9767745], [98.1207311, 13.9767701], [98.1207284, 13.9768299]]]}}, {"type": "Feature", "properties": {"osm_id": 508851323, "building": "yes"}, "geometry": {"type": "Polygon", "coordinates": [[[98.120715, 13.9769158], [98.120833, 13.976921], [98.1208356, 13.9768667], [98.1207176, 13.9768615], [98.120715, 13.9769158]]]}}, {"type": "Feature", "properties": {"osm_id": 508851324, "building": "yes"}, "geometry": {"type": "Polygon", "coordinates": [[[98.120892, 13.9767831], [98.1210127, 13.9767805], [98.1210113, 13.976718], [98.1208906, 13.9767206], [98.120892, 13.9767831]]]}}, {"type": "Feature", "properties": {"osm_id": 508851325, "building": "yes"}, "geometry": {"type": "Polygon", "coordinates": [[[98.1211013, 13.9766868], [98.1212541, 13.9766738], [98.1212495, 13.9766219], [98.1210966, 13.9766349], [98.1211013, 13.9766868]]]}}, {"type": "Feature", "properties": {"osm_id": 508851326, "building": "yes"}, "geometry": {"type": "Polygon", "coordinates": [[[98.1210932, 13.9766191], [98.1212246, 13.9766139], [98.1212221, 13.9765538], [98.1210907, 13.976559], [98.1210932, 13.9766191]]]}}, {"type": "Feature", "properties": {"osm_id": 508851327, "building": "yes"}, "geometry": {"type": "Polygon", "coordinates": [[[98.121053, 13.9765254], [98.1211039, 13.9765254], [98.1211039, 13.9764577], [98.121053, 13.9764577], [98.121053, 13.9765254]]]}}, {"type": "Feature", "properties": {"osm_id": 508851328, "building": "yes"}, "geometry": {"type": "Polygon", "coordinates": [[[98.1209135, 13.9765384], [98.120986, 13.9765403], [98.1209887, 13.9764414], [98.1209162, 13.9764395], [98.1209135, 13.9765384]]]}}, {"type": "Feature", "properties": {"osm_id": 508851329, "building": "yes"}, "geometry": {"type": "Polygon", "coordinates": [[[98.1205434, 13.9765462], [98.1206021, 13.9765447], [98.1205994, 13.9764458], [98.1205407, 13.9764473], [98.1205434, 13.9765462]]]}}, {"type": "Feature", "properties": {"osm_id": 508851330, "building": "yes"}, "geometry": {"type": "Polygon", "coordinates": [[[98.1206641, 13.9765827], [98.1207336, 13.9765865], [98.1207416, 13.9764485], [98.1206721, 13.9764447], [98.1206641, 13.9765827]]]}}, {"type": "Feature", "properties": {"osm_id": 508851331, "building": "yes"}, "geometry": {"type": "Polygon", "coordinates": [[[98.1203744, 13.9764811], [98.1203771, 13.9765566], [98.1205065, 13.9765523], [98.1205038, 13.9764768], [98.1203744, 13.9764811]]]}}, {"type": "Feature", "properties": {"osm_id": 508851332, "building": "yes"}, "geometry": {"type": "Polygon", "coordinates": [[[98.1203744, 13.9764811], [98.1205171, 13.9764691], [98.1205117, 13.9764092], [98.120369, 13.9764213], [98.1203744, 13.9764811]]]}}, {"type": "Feature", "properties": {"osm_id": 508851333, "building": "yes"}, "geometry": {"type": "Polygon", "coordinates": [[[98.1207633, 13.976338], [98.1208357, 13.976338], [98.1208357, 13.9762417], [98.1207633, 13.9762417], [98.1207633, 13.976338]]]}}, {"type": "Feature", "properties": {"osm_id": 508851334, "building": "yes"}, "geometry": {"type": "Polygon", "coordinates": [[[98.1208974, 13.9763458], [98.1209618, 13.9763441], [98.1209591, 13.9762504], [98.1208947, 13.9762521], [98.1208974, 13.9763458]]]}}, {"type": "Feature", "properties": {"osm_id": 508851335, "building": "yes"}, "geometry": {"type": "Polygon", "coordinates": [[[98.1203797, 13.9763588], [98.1205165, 13.9763588], [98.1205165, 13.9762989], [98.1203797, 13.9762989], [98.1203797, 13.9763588]]]}}, {"type": "Feature", "properties": {"osm_id": 508851336, "building": "yes"}, "geometry": {"type": "Polygon", "coordinates": [[[98.1203905, 13.9761141], [98.1204978, 13.9761141], [98.1204978, 13.9760725], [98.1203905, 13.9760725], [98.1203905, 13.9761141]]]}}, {"type": "Feature", "properties": {"osm_id": 508851337, "building": "yes"}, "geometry": {"type": "Polygon", "coordinates": [[[98.1206319, 13.9760725], [98.1206882, 13.9760725], [98.1206882, 13.9760074], [98.1206319, 13.9760074], [98.1206319, 13.9760725]]]}}, {"type": "Feature", "properties": {"osm_id": 508851338, "building": "yes"}, "geometry": {"type": "Polygon", "coordinates": [[[98.1207257, 13.9761324], [98.1208299, 13.9761282], [98.1208245, 13.9760007], [98.1207204, 13.9760048], [98.1207257, 13.9761324]]]}}, {"type": "Feature", "properties": {"osm_id": 508851339, "building": "yes"}, "geometry": {"type": "Polygon", "coordinates": [[[98.1209135, 13.9761063], [98.1209731, 13.9761156], [98.1209839, 13.9760505], [98.1209242, 13.9760413], [98.1209135, 13.9761063]]]}}, {"type": "Feature", "properties": {"osm_id": 508851340, "building": "yes"}, "geometry": {"type": "Polygon", "coordinates": [[[98.1210154, 13.9761818], [98.1210823, 13.9761783], [98.1210769, 13.976082], [98.1210101, 13.9760855], [98.1210154, 13.9761818]]]}}, {"type": "Feature", "properties": {"osm_id": 508851341, "building": "yes"}, "geometry": {"type": "Polygon", "coordinates": [[[98.1210422, 13.9763432], [98.1211066, 13.9763432], [98.1211066, 13.9762625], [98.1210422, 13.9762625], [98.1210422, 13.9763432]]]}}, {"type": "Feature", "properties": {"osm_id": 508851342, "building": "yes"}, "geometry": {"type": "Polygon", "coordinates": [[[98.1211495, 13.9763354], [98.1212085, 13.9763322], [98.1212031, 13.9762385], [98.1211442, 13.9762417], [98.1211495, 13.9763354]]]}}, {"type": "Feature", "properties": {"osm_id": 508851343, "building": "yes"}, "geometry": {"type": "Polygon", "coordinates": [[[98.1211147, 13.9761922], [98.1212323, 13.9761854], [98.1212242, 13.9760552], [98.1211066, 13.9760621], [98.1211147, 13.9761922]]]}}, {"type": "Feature", "properties": {"osm_id": 508851344, "building": "yes"}, "geometry": {"type": "Polygon", "coordinates": [[[98.1212595, 13.9763536], [98.121332, 13.9763562], [98.1213347, 13.9762859], [98.1212622, 13.9762833], [98.1212595, 13.9763536]]]}}, {"type": "Feature", "properties": {"osm_id": 508851345, "building": "yes"}, "geometry": {"type": "Polygon", "coordinates": [[[98.1213668, 13.9763198], [98.1214553, 13.9763198], [98.1214553, 13.9762729], [98.1213668, 13.9762729], [98.1213668, 13.9763198]]]}}, {"type": "Feature", "properties": {"osm_id": 508851346, "building": "yes"}, "geometry": {"type": "Polygon", "coordinates": [[[98.1214392, 13.9762391], [98.1215338, 13.9762455], [98.1215418, 13.9761336], [98.1214473, 13.9761272], [98.1214392, 13.9762391]]]}}, {"type": "Feature", "properties": {"osm_id": 508851347, "building": "yes"}, "geometry": {"type": "Polygon", "coordinates": [[[98.1213292, 13.9764525], [98.1214495, 13.9764581], [98.1214522, 13.9764034], [98.1213319, 13.9763979], [98.1213292, 13.9764525]]]}}, {"type": "Feature", "properties": {"osm_id": 508851348, "building": "yes"}, "geometry": {"type": "Polygon", "coordinates": [[[98.1213507, 13.976554], [98.1214636, 13.9765498], [98.1214609, 13.9764821], [98.121348, 13.9764864], [98.1213507, 13.976554]]]}}, {"type": "Feature", "properties": {"osm_id": 508851349, "building": "yes"}, "geometry": {"type": "Polygon", "coordinates": [[[98.1215438, 13.9762677], [98.1215945, 13.9762667], [98.1215919, 13.9761418], [98.1215411, 13.9761428], [98.1215438, 13.9762677]]]}}, {"type": "Feature", "properties": {"osm_id": 508851350, "building": "yes"}, "geometry": {"type": "Polygon", "coordinates": [[[98.1216189, 13.9762573], [98.1217076, 13.976261], [98.121713, 13.9761413], [98.1216243, 13.9761376], [98.1216189, 13.9762573]]]}}, {"type": "Feature", "properties": {"osm_id": 508851351, "building": "yes"}, "geometry": {"type": "Polygon", "coordinates": [[[98.1220186, 13.9765696], [98.1220755, 13.9765665], [98.1220701, 13.9764754], [98.1220132, 13.9764785], [98.1220186, 13.9765696]]]}}, {"type": "Feature", "properties": {"osm_id": 508851352, "building": "yes"}, "geometry": {"type": "Polygon", "coordinates": [[[98.1217959, 13.976312], [98.1218716, 13.976307], [98.1218636, 13.9761924], [98.1217879, 13.9761974], [98.1217959, 13.976312]]]}}, {"type": "Feature", "properties": {"osm_id": 508851353, "building": "yes"}, "geometry": {"type": "Polygon", "coordinates": [[[98.1219757, 13.9764265], [98.1221285, 13.9764187], [98.1221252, 13.9763561], [98.1219723, 13.9763639], [98.1219757, 13.9764265]]]}}, {"type": "Feature", "properties": {"osm_id": 508854685, "building": "yes"}, "geometry": {"type": "Polygon", "coordinates": [[[98.1219327, 13.9831026], [98.1220139, 13.9830952], [98.1220059, 13.9830119], [98.1219247, 13.9830193], [98.1219327, 13.9831026]]]}}, {"type": "Feature", "properties": {"osm_id": 508854686, "building": "yes"}, "geometry": {"type": "Polygon", "coordinates": [[[98.1216297, 13.9829881], [98.1217041, 13.9829824], [98.121696, 13.9828835], [98.1216216, 13.9828892], [98.1216297, 13.9829881]]]}}, {"type": "Feature", "properties": {"osm_id": 508854687, "building": "yes"}, "geometry": {"type": "Polygon", "coordinates": [[[98.1204361, 13.9825013], [98.1205484, 13.9825286], [98.1205672, 13.9824557], [98.1204548, 13.9824285], [98.1204361, 13.9825013]]]}}, {"type": "Feature", "properties": {"osm_id": 508854688, "building": "yes"}, "geometry": {"type": "Polygon", "coordinates": [[[98.120251, 13.9824623], [98.1203241, 13.9824655], [98.1203295, 13.9823483], [98.1202564, 13.9823452], [98.120251, 13.9824623]]]}}, {"type": "Feature", "properties": {"osm_id": 508854689, "building": "yes"}, "geometry": {"type": "Polygon", "coordinates": [[[98.1201223, 13.9824571], [98.1201859, 13.9824636], [98.1201966, 13.9823647], [98.120133, 13.9823582], [98.1201223, 13.9824571]]]}}, {"type": "Feature", "properties": {"osm_id": 508854690, "building": "yes"}, "geometry": {"type": "Polygon", "coordinates": [[[98.1199211, 13.9822957], [98.1199869, 13.9822919], [98.1199816, 13.982206], [98.1199157, 13.9822098], [98.1199211, 13.9822957]]]}}, {"type": "Feature", "properties": {"osm_id": 508854691, "building": "yes"}, "geometry": {"type": "Polygon", "coordinates": [[[98.1196582, 13.9823452], [98.1197302, 13.9823408], [98.1197248, 13.9822575], [98.1196529, 13.9822619], [98.1196582, 13.9823452]]]}}, {"type": "Feature", "properties": {"osm_id": 508854692, "building": "yes"}, "geometry": {"type": "Polygon", "coordinates": [[[98.1197762, 13.9819548], [98.1198424, 13.981951], [98.1198371, 13.9818625], [98.1197709, 13.9818663], [98.1197762, 13.9819548]]]}}, {"type": "Feature", "properties": {"osm_id": 508854693, "building": "yes"}, "geometry": {"type": "Polygon", "coordinates": [[[98.1198835, 13.9819938], [98.119956, 13.9819938], [98.119956, 13.9819053], [98.1198835, 13.9819053], [98.1198835, 13.9819938]]]}}, {"type": "Feature", "properties": {"osm_id": 508854694, "building": "yes"}, "geometry": {"type": "Polygon", "coordinates": [[[98.1202617, 13.9820329], [98.1203211, 13.9820343], [98.1203238, 13.9819275], [98.1202644, 13.9819261], [98.1202617, 13.9820329]]]}}, {"type": "Feature", "properties": {"osm_id": 508854695, "building": "yes"}, "geometry": {"type": "Polygon", "coordinates": [[[98.1203529, 13.9820459], [98.120412, 13.9820471], [98.1204147, 13.98193], [98.1203556, 13.9819287], [98.1203529, 13.9820459]]]}}, {"type": "Feature", "properties": {"osm_id": 508854696, "building": "yes"}, "geometry": {"type": "Polygon", "coordinates": [[[98.1204441, 13.9821213], [98.1205057, 13.982123], [98.1205084, 13.9820267], [98.1204468, 13.982025], [98.1204441, 13.9821213]]]}}, {"type": "Feature", "properties": {"osm_id": 508854697, "building": "yes"}, "geometry": {"type": "Polygon", "coordinates": [[[98.1206211, 13.9821318], [98.1207044, 13.9821334], [98.120707, 13.9820085], [98.1206238, 13.9820068], [98.1206211, 13.9821318]]]}}, {"type": "Feature", "properties": {"osm_id": 508854698, "building": "yes"}, "geometry": {"type": "Polygon", "coordinates": [[[98.1208062, 13.9821734], [98.1209033, 13.9821627], [98.1208899, 13.9820482], [98.1207928, 13.9820589], [98.1208062, 13.9821734]]]}}, {"type": "Feature", "properties": {"osm_id": 508854699, "building": "yes"}, "geometry": {"type": "Polygon", "coordinates": [[[98.1211951, 13.9822385], [98.1212833, 13.9822299], [98.1212726, 13.9821258], [98.1211844, 13.9821344], [98.1211951, 13.9822385]]]}}, {"type": "Feature", "properties": {"osm_id": 508854700, "building": "yes"}, "geometry": {"type": "Polygon", "coordinates": [[[98.1214017, 13.9822255], [98.1214854, 13.9822182], [98.1214747, 13.9821011], [98.1213909, 13.9821083], [98.1214017, 13.9822255]]]}}, {"type": "Feature", "properties": {"osm_id": 508854701, "building": "yes"}, "geometry": {"type": "Polygon", "coordinates": [[[98.1215277, 13.9826601], [98.1216046, 13.9826659], [98.1216127, 13.9825643], [98.1215358, 13.9825586], [98.1215277, 13.9826601]]]}}, {"type": "Feature", "properties": {"osm_id": 508854702, "building": "yes"}, "geometry": {"type": "Polygon", "coordinates": [[[98.1216726, 13.9827148], [98.1217512, 13.9827194], [98.1217593, 13.9825919], [98.1216806, 13.9825872], [98.1216726, 13.9827148]]]}}, {"type": "Feature", "properties": {"osm_id": 508854703, "building": "yes"}, "geometry": {"type": "Polygon", "coordinates": [[[98.1222063, 13.9827148], [98.122269, 13.9827087], [98.1222583, 13.9826046], [98.1221956, 13.9826107], [98.1222063, 13.9827148]]]}}, {"type": "Feature", "properties": {"osm_id": 508854704, "building": "yes"}, "geometry": {"type": "Polygon", "coordinates": [[[98.1220722, 13.9827512], [98.122158, 13.9827547], [98.1221634, 13.9826297], [98.1220776, 13.9826263], [98.1220722, 13.9827512]]]}}, {"type": "Feature", "properties": {"osm_id": 508854705, "building": "yes"}, "geometry": {"type": "Polygon", "coordinates": [[[98.1224209, 13.9827903], [98.122496, 13.9827903], [98.122496, 13.9826783], [98.1224209, 13.9826783], [98.1224209, 13.9827903]]]}}, {"type": "Feature", "properties": {"osm_id": 508854706, "building": "yes"}, "geometry": {"type": "Polygon", "coordinates": [[[98.1226194, 13.9827981], [98.1227128, 13.9827885], [98.1227021, 13.9826896], [98.1226087, 13.9826992], [98.1226194, 13.9827981]]]}}, {"type": "Feature", "properties": {"osm_id": 508854707, "building": "yes"}, "geometry": {"type": "Polygon", "coordinates": [[[98.1229252, 13.9827252], [98.1230915, 13.9827252], [98.1230915, 13.9826471], [98.1229252, 13.9826471], [98.1229252, 13.9827252]]]}}, {"type": "Feature", "properties": {"osm_id": 508854708, "building": "yes"}, "geometry": {"type": "Polygon", "coordinates": [[[98.1228474, 13.9824389], [98.122917, 13.9824377], [98.1229143, 13.9822945], [98.1228447, 13.9822957], [98.1228474, 13.9824389]]]}}, {"type": "Feature", "properties": {"osm_id": 508854709, "building": "yes"}, "geometry": {"type": "Polygon", "coordinates": [[[98.1231424, 13.9825638], [98.1232973, 13.9825388], [98.1232839, 13.9824607], [98.123129, 13.9824857], [98.1231424, 13.9825638]]]}}, {"type": "Feature", "properties": {"osm_id": 508854710, "building": "yes"}, "geometry": {"type": "Polygon", "coordinates": [[[98.1220186, 13.9822411], [98.1220992, 13.9822356], [98.1220912, 13.9821237], [98.1220105, 13.9821292], [98.1220186, 13.9822411]]]}}, {"type": "Feature", "properties": {"osm_id": 508854711, "building": "yes"}, "geometry": {"type": "Polygon", "coordinates": [[[98.1221527, 13.9822359], [98.1222271, 13.9822235], [98.1222083, 13.9821168], [98.1221339, 13.9821292], [98.1221527, 13.9822359]]]}}, {"type": "Feature", "properties": {"osm_id": 508854712, "building": "yes"}, "geometry": {"type": "Polygon", "coordinates": [[[98.1226784, 13.9822307], [98.1227753, 13.982205], [98.1227512, 13.9821191], [98.1226543, 13.9821448], [98.1226784, 13.9822307]]]}}, {"type": "Feature", "properties": {"osm_id": 508854713, "building": "yes"}, "geometry": {"type": "Polygon", "coordinates": [[[98.1225228, 13.9822046], [98.1226002, 13.9821958], [98.1225894, 13.9821073], [98.1225121, 13.9821161], [98.1225228, 13.9822046]]]}}, {"type": "Feature", "properties": {"osm_id": 508854714, "building": "yes"}, "geometry": {"type": "Polygon", "coordinates": [[[98.1229761, 13.982137], [98.1230523, 13.9821308], [98.1230442, 13.9820371], [98.1229681, 13.9820433], [98.1229761, 13.982137]]]}}, {"type": "Feature", "properties": {"osm_id": 508854715, "building": "yes"}, "geometry": {"type": "Polygon", "coordinates": [[[98.1231183, 13.982137], [98.1231843, 13.9821242], [98.1231655, 13.9820331], [98.1230995, 13.9820459], [98.1231183, 13.982137]]]}}, {"type": "Feature", "properties": {"osm_id": 508854716, "building": "yes"}, "geometry": {"type": "Polygon", "coordinates": [[[98.1232417, 13.9821318], [98.123307, 13.9821233], [98.1232963, 13.9820452], [98.1232309, 13.9820537], [98.1232417, 13.9821318]]]}}, {"type": "Feature", "properties": {"osm_id": 508854717, "building": "yes"}, "geometry": {"type": "Polygon", "coordinates": [[[98.1233463, 13.9821708], [98.1234274, 13.9821598], [98.1234113, 13.9820479], [98.1233302, 13.9820589], [98.1233463, 13.9821708]]]}}, {"type": "Feature", "properties": {"osm_id": 508854718, "building": "yes"}, "geometry": {"type": "Polygon", "coordinates": [[[98.1234482, 13.9821396], [98.1235232, 13.9821358], [98.1235179, 13.9820343], [98.1234428, 13.9820381], [98.1234482, 13.9821396]]]}}, {"type": "Feature", "properties": {"osm_id": 508854719, "building": "yes"}, "geometry": {"type": "Polygon", "coordinates": [[[98.1237164, 13.982163], [98.1237902, 13.9821381], [98.1237473, 13.9820184], [98.1236735, 13.9820433], [98.1237164, 13.982163]]]}}, {"type": "Feature", "properties": {"osm_id": 508854720, "building": "yes"}, "geometry": {"type": "Polygon", "coordinates": [[[98.1237996, 13.9821135], [98.1238641, 13.9821151], [98.1238668, 13.9820136], [98.1238022, 13.982012], [98.1237996, 13.9821135]]]}}, {"type": "Feature", "properties": {"osm_id": 508854721, "building": "yes"}, "geometry": {"type": "Polygon", "coordinates": [[[98.1239095, 13.9821135], [98.1239875, 13.9821019], [98.1239714, 13.9820004], [98.1238934, 13.982012], [98.1239095, 13.9821135]]]}}, {"type": "Feature", "properties": {"osm_id": 508854722, "building": "yes"}, "geometry": {"type": "Polygon", "coordinates": [[[98.1241134, 13.9820407], [98.1242369, 13.9820207], [98.1242235, 13.9819426], [98.1241, 13.9819626], [98.1241134, 13.9820407]]]}}, {"type": "Feature", "properties": {"osm_id": 508854723, "building": "yes"}, "geometry": {"type": "Polygon", "coordinates": [[[98.1241751, 13.9821994], [98.1243092, 13.982163], [98.1242904, 13.9820979], [98.1241563, 13.9821344], [98.1241751, 13.9821994]]]}}, {"type": "Feature", "properties": {"osm_id": 508854724, "building": "yes"}, "geometry": {"type": "Polygon", "coordinates": [[[98.1241831, 13.9823374], [98.1243554, 13.9822872], [98.1243312, 13.9822091], [98.124159, 13.9822593], [98.1241831, 13.9823374]]]}}, {"type": "Feature", "properties": {"osm_id": 508854725, "building": "yes"}, "geometry": {"type": "Polygon", "coordinates": [[[98.1242046, 13.9824441], [98.1243333, 13.9823816], [98.1243092, 13.9823348], [98.1241804, 13.9823972], [98.1242046, 13.9824441]]]}}, {"type": "Feature", "properties": {"osm_id": 508854726, "building": "yes"}, "geometry": {"type": "Polygon", "coordinates": [[[98.1242555, 13.982595], [98.124383, 13.9825579], [98.1243589, 13.9824799], [98.1242314, 13.982517], [98.1242555, 13.982595]]]}}, {"type": "Feature", "properties": {"osm_id": 508854727, "building": "yes"}, "geometry": {"type": "Polygon", "coordinates": [[[98.1242609, 13.9827642], [98.1243977, 13.98272], [98.1243762, 13.9826575], [98.1242394, 13.9827018], [98.1242609, 13.9827642]]]}}, {"type": "Feature", "properties": {"osm_id": 508854728, "building": "yes"}, "geometry": {"type": "Polygon", "coordinates": [[[98.1240088, 13.9828267], [98.1241057, 13.9828291], [98.1241084, 13.9827276], [98.1240115, 13.9827252], [98.1240088, 13.9828267]]]}}, {"type": "Feature", "properties": {"osm_id": 508854729, "building": "yes"}, "geometry": {"type": "Polygon", "coordinates": [[[98.1239042, 13.9828033], [98.1239709, 13.9827895], [98.1239441, 13.9826672], [98.1238773, 13.9826809], [98.1239042, 13.9828033]]]}}, {"type": "Feature", "properties": {"osm_id": 508854730, "building": "yes"}, "geometry": {"type": "Polygon", "coordinates": [[[98.1237566, 13.9828163], [98.1238417, 13.9828018], [98.123823, 13.9826977], [98.1237379, 13.9827122], [98.1237566, 13.9828163]]]}}, {"type": "Feature", "properties": {"osm_id": 508854731, "building": "yes"}, "geometry": {"type": "Polygon", "coordinates": [[[98.1236038, 13.9828423], [98.1236694, 13.9828329], [98.123656, 13.9827444], [98.1235903, 13.9827538], [98.1236038, 13.9828423]]]}}, {"type": "Feature", "properties": {"osm_id": 508854732, "building": "yes"}, "geometry": {"type": "Polygon", "coordinates": [[[98.1235179, 13.9828579], [98.1235743, 13.9828477], [98.1235582, 13.9827644], [98.1235018, 13.9827746], [98.1235179, 13.9828579]]]}}, {"type": "Feature", "properties": {"osm_id": 508854734, "building": "yes"}, "geometry": {"type": "Polygon", "coordinates": [[[98.1237298, 13.9838287], [98.1237947, 13.9838252], [98.123784, 13.9836378], [98.1237191, 13.9836413], [98.1237298, 13.9838287]]]}}, {"type": "Feature", "properties": {"osm_id": 508854735, "building": "yes"}, "geometry": {"type": "Polygon", "coordinates": [[[98.1236976, 13.9834253], [98.1238755, 13.9833876], [98.1238568, 13.9833043], [98.1236789, 13.983342], [98.1236976, 13.9834253]]]}}, {"type": "Feature", "properties": {"osm_id": 508854736, "building": "yes"}, "geometry": {"type": "Polygon", "coordinates": [[[98.1240302, 13.9832483], [98.1242738, 13.9831998], [98.1242524, 13.9830983], [98.1240088, 13.9831468], [98.1240302, 13.9832483]]]}}, {"type": "Feature", "properties": {"osm_id": 508854737, "building": "yes"}, "geometry": {"type": "Polygon", "coordinates": [[[98.1236976, 13.9836153], [98.1239199, 13.9835813], [98.1238958, 13.9834329], [98.1236735, 13.983467], [98.1236976, 13.9836153]]]}}, {"type": "Feature", "properties": {"osm_id": 508854738, "building": "yes"}, "geometry": {"type": "Polygon", "coordinates": [[[98.1237325, 13.9840031], [98.1239971, 13.9839808], [98.1239864, 13.9838611], [98.1237218, 13.9838834], [98.1237325, 13.9840031]]]}}, {"type": "Feature", "properties": {"osm_id": 508854739, "building": "yes"}, "geometry": {"type": "Polygon", "coordinates": [[[98.123754, 13.9842504], [98.1238324, 13.9842477], [98.1238297, 13.9841748], [98.1237513, 13.9841775], [98.123754, 13.9842504]]]}}, {"type": "Feature", "properties": {"osm_id": 508854741, "building": "yes"}, "geometry": {"type": "Polygon", "coordinates": [[[98.1245533, 13.984495], [98.1247091, 13.9844126], [98.1246769, 13.9843553], [98.1245211, 13.9844378], [98.1245533, 13.984495]]]}}, {"type": "Feature", "properties": {"osm_id": 508854742, "building": "hospital"}, "geometry": {"type": "Polygon", "coordinates": [[[98.124318, 13.9852238], [98.1246313, 13.9851699], [98.124613, 13.98507], [98.1246679, 13.9850605], [98.1246502, 13.984964], [98.1245796, 13.9849761], [98.1245537, 13.9848342], [98.1243548, 13.9848684], [98.1243736, 13.9849713], [98.1244176, 13.9849638], [98.1244222, 13.9849889], [98.124352, 13.985001], [98.1243701, 13.9851003], [98.1244197, 13.9850918], [98.1244261, 13.985127], [98.1243042, 13.985148], [98.124318, 13.9852238]]]}}, {"type": "Feature", "properties": {"osm_id": 508854744, "building": "hospital"}, "geometry": {"type": "Polygon", "coordinates": [[[98.1240758, 13.9848152], [98.1241885, 13.9847969], [98.1241751, 13.9847189], [98.1240624, 13.9847371], [98.1240758, 13.9848152]]]}}, {"type": "Feature", "properties": {"osm_id": 508854745, "building": "hospital"}, "geometry": {"type": "Polygon", "coordinates": [[[98.1243172, 13.9854287], [98.1244077, 13.9854182], [98.1243997, 13.9853531], [98.1243092, 13.9853637], [98.1243172, 13.9854287]]]}}, {"type": "Feature", "properties": {"osm_id": 508854746, "building": "yes"}, "geometry": {"type": "Polygon", "coordinates": [[[98.1243977, 13.9856871], [98.1245445, 13.9856688], [98.1245311, 13.9855673], [98.1243843, 13.9855856], [98.1243977, 13.9856871]]]}}, {"type": "Feature", "properties": {"osm_id": 508854747, "building": "yes"}, "geometry": {"type": "Polygon", "coordinates": [[[98.1249475, 13.9856194], [98.1250289, 13.9856069], [98.1250129, 13.985508], [98.1249315, 13.9855205], [98.1249475, 13.9856194]]]}}, {"type": "Feature", "properties": {"osm_id": 508854748, "building": "yes"}, "geometry": {"type": "Polygon", "coordinates": [[[98.1247437, 13.9856532], [98.124893, 13.9856187], [98.1248662, 13.9855094], [98.1247169, 13.9855439], [98.1247437, 13.9856532]]]}}, {"type": "Feature", "properties": {"osm_id": 508854749, "building": "yes"}, "geometry": {"type": "Polygon", "coordinates": [[[98.1243387, 13.9859291], [98.1246012, 13.9858676], [98.1245825, 13.9857922], [98.1243199, 13.9858536], [98.1243387, 13.9859291]]]}}, {"type": "Feature", "properties": {"osm_id": 508854751, "building": "yes"}, "geometry": {"type": "Polygon", "coordinates": [[[98.124733, 13.9859161], [98.1249177, 13.9858905], [98.1249043, 13.9857994], [98.1247196, 13.985825], [98.124733, 13.9859161]]]}}, {"type": "Feature", "properties": {"osm_id": 508854752, "building": "yes"}, "geometry": {"type": "Polygon", "coordinates": [[[98.1249288, 13.985989], [98.1250257, 13.9859854], [98.125023, 13.9859177], [98.1249261, 13.9859213], [98.1249288, 13.985989]]]}}, {"type": "Feature", "properties": {"osm_id": 508854753, "building": "yes"}, "geometry": {"type": "Polygon", "coordinates": [[[98.1249556, 13.9868088], [98.1250824, 13.9867891], [98.1250717, 13.9867241], [98.1249449, 13.9867438], [98.1249556, 13.9868088]]]}}, {"type": "Feature", "properties": {"osm_id": 508854754, "building": "yes"}, "geometry": {"type": "Polygon", "coordinates": [[[98.1249073, 13.9866345], [98.1250648, 13.986601], [98.125046, 13.9865177], [98.1248885, 13.9865512], [98.1249073, 13.9866345]]]}}, {"type": "Feature", "properties": {"osm_id": 508854755, "building": "yes"}, "geometry": {"type": "Polygon", "coordinates": [[[98.1250682, 13.9871836], [98.125195, 13.9871613], [98.1251843, 13.987104], [98.1250575, 13.9871264], [98.1250682, 13.9871836]]]}}, {"type": "Feature", "properties": {"osm_id": 508854756, "building": "yes"}, "geometry": {"type": "Polygon", "coordinates": [[[98.1250897, 13.9873085], [98.1252223, 13.9872828], [98.1252035, 13.9871917], [98.1250709, 13.9872175], [98.1250897, 13.9873085]]]}}, {"type": "Feature", "properties": {"osm_id": 508854757, "building": "yes"}, "geometry": {"type": "Polygon", "coordinates": [[[98.1251594, 13.9875064], [98.1253039, 13.9874872], [98.1252959, 13.98743], [98.1251514, 13.9874491], [98.1251594, 13.9875064]]]}}, {"type": "Feature", "properties": {"osm_id": 508854758, "building": "yes"}, "geometry": {"type": "Polygon", "coordinates": [[[98.1251782, 13.9879619], [98.125322, 13.9879735], [98.1253274, 13.987911], [98.1251835, 13.9878994], [98.1251782, 13.9879619]]]}}, {"type": "Feature", "properties": {"osm_id": 508854759, "building": "yes"}, "geometry": {"type": "Polygon", "coordinates": [[[98.1257763, 13.9886411], [98.125917, 13.9886082], [98.1258982, 13.9885327], [98.1257576, 13.9885656], [98.1257763, 13.9886411]]]}}, {"type": "Feature", "properties": {"osm_id": 508854760, "building": "yes"}, "geometry": {"type": "Polygon", "coordinates": [[[98.1257173, 13.9879254], [98.1258407, 13.9878826], [98.1258139, 13.9878098], [98.1256905, 13.9878525], [98.1257173, 13.9879254]]]}}, {"type": "Feature", "properties": {"osm_id": 508854761, "building": "yes"}, "geometry": {"type": "Polygon", "coordinates": [[[98.1256369, 13.9878109], [98.125781, 13.9877624], [98.1257569, 13.9876948], [98.1256127, 13.9877432], [98.1256369, 13.9878109]]]}}, {"type": "Feature", "properties": {"osm_id": 508854762, "building": "yes"}, "geometry": {"type": "Polygon", "coordinates": [[[98.1256074, 13.9877068], [98.1257119, 13.9876621], [98.1256824, 13.9875971], [98.1255779, 13.9876417], [98.1256074, 13.9877068]]]}}, {"type": "Feature", "properties": {"osm_id": 508854763, "building": "yes"}, "geometry": {"type": "Polygon", "coordinates": [[[98.1258085, 13.9875896], [98.1259051, 13.9875454], [98.1258743, 13.987482], [98.1257777, 13.9875263], [98.1258085, 13.9875896]]]}}, {"type": "Feature", "properties": {"osm_id": 508854764, "building": "yes"}, "geometry": {"type": "Polygon", "coordinates": [[[98.1255859, 13.9873684], [98.1256905, 13.9873424], [98.1256705, 13.9872665], [98.1255659, 13.9872925], [98.1255859, 13.9873684]]]}}, {"type": "Feature", "properties": {"osm_id": 508854765, "building": "yes"}, "geometry": {"type": "Polygon", "coordinates": [[[98.1257763, 13.9870483], [98.1258543, 13.9870267], [98.1258275, 13.9869356], [98.1257495, 13.9869572], [98.1257763, 13.9870483]]]}}, {"type": "Feature", "properties": {"osm_id": 508854766, "building": "yes"}, "geometry": {"type": "Polygon", "coordinates": [[[98.1255484, 13.9872331], [98.1256705, 13.9872167], [98.1256598, 13.9871412], [98.1255376, 13.9871576], [98.1255484, 13.9872331]]]}}, {"type": "Feature", "properties": {"osm_id": 508854767, "building": "yes"}, "geometry": {"type": "Polygon", "coordinates": [[[98.1254357, 13.9866449], [98.1256039, 13.9866122], [98.1255878, 13.9865341], [98.1254196, 13.9865668], [98.1254357, 13.9866449]]]}}, {"type": "Feature", "properties": {"osm_id": 508854768, "building": "yes"}, "geometry": {"type": "Polygon", "coordinates": [[[98.1253687, 13.9861972], [98.1254813, 13.9861762], [98.1254679, 13.9861085], [98.1253552, 13.9861295], [98.1253687, 13.9861972]]]}}, {"type": "Feature", "properties": {"osm_id": 508854769, "building": "yes"}, "geometry": {"type": "Polygon", "coordinates": [[[98.1253284, 13.9860645], [98.1254147, 13.9860426], [98.1253986, 13.9859828], [98.1253123, 13.9860046], [98.1253284, 13.9860645]]]}}, {"type": "Feature", "properties": {"osm_id": 508854770, "building": "yes"}, "geometry": {"type": "Polygon", "coordinates": [[[98.1253231, 13.9859578], [98.1254652, 13.9859239], [98.1254524, 13.9858731], [98.1253102, 13.9859069], [98.1253231, 13.9859578]]]}}, {"type": "Feature", "properties": {"osm_id": 508854771, "building": "yes"}, "geometry": {"type": "Polygon", "coordinates": [[[98.1253096, 13.9858588], [98.1254332, 13.9858389], [98.1254251, 13.985792], [98.1253016, 13.985812], [98.1253096, 13.9858588]]]}}, {"type": "Feature", "properties": {"osm_id": 508854772, "building": "yes"}, "geometry": {"type": "Polygon", "coordinates": [[[98.125146, 13.9851431], [98.1252828, 13.9851353], [98.1252787, 13.9850677], [98.1251419, 13.9850755], [98.125146, 13.9851431]]]}}, {"type": "Feature", "properties": {"osm_id": 508854773, "building": "yes"}, "geometry": {"type": "Polygon", "coordinates": [[[98.1251004, 13.9849869], [98.1252265, 13.9849765], [98.1252186, 13.9848867], [98.1250926, 13.9848971], [98.1251004, 13.9849869]]]}}, {"type": "Feature", "properties": {"osm_id": 508854774, "building": "yes"}, "geometry": {"type": "Polygon", "coordinates": [[[98.1250682, 13.9849115], [98.1252072, 13.9848877], [98.1251991, 13.9848434], [98.1250602, 13.9848672], [98.1250682, 13.9849115]]]}}, {"type": "Feature", "properties": {"osm_id": 508854775, "building": "yes"}, "geometry": {"type": "Polygon", "coordinates": [[[98.1250682, 13.9848334], [98.1252043, 13.9848206], [98.1251962, 13.9847399], [98.1250602, 13.9847527], [98.1250682, 13.9848334]]]}}, {"type": "Feature", "properties": {"osm_id": 508854776, "building": "yes"}, "geometry": {"type": "Polygon", "coordinates": [[[98.1250602, 13.9846538], [98.125146, 13.9846382], [98.1251364, 13.9845884], [98.1250506, 13.984604], [98.1250602, 13.9846538]]]}}, {"type": "Feature", "properties": {"osm_id": 508854777, "building": "yes"}, "geometry": {"type": "Polygon", "coordinates": [[[98.1250334, 13.9844976], [98.1251326, 13.9844846], [98.1251233, 13.9844175], [98.125024, 13.9844305], [98.1250334, 13.9844976]]]}}, {"type": "Feature", "properties": {"osm_id": 508854778, "building": "yes"}, "geometry": {"type": "Polygon", "coordinates": [[[98.1251299, 13.9840994], [98.1251729, 13.9840994], [98.1251729, 13.9840396], [98.1251299, 13.9840396], [98.1251299, 13.9840994]]]}}, {"type": "Feature", "properties": {"osm_id": 508854779, "building": "yes"}, "geometry": {"type": "Polygon", "coordinates": [[[98.1250307, 13.9842087], [98.1251648, 13.9841957], [98.1251594, 13.9841437], [98.1250253, 13.9841567], [98.1250307, 13.9842087]]]}}, {"type": "Feature", "properties": {"osm_id": 508854780, "building": "yes"}, "geometry": {"type": "Polygon", "coordinates": [[[98.1249234, 13.983886], [98.1250123, 13.983886], [98.1250123, 13.9838391], [98.1249234, 13.9838391], [98.1249234, 13.983886]]]}}, {"type": "Feature", "properties": {"osm_id": 508854781, "building": "yes"}, "geometry": {"type": "Polygon", "coordinates": [[[98.1249127, 13.9838079], [98.1250123, 13.9838116], [98.125015, 13.983744], [98.1249154, 13.9837402], [98.1249127, 13.9838079]]]}}, {"type": "Feature", "properties": {"osm_id": 508854782, "building": "yes"}, "geometry": {"type": "Polygon", "coordinates": [[[98.1248912, 13.9837272], [98.1250318, 13.983714], [98.1250238, 13.9836333], [98.1248832, 13.9836465], [98.1248912, 13.9837272]]]}}, {"type": "Feature", "properties": {"osm_id": 508854783, "building": "yes"}, "geometry": {"type": "Polygon", "coordinates": [[[98.1248698, 13.9834513], [98.124979, 13.9834319], [98.1249495, 13.9832757], [98.1248403, 13.9832952], [98.1248698, 13.9834513]]]}}, {"type": "Feature", "properties": {"osm_id": 508854784, "building": "yes"}, "geometry": {"type": "Polygon", "coordinates": [[[98.1251916, 13.9830687], [98.125355, 13.9830645], [98.1253523, 13.9829682], [98.1251889, 13.9829724], [98.1251916, 13.9830687]]]}}, {"type": "Feature", "properties": {"osm_id": 508854785, "building": "yes"}, "geometry": {"type": "Polygon", "coordinates": [[[98.124859, 13.9831156], [98.124938, 13.9831092], [98.12493, 13.9830155], [98.124851, 13.9830219], [98.124859, 13.9831156]]]}}, {"type": "Feature", "properties": {"osm_id": 508854786, "building": "yes"}, "geometry": {"type": "Polygon", "coordinates": [[[98.1251138, 13.9826705], [98.1252051, 13.9826439], [98.125189, 13.9825919], [98.1250977, 13.9826185], [98.1251138, 13.9826705]]]}}, {"type": "Feature", "properties": {"osm_id": 508854787, "building": "yes"}, "geometry": {"type": "Polygon", "coordinates": [[[98.1248134, 13.9828371], [98.12496, 13.9828259], [98.124952, 13.982727], [98.1248054, 13.9827382], [98.1248134, 13.9828371]]]}}, {"type": "Feature", "properties": {"osm_id": 508854788, "building": "yes"}, "geometry": {"type": "Polygon", "coordinates": [[[98.1253365, 13.98234], [98.1254152, 13.9823367], [98.1254125, 13.9822768], [98.1253338, 13.9822801], [98.1253365, 13.98234]]]}}, {"type": "Feature", "properties": {"osm_id": 508854789, "building": "yes"}, "geometry": {"type": "Polygon", "coordinates": [[[98.1254116, 13.9822567], [98.1254867, 13.9822567], [98.1254867, 13.9821968], [98.1254116, 13.9821968], [98.1254116, 13.9822567]]]}}, {"type": "Feature", "properties": {"osm_id": 508854790, "building": "yes"}, "geometry": {"type": "Polygon", "coordinates": [[[98.1246471, 13.9825066], [98.1247866, 13.9824753], [98.1247702, 13.9824061], [98.1246307, 13.9824374], [98.1246471, 13.9825066]]]}}, {"type": "Feature", "properties": {"osm_id": 508854791, "building": "yes"}, "geometry": {"type": "Polygon", "coordinates": [[[98.1245908, 13.9822801], [98.1247061, 13.9822437], [98.1246872, 13.9821873], [98.1245719, 13.9822237], [98.1245908, 13.9822801]]]}}, {"type": "Feature", "properties": {"osm_id": 508854792, "building": "yes"}, "geometry": {"type": "Polygon", "coordinates": [[[98.1246096, 13.9821552], [98.1246911, 13.9821514], [98.1246885, 13.9820968], [98.1246069, 13.9821005], [98.1246096, 13.9821552]]]}}, {"type": "Feature", "properties": {"osm_id": 508854793, "building": "yes"}, "geometry": {"type": "Polygon", "coordinates": [[[98.1245211, 13.9820875], [98.1247035, 13.9820537], [98.1246904, 13.9819874], [98.124508, 13.9820213], [98.1245211, 13.9820875]]]}}, {"type": "Feature", "properties": {"osm_id": 508854794, "building": "yes"}, "geometry": {"type": "Polygon", "coordinates": [[[98.1247517, 13.9819808], [98.1248039, 13.9819733], [98.1247932, 13.981903], [98.124741, 13.9819105], [98.1247517, 13.9819808]]]}}, {"type": "Feature", "properties": {"osm_id": 508854795, "building": "yes"}, "geometry": {"type": "Polygon", "coordinates": [[[98.1244835, 13.9819938], [98.1246498, 13.9819849], [98.1246444, 13.9818912], [98.1244782, 13.9819001], [98.1244835, 13.9819938]]]}}, {"type": "Feature", "properties": {"osm_id": 508854796, "building": "yes"}, "geometry": {"type": "Polygon", "coordinates": [[[98.1251219, 13.9816997], [98.1252319, 13.9816997], [98.1252319, 13.9816294], [98.1251219, 13.9816294], [98.1251219, 13.9816997]]]}}, {"type": "Feature", "properties": {"osm_id": 508854797, "building": "yes"}, "geometry": {"type": "Polygon", "coordinates": [[[98.1245452, 13.9818324], [98.1246847, 13.9818038], [98.1246708, 13.98174], [98.1245313, 13.9817687], [98.1245452, 13.9818324]]]}}, {"type": "Feature", "properties": {"osm_id": 508854798, "building": "yes"}, "geometry": {"type": "Polygon", "coordinates": [[[98.1244031, 13.9815045], [98.1245425, 13.9814759], [98.1245292, 13.9814145], [98.1243897, 13.9814431], [98.1244031, 13.9815045]]]}}, {"type": "Feature", "properties": {"osm_id": 508854799, "building": "yes"}, "geometry": {"type": "Polygon", "coordinates": [[[98.1244782, 13.981606], [98.1245766, 13.9816012], [98.1245739, 13.9815492], [98.1244755, 13.981554], [98.1244782, 13.981606]]]}}, {"type": "Feature", "properties": {"osm_id": 508854800, "building": "yes"}, "geometry": {"type": "Polygon", "coordinates": [[[98.1243816, 13.9816294], [98.1244435, 13.9816267], [98.1244408, 13.9815694], [98.1243789, 13.9815722], [98.1243816, 13.9816294]]]}}, {"type": "Feature", "properties": {"osm_id": 508854801, "building": "yes"}, "geometry": {"type": "Polygon", "coordinates": [[[98.1254062, 13.9811401], [98.1254521, 13.9811098], [98.1254118, 13.9810525], [98.125366, 13.9810829], [98.1254062, 13.9811401]]]}}, {"type": "Feature", "properties": {"osm_id": 508854802, "building": "yes"}, "geometry": {"type": "Polygon", "coordinates": [[[98.1252399, 13.9812078], [98.1253099, 13.9812014], [98.1253019, 13.9811181], [98.1252319, 13.9811245], [98.1252399, 13.9812078]]]}}, {"type": "Feature", "properties": {"osm_id": 508854803, "building": "yes"}, "geometry": {"type": "Polygon", "coordinates": [[[98.125197, 13.9811193], [98.1251597, 13.9811223], [98.1251677, 13.981216], [98.125205, 13.981213], [98.125197, 13.9811193]]]}}, {"type": "Feature", "properties": {"osm_id": 508854804, "building": "yes"}, "geometry": {"type": "Polygon", "coordinates": [[[98.1251031, 13.9812208], [98.125156, 13.9812133], [98.1251426, 13.9811248], [98.1250897, 13.9811323], [98.1251031, 13.9812208]]]}}, {"type": "Feature", "properties": {"osm_id": 508854805, "building": "yes"}, "geometry": {"type": "Polygon", "coordinates": [[[98.1242529, 13.9814212], [98.124315, 13.9814078], [98.124299, 13.9813375], [98.1242368, 13.9813509], [98.1242529, 13.9814212]]]}}, {"type": "Feature", "properties": {"osm_id": 508854806, "building": "yes"}, "geometry": {"type": "Polygon", "coordinates": [[[98.1240866, 13.9812182], [98.1243092, 13.9811818], [98.1242977, 13.981116], [98.1240751, 13.9811524], [98.1240866, 13.9812182]]]}}, {"type": "Feature", "properties": {"osm_id": 508854807, "building": "yes"}, "geometry": {"type": "Polygon", "coordinates": [[[98.1241402, 13.9811037], [98.1242797, 13.9810881], [98.1242724, 13.9810267], [98.1241329, 13.9810423], [98.1241402, 13.9811037]]]}}, {"type": "Feature", "properties": {"osm_id": 508854808, "building": "yes"}, "geometry": {"type": "Polygon", "coordinates": [[[98.1241214, 13.9809866], [98.1242604, 13.9809631], [98.1242497, 13.9809032], [98.1241107, 13.9809267], [98.1241214, 13.9809866]]]}}, {"type": "Feature", "properties": {"osm_id": 508854809, "building": "yes"}, "geometry": {"type": "Polygon", "coordinates": [[[98.1238827, 13.9809944], [98.1239854, 13.9809169], [98.1239291, 13.9808466], [98.1238264, 13.9809241], [98.1238827, 13.9809944]]]}}, {"type": "Feature", "properties": {"osm_id": 508854810, "building": "yes"}, "geometry": {"type": "Polygon", "coordinates": [[[98.1240973, 13.980695], [98.1242762, 13.9806711], [98.1242655, 13.9805956], [98.1240866, 13.9806196], [98.1240973, 13.980695]]]}}, {"type": "Feature", "properties": {"osm_id": 508854811, "building": "yes"}, "geometry": {"type": "Polygon", "coordinates": [[[98.1240812, 13.9802838], [98.1242502, 13.9802708], [98.1242446, 13.9802031], [98.1240757, 13.9802161], [98.1240812, 13.9802838]]]}}, {"type": "Feature", "properties": {"osm_id": 508854812, "building": "yes"}, "geometry": {"type": "Polygon", "coordinates": [[[98.1240973, 13.9801511], [98.1241858, 13.9801511], [98.1241858, 13.980086], [98.1240973, 13.980086], [98.1240973, 13.9801511]]]}}, {"type": "Feature", "properties": {"osm_id": 508854813, "building": "yes"}, "geometry": {"type": "Polygon", "coordinates": [[[98.1240705, 13.9799793], [98.1242008, 13.9799908], [98.1242062, 13.9799335], [98.1240758, 13.979922], [98.1240705, 13.9799793]]]}}, {"type": "Feature", "properties": {"osm_id": 508854814, "building": "yes"}, "geometry": {"type": "Polygon", "coordinates": [[[98.1237218, 13.9799793], [98.1238157, 13.9799793], [98.1238157, 13.979922], [98.1237218, 13.979922], [98.1237218, 13.9799793]]]}}, {"type": "Feature", "properties": {"osm_id": 508854815, "building": "yes"}, "geometry": {"type": "Polygon", "coordinates": [[[98.1238425, 13.9802344], [98.123945, 13.9802473], [98.123953, 13.9801875], [98.1238505, 13.9801745], [98.1238425, 13.9802344]]]}}, {"type": "Feature", "properties": {"osm_id": 508854816, "building": "yes"}, "geometry": {"type": "Polygon", "coordinates": [[[98.1234187, 13.9804842], [98.1235501, 13.9804026], [98.1235072, 13.9803375], [98.1233758, 13.9804192], [98.1234187, 13.9804842]]]}}, {"type": "Feature", "properties": {"osm_id": 508854817, "building": "yes"}, "geometry": {"type": "Polygon", "coordinates": [[[98.1232175, 13.9802786], [98.1233329, 13.9802161], [98.1232991, 13.9801574], [98.1231838, 13.9802199], [98.1232175, 13.9802786]]]}}, {"type": "Feature", "properties": {"osm_id": 508854818, "building": "yes"}, "geometry": {"type": "Polygon", "coordinates": [[[98.1233436, 13.9798491], [98.1233811, 13.9798127], [98.1233329, 13.9797659], [98.1232953, 13.9798023], [98.1233436, 13.9798491]]]}}, {"type": "Feature", "properties": {"osm_id": 508854819, "building": "yes"}, "geometry": {"type": "Polygon", "coordinates": [[[98.1223887, 13.9797502], [98.1224331, 13.979714], [98.1223902, 13.9796645], [98.1223458, 13.9797008], [98.1223887, 13.9797502]]]}}, {"type": "Feature", "properties": {"osm_id": 508854820, "building": "yes"}, "geometry": {"type": "Polygon", "coordinates": [[[98.1219086, 13.9798856], [98.1219918, 13.9798049], [98.1219435, 13.979758], [98.1218603, 13.9798387], [98.1219086, 13.9798856]]]}}, {"type": "Feature", "properties": {"osm_id": 508854821, "building": "yes"}, "geometry": {"type": "Polygon", "coordinates": [[[98.1221366, 13.9793702], [98.1222576, 13.9792899], [98.1222227, 13.9792405], [98.1221017, 13.9793208], [98.1221366, 13.9793702]]]}}, {"type": "Feature", "properties": {"osm_id": 508854822, "building": "yes"}, "geometry": {"type": "Polygon", "coordinates": [[[98.1222546, 13.9794691], [98.1223629, 13.9793991], [98.1223254, 13.9793444], [98.1222171, 13.9794145], [98.1222546, 13.9794691]]]}}, {"type": "Feature", "properties": {"osm_id": 508854823, "building": "yes"}, "geometry": {"type": "Polygon", "coordinates": [[[98.1240651, 13.9793885], [98.1241831, 13.9793885], [98.1241831, 13.9793026], [98.1240651, 13.9793026], [98.1240651, 13.9793885]]]}}, {"type": "Feature", "properties": {"osm_id": 508854824, "building": "yes"}, "geometry": {"type": "Polygon", "coordinates": [[[98.125661, 13.9787274], [98.1257229, 13.9787336], [98.1257309, 13.9786581], [98.1256691, 13.9786519], [98.125661, 13.9787274]]]}}, {"type": "Feature", "properties": {"osm_id": 508854825, "building": "yes"}, "geometry": {"type": "Polygon", "coordinates": [[[98.1258193, 13.9788315], [98.1258671, 13.978835], [98.1258751, 13.9787335], [98.1258273, 13.97873], [98.1258193, 13.9788315]]]}}, {"type": "Feature", "properties": {"osm_id": 508854826, "building": "yes"}, "geometry": {"type": "Polygon", "coordinates": [[[98.1255001, 13.9787404], [98.1255801, 13.9787517], [98.1255962, 13.978645], [98.1255162, 13.9786337], [98.1255001, 13.9787404]]]}}, {"type": "Feature", "properties": {"osm_id": 508854827, "building": "yes"}, "geometry": {"type": "Polygon", "coordinates": [[[98.1252426, 13.9786701], [98.125304, 13.9786681], [98.1253013, 13.97859], [98.1252399, 13.978592], [98.1252426, 13.9786701]]]}}, {"type": "Feature", "properties": {"osm_id": 508854828, "building": "yes"}, "geometry": {"type": "Polygon", "coordinates": [[[98.1253794, 13.9787326], [98.1254543, 13.9787359], [98.1254597, 13.9786213], [98.1253847, 13.978618], [98.1253794, 13.9787326]]]}}, {"type": "Feature", "properties": {"osm_id": 508854829, "building": "yes"}, "geometry": {"type": "Polygon", "coordinates": [[[98.1240571, 13.9792011], [98.1241752, 13.9792073], [98.1241805, 13.9791109], [98.1240624, 13.9791048], [98.1240571, 13.9792011]]]}}, {"type": "Feature", "properties": {"osm_id": 508854830, "building": "yes"}, "geometry": {"type": "Polygon", "coordinates": [[[98.1240463, 13.9790579], [98.1241896, 13.9790445], [98.1241815, 13.9789638], [98.1240383, 13.9789772], [98.1240463, 13.9790579]]]}}, {"type": "Feature", "properties": {"osm_id": 508854831, "building": "yes"}, "geometry": {"type": "Polygon", "coordinates": [[[98.1238237, 13.9789694], [98.1239068, 13.9789719], [98.1239095, 13.978886], [98.1238264, 13.9788835], [98.1238237, 13.9789694]]]}}, {"type": "Feature", "properties": {"osm_id": 508854832, "building": "yes"}, "geometry": {"type": "Polygon", "coordinates": [[[98.1203771, 13.9774728], [98.1205299, 13.9774702], [98.120528, 13.9773609], [98.1203751, 13.9773635], [98.1203771, 13.9774728]]]}}, {"type": "Feature", "properties": {"osm_id": 508854833, "building": "yes"}, "geometry": {"type": "Polygon", "coordinates": [[[98.1204334, 13.9776134], [98.1205407, 13.9775925], [98.1205266, 13.9775245], [98.1204194, 13.9775453], [98.1204334, 13.9776134]]]}}, {"type": "Feature", "properties": {"osm_id": 508854834, "building": "yes"}, "geometry": {"type": "Polygon", "coordinates": [[[98.1212541, 13.977858], [98.1213353, 13.97786], [98.121338, 13.9777559], [98.1212568, 13.9777539], [98.1212541, 13.977858]]]}}, {"type": "Feature", "properties": {"osm_id": 508854835, "building": "yes"}, "geometry": {"type": "Polygon", "coordinates": [[[98.120774, 13.9778971], [98.1208594, 13.9778931], [98.120854, 13.9777838], [98.1207687, 13.9777877], [98.120774, 13.9778971]]]}}, {"type": "Feature", "properties": {"osm_id": 508854836, "building": "yes"}, "geometry": {"type": "Polygon", "coordinates": [[[98.1210959, 13.9778554], [98.1211685, 13.97785], [98.1211605, 13.9777485], [98.1210878, 13.9777539], [98.1210959, 13.9778554]]]}}, {"type": "Feature", "properties": {"osm_id": 508854837, "building": "yes"}, "geometry": {"type": "Polygon", "coordinates": [[[98.1217074, 13.9778841], [98.1217772, 13.9778841], [98.1217772, 13.9777513], [98.1217074, 13.9777513], [98.1217074, 13.9778841]]]}}, {"type": "Feature", "properties": {"osm_id": 508854838, "building": "yes"}, "geometry": {"type": "Polygon", "coordinates": [[[98.1218067, 13.9778867], [98.1218818, 13.9778853], [98.1218791, 13.9777473], [98.121804, 13.9777487], [98.1218067, 13.9778867]]]}}, {"type": "Feature", "properties": {"osm_id": 508854839, "building": "yes"}, "geometry": {"type": "Polygon", "coordinates": [[[98.1222734, 13.9779127], [98.1223592, 13.9779127], [98.1223592, 13.9777982], [98.1222734, 13.9777982], [98.1222734, 13.9779127]]]}}, {"type": "Feature", "properties": {"osm_id": 508854840, "building": "yes"}, "geometry": {"type": "Polygon", "coordinates": [[[98.1224236, 13.9778971], [98.1224905, 13.977894], [98.1224851, 13.9777847], [98.1224182, 13.9777877], [98.1224236, 13.9778971]]]}}, {"type": "Feature", "properties": {"osm_id": 508854841, "building": "yes"}, "geometry": {"type": "Polygon", "coordinates": [[[98.1225818, 13.9779543], [98.1226568, 13.9779526], [98.1226542, 13.9778407], [98.1225792, 13.9778424], [98.1225818, 13.9779543]]]}}, {"type": "Feature", "properties": {"osm_id": 508854842, "building": "yes"}, "geometry": {"type": "Polygon", "coordinates": [[[98.1230834, 13.9779231], [98.1231797, 13.9779112], [98.123161, 13.977768], [98.1230646, 13.9777799], [98.1230834, 13.9779231]]]}}, {"type": "Feature", "properties": {"osm_id": 508854843, "building": "yes"}, "geometry": {"type": "Polygon", "coordinates": [[[98.1232417, 13.9779882], [98.1233757, 13.9779846], [98.1233731, 13.9778883], [98.123239, 13.9778919], [98.1232417, 13.9779882]]]}}, {"type": "Feature", "properties": {"osm_id": 508854844, "building": "yes"}, "geometry": {"type": "Polygon", "coordinates": [[[98.1234106, 13.9780142], [98.1235237, 13.978017], [98.1235264, 13.9779155], [98.1234133, 13.9779127], [98.1234106, 13.9780142]]]}}, {"type": "Feature", "properties": {"osm_id": 508854845, "building": "yes"}, "geometry": {"type": "Polygon", "coordinates": [[[98.1235903, 13.9780767], [98.1236654, 13.9780767], [98.1236654, 13.9779934], [98.1235903, 13.9779934], [98.1235903, 13.9780767]]]}}, {"type": "Feature", "properties": {"osm_id": 508854846, "building": "yes"}, "geometry": {"type": "Polygon", "coordinates": [[[98.1203087, 13.9771982], [98.1204334, 13.9771956], [98.1204323, 13.9771465], [98.1203076, 13.9771491], [98.1203087, 13.9771982]]]}}, {"type": "Feature", "properties": {"osm_id": 508856722, "building": "yes"}, "geometry": {"type": "Polygon", "coordinates": [[[98.1228447, 13.980669], [98.1229547, 13.9805935], [98.1229075, 13.9805288], [98.1227975, 13.9806043], [98.1228447, 13.980669]]]}}, {"type": "Feature", "properties": {"osm_id": 508856723, "building": "yes"}, "geometry": {"type": "Polygon", "coordinates": [[[98.1231934, 13.9809371], [98.1232819, 13.980885], [98.1232466, 13.9808286], [98.1231581, 13.9808806], [98.1231934, 13.9809371]]]}}, {"type": "Feature", "properties": {"osm_id": 508856724, "building": "yes"}, "geometry": {"type": "Polygon", "coordinates": [[[98.1235903, 13.981252], [98.1236923, 13.9811948], [98.1236658, 13.9811504], [98.1235639, 13.9812077], [98.1235903, 13.981252]]]}}, {"type": "Feature", "properties": {"osm_id": 508856725, "building": "yes"}, "geometry": {"type": "Polygon", "coordinates": [[[98.1236842, 13.9813015], [98.1237593, 13.9812468], [98.1237278, 13.981206], [98.1236527, 13.9812607], [98.1236842, 13.9813015]]]}}, {"type": "Feature", "properties": {"osm_id": 508856726, "building": "yes"}, "geometry": {"type": "Polygon", "coordinates": [[[98.123703, 13.9814108], [98.1237969, 13.9813379], [98.123772, 13.9813078], [98.1236781, 13.9813806], [98.123703, 13.9814108]]]}}, {"type": "Feature", "properties": {"osm_id": 508856727, "building": "yes"}, "geometry": {"type": "Polygon", "coordinates": [[[98.1241295, 13.981822], [98.1242417, 13.981814], [98.1242363, 13.9817437], [98.1241241, 13.9817518], [98.1241295, 13.981822]]]}}, {"type": "Feature", "properties": {"osm_id": 508856728, "building": "yes"}, "geometry": {"type": "Polygon", "coordinates": [[[98.1239954, 13.9815748], [98.124016, 13.9816314], [98.1241448, 13.9815871], [98.1241241, 13.9815305], [98.1239954, 13.9815748]]]}}, {"type": "Feature", "properties": {"osm_id": 508856729, "building": "yes"}, "geometry": {"type": "Polygon", "coordinates": [[[98.1239605, 13.981377], [98.1238532, 13.981403], [98.1238677, 13.9814593], [98.123975, 13.9814333], [98.1239605, 13.981377]]]}}, {"type": "Feature", "properties": {"osm_id": 508856730, "building": "yes"}, "geometry": {"type": "Polygon", "coordinates": [[[98.1238881, 13.9815592], [98.1240222, 13.9815253], [98.1240047, 13.98146], [98.1238706, 13.9814939], [98.1238881, 13.9815592]]]}}, {"type": "Feature", "properties": {"osm_id": 508856731, "building": "yes"}, "geometry": {"type": "Polygon", "coordinates": [[[98.1240195, 13.9817257], [98.1241375, 13.9816997], [98.12412, 13.9816251], [98.124002, 13.9816511], [98.1240195, 13.9817257]]]}}, {"type": "Feature", "properties": {"osm_id": 508856732, "building": "yes"}, "geometry": {"type": "Polygon", "coordinates": [[[98.1234804, 13.9818403], [98.1235497, 13.981836], [98.1235443, 13.9817528], [98.123475, 13.981757], [98.1234804, 13.9818403]]]}}, {"type": "Feature", "properties": {"osm_id": 508856733, "building": "yes"}, "geometry": {"type": "Polygon", "coordinates": [[[98.1231934, 13.9818819], [98.1232681, 13.98188], [98.1232654, 13.9817811], [98.1231907, 13.981783], [98.1231934, 13.9818819]]]}}, {"type": "Feature", "properties": {"osm_id": 508856734, "building": "yes"}, "geometry": {"type": "Polygon", "coordinates": [[[98.1229761, 13.9818949], [98.12307, 13.9818949], [98.12307, 13.9818376], [98.1229761, 13.9818376], [98.1229761, 13.9818949]]]}}, {"type": "Feature", "properties": {"osm_id": 508856735, "building": "yes"}, "geometry": {"type": "Polygon", "coordinates": [[[98.1229225, 13.9817804], [98.122979, 13.9817816], [98.1229817, 13.9816645], [98.1229252, 13.9816633], [98.1229225, 13.9817804]]]}}, {"type": "Feature", "properties": {"osm_id": 508856736, "building": "yes"}, "geometry": {"type": "Polygon", "coordinates": [[[98.1227803, 13.9818116], [98.1228393, 13.9818116], [98.1228393, 13.9817257], [98.1227803, 13.9817257], [98.1227803, 13.9818116]]]}}, {"type": "Feature", "properties": {"osm_id": 508856737, "building": "yes"}, "geometry": {"type": "Polygon", "coordinates": [[[98.1225952, 13.9818741], [98.1226593, 13.9818724], [98.1226567, 13.9817787], [98.1225926, 13.9817804], [98.1225952, 13.9818741]]]}}, {"type": "Feature", "properties": {"osm_id": 508856738, "building": "yes"}, "geometry": {"type": "Polygon", "coordinates": [[[98.1224692, 13.9818923], [98.122531, 13.9818936], [98.1225337, 13.9817739], [98.1224719, 13.9817726], [98.1224692, 13.9818923]]]}}, {"type": "Feature", "properties": {"osm_id": 508856739, "building": "yes"}, "geometry": {"type": "Polygon", "coordinates": [[[98.1223029, 13.9818376], [98.1223673, 13.9818168], [98.1223319, 13.9817138], [98.1222675, 13.9817346], [98.1223029, 13.9818376]]]}}, {"type": "Feature", "properties": {"osm_id": 508856740, "building": "yes"}, "geometry": {"type": "Polygon", "coordinates": [[[98.1221822, 13.9819418], [98.1222466, 13.9819418], [98.1222466, 13.9818897], [98.1221822, 13.9818897], [98.1221822, 13.9819418]]]}}, {"type": "Feature", "properties": {"osm_id": 508856741, "building": "yes"}, "geometry": {"type": "Polygon", "coordinates": [[[98.1220561, 13.9819652], [98.1221205, 13.9819652], [98.1221205, 13.9818663], [98.1220561, 13.9818663], [98.1220561, 13.9819652]]]}}, {"type": "Feature", "properties": {"osm_id": 508856742, "building": "yes"}, "geometry": {"type": "Polygon", "coordinates": [[[98.1220025, 13.9819444], [98.1219971, 13.9818559], [98.1219457, 13.9818588], [98.1219511, 13.9819473], [98.1220025, 13.9819444]]]}}, {"type": "Feature", "properties": {"osm_id": 508856743, "building": "yes"}, "geometry": {"type": "Polygon", "coordinates": [[[98.1218335, 13.9819574], [98.1219165, 13.9819596], [98.1219192, 13.9818659], [98.1218362, 13.9818637], [98.1218335, 13.9819574]]]}}, {"type": "Feature", "properties": {"osm_id": 508856744, "building": "yes"}, "geometry": {"type": "Polygon", "coordinates": [[[98.1215277, 13.9819287], [98.1216006, 13.9819305], [98.1216033, 13.9818264], [98.1215304, 13.9818246], [98.1215277, 13.9819287]]]}}, {"type": "Feature", "properties": {"osm_id": 508856745, "building": "yes"}, "geometry": {"type": "Polygon", "coordinates": [[[98.1213587, 13.9819079], [98.1214178, 13.9819126], [98.1214259, 13.9818163], [98.1213668, 13.9818116], [98.1213587, 13.9819079]]]}}, {"type": "Feature", "properties": {"osm_id": 508856746, "building": "yes"}, "geometry": {"type": "Polygon", "coordinates": [[[98.1212595, 13.9819183], [98.1213265, 13.9819167], [98.1213238, 13.9818126], [98.1212568, 13.9818142], [98.1212595, 13.9819183]]]}}, {"type": "Feature", "properties": {"osm_id": 508856747, "building": "yes"}, "geometry": {"type": "Polygon", "coordinates": [[[98.1211683, 13.9819053], [98.1212116, 13.9819086], [98.1212196, 13.981807], [98.1211764, 13.9818038], [98.1211683, 13.9819053]]]}}, {"type": "Feature", "properties": {"osm_id": 508856748, "building": "yes"}, "geometry": {"type": "Polygon", "coordinates": [[[98.1210771, 13.9819053], [98.1211382, 13.9819026], [98.1211328, 13.9817906], [98.1210718, 13.9817934], [98.1210771, 13.9819053]]]}}, {"type": "Feature", "properties": {"osm_id": 508856749, "building": "yes"}, "geometry": {"type": "Polygon", "coordinates": [[[98.1209296, 13.9818429], [98.1209887, 13.9818443], [98.1209914, 13.9817375], [98.1209323, 13.9817361], [98.1209296, 13.9818429]]]}}, {"type": "Feature", "properties": {"osm_id": 508856750, "building": "yes"}, "geometry": {"type": "Polygon", "coordinates": [[[98.1207579, 13.981822], [98.1208277, 13.981822], [98.1208277, 13.9816971], [98.1207579, 13.9816971], [98.1207579, 13.981822]]]}}, {"type": "Feature", "properties": {"osm_id": 508856751, "building": "yes"}, "geometry": {"type": "Polygon", "coordinates": [[[98.1204817, 13.9817544], [98.1205648, 13.9817561], [98.1205675, 13.9816337], [98.1204843, 13.981632], [98.1204817, 13.9817544]]]}}, {"type": "Feature", "properties": {"osm_id": 508856752, "building": "yes"}, "geometry": {"type": "Polygon", "coordinates": [[[98.1202322, 13.9817283], [98.120291, 13.9817269], [98.1202883, 13.9816202], [98.1202295, 13.9816216], [98.1202322, 13.9817283]]]}}, {"type": "Feature", "properties": {"osm_id": 508856753, "building": "yes"}, "geometry": {"type": "Polygon", "coordinates": [[[98.1196529, 13.9815852], [98.1197, 13.9816271], [98.119759, 13.9815646], [98.1197119, 13.9815227], [98.1196529, 13.9815852]]]}}, {"type": "Feature", "properties": {"osm_id": 508856754, "building": "yes"}, "geometry": {"type": "Polygon", "coordinates": [[[98.1195617, 13.9813301], [98.1196786, 13.9813225], [98.1196733, 13.9812445], [98.1195563, 13.981252], [98.1195617, 13.9813301]]]}}, {"type": "Feature", "properties": {"osm_id": 508856755, "building": "yes"}, "geometry": {"type": "Polygon", "coordinates": [[[98.1197682, 13.9809267], [98.119855, 13.9809162], [98.119847, 13.9808537], [98.1197602, 13.9808642], [98.1197682, 13.9809267]]]}}, {"type": "Feature", "properties": {"osm_id": 508856756, "building": "yes"}, "geometry": {"type": "Polygon", "coordinates": [[[98.119441, 13.9809944], [98.1195448, 13.981003], [98.1195529, 13.9809119], [98.119449, 13.9809033], [98.119441, 13.9809944]]]}}, {"type": "Feature", "properties": {"osm_id": 508856757, "building": "yes"}, "geometry": {"type": "Polygon", "coordinates": [[[98.1195563, 13.98082], [98.1196285, 13.980828], [98.1196392, 13.9807369], [98.119567, 13.9807289], [98.1195563, 13.98082]]]}}, {"type": "Feature", "properties": {"osm_id": 508856758, "building": "yes"}, "geometry": {"type": "Polygon", "coordinates": [[[98.1195348, 13.9805415], [98.1196519, 13.9805363], [98.1196492, 13.9804791], [98.1195322, 13.9804842], [98.1195348, 13.9805415]]]}}, {"type": "Feature", "properties": {"osm_id": 508856759, "building": "yes"}, "geometry": {"type": "Polygon", "coordinates": [[[98.1195, 13.9802812], [98.11961, 13.9802849], [98.1196127, 13.9802094], [98.1195027, 13.9802057], [98.1195, 13.9802812]]]}}, {"type": "Feature", "properties": {"osm_id": 508856760, "building": "yes"}, "geometry": {"type": "Polygon", "coordinates": [[[98.1198245, 13.9803385], [98.119956, 13.9803124], [98.1199436, 13.9802539], [98.1198122, 13.9802799], [98.1198245, 13.9803385]]]}}, {"type": "Feature", "properties": {"osm_id": 508856761, "building": "yes"}, "geometry": {"type": "Polygon", "coordinates": [[[98.1195724, 13.9801563], [98.1196622, 13.980163], [98.1196676, 13.9800953], [98.1195778, 13.9800886], [98.1195724, 13.9801563]]]}}, {"type": "Feature", "properties": {"osm_id": 508856762, "building": "yes"}, "geometry": {"type": "Polygon", "coordinates": [[[98.1195053, 13.9799533], [98.1195778, 13.9799533], [98.1195778, 13.9798856], [98.1195053, 13.9798856], [98.1195053, 13.9799533]]]}}, {"type": "Feature", "properties": {"osm_id": 508856763, "building": "yes"}, "geometry": {"type": "Polygon", "coordinates": [[[98.1194732, 13.9797815], [98.1195912, 13.9797841], [98.1195934, 13.979688], [98.1194754, 13.9796854], [98.1194732, 13.9797815]]]}}, {"type": "Feature", "properties": {"osm_id": 508856764, "building": "yes"}, "geometry": {"type": "Polygon", "coordinates": [[[98.1195536, 13.9795759], [98.1196341, 13.9795759], [98.1196341, 13.9794691], [98.1195536, 13.9794691], [98.1195536, 13.9795759]]]}}, {"type": "Feature", "properties": {"osm_id": 508856765, "building": "yes"}, "geometry": {"type": "Polygon", "coordinates": [[[98.1197011, 13.979568], [98.119776, 13.9795638], [98.1197706, 13.9794753], [98.1196958, 13.9794796], [98.1197011, 13.979568]]]}}, {"type": "Feature", "properties": {"osm_id": 508856766, "building": "yes"}, "geometry": {"type": "Polygon", "coordinates": [[[98.1198058, 13.9795654], [98.1198597, 13.9795699], [98.1198677, 13.9794788], [98.1198138, 13.9794743], [98.1198058, 13.9795654]]]}}, {"type": "Feature", "properties": {"osm_id": 508856767, "building": "yes"}, "geometry": {"type": "Polygon", "coordinates": [[[98.1199345, 13.9795967], [98.1199964, 13.9795927], [98.1199884, 13.9794755], [98.1199264, 13.9794796], [98.1199345, 13.9795967]]]}}, {"type": "Feature", "properties": {"osm_id": 508856768, "building": "yes"}, "geometry": {"type": "Polygon", "coordinates": [[[98.1202242, 13.9795993], [98.1202889, 13.9796009], [98.1202916, 13.979502], [98.1202269, 13.9795004], [98.1202242, 13.9795993]]]}}, {"type": "Feature", "properties": {"osm_id": 508856769, "building": "yes"}, "geometry": {"type": "Polygon", "coordinates": [[[98.1203797, 13.9796149], [98.1204439, 13.9796128], [98.1204412, 13.9795347], [98.1203771, 13.9795368], [98.1203797, 13.9796149]]]}}, {"type": "Feature", "properties": {"osm_id": 508856770, "building": "yes"}, "geometry": {"type": "Polygon", "coordinates": [[[98.1207257, 13.9796045], [98.1208168, 13.9795996], [98.1208114, 13.9795059], [98.1207204, 13.9795108], [98.1207257, 13.9796045]]]}}, {"type": "Feature", "properties": {"osm_id": 508856771, "building": "yes"}, "geometry": {"type": "Polygon", "coordinates": [[[98.1206292, 13.979365], [98.1206913, 13.9793667], [98.120694, 13.9792704], [98.1206319, 13.9792687], [98.1206292, 13.979365]]]}}, {"type": "Feature", "properties": {"osm_id": 508856772, "building": "yes"}, "geometry": {"type": "Polygon", "coordinates": [[[98.1205219, 13.9793833], [98.1205754, 13.9793818], [98.1205727, 13.9792881], [98.1205192, 13.9792896], [98.1205219, 13.9793833]]]}}, {"type": "Feature", "properties": {"osm_id": 508856773, "building": "yes"}, "geometry": {"type": "Polygon", "coordinates": [[[98.1204253, 13.9793833], [98.1204709, 13.9793842], [98.1204735, 13.9792645], [98.120428, 13.9792635], [98.1204253, 13.9793833]]]}}, {"type": "Feature", "properties": {"osm_id": 508856774, "building": "yes"}, "geometry": {"type": "Polygon", "coordinates": [[[98.1201759, 13.979313], [98.1202215, 13.9793111], [98.1202188, 13.9792512], [98.1201732, 13.9792531], [98.1201759, 13.979313]]]}}, {"type": "Feature", "properties": {"osm_id": 508856775, "building": "yes"}, "geometry": {"type": "Polygon", "coordinates": [[[98.1200659, 13.9793494], [98.1201464, 13.9793478], [98.1201437, 13.9792229], [98.1200632, 13.9792245], [98.1200659, 13.9793494]]]}}, {"type": "Feature", "properties": {"osm_id": 508856776, "building": "yes"}, "geometry": {"type": "Polygon", "coordinates": [[[98.1199318, 13.9793234], [98.1199969, 13.9793199], [98.1199915, 13.9792262], [98.1199264, 13.9792297], [98.1199318, 13.9793234]]]}}, {"type": "Feature", "properties": {"osm_id": 508856777, "building": "yes"}, "geometry": {"type": "Polygon", "coordinates": [[[98.1197655, 13.9793546], [98.1198894, 13.9793463], [98.1198841, 13.9792708], [98.1197602, 13.9792791], [98.1197655, 13.9793546]]]}}, {"type": "Feature", "properties": {"osm_id": 508856778, "building": "yes"}, "geometry": {"type": "Polygon", "coordinates": [[[98.119669, 13.9793468], [98.1197254, 13.9793496], [98.1197308, 13.9792454], [98.1196743, 13.9792427], [98.119669, 13.9793468]]]}}, {"type": "Feature", "properties": {"osm_id": 508856779, "building": "yes"}, "geometry": {"type": "Polygon", "coordinates": [[[98.1195241, 13.9792922], [98.119618, 13.9792843], [98.1196097, 13.9791907], [98.1195158, 13.9791985], [98.1195241, 13.9792922]]]}}, {"type": "Feature", "properties": {"osm_id": 508856780, "building": "yes"}, "geometry": {"type": "Polygon", "coordinates": [[[98.1195322, 13.9790865], [98.1196529, 13.9790839], [98.119651, 13.9790005], [98.1195303, 13.9790031], [98.1195322, 13.9790865]]]}}, {"type": "Feature", "properties": {"osm_id": 508856781, "building": "yes"}, "geometry": {"type": "Polygon", "coordinates": [[[98.1195214, 13.9788653], [98.1196234, 13.9788627], [98.1196219, 13.9788103], [98.11952, 13.9788129], [98.1195214, 13.9788653]]]}}, {"type": "Feature", "properties": {"osm_id": 508856782, "building": "yes"}, "geometry": {"type": "Polygon", "coordinates": [[[98.119508, 13.9787872], [98.1196099, 13.9787794], [98.1196041, 13.9787076], [98.1195022, 13.9787154], [98.119508, 13.9787872]]]}}, {"type": "Feature", "properties": {"osm_id": 508856783, "building": "yes"}, "geometry": {"type": "Polygon", "coordinates": [[[98.1191003, 13.9785764], [98.1191861, 13.9785654], [98.1191727, 13.9784665], [98.1190869, 13.9784775], [98.1191003, 13.9785764]]]}}, {"type": "Feature", "properties": {"osm_id": 508856784, "building": "yes"}, "geometry": {"type": "Polygon", "coordinates": [[[98.1189904, 13.9780272], [98.1190917, 13.9780186], [98.1190864, 13.9779588], [98.118985, 13.9779673], [98.1189904, 13.9780272]]]}}, {"type": "Feature", "properties": {"osm_id": 508856785, "building": "yes"}, "geometry": {"type": "Polygon", "coordinates": [[[98.1190091, 13.9781391], [98.1191245, 13.9781391], [98.1191245, 13.9780584], [98.1190091, 13.9780584], [98.1190091, 13.9781391]]]}}, {"type": "Feature", "properties": {"osm_id": 508856786, "building": "yes"}, "geometry": {"type": "Polygon", "coordinates": [[[98.1189689, 13.9774129], [98.1190482, 13.9774038], [98.1190348, 13.9772945], [98.1189555, 13.9773036], [98.1189689, 13.9774129]]]}}, {"type": "Feature", "properties": {"osm_id": 508856787, "building": "yes"}, "geometry": {"type": "Polygon", "coordinates": [[[98.1189582, 13.9777383], [98.1191059, 13.9777188], [98.1190978, 13.9776615], [98.1189501, 13.977681], [98.1189582, 13.9777383]]]}}, {"type": "Feature", "properties": {"osm_id": 508856788, "building": "yes"}, "geometry": {"type": "Polygon", "coordinates": [[[98.1191567, 13.9775639], [98.1192428, 13.9775618], [98.1192401, 13.9774603], [98.119154, 13.9774624], [98.1191567, 13.9775639]]]}}, {"type": "Feature", "properties": {"osm_id": 508856789, "building": "yes"}, "geometry": {"type": "Polygon", "coordinates": [[[98.1200096, 13.9773271], [98.1201544, 13.9773123], [98.120149, 13.9772628], [98.1200042, 13.9772776], [98.1200096, 13.9773271]]]}}, {"type": "Feature", "properties": {"osm_id": 508856790, "building": "yes"}, "geometry": {"type": "Polygon", "coordinates": [[[98.1199184, 13.9774442], [98.1200172, 13.9774409], [98.1200145, 13.9773654], [98.1199157, 13.9773687], [98.1199184, 13.9774442]]]}}, {"type": "Feature", "properties": {"osm_id": 508856791, "building": "yes"}, "geometry": {"type": "Polygon", "coordinates": [[[98.1199211, 13.9775613], [98.1200548, 13.9775713], [98.1200602, 13.9775036], [98.1199264, 13.9774936], [98.1199211, 13.9775613]]]}}, {"type": "Feature", "properties": {"osm_id": 508856792, "building": "yes"}, "geometry": {"type": "Polygon", "coordinates": [[[98.1200042, 13.977668], [98.1201372, 13.9776563], [98.1201319, 13.977599], [98.1199989, 13.9776108], [98.1200042, 13.977668]]]}}, {"type": "Feature", "properties": {"osm_id": 508856793, "building": "yes"}, "geometry": {"type": "Polygon", "coordinates": [[[98.1197172, 13.977694], [98.1198833, 13.9776739], [98.1198752, 13.9776114], [98.1197092, 13.9776316], [98.1197172, 13.977694]]]}}, {"type": "Feature", "properties": {"osm_id": 508856794, "building": "yes"}, "geometry": {"type": "Polygon", "coordinates": [[[98.1199077, 13.9778658], [98.1200024, 13.9778498], [98.1199917, 13.97779], [98.1198969, 13.977806], [98.1199077, 13.9778658]]]}}, {"type": "Feature", "properties": {"osm_id": 508856795, "building": "yes"}, "geometry": {"type": "Polygon", "coordinates": [[[98.1200552, 13.9778762], [98.1201303, 13.9778762], [98.1201303, 13.977806], [98.1200552, 13.977806], [98.1200552, 13.9778762]]]}}, {"type": "Feature", "properties": {"osm_id": 508856796, "building": "yes"}, "geometry": {"type": "Polygon", "coordinates": [[[98.1199962, 13.9780324], [98.1201276, 13.9779856], [98.1200971, 13.977905], [98.1199657, 13.9779518], [98.1199962, 13.9780324]]]}}, {"type": "Feature", "properties": {"osm_id": 508856797, "building": "yes"}, "geometry": {"type": "Polygon", "coordinates": [[[98.1201303, 13.9781782], [98.1202215, 13.9781235], [98.120184, 13.9780646], [98.1200928, 13.9781193], [98.1201303, 13.9781782]]]}}, {"type": "Feature", "properties": {"osm_id": 508856798, "building": "yes"}, "geometry": {"type": "Polygon", "coordinates": [[[98.1202483, 13.9782224], [98.1203234, 13.9781808], [98.1202947, 13.978132], [98.1202196, 13.9781736], [98.1202483, 13.9782224]]]}}, {"type": "Feature", "properties": {"osm_id": 508856799, "building": "yes"}, "geometry": {"type": "Polygon", "coordinates": [[[98.1203073, 13.9783239], [98.1203966, 13.978257], [98.120351, 13.9781997], [98.1202617, 13.9782667], [98.1203073, 13.9783239]]]}}, {"type": "Feature", "properties": {"osm_id": 508856800, "building": "yes"}, "geometry": {"type": "Polygon", "coordinates": [[[98.1204066, 13.978441], [98.1204791, 13.9783841], [98.1204335, 13.9783294], [98.120361, 13.9783864], [98.1204066, 13.978441]]]}}, {"type": "Feature", "properties": {"osm_id": 508856801, "building": "yes"}, "geometry": {"type": "Polygon", "coordinates": [[[98.1205192, 13.9785998], [98.1206126, 13.9785495], [98.1205724, 13.9784792], [98.120479, 13.9785295], [98.1205192, 13.9785998]]]}}, {"type": "Feature", "properties": {"osm_id": 508856802, "building": "yes"}, "geometry": {"type": "Polygon", "coordinates": [[[98.1206667, 13.9787247], [98.1207781, 13.9786167], [98.1207137, 13.9785543], [98.1206024, 13.9786623], [98.1206667, 13.9787247]]]}}, {"type": "Feature", "properties": {"osm_id": 508856803, "building": "yes"}, "geometry": {"type": "Polygon", "coordinates": [[[98.1210396, 13.978363], [98.1211019, 13.9782964], [98.1210724, 13.9782703], [98.1210101, 13.9783369], [98.1210396, 13.978363]]]}}, {"type": "Feature", "properties": {"osm_id": 508856804, "building": "yes"}, "geometry": {"type": "Polygon", "coordinates": [[[98.1209618, 13.9783083], [98.1210181, 13.9782641], [98.1209725, 13.9782094], [98.1209162, 13.9782536], [98.1209618, 13.9783083]]]}}, {"type": "Feature", "properties": {"osm_id": 508856805, "building": "yes"}, "geometry": {"type": "Polygon", "coordinates": [[[98.1212381, 13.9784723], [98.1212994, 13.9784073], [98.121235, 13.9783501], [98.1211737, 13.978415], [98.1212381, 13.9784723]]]}}, {"type": "Feature", "properties": {"osm_id": 508856806, "building": "yes"}, "geometry": {"type": "Polygon", "coordinates": [[[98.1212836, 13.9781131], [98.1213453, 13.9781131], [98.1213453, 13.978035], [98.1212836, 13.978035], [98.1212836, 13.9781131]]]}}, {"type": "Feature", "properties": {"osm_id": 508856807, "building": "yes"}, "geometry": {"type": "Polygon", "coordinates": [[[98.121171, 13.9781756], [98.1212441, 13.9781771], [98.1212468, 13.9780547], [98.1211737, 13.9780532], [98.121171, 13.9781756]]]}}, {"type": "Feature", "properties": {"osm_id": 508856808, "building": "yes"}, "geometry": {"type": "Polygon", "coordinates": [[[98.121053, 13.9781235], [98.1211489, 13.9781158], [98.1211408, 13.9780221], [98.1210449, 13.9780298], [98.121053, 13.9781235]]]}}, {"type": "Feature", "properties": {"osm_id": 508856809, "building": "yes"}, "geometry": {"type": "Polygon", "coordinates": [[[98.120546, 13.9781027], [98.1206033, 13.9780444], [98.1205443, 13.9779898], [98.120487, 13.978048], [98.120546, 13.9781027]]]}}, {"type": "Feature", "properties": {"osm_id": 508856810, "building": "yes"}, "geometry": {"type": "Polygon", "coordinates": [[[98.120605, 13.9780897], [98.1206718, 13.9781362], [98.1207335, 13.978053], [98.1206667, 13.9780064], [98.120605, 13.9780897]]]}}, {"type": "Feature", "properties": {"osm_id": 508856811, "building": "yes"}, "geometry": {"type": "Polygon", "coordinates": [[[98.1207043, 13.9781938], [98.1207874, 13.9780923], [98.1207346, 13.9780515], [98.1206514, 13.978153], [98.1207043, 13.9781938]]]}}, {"type": "Feature", "properties": {"osm_id": 508856812, "building": "yes"}, "geometry": {"type": "Polygon", "coordinates": [[[98.1207955, 13.9782667], [98.1208867, 13.9781599], [98.1208335, 13.9781172], [98.1207423, 13.9782239], [98.1207955, 13.9782667]]]}}, {"type": "Feature", "properties": {"osm_id": 508857268, "building": "yes"}, "geometry": {"type": "Polygon", "coordinates": [[[98.1199667, 13.9748179], [98.1200927, 13.9748179], [98.1200927, 13.9747711], [98.1199667, 13.9747711], [98.1199667, 13.9748179]]]}}, {"type": "Feature", "properties": {"osm_id": 508857269, "building": "yes"}, "geometry": {"type": "Polygon", "coordinates": [[[98.1199399, 13.9749481], [98.1200392, 13.9749311], [98.1200311, 13.9748868], [98.1199318, 13.9749038], [98.1199399, 13.9749481]]]}}, {"type": "Feature", "properties": {"osm_id": 508857270, "building": "yes"}, "geometry": {"type": "Polygon", "coordinates": [[[98.1199452, 13.97506], [98.1200445, 13.9750496], [98.1200363, 13.9749764], [98.1199371, 13.9749868], [98.1199452, 13.97506]]]}}, {"type": "Feature", "properties": {"osm_id": 508857271, "building": "yes"}, "geometry": {"type": "Polygon", "coordinates": [[[98.1199238, 13.9751745], [98.1200579, 13.9751693], [98.1200546, 13.9750907], [98.1199205, 13.975096], [98.1199238, 13.9751745]]]}}, {"type": "Feature", "properties": {"osm_id": 508857272, "building": "yes"}, "geometry": {"type": "Polygon", "coordinates": [[[98.1199023, 13.9752995], [98.1200686, 13.9752917], [98.1200653, 13.9752261], [98.119899, 13.9752339], [98.1199023, 13.9752995]]]}}, {"type": "Feature", "properties": {"osm_id": 508857273, "building": "yes"}, "geometry": {"type": "Polygon", "coordinates": [[[98.1202859, 13.9749038], [98.120428, 13.974896], [98.1204245, 13.9748352], [98.1202823, 13.974843], [98.1202859, 13.9749038]]]}}, {"type": "Feature", "properties": {"osm_id": 508857274, "building": "yes"}, "geometry": {"type": "Polygon", "coordinates": [[[98.1202993, 13.9750001], [98.120428, 13.9750027], [98.1204295, 13.9749353], [98.1203007, 13.9749327], [98.1202993, 13.9750001]]]}}, {"type": "Feature", "properties": {"osm_id": 508857275, "building": "yes"}, "geometry": {"type": "Polygon", "coordinates": [[[98.1202215, 13.975073], [98.1203093, 13.9750787], [98.1203119, 13.9750397], [98.1202242, 13.975034], [98.1202215, 13.975073]]]}}, {"type": "Feature", "properties": {"osm_id": 508857276, "building": "yes"}, "geometry": {"type": "Polygon", "coordinates": [[[98.1202161, 13.9751563], [98.1203717, 13.9751459], [98.120369, 13.9751084], [98.1202135, 13.9751188], [98.1202161, 13.9751563]]]}}, {"type": "Feature", "properties": {"osm_id": 508857277, "building": "yes"}, "geometry": {"type": "Polygon", "coordinates": [[[98.1202564, 13.9752578], [98.120385, 13.9752534], [98.1203824, 13.9751805], [98.1202537, 13.9751849], [98.1202564, 13.9752578]]]}}, {"type": "Feature", "properties": {"osm_id": 508857278, "building": "yes"}, "geometry": {"type": "Polygon", "coordinates": [[[98.12031, 13.9754869], [98.1204056, 13.9754782], [98.1203948, 13.9753663], [98.1202993, 13.975375], [98.12031, 13.9754869]]]}}, {"type": "Feature", "properties": {"osm_id": 508857279, "building": "yes"}, "geometry": {"type": "Polygon", "coordinates": [[[98.120141, 13.9754608], [98.1201942, 13.9754562], [98.1201889, 13.9753989], [98.1201357, 13.9754036], [98.120141, 13.9754608]]]}}, {"type": "Feature", "properties": {"osm_id": 508857280, "building": "yes"}, "geometry": {"type": "Polygon", "coordinates": [[[98.1200579, 13.9754791], [98.1200927, 13.9754791], [98.1200927, 13.975401], [98.1200579, 13.975401], [98.1200579, 13.9754791]]]}}, {"type": "Feature", "properties": {"osm_id": 508857281, "building": "yes"}, "geometry": {"type": "Polygon", "coordinates": [[[98.1199774, 13.9754869], [98.1200311, 13.9754853], [98.1200284, 13.9753968], [98.1199747, 13.9753984], [98.1199774, 13.9754869]]]}}, {"type": "Feature", "properties": {"osm_id": 508857282, "building": "yes"}, "geometry": {"type": "Polygon", "coordinates": [[[98.119905, 13.9754973], [98.1199505, 13.9754956], [98.1199452, 13.9753602], [98.1198996, 13.9753619], [98.119905, 13.9754973]]]}}, {"type": "Feature", "properties": {"osm_id": 508857283, "building": "yes"}, "geometry": {"type": "Polygon", "coordinates": [[[98.120082, 13.9756404], [98.1201437, 13.9756404], [98.1201437, 13.9755519], [98.120082, 13.9755519], [98.120082, 13.9756404]]]}}, {"type": "Feature", "properties": {"osm_id": 508857284, "building": "yes"}, "geometry": {"type": "Polygon", "coordinates": [[[98.119913, 13.9756196], [98.120039, 13.9756109], [98.1200337, 13.975538], [98.1199077, 13.9755467], [98.119913, 13.9756196]]]}}, {"type": "Feature", "properties": {"osm_id": 508857285, "building": "yes"}, "geometry": {"type": "Polygon", "coordinates": [[[98.1202134, 13.9757758], [98.1202564, 13.9757758], [98.1202564, 13.9756326], [98.1202134, 13.9756326], [98.1202134, 13.9757758]]]}}, {"type": "Feature", "properties": {"osm_id": 508857286, "building": "yes"}, "geometry": {"type": "Polygon", "coordinates": [[[98.1200713, 13.9756743], [98.1200737, 13.9757207], [98.1201784, 13.9757155], [98.1201759, 13.9756691], [98.1200713, 13.9756743]]]}}, {"type": "Feature", "properties": {"osm_id": 508857288, "building": "yes"}, "geometry": {"type": "Polygon", "coordinates": [[[98.1200659, 13.9757446], [98.1200647, 13.9757885], [98.1201612, 13.9757912], [98.1201625, 13.9757472], [98.1200659, 13.9757446]]]}}, {"type": "Feature", "properties": {"osm_id": 508857289, "building": "yes"}, "geometry": {"type": "Polygon", "coordinates": [[[98.1203456, 13.9758408], [98.1203593, 13.9758416], [98.1203784, 13.9755416], [98.1202912, 13.9755363], [98.120274, 13.9758064], [98.1200539, 13.9758025], [98.1200525, 13.9758747], [98.1203449, 13.9758799], [98.1203456, 13.9758408]]]}}, {"type": "Feature", "properties": {"osm_id": 508857290, "building": "yes"}, "geometry": {"type": "Polygon", "coordinates": [[[98.1199077, 13.9758825], [98.1200089, 13.9758919], [98.1200197, 13.9757825], [98.1199184, 13.9757732], [98.1199077, 13.9758825]]]}}, {"type": "Feature", "properties": {"osm_id": 508857291, "building": "yes"}, "geometry": {"type": "Polygon", "coordinates": [[[98.1198916, 13.9760283], [98.1198894, 13.9760643], [98.1200289, 13.9760721], [98.1200311, 13.9760361], [98.1198916, 13.9760283]]]}}, {"type": "Feature", "properties": {"osm_id": 508857292, "building": "yes"}, "geometry": {"type": "Polygon", "coordinates": [[[98.1199747, 13.9761922], [98.1200278, 13.9761894], [98.1200224, 13.9760957], [98.1199694, 13.9760985], [98.1199747, 13.9761922]]]}}, {"type": "Feature", "properties": {"osm_id": 508857293, "building": "yes"}, "geometry": {"type": "Polygon", "coordinates": [[[98.1198996, 13.9762026], [98.1199458, 13.9761994], [98.1199377, 13.9760901], [98.1198916, 13.9760933], [98.1198996, 13.9762026]]]}}, {"type": "Feature", "properties": {"osm_id": 508857294, "building": "yes"}, "geometry": {"type": "Polygon", "coordinates": [[[98.1201383, 13.9762573], [98.1202215, 13.9762573], [98.1202215, 13.9761896], [98.1201383, 13.9761896], [98.1201383, 13.9762573]]]}}, {"type": "Feature", "properties": {"osm_id": 508857296, "building": "yes"}, "geometry": {"type": "Polygon", "coordinates": [[[98.1199077, 13.976364], [98.1200123, 13.976364], [98.1200123, 13.9762963], [98.1199077, 13.9762963], [98.1199077, 13.976364]]]}}, {"type": "Feature", "properties": {"osm_id": 508857297, "building": "yes"}, "geometry": {"type": "Polygon", "coordinates": [[[98.1200552, 13.976364], [98.1202295, 13.976364], [98.1202295, 13.9762937], [98.1200552, 13.9762937], [98.1200552, 13.976364]]]}}, {"type": "Feature", "properties": {"osm_id": 508857298, "building": "yes"}, "geometry": {"type": "Polygon", "coordinates": [[[98.120133, 13.9764864], [98.1202454, 13.9764828], [98.1202427, 13.9764021], [98.1201303, 13.9764057], [98.120133, 13.9764864]]]}}, {"type": "Feature", "properties": {"osm_id": 508857299, "building": "yes"}, "geometry": {"type": "Polygon", "coordinates": [[[98.1199747, 13.9764864], [98.1200378, 13.9764903], [98.1200432, 13.9764096], [98.1199801, 13.9764057], [98.1199747, 13.9764864]]]}}, {"type": "Feature", "properties": {"osm_id": 508857300, "building": "yes"}, "geometry": {"type": "Polygon", "coordinates": [[[98.119162, 13.9769575], [98.1192112, 13.9769117], [98.1191495, 13.9768493], [98.1191003, 13.976895], [98.119162, 13.9769575]]]}}, {"type": "Feature", "properties": {"osm_id": 508857301, "building": "yes"}, "geometry": {"type": "Polygon", "coordinates": [[[98.1192264, 13.9768455], [98.1192829, 13.9768282], [98.1192507, 13.9767293], [98.1191942, 13.9767466], [98.1192264, 13.9768455]]]}}, {"type": "Feature", "properties": {"osm_id": 508857302, "building": "yes"}, "geometry": {"type": "Polygon", "coordinates": [[[98.1193042, 13.9768325], [98.1193868, 13.9768147], [98.11936, 13.9766976], [98.1192774, 13.9767154], [98.1193042, 13.9768325]]]}}, {"type": "Feature", "properties": {"osm_id": 508857303, "building": "yes"}, "geometry": {"type": "Polygon", "coordinates": [[[98.1194141, 13.9767727], [98.1194725, 13.976756], [98.1194457, 13.9766675], [98.1193873, 13.9766842], [98.1194141, 13.9767727]]]}}, {"type": "Feature", "properties": {"osm_id": 508857304, "building": "yes"}, "geometry": {"type": "Polygon", "coordinates": [[[98.1195161, 13.9767492], [98.1195504, 13.9767437], [98.1195397, 13.9766812], [98.1195053, 13.9766868], [98.1195161, 13.9767492]]]}}, {"type": "Feature", "properties": {"osm_id": 508857305, "building": "yes"}, "geometry": {"type": "Polygon", "coordinates": [[[98.1195912, 13.9768872], [98.1196825, 13.9768848], [98.1196798, 13.9767885], [98.1195885, 13.9767909], [98.1195912, 13.9768872]]]}}, {"type": "Feature", "properties": {"osm_id": 508857306, "building": "yes"}, "geometry": {"type": "Polygon", "coordinates": [[[98.1195751, 13.976731], [98.1196559, 13.9767265], [98.1196505, 13.9766354], [98.1195697, 13.9766399], [98.1195751, 13.976731]]]}}, {"type": "Feature", "properties": {"osm_id": 508857307, "building": "yes"}, "geometry": {"type": "Polygon", "coordinates": [[[98.1197602, 13.9767258], [98.1198465, 13.9767141], [98.1198305, 13.9766022], [98.1197441, 13.9766139], [98.1197602, 13.9767258]]]}}, {"type": "Feature", "properties": {"osm_id": 508857308, "building": "yes"}, "geometry": {"type": "Polygon", "coordinates": [[[98.1199184, 13.9767076], [98.1200371, 13.9766961], [98.1200264, 13.976592], [98.1199077, 13.9766035], [98.1199184, 13.9767076]]]}}, {"type": "Feature", "properties": {"osm_id": 508857309, "building": "yes"}, "geometry": {"type": "Polygon", "coordinates": [[[98.1200981, 13.9766295], [98.1202242, 13.9766243], [98.1202208, 13.9765468], [98.1200947, 13.976552], [98.1200981, 13.9766295]]]}}, {"type": "Feature", "properties": {"osm_id": 508857310, "building": "yes"}, "geometry": {"type": "Polygon", "coordinates": [[[98.1201088, 13.9767154], [98.1202134, 13.9767206], [98.1202165, 13.9766638], [98.1201118, 13.9766586], [98.1201088, 13.9767154]]]}}, {"type": "Feature", "properties": {"osm_id": 508857311, "building": "yes"}, "geometry": {"type": "Polygon", "coordinates": [[[98.1200579, 13.9768143], [98.1202, 13.9768169], [98.1202014, 13.9767442], [98.1200593, 13.9767416], [98.1200579, 13.9768143]]]}}, {"type": "Feature", "properties": {"osm_id": 508857312, "building": "yes"}, "geometry": {"type": "Polygon", "coordinates": [[[98.1200525, 13.9769184], [98.1201544, 13.9769158], [98.1201523, 13.9768376], [98.1200504, 13.9768402], [98.1200525, 13.9769184]]]}}, {"type": "Feature", "properties": {"osm_id": 508857313, "building": "yes"}, "geometry": {"type": "Polygon", "coordinates": [[[98.1200606, 13.9770121], [98.1201839, 13.9770173], [98.1201871, 13.9769473], [98.1200637, 13.9769421], [98.1200606, 13.9770121]]]}}, {"type": "Feature", "properties": {"osm_id": 508857314, "building": "yes"}, "geometry": {"type": "Polygon", "coordinates": [[[98.1200311, 13.977111], [98.1201732, 13.9771188], [98.1201769, 13.9770561], [98.1200347, 13.9770483], [98.1200311, 13.977111]]]}}, {"type": "Feature", "properties": {"osm_id": 508857315, "building": "yes"}, "geometry": {"type": "Polygon", "coordinates": [[[98.1188428, 13.9808538], [98.1189425, 13.9808683], [98.1189586, 13.9807642], [98.1188589, 13.9807497], [98.1188428, 13.9808538]]]}}, {"type": "Feature", "properties": {"osm_id": 508857316, "building": "yes"}, "geometry": {"type": "Polygon", "coordinates": [[[98.1192291, 13.9802916], [98.1193199, 13.9802971], [98.1193253, 13.9802138], [98.1192344, 13.9802083], [98.1192291, 13.9802916]]]}}, {"type": "Feature", "properties": {"osm_id": 508857317, "building": "yes"}, "geometry": {"type": "Polygon", "coordinates": [[[98.1192023, 13.980479], [98.1193087, 13.9804669], [98.119298, 13.9803784], [98.1191915, 13.9803905], [98.1192023, 13.980479]]]}}, {"type": "Feature", "properties": {"osm_id": 508857318, "building": "yes"}, "geometry": {"type": "Polygon", "coordinates": [[[98.1191647, 13.9807133], [98.1192677, 13.9807042], [98.119257, 13.9805897], [98.119154, 13.9805987], [98.1191647, 13.9807133]]]}}, {"type": "Feature", "properties": {"osm_id": 508857319, "building": "yes"}, "geometry": {"type": "Polygon", "coordinates": [[[98.1191701, 13.9813327], [98.1192988, 13.9813327], [98.1192988, 13.981239], [98.1191701, 13.981239], [98.1191701, 13.9813327]]]}}, {"type": "Feature", "properties": {"osm_id": 508857320, "building": "yes"}, "geometry": {"type": "Polygon", "coordinates": [[[98.1184566, 13.98139], [98.1185185, 13.981402], [98.11854, 13.9812979], [98.1184781, 13.9812859], [98.1184566, 13.98139]]]}}, {"type": "Feature", "properties": {"osm_id": 508857321, "building": "yes"}, "geometry": {"type": "Polygon", "coordinates": [[[98.1182635, 13.9816034], [98.1183279, 13.9815566], [98.118277, 13.9814908], [98.1182126, 13.9815376], [98.1182635, 13.9816034]]]}}, {"type": "Feature", "properties": {"osm_id": 508857322, "building": "yes"}, "geometry": {"type": "Polygon", "coordinates": [[[98.1185746, 13.9814681], [98.1186809, 13.9814879], [98.1187077, 13.9813525], [98.1186014, 13.9813327], [98.1185746, 13.9814681]]]}}, {"type": "Feature", "properties": {"osm_id": 508857323, "building": "yes"}, "geometry": {"type": "Polygon", "coordinates": [[[98.1185317, 13.9817387], [98.118648, 13.981735], [98.1186426, 13.9815788], [98.1185263, 13.9815826], [98.1185317, 13.9817387]]]}}, {"type": "Feature", "properties": {"osm_id": 508857324, "building": "yes"}, "geometry": {"type": "Polygon", "coordinates": [[[98.1187624, 13.9817596], [98.1188742, 13.9817716], [98.118885, 13.9816779], [98.1187731, 13.9816659], [98.1187624, 13.9817596]]]}}, {"type": "Feature", "properties": {"osm_id": 508857325, "building": "yes"}, "geometry": {"type": "Polygon", "coordinates": [[[98.118993, 13.9818637], [98.1190896, 13.9818686], [98.119095, 13.9817697], [98.1189984, 13.9817648], [98.118993, 13.9818637]]]}}, {"type": "Feature", "properties": {"osm_id": 508857326, "building": "yes"}, "geometry": {"type": "Polygon", "coordinates": [[[98.1194222, 13.982124], [98.1195831, 13.982124], [98.1195831, 13.9820459], [98.1194222, 13.9820459], [98.1194222, 13.982124]]]}}, {"type": "Feature", "properties": {"osm_id": 508857327, "building": "yes"}, "geometry": {"type": "Polygon", "coordinates": [[[98.119331, 13.9819314], [98.1194701, 13.9819242], [98.1194647, 13.9818253], [98.1193256, 13.9818324], [98.119331, 13.9819314]]]}}, {"type": "Feature", "properties": {"osm_id": 508857328, "building": "yes"}, "geometry": {"type": "Polygon", "coordinates": [[[98.11836, 13.9822593], [98.1185057, 13.9822047], [98.1184542, 13.9820753], [98.1183192, 13.9820831], [98.11836, 13.9822593]]]}}, {"type": "Feature", "properties": {"osm_id": 508857329, "building": "yes"}, "geometry": {"type": "Polygon", "coordinates": [[[98.1185907, 13.9824675], [98.1186736, 13.982372], [98.1185717, 13.9822887], [98.1184888, 13.9823842], [98.1185907, 13.9824675]]]}}, {"type": "Feature", "properties": {"osm_id": 508857330, "building": "yes"}, "geometry": {"type": "Polygon", "coordinates": [[[98.1191057, 13.982884], [98.1191416, 13.9827985], [98.1189967, 13.9827412], [98.1189609, 13.9828267], [98.1191057, 13.982884]]]}}, {"type": "Feature", "properties": {"osm_id": 508857331, "building": "yes"}, "geometry": {"type": "Polygon", "coordinates": [[[98.118934, 13.9826237], [98.11899, 13.9825626], [98.1188934, 13.9824793], [98.1188375, 13.9825404], [98.118934, 13.9826237]]]}}, {"type": "Feature", "properties": {"osm_id": 508857332, "building": "yes"}, "geometry": {"type": "Polygon", "coordinates": [[[98.1200337, 13.9842998], [98.1201549, 13.9842662], [98.1201227, 13.9841569], [98.1200015, 13.9841905], [98.1200337, 13.9842998]]]}}, {"type": "Feature", "properties": {"osm_id": 508857333, "building": "yes"}, "geometry": {"type": "Polygon", "coordinates": [[[98.1185961, 13.9853669], [98.1187398, 13.9853], [98.1186754, 13.9851699], [98.1185317, 13.9852368], [98.1185961, 13.9853669]]]}}, {"type": "Feature", "properties": {"osm_id": 508857334, "building": "yes"}, "geometry": {"type": "Polygon", "coordinates": [[[98.1186444, 13.9855439], [98.1187459, 13.9854869], [98.1186868, 13.985388], [98.1185853, 13.985445], [98.1186444, 13.9855439]]]}}, {"type": "Feature", "properties": {"osm_id": 508857335, "building": "yes"}, "geometry": {"type": "Polygon", "coordinates": [[[98.1187302, 13.9859083], [98.1188644, 13.9859176], [98.1188751, 13.9857719], [98.1187409, 13.9857626], [98.1187302, 13.9859083]]]}}, {"type": "Feature", "properties": {"osm_id": 508864323, "building": "yes"}, "geometry": {"type": "Polygon", "coordinates": [[[98.1178772, 13.9737664], [98.1179903, 13.9737858], [98.1180064, 13.9736973], [98.1178933, 13.9736779], [98.1178772, 13.9737664]]]}}, {"type": "Feature", "properties": {"osm_id": 508864324, "building": "yes"}, "geometry": {"type": "Polygon", "coordinates": [[[98.1181052, 13.9739304], [98.1181885, 13.973932], [98.1181912, 13.9738019], [98.1181079, 13.9738002], [98.1181052, 13.9739304]]]}}, {"type": "Feature", "properties": {"osm_id": 508864325, "building": "yes"}, "geometry": {"type": "Polygon", "coordinates": [[[98.1176439, 13.9737039], [98.1177824, 13.9737343], [98.1178011, 13.9736536], [98.1176627, 13.9736233], [98.1176439, 13.9737039]]]}}, {"type": "Feature", "properties": {"osm_id": 508864326, "building": "yes"}, "geometry": {"type": "Polygon", "coordinates": [[[98.1176627, 13.9738809], [98.1177686, 13.9738918], [98.1177794, 13.9737928], [98.1176734, 13.973782], [98.1176627, 13.9738809]]]}}, {"type": "Feature", "properties": {"osm_id": 508864327, "building": "yes"}, "geometry": {"type": "Polygon", "coordinates": [[[98.1176653, 13.9740189], [98.1177964, 13.9740146], [98.1177937, 13.9739366], [98.1176627, 13.9739408], [98.1176653, 13.9740189]]]}}, {"type": "Feature", "properties": {"osm_id": 508864328, "building": "yes"}, "geometry": {"type": "Polygon", "coordinates": [[[98.1176385, 13.9741985], [98.1177085, 13.9742011], [98.1177112, 13.9741334], [98.1176412, 13.9741308], [98.1176385, 13.9741985]]]}}, {"type": "Feature", "properties": {"osm_id": 508864329, "building": "yes"}, "geometry": {"type": "Polygon", "coordinates": [[[98.1176332, 13.974274], [98.1177297, 13.9742661], [98.1177262, 13.974225], [98.1176296, 13.9742328], [98.1176332, 13.974274]]]}}, {"type": "Feature", "properties": {"osm_id": 508864330, "building": "yes"}, "geometry": {"type": "Polygon", "coordinates": [[[98.1176573, 13.9744197], [98.1177351, 13.9744197], [98.1177351, 13.9743104], [98.1176573, 13.9743104], [98.1176573, 13.9744197]]]}}, {"type": "Feature", "properties": {"osm_id": 508864331, "building": "yes"}, "geometry": {"type": "Polygon", "coordinates": [[[98.117778, 13.9744171], [98.1178772, 13.9744171], [98.1178772, 13.9743234], [98.117778, 13.9743234], [98.117778, 13.9744171]]]}}, {"type": "Feature", "properties": {"osm_id": 508864332, "building": "yes"}, "geometry": {"type": "Polygon", "coordinates": [[[98.1179041, 13.974451], [98.1179461, 13.9744532], [98.1179514, 13.9743568], [98.1179094, 13.9743546], [98.1179041, 13.974451]]]}}, {"type": "Feature", "properties": {"osm_id": 508864333, "building": "yes"}, "geometry": {"type": "Polygon", "coordinates": [[[98.1179738, 13.9744796], [98.1180167, 13.9744787], [98.118014, 13.9743615], [98.1179711, 13.9743625], [98.1179738, 13.9744796]]]}}, {"type": "Feature", "properties": {"osm_id": 508864334, "building": "yes"}, "geometry": {"type": "Polygon", "coordinates": [[[98.1180462, 13.9744353], [98.1181266, 13.9744371], [98.1181293, 13.9743252], [98.1180489, 13.9743234], [98.1180462, 13.9744353]]]}}, {"type": "Feature", "properties": {"osm_id": 508864335, "building": "yes"}, "geometry": {"type": "Polygon", "coordinates": [[[98.1181616, 13.9744666], [98.1182363, 13.9744683], [98.118239, 13.9743563], [98.1181642, 13.9743546], [98.1181616, 13.9744666]]]}}, {"type": "Feature", "properties": {"osm_id": 508864336, "building": "yes"}, "geometry": {"type": "Polygon", "coordinates": [[[98.1182662, 13.9744457], [98.1183223, 13.9744522], [98.1183331, 13.9743637], [98.1182769, 13.9743572], [98.1182662, 13.9744457]]]}}, {"type": "Feature", "properties": {"osm_id": 508864337, "building": "yes"}, "geometry": {"type": "Polygon", "coordinates": [[[98.1182501, 13.9745551], [98.1183139, 13.9745639], [98.1183246, 13.974491], [98.1182608, 13.9744822], [98.1182501, 13.9745551]]]}}, {"type": "Feature", "properties": {"osm_id": 508864338, "building": "yes"}, "geometry": {"type": "Polygon", "coordinates": [[[98.1183761, 13.9744666], [98.1184241, 13.974468], [98.1184268, 13.9743821], [98.1183788, 13.9743807], [98.1183761, 13.9744666]]]}}, {"type": "Feature", "properties": {"osm_id": 508864339, "building": "yes"}, "geometry": {"type": "Polygon", "coordinates": [[[98.1184405, 13.9745342], [98.1184626, 13.9745366], [98.1184733, 13.9744429], [98.1184512, 13.9744405], [98.1184405, 13.9745342]]]}}, {"type": "Feature", "properties": {"osm_id": 508864340, "building": "yes"}, "geometry": {"type": "Polygon", "coordinates": [[[98.1185102, 13.9745811], [98.1185746, 13.9745834], [98.11858, 13.9744429], [98.1185156, 13.9744405], [98.1185102, 13.9745811]]]}}, {"type": "Feature", "properties": {"osm_id": 508864341, "building": "yes"}, "geometry": {"type": "Polygon", "coordinates": [[[98.1186014, 13.9745811], [98.1186541, 13.9745844], [98.1186621, 13.9744647], [98.1186095, 13.9744614], [98.1186014, 13.9745811]]]}}, {"type": "Feature", "properties": {"osm_id": 508864342, "building": "yes"}, "geometry": {"type": "Polygon", "coordinates": [[[98.1186873, 13.9746045], [98.1187601, 13.9746061], [98.1187627, 13.9744863], [98.11869, 13.9744848], [98.1186873, 13.9746045]]]}}, {"type": "Feature", "properties": {"osm_id": 508864343, "building": "yes"}, "geometry": {"type": "Polygon", "coordinates": [[[98.1184834, 13.9740111], [98.1185748, 13.974013], [98.1185775, 13.9738933], [98.1184861, 13.9738913], [98.1184834, 13.9740111]]]}}, {"type": "Feature", "properties": {"osm_id": 508864344, "building": "yes"}, "geometry": {"type": "Polygon", "coordinates": [[[98.1186819, 13.9740293], [98.1187639, 13.9740585], [98.1187934, 13.9739804], [98.1187114, 13.9739512], [98.1186819, 13.9740293]]]}}, {"type": "Feature", "properties": {"osm_id": 508864345, "building": "yes"}, "geometry": {"type": "Polygon", "coordinates": [[[98.118757, 13.9742766], [98.1188267, 13.9742766], [98.1188267, 13.9741672], [98.118757, 13.9741672], [98.118757, 13.9742766]]]}}, {"type": "Feature", "properties": {"osm_id": 508864346, "building": "yes"}, "geometry": {"type": "Polygon", "coordinates": [[[98.1188831, 13.9741933], [98.1189525, 13.9742179], [98.1189928, 13.9741112], [98.1189233, 13.9740866], [98.1188831, 13.9741933]]]}}, {"type": "Feature", "properties": {"osm_id": 508864347, "building": "yes"}, "geometry": {"type": "Polygon", "coordinates": [[[98.1187892, 13.9743755], [98.1188562, 13.9743719], [98.1188535, 13.974325], [98.1187865, 13.9743286], [98.1187892, 13.9743755]]]}}, {"type": "Feature", "properties": {"osm_id": 508864348, "building": "yes"}, "geometry": {"type": "Polygon", "coordinates": [[[98.1188133, 13.9744926], [98.1188899, 13.9745006], [98.1189007, 13.9744043], [98.1188241, 13.9743963], [98.1188133, 13.9744926]]]}}, {"type": "Feature", "properties": {"osm_id": 508864349, "building": "yes"}, "geometry": {"type": "Polygon", "coordinates": [[[98.118808, 13.9746279], [98.1188728, 13.9746342], [98.1188808, 13.9745561], [98.118816, 13.9745499], [98.118808, 13.9746279]]]}}, {"type": "Feature", "properties": {"osm_id": 508864350, "building": "yes"}, "geometry": {"type": "Polygon", "coordinates": [[[98.1189045, 13.9746514], [98.1189592, 13.9746538], [98.1189645, 13.9745419], [98.1189099, 13.9745394], [98.1189045, 13.9746514]]]}}, {"type": "Feature", "properties": {"osm_id": 508864351, "building": "yes"}, "geometry": {"type": "Polygon", "coordinates": [[[98.1189796, 13.9743468], [98.1190411, 13.9743487], [98.1190438, 13.9742654], [98.1189823, 13.9742635], [98.1189796, 13.9743468]]]}}, {"type": "Feature", "properties": {"osm_id": 508864352, "building": "yes"}, "geometry": {"type": "Polygon", "coordinates": [[[98.1192827, 13.9744353], [98.1193712, 13.9744353], [98.1193712, 13.974326], [98.1192827, 13.974326], [98.1192827, 13.9744353]]]}}, {"type": "Feature", "properties": {"osm_id": 508864353, "building": "yes"}, "geometry": {"type": "Polygon", "coordinates": [[[98.1191727, 13.97468], [98.1192283, 13.9746844], [98.1192363, 13.9745881], [98.1191808, 13.9745837], [98.1191727, 13.97468]]]}}, {"type": "Feature", "properties": {"osm_id": 508864354, "building": "yes"}, "geometry": {"type": "Polygon", "coordinates": [[[98.1192934, 13.9747034], [98.1193893, 13.9746953], [98.1193759, 13.9745469], [98.11928, 13.9745551], [98.1192934, 13.9747034]]]}}, {"type": "Feature", "properties": {"osm_id": 508864355, "building": "yes"}, "geometry": {"type": "Polygon", "coordinates": [[[98.1194302, 13.9747086], [98.1195322, 13.9747037], [98.1195268, 13.9745996], [98.1194249, 13.9746045], [98.1194302, 13.9747086]]]}}, {"type": "Feature", "properties": {"osm_id": 508864356, "building": "yes"}, "geometry": {"type": "Polygon", "coordinates": [[[98.1194785, 13.974503], [98.1195579, 13.9745342], [98.1196035, 13.9744249], [98.1195241, 13.9743937], [98.1194785, 13.974503]]]}}, {"type": "Feature", "properties": {"osm_id": 508864357, "building": "yes"}, "geometry": {"type": "Polygon", "coordinates": [[[98.1195617, 13.9747138], [98.1196394, 13.9747176], [98.1196421, 13.9746656], [98.1195644, 13.9746618], [98.1195617, 13.9747138]]]}}, {"type": "Feature", "properties": {"osm_id": 508864358, "building": "yes"}, "geometry": {"type": "Polygon", "coordinates": [[[98.1197789, 13.974719], [98.1198218, 13.974719], [98.1198218, 13.9746436], [98.1197789, 13.9746436], [98.1197789, 13.974719]]]}}, {"type": "Feature", "properties": {"osm_id": 508864359, "building": "yes"}, "geometry": {"type": "Polygon", "coordinates": [[[98.1196985, 13.9746852], [98.119752, 13.9746825], [98.1197466, 13.9745836], [98.1196931, 13.9745863], [98.1196985, 13.9746852]]]}}, {"type": "Feature", "properties": {"osm_id": 508864360, "building": "yes"}, "geometry": {"type": "Polygon", "coordinates": [[[98.1198192, 13.9745733], [98.1198802, 13.97457], [98.1198749, 13.9744763], [98.1198138, 13.9744796], [98.1198192, 13.9745733]]]}}, {"type": "Feature", "properties": {"osm_id": 508864361, "building": "yes"}, "geometry": {"type": "Polygon", "coordinates": [[[98.1200632, 13.9745499], [98.120168, 13.9745458], [98.1201653, 13.9744807], [98.1200606, 13.9744848], [98.1200632, 13.9745499]]]}}, {"type": "Feature", "properties": {"osm_id": 508864362, "building": "yes"}, "geometry": {"type": "Polygon", "coordinates": [[[98.1199291, 13.9745577], [98.1199826, 13.9745559], [98.1199799, 13.9744779], [98.1199264, 13.9744796], [98.1199291, 13.9745577]]]}}, {"type": "Feature", "properties": {"osm_id": 508864363, "building": "yes"}, "geometry": {"type": "Polygon", "coordinates": [[[98.1199184, 13.9746982], [98.1199855, 13.9746982], [98.1199855, 13.9745967], [98.1199184, 13.9745967], [98.1199184, 13.9746982]]]}}, {"type": "Feature", "properties": {"osm_id": 508864364, "building": "yes"}, "geometry": {"type": "Polygon", "coordinates": [[[98.120133, 13.97468], [98.1201924, 13.9746784], [98.1201897, 13.9745873], [98.1201303, 13.9745889], [98.120133, 13.97468]]]}}, {"type": "Feature", "properties": {"osm_id": 508864365, "building": "yes"}, "geometry": {"type": "Polygon", "coordinates": [[[98.1202644, 13.9744952], [98.1203368, 13.9744979], [98.1203395, 13.9744302], [98.1202671, 13.9744275], [98.1202644, 13.9744952]]]}}, {"type": "Feature", "properties": {"osm_id": 508864366, "building": "yes"}, "geometry": {"type": "Polygon", "coordinates": [[[98.1202215, 13.9743911], [98.1203094, 13.9743828], [98.1203014, 13.9743021], [98.1202134, 13.9743104], [98.1202215, 13.9743911]]]}}, {"type": "Feature", "properties": {"osm_id": 508864367, "building": "yes"}, "geometry": {"type": "Polygon", "coordinates": [[[98.1202242, 13.974654], [98.120302, 13.9746464], [98.1202939, 13.9745683], [98.1202161, 13.9745759], [98.1202242, 13.974654]]]}}, {"type": "Feature", "properties": {"osm_id": 508864368, "building": "yes"}, "geometry": {"type": "Polygon", "coordinates": [[[98.1203288, 13.9746488], [98.1203976, 13.974644], [98.1203895, 13.9745347], [98.1203207, 13.9745394], [98.1203288, 13.9746488]]]}}, {"type": "Feature", "properties": {"osm_id": 508864370, "building": "yes"}, "geometry": {"type": "Polygon", "coordinates": [[[98.1206077, 13.974313], [98.1207284, 13.9742896], [98.1207177, 13.9742375], [98.120597, 13.9742609], [98.1206077, 13.974313]]]}}, {"type": "Feature", "properties": {"osm_id": 508864371, "building": "yes"}, "geometry": {"type": "Polygon", "coordinates": [[[98.1204012, 13.9743729], [98.1205289, 13.9743706], [98.1205275, 13.974295], [98.1203998, 13.9742973], [98.1204012, 13.9743729]]]}}, {"type": "Feature", "properties": {"osm_id": 508864372, "building": "yes"}, "geometry": {"type": "Polygon", "coordinates": [[[98.120597, 13.9744327], [98.120701, 13.9744334], [98.1207015, 13.9743657], [98.1205975, 13.974365], [98.120597, 13.9744327]]]}}, {"type": "Feature", "properties": {"osm_id": 508864373, "building": "yes"}, "geometry": {"type": "Polygon", "coordinates": [[[98.1208062, 13.9744978], [98.1208624, 13.9744968], [98.1208597, 13.9743562], [98.1208035, 13.9743572], [98.1208062, 13.9744978]]]}}, {"type": "Feature", "properties": {"osm_id": 508864374, "building": "yes"}, "geometry": {"type": "Polygon", "coordinates": [[[98.1208894, 13.9742115], [98.1209426, 13.9742119], [98.1209431, 13.9741389], [98.1208899, 13.9741385], [98.1208894, 13.9742115]]]}}, {"type": "Feature", "properties": {"osm_id": 508864375, "building": "yes"}, "geometry": {"type": "Polygon", "coordinates": [[[98.1209886, 13.9742766], [98.1210629, 13.9742752], [98.1210608, 13.9741658], [98.1209865, 13.9741671], [98.1209886, 13.9742766]]]}}, {"type": "Feature", "properties": {"osm_id": 508864376, "building": "yes"}, "geometry": {"type": "Polygon", "coordinates": [[[98.1209135, 13.974477], [98.1209803, 13.9744758], [98.1209782, 13.9743664], [98.1209114, 13.9743676], [98.1209135, 13.974477]]]}}, {"type": "Feature", "properties": {"osm_id": 508864377, "building": "yes"}, "geometry": {"type": "Polygon", "coordinates": [[[98.1211388, 13.9744275], [98.1211917, 13.9744266], [98.1211902, 13.9743484], [98.1211373, 13.9743494], [98.1211388, 13.9744275]]]}}, {"type": "Feature", "properties": {"osm_id": 508864378, "building": "yes"}, "geometry": {"type": "Polygon", "coordinates": [[[98.1214499, 13.9745785], [98.1215244, 13.974579], [98.1215251, 13.9744853], [98.1214506, 13.9744848], [98.1214499, 13.9745785]]]}}, {"type": "Feature", "properties": {"osm_id": 508864379, "building": "yes"}, "geometry": {"type": "Polygon", "coordinates": [[[98.1213292, 13.9746305], [98.1214122, 13.9746291], [98.1214097, 13.9744962], [98.1213267, 13.9744977], [98.1213292, 13.9746305]]]}}, {"type": "Feature", "properties": {"osm_id": 508864380, "building": "yes"}, "geometry": {"type": "Polygon", "coordinates": [[[98.1211978, 13.9746384], [98.1212808, 13.9746369], [98.1212783, 13.974504], [98.1211953, 13.9745055], [98.1211978, 13.9746384]]]}}, {"type": "Feature", "properties": {"osm_id": 508864381, "building": "yes"}, "geometry": {"type": "Polygon", "coordinates": [[[98.1211147, 13.9746305], [98.1211641, 13.9746227], [98.1211483, 13.9745298], [98.121099, 13.9745376], [98.1211147, 13.9746305]]]}}, {"type": "Feature", "properties": {"osm_id": 508864382, "building": "yes"}, "geometry": {"type": "Polygon", "coordinates": [[[98.1206587, 13.9746514], [98.120739, 13.9746386], [98.1207255, 13.9745588], [98.1206452, 13.9745715], [98.1206587, 13.9746514]]]}}, {"type": "Feature", "properties": {"osm_id": 508864383, "building": "yes"}, "geometry": {"type": "Polygon", "coordinates": [[[98.1205729, 13.9746097], [98.1206075, 13.9746098], [98.1206077, 13.9745291], [98.1205731, 13.974529], [98.1205729, 13.9746097]]]}}, {"type": "Feature", "properties": {"osm_id": 508864385, "building": "yes"}, "geometry": {"type": "Polygon", "coordinates": [[[98.1204843, 13.9746748], [98.1205485, 13.9746736], [98.1205459, 13.9745357], [98.1204817, 13.9745368], [98.1204843, 13.9746748]]]}}, {"type": "Feature", "properties": {"osm_id": 508864390, "building": "yes"}, "geometry": {"type": "Polygon", "coordinates": [[[98.1207566, 13.9748492], [98.1208378, 13.974846], [98.1208338, 13.9747484], [98.1207526, 13.9747516], [98.1207566, 13.9748492]]]}}, {"type": "Feature", "properties": {"osm_id": 508864391, "building": "yes"}, "geometry": {"type": "Polygon", "coordinates": [[[98.1205474, 13.9748544], [98.1206947, 13.9748492], [98.120692, 13.9747776], [98.1205447, 13.9747828], [98.1205474, 13.9748544]]]}}, {"type": "Feature", "properties": {"osm_id": 508864392, "building": "yes"}, "geometry": {"type": "Polygon", "coordinates": [[[98.1205527, 13.9749598], [98.1206576, 13.9749739], [98.1206643, 13.9749271], [98.1205595, 13.974913], [98.1205527, 13.9749598]]]}}, {"type": "Feature", "properties": {"osm_id": 508864393, "building": "yes"}, "geometry": {"type": "Polygon", "coordinates": [[[98.1207472, 13.9749572], [98.1208447, 13.9749549], [98.1208434, 13.9749003], [98.1207459, 13.9749025], [98.1207472, 13.9749572]]]}}, {"type": "Feature", "properties": {"osm_id": 508864394, "building": "yes"}, "geometry": {"type": "Polygon", "coordinates": [[[98.1207901, 13.9757524], [98.1208719, 13.9757547], [98.1208732, 13.9757104], [98.1207915, 13.9757081], [98.1207901, 13.9757524]]]}}, {"type": "Feature", "properties": {"osm_id": 508864395, "building": "yes"}, "geometry": {"type": "Polygon", "coordinates": [[[98.1205447, 13.9752591], [98.1206426, 13.9752626], [98.1206439, 13.9752275], [98.120546, 13.975224], [98.1205447, 13.9752591]]]}}, {"type": "Feature", "properties": {"osm_id": 508864396, "building": "yes"}, "geometry": {"type": "Polygon", "coordinates": [[[98.1204723, 13.9753567], [98.1205635, 13.975358], [98.1205646, 13.9752826], [98.1204734, 13.9752813], [98.1204723, 13.9753567]]]}}, {"type": "Feature", "properties": {"osm_id": 508864397, "building": "yes"}, "geometry": {"type": "Polygon", "coordinates": [[[98.1207257, 13.975466], [98.1208143, 13.9754695], [98.120817, 13.9754044], [98.1207284, 13.975401], [98.1207257, 13.975466]]]}}, {"type": "Feature", "properties": {"osm_id": 508864398, "building": "yes"}, "geometry": {"type": "Polygon", "coordinates": [[[98.1207432, 13.9756131], [98.1208504, 13.975609], [98.1208477, 13.9755427], [98.1207405, 13.9755467], [98.1207432, 13.9756131]]]}}, {"type": "Feature", "properties": {"osm_id": 508864399, "building": "yes"}, "geometry": {"type": "Polygon", "coordinates": [[[98.1204508, 13.9755129], [98.1205514, 13.9755129], [98.1205514, 13.9754504], [98.1204508, 13.9754504], [98.1204508, 13.9755129]]]}}, {"type": "Feature", "properties": {"osm_id": 508864400, "building": "yes"}, "geometry": {"type": "Polygon", "coordinates": [[[98.1204401, 13.975755], [98.1205313, 13.9757524], [98.1205286, 13.9756626], [98.1204374, 13.9756652], [98.1204401, 13.975755]]]}}, {"type": "Feature", "properties": {"osm_id": 508864401, "building": "yes"}, "geometry": {"type": "Polygon", "coordinates": [[[98.1204066, 13.9758174], [98.1205313, 13.9758343], [98.1205382, 13.975786], [98.1204135, 13.9757691], [98.1204066, 13.9758174]]]}}, {"type": "Feature", "properties": {"osm_id": 508864402, "building": "yes"}, "geometry": {"type": "Polygon", "coordinates": [[[98.1207673, 13.9759333], [98.1208302, 13.9759373], [98.1208369, 13.9758384], [98.120774, 13.9758343], [98.1207673, 13.9759333]]]}}, {"type": "Feature", "properties": {"osm_id": 508864403, "building": "yes"}, "geometry": {"type": "Polygon", "coordinates": [[[98.1206305, 13.9759202], [98.1206885, 13.9759172], [98.1206831, 13.9758209], [98.1206252, 13.9758239], [98.1206305, 13.9759202]]]}}, {"type": "Feature", "properties": {"osm_id": 508864404, "building": "yes"}, "geometry": {"type": "Polygon", "coordinates": [[[98.1205675, 13.9759137], [98.120608, 13.9759116], [98.1206053, 13.9758635], [98.1205648, 13.9758656], [98.1205675, 13.9759137]]]}}, {"type": "Feature", "properties": {"osm_id": 508864405, "building": "yes"}, "geometry": {"type": "Polygon", "coordinates": [[[98.1204079, 13.9759072], [98.1204625, 13.9759033], [98.1204585, 13.9758512], [98.1204039, 13.9758552], [98.1204079, 13.9759072]]]}}, {"type": "Feature", "properties": {"osm_id": 508867003, "building": "yes"}, "geometry": {"type": "Polygon", "coordinates": [[[98.1173971, 13.9735764], [98.1175657, 13.9736099], [98.1175898, 13.9734953], [98.1174213, 13.9734619], [98.1173971, 13.9735764]]]}}, {"type": "Feature", "properties": {"osm_id": 508867004, "building": "yes"}, "geometry": {"type": "Polygon", "coordinates": [[[98.117373, 13.9737065], [98.1175708, 13.9737203], [98.1175762, 13.9736474], [98.1173784, 13.9736337], [98.117373, 13.9737065]]]}}, {"type": "Feature", "properties": {"osm_id": 508867005, "building": "yes"}, "geometry": {"type": "Polygon", "coordinates": [[[98.1174052, 13.9738054], [98.1175312, 13.9738001], [98.1175286, 13.9737403], [98.1174025, 13.9737456], [98.1174052, 13.9738054]]]}}, {"type": "Feature", "properties": {"osm_id": 508867006, "building": "yes"}, "geometry": {"type": "Polygon", "coordinates": [[[98.1174239, 13.9740553], [98.1175277, 13.9740645], [98.1175331, 13.9740072], [98.1174293, 13.9739981], [98.1174239, 13.9740553]]]}}, {"type": "Feature", "properties": {"osm_id": 508867007, "building": "yes"}, "geometry": {"type": "Polygon", "coordinates": [[[98.117542, 13.9743937], [98.117577, 13.9743932], [98.1175743, 13.9742084], [98.1175393, 13.9742089], [98.117542, 13.9743937]]]}}, {"type": "Feature", "properties": {"osm_id": 508867008, "building": "yes"}, "geometry": {"type": "Polygon", "coordinates": [[[98.1174856, 13.9743911], [98.1175126, 13.974392], [98.117518, 13.974241], [98.117491, 13.9742401], [98.1174856, 13.9743911]]]}}, {"type": "Feature", "properties": {"osm_id": 508867009, "building": "yes"}, "geometry": {"type": "Polygon", "coordinates": [[[98.1174159, 13.9743651], [98.1174588, 13.9743673], [98.1174696, 13.9741773], [98.1174266, 13.9741751], [98.1174159, 13.9743651]]]}}, {"type": "Feature", "properties": {"osm_id": 508867010, "building": "yes"}, "geometry": {"type": "Polygon", "coordinates": [[[98.1173488, 13.9743729], [98.1173863, 13.9743747], [98.1173944, 13.9742185], [98.1173569, 13.9742167], [98.1173488, 13.9743729]]]}}, {"type": "Feature", "properties": {"osm_id": 508867011, "building": "yes"}, "geometry": {"type": "Polygon", "coordinates": [[[98.1172657, 13.9743468], [98.1173219, 13.9743499], [98.1173299, 13.9742093], [98.1172737, 13.9742063], [98.1172657, 13.9743468]]]}}, {"type": "Feature", "properties": {"osm_id": 508867012, "building": "yes"}, "geometry": {"type": "Polygon", "coordinates": [[[98.1170538, 13.9742375], [98.1170961, 13.974253], [98.1171417, 13.9741359], [98.1170994, 13.9741204], [98.1170538, 13.9742375]]]}}, {"type": "Feature", "properties": {"osm_id": 508867013, "building": "yes"}, "geometry": {"type": "Polygon", "coordinates": [[[98.116968, 13.9742089], [98.1170252, 13.9742304], [98.1170762, 13.9741029], [98.1170189, 13.9740813], [98.116968, 13.9742089]]]}}, {"type": "Feature", "properties": {"osm_id": 508867014, "building": "yes"}, "geometry": {"type": "Polygon", "coordinates": [[[98.1169063, 13.9741438], [98.1169537, 13.9741664], [98.1170208, 13.9740336], [98.1169733, 13.9740111], [98.1169063, 13.9741438]]]}}, {"type": "Feature", "properties": {"osm_id": 508867015, "building": "yes"}, "geometry": {"type": "Polygon", "coordinates": [[[98.1168205, 13.9740657], [98.1168646, 13.974107], [98.1169344, 13.9740367], [98.1168902, 13.9739955], [98.1168205, 13.9740657]]]}}, {"type": "Feature", "properties": {"osm_id": 508867016, "building": "yes"}, "geometry": {"type": "Polygon", "coordinates": [[[98.11674, 13.9739929], [98.1167779, 13.9740364], [98.1168637, 13.9739661], [98.1168258, 13.9739226], [98.11674, 13.9739929]]]}}, {"type": "Feature", "properties": {"osm_id": 508867017, "building": "yes"}, "geometry": {"type": "Polygon", "coordinates": [[[98.1166622, 13.9739252], [98.116703, 13.9739687], [98.1167942, 13.973888], [98.1167534, 13.9738445], [98.1166622, 13.9739252]]]}}, {"type": "Feature", "properties": {"osm_id": 508867018, "building": "yes"}, "geometry": {"type": "Polygon", "coordinates": [[[98.1165683, 13.9738575], [98.1166067, 13.9739028], [98.1167274, 13.9738065], [98.116689, 13.9737612], [98.1165683, 13.9738575]]]}}, {"type": "Feature", "properties": {"osm_id": 508867019, "building": "yes"}, "geometry": {"type": "Polygon", "coordinates": [[[98.1165227, 13.9737586], [98.1165573, 13.9738045], [98.1166565, 13.9737343], [98.116622, 13.9736883], [98.1165227, 13.9737586]]]}}, {"type": "Feature", "properties": {"osm_id": 508867020, "building": "yes"}, "geometry": {"type": "Polygon", "coordinates": [[[98.1164557, 13.9736571], [98.1164809, 13.9736918], [98.1166177, 13.9735981], [98.1165925, 13.9735634], [98.1164557, 13.9736571]]]}}, {"type": "Feature", "properties": {"osm_id": 508867021, "building": "yes"}, "geometry": {"type": "Polygon", "coordinates": [[[98.1163913, 13.9736024], [98.1164273, 13.9736422], [98.1165372, 13.9735485], [98.1165013, 13.9735087], [98.1163913, 13.9736024]]]}}, {"type": "Feature", "properties": {"osm_id": 508867022, "building": "yes"}, "geometry": {"type": "Polygon", "coordinates": [[[98.1163691, 13.9735866], [98.1164852, 13.9735113], [98.1164517, 13.9734627], [98.1163357, 13.973538], [98.1163691, 13.9735866]]]}}, {"type": "Feature", "properties": {"osm_id": 508867023, "building": "yes"}, "geometry": {"type": "Polygon", "coordinates": [[[98.1162813, 13.9734879], [98.1163183, 13.9735322], [98.116431, 13.9734437], [98.116394, 13.9733994], [98.1162813, 13.9734879]]]}}, {"type": "Feature", "properties": {"osm_id": 508867024, "building": "yes"}, "geometry": {"type": "Polygon", "coordinates": [[[98.1162304, 13.9733656], [98.1162658, 13.9734158], [98.1163677, 13.9733481], [98.1163323, 13.9732979], [98.1162304, 13.9733656]]]}}, {"type": "Feature", "properties": {"osm_id": 508867025, "building": "yes"}, "geometry": {"type": "Polygon", "coordinates": [[[98.1161499, 13.9732953], [98.1161903, 13.9733438], [98.1163163, 13.9732448], [98.116276, 13.9731964], [98.1161499, 13.9732953]]]}}, {"type": "Feature", "properties": {"osm_id": 508867026, "building": "yes"}, "geometry": {"type": "Polygon", "coordinates": [[[98.1160426, 13.9731287], [98.1161073, 13.9732024], [98.1161985, 13.9731269], [98.1161338, 13.9730532], [98.1160426, 13.9731287]]]}}, {"type": "Feature", "properties": {"osm_id": 508867027, "building": "yes"}, "geometry": {"type": "Polygon", "coordinates": [[[98.1159058, 13.9731079], [98.1159293, 13.9731356], [98.1160044, 13.9730758], [98.1159809, 13.973048], [98.1159058, 13.9731079]]]}}, {"type": "Feature", "properties": {"osm_id": 508867028, "building": "yes"}, "geometry": {"type": "Polygon", "coordinates": [[[98.115887, 13.9729934], [98.1159414, 13.973045], [98.1160728, 13.9729149], [98.1160185, 13.9728632], [98.115887, 13.9729934]]]}}, {"type": "Feature", "properties": {"osm_id": 508867029, "building": "yes"}, "geometry": {"type": "Polygon", "coordinates": [[[98.1158361, 13.9729153], [98.1158778, 13.9729531], [98.1159529, 13.972875], [98.1159112, 13.9728372], [98.1158361, 13.9729153]]]}}, {"type": "Feature", "properties": {"osm_id": 508867030, "building": "yes"}, "geometry": {"type": "Polygon", "coordinates": [[[98.1156966, 13.9727513], [98.1157514, 13.9727936], [98.1158345, 13.9726921], [98.1157798, 13.9726498], [98.1156966, 13.9727513]]]}}, {"type": "Feature", "properties": {"osm_id": 508867031, "building": "yes"}, "geometry": {"type": "Polygon", "coordinates": [[[98.1156376, 13.9727044], [98.1156683, 13.9727295], [98.1157676, 13.972615], [98.1157368, 13.9725899], [98.1156376, 13.9727044]]]}}, {"type": "Feature", "properties": {"osm_id": 508867032, "building": "yes"}, "geometry": {"type": "Polygon", "coordinates": [[[98.1155866, 13.9726264], [98.1156242, 13.9726628], [98.1157368, 13.9725535], [98.1156993, 13.972517], [98.1155866, 13.9726264]]]}}, {"type": "Feature", "properties": {"osm_id": 508867033, "building": "yes"}, "geometry": {"type": "Polygon", "coordinates": [[[98.1155384, 13.9725613], [98.1155758, 13.9725954], [98.1156616, 13.972507], [98.1156242, 13.9724728], [98.1155384, 13.9725613]]]}}, {"type": "Feature", "properties": {"osm_id": 508867034, "building": "yes"}, "geometry": {"type": "Polygon", "coordinates": [[[98.1154096, 13.9725457], [98.1154472, 13.972586], [98.1155036, 13.9725366], [98.1154659, 13.9724962], [98.1154096, 13.9725457]]]}}, {"type": "Feature", "properties": {"osm_id": 508867035, "building": "yes"}, "geometry": {"type": "Polygon", "coordinates": [[[98.1166139, 13.9730871], [98.1167028, 13.9731036], [98.1167269, 13.9729812], [98.1166381, 13.9729647], [98.1166139, 13.9730871]]]}}, {"type": "Feature", "properties": {"osm_id": 508867036, "building": "yes"}, "geometry": {"type": "Polygon", "coordinates": [[[98.1164101, 13.9728242], [98.1164541, 13.9728859], [98.1165238, 13.972839], [98.1164798, 13.9727773], [98.1164101, 13.9728242]]]}}, {"type": "Feature", "properties": {"osm_id": 508867037, "building": "yes"}, "geometry": {"type": "Polygon", "coordinates": [[[98.1163028, 13.9727175], [98.116364, 13.9727858], [98.1164257, 13.9727337], [98.1163645, 13.9726654], [98.1163028, 13.9727175]]]}}, {"type": "Feature", "properties": {"osm_id": 508867038, "building": "yes"}, "geometry": {"type": "Polygon", "coordinates": [[[98.1162223, 13.9725561], [98.1162576, 13.9725995], [98.1163086, 13.9725604], [98.1162733, 13.972517], [98.1162223, 13.9725561]]]}}, {"type": "Feature", "properties": {"osm_id": 508867039, "building": "yes"}, "geometry": {"type": "Polygon", "coordinates": [[[98.1161311, 13.9724858], [98.116172, 13.9725318], [98.116231, 13.9724823], [98.1161901, 13.9724364], [98.1161311, 13.9724858]]]}}, {"type": "Feature", "properties": {"osm_id": 508867040, "building": "yes"}, "geometry": {"type": "Polygon", "coordinates": [[[98.1162143, 13.972111], [98.1162605, 13.9720901], [98.116223, 13.972012], [98.1161767, 13.9720329], [98.1162143, 13.972111]]]}}, {"type": "Feature", "properties": {"osm_id": 508867041, "building": "yes"}, "geometry": {"type": "Polygon", "coordinates": [[[98.115989, 13.9722125], [98.1160607, 13.9721854], [98.1160231, 13.9720917], [98.1159514, 13.9721188], [98.115989, 13.9722125]]]}}, {"type": "Feature", "properties": {"osm_id": 508867042, "building": "yes"}, "geometry": {"type": "Polygon", "coordinates": [[[98.1163967, 13.9723296], [98.1164256, 13.9723859], [98.1164954, 13.972352], [98.1164664, 13.9722958], [98.1163967, 13.9723296]]]}}, {"type": "Feature", "properties": {"osm_id": 508867043, "building": "yes"}, "geometry": {"type": "Polygon", "coordinates": [[[98.1164047, 13.9725066], [98.1164408, 13.9725533], [98.1165159, 13.9724986], [98.1164798, 13.972452], [98.1164047, 13.9725066]]]}}, {"type": "Feature", "properties": {"osm_id": 508867044, "building": "yes"}, "geometry": {"type": "Polygon", "coordinates": [[[98.1166247, 13.9726862], [98.116689, 13.9727487], [98.1167695, 13.9726706], [98.1167051, 13.9726081], [98.1166247, 13.9726862]]]}}, {"type": "Feature", "properties": {"osm_id": 508867045, "building": "yes"}, "geometry": {"type": "Polygon", "coordinates": [[[98.1168634, 13.9729257], [98.1169345, 13.9729867], [98.1170364, 13.9728747], [98.1169653, 13.9728138], [98.1168634, 13.9729257]]]}}, {"type": "Feature", "properties": {"osm_id": 508867046, "building": "yes"}, "geometry": {"type": "Polygon", "coordinates": [[[98.1170055, 13.973048], [98.1170819, 13.9731178], [98.1171677, 13.9730293], [98.1170914, 13.9729595], [98.1170055, 13.973048]]]}}, {"type": "Feature", "properties": {"osm_id": 508867047, "building": "yes"}, "geometry": {"type": "Polygon", "coordinates": [[[98.1174776, 13.97335], [98.1175457, 13.9733685], [98.1175645, 13.9733034], [98.1174964, 13.9732849], [98.1174776, 13.97335]]]}}, {"type": "Feature", "properties": {"osm_id": 508867048, "building": "yes"}, "geometry": {"type": "Polygon", "coordinates": [[[98.1176439, 13.9734254], [98.1176981, 13.9734407], [98.1177222, 13.97336], [98.117668, 13.9733447], [98.1176439, 13.9734254]]]}}, {"type": "Feature", "properties": {"osm_id": 508867049, "building": "yes"}, "geometry": {"type": "Polygon", "coordinates": [[[98.1175634, 13.9733786], [98.1176202, 13.9733804], [98.1176229, 13.9732997], [98.1175661, 13.9732979], [98.1175634, 13.9733786]]]}}, {"type": "Feature", "properties": {"osm_id": 508867050, "building": "yes"}, "geometry": {"type": "Polygon", "coordinates": [[[98.1177512, 13.9735087], [98.1178222, 13.973534], [98.1178517, 13.9734559], [98.1177807, 13.9734306], [98.1177512, 13.9735087]]]}}, {"type": "Feature", "properties": {"osm_id": 508867051, "building": "yes"}, "geometry": {"type": "Polygon", "coordinates": [[[98.1179336, 13.9735452], [98.1179775, 13.9735548], [98.1179963, 13.9734741], [98.1179523, 13.9734645], [98.1179336, 13.9735452]]]}}, {"type": "Feature", "properties": {"osm_id": 508867052, "building": "yes"}, "geometry": {"type": "Polygon", "coordinates": [[[98.1180194, 13.9735868], [98.1180959, 13.9735951], [98.1181094, 13.9734779], [98.1180328, 13.9734697], [98.1180194, 13.9735868]]]}}, {"type": "Feature", "properties": {"osm_id": 508867053, "building": "yes"}, "geometry": {"type": "Polygon", "coordinates": [[[98.1183788, 13.9737248], [98.1184377, 13.9737232], [98.118435, 13.9736269], [98.1183761, 13.9736285], [98.1183788, 13.9737248]]]}}, {"type": "Feature", "properties": {"osm_id": 508867054, "building": "yes"}, "geometry": {"type": "Polygon", "coordinates": [[[98.1184727, 13.973717], [98.1185824, 13.9737012], [98.118561, 13.9735606], [98.1184512, 13.9735764], [98.1184727, 13.973717]]]}}, {"type": "Feature", "properties": {"osm_id": 508867055, "building": "yes"}, "geometry": {"type": "Polygon", "coordinates": [[[98.1186953, 13.9737404], [98.1187859, 13.9737465], [98.1187939, 13.9736346], [98.1187034, 13.9736285], [98.1186953, 13.9737404]]]}}, {"type": "Feature", "properties": {"osm_id": 508867056, "building": "yes"}, "geometry": {"type": "Polygon", "coordinates": [[[98.1188482, 13.9738289], [98.1189437, 13.9738665], [98.1189785, 13.9737832], [98.1188831, 13.9737456], [98.1188482, 13.9738289]]]}}, {"type": "Feature", "properties": {"osm_id": 508867057, "building": "yes"}, "geometry": {"type": "Polygon", "coordinates": [[[98.118985, 13.9739356], [98.1192095, 13.9740421], [98.1192685, 13.973925], [98.119044, 13.9738185], [98.118985, 13.9739356]]]}}, {"type": "Feature", "properties": {"osm_id": 508867058, "building": "yes"}, "geometry": {"type": "Polygon", "coordinates": [[[98.119559, 13.9740892], [98.1196824, 13.9741048], [98.1196896, 13.974051], [98.1195662, 13.9740354], [98.119559, 13.9740892]]]}}, {"type": "Feature", "properties": {"osm_id": 508867059, "building": "yes"}, "geometry": {"type": "Polygon", "coordinates": [[[98.1193256, 13.9741438], [98.1194196, 13.9741556], [98.1194303, 13.9740749], [98.1193364, 13.9740631], [98.1193256, 13.9741438]]]}}, {"type": "Feature", "properties": {"osm_id": 508867060, "building": "yes"}, "geometry": {"type": "Polygon", "coordinates": [[[98.1207472, 13.9741594], [98.1208084, 13.9741626], [98.1208138, 13.9740663], [98.1207526, 13.9740631], [98.1207472, 13.9741594]]]}}, {"type": "Feature", "properties": {"osm_id": 508867061, "building": "yes"}, "geometry": {"type": "Polygon", "coordinates": [[[98.1205648, 13.9741829], [98.1206187, 13.9741843], [98.1206214, 13.974088], [98.1205675, 13.9740866], [98.1205648, 13.9741829]]]}}, {"type": "Feature", "properties": {"osm_id": 508867063, "building": "yes"}, "geometry": {"type": "Polygon", "coordinates": [[[98.1198674, 13.9740007], [98.1199934, 13.973984], [98.1199853, 13.9739267], [98.1198594, 13.9739434], [98.1198674, 13.9740007]]]}}, {"type": "Feature", "properties": {"osm_id": 508867064, "building": "yes"}, "geometry": {"type": "Polygon", "coordinates": [[[98.12031, 13.9742219], [98.1203621, 13.9742169], [98.120354, 13.9741388], [98.120302, 13.9741438], [98.12031, 13.9742219]]]}}, {"type": "Feature", "properties": {"osm_id": 508867065, "building": "yes"}, "geometry": {"type": "Polygon", "coordinates": [[[98.120141, 13.9743859], [98.1201839, 13.9743859], [98.1201839, 13.9743234], [98.120141, 13.9743234], [98.120141, 13.9743859]]]}}, {"type": "Feature", "properties": {"osm_id": 508867066, "building": "yes"}, "geometry": {"type": "Polygon", "coordinates": [[[98.1198701, 13.9743599], [98.1199265, 13.9743586], [98.1199239, 13.9742467], [98.1198674, 13.9742479], [98.1198701, 13.9743599]]]}}, {"type": "Feature", "properties": {"osm_id": 508867067, "building": "yes"}, "geometry": {"type": "Polygon", "coordinates": [[[98.1197655, 13.9743625], [98.1198351, 13.974361], [98.1198324, 13.9742438], [98.1197628, 13.9742453], [98.1197655, 13.9743625]]]}}, {"type": "Feature", "properties": {"osm_id": 508869059, "building": "yes"}, "geometry": {"type": "Polygon", "coordinates": [[[98.1189421, 13.975958], [98.1190543, 13.9759528], [98.1190517, 13.9758981], [98.1189394, 13.9759033], [98.1189421, 13.975958]]]}}, {"type": "Feature", "properties": {"osm_id": 508869060, "building": "yes"}, "geometry": {"type": "Polygon", "coordinates": [[[98.1165066, 13.9746175], [98.1165671, 13.9746229], [98.1165751, 13.974537], [98.1165147, 13.9745316], [98.1165066, 13.9746175]]]}}, {"type": "Feature", "properties": {"osm_id": 508869061, "building": "yes"}, "geometry": {"type": "Polygon", "coordinates": [[[98.1167829, 13.9746123], [98.1168634, 13.9746162], [98.1168688, 13.9745121], [98.1167883, 13.9745082], [98.1167829, 13.9746123]]]}}, {"type": "Feature", "properties": {"osm_id": 508869062, "building": "yes"}, "geometry": {"type": "Polygon", "coordinates": [[[98.1167802, 13.9746904], [98.1169175, 13.9746982], [98.1169202, 13.974654], [98.1167829, 13.9746462], [98.1167802, 13.9746904]]]}}, {"type": "Feature", "properties": {"osm_id": 508869063, "building": "yes"}, "geometry": {"type": "Polygon", "coordinates": [[[98.1169224, 13.9746175], [98.1169757, 13.9746188], [98.1169784, 13.9745121], [98.1169251, 13.9745108], [98.1169224, 13.9746175]]]}}, {"type": "Feature", "properties": {"osm_id": 508869064, "building": "yes"}, "geometry": {"type": "Polygon", "coordinates": [[[98.1170028, 13.9746462], [98.1170641, 13.9746512], [98.1170748, 13.9745289], [98.1170136, 13.9745238], [98.1170028, 13.9746462]]]}}, {"type": "Feature", "properties": {"osm_id": 508869065, "building": "yes"}, "geometry": {"type": "Polygon", "coordinates": [[[98.1170994, 13.9746618], [98.1171611, 13.9746628], [98.1171638, 13.9745171], [98.1171021, 13.974516], [98.1170994, 13.9746618]]]}}, {"type": "Feature", "properties": {"osm_id": 508869066, "building": "yes"}, "geometry": {"type": "Polygon", "coordinates": [[[98.1172335, 13.9746384], [98.1172902, 13.9746396], [98.1172929, 13.9745224], [98.1172362, 13.9745212], [98.1172335, 13.9746384]]]}}, {"type": "Feature", "properties": {"osm_id": 508869067, "building": "yes"}, "geometry": {"type": "Polygon", "coordinates": [[[98.1173167, 13.9747659], [98.1173833, 13.9747636], [98.1173807, 13.9746907], [98.117314, 13.974693], [98.1173167, 13.9747659]]]}}, {"type": "Feature", "properties": {"osm_id": 508869068, "building": "yes"}, "geometry": {"type": "Polygon", "coordinates": [[[98.1173274, 13.974667], [98.11744, 13.974667], [98.11744, 13.9745212], [98.1173274, 13.9745212], [98.1173274, 13.974667]]]}}, {"type": "Feature", "properties": {"osm_id": 508869069, "building": "yes"}, "geometry": {"type": "Polygon", "coordinates": [[[98.1175232, 13.974844], [98.1175741, 13.9748467], [98.1175795, 13.974753], [98.1175286, 13.9747503], [98.1175232, 13.974844]]]}}, {"type": "Feature", "properties": {"osm_id": 508869070, "building": "yes"}, "geometry": {"type": "Polygon", "coordinates": [[[98.1174937, 13.9746904], [98.1175762, 13.9746954], [98.1175842, 13.9745705], [98.1175017, 13.9745655], [98.1174937, 13.9746904]]]}}, {"type": "Feature", "properties": {"osm_id": 508869072, "building": "yes"}, "geometry": {"type": "Polygon", "coordinates": [[[98.1176358, 13.9747034], [98.1177024, 13.9747069], [98.1177078, 13.9746106], [98.1176412, 13.9746071], [98.1176358, 13.9747034]]]}}, {"type": "Feature", "properties": {"osm_id": 508869073, "building": "yes"}, "geometry": {"type": "Polygon", "coordinates": [[[98.1177324, 13.9747242], [98.1177927, 13.9747289], [98.1178024, 13.9746115], [98.1177421, 13.9746068], [98.1177324, 13.9747242]]]}}, {"type": "Feature", "properties": {"osm_id": 508869074, "building": "yes"}, "geometry": {"type": "Polygon", "coordinates": [[[98.1178102, 13.9747555], [98.1178543, 13.9747589], [98.1178646, 13.9746337], [98.1178205, 13.9746303], [98.1178102, 13.9747555]]]}}, {"type": "Feature", "properties": {"osm_id": 508869075, "building": "yes"}, "geometry": {"type": "Polygon", "coordinates": [[[98.1178772, 13.9747425], [98.1179553, 13.9747485], [98.117965, 13.9746307], [98.117887, 13.9746246], [98.1178772, 13.9747425]]]}}, {"type": "Feature", "properties": {"osm_id": 508869076, "building": "yes"}, "geometry": {"type": "Polygon", "coordinates": [[[98.1179765, 13.9747321], [98.11805, 13.9747378], [98.1180593, 13.9746255], [98.1179857, 13.9746198], [98.1179765, 13.9747321]]]}}, {"type": "Feature", "properties": {"osm_id": 508869077, "building": "yes"}, "geometry": {"type": "Polygon", "coordinates": [[[98.1180757, 13.9748127], [98.1181466, 13.9748182], [98.1181598, 13.9746586], [98.1180889, 13.9746531], [98.1180757, 13.9748127]]]}}, {"type": "Feature", "properties": {"osm_id": 508869078, "building": "yes"}, "geometry": {"type": "Polygon", "coordinates": [[[98.1181964, 13.9748153], [98.1182639, 13.9748206], [98.1182759, 13.9746756], [98.1182084, 13.9746704], [98.1181964, 13.9748153]]]}}, {"type": "Feature", "properties": {"osm_id": 508869079, "building": "yes"}, "geometry": {"type": "Polygon", "coordinates": [[[98.1182876, 13.9748336], [98.1183601, 13.9748392], [98.1183724, 13.9746897], [98.1182999, 13.9746841], [98.1182876, 13.9748336]]]}}, {"type": "Feature", "properties": {"osm_id": 508869080, "building": "yes"}, "geometry": {"type": "Polygon", "coordinates": [[[98.1183949, 13.9748075], [98.1184774, 13.9748139], [98.1184872, 13.9746953], [98.1184047, 13.9746889], [98.1183949, 13.9748075]]]}}, {"type": "Feature", "properties": {"osm_id": 508869081, "building": "yes"}, "geometry": {"type": "Polygon", "coordinates": [[[98.1185183, 13.974857], [98.1186058, 13.9748638], [98.1186174, 13.9747234], [98.1185299, 13.9747166], [98.1185183, 13.974857]]]}}, {"type": "Feature", "properties": {"osm_id": 508869082, "building": "yes"}, "geometry": {"type": "Polygon", "coordinates": [[[98.1186712, 13.9748284], [98.1187432, 13.974834], [98.1187508, 13.9747424], [98.1186787, 13.9747368], [98.1186712, 13.9748284]]]}}, {"type": "Feature", "properties": {"osm_id": 508869083, "building": "yes"}, "geometry": {"type": "Polygon", "coordinates": [[[98.118808, 13.9747268], [98.1188777, 13.9747685], [98.1189018, 13.9747841], [98.1188026, 13.9747919], [98.118808, 13.9747268]]]}}, {"type": "Feature", "properties": {"osm_id": 508869084, "building": "yes"}, "geometry": {"type": "Polygon", "coordinates": [[[98.1188107, 13.9748414], [98.1189161, 13.9748321], [98.1189134, 13.9748034], [98.118808, 13.9748127], [98.1188107, 13.9748414]]]}}, {"type": "Feature", "properties": {"osm_id": 508869085, "building": "yes"}, "geometry": {"type": "Polygon", "coordinates": [[[98.1188214, 13.9749169], [98.1189355, 13.9749038], [98.1189301, 13.9748596], [98.118816, 13.9748726], [98.1188214, 13.9749169]]]}}, {"type": "Feature", "properties": {"osm_id": 508869086, "building": "yes"}, "geometry": {"type": "Polygon", "coordinates": [[[98.1188428, 13.9749949], [98.1189614, 13.9749885], [98.1189587, 13.9749417], [98.1188402, 13.9749481], [98.1188428, 13.9749949]]]}}, {"type": "Feature", "properties": {"osm_id": 508869087, "building": "yes"}, "geometry": {"type": "Polygon", "coordinates": [[[98.1188562, 13.9750782], [98.1189848, 13.9750562], [98.1189767, 13.975012], [98.1188482, 13.975034], [98.1188562, 13.9750782]]]}}, {"type": "Feature", "properties": {"osm_id": 508869089, "building": "yes"}, "geometry": {"type": "Polygon", "coordinates": [[[98.1188321, 13.9751589], [98.1189775, 13.9751525], [98.1189748, 13.9750952], [98.1188294, 13.9751017], [98.1188321, 13.9751589]]]}}, {"type": "Feature", "properties": {"osm_id": 508869090, "building": "yes"}, "geometry": {"type": "Polygon", "coordinates": [[[98.1188884, 13.9753828], [98.11901, 13.9753697], [98.1190047, 13.9753228], [98.1188831, 13.9753359], [98.1188884, 13.9753828]]]}}, {"type": "Feature", "properties": {"osm_id": 508869091, "building": "yes"}, "geometry": {"type": "Polygon", "coordinates": [[[98.1188804, 13.9755077], [98.1190232, 13.9754886], [98.1190124, 13.9754131], [98.1188697, 13.9754322], [98.1188804, 13.9755077]]]}}, {"type": "Feature", "properties": {"osm_id": 508869093, "building": "yes"}, "geometry": {"type": "Polygon", "coordinates": [[[98.1189153, 13.975591], [98.1190443, 13.9755562], [98.1190309, 13.9755093], [98.1189018, 13.9755441], [98.1189153, 13.975591]]]}}, {"type": "Feature", "properties": {"osm_id": 508869094, "building": "yes"}, "geometry": {"type": "Polygon", "coordinates": [[[98.1188992, 13.9756691], [98.119036, 13.9756456], [98.1190279, 13.9756014], [98.1188911, 13.9756248], [98.1188992, 13.9756691]]]}}, {"type": "Feature", "properties": {"osm_id": 508869095, "building": "yes"}, "geometry": {"type": "Polygon", "coordinates": [[[98.1189045, 13.9757654], [98.1190449, 13.975737], [98.1190315, 13.9756745], [98.1188911, 13.9757029], [98.1189045, 13.9757654]]]}}, {"type": "Feature", "properties": {"osm_id": 508869096, "building": "yes"}, "geometry": {"type": "Polygon", "coordinates": [[[98.1188965, 13.9758851], [98.1190337, 13.9758726], [98.1190257, 13.9757893], [98.1188884, 13.9758018], [98.1188965, 13.9758851]]]}}, {"type": "Feature", "properties": {"osm_id": 508871228, "building": "yes"}, "geometry": {"type": "Polygon", "coordinates": [[[98.1192398, 13.980099], [98.1193389, 13.9801029], [98.1193416, 13.9800378], [98.1192425, 13.9800339], [98.1192398, 13.980099]]]}}, {"type": "Feature", "properties": {"osm_id": 508871229, "building": "yes"}, "geometry": {"type": "Polygon", "coordinates": [[[98.119272, 13.9789434], [98.1193605, 13.9789434], [98.1193605, 13.9788705], [98.119272, 13.9788705], [98.119272, 13.9789434]]]}}, {"type": "Feature", "properties": {"osm_id": 508871230, "building": "yes"}, "geometry": {"type": "Polygon", "coordinates": [[[98.1189045, 13.9788367], [98.1189986, 13.9788338], [98.118996, 13.9787505], [98.1189018, 13.9787534], [98.1189045, 13.9788367]]]}}, {"type": "Feature", "properties": {"osm_id": 508871231, "building": "yes"}, "geometry": {"type": "Polygon", "coordinates": [[[98.1188375, 13.978592], [98.1189287, 13.978592], [98.1189287, 13.9785347], [98.1188375, 13.9785347], [98.1188375, 13.978592]]]}}, {"type": "Feature", "properties": {"osm_id": 508871232, "building": "yes"}, "geometry": {"type": "Polygon", "coordinates": [[[98.1187892, 13.9781339], [98.118867, 13.9781287], [98.1188616, 13.9780532], [98.1187838, 13.9780584], [98.1187892, 13.9781339]]]}}, {"type": "Feature", "properties": {"osm_id": 508871234, "building": "yes"}, "geometry": {"type": "Polygon", "coordinates": [[[98.1186202, 13.9777617], [98.1186819, 13.9777542], [98.1186685, 13.9776501], [98.1186068, 13.9776576], [98.1186202, 13.9777617]]]}}, {"type": "Feature", "properties": {"osm_id": 508871236, "building": "yes"}, "geometry": {"type": "Polygon", "coordinates": [[[98.1187785, 13.9773713], [98.11887, 13.9773659], [98.1188619, 13.9772383], [98.1187704, 13.9772438], [98.1187785, 13.9773713]]]}}, {"type": "Feature", "properties": {"osm_id": 508871237, "building": "yes"}, "geometry": {"type": "Polygon", "coordinates": [[[98.1185934, 13.9774624], [98.1186587, 13.9774561], [98.1186426, 13.9772999], [98.1185773, 13.9773062], [98.1185934, 13.9774624]]]}}, {"type": "Feature", "properties": {"osm_id": 508871238, "building": "yes"}, "geometry": {"type": "Polygon", "coordinates": [[[98.1184915, 13.977478], [98.1185594, 13.9774627], [98.1185245, 13.977317], [98.1184566, 13.9773323], [98.1184915, 13.977478]]]}}, {"type": "Feature", "properties": {"osm_id": 508871239, "building": "yes"}, "geometry": {"type": "Polygon", "coordinates": [[[98.1182581, 13.9775014], [98.1183512, 13.9774842], [98.1183297, 13.9773749], [98.1182367, 13.9773921], [98.1182581, 13.9775014]]]}}, {"type": "Feature", "properties": {"osm_id": 508871240, "building": "yes"}, "geometry": {"type": "Polygon", "coordinates": [[[98.1181669, 13.9775145], [98.1182043, 13.9775096], [98.1181936, 13.9774315], [98.1181562, 13.9774364], [98.1181669, 13.9775145]]]}}, {"type": "Feature", "properties": {"osm_id": 508871241, "building": "yes"}, "geometry": {"type": "Polygon", "coordinates": [[[98.1180382, 13.9775587], [98.1181209, 13.9775457], [98.1181048, 13.9774494], [98.1180221, 13.9774624], [98.1180382, 13.9775587]]]}}, {"type": "Feature", "properties": {"osm_id": 508871243, "building": "yes"}, "geometry": {"type": "Polygon", "coordinates": [[[98.1178987, 13.977603], [98.1179647, 13.9775984], [98.1179566, 13.9774891], [98.1178907, 13.9774936], [98.1178987, 13.977603]]]}}, {"type": "Feature", "properties": {"osm_id": 508871245, "building": "yes"}, "geometry": {"type": "Polygon", "coordinates": [[[98.1177378, 13.977668], [98.1177833, 13.9776716], [98.1177887, 13.9776065], [98.1177431, 13.977603], [98.1177378, 13.977668]]]}}, {"type": "Feature", "properties": {"osm_id": 508871246, "building": "yes"}, "geometry": {"type": "Polygon", "coordinates": [[[98.1176385, 13.9776238], [98.1176963, 13.9776287], [98.1177043, 13.9775402], [98.1176466, 13.9775353], [98.1176385, 13.9776238]]]}}, {"type": "Feature", "properties": {"osm_id": 508871247, "building": "yes"}, "geometry": {"type": "Polygon", "coordinates": [[[98.1175259, 13.977681], [98.117601, 13.977681], [98.117601, 13.9775717], [98.1175259, 13.9775717], [98.1175259, 13.977681]]]}}, {"type": "Feature", "properties": {"osm_id": 508871249, "building": "yes"}, "geometry": {"type": "Polygon", "coordinates": [[[98.1173784, 13.9776732], [98.1174431, 13.9776718], [98.1174404, 13.9775573], [98.1173757, 13.9775587], [98.1173784, 13.9776732]]]}}, {"type": "Feature", "properties": {"osm_id": 508871250, "building": "yes"}, "geometry": {"type": "Polygon", "coordinates": [[[98.1169787, 13.9777097], [98.1170509, 13.9777043], [98.1170402, 13.9775689], [98.116968, 13.9775743], [98.1169787, 13.9777097]]]}}, {"type": "Feature", "properties": {"osm_id": 508871252, "building": "yes"}, "geometry": {"type": "Polygon", "coordinates": [[[98.1167561, 13.9776706], [98.1168044, 13.9776706], [98.1168044, 13.9775795], [98.1167561, 13.9775795], [98.1167561, 13.9776706]]]}}, {"type": "Feature", "properties": {"osm_id": 508871253, "building": "yes"}, "geometry": {"type": "Polygon", "coordinates": [[[98.116689, 13.9776446], [98.1167293, 13.9776446], [98.1167293, 13.9775743], [98.116689, 13.9775743], [98.116689, 13.9776446]]]}}, {"type": "Feature", "properties": {"osm_id": 508871254, "building": "yes"}, "geometry": {"type": "Polygon", "coordinates": [[[98.1166139, 13.9776238], [98.1166558, 13.9776281], [98.1166638, 13.9775552], [98.116622, 13.9775509], [98.1166139, 13.9776238]]]}}, {"type": "Feature", "properties": {"osm_id": 508871255, "building": "yes"}, "geometry": {"type": "Polygon", "coordinates": [[[98.1161553, 13.9775821], [98.1162578, 13.9775963], [98.1162685, 13.9775235], [98.116166, 13.9775092], [98.1161553, 13.9775821]]]}}, {"type": "Feature", "properties": {"osm_id": 508871256, "building": "yes"}, "geometry": {"type": "Polygon", "coordinates": [[[98.1159005, 13.9775301], [98.1159484, 13.9775331], [98.1159537, 13.9774524], [98.1159058, 13.9774494], [98.1159005, 13.9775301]]]}}, {"type": "Feature", "properties": {"osm_id": 508871257, "building": "yes"}, "geometry": {"type": "Polygon", "coordinates": [[[98.115761, 13.9775431], [98.1158495, 13.9775409], [98.1158468, 13.9774368], [98.1157583, 13.977439], [98.115761, 13.9775431]]]}}, {"type": "Feature", "properties": {"osm_id": 508871259, "building": "yes"}, "geometry": {"type": "Polygon", "coordinates": [[[98.1153479, 13.9778841], [98.1153971, 13.9778791], [98.115389, 13.9778036], [98.1153399, 13.9778086], [98.1153479, 13.9778841]]]}}, {"type": "Feature", "properties": {"osm_id": 508871260, "building": "yes"}, "geometry": {"type": "Polygon", "coordinates": [[[98.1154901, 13.9775717], [98.1155679, 13.9775717], [98.1155679, 13.977426], [98.1154901, 13.977426], [98.1154901, 13.9775717]]]}}, {"type": "Feature", "properties": {"osm_id": 508871261, "building": "yes"}, "geometry": {"type": "Polygon", "coordinates": [[[98.1153506, 13.977478], [98.1154016, 13.977478], [98.1154016, 13.9773895], [98.1153506, 13.9773895], [98.1153506, 13.977478]]]}}, {"type": "Feature", "properties": {"osm_id": 508871263, "building": "yes"}, "geometry": {"type": "Polygon", "coordinates": [[[98.1152353, 13.9774936], [98.1153238, 13.9774936], [98.1153238, 13.9773739], [98.1152353, 13.9773739], [98.1152353, 13.9774936]]]}}, {"type": "Feature", "properties": {"osm_id": 508871264, "building": "yes"}, "geometry": {"type": "Polygon", "coordinates": [[[98.1150797, 13.9774598], [98.1151627, 13.977462], [98.1151654, 13.9773657], [98.1150824, 13.9773635], [98.1150797, 13.9774598]]]}}, {"type": "Feature", "properties": {"osm_id": 508871265, "building": "yes"}, "geometry": {"type": "Polygon", "coordinates": [[[98.1149858, 13.977452], [98.1150369, 13.9774544], [98.1150423, 13.9773477], [98.1149912, 13.9773453], [98.1149858, 13.977452]]]}}, {"type": "Feature", "properties": {"osm_id": 508871266, "building": "yes"}, "geometry": {"type": "Polygon", "coordinates": [[[98.1146023, 13.9776836], [98.1146684, 13.977687], [98.1146711, 13.9776376], [98.1146049, 13.9776342], [98.1146023, 13.9776836]]]}}, {"type": "Feature", "properties": {"osm_id": 508871267, "building": "yes"}, "geometry": {"type": "Polygon", "coordinates": [[[98.1146425, 13.9774364], [98.1147176, 13.9774529], [98.1147498, 13.9773149], [98.1146747, 13.9772984], [98.1146425, 13.9774364]]]}}, {"type": "Feature", "properties": {"osm_id": 508871269, "building": "yes"}, "geometry": {"type": "Polygon", "coordinates": [[[98.1144521, 13.9773505], [98.1145038, 13.9773615], [98.1145226, 13.9772782], [98.1144708, 13.9772672], [98.1144521, 13.9773505]]]}}, {"type": "Feature", "properties": {"osm_id": 508871270, "building": "yes"}, "geometry": {"type": "Polygon", "coordinates": [[[98.1143153, 13.9773297], [98.1143568, 13.9773359], [98.1143702, 13.9772527], [98.1143287, 13.9772464], [98.1143153, 13.9773297]]]}}, {"type": "Feature", "properties": {"osm_id": 508871271, "building": "yes"}, "geometry": {"type": "Polygon", "coordinates": [[[98.1142053, 13.9773271], [98.1142579, 13.9773366], [98.114274, 13.9772533], [98.1142214, 13.9772438], [98.1142053, 13.9773271]]]}}, {"type": "Feature", "properties": {"osm_id": 508871273, "building": "yes"}, "geometry": {"type": "Polygon", "coordinates": [[[98.1141195, 13.9773062], [98.1141597, 13.9773062], [98.1141597, 13.9772229], [98.1141195, 13.9772229], [98.1141195, 13.9773062]]]}}, {"type": "Feature", "properties": {"osm_id": 508871276, "building": "yes"}, "geometry": {"type": "Polygon", "coordinates": [[[98.1136635, 13.9776264], [98.1137623, 13.9776168], [98.1137542, 13.9775387], [98.1136554, 13.9775483], [98.1136635, 13.9776264]]]}}, {"type": "Feature", "properties": {"osm_id": 508871277, "building": "yes"}, "geometry": {"type": "Polygon", "coordinates": [[[98.1136957, 13.977871], [98.1137811, 13.9778693], [98.1137785, 13.9777444], [98.113693, 13.9777461], [98.1136957, 13.977871]]]}}, {"type": "Feature", "properties": {"osm_id": 508871278, "building": "yes"}, "geometry": {"type": "Polygon", "coordinates": [[[98.1135428, 13.9779049], [98.1136364, 13.9778986], [98.113631, 13.9778231], [98.1135374, 13.9778294], [98.1135428, 13.9779049]]]}}, {"type": "Feature", "properties": {"osm_id": 508871280, "building": "yes"}, "geometry": {"type": "Polygon", "coordinates": [[[98.1135428, 13.9777982], [98.1135955, 13.9778039], [98.1136572, 13.9772703], [98.1136045, 13.9772646], [98.1135428, 13.9777982]]]}}, {"type": "Feature", "properties": {"osm_id": 508871281, "building": "yes"}, "geometry": {"type": "Polygon", "coordinates": [[[98.1132746, 13.9778762], [98.1134787, 13.9778857], [98.1134841, 13.9777764], [98.1132799, 13.9777669], [98.1132746, 13.9778762]]]}}, {"type": "Feature", "properties": {"osm_id": 508871282, "building": "yes"}, "geometry": {"type": "Polygon", "coordinates": [[[98.1141919, 13.9763042], [98.1142677, 13.9763573], [98.1143026, 13.9763104], [98.1142268, 13.9762573], [98.1141919, 13.9763042]]]}}, {"type": "Feature", "properties": {"osm_id": 508871283, "building": "yes"}, "geometry": {"type": "Polygon", "coordinates": [[[98.1140363, 13.9766061], [98.1141245, 13.9766241], [98.1141352, 13.9765746], [98.114047, 13.9765566], [98.1140363, 13.9766061]]]}}, {"type": "Feature", "properties": {"osm_id": 508871284, "building": "yes"}, "geometry": {"type": "Polygon", "coordinates": [[[98.1139988, 13.9766764], [98.1141, 13.9767141], [98.1141134, 13.9766803], [98.1140122, 13.9766425], [98.1139988, 13.9766764]]]}}, {"type": "Feature", "properties": {"osm_id": 508871286, "building": "yes"}, "geometry": {"type": "Polygon", "coordinates": [[[98.1137761, 13.9770746], [98.1138313, 13.9770776], [98.1138339, 13.9770307], [98.1137788, 13.9770277], [98.1137761, 13.9770746]]]}}, {"type": "Feature", "properties": {"osm_id": 508871287, "building": "yes"}, "geometry": {"type": "Polygon", "coordinates": [[[98.1138352, 13.9770095], [98.1139115, 13.9770349], [98.1139464, 13.9769359], [98.11387, 13.9769106], [98.1138352, 13.9770095]]]}}, {"type": "Feature", "properties": {"osm_id": 508871288, "building": "yes"}, "geometry": {"type": "Polygon", "coordinates": [[[98.1140149, 13.9770433], [98.1141, 13.977051], [98.1141107, 13.9769391], [98.1140256, 13.9769314], [98.1140149, 13.9770433]]]}}, {"type": "Feature", "properties": {"osm_id": 508871289, "building": "yes"}, "geometry": {"type": "Polygon", "coordinates": [[[98.1142589, 13.9770798], [98.1143292, 13.9770876], [98.1143399, 13.9769965], [98.1142697, 13.9769887], [98.1142589, 13.9770798]]]}}, {"type": "Feature", "properties": {"osm_id": 508871291, "building": "yes"}, "geometry": {"type": "Polygon", "coordinates": [[[98.1143796, 13.9770798], [98.1144434, 13.9770889], [98.1144676, 13.9769301], [98.1144038, 13.976921], [98.1143796, 13.9770798]]]}}, {"type": "Feature", "properties": {"osm_id": 508871294, "building": "yes"}, "geometry": {"type": "Polygon", "coordinates": [[[98.1145808, 13.9771188], [98.114629, 13.9771204], [98.1146317, 13.9770423], [98.1145835, 13.9770407], [98.1145808, 13.9771188]]]}}, {"type": "Feature", "properties": {"osm_id": 508871295, "building": "yes"}, "geometry": {"type": "Polygon", "coordinates": [[[98.1146693, 13.977111], [98.1147255, 13.9771125], [98.1147282, 13.9770162], [98.114672, 13.9770147], [98.1146693, 13.977111]]]}}, {"type": "Feature", "properties": {"osm_id": 508871296, "building": "yes"}, "geometry": {"type": "Polygon", "coordinates": [[[98.1148571, 13.977111], [98.1149107, 13.977111], [98.1149107, 13.9770199], [98.1148571, 13.9770199], [98.1148571, 13.977111]]]}}, {"type": "Feature", "properties": {"osm_id": 508871297, "building": "yes"}, "geometry": {"type": "Polygon", "coordinates": [[[98.1149644, 13.9771553], [98.1150258, 13.9771588], [98.1150312, 13.9770703], [98.1149697, 13.9770668], [98.1149644, 13.9771553]]]}}, {"type": "Feature", "properties": {"osm_id": 508871299, "building": "yes"}, "geometry": {"type": "Polygon", "coordinates": [[[98.1151441, 13.9771943], [98.1152057, 13.9771959], [98.1152084, 13.9770996], [98.1151468, 13.977098], [98.1151441, 13.9771943]]]}}, {"type": "Feature", "properties": {"osm_id": 508871300, "building": "yes"}, "geometry": {"type": "Polygon", "coordinates": [[[98.1152433, 13.9772099], [98.1152945, 13.9772113], [98.1152971, 13.977115], [98.115246, 13.9771136], [98.1152433, 13.9772099]]]}}, {"type": "Feature", "properties": {"osm_id": 508871301, "building": "yes"}, "geometry": {"type": "Polygon", "coordinates": [[[98.1153479, 13.9772099], [98.1154016, 13.9772147], [98.1154097, 13.9771288], [98.115356, 13.977124], [98.1153479, 13.9772099]]]}}, {"type": "Feature", "properties": {"osm_id": 508871302, "building": "yes"}, "geometry": {"type": "Polygon", "coordinates": [[[98.115651, 13.9772464], [98.1157124, 13.9772477], [98.1157151, 13.9771279], [98.1156537, 13.9771266], [98.115651, 13.9772464]]]}}, {"type": "Feature", "properties": {"osm_id": 508871304, "building": "yes"}, "geometry": {"type": "Polygon", "coordinates": [[[98.1157556, 13.977288], [98.1158113, 13.9772912], [98.1158166, 13.9772027], [98.115761, 13.9771995], [98.1157556, 13.977288]]]}}, {"type": "Feature", "properties": {"osm_id": 508871305, "building": "yes"}, "geometry": {"type": "Polygon", "coordinates": [[[98.1159434, 13.977249], [98.1160188, 13.9772509], [98.1160215, 13.9771546], [98.1159461, 13.9771527], [98.1159434, 13.977249]]]}}, {"type": "Feature", "properties": {"osm_id": 508871306, "building": "yes"}, "geometry": {"type": "Polygon", "coordinates": [[[98.1160855, 13.9772776], [98.1161526, 13.9772776], [98.1161526, 13.9771917], [98.1160855, 13.9771917], [98.1160855, 13.9772776]]]}}, {"type": "Feature", "properties": {"osm_id": 508871307, "building": "yes"}, "geometry": {"type": "Polygon", "coordinates": [[[98.1162626, 13.9773349], [98.1163456, 13.9773318], [98.1163429, 13.9772641], [98.1162599, 13.9772672], [98.1162626, 13.9773349]]]}}, {"type": "Feature", "properties": {"osm_id": 508871309, "building": "yes"}, "geometry": {"type": "Polygon", "coordinates": [[[98.116453, 13.9773635], [98.1165153, 13.9773707], [98.1165287, 13.9772614], [98.1164664, 13.9772542], [98.116453, 13.9773635]]]}}, {"type": "Feature", "properties": {"osm_id": 508871310, "building": "yes"}, "geometry": {"type": "Polygon", "coordinates": [[[98.1165656, 13.9773895], [98.1166334, 13.977397], [98.1166442, 13.9773059], [98.1165764, 13.9772984], [98.1165656, 13.9773895]]]}}, {"type": "Feature", "properties": {"osm_id": 508871311, "building": "yes"}, "geometry": {"type": "Polygon", "coordinates": [[[98.1166595, 13.9774155], [98.1167291, 13.9774203], [98.1167372, 13.9773083], [98.1166676, 13.9773036], [98.1166595, 13.9774155]]]}}, {"type": "Feature", "properties": {"osm_id": 508871312, "building": "yes"}, "geometry": {"type": "Polygon", "coordinates": [[[98.1169653, 13.9774416], [98.1170162, 13.977443], [98.1170189, 13.9773519], [98.116968, 13.9773505], [98.1169653, 13.9774416]]]}}, {"type": "Feature", "properties": {"osm_id": 508871313, "building": "yes"}, "geometry": {"type": "Polygon", "coordinates": [[[98.117196, 13.9774077], [98.1172629, 13.9774106], [98.1172682, 13.9772935], [98.1172013, 13.9772906], [98.117196, 13.9774077]]]}}, {"type": "Feature", "properties": {"osm_id": 508871314, "building": "yes"}, "geometry": {"type": "Polygon", "coordinates": [[[98.1173649, 13.9774208], [98.1174347, 13.9774208], [98.1174347, 13.9773166], [98.1173649, 13.9773166], [98.1173649, 13.9774208]]]}}, {"type": "Feature", "properties": {"osm_id": 508871315, "building": "yes"}, "geometry": {"type": "Polygon", "coordinates": [[[98.1175849, 13.9773765], [98.1176174, 13.9773774], [98.1176201, 13.9772889], [98.1175876, 13.977288], [98.1175849, 13.9773765]]]}}, {"type": "Feature", "properties": {"osm_id": 508871316, "building": "yes"}, "geometry": {"type": "Polygon", "coordinates": [[[98.1175017, 13.9774077], [98.117555, 13.9774052], [98.1175496, 13.977301], [98.1174964, 13.9773036], [98.1175017, 13.9774077]]]}}, {"type": "Feature", "properties": {"osm_id": 508871317, "building": "yes"}, "geometry": {"type": "Polygon", "coordinates": [[[98.1176412, 13.9773687], [98.1176949, 13.9773673], [98.1176922, 13.9772736], [98.1176385, 13.977275], [98.1176412, 13.9773687]]]}}, {"type": "Feature", "properties": {"osm_id": 508871318, "building": "yes"}, "geometry": {"type": "Polygon", "coordinates": [[[98.1177431, 13.9773635], [98.1177949, 13.9773605], [98.1177895, 13.977272], [98.1177378, 13.977275], [98.1177431, 13.9773635]]]}}, {"type": "Feature", "properties": {"osm_id": 508871319, "building": "yes"}, "geometry": {"type": "Polygon", "coordinates": [[[98.1178316, 13.9773323], [98.1178773, 13.9773303], [98.1178746, 13.9772705], [98.117829, 13.9772724], [98.1178316, 13.9773323]]]}}, {"type": "Feature", "properties": {"osm_id": 508871320, "building": "yes"}, "geometry": {"type": "Polygon", "coordinates": [[[98.1179684, 13.9773218], [98.118006, 13.9773196], [98.1180006, 13.9772363], [98.1179631, 13.9772386], [98.1179684, 13.9773218]]]}}, {"type": "Feature", "properties": {"osm_id": 508871322, "building": "yes"}, "geometry": {"type": "Polygon", "coordinates": [[[98.1180489, 13.9773036], [98.118132, 13.9772878], [98.1181079, 13.9771681], [98.1180248, 13.9771839], [98.1180489, 13.9773036]]]}}, {"type": "Feature", "properties": {"osm_id": 508871323, "building": "yes"}, "geometry": {"type": "Polygon", "coordinates": [[[98.1183144, 13.9772255], [98.1183771, 13.9772198], [98.118369, 13.9771366], [98.1183064, 13.9771423], [98.1183144, 13.9772255]]]}}, {"type": "Feature", "properties": {"osm_id": 508871325, "building": "yes"}, "geometry": {"type": "Polygon", "coordinates": [[[98.1184942, 13.9771761], [98.1185714, 13.9771717], [98.1185633, 13.9770389], [98.1184861, 13.9770433], [98.1184942, 13.9771761]]]}}, {"type": "Feature", "properties": {"osm_id": 508871326, "building": "yes"}, "geometry": {"type": "Polygon", "coordinates": [[[98.1186041, 13.9771553], [98.1186497, 13.9771533], [98.1186471, 13.9770935], [98.1186014, 13.9770954], [98.1186041, 13.9771553]]]}}, {"type": "Feature", "properties": {"osm_id": 508871327, "building": "yes"}, "geometry": {"type": "Polygon", "coordinates": [[[98.1187195, 13.9770902], [98.1187948, 13.9770865], [98.1187894, 13.9769849], [98.1187141, 13.9769887], [98.1187195, 13.9770902]]]}}, {"type": "Feature", "properties": {"osm_id": 508871329, "building": "yes"}, "geometry": {"type": "Polygon", "coordinates": [[[98.1190306, 13.9767961], [98.1190754, 13.9767394], [98.1189949, 13.9766796], [98.1189501, 13.9767362], [98.1190306, 13.9767961]]]}}, {"type": "Feature", "properties": {"osm_id": 508871330, "building": "yes"}, "geometry": {"type": "Polygon", "coordinates": [[[98.1190789, 13.9766243], [98.1191996, 13.9766295], [98.1192021, 13.9765751], [98.1190814, 13.9765699], [98.1190789, 13.9766243]]]}}, {"type": "Feature", "properties": {"osm_id": 508871331, "building": "yes"}, "geometry": {"type": "Polygon", "coordinates": [[[98.1190735, 13.9763432], [98.1192048, 13.9763316], [98.1191995, 13.9762744], [98.1190681, 13.9762859], [98.1190735, 13.9763432]]]}}, {"type": "Feature", "properties": {"osm_id": 508871332, "building": "yes"}, "geometry": {"type": "Polygon", "coordinates": [[[98.1190145, 13.9762052], [98.1191331, 13.9761779], [98.1191197, 13.9761232], [98.1190011, 13.9761506], [98.1190145, 13.9762052]]]}}, {"type": "Feature", "properties": {"osm_id": 508871333, "building": "yes"}, "geometry": {"type": "Polygon", "coordinates": [[[98.1188509, 13.976122], [98.1189464, 13.9761306], [98.1189544, 13.9760474], [98.1188589, 13.9760387], [98.1188509, 13.976122]]]}}, {"type": "Feature", "properties": {"osm_id": 508871335, "building": "yes"}, "geometry": {"type": "Polygon", "coordinates": [[[98.1187838, 13.9761298], [98.1188212, 13.9761326], [98.1188265, 13.9760649], [98.1187892, 13.9760621], [98.1187838, 13.9761298]]]}}, {"type": "Feature", "properties": {"osm_id": 508871336, "building": "yes"}, "geometry": {"type": "Polygon", "coordinates": [[[98.118698, 13.9761402], [98.1187522, 13.9761447], [98.1187629, 13.976025], [98.1187087, 13.9760204], [98.118698, 13.9761402]]]}}, {"type": "Feature", "properties": {"osm_id": 508871337, "building": "yes"}, "geometry": {"type": "Polygon", "coordinates": [[[98.1185907, 13.9761011], [98.1186639, 13.9761115], [98.1186799, 13.9760048], [98.1186068, 13.9759944], [98.1185907, 13.9761011]]]}}, {"type": "Feature", "properties": {"osm_id": 508871338, "building": "yes"}, "geometry": {"type": "Polygon", "coordinates": [[[98.118419, 13.9760855], [98.1185136, 13.9760951], [98.118527, 13.9759701], [98.1184325, 13.9759606], [98.118419, 13.9760855]]]}}, {"type": "Feature", "properties": {"osm_id": 508871339, "building": "yes"}, "geometry": {"type": "Polygon", "coordinates": [[[98.1181991, 13.9760751], [98.118283, 13.9760873], [98.1183072, 13.9759312], [98.1182232, 13.9759189], [98.1181991, 13.9760751]]]}}, {"type": "Feature", "properties": {"osm_id": 508871340, "building": "yes"}, "geometry": {"type": "Polygon", "coordinates": [[[98.1179979, 13.9760777], [98.1180678, 13.9760764], [98.1180651, 13.9759436], [98.1179953, 13.975945], [98.1179979, 13.9760777]]]}}, {"type": "Feature", "properties": {"osm_id": 508871342, "building": "yes"}, "geometry": {"type": "Polygon", "coordinates": [[[98.1178075, 13.976312], [98.1178933, 13.976312], [98.1178933, 13.9762417], [98.1178075, 13.9762417], [98.1178075, 13.976312]]]}}, {"type": "Feature", "properties": {"osm_id": 508871343, "building": "yes"}, "geometry": {"type": "Polygon", "coordinates": [[[98.1177002, 13.9765801], [98.1177458, 13.9765801], [98.1177458, 13.9764681], [98.1177002, 13.9764681], [98.1177002, 13.9765801]]]}}, {"type": "Feature", "properties": {"osm_id": 508871344, "building": "yes"}, "geometry": {"type": "Polygon", "coordinates": [[[98.1178129, 13.9760491], [98.1178721, 13.9760524], [98.1178775, 13.9759613], [98.1178182, 13.975958], [98.1178129, 13.9760491]]]}}, {"type": "Feature", "properties": {"osm_id": 508871346, "building": "yes"}, "geometry": {"type": "Polygon", "coordinates": [[[98.1177136, 13.9760543], [98.1177723, 13.9760576], [98.1177803, 13.9759249], [98.1177217, 13.9759215], [98.1177136, 13.9760543]]]}}, {"type": "Feature", "properties": {"osm_id": 508871347, "building": "yes"}, "geometry": {"type": "Polygon", "coordinates": [[[98.1176278, 13.9760907], [98.1176757, 13.9760927], [98.117681, 13.9759677], [98.1176332, 13.9759658], [98.1176278, 13.9760907]]]}}, {"type": "Feature", "properties": {"osm_id": 508871348, "building": "yes"}, "geometry": {"type": "Polygon", "coordinates": [[[98.1175232, 13.9760803], [98.1175768, 13.9760813], [98.1175795, 13.9759381], [98.1175259, 13.9759372], [98.1175232, 13.9760803]]]}}, {"type": "Feature", "properties": {"osm_id": 508871349, "building": "yes"}, "geometry": {"type": "Polygon", "coordinates": [[[98.1173167, 13.9760621], [98.1173879, 13.9760687], [98.1174013, 13.9759334], [98.1173301, 13.9759267], [98.1173167, 13.9760621]]]}}, {"type": "Feature", "properties": {"osm_id": 508871351, "building": "yes"}, "geometry": {"type": "Polygon", "coordinates": [[[98.1172335, 13.9760126], [98.1172737, 13.9760126], [98.1172737, 13.9759294], [98.1172335, 13.9759294], [98.1172335, 13.9760126]]]}}, {"type": "Feature", "properties": {"osm_id": 508871352, "building": "yes"}, "geometry": {"type": "Polygon", "coordinates": [[[98.1171665, 13.9760152], [98.1171982, 13.9760178], [98.1172062, 13.9759241], [98.1171745, 13.9759215], [98.1171665, 13.9760152]]]}}, {"type": "Feature", "properties": {"osm_id": 508871354, "building": "yes"}, "geometry": {"type": "Polygon", "coordinates": [[[98.1171235, 13.9761298], [98.1171985, 13.976134], [98.1172039, 13.9760456], [98.1171289, 13.9760413], [98.1171235, 13.9761298]]]}}, {"type": "Feature", "properties": {"osm_id": 508871355, "building": "yes"}, "geometry": {"type": "Polygon", "coordinates": [[[98.117086, 13.9759996], [98.1171257, 13.9760039], [98.1171391, 13.9758868], [98.1170994, 13.9758825], [98.117086, 13.9759996]]]}}, {"type": "Feature", "properties": {"osm_id": 508871356, "building": "yes"}, "geometry": {"type": "Polygon", "coordinates": [[[98.1169358, 13.976135], [98.1170351, 13.9761376], [98.1170378, 13.9760413], [98.1169385, 13.9760387], [98.1169358, 13.976135]]]}}, {"type": "Feature", "properties": {"osm_id": 508871358, "building": "yes"}, "geometry": {"type": "Polygon", "coordinates": [[[98.1169063, 13.9760152], [98.116992, 13.9760171], [98.1169947, 13.9759], [98.116909, 13.9758981], [98.1169063, 13.9760152]]]}}, {"type": "Feature", "properties": {"osm_id": 508871359, "building": "yes"}, "geometry": {"type": "Polygon", "coordinates": [[[98.1166944, 13.9760152], [98.1167648, 13.9760213], [98.1167782, 13.9758756], [98.1167078, 13.9758695], [98.1166944, 13.9760152]]]}}, {"type": "Feature", "properties": {"osm_id": 508871360, "building": "yes"}, "geometry": {"type": "Polygon", "coordinates": [[[98.1165817, 13.9759892], [98.1166496, 13.9759968], [98.1166657, 13.9758615], [98.1165978, 13.9758539], [98.1165817, 13.9759892]]]}}, {"type": "Feature", "properties": {"osm_id": 508871361, "building": "yes"}, "geometry": {"type": "Polygon", "coordinates": [[[98.1160426, 13.9760855], [98.1161038, 13.9760923], [98.1161145, 13.9760012], [98.1160533, 13.9759944], [98.1160426, 13.9760855]]]}}, {"type": "Feature", "properties": {"osm_id": 508871363, "building": "yes"}, "geometry": {"type": "Polygon", "coordinates": [[[98.1158254, 13.9762547], [98.1159015, 13.9762609], [98.1159095, 13.9761672], [98.1158334, 13.976161], [98.1158254, 13.9762547]]]}}, {"type": "Feature", "properties": {"osm_id": 508871364, "building": "yes"}, "geometry": {"type": "Polygon", "coordinates": [[[98.1160909, 13.9758981], [98.1161571, 13.9759031], [98.1161652, 13.9758016], [98.1160989, 13.9757966], [98.1160909, 13.9758981]]]}}, {"type": "Feature", "properties": {"osm_id": 508871366, "building": "yes"}, "geometry": {"type": "Polygon", "coordinates": [[[98.1158763, 13.9758695], [98.1159438, 13.9758944], [98.1159867, 13.9757851], [98.1159192, 13.9757602], [98.1158763, 13.9758695]]]}}, {"type": "Feature", "properties": {"osm_id": 508871367, "building": "yes"}, "geometry": {"type": "Polygon", "coordinates": [[[98.1157771, 13.975807], [98.1158434, 13.9758035], [98.115838, 13.9757072], [98.1157717, 13.9757107], [98.1157771, 13.975807]]]}}, {"type": "Feature", "properties": {"osm_id": 508871368, "building": "yes"}, "geometry": {"type": "Polygon", "coordinates": [[[98.1156108, 13.9757914], [98.1156729, 13.9757969], [98.115681, 13.975711], [98.1156188, 13.9757055], [98.1156108, 13.9757914]]]}}, {"type": "Feature", "properties": {"osm_id": 508871370, "building": "yes"}, "geometry": {"type": "Polygon", "coordinates": [[[98.1154901, 13.9755441], [98.1155439, 13.9755509], [98.1155546, 13.9754702], [98.1155008, 13.9754634], [98.1154901, 13.9755441]]]}}, {"type": "Feature", "properties": {"osm_id": 508871371, "building": "yes"}, "geometry": {"type": "Polygon", "coordinates": [[[98.115482, 13.9757758], [98.1155462, 13.9757779], [98.1155489, 13.9757025], [98.1154847, 13.9757003], [98.115482, 13.9757758]]]}}, {"type": "Feature", "properties": {"osm_id": 508871372, "building": "yes"}, "geometry": {"type": "Polygon", "coordinates": [[[98.1152487, 13.9757315], [98.1152891, 13.9757283], [98.1152837, 13.9756658], [98.1152433, 13.9756691], [98.1152487, 13.9757315]]]}}, {"type": "Feature", "properties": {"osm_id": 508871373, "building": "yes"}, "geometry": {"type": "Polygon", "coordinates": [[[98.1151628, 13.9757888], [98.1152144, 13.9757908], [98.1152171, 13.9757257], [98.1151655, 13.9757237], [98.1151628, 13.9757888]]]}}, {"type": "Feature", "properties": {"osm_id": 508871375, "building": "yes"}, "geometry": {"type": "Polygon", "coordinates": [[[98.1150717, 13.9757888], [98.1151334, 13.9757907], [98.115136, 13.97571], [98.1150743, 13.9757081], [98.1150717, 13.9757888]]]}}, {"type": "Feature", "properties": {"osm_id": 508871376, "building": "yes"}, "geometry": {"type": "Polygon", "coordinates": [[[98.1149134, 13.9758226], [98.1149956, 13.9758093], [98.1149849, 13.9757469], [98.1149027, 13.9757602], [98.1149134, 13.9758226]]]}}, {"type": "Feature", "properties": {"osm_id": 508871377, "building": "yes"}, "geometry": {"type": "Polygon", "coordinates": [[[98.1160694, 13.9753411], [98.1161723, 13.9753541], [98.1161803, 13.9752943], [98.1160775, 13.9752813], [98.1160694, 13.9753411]]]}}, {"type": "Feature", "properties": {"osm_id": 508871378, "building": "yes"}, "geometry": {"type": "Polygon", "coordinates": [[[98.1164047, 13.9753177], [98.116528, 13.9753137], [98.1165253, 13.9752356], [98.116402, 13.9752396], [98.1164047, 13.9753177]]]}}, {"type": "Feature", "properties": {"osm_id": 508871379, "building": "yes"}, "geometry": {"type": "Polygon", "coordinates": [[[98.1163672, 13.9752188], [98.1165233, 13.9752031], [98.1165152, 13.9751276], [98.1163591, 13.9751433], [98.1163672, 13.9752188]]]}}, {"type": "Feature", "properties": {"osm_id": 508871381, "building": "yes"}, "geometry": {"type": "Polygon", "coordinates": [[[98.1163377, 13.9749221], [98.1164255, 13.9749079], [98.1164175, 13.974861], [98.1163296, 13.9748752], [98.1163377, 13.9749221]]]}}, {"type": "Feature", "properties": {"osm_id": 508871382, "building": "yes"}, "geometry": {"type": "Polygon", "coordinates": [[[98.1163591, 13.9750132], [98.1164559, 13.9749968], [98.1164452, 13.974937], [98.1163484, 13.9749533], [98.1163591, 13.9750132]]]}}, {"type": "Feature", "properties": {"osm_id": 508871383, "building": "yes"}, "geometry": {"type": "Polygon", "coordinates": [[[98.1161499, 13.9751303], [98.1162541, 13.9751191], [98.1162461, 13.9750488], [98.1161419, 13.97506], [98.1161499, 13.9751303]]]}}, {"type": "Feature", "properties": {"osm_id": 508871384, "building": "yes"}, "geometry": {"type": "Polygon", "coordinates": [[[98.1141677, 13.9747997], [98.1142804, 13.9747997], [98.1142804, 13.9747425], [98.1141677, 13.9747425], [98.1141677, 13.9747997]]]}}, {"type": "Feature", "properties": {"osm_id": 508871386, "building": "yes"}, "geometry": {"type": "Polygon", "coordinates": [[[98.1141731, 13.9746462], [98.1142965, 13.9746462], [98.1142965, 13.9745811], [98.1141731, 13.9745811], [98.1141731, 13.9746462]]]}}, {"type": "Feature", "properties": {"osm_id": 508871387, "building": "yes"}, "geometry": {"type": "Polygon", "coordinates": [[[98.1141087, 13.9744848], [98.1141594, 13.9744793], [98.114146, 13.9743622], [98.1140953, 13.9743677], [98.1141087, 13.9744848]]]}}, {"type": "Feature", "properties": {"osm_id": 508871388, "building": "yes"}, "geometry": {"type": "Polygon", "coordinates": [[[98.1142616, 13.9744952], [98.1143394, 13.9744952], [98.1143394, 13.9743651], [98.1142616, 13.9743651], [98.1142616, 13.9744952]]]}}, {"type": "Feature", "properties": {"osm_id": 508871389, "building": "yes"}, "geometry": {"type": "Polygon", "coordinates": [[[98.1146076, 13.9745551], [98.1147007, 13.9745657], [98.1147168, 13.9744329], [98.1146237, 13.9744223], [98.1146076, 13.9745551]]]}}, {"type": "Feature", "properties": {"osm_id": 508871390, "building": "yes"}, "geometry": {"type": "Polygon", "coordinates": [[[98.1148973, 13.9745082], [98.1149692, 13.9745108], [98.1149719, 13.9744405], [98.1149, 13.9744379], [98.1148973, 13.9745082]]]}}, {"type": "Feature", "properties": {"osm_id": 508871391, "building": "yes"}, "geometry": {"type": "Polygon", "coordinates": [[[98.1151307, 13.9745811], [98.1152191, 13.9745824], [98.1152217, 13.9744159], [98.1151333, 13.9744145], [98.1151307, 13.9745811]]]}}, {"type": "Feature", "properties": {"osm_id": 508871392, "building": "yes"}, "geometry": {"type": "Polygon", "coordinates": [[[98.1157798, 13.9746331], [98.1158763, 13.974641], [98.1158897, 13.9744848], [98.1157932, 13.974477], [98.1157798, 13.9746331]]]}}, {"type": "Feature", "properties": {"osm_id": 508871394, "building": "yes"}, "geometry": {"type": "Polygon", "coordinates": [[[98.1161043, 13.9746123], [98.1161714, 13.9746123], [98.1161714, 13.9745004], [98.1161043, 13.9745004], [98.1161043, 13.9746123]]]}}, {"type": "Feature", "properties": {"osm_id": 508871395, "building": "yes"}, "geometry": {"type": "Polygon", "coordinates": [[[98.1162679, 13.9746696], [98.1163592, 13.974666], [98.1163538, 13.9745384], [98.1162626, 13.974542], [98.1162679, 13.9746696]]]}}, {"type": "Feature", "properties": {"osm_id": 508874067, "building": "yes"}, "geometry": {"type": "Polygon", "coordinates": [[[98.1084707, 13.9784619], [98.1085837, 13.9784141], [98.1085381, 13.9783126], [98.1084251, 13.9783604], [98.1084707, 13.9784619]]]}}, {"type": "Feature", "properties": {"osm_id": 508874068, "building": "yes"}, "geometry": {"type": "Polygon", "coordinates": [[[98.1087014, 13.978061], [98.1087856, 13.9780701], [98.1087963, 13.9779764], [98.1087121, 13.9779673], [98.1087014, 13.978061]]]}}, {"type": "Feature", "properties": {"osm_id": 508874069, "building": "yes"}, "geometry": {"type": "Polygon", "coordinates": [[[98.1102839, 13.9779179], [98.11035, 13.9779014], [98.1103259, 13.9778103], [98.1102598, 13.9778268], [98.1102839, 13.9779179]]]}}, {"type": "Feature", "properties": {"osm_id": 508874070, "building": "yes"}, "geometry": {"type": "Polygon", "coordinates": [[[98.1101793, 13.9780949], [98.1102231, 13.9780819], [98.1101935, 13.9779882], [98.1101498, 13.9780012], [98.1101793, 13.9780949]]]}}, {"type": "Feature", "properties": {"osm_id": 508874071, "building": "yes"}, "geometry": {"type": "Polygon", "coordinates": [[[98.1092137, 13.9781834], [98.1092898, 13.978164], [98.1092629, 13.978065], [98.1091869, 13.9780845], [98.1092137, 13.9781834]]]}}, {"type": "Feature", "properties": {"osm_id": 508874072, "building": "yes"}, "geometry": {"type": "Polygon", "coordinates": [[[98.1102893, 13.9775951], [98.1103473, 13.9775638], [98.1103071, 13.9774936], [98.110249, 13.9775249], [98.1102893, 13.9775951]]]}}, {"type": "Feature", "properties": {"osm_id": 508874073, "building": "yes"}, "geometry": {"type": "Polygon", "coordinates": [[[98.1104583, 13.9775327], [98.1105315, 13.9775018], [98.1105047, 13.9774419], [98.1104314, 13.9774728], [98.1104583, 13.9775327]]]}}, {"type": "Feature", "properties": {"osm_id": 508874074, "building": "yes"}, "geometry": {"type": "Polygon", "coordinates": [[[98.1103832, 13.9775795], [98.1104248, 13.9775651], [98.1103845, 13.9774558], [98.1103429, 13.9774702], [98.1103832, 13.9775795]]]}}, {"type": "Feature", "properties": {"osm_id": 508874075, "building": "yes"}, "geometry": {"type": "Polygon", "coordinates": [[[98.1113219, 13.9772672], [98.1114072, 13.9772396], [98.111375, 13.9771459], [98.1112897, 13.9771735], [98.1113219, 13.9772672]]]}}, {"type": "Feature", "properties": {"osm_id": 508874076, "building": "yes"}, "geometry": {"type": "Polygon", "coordinates": [[[98.1116518, 13.9775483], [98.1117126, 13.9775439], [98.1117045, 13.9774398], [98.1116438, 13.9774442], [98.1116518, 13.9775483]]]}}, {"type": "Feature", "properties": {"osm_id": 508874077, "building": "yes"}, "geometry": {"type": "Polygon", "coordinates": [[[98.1117967, 13.9774936], [98.1118688, 13.9774957], [98.1118715, 13.9774072], [98.1117994, 13.9774051], [98.1117967, 13.9774936]]]}}, {"type": "Feature", "properties": {"osm_id": 508874078, "building": "yes"}, "geometry": {"type": "Polygon", "coordinates": [[[98.1117725, 13.9772255], [98.1118551, 13.9772202], [98.1118498, 13.9771421], [98.1117672, 13.9771475], [98.1117725, 13.9772255]]]}}, {"type": "Feature", "properties": {"osm_id": 508874079, "building": "yes"}, "geometry": {"type": "Polygon", "coordinates": [[[98.11203, 13.9771839], [98.1120873, 13.9771867], [98.1120926, 13.9770826], [98.1120354, 13.9770798], [98.11203, 13.9771839]]]}}, {"type": "Feature", "properties": {"osm_id": 508874080, "building": "yes"}, "geometry": {"type": "Polygon", "coordinates": [[[98.1117913, 13.9768898], [98.1119492, 13.976885], [98.1119465, 13.9768017], [98.1117886, 13.9768065], [98.1117913, 13.9768898]]]}}, {"type": "Feature", "properties": {"osm_id": 508874081, "building": "yes"}, "geometry": {"type": "Polygon", "coordinates": [[[98.1121507, 13.9768664], [98.1122232, 13.9768688], [98.1122259, 13.9767933], [98.1121534, 13.9767909], [98.1121507, 13.9768664]]]}}, {"type": "Feature", "properties": {"osm_id": 508874082, "building": "yes"}, "geometry": {"type": "Polygon", "coordinates": [[[98.1123438, 13.9771839], [98.1124081, 13.9771777], [98.1124001, 13.9770996], [98.1123358, 13.9771058], [98.1123438, 13.9771839]]]}}, {"type": "Feature", "properties": {"osm_id": 508874083, "building": "yes"}, "geometry": {"type": "Polygon", "coordinates": [[[98.1124458, 13.9771735], [98.1125048, 13.9771722], [98.1125021, 13.9770525], [98.1124431, 13.9770538], [98.1124458, 13.9771735]]]}}, {"type": "Feature", "properties": {"osm_id": 508874084, "building": "yes"}, "geometry": {"type": "Polygon", "coordinates": [[[98.1127676, 13.9771344], [98.1128474, 13.9771312], [98.112842, 13.9770063], [98.1127623, 13.9770095], [98.1127676, 13.9771344]]]}}, {"type": "Feature", "properties": {"osm_id": 508874085, "building": "yes"}, "geometry": {"type": "Polygon", "coordinates": [[[98.1130224, 13.977124], [98.1131055, 13.9771262], [98.1131081, 13.9770299], [98.1130251, 13.9770277], [98.1130224, 13.977124]]]}}, {"type": "Feature", "properties": {"osm_id": 508874086, "building": "yes"}, "geometry": {"type": "Polygon", "coordinates": [[[98.1134194, 13.977085], [98.1134715, 13.9770706], [98.11345, 13.9769977], [98.113398, 13.9770121], [98.1134194, 13.977085]]]}}, {"type": "Feature", "properties": {"osm_id": 508874087, "building": "yes"}, "geometry": {"type": "Polygon", "coordinates": [[[98.1136098, 13.9770381], [98.1136428, 13.976976], [98.1135435, 13.9769265], [98.1135106, 13.9769887], [98.1136098, 13.9770381]]]}}, {"type": "Feature", "properties": {"osm_id": 508874088, "building": "yes"}, "geometry": {"type": "Polygon", "coordinates": [[[98.1137896, 13.976718], [98.1138175, 13.9766651], [98.1137183, 13.9766157], [98.1136903, 13.9766685], [98.1137896, 13.976718]]]}}, {"type": "Feature", "properties": {"osm_id": 508874089, "building": "yes"}, "geometry": {"type": "Polygon", "coordinates": [[[98.1138244, 13.9766321], [98.1138597, 13.9765721], [98.1137659, 13.9765201], [98.1137305, 13.9765801], [98.1138244, 13.9766321]]]}}, {"type": "Feature", "properties": {"osm_id": 508874090, "building": "yes"}, "geometry": {"type": "Polygon", "coordinates": [[[98.1139049, 13.9764864], [98.1139285, 13.9764372], [98.1138131, 13.9763851], [98.1137896, 13.9764343], [98.1139049, 13.9764864]]]}}, {"type": "Feature", "properties": {"osm_id": 508874091, "building": "yes"}, "geometry": {"type": "Polygon", "coordinates": [[[98.1139961, 13.9761922], [98.114023, 13.9761323], [98.1138996, 13.9760802], [98.1138727, 13.9761402], [98.1139961, 13.9761922]]]}}, {"type": "Feature", "properties": {"osm_id": 508874092, "building": "yes"}, "geometry": {"type": "Polygon", "coordinates": [[[98.114031, 13.9760465], [98.114062, 13.9760007], [98.1139681, 13.9759408], [98.1139371, 13.9759866], [98.114031, 13.9760465]]]}}, {"type": "Feature", "properties": {"osm_id": 508874093, "building": "yes"}, "geometry": {"type": "Polygon", "coordinates": [[[98.1138915, 13.9759658], [98.1139275, 13.9759013], [98.1138337, 13.9758519], [98.1137976, 13.9759163], [98.1138915, 13.9759658]]]}}, {"type": "Feature", "properties": {"osm_id": 508874094, "building": "yes"}, "geometry": {"type": "Polygon", "coordinates": [[[98.1155169, 13.9789174], [98.115601, 13.9789057], [98.1155903, 13.9788328], [98.1155062, 13.9788445], [98.1155169, 13.9789174]]]}}, {"type": "Feature", "properties": {"osm_id": 508874095, "building": "yes"}, "geometry": {"type": "Polygon", "coordinates": [[[98.1155223, 13.9792349], [98.1155974, 13.9792349], [98.1155974, 13.9791672], [98.1155223, 13.9791672], [98.1155223, 13.9792349]]]}}, {"type": "Feature", "properties": {"osm_id": 508874096, "building": "yes"}, "geometry": {"type": "Polygon", "coordinates": [[[98.1156295, 13.9794587], [98.1157034, 13.9794372], [98.1156873, 13.9793852], [98.1156135, 13.9794067], [98.1156295, 13.9794587]]]}}, {"type": "Feature", "properties": {"osm_id": 508874097, "building": "yes"}, "geometry": {"type": "Polygon", "coordinates": [[[98.1154686, 13.9794587], [98.1155556, 13.9794517], [98.1155503, 13.9793892], [98.1154633, 13.9793963], [98.1154686, 13.9794587]]]}}, {"type": "Feature", "properties": {"osm_id": 508874098, "building": "yes"}, "geometry": {"type": "Polygon", "coordinates": [[[98.115828, 13.9792193], [98.1159618, 13.9791868], [98.1159457, 13.9791244], [98.1158119, 13.9791568], [98.115828, 13.9792193]]]}}, {"type": "Feature", "properties": {"osm_id": 508874099, "building": "yes"}, "geometry": {"type": "Polygon", "coordinates": [[[98.115769, 13.9790423], [98.1158844, 13.9790183], [98.1158683, 13.9789454], [98.1157529, 13.9789694], [98.115769, 13.9790423]]]}}, {"type": "Feature", "properties": {"osm_id": 508874100, "building": "yes"}, "geometry": {"type": "Polygon", "coordinates": [[[98.1157368, 13.9788289], [98.1157843, 13.9788227], [98.1157735, 13.9787446], [98.1157261, 13.9787508], [98.1157368, 13.9788289]]]}}, {"type": "Feature", "properties": {"osm_id": 508874101, "building": "yes"}, "geometry": {"type": "Polygon", "coordinates": [[[98.1154418, 13.9783291], [98.1155652, 13.9783187], [98.1155558, 13.978214], [98.1154324, 13.9782245], [98.1154418, 13.9783291]]]}}, {"type": "Feature", "properties": {"osm_id": 508874102, "building": "yes"}, "geometry": {"type": "Polygon", "coordinates": [[[98.1151307, 13.9786467], [98.115242, 13.9786287], [98.1152259, 13.978535], [98.1151146, 13.978553], [98.1151307, 13.9786467]]]}}, {"type": "Feature", "properties": {"osm_id": 508874103, "building": "yes"}, "geometry": {"type": "Polygon", "coordinates": [[[98.1154311, 13.9784905], [98.1155759, 13.9784905], [98.1155759, 13.9783916], [98.1154311, 13.9783916], [98.1154311, 13.9784905]]]}}, {"type": "Feature", "properties": {"osm_id": 508874104, "building": "yes"}, "geometry": {"type": "Polygon", "coordinates": [[[98.1136179, 13.978402], [98.1137285, 13.9783742], [98.1136909, 13.9782336], [98.1135803, 13.9782615], [98.1136179, 13.978402]]]}}, {"type": "Feature", "properties": {"osm_id": 508874105, "building": "yes"}, "geometry": {"type": "Polygon", "coordinates": [[[98.1138056, 13.9785165], [98.1139533, 13.9785039], [98.1139372, 13.9783269], [98.1137896, 13.9783395], [98.1138056, 13.9785165]]]}}, {"type": "Feature", "properties": {"osm_id": 508874106, "building": "yes"}, "geometry": {"type": "Polygon", "coordinates": [[[98.1136125, 13.9781886], [98.1138593, 13.9781886], [98.1138593, 13.9780636], [98.1136125, 13.9780636], [98.1136125, 13.9781886]]]}}, {"type": "Feature", "properties": {"osm_id": 508874107, "building": "yes"}, "geometry": {"type": "Polygon", "coordinates": [[[98.1130063, 13.9784437], [98.1131799, 13.9784082], [98.1131585, 13.9783093], [98.1129849, 13.9783447], [98.1130063, 13.9784437]]]}}, {"type": "Feature", "properties": {"osm_id": 508874245, "building": "yes"}, "geometry": {"type": "Polygon", "coordinates": [[[98.1103885, 13.9745707], [98.1105688, 13.9744832], [98.1105366, 13.9744208], [98.1103563, 13.9745082], [98.1103885, 13.9745707]]]}}, {"type": "Feature", "properties": {"osm_id": 508874246, "building": "yes"}, "geometry": {"type": "Polygon", "coordinates": [[[98.1105226, 13.9747008], [98.1106435, 13.9746635], [98.110606, 13.974549], [98.1104851, 13.9745863], [98.1105226, 13.9747008]]]}}, {"type": "Feature", "properties": {"osm_id": 508874247, "building": "yes"}, "geometry": {"type": "Polygon", "coordinates": [[[98.1107104, 13.9746227], [98.1109006, 13.9745513], [98.1108362, 13.9743899], [98.110646, 13.9744614], [98.1107104, 13.9746227]]]}}, {"type": "Feature", "properties": {"osm_id": 508874248, "building": "yes"}, "geometry": {"type": "Polygon", "coordinates": [[[98.1108391, 13.9748362], [98.1109986, 13.9748509], [98.1110093, 13.9747416], [98.1108499, 13.9747269], [98.1108391, 13.9748362]]]}}, {"type": "Feature", "properties": {"osm_id": 508874249, "building": "yes"}, "geometry": {"type": "Polygon", "coordinates": [[[98.1108767, 13.9750184], [98.1110644, 13.9750184], [98.1110644, 13.9749403], [98.1108767, 13.9749403], [98.1108767, 13.9750184]]]}}, {"type": "Feature", "properties": {"osm_id": 508874250, "building": "yes"}, "geometry": {"type": "Polygon", "coordinates": [[[98.1137949, 13.9742063], [98.1139451, 13.9742011], [98.1139424, 13.9741276], [98.1137922, 13.9741328], [98.1137949, 13.9742063]]]}}, {"type": "Feature", "properties": {"osm_id": 508874251, "building": "yes"}, "geometry": {"type": "Polygon", "coordinates": [[[98.1135911, 13.9741022], [98.113698, 13.9741112], [98.1137087, 13.9739915], [98.1136018, 13.9739824], [98.1135911, 13.9741022]]]}}, {"type": "Feature", "properties": {"osm_id": 508874252, "building": "yes"}, "geometry": {"type": "Polygon", "coordinates": [[[98.1126898, 13.9743885], [98.1128228, 13.9743701], [98.112812, 13.9742972], [98.1126791, 13.9743156], [98.1126898, 13.9743885]]]}}, {"type": "Feature", "properties": {"osm_id": 508874253, "building": "yes"}, "geometry": {"type": "Polygon", "coordinates": [[[98.1127006, 13.9745134], [98.112802, 13.9745064], [98.1127966, 13.9744335], [98.1126952, 13.9744405], [98.1127006, 13.9745134]]]}}, {"type": "Feature", "properties": {"osm_id": 508874254, "building": "yes"}, "geometry": {"type": "Polygon", "coordinates": [[[98.1073201, 13.9788913], [98.1073862, 13.9788727], [98.1073621, 13.978792], [98.1072959, 13.9788106], [98.1073201, 13.9788913]]]}}, {"type": "Feature", "properties": {"osm_id": 508874984, "building": "yes"}, "geometry": {"type": "Polygon", "coordinates": [[[98.1166112, 13.9748388], [98.1166863, 13.9748388], [98.1166863, 13.9747477], [98.1166112, 13.9747477], [98.1166112, 13.9748388]]]}}, {"type": "Feature", "properties": {"osm_id": 508874985, "building": "yes"}, "geometry": {"type": "Polygon", "coordinates": [[[98.1170779, 13.9748232], [98.1171182, 13.9748232], [98.1171182, 13.9747399], [98.1170779, 13.9747399], [98.1170779, 13.9748232]]]}}, {"type": "Feature", "properties": {"osm_id": 508874986, "building": "yes"}, "geometry": {"type": "Polygon", "coordinates": [[[98.1166729, 13.9749715], [98.1167424, 13.974966], [98.1167344, 13.9748697], [98.1166649, 13.9748752], [98.1166729, 13.9749715]]]}}, {"type": "Feature", "properties": {"osm_id": 508874987, "building": "yes"}, "geometry": {"type": "Polygon", "coordinates": [[[98.1140444, 13.9737742], [98.1141925, 13.9737411], [98.1141764, 13.9736734], [98.1140283, 13.9737065], [98.1140444, 13.9737742]]]}}, {"type": "Feature", "properties": {"osm_id": 508874988, "building": "yes"}, "geometry": {"type": "Polygon", "coordinates": [[[98.1139398, 13.9731105], [98.11405, 13.973073], [98.1140313, 13.973021], [98.113921, 13.9730584], [98.1139398, 13.9731105]]]}}, {"type": "Feature", "properties": {"osm_id": 508874989, "building": "yes"}, "geometry": {"type": "Polygon", "coordinates": [[[98.1139076, 13.9730064], [98.1140331, 13.9729679], [98.114017, 13.9729185], [98.1138915, 13.9729569], [98.1139076, 13.9730064]]]}}, {"type": "Feature", "properties": {"osm_id": 508874990, "building": "yes"}, "geometry": {"type": "Polygon", "coordinates": [[[98.1138673, 13.9729153], [98.1139975, 13.9728749], [98.113976, 13.9728098], [98.1138459, 13.9728502], [98.1138673, 13.9729153]]]}}, {"type": "Feature", "properties": {"osm_id": 508874991, "building": "yes"}, "geometry": {"type": "Polygon", "coordinates": [[[98.1136876, 13.9720537], [98.1138134, 13.9720256], [98.1137973, 13.9719579], [98.1136715, 13.9719861], [98.1136876, 13.9720537]]]}}, {"type": "Feature", "properties": {"osm_id": 508875004, "building": "yes"}, "geometry": {"type": "Polygon", "coordinates": [[[98.1141221, 13.9720746], [98.1141747, 13.9720368], [98.114113, 13.9719561], [98.1140605, 13.9719939], [98.1141221, 13.9720746]]]}}, {"type": "Feature", "properties": {"osm_id": 508875005, "building": "yes"}, "geometry": {"type": "Polygon", "coordinates": [[[98.1140015, 13.9724468], [98.1141551, 13.9723602], [98.1141068, 13.9722795], [98.1139532, 13.9723661], [98.1140015, 13.9724468]]]}}, {"type": "Feature", "properties": {"osm_id": 508875006, "building": "yes"}, "geometry": {"type": "Polygon", "coordinates": [[[98.114554, 13.972072], [98.1145997, 13.9720231], [98.1145112, 13.971945], [98.1144655, 13.9719939], [98.114554, 13.972072]]]}}, {"type": "Feature", "properties": {"osm_id": 508875007, "building": "yes"}, "geometry": {"type": "Polygon", "coordinates": [[[98.1145835, 13.972288], [98.11467, 13.9721788], [98.1146003, 13.9721268], [98.1145138, 13.9722359], [98.1145835, 13.972288]]]}}, {"type": "Feature", "properties": {"osm_id": 508875008, "building": "yes"}, "geometry": {"type": "Polygon", "coordinates": [[[98.1140739, 13.9725535], [98.1142492, 13.9724766], [98.1142117, 13.9723959], [98.1140363, 13.9724728], [98.1140739, 13.9725535]]]}}, {"type": "Feature", "properties": {"osm_id": 508875009, "building": "yes"}, "geometry": {"type": "Polygon", "coordinates": [[[98.1145567, 13.9724728], [98.1147228, 13.9723256], [98.1146665, 13.9722657], [98.1145003, 13.9724129], [98.1145567, 13.9724728]]]}}, {"type": "Feature", "properties": {"osm_id": 508875010, "building": "yes"}, "geometry": {"type": "Polygon", "coordinates": [[[98.114849, 13.9723166], [98.1149441, 13.9722166], [98.1149093, 13.9721854], [98.1148142, 13.9722854], [98.114849, 13.9723166]]]}}, {"type": "Feature", "properties": {"osm_id": 508875011, "building": "yes"}, "geometry": {"type": "Polygon", "coordinates": [[[98.1149214, 13.9723973], [98.1150328, 13.9722893], [98.1149979, 13.9722555], [98.1148866, 13.9723635], [98.1149214, 13.9723973]]]}}, {"type": "Feature", "properties": {"osm_id": 508875012, "building": "yes"}, "geometry": {"type": "Polygon", "coordinates": [[[98.1150877, 13.9724416], [98.1151326, 13.972401], [98.115095, 13.9723619], [98.1150502, 13.9724025], [98.1150877, 13.9724416]]]}}, {"type": "Feature", "properties": {"osm_id": 508875013, "building": "yes"}, "geometry": {"type": "Polygon", "coordinates": [[[98.1149456, 13.9725092], [98.1150079, 13.9724245], [98.1149704, 13.9723985], [98.114908, 13.9724832], [98.1149456, 13.9725092]]]}}, {"type": "Feature", "properties": {"osm_id": 508875014, "building": "yes"}, "geometry": {"type": "Polygon", "coordinates": [[[98.11501, 13.9725847], [98.1150799, 13.9725347], [98.1150423, 13.9724853], [98.1149724, 13.9725353], [98.11501, 13.9725847]]]}}, {"type": "Feature", "properties": {"osm_id": 508875015, "building": "yes"}, "geometry": {"type": "Polygon", "coordinates": [[[98.1151333, 13.9725665], [98.1152165, 13.9725041], [98.115171, 13.9724468], [98.1150877, 13.9725092], [98.1151333, 13.9725665]]]}}, {"type": "Feature", "properties": {"osm_id": 508875016, "building": "yes"}, "geometry": {"type": "Polygon", "coordinates": [[[98.1155598, 13.9731391], [98.1156396, 13.9730495], [98.1155806, 13.973], [98.1155008, 13.9730897], [98.1155598, 13.9731391]]]}}, {"type": "Feature", "properties": {"osm_id": 508875017, "building": "yes"}, "geometry": {"type": "Polygon", "coordinates": [[[98.1156296, 13.9732406], [98.1157417, 13.9731163], [98.1156988, 13.9730798], [98.1155866, 13.9732042], [98.1156296, 13.9732406]]]}}, {"type": "Feature", "properties": {"osm_id": 508875018, "building": "yes"}, "geometry": {"type": "Polygon", "coordinates": [[[98.1157073, 13.9733291], [98.115786, 13.9732604], [98.1157377, 13.9732083], [98.1156591, 13.9732771], [98.1157073, 13.9733291]]]}}, {"type": "Feature", "properties": {"osm_id": 508875019, "building": "yes"}, "geometry": {"type": "Polygon", "coordinates": [[[98.1158173, 13.9734098], [98.115936, 13.9733176], [98.1158717, 13.9732396], [98.1157529, 13.9733317], [98.1158173, 13.9734098]]]}}, {"type": "Feature", "properties": {"osm_id": 508875020, "building": "yes"}, "geometry": {"type": "Polygon", "coordinates": [[[98.1158254, 13.9734957], [98.1159435, 13.9734312], [98.1159194, 13.9733896], [98.1158012, 13.9734541], [98.1158254, 13.9734957]]]}}, {"type": "Feature", "properties": {"osm_id": 508875021, "building": "yes"}, "geometry": {"type": "Polygon", "coordinates": [[[98.1158924, 13.9735426], [98.1159721, 13.9734996], [98.1159453, 13.9734527], [98.1158656, 13.9734957], [98.1158924, 13.9735426]]]}}, {"type": "Feature", "properties": {"osm_id": 508875022, "building": "yes"}, "geometry": {"type": "Polygon", "coordinates": [[[98.1159595, 13.9736337], [98.1160426, 13.973553], [98.1159943, 13.9735061], [98.1159112, 13.9735868], [98.1159595, 13.9736337]]]}}, {"type": "Feature", "properties": {"osm_id": 508875023, "building": "yes"}, "geometry": {"type": "Polygon", "coordinates": [[[98.1161043, 13.97373], [98.1161843, 13.9736627], [98.1161494, 13.9736237], [98.1160694, 13.9736909], [98.1161043, 13.97373]]]}}, {"type": "Feature", "properties": {"osm_id": 508875024, "building": "yes"}, "geometry": {"type": "Polygon", "coordinates": [[[98.1162411, 13.9738185], [98.1162895, 13.9737715], [98.1162654, 13.9737481], [98.116217, 13.973795], [98.1162411, 13.9738185]]]}}, {"type": "Feature", "properties": {"osm_id": 508875025, "building": "yes"}, "geometry": {"type": "Polygon", "coordinates": [[[98.1161365, 13.9738159], [98.1162598, 13.9737427], [98.1162303, 13.9736959], [98.116107, 13.973769], [98.1161365, 13.9738159]]]}}, {"type": "Feature", "properties": {"osm_id": 508875026, "building": "yes"}, "geometry": {"type": "Polygon", "coordinates": [[[98.1162626, 13.9739304], [98.1163432, 13.9738717], [98.116295, 13.9738092], [98.1162143, 13.9738679], [98.1162626, 13.9739304]]]}}, {"type": "Feature", "properties": {"osm_id": 508875027, "building": "yes"}, "geometry": {"type": "Polygon", "coordinates": [[[98.1163028, 13.9740215], [98.1164208, 13.9739486], [98.1163859, 13.9738954], [98.1162679, 13.9739683], [98.1163028, 13.9740215]]]}}, {"type": "Feature", "properties": {"osm_id": 508875028, "building": "yes"}, "geometry": {"type": "Polygon", "coordinates": [[[98.1163913, 13.974136], [98.1165147, 13.9740735], [98.1164813, 13.9740114], [98.1163579, 13.9740738], [98.1163913, 13.974136]]]}}, {"type": "Feature", "properties": {"osm_id": 508875029, "building": "yes"}, "geometry": {"type": "Polygon", "coordinates": [[[98.1165549, 13.9742375], [98.1166274, 13.9742737], [98.116673, 13.9741878], [98.1166005, 13.9741516], [98.1165549, 13.9742375]]]}}, {"type": "Feature", "properties": {"osm_id": 508875030, "building": "yes"}, "geometry": {"type": "Polygon", "coordinates": [[[98.1167923, 13.9743872], [98.1169233, 13.9744126], [98.1169367, 13.9743476], [98.1168057, 13.9743221], [98.1167923, 13.9743872]]]}}, {"type": "Feature", "properties": {"osm_id": 508875031, "building": "yes"}, "geometry": {"type": "Polygon", "coordinates": [[[98.1167319, 13.9743937], [98.1167854, 13.9744], [98.1167962, 13.9743141], [98.1167427, 13.9743078], [98.1167319, 13.9743937]]]}}, {"type": "Feature", "properties": {"osm_id": 508875032, "building": "yes"}, "geometry": {"type": "Polygon", "coordinates": [[[98.1164101, 13.9743755], [98.1164932, 13.9743774], [98.1164959, 13.9742681], [98.1164128, 13.9742661], [98.1164101, 13.9743755]]]}}, {"type": "Feature", "properties": {"osm_id": 508875033, "building": "yes"}, "geometry": {"type": "Polygon", "coordinates": [[[98.1162545, 13.9743885], [98.11629, 13.9743902], [98.1162953, 13.9742861], [98.1162599, 13.9742844], [98.1162545, 13.9743885]]]}}, {"type": "Feature", "properties": {"osm_id": 508875034, "building": "yes"}, "geometry": {"type": "Polygon", "coordinates": [[[98.1161901, 13.9743885], [98.1162118, 13.9743895], [98.1162172, 13.9742828], [98.1161955, 13.9742818], [98.1161901, 13.9743885]]]}}, {"type": "Feature", "properties": {"osm_id": 508875035, "building": "yes"}, "geometry": {"type": "Polygon", "coordinates": [[[98.1161123, 13.9743651], [98.1161633, 13.9743681], [98.1161686, 13.9742849], [98.1161177, 13.9742818], [98.1161123, 13.9743651]]]}}, {"type": "Feature", "properties": {"osm_id": 508875036, "building": "yes"}, "geometry": {"type": "Polygon", "coordinates": [[[98.1159997, 13.9743468], [98.1160707, 13.9743511], [98.116076, 13.9742679], [98.1160051, 13.9742635], [98.1159997, 13.9743468]]]}}, {"type": "Feature", "properties": {"osm_id": 508875037, "building": "yes"}, "geometry": {"type": "Polygon", "coordinates": [[[98.1158575, 13.9743416], [98.1159484, 13.9743488], [98.1159564, 13.9742525], [98.1158656, 13.9742453], [98.1158575, 13.9743416]]]}}, {"type": "Feature", "properties": {"osm_id": 508875038, "building": "yes"}, "geometry": {"type": "Polygon", "coordinates": [[[98.1155679, 13.9740527], [98.1156916, 13.9740551], [98.1156942, 13.9739223], [98.1155705, 13.97392], [98.1155679, 13.9740527]]]}}, {"type": "Feature", "properties": {"osm_id": 508875039, "building": "yes"}, "geometry": {"type": "Polygon", "coordinates": [[[98.1155625, 13.9743286], [98.1156191, 13.9743319], [98.1156271, 13.9742018], [98.1155705, 13.9741985], [98.1155625, 13.9743286]]]}}, {"type": "Feature", "properties": {"osm_id": 508875040, "building": "yes"}, "geometry": {"type": "Polygon", "coordinates": [[[98.1154284, 13.9742349], [98.1155032, 13.9742391], [98.1155086, 13.974148], [98.1154337, 13.9741438], [98.1154284, 13.9742349]]]}}, {"type": "Feature", "properties": {"osm_id": 508875041, "building": "yes"}, "geometry": {"type": "Polygon", "coordinates": [[[98.1151307, 13.9742792], [98.1152326, 13.9742865], [98.1152433, 13.9741459], [98.1151414, 13.9741386], [98.1151307, 13.9742792]]]}}, {"type": "Feature", "properties": {"osm_id": 508875042, "building": "yes"}, "geometry": {"type": "Polygon", "coordinates": [[[98.1150073, 13.9742609], [98.1150607, 13.9742635], [98.115066, 13.9741568], [98.1150126, 13.9741542], [98.1150073, 13.9742609]]]}}, {"type": "Feature", "properties": {"osm_id": 508875043, "building": "yes"}, "geometry": {"type": "Polygon", "coordinates": [[[98.1148463, 13.9742557], [98.1149001, 13.9742575], [98.1149027, 13.9741855], [98.1148489, 13.9741837], [98.1148463, 13.9742557]]]}}, {"type": "Feature", "properties": {"osm_id": 508875044, "building": "yes"}, "geometry": {"type": "Polygon", "coordinates": [[[98.1147578, 13.9742375], [98.1148146, 13.9742394], [98.1148195, 13.9741022], [98.1147627, 13.9741003], [98.1147578, 13.9742375]]]}}, {"type": "Feature", "properties": {"osm_id": 508875045, "building": "yes"}, "geometry": {"type": "Polygon", "coordinates": [[[98.1146774, 13.9741985], [98.1147309, 13.9742003], [98.1147336, 13.9741248], [98.11468, 13.974123], [98.1146774, 13.9741985]]]}}, {"type": "Feature", "properties": {"osm_id": 508875046, "building": "yes"}, "geometry": {"type": "Polygon", "coordinates": [[[98.1146237, 13.9741646], [98.1146586, 13.9741646], [98.1146586, 13.9740657], [98.1146237, 13.9740657], [98.1146237, 13.9741646]]]}}, {"type": "Feature", "properties": {"osm_id": 508875047, "building": "yes"}, "geometry": {"type": "Polygon", "coordinates": [[[98.1145245, 13.9742531], [98.1145865, 13.9742558], [98.1145919, 13.9741387], [98.1145298, 13.974136], [98.1145245, 13.9742531]]]}}, {"type": "Feature", "properties": {"osm_id": 508875048, "building": "yes"}, "geometry": {"type": "Polygon", "coordinates": [[[98.1144252, 13.9742271], [98.1144983, 13.9742232], [98.1144903, 13.9740826], [98.1144172, 13.9740866], [98.1144252, 13.9742271]]]}}, {"type": "Feature", "properties": {"osm_id": 508875049, "building": "yes"}, "geometry": {"type": "Polygon", "coordinates": [[[98.1143045, 13.9742063], [98.1143606, 13.9742007], [98.1143498, 13.9740992], [98.1142938, 13.9741048], [98.1143045, 13.9742063]]]}}, {"type": "Feature", "properties": {"osm_id": 508875050, "building": "yes"}, "geometry": {"type": "Polygon", "coordinates": [[[98.1140926, 13.9741803], [98.1142187, 13.9741594], [98.1142084, 13.9741007], [98.1140823, 13.9741215], [98.1140926, 13.9741803]]]}}, {"type": "Feature", "properties": {"osm_id": 508875627, "building": "yes"}, "geometry": {"type": "Polygon", "coordinates": [[[98.1133604, 13.9720251], [98.1134866, 13.9719945], [98.1134705, 13.971932], [98.1133443, 13.9719626], [98.1133604, 13.9720251]]]}}, {"type": "Feature", "properties": {"osm_id": 508875629, "building": "yes"}, "geometry": {"type": "Polygon", "coordinates": [[[98.1134033, 13.9721292], [98.1135256, 13.9720847], [98.1135095, 13.9720431], [98.1133872, 13.9720876], [98.1134033, 13.9721292]]]}}, {"type": "Feature", "properties": {"osm_id": 508875631, "building": "yes"}, "geometry": {"type": "Polygon", "coordinates": [[[98.113457, 13.9722906], [98.1135512, 13.9722617], [98.113519, 13.9721628], [98.1134248, 13.9721917], [98.113457, 13.9722906]]]}}, {"type": "Feature", "properties": {"osm_id": 508875633, "building": "yes"}, "geometry": {"type": "Polygon", "coordinates": [[[98.1134999, 13.9726238], [98.1135902, 13.9726031], [98.1135687, 13.9725146], [98.1134784, 13.9725353], [98.1134999, 13.9726238]]]}}, {"type": "Feature", "properties": {"osm_id": 508875635, "building": "yes"}, "geometry": {"type": "Polygon", "coordinates": [[[98.1135803, 13.9732432], [98.1136853, 13.9732253], [98.1136692, 13.9731368], [98.1135642, 13.9731547], [98.1135803, 13.9732432]]]}}, {"type": "Feature", "properties": {"osm_id": 508875637, "building": "yes"}, "geometry": {"type": "Polygon", "coordinates": [[[98.1136018, 13.9733317], [98.1136393, 13.9734046], [98.1137445, 13.9733536], [98.1137069, 13.9732807], [98.1136018, 13.9733317]]]}}, {"type": "Feature", "properties": {"osm_id": 508875640, "building": "yes"}, "geometry": {"type": "Polygon", "coordinates": [[[98.1136715, 13.9734723], [98.1136876, 13.9735348], [98.1137974, 13.9735081], [98.1137813, 13.9734456], [98.1136715, 13.9734723]]]}}, {"type": "Feature", "properties": {"osm_id": 508875642, "building": "yes"}, "geometry": {"type": "Polygon", "coordinates": [[[98.113693, 13.9736493], [98.1137978, 13.9736275], [98.1137817, 13.9735546], [98.1136769, 13.9735764], [98.113693, 13.9736493]]]}}, {"type": "Feature", "properties": {"osm_id": 508875644, "building": "yes"}, "geometry": {"type": "Polygon", "coordinates": [[[98.113752, 13.9738263], [98.1138534, 13.9738164], [98.1138481, 13.9737644], [98.1137466, 13.9737742], [98.113752, 13.9738263]]]}}, {"type": "Feature", "properties": {"osm_id": 508875646, "building": "yes"}, "geometry": {"type": "Polygon", "coordinates": [[[98.1135213, 13.9738159], [98.113586, 13.9738076], [98.1135592, 13.9736098], [98.1134945, 13.973618], [98.1135213, 13.9738159]]]}}, {"type": "Feature", "properties": {"osm_id": 508875648, "building": "yes"}, "geometry": {"type": "Polygon", "coordinates": [[[98.1133872, 13.9738419], [98.1134585, 13.9738289], [98.1134424, 13.9737456], [98.1133711, 13.9737586], [98.1133872, 13.9738419]]]}}, {"type": "Feature", "properties": {"osm_id": 508875650, "building": "yes"}, "geometry": {"type": "Polygon", "coordinates": [[[98.1131726, 13.9736649], [98.1132528, 13.9736571], [98.1132421, 13.973553], [98.1131619, 13.9735608], [98.1131726, 13.9736649]]]}}, {"type": "Feature", "properties": {"osm_id": 508875651, "building": "yes"}, "geometry": {"type": "Polygon", "coordinates": [[[98.112942, 13.9737013], [98.1129843, 13.9736965], [98.1129736, 13.973608], [98.1129312, 13.9736128], [98.112942, 13.9737013]]]}}, {"type": "Feature", "properties": {"osm_id": 508875653, "building": "yes"}, "geometry": {"type": "Polygon", "coordinates": [[[98.1126577, 13.9738679], [98.1127551, 13.9738882], [98.1127712, 13.9738153], [98.1126738, 13.973795], [98.1126577, 13.9738679]]]}}, {"type": "Feature", "properties": {"osm_id": 508875655, "building": "yes"}, "geometry": {"type": "Polygon", "coordinates": [[[98.112942, 13.9733578], [98.113038, 13.9733319], [98.1130112, 13.9732382], [98.1129152, 13.9732641], [98.112942, 13.9733578]]]}}, {"type": "Feature", "properties": {"osm_id": 508875657, "building": "yes"}, "geometry": {"type": "Polygon", "coordinates": [[[98.1125343, 13.9734254], [98.1126625, 13.9734446], [98.1126732, 13.9733769], [98.112545, 13.9733578], [98.1125343, 13.9734254]]]}}, {"type": "Feature", "properties": {"osm_id": 508875659, "building": "yes"}, "geometry": {"type": "Polygon", "coordinates": [[[98.1125236, 13.9732745], [98.1126614, 13.9732951], [98.1126721, 13.9732274], [98.1125343, 13.9732068], [98.1125236, 13.9732745]]]}}, {"type": "Feature", "properties": {"osm_id": 508875661, "building": "yes"}, "geometry": {"type": "Polygon", "coordinates": [[[98.1125236, 13.9731547], [98.1126225, 13.9731163], [98.1126011, 13.9730643], [98.1125021, 13.9731027], [98.1125236, 13.9731547]]]}}, {"type": "Feature", "properties": {"osm_id": 508875663, "building": "yes"}, "geometry": {"type": "Polygon", "coordinates": [[[98.1124914, 13.9730402], [98.1126088, 13.9730022], [98.1125928, 13.9729554], [98.1124753, 13.9729934], [98.1124914, 13.9730402]]]}}, {"type": "Feature", "properties": {"osm_id": 508875665, "building": "yes"}, "geometry": {"type": "Polygon", "coordinates": [[[98.1124645, 13.972884], [98.1125698, 13.9728562], [98.1125538, 13.9727989], [98.1124484, 13.9728268], [98.1124645, 13.972884]]]}}, {"type": "Feature", "properties": {"osm_id": 508875667, "building": "yes"}, "geometry": {"type": "Polygon", "coordinates": [[[98.1124645, 13.9727643], [98.1125361, 13.9727489], [98.1125147, 13.9726552], [98.1124431, 13.9726706], [98.1124645, 13.9727643]]]}}, {"type": "Feature", "properties": {"osm_id": 508875669, "building": "yes"}, "geometry": {"type": "Polygon", "coordinates": [[[98.1123894, 13.9726446], [98.112494, 13.9726055], [98.1124672, 13.9725379], [98.1123626, 13.9725769], [98.1123894, 13.9726446]]]}}, {"type": "Feature", "properties": {"osm_id": 508875671, "building": "yes"}, "geometry": {"type": "Polygon", "coordinates": [[[98.1123787, 13.9725144], [98.1124753, 13.9725144], [98.1124753, 13.9724416], [98.1123787, 13.9724416], [98.1123787, 13.9725144]]]}}, {"type": "Feature", "properties": {"osm_id": 508875673, "building": "yes"}, "geometry": {"type": "Polygon", "coordinates": [[[98.1124216, 13.972275], [98.1125867, 13.9722429], [98.1125706, 13.9721649], [98.1124055, 13.9721969], [98.1124216, 13.972275]]]}}, {"type": "Feature", "properties": {"osm_id": 508875675, "building": "yes"}, "geometry": {"type": "Polygon", "coordinates": [[[98.1124002, 13.9721188], [98.1125557, 13.9721188], [98.1125557, 13.9720355], [98.1124002, 13.9720355], [98.1124002, 13.9721188]]]}}, {"type": "Feature", "properties": {"osm_id": 508876622, "building": "yes"}, "geometry": {"type": "Polygon", "coordinates": [[[98.1102115, 13.9720043], [98.1102873, 13.971993], [98.1102765, 13.9719253], [98.1102008, 13.9719366], [98.1102115, 13.9720043]]]}}, {"type": "Feature", "properties": {"osm_id": 508876623, "building": "yes"}, "geometry": {"type": "Polygon", "coordinates": [[[98.110984, 13.972478], [98.1110951, 13.9724626], [98.1110844, 13.9723897], [98.1109732, 13.9724051], [98.110984, 13.972478]]]}}, {"type": "Feature", "properties": {"osm_id": 508876624, "building": "yes"}, "geometry": {"type": "Polygon", "coordinates": [[[98.110764, 13.9721709], [98.1108559, 13.9721653], [98.1108505, 13.972082], [98.1107587, 13.9720876], [98.110764, 13.9721709]]]}}, {"type": "Feature", "properties": {"osm_id": 508876625, "building": "yes"}, "geometry": {"type": "Polygon", "coordinates": [[[98.1102061, 13.9726134], [98.1102908, 13.9726192], [98.1102961, 13.9725463], [98.1102115, 13.9725405], [98.1102061, 13.9726134]]]}}, {"type": "Feature", "properties": {"osm_id": 508876626, "building": "yes"}, "geometry": {"type": "Polygon", "coordinates": [[[98.1103939, 13.9725977], [98.1105012, 13.9725977], [98.1105012, 13.9725249], [98.1103939, 13.9725249], [98.1103939, 13.9725977]]]}}, {"type": "Feature", "properties": {"osm_id": 508876627, "building": "yes"}, "geometry": {"type": "Polygon", "coordinates": [[[98.1103992, 13.9724416], [98.1104733, 13.9724447], [98.1104786, 13.972325], [98.1104046, 13.9723218], [98.1103992, 13.9724416]]]}}, {"type": "Feature", "properties": {"osm_id": 508876628, "building": "yes"}, "geometry": {"type": "Polygon", "coordinates": [[[98.1102276, 13.9724051], [98.1103041, 13.972392], [98.110288, 13.9723035], [98.1102115, 13.9723166], [98.1102276, 13.9724051]]]}}, {"type": "Feature", "properties": {"osm_id": 508876629, "building": "yes"}, "geometry": {"type": "Polygon", "coordinates": [[[98.1099701, 13.9722854], [98.1100666, 13.9722909], [98.110072, 13.9722024], [98.1099755, 13.9721969], [98.1099701, 13.9722854]]]}}, {"type": "Feature", "properties": {"osm_id": 508876630, "building": "yes"}, "geometry": {"type": "Polygon", "coordinates": [[[98.1100023, 13.9727851], [98.1101318, 13.9727785], [98.1101265, 13.9726796], [98.1099969, 13.9726862], [98.1100023, 13.9727851]]]}}, {"type": "Feature", "properties": {"osm_id": 508877556, "building": "yes"}, "geometry": {"type": "Polygon", "coordinates": [[[98.1121319, 13.9727071], [98.1122659, 13.9726989], [98.1122605, 13.9726156], [98.1121266, 13.9726238], [98.1121319, 13.9727071]]]}}, {"type": "Feature", "properties": {"osm_id": 508877557, "building": "yes"}, "geometry": {"type": "Polygon", "coordinates": [[[98.1120568, 13.9723322], [98.1121693, 13.9723244], [98.1121639, 13.9722516], [98.1120515, 13.9722594], [98.1120568, 13.9723322]]]}}, {"type": "Feature", "properties": {"osm_id": 508877558, "building": "yes"}, "geometry": {"type": "Polygon", "coordinates": [[[98.1120461, 13.9721188], [98.1121813, 13.972145], [98.1121974, 13.972067], [98.1120622, 13.9720407], [98.1120461, 13.9721188]]]}}, {"type": "Feature", "properties": {"osm_id": 508877559, "building": "yes"}, "geometry": {"type": "Polygon", "coordinates": [[[98.1120139, 13.9720095], [98.1121082, 13.9719834], [98.1120867, 13.9719105], [98.1119925, 13.9719366], [98.1120139, 13.9720095]]]}}, {"type": "Feature", "properties": {"osm_id": 508879039, "building": "yes"}, "geometry": {"type": "Polygon", "coordinates": [[[98.1152448, 13.9720788], [98.1153672, 13.9719924], [98.1153243, 13.9719351], [98.1152018, 13.9720215], [98.1152448, 13.9720788]]]}}, {"type": "Feature", "properties": {"osm_id": 508879040, "building": "yes"}, "geometry": {"type": "Polygon", "coordinates": [[[98.115313, 13.9722802], [98.1154185, 13.9722006], [98.115381, 13.9721537], [98.1152755, 13.9722333], [98.115313, 13.9722802]]]}}, {"type": "Feature", "properties": {"osm_id": 508879041, "building": "yes"}, "geometry": {"type": "Polygon", "coordinates": [[[98.1156778, 13.9723218], [98.1157645, 13.9722587], [98.1157001, 13.9721754], [98.1156135, 13.9722385], [98.1156778, 13.9723218]]]}}, {"type": "Feature", "properties": {"osm_id": 508879042, "building": "yes"}, "geometry": {"type": "Polygon", "coordinates": [[[98.1153774, 13.9724259], [98.1155169, 13.9723166], [98.1154657, 13.9722551], [98.1153262, 13.9723644], [98.1153774, 13.9724259]]]}}, {"type": "Feature", "properties": {"osm_id": 508945738, "building": "yes"}, "geometry": {"type": "Polygon", "coordinates": [[[98.1197347, 13.9752812], [98.1198019, 13.9752829], [98.1198086, 13.9750278], [98.1197414, 13.9750262], [98.1197347, 13.9752812]]]}}, {"type": "Feature", "properties": {"osm_id": 508945739, "building": "yes"}, "geometry": {"type": "Polygon", "coordinates": [[[98.1197427, 13.9750054], [98.1197976, 13.9750037], [98.1197936, 13.9748775], [98.1197387, 13.9748791], [98.1197427, 13.9750054]]]}}, {"type": "Feature", "properties": {"osm_id": 508945740, "building": "yes"}, "geometry": {"type": "Polygon", "coordinates": [[[98.1193015, 13.9749338], [98.1195201, 13.9749247], [98.1195173, 13.9748619], [98.1192987, 13.974871], [98.1193015, 13.9749338]]]}}, {"type": "Feature", "properties": {"osm_id": 508945741, "building": "yes"}, "geometry": {"type": "Polygon", "coordinates": [[[98.1191473, 13.974939], [98.1192452, 13.9749299], [98.1192366, 13.9748428], [98.1191387, 13.9748519], [98.1191473, 13.974939]]]}}, {"type": "Feature", "properties": {"osm_id": 508945742, "building": "yes"}, "geometry": {"type": "Polygon", "coordinates": [[[98.1193042, 13.9750301], [98.119394, 13.9750314], [98.1193949, 13.9749757], [98.119305, 13.9749744], [98.1193042, 13.9750301]]]}}, {"type": "Feature", "properties": {"osm_id": 508945743, "building": "yes"}, "geometry": {"type": "Polygon", "coordinates": [[[98.1193149, 13.9751563], [98.1193652, 13.9751582], [98.1193692, 13.9750554], [98.1193189, 13.9750535], [98.1193149, 13.9751563]]]}}, {"type": "Feature", "properties": {"osm_id": 508945744, "building": "yes"}, "geometry": {"type": "Polygon", "coordinates": [[[98.1197374, 13.9753815], [98.1197937, 13.9753839], [98.1197978, 13.9752967], [98.1197414, 13.9752943], [98.1197374, 13.9753815]]]}}, {"type": "Feature", "properties": {"osm_id": 508945745, "building": "yes"}, "geometry": {"type": "Polygon", "coordinates": [[[98.11974, 13.9755402], [98.1198107, 13.9755431], [98.119816, 13.9754195], [98.1197454, 13.9754166], [98.11974, 13.9755402]]]}}, {"type": "Feature", "properties": {"osm_id": 508945746, "building": "yes"}, "geometry": {"type": "Polygon", "coordinates": [[[98.119736, 13.9756326], [98.1198017, 13.9756352], [98.1198044, 13.9755715], [98.1197387, 13.9755689], [98.119736, 13.9756326]]]}}, {"type": "Feature", "properties": {"osm_id": 508945747, "building": "yes"}, "geometry": {"type": "Polygon", "coordinates": [[[98.119736, 13.975712], [98.1197964, 13.9757107], [98.1197951, 13.9756548], [98.1197347, 13.9756561], [98.119736, 13.975712]]]}}, {"type": "Feature", "properties": {"osm_id": 508945748, "building": "yes"}, "geometry": {"type": "Polygon", "coordinates": [[[98.1193458, 13.975509], [98.1194061, 13.975509], [98.1194061, 13.9754647], [98.1193458, 13.9754647], [98.1193458, 13.975509]]]}}, {"type": "Feature", "properties": {"osm_id": 508945749, "building": "yes"}, "geometry": {"type": "Polygon", "coordinates": [[[98.1194893, 13.9754817], [98.1195972, 13.9754851], [98.1196053, 13.9752483], [98.1194973, 13.9752448], [98.1194893, 13.9754817]]]}}, {"type": "Feature", "properties": {"osm_id": 508945750, "building": "yes"}, "geometry": {"type": "Polygon", "coordinates": [[[98.1193189, 13.9754569], [98.1194061, 13.9754582], [98.1194072, 13.9753918], [98.11932, 13.9753905], [98.1193189, 13.9754569]]]}}, {"type": "Feature", "properties": {"osm_id": 508945751, "building": "yes"}, "geometry": {"type": "Polygon", "coordinates": [[[98.1193632, 13.9756652], [98.1194155, 13.9756261], [98.1193818, 13.9755837], [98.1193295, 13.9756227], [98.1193632, 13.9756652]]]}}, {"type": "Feature", "properties": {"osm_id": 508945752, "building": "yes"}, "geometry": {"type": "Polygon", "coordinates": [[[98.1195013, 13.9756157], [98.1195724, 13.9756157], [98.1195724, 13.9755493], [98.1195013, 13.9755493], [98.1195013, 13.9756157]]]}}, {"type": "Feature", "properties": {"osm_id": 508945753, "building": "yes"}, "geometry": {"type": "Polygon", "coordinates": [[[98.1193833, 13.9758057], [98.1194557, 13.9758065], [98.119457, 13.9756841], [98.1193846, 13.9756834], [98.1193833, 13.9758057]]]}}, {"type": "Feature", "properties": {"osm_id": 508945754, "building": "yes"}, "geometry": {"type": "Polygon", "coordinates": [[[98.1192452, 13.9755337], [98.1192864, 13.9755329], [98.1192837, 13.9754028], [98.1192425, 13.9754036], [98.1192452, 13.9755337]]]}}, {"type": "Feature", "properties": {"osm_id": 508945755, "building": "yes"}, "geometry": {"type": "Polygon", "coordinates": [[[98.1192559, 13.9758018], [98.1193252, 13.9757957], [98.119301, 13.975538], [98.1192318, 13.9755441], [98.1192559, 13.9758018]]]}}, {"type": "Feature", "properties": {"osm_id": 508945756, "building": "yes"}, "geometry": {"type": "Polygon", "coordinates": [[[98.1192197, 13.9753958], [98.1192835, 13.9753926], [98.1192714, 13.9751623], [98.1192076, 13.9751654], [98.1192197, 13.9753958]]]}}, {"type": "Feature", "properties": {"osm_id": 508945757, "building": "yes"}, "geometry": {"type": "Polygon", "coordinates": [[[98.1193136, 13.9753893], [98.1193833, 13.9753875], [98.1193779, 13.9751871], [98.1193082, 13.9751888], [98.1193136, 13.9753893]]]}}, {"type": "Feature", "properties": {"osm_id": 508945758, "building": "yes"}, "geometry": {"type": "Polygon", "coordinates": [[[98.1208384, 13.979015], [98.120943, 13.9789134], [98.1208605, 13.9788334], [98.1207559, 13.9789349], [98.1208384, 13.979015]]]}}, {"type": "Feature", "properties": {"osm_id": 508945759, "building": "yes"}, "geometry": {"type": "Polygon", "coordinates": [[[98.1209926, 13.9790774], [98.1210561, 13.9790181], [98.1209863, 13.9789479], [98.1209229, 13.9790071], [98.1209926, 13.9790774]]]}}, {"type": "Feature", "properties": {"osm_id": 508945760, "building": "yes"}, "geometry": {"type": "Polygon", "coordinates": [[[98.1207646, 13.9792141], [98.120807, 13.9792718], [98.1209131, 13.9791986], [98.1208707, 13.9791408], [98.1207646, 13.9792141]]]}}, {"type": "Feature", "properties": {"osm_id": 508945761, "building": "yes"}, "geometry": {"type": "Polygon", "coordinates": [[[98.120703, 13.9790293], [98.1207578, 13.9789853], [98.1206631, 13.9788739], [98.1206082, 13.9789178], [98.120703, 13.9790293]]]}}, {"type": "Feature", "properties": {"osm_id": 509156159, "building": "yes"}, "geometry": {"type": "Polygon", "coordinates": [[[98.1597827, 14.0300627], [98.1597935, 14.0301668], [98.1598605, 14.0301603], [98.1598498, 14.0300562], [98.1597827, 14.0300627]]]}}, {"type": "Feature", "properties": {"osm_id": 509156160, "building": "yes"}, "geometry": {"type": "Polygon", "coordinates": [[[98.1595293, 14.0300067], [98.1595228, 14.0300992], [98.1595818, 14.0301031], [98.1595883, 14.0300106], [98.1595293, 14.0300067]]]}}, {"type": "Feature", "properties": {"osm_id": 509156161, "building": "yes"}, "geometry": {"type": "Polygon", "coordinates": [[[98.1589761, 14.0299898], [98.158978, 14.0301032], [98.1590585, 14.0301019], [98.1590565, 14.0299885], [98.1589761, 14.0299898]]]}}, {"type": "Feature", "properties": {"osm_id": 509156162, "building": "yes"}, "geometry": {"type": "Polygon", "coordinates": [[[98.159084, 14.0299755], [98.15908, 14.0300685], [98.1591437, 14.0300711], [98.1591477, 14.0299781], [98.159084, 14.0299755]]]}}, {"type": "Feature", "properties": {"osm_id": 509156163, "building": "yes"}, "geometry": {"type": "Polygon", "coordinates": [[[98.1591813, 14.0299716], [98.1591656, 14.0301102], [98.1592206, 14.030116], [98.1592362, 14.0299775], [98.1591813, 14.0299716]]]}}, {"type": "Feature", "properties": {"osm_id": 509156164, "building": "yes"}, "geometry": {"type": "Polygon", "coordinates": [[[98.1598122, 14.029312], [98.1598132, 14.029366], [98.1598508, 14.0293654], [98.1598498, 14.0293113], [98.1598122, 14.029312]]]}}, {"type": "Feature", "properties": {"osm_id": 509156167, "building": "yes"}, "geometry": {"type": "Polygon", "coordinates": [[[98.1592939, 14.0297094], [98.1592926, 14.0298432], [98.1593623, 14.0298439], [98.1593636, 14.0297101], [98.1592939, 14.0297094]]]}}, {"type": "Feature", "properties": {"osm_id": 509156168, "building": "yes"}, "geometry": {"type": "Polygon", "coordinates": [[[98.1594032, 14.0297244], [98.1594139, 14.0298431], [98.1594904, 14.0298366], [98.1594796, 14.0297179], [98.1594032, 14.0297244]]]}}, {"type": "Feature", "properties": {"osm_id": 509156169, "building": "yes"}, "geometry": {"type": "Polygon", "coordinates": [[[98.15977, 14.0296802], [98.15977, 14.0298278], [98.1598283, 14.0298278], [98.1598283, 14.0296802], [98.15977, 14.0296802]]]}}, {"type": "Feature", "properties": {"osm_id": 509156170, "building": "yes"}, "geometry": {"type": "Polygon", "coordinates": [[[98.1596191, 14.0297127], [98.1596171, 14.0298261], [98.1596942, 14.0298274], [98.1596962, 14.029714], [98.1596191, 14.0297127]]]}}, {"type": "Feature", "properties": {"osm_id": 509156172, "building": "yes"}, "geometry": {"type": "Polygon", "coordinates": [[[98.1599457, 14.0296737], [98.1599543, 14.0298155], [98.1600341, 14.029811], [98.1600255, 14.0296691], [98.1599457, 14.0296737]]]}}, {"type": "Feature", "properties": {"osm_id": 509156173, "building": "yes"}, "geometry": {"type": "Polygon", "coordinates": [[[98.1598645, 14.029688], [98.1598651, 14.0298404], [98.1599215, 14.0298402], [98.1599209, 14.0296878], [98.1598645, 14.029688]]]}}, {"type": "Feature", "properties": {"osm_id": 509156177, "building": "yes"}, "geometry": {"type": "Polygon", "coordinates": [[[98.1598404, 14.0290921], [98.1598494, 14.0291873], [98.1599229, 14.0291807], [98.1599139, 14.0290855], [98.1598404, 14.0290921]]]}}, {"type": "Feature", "properties": {"osm_id": 509166743, "building": "yes"}, "geometry": {"type": "Polygon", "coordinates": [[[98.1580487, 14.0332673], [98.1581466, 14.033266], [98.1581459, 14.0332152], [98.158048, 14.0332165], [98.1580487, 14.0332673]]]}}, {"type": "Feature", "properties": {"osm_id": 509166744, "building": "yes"}, "geometry": {"type": "Polygon", "coordinates": [[[98.158042, 14.033426], [98.1581385, 14.0334247], [98.1581376, 14.0333596], [98.1580411, 14.0333609], [98.158042, 14.033426]]]}}, {"type": "Feature", "properties": {"osm_id": 509166745, "building": "yes"}, "geometry": {"type": "Polygon", "coordinates": [[[98.1575136, 14.0327195], [98.157586, 14.0327338], [98.1576, 14.0326671], [98.1575276, 14.0326528], [98.1575136, 14.0327195]]]}}, {"type": "Feature", "properties": {"osm_id": 509166746, "building": "yes"}, "geometry": {"type": "Polygon", "coordinates": [[[98.1573915, 14.0327026], [98.1574935, 14.0327221], [98.1575047, 14.0326668], [98.1574028, 14.0326473], [98.1573915, 14.0327026]]]}}, {"type": "Feature", "properties": {"osm_id": 509166747, "building": "yes"}, "geometry": {"type": "Polygon", "coordinates": [[[98.1572963, 14.0349053], [98.1573848, 14.0348702], [98.1573433, 14.0347717], [98.1572548, 14.0348068], [98.1572963, 14.0349053]]]}}, {"type": "Feature", "properties": {"osm_id": 509166748, "building": "yes"}, "geometry": {"type": "Polygon", "coordinates": [[[98.157354, 14.0347674], [98.1573889, 14.0348546], [98.1574632, 14.0348266], [98.1574283, 14.0347394], [98.157354, 14.0347674]]]}}, {"type": "Feature", "properties": {"osm_id": 509179106, "building": "yes"}, "geometry": {"type": "Polygon", "coordinates": [[[98.1550822, 14.0168939], [98.1551278, 14.0170292], [98.1550272, 14.0170592], [98.1550084, 14.017011], [98.1549762, 14.0170214], [98.1549588, 14.0169824], [98.1549977, 14.0169629], [98.1549856, 14.016929], [98.1550822, 14.0168939]]]}}, {"type": "Feature", "properties": {"osm_id": 509179111, "building": "yes"}, "geometry": {"type": "Polygon", "coordinates": [[[98.1597747, 14.0264131], [98.1597993, 14.0264653], [98.1598808, 14.0264291], [98.1598562, 14.0263769], [98.1597747, 14.0264131]]]}}, {"type": "Feature", "properties": {"osm_id": 509179113, "building": "yes"}, "geometry": {"type": "Polygon", "coordinates": [[[98.1601341, 14.0265549], [98.1601703, 14.0266317], [98.1600389, 14.0266941], [98.1600268, 14.0266798], [98.1599933, 14.0266967], [98.1599718, 14.0266616], [98.1600161, 14.0266408], [98.1600054, 14.0266265], [98.1601341, 14.0265549]]]}}, {"type": "Feature", "properties": {"osm_id": 509179114, "building": "yes"}, "geometry": {"type": "Polygon", "coordinates": [[[98.160008, 14.0265562], [98.1600295, 14.0265796], [98.1599705, 14.0266213], [98.1599115, 14.0265523], [98.1600496, 14.0264417], [98.1600952, 14.0264911], [98.160008, 14.0265562]]]}}, {"type": "Feature", "properties": {"osm_id": 509179115, "building": "yes"}, "geometry": {"type": "Polygon", "coordinates": [[[98.1597063, 14.02627], [98.1597255, 14.0263473], [98.1598703, 14.0263135], [98.1598511, 14.0262361], [98.1597063, 14.02627]]]}}, {"type": "Feature", "properties": {"osm_id": 509179116, "building": "yes"}, "geometry": {"type": "Polygon", "coordinates": [[[98.1594783, 14.0263116], [98.1594907, 14.0264035], [98.159614, 14.0263879], [98.1596017, 14.026296], [98.1594783, 14.0263116]]]}}, {"type": "Feature", "properties": {"osm_id": 509179117, "building": "yes"}, "geometry": {"type": "Polygon", "coordinates": [[[98.1574948, 14.0314353], [98.1575015, 14.0312389], [98.1575645, 14.0312415], [98.1575672, 14.0313026], [98.1576839, 14.0313039], [98.1576785, 14.031382], [98.1575726, 14.0313768], [98.1575699, 14.0314353], [98.1574948, 14.0314353]]]}}, {"type": "Feature", "properties": {"osm_id": 509357151, "building": "yes"}, "geometry": {"type": "Polygon", "coordinates": [[[98.1186889, 13.9758973], [98.1187068, 13.9757568], [98.1188171, 13.9757661], [98.1187964, 13.9759107], [98.1186889, 13.9758973]]]}}, {"type": "Feature", "properties": {"osm_id": 509357152, "building": "yes"}, "geometry": {"type": "Polygon", "coordinates": [[[98.1185193, 13.9758478], [98.1185441, 13.9757407], [98.1185992, 13.9757528], [98.1186351, 13.9757608], [98.1186103, 13.9758732], [98.1185193, 13.9758478]]]}}, {"type": "Feature", "properties": {"osm_id": 509357153, "building": "yes"}, "geometry": {"type": "Polygon", "coordinates": [[[98.1183938, 13.9758317], [98.1185027, 13.9758531], [98.118522, 13.975722], [98.1184103, 13.9757046], [98.1183938, 13.9758317]]]}}, {"type": "Feature", "properties": {"osm_id": 509358878, "building": "yes"}, "geometry": {"type": "Polygon", "coordinates": [[[98.1182263, 13.975786], [98.118228, 13.975628], [98.1183305, 13.9756296], [98.1183192, 13.9757907], [98.1182263, 13.975786]]]}}, {"type": "Feature", "properties": {"osm_id": 509358879, "building": "yes"}, "geometry": {"type": "Polygon", "coordinates": [[[98.1181205, 13.9757623], [98.1181091, 13.975598], [98.1182182, 13.9756011], [98.1182133, 13.9757686], [98.1181205, 13.9757623]]]}}, {"type": "Feature", "properties": {"osm_id": 509358880, "building": "yes"}, "geometry": {"type": "Polygon", "coordinates": [[[98.1179642, 13.9757734], [98.1179609, 13.9755537], [98.1180814, 13.9755521], [98.118083, 13.9757781], [98.1179642, 13.9757734]]]}}, {"type": "Feature", "properties": {"osm_id": 509358881, "building": "yes"}, "geometry": {"type": "Polygon", "coordinates": [[[98.1178632, 13.9757433], [98.1178616, 13.9756359], [98.1179381, 13.9756327], [98.1179397, 13.9757481], [98.1178632, 13.9757433]]]}}, {"type": "Feature", "properties": {"osm_id": 509358882, "building": "yes"}, "geometry": {"type": "Polygon", "coordinates": [[[98.1177248, 13.9757512], [98.1177215, 13.9755995], [98.1178339, 13.9755995], [98.1178306, 13.9757576], [98.1177248, 13.9757512]]]}}, {"type": "Feature", "properties": {"osm_id": 509358883, "building": "yes"}, "geometry": {"type": "Polygon", "coordinates": [[[98.1175506, 13.9757528], [98.1175538, 13.9755932], [98.1176906, 13.9756011], [98.117689, 13.9757591], [98.1175506, 13.9757528]]]}}, {"type": "Feature", "properties": {"osm_id": 509358884, "building": "yes"}, "geometry": {"type": "Polygon", "coordinates": [[[98.1174333, 13.9757497], [98.1174398, 13.9755806], [98.117531, 13.9755853], [98.1175245, 13.9757512], [98.1174333, 13.9757497]]]}}, {"type": "Feature", "properties": {"osm_id": 509358885, "building": "yes"}, "geometry": {"type": "Polygon", "coordinates": [[[98.1173193, 13.9756991], [98.1173991, 13.975707], [98.1174105, 13.9755774], [98.1173291, 13.9755743], [98.1173193, 13.9756991]]]}}, {"type": "Feature", "properties": {"osm_id": 509358886, "building": "yes"}, "geometry": {"type": "Polygon", "coordinates": [[[98.1171907, 13.9756928], [98.1172021, 13.9755711], [98.1172851, 13.9755758], [98.1172786, 13.9757007], [98.1171907, 13.9756928]]]}}, {"type": "Feature", "properties": {"osm_id": 509358887, "building": "yes"}, "geometry": {"type": "Polygon", "coordinates": [[[98.1169253, 13.9756785], [98.1169285, 13.9755632], [98.1170116, 13.9755679], [98.1170099, 13.9756785], [98.1169253, 13.9756785]]]}}, {"type": "Feature", "properties": {"osm_id": 509358888, "building": "yes"}, "geometry": {"type": "Polygon", "coordinates": [[[98.1168162, 13.9756754], [98.1168211, 13.9755458], [98.1168976, 13.9755474], [98.1168992, 13.9756817], [98.1168764, 13.9756817], [98.1168162, 13.9756754]]]}}, {"type": "Feature", "properties": {"osm_id": 509358889, "building": "yes"}, "geometry": {"type": "Polygon", "coordinates": [[[98.1167266, 13.975658], [98.1167299, 13.9755316], [98.1168048, 13.97553], [98.1168015, 13.975658], [98.1167266, 13.975658]]]}}, {"type": "Feature", "properties": {"osm_id": 509358890, "building": "yes"}, "geometry": {"type": "Polygon", "coordinates": [[[98.1166159, 13.9756675], [98.1166175, 13.9755363], [98.1166778, 13.9755363], [98.1166843, 13.9756675], [98.1166159, 13.9756675]]]}}, {"type": "Feature", "properties": {"osm_id": 509359486, "building": "yes"}, "geometry": {"type": "Polygon", "coordinates": [[[98.1165328, 13.9756564], [98.1165898, 13.975658], [98.1165996, 13.9755569], [98.1165361, 13.9755553], [98.1165328, 13.9756564]]]}}, {"type": "Feature", "properties": {"osm_id": 509359487, "building": "yes"}, "geometry": {"type": "Polygon", "coordinates": [[[98.1164693, 13.9756501], [98.1164742, 13.9755506], [98.1165214, 13.9755553], [98.1165149, 13.9756533], [98.1164693, 13.9756501]]]}}, {"type": "Feature", "properties": {"osm_id": 509359488, "building": "yes"}, "geometry": {"type": "Polygon", "coordinates": [[[98.1163749, 13.9756485], [98.1163749, 13.9755332], [98.1164449, 13.9755284], [98.1164433, 13.9756485], [98.1163749, 13.9756485]]]}}, {"type": "Feature", "properties": {"osm_id": 509359489, "building": "yes"}, "geometry": {"type": "Polygon", "coordinates": [[[98.1185219, 13.9750794], [98.11862, 13.9750831], [98.1186219, 13.9749618], [98.1185219, 13.9749618], [98.1185219, 13.9750794]]]}}, {"type": "Feature", "properties": {"osm_id": 509359490, "building": "yes"}, "geometry": {"type": "Polygon", "coordinates": [[[98.1183103, 13.975154], [98.1184565, 13.9751521], [98.1184565, 13.9750607], [98.1183065, 13.9750551], [98.1183103, 13.975154]]]}}, {"type": "Feature", "properties": {"osm_id": 509359491, "building": "yes"}, "geometry": {"type": "Polygon", "coordinates": [[[98.1184527, 13.9752753], [98.1185815, 13.9752716], [98.1185796, 13.9751876], [98.118445, 13.9752025], [98.1184527, 13.9752753]]]}}, {"type": "Feature", "properties": {"osm_id": 521122114, "building": "yes"}, "geometry": {"type": "Polygon", "coordinates": [[[98.1161254, 13.9755901], [98.1162172, 13.9756055], [98.1162331, 13.9754395], [98.1161437, 13.9754434], [98.1161254, 13.9755901]]]}}, {"type": "Feature", "properties": {"osm_id": 522014749, "building": "house"}, "geometry": {"type": "Polygon", "coordinates": [[[98.1183009, 13.9740129], [98.1183719, 13.9740201], [98.1184206, 13.9738096], [98.1183196, 13.9738132], [98.1182597, 13.9740056], [98.1183009, 13.9740129]]]}}, {"type": "Feature", "properties": {"osm_id": 522015550, "building": "house"}, "geometry": {"type": "Polygon", "coordinates": [[[98.1198733, 13.9738353], [98.1198816, 13.9737704], [98.1199945, 13.9737745], [98.119982, 13.9738515], [98.1198733, 13.9738353]]]}}, {"type": "Feature", "properties": {"osm_id": 1368997634, "building": "yes"}, "geometry": {"type": "Polygon", "coordinates": [[[98.1145701, 13.9761376], [98.1146693, 13.9761324], [98.1146623, 13.9760064], [98.1145631, 13.9760116], [98.1145701, 13.9761376]]]}}, {"type": "Feature", "properties": {"osm_id": 1368997635, "building": "yes"}, "geometry": {"type": "Polygon", "coordinates": [[[98.1143394, 13.975224], [98.1144842, 13.975211], [98.114477, 13.9751352], [98.1143322, 13.9751482], [98.1143394, 13.975224]]]}}, {"type": "Feature", "properties": {"osm_id": 1368997636, "building": "yes"}, "geometry": {"type": "Polygon", "coordinates": [[[98.1146532, 13.973782], [98.114727, 13.97373], [98.114542, 13.9734831], [98.1144682, 13.9735352], [98.1146532, 13.973782]]]}}, {"type": "Feature", "properties": {"osm_id": 1368998255, "building": "yes"}, "geometry": {"type": "Polygon", "coordinates": [[[98.1168741, 13.9777019], [98.116917, 13.9776993], [98.1169092, 13.9775779], [98.1168663, 13.9775805], [98.1168741, 13.9777019]]]}}, {"type": "Feature", "properties": {"osm_id": 1368998256, "building": "yes"}, "geometry": {"type": "Polygon", "coordinates": [[[98.116225, 13.9801224], [98.1164771, 13.9801302], [98.116482, 13.9799822], [98.1162299, 13.9799744], [98.116225, 13.9801224]]]}}, {"type": "Feature", "properties": {"osm_id": 1368998257, "building": "yes"}, "geometry": {"type": "Polygon", "coordinates": [[[98.1169787, 13.9813483], [98.1170833, 13.9813431], [98.1170742, 13.9811711], [98.1169696, 13.9811763], [98.1169787, 13.9813483]]]}}, {"type": "Feature", "properties": {"osm_id": 1368998258, "building": "yes"}, "geometry": {"type": "Polygon", "coordinates": [[[98.1176439, 13.9813431], [98.117778, 13.9813509], [98.1177875, 13.9811978], [98.1176534, 13.98119], [98.1176439, 13.9813431]]]}}, {"type": "Feature", "properties": {"osm_id": 1368998259, "building": "yes"}, "geometry": {"type": "Polygon", "coordinates": [[[98.1201974, 13.9803541], [98.120302, 13.9803697], [98.1203366, 13.9801512], [98.120232, 13.9801356], [98.1201974, 13.9803541]]]}}, {"type": "Feature", "properties": {"osm_id": 1368998260, "building": "yes"}, "geometry": {"type": "Polygon", "coordinates": [[[98.1213883, 13.9798439], [98.1214741, 13.9799246], [98.1215873, 13.9798113], [98.1215014, 13.9797306], [98.1213883, 13.9798439]]]}}, {"type": "Feature", "properties": {"osm_id": 1368998261, "building": "yes"}, "geometry": {"type": "Polygon", "coordinates": [[[98.1199318, 13.9790449], [98.1200659, 13.9790423], [98.1200635, 13.9789258], [98.1199294, 13.9789284], [98.1199318, 13.9790449]]]}}, {"type": "Feature", "properties": {"osm_id": 1368998262, "building": "yes"}, "geometry": {"type": "Polygon", "coordinates": [[[98.1199238, 13.9787924], [98.1200525, 13.9788028], [98.1200632, 13.9786788], [98.1199344, 13.9786684], [98.1199238, 13.9787924]]]}}, {"type": "Feature", "properties": {"osm_id": 1368998263, "building": "yes"}, "geometry": {"type": "Polygon", "coordinates": [[[98.1192398, 13.9790761], [98.1193712, 13.9790735], [98.1193692, 13.9789757], [98.1192377, 13.9789783], [98.1192398, 13.9790761]]]}}, {"type": "Feature", "properties": {"osm_id": 1368998264, "building": "yes"}, "geometry": {"type": "Polygon", "coordinates": [[[98.1171048, 13.978959], [98.1172094, 13.9789434], [98.1171868, 13.9788012], [98.1170822, 13.9788168], [98.1171048, 13.978959]]]}}, {"type": "Feature", "properties": {"osm_id": 1368998265, "building": "yes"}, "geometry": {"type": "Polygon", "coordinates": [[[98.1182259, 13.9772386], [98.1182849, 13.9772308], [98.1182559, 13.9770239], [98.1181969, 13.9770317], [98.1182259, 13.9772386]]]}}, {"type": "Feature", "properties": {"osm_id": 1368998266, "building": "yes"}, "geometry": {"type": "Polygon", "coordinates": [[[98.1171396, 13.9762755], [98.1172684, 13.9762755], [98.1172684, 13.9761896], [98.1171396, 13.9761896], [98.1171396, 13.9762755]]]}}, {"type": "Feature", "properties": {"osm_id": 1368998267, "building": "yes"}, "geometry": {"type": "Polygon", "coordinates": [[[98.1172335, 13.9764447], [98.1173354, 13.9764603], [98.1173526, 13.976355], [98.1172506, 13.9763394], [98.1172335, 13.9764447]]]}}, {"type": "Feature", "properties": {"osm_id": 1370879260, "building": "yes"}, "geometry": {"type": "Polygon", "coordinates": [[[98.1281474, 14.0129227], [98.1282896, 14.012842], [98.1282602, 14.0127932], [98.128118, 14.0128739], [98.1281474, 14.0129227]]]}}, {"type": "Feature", "properties": {"osm_id": 1370879261, "building": "yes"}, "geometry": {"type": "Polygon", "coordinates": [[[98.1299579, 14.0142109], [98.1301591, 14.0141666], [98.1301373, 14.0140735], [98.1299362, 14.0141177], [98.1299579, 14.0142109]]]}}, {"type": "Feature", "properties": {"osm_id": 1370879488, "building": "yes"}, "geometry": {"type": "Polygon", "coordinates": [[[98.1297889, 14.0038922], [98.1297708, 14.0039633], [98.1299774, 14.0040128], [98.1299955, 14.0039417], [98.1297889, 14.0038922]]]}}, {"type": "Feature", "properties": {"osm_id": 1370879489, "building": "yes"}, "geometry": {"type": "Polygon", "coordinates": [[[98.1297567, 14.0040926], [98.129923, 14.0041369], [98.1299465, 14.0040537], [98.1297802, 14.0040095], [98.1297567, 14.0040926]]]}}, {"type": "Feature", "properties": {"osm_id": 1370881756, "building": "yes"}, "geometry": {"type": "Polygon", "coordinates": [[[98.1282252, 14.0132428], [98.1283137, 14.013222], [98.1282886, 14.0131214], [98.1282001, 14.0131422], [98.1282252, 14.0132428]]]}}, {"type": "Feature", "properties": {"osm_id": 1370881757, "building": "yes"}, "geometry": {"type": "Polygon", "coordinates": [[[98.1280348, 14.0133443], [98.1280884, 14.0133157], [98.1280177, 14.013191], [98.1279641, 14.0132196], [98.1280348, 14.0133443]]]}}, {"type": "Feature", "properties": {"osm_id": 1370881758, "building": "yes"}, "geometry": {"type": "Polygon", "coordinates": [[[98.128244, 14.0135863], [98.1283405, 14.0135473], [98.1283205, 14.0135005], [98.1282239, 14.0135396], [98.128244, 14.0135863]]]}}, {"type": "Feature", "properties": {"osm_id": 1370881759, "building": "yes"}, "geometry": {"type": "Polygon", "coordinates": [[[98.1281796, 14.0134119], [98.1281168, 14.0134749], [98.1281973, 14.0135504], [98.1282601, 14.0134874], [98.1281796, 14.0134119]]]}}, {"type": "Feature", "properties": {"osm_id": 1370881760, "building": "yes"}, "geometry": {"type": "Polygon", "coordinates": [[[98.12837, 14.013745], [98.1284505, 14.0136383], [98.1284114, 14.0136106], [98.1283309, 14.0137173], [98.12837, 14.013745]]]}}, {"type": "Feature", "properties": {"osm_id": 1370881761, "building": "yes"}, "geometry": {"type": "Polygon", "coordinates": [[[98.1284747, 14.0138101], [98.1285551, 14.0137112], [98.1284901, 14.0136614], [98.1284096, 14.0137603], [98.1284747, 14.0138101]]]}}, {"type": "Feature", "properties": {"osm_id": 1370881762, "building": "yes"}, "geometry": {"type": "Polygon", "coordinates": [[[98.1284666, 14.0134067], [98.1285658, 14.0133287], [98.1285028, 14.0132532], [98.1284035, 14.0133312], [98.1284666, 14.0134067]]]}}, {"type": "Feature", "properties": {"osm_id": 1370881763, "building": "yes"}, "geometry": {"type": "Polygon", "coordinates": [[[98.1290875, 14.0137385], [98.1292029, 14.0136292], [98.129126, 14.0135529], [98.1290107, 14.0136622], [98.1290875, 14.0137385]]]}}, {"type": "Feature", "properties": {"osm_id": 1370881764, "building": "yes"}, "geometry": {"type": "Polygon", "coordinates": [[[98.1286181, 14.0138726], [98.1287321, 14.0138609], [98.1287255, 14.0138001], [98.1286115, 14.0138119], [98.1286181, 14.0138726]]]}}, {"type": "Feature", "properties": {"osm_id": 1370881765, "building": "yes"}, "geometry": {"type": "Polygon", "coordinates": [[[98.1287684, 14.0138622], [98.1288676, 14.0138595], [98.1288658, 14.013796], [98.1287666, 14.0137987], [98.1287684, 14.0138622]]]}}, {"type": "Feature", "properties": {"osm_id": 1370881766, "building": "yes"}, "geometry": {"type": "Polygon", "coordinates": [[[98.1291425, 14.0139272], [98.1292297, 14.0139194], [98.1292219, 14.0138377], [98.1291348, 14.0138456], [98.1291425, 14.0139272]]]}}, {"type": "Feature", "properties": {"osm_id": 1370881767, "building": "yes"}, "geometry": {"type": "Polygon", "coordinates": [[[98.1291546, 14.0140326], [98.1292592, 14.0140261], [98.1292553, 14.0139676], [98.1291507, 14.0139741], [98.1291546, 14.0140326]]]}}, {"type": "Feature", "properties": {"osm_id": 1370881768, "building": "yes"}, "geometry": {"type": "Polygon", "coordinates": [[[98.1288019, 14.0141016], [98.1289548, 14.0140782], [98.1289349, 14.0139559], [98.128782, 14.0139793], [98.1288019, 14.0141016]]]}}, {"type": "Feature", "properties": {"osm_id": 1370881769, "building": "yes"}, "geometry": {"type": "Polygon", "coordinates": [[[98.1289279, 14.0144893], [98.1290674, 14.0144685], [98.1290549, 14.0143895], [98.1289154, 14.0144103], [98.1289279, 14.0144893]]]}}, {"type": "Feature", "properties": {"osm_id": 1370881770, "building": "yes"}, "geometry": {"type": "Polygon", "coordinates": [[[98.1291908, 14.0143566], [98.129333, 14.0143436], [98.1293211, 14.0142212], [98.1291789, 14.0142342], [98.1291908, 14.0143566]]]}}, {"type": "Feature", "properties": {"osm_id": 1370881771, "building": "yes"}, "geometry": {"type": "Polygon", "coordinates": [[[98.1294657, 14.0149031], [98.1296173, 14.0148589], [98.1295919, 14.0147771], [98.1294404, 14.0148213], [98.1294657, 14.0149031]]]}}, {"type": "Feature", "properties": {"osm_id": 1370881772, "building": "yes"}, "geometry": {"type": "Polygon", "coordinates": [[[98.1294483, 14.0149825], [98.1294649, 14.0151074], [98.1295896, 14.0150918], [98.129573, 14.0149669], [98.1294483, 14.0149825]]]}}, {"type": "Feature", "properties": {"osm_id": 1376922400, "building": "hospital"}, "geometry": {"type": "Polygon", "coordinates": [[[98.1247323, 13.9848724], [98.1248859, 13.9848503], [98.1248652, 13.984715], [98.1247116, 13.9847372], [98.1247323, 13.9848724]]]}}, {"type": "Feature", "properties": {"osm_id": 1376922401, "building": "hospital"}, "geometry": {"type": "Polygon", "coordinates": [[[98.1246203, 13.9847182], [98.1247786, 13.984685], [98.1247444, 13.9845314], [98.1245861, 13.9845646], [98.1246203, 13.9847182]]]}}, {"type": "Feature", "properties": {"osm_id": 1376922402, "building": "hospital"}, "geometry": {"type": "Polygon", "coordinates": [[[98.123294, 13.9852531], [98.1234248, 13.9852281], [98.1233825, 13.9850188], [98.1232516, 13.9850437], [98.123294, 13.9852531]]]}}, {"type": "Feature", "properties": {"osm_id": 1376922403, "building": "hospital"}, "geometry": {"type": "Polygon", "coordinates": [[[98.1233762, 13.9855543], [98.1234877, 13.9855331], [98.123431, 13.9852532], [98.1233185, 13.9852746], [98.1233247, 13.9853053], [98.1233068, 13.9853087], [98.1233247, 13.9853972], [98.1233444, 13.9853935], [98.123353, 13.9854359], [98.1233357, 13.9854392], [98.1233541, 13.9855303], [98.1233707, 13.9855271], [98.1233762, 13.9855543]]]}}, {"type": "Feature", "properties": {"osm_id": 1376922404, "building": "hospital"}, "geometry": {"type": "Polygon", "coordinates": [[[98.1242086, 13.985473], [98.1242706, 13.9854658], [98.1242614, 13.9853916], [98.1241995, 13.9853987], [98.1242086, 13.985473]]]}}, {"type": "Feature", "properties": {"osm_id": 1376922405, "building": "hospital"}, "geometry": {"type": "Polygon", "coordinates": [[[98.1239623, 13.9853397], [98.1239512, 13.9852881], [98.1240005, 13.985278], [98.1239767, 13.9851682], [98.1239346, 13.9851767], [98.1239164, 13.9850923], [98.1239588, 13.9850837], [98.1239364, 13.9849799], [98.1238967, 13.984988], [98.1238856, 13.9849367], [98.1240878, 13.9848955], [98.1241744, 13.9852965], [98.1239623, 13.9853397]]]}}, {"type": "Feature", "properties": {"osm_id": 1564301615, "building": "yes"}, "geometry": {"type": "Polygon", "coordinates": [[[98.1306193, 14.0084753], [98.1306104, 14.0084104], [98.1307114, 14.0083973], [98.1307203, 14.0084622], [98.1306193, 14.0084753]]]}}, {"type": "Feature", "properties": {"osm_id": 1564301616, "building": "yes"}, "geometry": {"type": "Polygon", "coordinates": [[[98.1304427, 14.0083013], [98.130431, 14.0081877], [98.1305003, 14.008181], [98.130512, 14.0082946], [98.1304427, 14.0083013]]]}}, {"type": "Feature", "properties": {"osm_id": 1564301617, "building": "yes"}, "geometry": {"type": "Polygon", "coordinates": [[[98.1303986, 14.0081261], [98.1304067, 14.0080122], [98.1304762, 14.0080168], [98.1304681, 14.0081308], [98.1303986, 14.0081261]]]}}, {"type": "Feature", "properties": {"osm_id": 1564301618, "building": "yes"}, "geometry": {"type": "Polygon", "coordinates": [[[98.1306223, 14.0083586], [98.1306214, 14.0082932], [98.1307232, 14.0082918], [98.1307242, 14.0083573], [98.1306223, 14.0083586]]]}}, {"type": "Feature", "properties": {"osm_id": 1564301619, "building": "yes"}, "geometry": {"type": "Polygon", "coordinates": [[[98.1301208, 14.0076902], [98.1301318, 14.0075765], [98.1302011, 14.0075828], [98.1301901, 14.0076965], [98.1301208, 14.0076902]]]}}, {"type": "Feature", "properties": {"osm_id": 1564301620, "building": "yes"}, "geometry": {"type": "Polygon", "coordinates": [[[98.1307186, 14.0081384], [98.1306512, 14.0081396], [98.1306493, 14.0080408], [98.1307168, 14.0080396], [98.1307186, 14.0081384]]]}}, {"type": "Feature", "properties": {"osm_id": 1564301621, "building": "yes"}, "geometry": {"type": "Polygon", "coordinates": [[[98.1309368, 14.0085382], [98.1309279, 14.0084733], [98.1310289, 14.0084602], [98.1310378, 14.0085252], [98.1309368, 14.0085382]]]}}, {"type": "Feature", "properties": {"osm_id": 1564301622, "building": "yes"}, "geometry": {"type": "Polygon", "coordinates": [[[98.1309648, 14.0086321], [98.1310216, 14.0086389], [98.1310297, 14.0085759], [98.1309729, 14.008569], [98.1309648, 14.0086321]]]}}, {"type": "Feature", "properties": {"osm_id": 1564301623, "building": "yes"}, "geometry": {"type": "Polygon", "coordinates": [[[98.1309025, 14.0084166], [98.1309016, 14.0083512], [98.1310034, 14.0083498], [98.1310044, 14.0084153], [98.1309025, 14.0084166]]]}}, {"type": "Feature", "properties": {"osm_id": 1564301624, "building": "yes"}, "geometry": {"type": "Polygon", "coordinates": [[[98.1315575, 14.0084833], [98.1316706, 14.0084677], [98.1316645, 14.0084258], [98.1315513, 14.0084415], [98.1315575, 14.0084833]]]}}, {"type": "Feature", "properties": {"osm_id": 1564301625, "building": "yes"}, "geometry": {"type": "Polygon", "coordinates": [[[98.1308284, 14.0082103], [98.1308348, 14.0080478], [98.1309116, 14.0080506], [98.1309052, 14.0082131], [98.1308284, 14.0082103]]]}}, {"type": "Feature", "properties": {"osm_id": 1564301626, "building": "yes"}, "geometry": {"type": "Polygon", "coordinates": [[[98.1308726, 14.0083224], [98.1308717, 14.0082569], [98.1309736, 14.0082556], [98.1309745, 14.0083211], [98.1308726, 14.0083224]]]}}, {"type": "Feature", "properties": {"osm_id": 1564301627, "building": "yes"}, "geometry": {"type": "Polygon", "coordinates": [[[98.131025, 14.0082073], [98.1309575, 14.0082085], [98.1309557, 14.0081097], [98.1310232, 14.0081085], [98.131025, 14.0082073]]]}}, {"type": "Feature", "properties": {"osm_id": 1564301628, "building": "yes"}, "geometry": {"type": "Polygon", "coordinates": [[[98.130011, 14.0075634], [98.1300839, 14.007577], [98.1300929, 14.0075319], [98.1300199, 14.0075183], [98.130011, 14.0075634]]]}}, {"type": "Feature", "properties": {"osm_id": 1564301629, "building": "yes"}, "geometry": {"type": "Polygon", "coordinates": [[[98.13013, 14.0071756], [98.130121, 14.0072405], [98.13002, 14.0072274], [98.130029, 14.0071625], [98.13013, 14.0071756]]]}}, {"type": "Feature", "properties": {"osm_id": 1564301630, "building": "yes"}, "geometry": {"type": "Polygon", "coordinates": [[[98.1297687, 14.0073936], [98.1299218, 14.0074117], [98.1299293, 14.0073211], [98.129806, 14.0072994], [98.1298023, 14.0073356], [98.1297687, 14.0073429], [98.1297687, 14.0073936]]]}}, {"type": "Feature", "properties": {"osm_id": 1564301631, "building": "yes"}, "geometry": {"type": "Polygon", "coordinates": [[[98.1298094, 14.0072813], [98.1299219, 14.007301], [98.1299296, 14.0072594], [98.1298172, 14.0072397], [98.1298094, 14.0072813]]]}}, {"type": "Feature", "properties": {"osm_id": 1564301632, "building": "yes"}, "geometry": {"type": "Polygon", "coordinates": [[[98.131111, 14.0081887], [98.1311136, 14.0081005], [98.1310613, 14.0081041], [98.131065, 14.0080534], [98.1311771, 14.008057], [98.1311734, 14.0081077], [98.1311734, 14.0081875], [98.131111, 14.0081887]]]}}, {"type": "Feature", "properties": {"osm_id": 1564301633, "building": "yes"}, "geometry": {"type": "Polygon", "coordinates": [[[98.1313005, 14.0084008], [98.1312991, 14.0082899], [98.1312555, 14.0082904], [98.131257, 14.0084013], [98.1313005, 14.0084008]]]}}, {"type": "Feature", "properties": {"osm_id": 1564301634, "building": "yes"}, "geometry": {"type": "Polygon", "coordinates": [[[98.1314323, 14.0081661], [98.1313648, 14.0081673], [98.1313629, 14.0080684], [98.1314304, 14.0080672], [98.1314323, 14.0081661]]]}}, {"type": "Feature", "properties": {"osm_id": 1564301635, "building": "yes"}, "geometry": {"type": "Polygon", "coordinates": [[[98.1312441, 14.0082327], [98.1312359, 14.0081221], [98.1311924, 14.0081251], [98.1312006, 14.0082357], [98.1312441, 14.0082327]]]}}, {"type": "Feature", "properties": {"osm_id": 1564301636, "building": "yes"}, "geometry": {"type": "Polygon", "coordinates": [[[98.1312605, 14.0082064], [98.1312487, 14.0080928], [98.131318, 14.0080861], [98.1313297, 14.0081997], [98.1312605, 14.0082064]]]}}, {"type": "Feature", "properties": {"osm_id": 1564301637, "building": "yes"}, "geometry": {"type": "Polygon", "coordinates": [[[98.1313193, 14.0083287], [98.1313922, 14.0083424], [98.1314012, 14.0082973], [98.1313282, 14.0082836], [98.1313193, 14.0083287]]]}}, {"type": "Feature", "properties": {"osm_id": 1564301638, "building": "yes"}, "geometry": {"type": "Polygon", "coordinates": [[[98.1314306, 14.0083441], [98.1314846, 14.0083504], [98.1314919, 14.0082912], [98.1314379, 14.0082849], [98.1314306, 14.0083441]]]}}, {"type": "Feature", "properties": {"osm_id": 1564301639, "building": "yes"}, "geometry": {"type": "Polygon", "coordinates": [[[98.1303209, 14.0081546], [98.1303749, 14.0081608], [98.1303821, 14.0081017], [98.1303282, 14.0080954], [98.1303209, 14.0081546]]]}}, {"type": "Feature", "properties": {"osm_id": 1564301640, "building": "yes"}, "geometry": {"type": "Polygon", "coordinates": [[[98.1314318, 14.0082399], [98.1314435, 14.0080605], [98.1314939, 14.0080636], [98.1314821, 14.008243], [98.1314318, 14.0082399]]]}}, {"type": "Feature", "properties": {"osm_id": 1564301641, "building": "yes"}, "geometry": {"type": "Polygon", "coordinates": [[[98.1314936, 14.0082272], [98.1315053, 14.0080477], [98.1315556, 14.0080508], [98.1315439, 14.0082303], [98.1314936, 14.0082272]]]}}, {"type": "Feature", "properties": {"osm_id": 1564301642, "building": "yes"}, "geometry": {"type": "Polygon", "coordinates": [[[98.1317255, 14.0082067], [98.1317309, 14.008096], [98.1316873, 14.008094], [98.131682, 14.0082048], [98.1317255, 14.0082067]]]}}, {"type": "Feature", "properties": {"osm_id": 1564301643, "building": "yes"}, "geometry": {"type": "Polygon", "coordinates": [[[98.1318094, 14.0082055], [98.1317419, 14.0082067], [98.13174, 14.0081078], [98.1318075, 14.0081067], [98.1318094, 14.0082055]]]}}, {"type": "Feature", "properties": {"osm_id": 1564301644, "building": "yes"}, "geometry": {"type": "Polygon", "coordinates": [[[98.131998, 14.0081582], [98.1319305, 14.0081594], [98.1319287, 14.0080605], [98.1319962, 14.0080593], [98.131998, 14.0081582]]]}}, {"type": "Feature", "properties": {"osm_id": 1564301645, "building": "yes"}, "geometry": {"type": "Polygon", "coordinates": [[[98.1320858, 14.0081676], [98.1320184, 14.0081688], [98.1320165, 14.00807], [98.132084, 14.0080688], [98.1320858, 14.0081676]]]}}, {"type": "Feature", "properties": {"osm_id": 1564301646, "building": "yes"}, "geometry": {"type": "Polygon", "coordinates": [[[98.1321217, 14.0082303], [98.1321261, 14.008165], [98.1322278, 14.0081714], [98.1322234, 14.0082367], [98.1321217, 14.0082303]]]}}, {"type": "Feature", "properties": {"osm_id": 1564301647, "building": "yes"}, "geometry": {"type": "Polygon", "coordinates": [[[98.1321227, 14.0080746], [98.1321325, 14.0081377], [98.1322249, 14.0081336], [98.1322218, 14.0080696], [98.1321227, 14.0080746]]]}}, {"type": "Feature", "properties": {"osm_id": 1564301648, "building": "yes"}, "geometry": {"type": "Polygon", "coordinates": [[[98.1333024, 14.0080735], [98.1333643, 14.008052], [98.1333421, 14.0079648], [98.133278, 14.0079802], [98.1333024, 14.0080735]]]}}, {"type": "Feature", "properties": {"osm_id": 1564301649, "building": "yes"}, "geometry": {"type": "Polygon", "coordinates": [[[98.1329612, 14.0081601], [98.1329338, 14.008049], [98.1330015, 14.0080333], [98.1330289, 14.0081444], [98.1329612, 14.0081601]]]}}, {"type": "Feature", "properties": {"osm_id": 1564301650, "building": "yes"}, "geometry": {"type": "Polygon", "coordinates": [[[98.1328956, 14.0081551], [98.1328688, 14.0080473], [98.1328264, 14.0080573], [98.1328533, 14.008165], [98.1328956, 14.0081551]]]}}, {"type": "Feature", "properties": {"osm_id": 1564301651, "building": "yes"}, "geometry": {"type": "Polygon", "coordinates": [[[98.1328011, 14.0084261], [98.1328551, 14.0084324], [98.1328624, 14.0083732], [98.1328084, 14.0083669], [98.1328011, 14.0084261]]]}}, {"type": "Feature", "properties": {"osm_id": 1564301652, "building": "yes"}, "geometry": {"type": "Polygon", "coordinates": [[[98.1327711, 14.0082048], [98.1327406, 14.0080945], [98.1328078, 14.008077], [98.1328383, 14.0081873], [98.1327711, 14.0082048]]]}}, {"type": "Feature", "properties": {"osm_id": 1564301653, "building": "yes"}, "geometry": {"type": "Polygon", "coordinates": [[[98.1328696, 14.0082857], [98.1329229, 14.0082754], [98.132911, 14.008217], [98.1328576, 14.0082273], [98.1328696, 14.0082857]]]}}, {"type": "Feature", "properties": {"osm_id": 1564301654, "building": "yes"}, "geometry": {"type": "Polygon", "coordinates": [[[98.1334504, 14.0080743], [98.1334403, 14.0079639], [98.1333969, 14.0079676], [98.1334071, 14.0080781], [98.1334504, 14.0080743]]]}}, {"type": "Feature", "properties": {"osm_id": 1564301655, "building": "yes"}, "geometry": {"type": "Polygon", "coordinates": [[[98.1325245, 14.0082268], [98.132523, 14.0081126], [98.1325926, 14.0081118], [98.1325941, 14.008226], [98.1325245, 14.0082268]]]}}, {"type": "Feature", "properties": {"osm_id": 1564301656, "building": "yes"}, "geometry": {"type": "Polygon", "coordinates": [[[98.1324276, 14.0082443], [98.1324312, 14.0081301], [98.1325008, 14.0081322], [98.1324972, 14.0082464], [98.1324276, 14.0082443]]]}}, {"type": "Feature", "properties": {"osm_id": 1564301657, "building": "yes"}, "geometry": {"type": "Polygon", "coordinates": [[[98.1337431, 14.0081134], [98.1337495, 14.0079509], [98.1338263, 14.0079538], [98.1338199, 14.0081163], [98.1337431, 14.0081134]]]}}, {"type": "Feature", "properties": {"osm_id": 1564301658, "building": "yes"}, "geometry": {"type": "Polygon", "coordinates": [[[98.1335319, 14.0080144], [98.1335075, 14.0079027], [98.1335756, 14.0078887], [98.1336, 14.0080004], [98.1335319, 14.0080144]]]}}, {"type": "Feature", "properties": {"osm_id": 1564301659, "building": "yes"}, "geometry": {"type": "Polygon", "coordinates": [[[98.1325346, 14.0083236], [98.1325879, 14.0083133], [98.132576, 14.0082548], [98.1325226, 14.0082651], [98.1325346, 14.0083236]]]}}, {"type": "Feature", "properties": {"osm_id": 1564301660, "building": "yes"}, "geometry": {"type": "Polygon", "coordinates": [[[98.1353933, 14.0083371], [98.1353831, 14.0082266], [98.1353397, 14.0082304], [98.1353499, 14.0083408], [98.1353933, 14.0083371]]]}}, {"type": "Feature", "properties": {"osm_id": 1564301661, "building": "yes"}, "geometry": {"type": "Polygon", "coordinates": [[[98.1354864, 14.0083623], [98.1355427, 14.0083295], [98.1355035, 14.0082482], [98.1354437, 14.0082754], [98.1354864, 14.0083623]]]}}, {"type": "Feature", "properties": {"osm_id": 1564301662, "building": "yes"}, "geometry": {"type": "Polygon", "coordinates": [[[98.1358207, 14.0083234], [98.1358864, 14.0083264], [98.1359002, 14.0082377], [98.1358349, 14.0082281], [98.1358207, 14.0083234]]]}}, {"type": "Feature", "properties": {"osm_id": 1564301663, "building": "yes"}, "geometry": {"type": "Polygon", "coordinates": [[[98.1360183, 14.0082673], [98.1360716, 14.0082571], [98.1360597, 14.0081986], [98.1360063, 14.0082089], [98.1360183, 14.0082673]]]}}, {"type": "Feature", "properties": {"osm_id": 1564301664, "building": "yes"}, "geometry": {"type": "Polygon", "coordinates": [[[98.1357398, 14.00826], [98.135794, 14.0082653], [98.1358001, 14.008206], [98.135746, 14.0082007], [98.1357398, 14.00826]]]}}, {"type": "Feature", "properties": {"osm_id": 1564301665, "building": "yes"}, "geometry": {"type": "Polygon", "coordinates": [[[98.136303, 14.0083307], [98.1363025, 14.0082587], [98.1362551, 14.008259], [98.1362556, 14.008331], [98.136303, 14.0083307]]]}}, {"type": "Feature", "properties": {"osm_id": 1564301666, "building": "yes"}, "geometry": {"type": "Polygon", "coordinates": [[[98.1367281, 14.0084006], [98.136777, 14.0084239], [98.136804, 14.0083704], [98.1367551, 14.0083471], [98.1367281, 14.0084006]]]}}, {"type": "Feature", "properties": {"osm_id": 1564301667, "building": "yes"}, "geometry": {"type": "Polygon", "coordinates": [[[98.1368472, 14.0085842], [98.1369218, 14.0085001], [98.1368887, 14.0084725], [98.1368142, 14.0085566], [98.1368472, 14.0085842]]]}}, {"type": "Feature", "properties": {"osm_id": 1564301668, "building": "yes"}, "geometry": {"type": "Polygon", "coordinates": [[[98.1369407, 14.0084933], [98.1369826, 14.0085269], [98.1370218, 14.008481], [98.1369799, 14.0084474], [98.1369407, 14.0084933]]]}}, {"type": "Feature", "properties": {"osm_id": 1564301669, "building": "yes"}, "geometry": {"type": "Polygon", "coordinates": [[[98.1372295, 14.0087021], [98.1372714, 14.0087357], [98.1373106, 14.0086898], [98.1372687, 14.0086562], [98.1372295, 14.0087021]]]}}, {"type": "Feature", "properties": {"osm_id": 1564301670, "building": "yes"}, "geometry": {"type": "Polygon", "coordinates": [[[98.1375567, 14.008669], [98.1376094, 14.0087072], [98.1376721, 14.0086412], [98.1376235, 14.0085978], [98.1375567, 14.008669]]]}}, {"type": "Feature", "properties": {"osm_id": 1564301671, "building": "yes"}, "geometry": {"type": "Polygon", "coordinates": [[[98.137186, 14.008777], [98.137229, 14.0087288], [98.1371656, 14.0086634], [98.1371175, 14.0087073], [98.137186, 14.008777]]]}}, {"type": "Feature", "properties": {"osm_id": 1564301672, "building": "yes"}, "geometry": {"type": "Polygon", "coordinates": [[[98.1381242, 14.0086625], [98.138185, 14.0086871], [98.1382219, 14.0086013], [98.138161, 14.0085767], [98.1381242, 14.0086625]]]}}, {"type": "Feature", "properties": {"osm_id": 1564301673, "building": "yes"}, "geometry": {"type": "Polygon", "coordinates": [[[98.1382365, 14.0087201], [98.138284, 14.0087458], [98.1383138, 14.0086937], [98.1382663, 14.0086681], [98.1382365, 14.0087201]]]}}, {"type": "Feature", "properties": {"osm_id": 1564301674, "building": "yes"}, "geometry": {"type": "Polygon", "coordinates": [[[98.1385412, 14.0086289], [98.138583, 14.0085458], [98.1386191, 14.0085629], [98.1385772, 14.008646], [98.1385412, 14.0086289]]]}}, {"type": "Feature", "properties": {"osm_id": 1564301675, "building": "yes"}, "geometry": {"type": "Polygon", "coordinates": [[[98.1371049, 14.0079045], [98.1370978, 14.007798], [98.1372932, 14.0077857], [98.1373003, 14.0078922], [98.1371049, 14.0079045]]]}}, {"type": "Feature", "properties": {"osm_id": 1564301676, "building": "yes"}, "geometry": {"type": "Polygon", "coordinates": [[[98.1370859, 14.0076503], [98.1370736, 14.0075192], [98.1372489, 14.0075037], [98.1372612, 14.0076349], [98.1370859, 14.0076503]]]}}, {"type": "Feature", "properties": {"osm_id": 1564301677, "building": "yes"}, "geometry": {"type": "Polygon", "coordinates": [[[98.1369837, 14.0077751], [98.1369601, 14.00759], [98.137044, 14.0075799], [98.1370676, 14.007765], [98.1369837, 14.0077751]]]}}, {"type": "Feature", "properties": {"osm_id": 1564301678, "building": "yes"}, "geometry": {"type": "Polygon", "coordinates": [[[98.1361693, 14.0079533], [98.1362351, 14.0079524], [98.1362339, 14.0078595], [98.136168, 14.0078603], [98.1361693, 14.0079533]]]}}, {"type": "Feature", "properties": {"osm_id": 1564301679, "building": "yes"}, "geometry": {"type": "Polygon", "coordinates": [[[98.1373747, 14.0074602], [98.1373615, 14.00735], [98.1373182, 14.0073549], [98.1373314, 14.007465], [98.1373747, 14.0074602]]]}}, {"type": "Feature", "properties": {"osm_id": 1564301680, "building": "yes"}, "geometry": {"type": "Polygon", "coordinates": [[[98.1373653, 14.0078829], [98.1373955, 14.0079268], [98.1374466, 14.0078936], [98.1374164, 14.0078498], [98.1373653, 14.0078829]]]}}, {"type": "Feature", "properties": {"osm_id": 1564301681, "building": "yes"}, "geometry": {"type": "Polygon", "coordinates": [[[98.1368682, 14.0076159], [98.1369322, 14.0076013], [98.1369202, 14.0075123], [98.1368547, 14.0075205], [98.1368682, 14.0076159]]]}}, {"type": "Feature", "properties": {"osm_id": 1564301682, "building": "yes"}, "geometry": {"type": "Polygon", "coordinates": [[[98.1364606, 14.0080026], [98.1365278, 14.0079977], [98.1365175, 14.0078638], [98.1364503, 14.0078686], [98.1364606, 14.0080026]]]}}, {"type": "Feature", "properties": {"osm_id": 1564301683, "building": "yes"}, "geometry": {"type": "Polygon", "coordinates": [[[98.1362369, 14.0079034], [98.1362424, 14.007717], [98.1363269, 14.0077193], [98.1363213, 14.0079057], [98.1362369, 14.0079034]]]}}, {"type": "Feature", "properties": {"osm_id": 1564301684, "building": "yes"}, "geometry": {"type": "Polygon", "coordinates": [[[98.1364445, 14.0079621], [98.1364403, 14.0078513], [98.1363968, 14.0078529], [98.1364009, 14.0079637], [98.1364445, 14.0079621]]]}}, {"type": "Feature", "properties": {"osm_id": 1564301685, "building": "yes"}, "geometry": {"type": "Polygon", "coordinates": [[[98.1365444, 14.0080754], [98.1365987, 14.0080739], [98.136597, 14.0080143], [98.1365426, 14.0080158], [98.1365444, 14.0080754]]]}}, {"type": "Feature", "properties": {"osm_id": 1564301686, "building": "yes"}, "geometry": {"type": "Polygon", "coordinates": [[[98.1334342, 14.007733], [98.1334152, 14.0076203], [98.1334839, 14.0076094], [98.1335029, 14.0077222], [98.1334342, 14.007733]]]}}, {"type": "Feature", "properties": {"osm_id": 1564301687, "building": "yes"}, "geometry": {"type": "Polygon", "coordinates": [[[98.1335276, 14.0077111], [98.1335086, 14.0075983], [98.1335773, 14.0075875], [98.1335963, 14.0077002], [98.1335276, 14.0077111]]]}}, {"type": "Feature", "properties": {"osm_id": 1564301688, "building": "yes"}, "geometry": {"type": "Polygon", "coordinates": [[[98.1338007, 14.0076836], [98.1338541, 14.0076733], [98.1338421, 14.0076149], [98.1337888, 14.0076252], [98.1338007, 14.0076836]]]}}, {"type": "Feature", "properties": {"osm_id": 1564301689, "building": "yes"}, "geometry": {"type": "Polygon", "coordinates": [[[98.1337042, 14.0074905], [98.1337047, 14.0073796], [98.1336611, 14.0073794], [98.1336607, 14.0074903], [98.1337042, 14.0074905]]]}}, {"type": "Feature", "properties": {"osm_id": 1564301690, "building": "yes"}, "geometry": {"type": "Polygon", "coordinates": [[[98.1334011, 14.007425], [98.133515, 14.0074156], [98.1335113, 14.0073735], [98.1333974, 14.0073829], [98.1334011, 14.007425]]]}}, {"type": "Feature", "properties": {"osm_id": 1564301691, "building": "yes"}, "geometry": {"type": "Polygon", "coordinates": [[[98.1339615, 14.0076401], [98.133949, 14.0075558], [98.1339086, 14.0075614], [98.133921, 14.0076457], [98.1339615, 14.0076401]]]}}, {"type": "Feature", "properties": {"osm_id": 1564301692, "building": "yes"}, "geometry": {"type": "Polygon", "coordinates": [[[98.1336786, 14.0076584], [98.1337538, 14.0076523], [98.1337417, 14.0075124], [98.1336665, 14.0075185], [98.1336786, 14.0076584]]]}}, {"type": "Feature", "properties": {"osm_id": 1564301693, "building": "yes"}, "geometry": {"type": "Polygon", "coordinates": [[[98.1336988, 14.0077331], [98.1337522, 14.0077228], [98.1337402, 14.0076643], [98.1336869, 14.0076746], [98.1336988, 14.0077331]]]}}, {"type": "Feature", "properties": {"osm_id": 1564301694, "building": "yes"}, "geometry": {"type": "Polygon", "coordinates": [[[98.1332101, 14.0074222], [98.1333243, 14.0074185], [98.1333229, 14.0073763], [98.1332086, 14.00738], [98.1332101, 14.0074222]]]}}, {"type": "Feature", "properties": {"osm_id": 1564301695, "building": "yes"}, "geometry": {"type": "Polygon", "coordinates": [[[98.1333209, 14.0077303], [98.1333019, 14.0076176], [98.1333706, 14.0076067], [98.1333896, 14.0077194], [98.1333209, 14.0077303]]]}}, {"type": "Feature", "properties": {"osm_id": 1564301696, "building": "yes"}, "geometry": {"type": "Polygon", "coordinates": [[[98.1331896, 14.0077745], [98.1332648, 14.0077683], [98.1332527, 14.0076284], [98.1331775, 14.0076346], [98.1331896, 14.0077745]]]}}, {"type": "Feature", "properties": {"osm_id": 1564301697, "building": "yes"}, "geometry": {"type": "Polygon", "coordinates": [[[98.133105, 14.0065371], [98.1330981, 14.0064847], [98.1330372, 14.0064923], [98.1330441, 14.0065446], [98.133105, 14.0065371]]]}}, {"type": "Feature", "properties": {"osm_id": 1564301698, "building": "yes"}, "geometry": {"type": "Polygon", "coordinates": [[[98.1324882, 14.0071305], [98.1326046, 14.0071138], [98.1326148, 14.0071807], [98.1324983, 14.0071973], [98.1324882, 14.0071305]]]}}, {"type": "Feature", "properties": {"osm_id": 1564301699, "building": "yes"}, "geometry": {"type": "Polygon", "coordinates": [[[98.1328454, 14.0070061], [98.1328362, 14.0068956], [98.1327927, 14.006899], [98.132802, 14.0070095], [98.1328454, 14.0070061]]]}}, {"type": "Feature", "properties": {"osm_id": 1564301700, "building": "yes"}, "geometry": {"type": "Polygon", "coordinates": [[[98.1328728, 14.0078418], [98.1329476, 14.0078319], [98.1329279, 14.0076928], [98.1328532, 14.0077027], [98.1328728, 14.0078418]]]}}, {"type": "Feature", "properties": {"osm_id": 1564301701, "building": "yes"}, "geometry": {"type": "Polygon", "coordinates": [[[98.132613, 14.0078973], [98.1325972, 14.0078036], [98.1327172, 14.0077846], [98.132733, 14.0078783], [98.132613, 14.0078973]]]}}, {"type": "Feature", "properties": {"osm_id": 1564301702, "building": "yes"}, "geometry": {"type": "Polygon", "coordinates": [[[98.1330895, 14.0077595], [98.1331438, 14.0077577], [98.1331417, 14.0076981], [98.1330873, 14.0077], [98.1330895, 14.0077595]]]}}, {"type": "Feature", "properties": {"osm_id": 1564301703, "building": "yes"}, "geometry": {"type": "Polygon", "coordinates": [[[98.1321894, 14.0075606], [98.1322292, 14.0073567], [98.1323403, 14.0073771], [98.1323005, 14.007581], [98.1321894, 14.0075606]]]}}, {"type": "Feature", "properties": {"osm_id": 1564301704, "building": "yes"}, "geometry": {"type": "Polygon", "coordinates": [[[98.1325434, 14.0074839], [98.1325313, 14.0074364], [98.1326121, 14.0074172], [98.1326242, 14.0074647], [98.1325434, 14.0074839]]]}}, {"type": "Feature", "properties": {"osm_id": 1564301705, "building": "yes"}, "geometry": {"type": "Polygon", "coordinates": [[[98.1322128, 14.0067419], [98.132287, 14.0067398], [98.1322856, 14.0066938], [98.1322114, 14.006696], [98.1322128, 14.0067419]]]}}, {"type": "Feature", "properties": {"osm_id": 1564301706, "building": "yes"}, "geometry": {"type": "Polygon", "coordinates": [[[98.1325625, 14.0072149], [98.1325546, 14.0072671], [98.1326154, 14.0072758], [98.1326233, 14.0072236], [98.1325625, 14.0072149]]]}}, {"type": "Feature", "properties": {"osm_id": 1564301707, "building": "yes"}, "geometry": {"type": "Polygon", "coordinates": [[[98.1326565, 14.0069479], [98.1326582, 14.0070007], [98.1327196, 14.0069988], [98.1327179, 14.006946], [98.1326565, 14.0069479]]]}}, {"type": "Feature", "properties": {"osm_id": 1564301708, "building": "yes"}, "geometry": {"type": "Polygon", "coordinates": [[[98.1324143, 14.0073133], [98.1324156, 14.0072401], [98.1322709, 14.0072378], [98.1322697, 14.007311], [98.1324143, 14.0073133]]]}}, {"type": "Feature", "properties": {"osm_id": 1564301709, "building": "yes"}, "geometry": {"type": "Polygon", "coordinates": [[[98.1319958, 14.00784], [98.1320712, 14.0078405], [98.1320722, 14.0077001], [98.1319968, 14.0076996], [98.1319958, 14.00784]]]}}, {"type": "Feature", "properties": {"osm_id": 1564301710, "building": "yes"}, "geometry": {"type": "Polygon", "coordinates": [[[98.1326701, 14.0070555], [98.1326622, 14.0071077], [98.1327229, 14.0071164], [98.1327309, 14.0070643], [98.1326701, 14.0070555]]]}}, {"type": "Feature", "properties": {"osm_id": 1564301711, "building": "yes"}, "geometry": {"type": "Polygon", "coordinates": [[[98.1329372, 14.0069593], [98.1329442, 14.0070116], [98.1330051, 14.0070039], [98.1329981, 14.0069516], [98.1329372, 14.0069593]]]}}, {"type": "Feature", "properties": {"osm_id": 1564301712, "building": "yes"}, "geometry": {"type": "Polygon", "coordinates": [[[98.1324499, 14.0076645], [98.1324364, 14.0076134], [98.1323769, 14.0076283], [98.1323904, 14.0076794], [98.1324499, 14.0076645]]]}}, {"type": "Feature", "properties": {"osm_id": 1564311219, "building": "yes"}, "geometry": {"type": "Polygon", "coordinates": [[[98.1321877, 14.0078499], [98.1324235, 14.0078583], [98.1324261, 14.0077889], [98.1321903, 14.0077804], [98.1321877, 14.0078499]]]}}, {"type": "Feature", "properties": {"osm_id": 1564311220, "building": "yes"}, "geometry": {"type": "Polygon", "coordinates": [[[98.1316721, 14.0078255], [98.1315742, 14.0078256], [98.1315742, 14.0077076], [98.131672, 14.0077075], [98.1316721, 14.0078255]]]}}, {"type": "Feature", "properties": {"osm_id": 1564311221, "building": "yes"}, "geometry": {"type": "Polygon", "coordinates": [[[98.131734, 14.007858], [98.1317248, 14.0077475], [98.1316813, 14.0077509], [98.1316906, 14.0078614], [98.131734, 14.007858]]]}}, {"type": "Feature", "properties": {"osm_id": 1564311222, "building": "yes"}, "geometry": {"type": "Polygon", "coordinates": [[[98.1330803, 14.0059858], [98.1330481, 14.0060063], [98.1330628, 14.006031], [98.1329247, 14.0061082], [98.1329465, 14.0061449], [98.1331218, 14.0060534], [98.1330803, 14.0059858]]]}}, {"type": "Feature", "properties": {"osm_id": 1564311223, "building": "yes"}, "geometry": {"type": "Polygon", "coordinates": [[[98.1316942, 14.0069914], [98.1316863, 14.0070436], [98.131747, 14.0070523], [98.131755, 14.0070002], [98.1316942, 14.0069914]]]}}, {"type": "Feature", "properties": {"osm_id": 1564311224, "building": "yes"}, "geometry": {"type": "Polygon", "coordinates": [[[98.1314334, 14.0079094], [98.1315076, 14.007912], [98.1315093, 14.0078661], [98.131435, 14.0078635], [98.1314334, 14.0079094]]]}}, {"type": "Feature", "properties": {"osm_id": 1564311225, "building": "yes"}, "geometry": {"type": "Polygon", "coordinates": [[[98.1304764, 14.0078283], [98.1305304, 14.0078345], [98.1305376, 14.0077754], [98.1304837, 14.0077691], [98.1304764, 14.0078283]]]}}, {"type": "Feature", "properties": {"osm_id": 1564311226, "building": "yes"}, "geometry": {"type": "Polygon", "coordinates": [[[98.1305347, 14.0077655], [98.1305429, 14.0076516], [98.1306124, 14.0076564], [98.1306042, 14.0077703], [98.1305347, 14.0077655]]]}}, {"type": "Feature", "properties": {"osm_id": 1564311227, "building": "yes"}, "geometry": {"type": "Polygon", "coordinates": [[[98.1303911, 14.007783], [98.1303989, 14.0076465], [98.1304567, 14.0076497], [98.1304488, 14.0077862], [98.1303911, 14.007783]]]}}, {"type": "Feature", "properties": {"osm_id": 1564311228, "building": "yes"}, "geometry": {"type": "Polygon", "coordinates": [[[98.1304607, 14.0077372], [98.1304671, 14.0076564], [98.1305067, 14.0076594], [98.1305003, 14.0077402], [98.1304607, 14.0077372]]]}}, {"type": "Feature", "properties": {"osm_id": 1564311229, "building": "yes"}, "geometry": {"type": "Polygon", "coordinates": [[[98.131238, 14.0078857], [98.131292, 14.007892], [98.1312993, 14.0078328], [98.1312453, 14.0078265], [98.131238, 14.0078857]]]}}, {"type": "Feature", "properties": {"osm_id": 1564311230, "building": "yes"}, "geometry": {"type": "Polygon", "coordinates": [[[98.1318899, 14.0078279], [98.1319342, 14.0078282], [98.1319351, 14.0077004], [98.1318908, 14.0077001], [98.1318899, 14.0078279]]]}}, {"type": "Feature", "properties": {"osm_id": 1564311231, "building": "yes"}, "geometry": {"type": "Polygon", "coordinates": [[[98.131739, 14.0078345], [98.1317833, 14.0078348], [98.1317842, 14.0077069], [98.1317399, 14.0077066], [98.131739, 14.0078345]]]}}, {"type": "Feature", "properties": {"osm_id": 1564311232, "building": "yes"}, "geometry": {"type": "Polygon", "coordinates": [[[98.1311148, 14.0078905], [98.131189, 14.007893], [98.1311907, 14.0078471], [98.1311164, 14.0078446], [98.1311148, 14.0078905]]]}}, {"type": "Feature", "properties": {"osm_id": 1564311233, "building": "yes"}, "geometry": {"type": "Polygon", "coordinates": [[[98.1311067, 14.0078604], [98.1310394, 14.0078657], [98.1310312, 14.0077672], [98.1310985, 14.0077619], [98.1311067, 14.0078604]]]}}, {"type": "Feature", "properties": {"osm_id": 1564311234, "building": "yes"}, "geometry": {"type": "Polygon", "coordinates": [[[98.1310126, 14.0077993], [98.1310047, 14.0077277], [98.1309576, 14.0077326], [98.1309656, 14.0078043], [98.1310126, 14.0077993]]]}}, {"type": "Feature", "properties": {"osm_id": 1564311235, "building": "yes"}, "geometry": {"type": "Polygon", "coordinates": [[[98.1309268, 14.007858], [98.1308595, 14.0078633], [98.1308513, 14.0077648], [98.1309186, 14.0077595], [98.1309268, 14.007858]]]}}, {"type": "Feature", "properties": {"osm_id": 1564311236, "building": "yes"}, "geometry": {"type": "Polygon", "coordinates": [[[98.132549, 14.0064763], [98.1325937, 14.0064814], [98.1325977, 14.0064485], [98.132553, 14.0064434], [98.132549, 14.0064763]]]}}, {"type": "Feature", "properties": {"osm_id": 1564311237, "building": "yes"}, "geometry": {"type": "Polygon", "coordinates": [[[98.1326276, 14.006156], [98.1327247, 14.0061611], [98.1327293, 14.0060808], [98.1326322, 14.0060756], [98.1326276, 14.006156]]]}}, {"type": "Feature", "properties": {"osm_id": 1564311238, "building": "yes"}, "geometry": {"type": "Polygon", "coordinates": [[[98.1338604, 14.0022608], [98.1338566, 14.0021858], [98.1339552, 14.0021811], [98.133959, 14.0022562], [98.1338604, 14.0022608]]]}}, {"type": "Feature", "properties": {"osm_id": 1564311239, "building": "yes"}, "geometry": {"type": "Polygon", "coordinates": [[[98.1342061, 14.0020693], [98.1342023, 14.0019942], [98.1343009, 14.0019895], [98.1343047, 14.0020646], [98.1342061, 14.0020693]]]}}, {"type": "Feature", "properties": {"osm_id": 1564311240, "building": "yes"}, "geometry": {"type": "Polygon", "coordinates": [[[98.1348801, 14.0018071], [98.1348041, 14.0018212], [98.1347855, 14.0017271], [98.1348616, 14.001713], [98.1348801, 14.0018071]]]}}, {"type": "Feature", "properties": {"osm_id": 1564311241, "building": "yes"}, "geometry": {"type": "Polygon", "coordinates": [[[98.1360061, 14.002407], [98.1360013, 14.0022928], [98.1360977, 14.002289], [98.1361024, 14.0024033], [98.1360061, 14.002407]]]}}, {"type": "Feature", "properties": {"osm_id": 1564311242, "building": "yes"}, "geometry": {"type": "Polygon", "coordinates": [[[98.1351466, 14.0018761], [98.1350693, 14.0018702], [98.135077, 14.0017747], [98.1351542, 14.0017806], [98.1351466, 14.0018761]]]}}, {"type": "Feature", "properties": {"osm_id": 1564311243, "building": "yes"}, "geometry": {"type": "Polygon", "coordinates": [[[98.1346374, 14.0028235], [98.1347704, 14.0028097], [98.134761, 14.0027243], [98.134628, 14.0027381], [98.1346374, 14.0028235]]]}}, {"type": "Feature", "properties": {"osm_id": 1564311244, "building": "yes"}, "geometry": {"type": "Polygon", "coordinates": [[[98.135397, 14.0022697], [98.1353815, 14.0021596], [98.1354481, 14.0021508], [98.1354636, 14.0022609], [98.135397, 14.0022697]]]}}, {"type": "Feature", "properties": {"osm_id": 1564311245, "building": "yes"}, "geometry": {"type": "Polygon", "coordinates": [[[98.135129, 14.0026873], [98.1351475, 14.0026237], [98.135209, 14.0026463], [98.1351848, 14.0027081], [98.135129, 14.0026873]]]}}, {"type": "Feature", "properties": {"osm_id": 1564311246, "building": "yes"}, "geometry": {"type": "Polygon", "coordinates": [[[98.1360202, 14.0055709], [98.1361122, 14.0055051], [98.1360864, 14.0054712], [98.1359943, 14.0055368], [98.1360202, 14.0055709]]]}}, {"type": "Feature", "properties": {"osm_id": 1564311247, "building": "yes"}, "geometry": {"type": "Polygon", "coordinates": [[[98.1375796, 13.9967554], [98.1375718, 13.996643], [98.1374946, 13.9966481], [98.1375024, 13.9967604], [98.1375796, 13.9967554]]]}}, {"type": "Feature", "properties": {"osm_id": 1564311248, "building": "yes"}, "geometry": {"type": "Polygon", "coordinates": [[[98.1368094, 14.0024133], [98.1369228, 14.0024277], [98.1369283, 14.0023858], [98.136815, 14.0023713], [98.1368094, 14.0024133]]]}}, {"type": "Feature", "properties": {"osm_id": 1564311249, "building": "yes"}, "geometry": {"type": "Polygon", "coordinates": [[[98.1368207, 14.0020359], [98.1368052, 14.0019258], [98.1368718, 14.001917], [98.1368873, 14.0020271], [98.1368207, 14.0020359]]]}}, {"type": "Feature", "properties": {"osm_id": 1564311250, "building": "yes"}, "geometry": {"type": "Polygon", "coordinates": [[[98.1381911, 14.0032777], [98.1381756, 14.0031676], [98.1382421, 14.0031587], [98.1382576, 14.0032688], [98.1381911, 14.0032777]]]}}, {"type": "Feature", "properties": {"osm_id": 1564311251, "building": "yes"}, "geometry": {"type": "Polygon", "coordinates": [[[98.1384746, 14.0033471], [98.1385836, 14.003313], [98.1386042, 14.0033751], [98.1384952, 14.0034091], [98.1384746, 14.0033471]]]}}, {"type": "Feature", "properties": {"osm_id": 1564311252, "building": "yes"}, "geometry": {"type": "Polygon", "coordinates": [[[98.1395957, 13.9969574], [98.1396496, 13.9969523], [98.1396402, 13.9968599], [98.1395863, 13.996865], [98.1395957, 13.9969574]]]}}, {"type": "Feature", "properties": {"osm_id": 1564311253, "building": "yes"}, "geometry": {"type": "Polygon", "coordinates": [[[98.1414093, 14.0046006], [98.1414028, 14.0044897], [98.1414699, 14.004486], [98.1414764, 14.0045969], [98.1414093, 14.0046006]]]}}, {"type": "Feature", "properties": {"osm_id": 1564311254, "building": "yes"}, "geometry": {"type": "Polygon", "coordinates": [[[98.1419037, 14.0044681], [98.1418972, 14.0043571], [98.1419643, 14.0043534], [98.1419707, 14.0044644], [98.1419037, 14.0044681]]]}}, {"type": "Feature", "properties": {"osm_id": 1564311255, "building": "yes"}, "geometry": {"type": "Polygon", "coordinates": [[[98.1416825, 14.0045943], [98.141676, 14.0044834], [98.1417431, 14.0044797], [98.1417496, 14.0045906], [98.1416825, 14.0045943]]]}}, {"type": "Feature", "properties": {"osm_id": 1564311256, "building": "yes"}, "geometry": {"type": "Polygon", "coordinates": [[[98.1432908, 14.0046358], [98.143294, 14.0045247], [98.1433612, 14.0045266], [98.1433579, 14.0046376], [98.1432908, 14.0046358]]]}}, {"type": "Feature", "properties": {"osm_id": 1564311257, "building": "yes"}, "geometry": {"type": "Polygon", "coordinates": [[[98.1436133, 14.0045678], [98.1435865, 14.0044873], [98.1435306, 14.0045048], [98.1435574, 14.0045853], [98.1436133, 14.0045678]]]}}, {"type": "Feature", "properties": {"osm_id": 1564311258, "building": "yes"}, "geometry": {"type": "Polygon", "coordinates": [[[98.1431872, 14.0032479], [98.143102, 14.0032301], [98.1430896, 14.0032859], [98.1431749, 14.0033036], [98.1431872, 14.0032479]]]}}, {"type": "Feature", "properties": {"osm_id": 1564311259, "building": "yes"}, "geometry": {"type": "Polygon", "coordinates": [[[98.1438974, 14.0024658], [98.1438103, 14.0024697], [98.1438131, 14.0025267], [98.1439002, 14.0025227], [98.1438974, 14.0024658]]]}}, {"type": "Feature", "properties": {"osm_id": 1564311260, "building": "yes"}, "geometry": {"type": "Polygon", "coordinates": [[[98.1444746, 14.0020225], [98.1443874, 14.0020212], [98.1443865, 14.0020782], [98.1444738, 14.0020795], [98.1444746, 14.0020225]]]}}, {"type": "Feature", "properties": {"osm_id": 1564311261, "building": "yes"}, "geometry": {"type": "Polygon", "coordinates": [[[98.1439859, 14.0010608], [98.1440929, 14.0010682], [98.1440982, 14.0009954], [98.1439912, 14.0009881], [98.1439859, 14.0010608]]]}}, {"type": "Feature", "properties": {"osm_id": 1564311262, "building": "yes"}, "geometry": {"type": "Polygon", "coordinates": [[[98.1446339, 14.0003564], [98.1447663, 14.0003282], [98.1447503, 14.0002571], [98.1446179, 14.0002853], [98.1446339, 14.0003564]]]}}, {"type": "Feature", "properties": {"osm_id": 1564311263, "building": "yes"}, "geometry": {"type": "Polygon", "coordinates": [[[98.1447993, 14.0009017], [98.1448592, 14.00089], [98.1448464, 14.0008283], [98.1447866, 14.00084], [98.1447993, 14.0009017]]]}}, {"type": "Feature", "properties": {"osm_id": 1564414096, "building": "yes"}, "geometry": {"type": "Polygon", "coordinates": [[[98.0978132, 13.9866172], [98.0978597, 13.9865667], [98.097815, 13.986528], [98.0977686, 13.9865786], [98.0978132, 13.9866172]]]}}, {"type": "Feature", "properties": {"osm_id": 1564414097, "building": "yes"}, "geometry": {"type": "Polygon", "coordinates": [[[98.1012102, 13.9853409], [98.1011943, 13.9852786], [98.1012399, 13.9852677], [98.1012557, 13.98533], [98.1012102, 13.9853409]]]}}, {"type": "Feature", "properties": {"osm_id": 1564414098, "building": "yes"}, "geometry": {"type": "Polygon", "coordinates": [[[98.0999523, 13.9848996], [98.0999482, 13.9848533], [98.0999955, 13.9848493], [98.0999996, 13.9848957], [98.0999523, 13.9848996]]]}}, {"type": "Feature", "properties": {"osm_id": 1564414099, "building": "yes"}, "geometry": {"type": "Polygon", "coordinates": [[[98.1058027, 13.9839838], [98.1057788, 13.983882], [98.1059101, 13.983853], [98.105934, 13.9839548], [98.1058027, 13.9839838]]]}}, {"type": "Feature", "properties": {"osm_id": 1564414100, "building": "yes"}, "geometry": {"type": "Polygon", "coordinates": [[[98.1075709, 13.9790939], [98.1075088, 13.9789841], [98.1074458, 13.9790177], [98.1075078, 13.9791275], [98.1075709, 13.9790939]]]}}, {"type": "Feature", "properties": {"osm_id": 1564414101, "building": "yes"}, "geometry": {"type": "Polygon", "coordinates": [[[98.1067202, 13.9787151], [98.1066944, 13.9786282], [98.1066463, 13.9786417], [98.1066721, 13.9787285], [98.1067202, 13.9787151]]]}}, {"type": "Feature", "properties": {"osm_id": 1564414102, "building": "yes"}, "geometry": {"type": "Polygon", "coordinates": [[[98.1067622, 13.9787123], [98.1067466, 13.9786531], [98.1067986, 13.9786402], [98.1068141, 13.9786994], [98.1067622, 13.9787123]]]}}, {"type": "Feature", "properties": {"osm_id": 1564414103, "building": "yes"}, "geometry": {"type": "Polygon", "coordinates": [[[98.1062514, 13.9799104], [98.1061948, 13.9798588], [98.1062373, 13.9798148], [98.106294, 13.9798664], [98.1062514, 13.9799104]]]}}, {"type": "Feature", "properties": {"osm_id": 1564414104, "building": "yes"}, "geometry": {"type": "Polygon", "coordinates": [[[98.1076567, 13.974279], [98.1076369, 13.9742126], [98.1075682, 13.9742319], [98.107588, 13.9742983], [98.1076567, 13.974279]]]}}, {"type": "Feature", "properties": {"osm_id": 1564414107, "building": "yes"}, "geometry": {"type": "Polygon", "coordinates": [[[98.0980335, 13.9723572], [98.0980129, 13.9723346], [98.0980358, 13.972315], [98.0980563, 13.9723377], [98.0980335, 13.9723572]]]}}, {"type": "Feature", "properties": {"osm_id": 1564414108, "building": "yes"}, "geometry": {"type": "Polygon", "coordinates": [[[98.1032743, 13.9758094], [98.103237, 13.9757618], [98.1032792, 13.9757307], [98.1033165, 13.9757782], [98.1032743, 13.9758094]]]}}, {"type": "Feature", "properties": {"osm_id": 1564414109, "building": "yes"}, "geometry": {"type": "Polygon", "coordinates": [[[98.1065208, 13.9804405], [98.1065113, 13.9803952], [98.1065577, 13.9803861], [98.1065672, 13.9804314], [98.1065208, 13.9804405]]]}}, {"type": "Feature", "properties": {"osm_id": 1564814356, "building": "yes"}, "geometry": {"type": "Polygon", "coordinates": [[[98.1446459, 13.9953523], [98.1446142, 13.9952753], [98.1447581, 13.9952195], [98.1447899, 13.9952965], [98.1446459, 13.9953523]]]}}, {"type": "Feature", "properties": {"osm_id": 1564814357, "building": "yes"}, "geometry": {"type": "Polygon", "coordinates": [[[98.1459121, 13.9952646], [98.146252, 13.9952183], [98.1462309, 13.9951036], [98.1460487, 13.9951289], [98.1460271, 13.9950773], [98.1458926, 13.9950973], [98.1459121, 13.9952646]]]}}, {"type": "Feature", "properties": {"osm_id": 1564814358, "building": "yes"}, "geometry": {"type": "Polygon", "coordinates": [[[98.1439206, 13.996007], [98.1439111, 13.9959421], [98.1440344, 13.9959251], [98.1440439, 13.99599], [98.1439206, 13.996007]]]}}, {"type": "Feature", "properties": {"osm_id": 1564814359, "building": "yes"}, "geometry": {"type": "Polygon", "coordinates": [[[98.1447496, 13.995854], [98.1448856, 13.9958624], [98.1448899, 13.9957963], [98.1447539, 13.9957879], [98.1447496, 13.995854]]]}}, {"type": "Feature", "properties": {"osm_id": 1564814360, "building": "yes"}, "geometry": {"type": "Polygon", "coordinates": [[[98.1440499, 13.9955009], [98.1440337, 13.9954296], [98.1441454, 13.9954057], [98.1441616, 13.995477], [98.1440499, 13.9955009]]]}}, {"type": "Feature", "properties": {"osm_id": 1564814361, "building": "yes"}, "geometry": {"type": "Polygon", "coordinates": [[[98.1447491, 13.9960225], [98.1448852, 13.9960308], [98.1448895, 13.9959647], [98.1447535, 13.9959563], [98.1447491, 13.9960225]]]}}, {"type": "Feature", "properties": {"osm_id": 1564814362, "building": "yes"}, "geometry": {"type": "Polygon", "coordinates": [[[98.1443589, 13.996073], [98.1444949, 13.9960813], [98.1444992, 13.9960152], [98.1443632, 13.9960068], [98.1443589, 13.996073]]]}}, {"type": "Feature", "properties": {"osm_id": 1564814363, "building": "yes"}, "geometry": {"type": "Polygon", "coordinates": [[[98.1471139, 13.9965515], [98.1471446, 13.9964226], [98.1470781, 13.9964077], [98.1470474, 13.9965366], [98.1471139, 13.9965515]]]}}, {"type": "Feature", "properties": {"osm_id": 1564814364, "building": "yes"}, "geometry": {"type": "Polygon", "coordinates": [[[98.1451687, 13.9959341], [98.1453047, 13.9959425], [98.145309, 13.9958764], [98.145173, 13.995868], [98.1451687, 13.9959341]]]}}, {"type": "Feature", "properties": {"osm_id": 1564814365, "building": "yes"}, "geometry": {"type": "Polygon", "coordinates": [[[98.1439627, 13.9963331], [98.1439596, 13.996273], [98.1440618, 13.9962681], [98.1440649, 13.9963282], [98.1439627, 13.9963331]]]}}, {"type": "Feature", "properties": {"osm_id": 1564814366, "building": "yes"}, "geometry": {"type": "Polygon", "coordinates": [[[98.1455225, 13.9955843], [98.1455431, 13.9954536], [98.1454757, 13.9954435], [98.145455, 13.9955742], [98.1455225, 13.9955843]]]}}, {"type": "Feature", "properties": {"osm_id": 1564814367, "building": "yes"}, "geometry": {"type": "Polygon", "coordinates": [[[98.1456184, 13.995613], [98.14556, 13.9955964], [98.1455917, 13.995492], [98.14565, 13.9955087], [98.1456184, 13.995613]]]}}, {"type": "Feature", "properties": {"osm_id": 1564814368, "building": "yes"}, "geometry": {"type": "Polygon", "coordinates": [[[98.1456849, 13.9948409], [98.1457413, 13.9948251], [98.1457219, 13.9947599], [98.1456655, 13.9947758], [98.1456849, 13.9948409]]]}}, {"type": "Feature", "properties": {"osm_id": 1564814369, "building": "yes"}, "geometry": {"type": "Polygon", "coordinates": [[[98.1456692, 13.9947497], [98.1457256, 13.9947338], [98.1457062, 13.9946687], [98.1456498, 13.9946845], [98.1456692, 13.9947497]]]}}, {"type": "Feature", "properties": {"osm_id": 1564814370, "building": "yes"}, "geometry": {"type": "Polygon", "coordinates": [[[98.1454157, 13.9954746], [98.1454413, 13.9953447], [98.1453743, 13.9953323], [98.1453487, 13.9954622], [98.1454157, 13.9954746]]]}}, {"type": "Feature", "properties": {"osm_id": 1564814371, "building": "yes"}, "geometry": {"type": "Polygon", "coordinates": [[[98.1458156, 13.9952925], [98.145872, 13.9952766], [98.1458525, 13.9952115], [98.1457962, 13.9952273], [98.1458156, 13.9952925]]]}}, {"type": "Feature", "properties": {"osm_id": 1564814372, "building": "yes"}, "geometry": {"type": "Polygon", "coordinates": [[[98.1457928, 13.9952073], [98.1458492, 13.9951914], [98.1458298, 13.9951263], [98.1457734, 13.9951421], [98.1457928, 13.9952073]]]}}, {"type": "Feature", "properties": {"osm_id": 1564814373, "building": "yes"}, "geometry": {"type": "Polygon", "coordinates": [[[98.14466, 13.9950319], [98.1446231, 13.9949876], [98.1445688, 13.9950303], [98.1446057, 13.9950745], [98.14466, 13.9950319]]]}}, {"type": "Feature", "properties": {"osm_id": 1564814374, "building": "yes"}, "geometry": {"type": "Polygon", "coordinates": [[[98.1439599, 13.996673], [98.1439569, 13.996613], [98.144059, 13.996608], [98.1440621, 13.9966681], [98.1439599, 13.996673]]]}}, {"type": "Feature", "properties": {"osm_id": 1564814375, "building": "yes"}, "geometry": {"type": "Polygon", "coordinates": [[[98.1445654, 13.996311], [98.1446068, 13.9962663], [98.1446829, 13.9963326], [98.1446415, 13.9963773], [98.1445654, 13.996311]]]}}, {"type": "Feature", "properties": {"osm_id": 1564814376, "building": "yes"}, "geometry": {"type": "Polygon", "coordinates": [[[98.1432111, 13.9971254], [98.1432725, 13.9971176], [98.1432858, 13.997216], [98.1432243, 13.9972238], [98.1432111, 13.9971254]]]}}, {"type": "Feature", "properties": {"osm_id": 1564814377, "building": "yes"}, "geometry": {"type": "Polygon", "coordinates": [[[98.143103, 13.9967564], [98.1431111, 13.9968884], [98.1431792, 13.9968845], [98.1431711, 13.9967525], [98.143103, 13.9967564]]]}}, {"type": "Feature", "properties": {"osm_id": 1564814378, "building": "yes"}, "geometry": {"type": "Polygon", "coordinates": [[[98.1466278, 13.9962589], [98.14654, 13.9962396], [98.146582, 13.9960597], [98.1466697, 13.9960789], [98.1466278, 13.9962589]]]}}, {"type": "Feature", "properties": {"osm_id": 1564814379, "building": "yes"}, "geometry": {"type": "Polygon", "coordinates": [[[98.1468, 13.996399], [98.1467113, 13.9963757], [98.1467524, 13.9962283], [98.146841, 13.9962515], [98.1468, 13.996399]]]}}, {"type": "Feature", "properties": {"osm_id": 1564814380, "building": "yes"}, "geometry": {"type": "Polygon", "coordinates": [[[98.1459089, 13.995618], [98.1459739, 13.995618], [98.1459902, 13.9955833], [98.1461495, 13.9955549], [98.1461268, 13.9954445], [98.1459056, 13.995476], [98.1459089, 13.995618]]]}}, {"type": "Feature", "properties": {"osm_id": 1564814381, "building": "yes"}, "geometry": {"type": "Polygon", "coordinates": [[[98.1464715, 13.9953192], [98.1464626, 13.9952629], [98.1463935, 13.9952731], [98.1464024, 13.9953294], [98.1464715, 13.9953192]]]}}, {"type": "Feature", "properties": {"osm_id": 1564814382, "building": "yes"}, "geometry": {"type": "Polygon", "coordinates": [[[98.1463771, 13.9953444], [98.1463683, 13.9952881], [98.1462992, 13.9952984], [98.1463081, 13.9953547], [98.1463771, 13.9953444]]]}}, {"type": "Feature", "properties": {"osm_id": 1564814383, "building": "yes"}, "geometry": {"type": "Polygon", "coordinates": [[[98.1467284, 13.9952876], [98.1467196, 13.9952313], [98.1466505, 13.9952416], [98.1466593, 13.9952979], [98.1467284, 13.9952876]]]}}, {"type": "Feature", "properties": {"osm_id": 1564814384, "building": "yes"}, "geometry": {"type": "Polygon", "coordinates": [[[98.1459242, 13.9953882], [98.1461002, 13.9953714], [98.1460898, 13.9952692], [98.1459139, 13.995286], [98.1459242, 13.9953882]]]}}, {"type": "Feature", "properties": {"osm_id": 1564814385, "building": "yes"}, "geometry": {"type": "Polygon", "coordinates": [[[98.1462536, 13.9957042], [98.1462447, 13.9956479], [98.1461756, 13.9956581], [98.1461845, 13.9957144], [98.1462536, 13.9957042]]]}}, {"type": "Feature", "properties": {"osm_id": 1564814386, "building": "yes"}, "geometry": {"type": "Polygon", "coordinates": [[[98.1463381, 13.9958424], [98.1463356, 13.9957258], [98.146454, 13.9957234], [98.1464564, 13.9958401], [98.1463381, 13.9958424]]]}}, {"type": "Feature", "properties": {"osm_id": 1564814387, "building": "yes"}, "geometry": {"type": "Polygon", "coordinates": [[[98.1471744, 13.9970418], [98.1471769, 13.9969096], [98.1471087, 13.9969083], [98.1471061, 13.9970405], [98.1471744, 13.9970418]]]}}, {"type": "Feature", "properties": {"osm_id": 1564814388, "building": "yes"}, "geometry": {"type": "Polygon", "coordinates": [[[98.1464444, 13.9965625], [98.1464912, 13.9964383], [98.1464271, 13.9964156], [98.1463803, 13.9965398], [98.1464444, 13.9965625]]]}}, {"type": "Feature", "properties": {"osm_id": 1564814389, "building": "yes"}, "geometry": {"type": "Polygon", "coordinates": [[[98.1460263, 13.9963854], [98.145968, 13.9963688], [98.1459996, 13.9962645], [98.1460579, 13.9962811], [98.1460263, 13.9963854]]]}}, {"type": "Feature", "properties": {"osm_id": 1564814390, "building": "yes"}, "geometry": {"type": "Polygon", "coordinates": [[[98.1455932, 13.9960209], [98.1456031, 13.995889], [98.145535, 13.9958842], [98.1455251, 13.9960161], [98.1455932, 13.9960209]]]}}, {"type": "Feature", "properties": {"osm_id": 1564814391, "building": "yes"}, "geometry": {"type": "Polygon", "coordinates": [[[98.1457005, 13.9960935], [98.1457104, 13.9959616], [98.1456424, 13.9959568], [98.1456325, 13.9960887], [98.1457005, 13.9960935]]]}}, {"type": "Feature", "properties": {"osm_id": 1564814392, "building": "yes"}, "geometry": {"type": "Polygon", "coordinates": [[[98.1458047, 13.9970828], [98.1457663, 13.9969559], [98.1457008, 13.9969745], [98.1457392, 13.9971015], [98.1458047, 13.9970828]]]}}, {"type": "Feature", "properties": {"osm_id": 1564814393, "building": "yes"}, "geometry": {"type": "Polygon", "coordinates": [[[98.1456264, 13.9968632], [98.1455685, 13.9968812], [98.1455344, 13.9967776], [98.1455922, 13.9967596], [98.1456264, 13.9968632]]]}}, {"type": "Feature", "properties": {"osm_id": 1564814394, "building": "yes"}, "geometry": {"type": "Polygon", "coordinates": [[[98.1457982, 13.9966682], [98.14574, 13.9966854], [98.1457074, 13.9965813], [98.1457655, 13.9965641], [98.1457982, 13.9966682]]]}}, {"type": "Feature", "properties": {"osm_id": 1564814395, "building": "yes"}, "geometry": {"type": "Polygon", "coordinates": [[[98.1450903, 13.9962929], [98.1451467, 13.996277], [98.1451272, 13.9962119], [98.1450709, 13.9962277], [98.1450903, 13.9962929]]]}}, {"type": "Feature", "properties": {"osm_id": 1564814396, "building": "yes"}, "geometry": {"type": "Polygon", "coordinates": [[[98.1448332, 13.9962009], [98.144833, 13.9962599], [98.1447209, 13.9962596], [98.1447211, 13.9962007], [98.1448332, 13.9962009]]]}}, {"type": "Feature", "properties": {"osm_id": 1564814397, "building": "yes"}, "geometry": {"type": "Polygon", "coordinates": [[[98.1448581, 13.9961842], [98.1448497, 13.9961279], [98.1447806, 13.9961375], [98.1447889, 13.9961938], [98.1448581, 13.9961842]]]}}, {"type": "Feature", "properties": {"osm_id": 1564814398, "building": "yes"}, "geometry": {"type": "Polygon", "coordinates": [[[98.1449197, 13.9966713], [98.1448957, 13.9965569], [98.1450117, 13.996534], [98.1450357, 13.9966484], [98.1449197, 13.9966713]]]}}, {"type": "Feature", "properties": {"osm_id": 1564814399, "building": "yes"}, "geometry": {"type": "Polygon", "coordinates": [[[98.1451597, 13.996259], [98.1451605, 13.9962], [98.1452726, 13.9962015], [98.1452717, 13.9962605], [98.1451597, 13.996259]]]}}, {"type": "Feature", "properties": {"osm_id": 1564814400, "building": "yes"}, "geometry": {"type": "Polygon", "coordinates": [[[98.1447355, 13.9968093], [98.1446777, 13.9968276], [98.144643, 13.9967242], [98.1447008, 13.9967059], [98.1447355, 13.9968093]]]}}, {"type": "Feature", "properties": {"osm_id": 1564814401, "building": "yes"}, "geometry": {"type": "Polygon", "coordinates": [[[98.1434387, 13.9980209], [98.1435385, 13.998111], [98.143585, 13.9980626], [98.1434853, 13.9979724], [98.1434387, 13.9980209]]]}}, {"type": "Feature", "properties": {"osm_id": 1564814402, "building": "yes"}, "geometry": {"type": "Polygon", "coordinates": [[[98.1436992, 13.9977176], [98.1438243, 13.9977702], [98.1438514, 13.9977094], [98.1437264, 13.9976568], [98.1436992, 13.9977176]]]}}, {"type": "Feature", "properties": {"osm_id": 1564814403, "building": "yes"}, "geometry": {"type": "Polygon", "coordinates": [[[98.1438484, 13.9975097], [98.1438815, 13.9974603], [98.1439755, 13.9975197], [98.1439423, 13.9975691], [98.1438484, 13.9975097]]]}}, {"type": "Feature", "properties": {"osm_id": 1564814404, "building": "yes"}, "geometry": {"type": "Polygon", "coordinates": [[[98.1440163, 13.9976552], [98.1440687, 13.9976809], [98.1441002, 13.9976203], [98.1440478, 13.9975947], [98.1440163, 13.9976552]]]}}, {"type": "Feature", "properties": {"osm_id": 1564814405, "building": "yes"}, "geometry": {"type": "Polygon", "coordinates": [[[98.1442092, 13.9972894], [98.1442436, 13.9972432], [98.144187, 13.9972035], [98.1441526, 13.9972497], [98.1442092, 13.9972894]]]}}, {"type": "Feature", "properties": {"osm_id": 1564814406, "building": "yes"}, "geometry": {"type": "Polygon", "coordinates": [[[98.1450246, 13.9981493], [98.1450497, 13.9980956], [98.1451518, 13.9981405], [98.1451267, 13.9981942], [98.1450246, 13.9981493]]]}}, {"type": "Feature", "properties": {"osm_id": 1564814407, "building": "yes"}, "geometry": {"type": "Polygon", "coordinates": [[[98.1451565, 13.9964785], [98.1451473, 13.9964202], [98.1452581, 13.9964037], [98.1452673, 13.996462], [98.1451565, 13.9964785]]]}}, {"type": "Feature", "properties": {"osm_id": 1564814408, "building": "yes"}, "geometry": {"type": "Polygon", "coordinates": [[[98.1448958, 13.9965133], [98.1448753, 13.9964577], [98.1449808, 13.9964211], [98.1450013, 13.9964766], [98.1448958, 13.9965133]]]}}, {"type": "Feature", "properties": {"osm_id": 1564814409, "building": "yes"}, "geometry": {"type": "Polygon", "coordinates": [[[98.1451935, 13.9973204], [98.1451796, 13.997263], [98.1452887, 13.9972382], [98.1453026, 13.9972956], [98.1451935, 13.9973204]]]}}, {"type": "Feature", "properties": {"osm_id": 1564814410, "building": "yes"}, "geometry": {"type": "Polygon", "coordinates": [[[98.1451773, 13.9974303], [98.1451681, 13.997372], [98.1452789, 13.9973555], [98.1452881, 13.9974138], [98.1451773, 13.9974303]]]}}, {"type": "Feature", "properties": {"osm_id": 1564814411, "building": "yes"}, "geometry": {"type": "Polygon", "coordinates": [[[98.1450906, 13.9969461], [98.1450751, 13.996889], [98.1451835, 13.9968614], [98.145199, 13.9969184], [98.1450906, 13.9969461]]]}}, {"type": "Feature", "properties": {"osm_id": 1564814412, "building": "yes"}, "geometry": {"type": "Polygon", "coordinates": [[[98.1455468, 13.9973913], [98.1455301, 13.9972601], [98.1454623, 13.9972682], [98.145479, 13.9973994], [98.1455468, 13.9973913]]]}}, {"type": "Feature", "properties": {"osm_id": 1564814413, "building": "yes"}, "geometry": {"type": "Polygon", "coordinates": [[[98.1451295, 13.9970627], [98.1451147, 13.9969826], [98.1451941, 13.9969689], [98.1452088, 13.9970489], [98.1451295, 13.9970627]]]}}, {"type": "Feature", "properties": {"osm_id": 1564814414, "building": "yes"}, "geometry": {"type": "Polygon", "coordinates": [[[98.1452742, 13.9967459], [98.1452626, 13.996688], [98.1453726, 13.9966673], [98.1453842, 13.9967252], [98.1452742, 13.9967459]]]}}, {"type": "Feature", "properties": {"osm_id": 1564814415, "building": "yes"}, "geometry": {"type": "Polygon", "coordinates": [[[98.1459064, 13.9973561], [98.1459628, 13.9973403], [98.1459433, 13.9972751], [98.145887, 13.997291], [98.1459064, 13.9973561]]]}}, {"type": "Feature", "properties": {"osm_id": 1564814416, "building": "yes"}, "geometry": {"type": "Polygon", "coordinates": [[[98.1459469, 13.997216], [98.1459336, 13.9971606], [98.1458655, 13.9971759], [98.1458788, 13.9972314], [98.1459469, 13.997216]]]}}, {"type": "Feature", "properties": {"osm_id": 1564814417, "building": "yes"}, "geometry": {"type": "Polygon", "coordinates": [[[98.1460214, 13.9961338], [98.1460743, 13.9961586], [98.1461048, 13.9960976], [98.146052, 13.9960728], [98.1460214, 13.9961338]]]}}, {"type": "Feature", "properties": {"osm_id": 1564814418, "building": "yes"}, "geometry": {"type": "Polygon", "coordinates": [[[98.1446241, 13.9966623], [98.1445785, 13.9966233], [98.1446526, 13.9965417], [98.1446982, 13.9965806], [98.1446241, 13.9966623]]]}}, {"type": "Feature", "properties": {"osm_id": 1564814419, "building": "yes"}, "geometry": {"type": "Polygon", "coordinates": [[[98.1430293, 13.9978024], [98.1429476, 13.997766], [98.143027, 13.9975983], [98.1431087, 13.9976348], [98.1430293, 13.9978024]]]}}, {"type": "Feature", "properties": {"osm_id": 1564814420, "building": "yes"}, "geometry": {"type": "Polygon", "coordinates": [[[98.1497442, 13.9979203], [98.1498684, 13.9978434], [98.1498985, 13.9978891], [98.1498099, 13.997944], [98.1497742, 13.997966], [98.1497442, 13.9979203]]]}}, {"type": "Feature", "properties": {"osm_id": 1564814421, "building": "yes"}, "geometry": {"type": "Polygon", "coordinates": [[[98.1493882, 13.9981504], [98.1493583, 13.9980903], [98.1494477, 13.9980486], [98.1494775, 13.9981087], [98.1493882, 13.9981504]]]}}, {"type": "Feature", "properties": {"osm_id": 1564814422, "building": "yes"}, "geometry": {"type": "Polygon", "coordinates": [[[98.1497019, 13.9990001], [98.1496335, 13.9990063], [98.1496243, 13.9989104], [98.1496927, 13.9989042], [98.1497019, 13.9990001]]]}}, {"type": "Feature", "properties": {"osm_id": 1564814423, "building": "yes"}, "geometry": {"type": "Polygon", "coordinates": [[[98.149645, 13.9978243], [98.1495813, 13.9977872], [98.1496297, 13.997709], [98.1496933, 13.997746], [98.149645, 13.9978243]]]}}, {"type": "Feature", "properties": {"osm_id": 1564814424, "building": "yes"}, "geometry": {"type": "Polygon", "coordinates": [[[98.1498576, 13.9980048], [98.1498284, 13.99795], [98.1499238, 13.9979023], [98.1499529, 13.997957], [98.1498576, 13.9980048]]]}}, {"type": "Feature", "properties": {"osm_id": 1564814425, "building": "yes"}, "geometry": {"type": "Polygon", "coordinates": [[[98.1503799, 13.9983714], [98.150312, 13.9983323], [98.1503903, 13.9982042], [98.1504583, 13.9982433], [98.1503799, 13.9983714]]]}}, {"type": "Feature", "properties": {"osm_id": 1564814426, "building": "yes"}, "geometry": {"type": "Polygon", "coordinates": [[[98.1498754, 13.9981126], [98.1498463, 13.9980578], [98.1499417, 13.99801], [98.1499708, 13.9980648], [98.1498754, 13.9981126]]]}}, {"type": "Feature", "properties": {"osm_id": 1564814427, "building": "yes"}, "geometry": {"type": "Polygon", "coordinates": [[[98.1501125, 13.9982427], [98.1500617, 13.9981839], [98.1501794, 13.9980882], [98.1502302, 13.998147], [98.1501125, 13.9982427]]]}}, {"type": "Feature", "properties": {"osm_id": 1564814428, "building": "yes"}, "geometry": {"type": "Polygon", "coordinates": [[[98.1507482, 13.9985462], [98.1506803, 13.9985363], [98.150695, 13.9984411], [98.150763, 13.998451], [98.1507482, 13.9985462]]]}}, {"type": "Feature", "properties": {"osm_id": 1564814429, "building": "yes"}, "geometry": {"type": "Polygon", "coordinates": [[[98.150862, 13.9985714], [98.1507941, 13.9985615], [98.1508088, 13.9984664], [98.1508768, 13.9984763], [98.150862, 13.9985714]]]}}, {"type": "Feature", "properties": {"osm_id": 1564814430, "building": "yes"}, "geometry": {"type": "Polygon", "coordinates": [[[98.1509853, 13.9986015], [98.1509232, 13.9985886], [98.1509458, 13.9984867], [98.1510079, 13.9984997], [98.1509853, 13.9986015]]]}}, {"type": "Feature", "properties": {"osm_id": 1564814431, "building": "yes"}, "geometry": {"type": "Polygon", "coordinates": [[[98.1512943, 13.9987814], [98.1512322, 13.9987684], [98.1512548, 13.9986666], [98.1513169, 13.9986796], [98.1512943, 13.9987814]]]}}, {"type": "Feature", "properties": {"osm_id": 1564814432, "building": "yes"}, "geometry": {"type": "Polygon", "coordinates": [[[98.1513835, 13.9987925], [98.1513179, 13.9987725], [98.1513477, 13.9986807], [98.1514132, 13.9987007], [98.1513835, 13.9987925]]]}}, {"type": "Feature", "properties": {"osm_id": 1564814433, "building": "yes"}, "geometry": {"type": "Polygon", "coordinates": [[[98.1509366, 13.9990244], [98.1508818, 13.9989933], [98.150936, 13.9989034], [98.1509908, 13.9989345], [98.1509366, 13.9990244]]]}}, {"type": "Feature", "properties": {"osm_id": 1564814434, "building": "yes"}, "geometry": {"type": "Polygon", "coordinates": [[[98.1516821, 13.9990503], [98.1516212, 13.9990195], [98.151667, 13.9989342], [98.151728, 13.998965], [98.1516821, 13.9990503]]]}}, {"type": "Feature", "properties": {"osm_id": 1564814435, "building": "yes"}, "geometry": {"type": "Polygon", "coordinates": [[[98.1466747, 13.9967167], [98.1465983, 13.9966971], [98.1466376, 13.9965531], [98.146714, 13.9965727], [98.1466747, 13.9967167]]]}}, {"type": "Feature", "properties": {"osm_id": 1564814436, "building": "yes"}, "geometry": {"type": "Polygon", "coordinates": [[[98.1517719, 13.9996137], [98.1517488, 13.9996711], [98.1516488, 13.9996332], [98.1516719, 13.9995758], [98.1517719, 13.9996137]]]}}, {"type": "Feature", "properties": {"osm_id": 1564814437, "building": "yes"}, "geometry": {"type": "Polygon", "coordinates": [[[98.151005, 13.9997047], [98.1509763, 13.9997596], [98.1508806, 13.9997126], [98.1509093, 13.9996576], [98.151005, 13.9997047]]]}}, {"type": "Feature", "properties": {"osm_id": 1564814438, "building": "yes"}, "geometry": {"type": "Polygon", "coordinates": [[[98.1517175, 13.9994395], [98.1517703, 13.9994644], [98.1518008, 13.9994034], [98.151748, 13.9993785], [98.1517175, 13.9994395]]]}}, {"type": "Feature", "properties": {"osm_id": 1564814439, "building": "yes"}, "geometry": {"type": "Polygon", "coordinates": [[[98.1448301, 14.0018006], [98.1448318, 14.0017328], [98.1447875, 14.0017318], [98.1447858, 14.0017995], [98.1448301, 14.0018006]]]}}, {"type": "Feature", "properties": {"osm_id": 1564814440, "building": "yes"}, "geometry": {"type": "Polygon", "coordinates": [[[98.1452822, 13.9982551], [98.1453044, 13.9982002], [98.1454087, 13.9982399], [98.1453865, 13.9982948], [98.1452822, 13.9982551]]]}}, {"type": "Feature", "properties": {"osm_id": 1564814441, "building": "yes"}, "geometry": {"type": "Polygon", "coordinates": [[[98.1451911, 13.9983782], [98.1452133, 13.9983233], [98.1453177, 13.998363], [98.1452955, 13.9984179], [98.1451911, 13.9983782]]]}}, {"type": "Feature", "properties": {"osm_id": 1564814442, "building": "yes"}, "geometry": {"type": "Polygon", "coordinates": [[[98.1451141, 13.9985004], [98.1451553, 13.9984296], [98.1452255, 13.998468], [98.1451844, 13.9985388], [98.1451141, 13.9985004]]]}}, {"type": "Feature", "properties": {"osm_id": 1564814443, "building": "yes"}, "geometry": {"type": "Polygon", "coordinates": [[[98.1453331, 13.9981784], [98.1453304, 13.9981195], [98.1454424, 13.9981146], [98.1454451, 13.9981735], [98.1453331, 13.9981784]]]}}, {"type": "Feature", "properties": {"osm_id": 1564814444, "building": "yes"}, "geometry": {"type": "Polygon", "coordinates": [[[98.1450573, 13.9985869], [98.1450847, 13.9985343], [98.1451848, 13.9985834], [98.1451573, 13.998636], [98.1450573, 13.9985869]]]}}, {"type": "Feature", "properties": {"osm_id": 1564814445, "building": "yes"}, "geometry": {"type": "Polygon", "coordinates": [[[98.1442101, 13.9994465], [98.1442493, 13.9995732], [98.1443147, 13.9995542], [98.1442755, 13.9994275], [98.1442101, 13.9994465]]]}}, {"type": "Feature", "properties": {"osm_id": 1564814446, "building": "yes"}, "geometry": {"type": "Polygon", "coordinates": [[[98.1445823, 13.9989708], [98.1445017, 13.9990095], [98.1444175, 13.998844], [98.1444981, 13.9988054], [98.1445823, 13.9989708]]]}}, {"type": "Feature", "properties": {"osm_id": 1564814447, "building": "yes"}, "geometry": {"type": "Polygon", "coordinates": [[[98.1433167, 13.9990907], [98.1432819, 13.9992185], [98.1433479, 13.9992354], [98.1433827, 13.9991076], [98.1433167, 13.9990907]]]}}, {"type": "Feature", "properties": {"osm_id": 1564814448, "building": "yes"}, "geometry": {"type": "Polygon", "coordinates": [[[98.1436029, 13.9992092], [98.1436635, 13.9992042], [98.1436731, 13.9993125], [98.1436125, 13.9993176], [98.1436029, 13.9992092]]]}}, {"type": "Feature", "properties": {"osm_id": 1564814449, "building": "yes"}, "geometry": {"type": "Polygon", "coordinates": [[[98.1441187, 13.9994487], [98.1441778, 13.9994345], [98.1442046, 13.9995401], [98.1441456, 13.9995543], [98.1441187, 13.9994487]]]}}, {"type": "Feature", "properties": {"osm_id": 1564814450, "building": "yes"}, "geometry": {"type": "Polygon", "coordinates": [[[98.1438188, 13.9993467], [98.1438013, 13.9992672], [98.1438801, 13.9992508], [98.1438976, 13.9993303], [98.1438188, 13.9993467]]]}}, {"type": "Feature", "properties": {"osm_id": 1564814451, "building": "yes"}, "geometry": {"type": "Polygon", "coordinates": [[[98.1440947, 13.9991693], [98.1441542, 13.9991575], [98.1441766, 13.9992641], [98.144117, 13.9992759], [98.1440947, 13.9991693]]]}}, {"type": "Feature", "properties": {"osm_id": 1564814452, "building": "yes"}, "geometry": {"type": "Polygon", "coordinates": [[[98.1447558, 13.9992238], [98.1447674, 13.9992797], [98.1448359, 13.9992664], [98.1448244, 13.9992105], [98.1447558, 13.9992238]]]}}, {"type": "Feature", "properties": {"osm_id": 1564814453, "building": "yes"}, "geometry": {"type": "Polygon", "coordinates": [[[98.1444623, 13.9992601], [98.144523, 13.9992568], [98.1445291, 13.9993654], [98.1444684, 13.9993687], [98.1444623, 13.9992601]]]}}, {"type": "Feature", "properties": {"osm_id": 1564814454, "building": "yes"}, "geometry": {"type": "Polygon", "coordinates": [[[98.1433163, 13.9983292], [98.1432452, 13.9982862], [98.1432878, 13.9982198], [98.1433589, 13.9982628], [98.1433163, 13.9983292]]]}}, {"type": "Feature", "properties": {"osm_id": 1564814455, "building": "yes"}, "geometry": {"type": "Polygon", "coordinates": [[[98.1431505, 13.9984744], [98.1430794, 13.9984314], [98.143122, 13.998365], [98.1431931, 13.998408], [98.1431505, 13.9984744]]]}}, {"type": "Feature", "properties": {"osm_id": 1564814456, "building": "yes"}, "geometry": {"type": "Polygon", "coordinates": [[[98.1429793, 13.9985817], [98.1429443, 13.9986275], [98.1430004, 13.9986679], [98.1430354, 13.9986221], [98.1429793, 13.9985817]]]}}, {"type": "Feature", "properties": {"osm_id": 1564814457, "building": "yes"}, "geometry": {"type": "Polygon", "coordinates": [[[98.1429053, 13.9987861], [98.1428323, 13.9987248], [98.1428923, 13.9986575], [98.1429653, 13.9987188], [98.1429053, 13.9987861]]]}}, {"type": "Feature", "properties": {"osm_id": 1564814458, "building": "yes"}, "geometry": {"type": "Polygon", "coordinates": [[[98.1426333, 13.9990309], [98.1425847, 13.9989647], [98.1426504, 13.9989193], [98.142699, 13.9989855], [98.1426333, 13.9990309]]]}}, {"type": "Feature", "properties": {"osm_id": 1564814459, "building": "yes"}, "geometry": {"type": "Polygon", "coordinates": [[[98.1425401, 13.9986519], [98.1425804, 13.9986961], [98.1424964, 13.9987681], [98.1424561, 13.9987239], [98.1425401, 13.9986519]]]}}, {"type": "Feature", "properties": {"osm_id": 1564814460, "building": "yes"}, "geometry": {"type": "Polygon", "coordinates": [[[98.1420939, 13.9984028], [98.1421553, 13.998395], [98.1421686, 13.9984934], [98.1421071, 13.9985012], [98.1420939, 13.9984028]]]}}, {"type": "Feature", "properties": {"osm_id": 1564814461, "building": "yes"}, "geometry": {"type": "Polygon", "coordinates": [[[98.1427281, 13.9993306], [98.1427896, 13.9993228], [98.1428028, 13.9994212], [98.1427413, 13.999429], [98.1427281, 13.9993306]]]}}, {"type": "Feature", "properties": {"osm_id": 1564814462, "building": "yes"}, "geometry": {"type": "Polygon", "coordinates": [[[98.1424332, 13.9979335], [98.1424053, 13.9979836], [98.1424667, 13.9980159], [98.1424947, 13.9979659], [98.1424332, 13.9979335]]]}}, {"type": "Feature", "properties": {"osm_id": 1564814463, "building": "yes"}, "geometry": {"type": "Polygon", "coordinates": [[[98.1429819, 13.9993449], [98.1430434, 13.9993526], [98.1430303, 13.999451], [98.1429688, 13.9994433], [98.1429819, 13.9993449]]]}}, {"type": "Feature", "properties": {"osm_id": 1564814464, "building": "yes"}, "geometry": {"type": "Polygon", "coordinates": [[[98.1417075, 13.999618], [98.1417209, 13.9995378], [98.1418004, 13.9995503], [98.141787, 13.9996305], [98.1417075, 13.999618]]]}}, {"type": "Feature", "properties": {"osm_id": 1564814465, "building": "yes"}, "geometry": {"type": "Polygon", "coordinates": [[[98.1422414, 13.9998211], [98.142258, 13.9996898], [98.1421902, 13.9996818], [98.1421736, 13.999813], [98.1422414, 13.9998211]]]}}, {"type": "Feature", "properties": {"osm_id": 1564814466, "building": "yes"}, "geometry": {"type": "Polygon", "coordinates": [[[98.1418794, 13.9996841], [98.1418928, 13.9995419], [98.1419966, 13.9995511], [98.1419832, 13.9996933], [98.1418794, 13.9996841]]]}}, {"type": "Feature", "properties": {"osm_id": 1564814467, "building": "yes"}, "geometry": {"type": "Polygon", "coordinates": [[[98.1424695, 13.9993976], [98.1425281, 13.9993965], [98.1425269, 13.9993287], [98.1424682, 13.9993298], [98.1424695, 13.9993976]]]}}, {"type": "Feature", "properties": {"osm_id": 1564814468, "building": "yes"}, "geometry": {"type": "Polygon", "coordinates": [[[98.1424535, 13.9993747], [98.142395, 13.9993786], [98.1423997, 13.9994462], [98.1424583, 13.9994424], [98.1424535, 13.9993747]]]}}, {"type": "Feature", "properties": {"osm_id": 1564814469, "building": "yes"}, "geometry": {"type": "Polygon", "coordinates": [[[98.1420324, 14.0010846], [98.1421674, 14.0011029], [98.1421769, 14.0010373], [98.1420419, 14.001019], [98.1420324, 14.0010846]]]}}, {"type": "Feature", "properties": {"osm_id": 1564814470, "building": "yes"}, "geometry": {"type": "Polygon", "coordinates": [[[98.1412769, 13.9994571], [98.1413338, 13.999481], [98.1412931, 13.9995721], [98.1412362, 13.9995482], [98.1412769, 13.9994571]]]}}, {"type": "Feature", "properties": {"osm_id": 1564814471, "building": "yes"}, "geometry": {"type": "Polygon", "coordinates": [[[98.1422175, 13.9990812], [98.14216, 13.9990926], [98.1421739, 13.9991591], [98.1422314, 13.9991477], [98.1422175, 13.9990812]]]}}, {"type": "Feature", "properties": {"osm_id": 1564814472, "building": "yes"}, "geometry": {"type": "Polygon", "coordinates": [[[98.1359149, 13.999803], [98.1359179, 13.9998555], [98.1360135, 13.9998502], [98.1360105, 13.9997977], [98.1359149, 13.999803]]]}}, {"type": "Feature", "properties": {"osm_id": 1564814473, "building": "yes"}, "geometry": {"type": "Polygon", "coordinates": [[[98.1426315, 14.0043355], [98.1426875, 14.0042385], [98.1427461, 14.0042704], [98.14269, 14.0043673], [98.1426315, 14.0043355]]]}}, {"type": "Feature", "properties": {"osm_id": 1564814474, "building": "yes"}, "geometry": {"type": "Polygon", "coordinates": [[[98.1471873, 14.0012366], [98.1472704, 14.0012387], [98.1472731, 14.0011385], [98.14719, 14.0011364], [98.1471873, 14.0012366]]]}}, {"type": "Feature", "properties": {"osm_id": 1564814475, "building": "yes"}, "geometry": {"type": "Polygon", "coordinates": [[[98.1474956, 14.0009964], [98.1474962, 14.0009286], [98.1474519, 14.0009283], [98.1474513, 14.000996], [98.1474956, 14.0009964]]]}}, {"type": "Feature", "properties": {"osm_id": 1564814476, "building": "yes"}, "geometry": {"type": "Polygon", "coordinates": [[[98.1469175, 14.0010004], [98.1468303, 14.0009991], [98.1468294, 14.0010561], [98.1469167, 14.0010574], [98.1469175, 14.0010004]]]}}, {"type": "Feature", "properties": {"osm_id": 1564814477, "building": "yes"}, "geometry": {"type": "Polygon", "coordinates": [[[98.146652, 14.0008516], [98.14675, 14.0008748], [98.1467665, 14.0008093], [98.1466686, 14.0007861], [98.146652, 14.0008516]]]}}, {"type": "Feature", "properties": {"osm_id": 1564814478, "building": "yes"}, "geometry": {"type": "Polygon", "coordinates": [[[98.1468125, 14.0021765], [98.146948, 14.0021726], [98.1469458, 14.0020998], [98.1468103, 14.0021037], [98.1468125, 14.0021765]]]}}, {"type": "Feature", "properties": {"osm_id": 1564814479, "building": "yes"}, "geometry": {"type": "Polygon", "coordinates": [[[98.1469095, 14.0014727], [98.1470012, 14.0015133], [98.1470301, 14.0014519], [98.1469383, 14.0014113], [98.1469095, 14.0014727]]]}}, {"type": "Feature", "properties": {"osm_id": 1564814607, "building": "yes"}, "geometry": {"type": "Polygon", "coordinates": [[[98.1465211, 14.0023465], [98.1464339, 14.0023452], [98.146433, 14.0024022], [98.1465203, 14.0024035], [98.1465211, 14.0023465]]]}}, {"type": "Feature", "properties": {"osm_id": 1564814608, "building": "yes"}, "geometry": {"type": "Polygon", "coordinates": [[[98.1465155, 14.0021762], [98.1464283, 14.0021749], [98.1464274, 14.0022319], [98.1465147, 14.0022332], [98.1465155, 14.0021762]]]}}, {"type": "Feature", "properties": {"osm_id": 1564814609, "building": "yes"}, "geometry": {"type": "Polygon", "coordinates": [[[98.1480276, 14.0001864], [98.1481035, 14.0002954], [98.1481657, 14.0002547], [98.1480898, 14.0001457], [98.1480276, 14.0001864]]]}}, {"type": "Feature", "properties": {"osm_id": 1564814610, "building": "yes"}, "geometry": {"type": "Polygon", "coordinates": [[[98.1477885, 14.0004033], [98.1478686, 14.0005094], [98.1479291, 14.0004664], [98.147849, 14.0003603], [98.1477885, 14.0004033]]]}}, {"type": "Feature", "properties": {"osm_id": 1564814611, "building": "yes"}, "geometry": {"type": "Polygon", "coordinates": [[[98.1468269, 14.0011432], [98.1467397, 14.0011419], [98.1467388, 14.0011989], [98.1468261, 14.0012002], [98.1468269, 14.0011432]]]}}, {"type": "Feature", "properties": {"osm_id": 1564814612, "building": "yes"}, "geometry": {"type": "Polygon", "coordinates": [[[98.1483101, 14.0006011], [98.1482595, 14.0005322], [98.1482116, 14.0005653], [98.1482623, 14.0006342], [98.1483101, 14.0006011]]]}}, {"type": "Feature", "properties": {"osm_id": 1564814613, "building": "yes"}, "geometry": {"type": "Polygon", "coordinates": [[[98.1465838, 14.0015836], [98.1466865, 14.0015537], [98.1466649, 14.0014838], [98.1465622, 14.0015138], [98.1465838, 14.0015836]]]}}, {"type": "Feature", "properties": {"osm_id": 1564814614, "building": "yes"}, "geometry": {"type": "Polygon", "coordinates": [[[98.1467247, 14.0032694], [98.1468487, 14.0032163], [98.1468185, 14.0031497], [98.1466944, 14.0032027], [98.1467247, 14.0032694]]]}}, {"type": "Feature", "properties": {"osm_id": 1564814615, "building": "yes"}, "geometry": {"type": "Polygon", "coordinates": [[[98.1466354, 14.0030901], [98.1467631, 14.0030459], [98.1467378, 14.0029773], [98.1466102, 14.0030215], [98.1466354, 14.0030901]]]}}, {"type": "Feature", "properties": {"osm_id": 1564974418, "building": "yes"}, "geometry": {"type": "Polygon", "coordinates": [[[98.1577964, 14.0231984], [98.1578168, 14.0232578], [98.15796, 14.0232114], [98.1579396, 14.0231521], [98.1577964, 14.0231984]]]}}, {"type": "Feature", "properties": {"osm_id": 1564974419, "building": "yes"}, "geometry": {"type": "Polygon", "coordinates": [[[98.1577805, 14.0232282], [98.1577805, 14.0232568], [98.1577333, 14.0232706], [98.1577251, 14.0232444], [98.1577805, 14.0232282]]]}}, {"type": "Feature", "properties": {"osm_id": 1564974420, "building": "yes"}, "geometry": {"type": "Polygon", "coordinates": [[[98.1580963, 14.0232768], [98.1581234, 14.0233531], [98.1579744, 14.023403], [98.1579612, 14.023366], [98.1578888, 14.0233902], [98.1578748, 14.0233508], [98.1580963, 14.0232768]]]}}, {"type": "Feature", "properties": {"osm_id": 1564974421, "building": "yes"}, "geometry": {"type": "Polygon", "coordinates": [[[98.158097, 14.0236017], [98.1579633, 14.0236217], [98.1579772, 14.0237095], [98.158111, 14.0236895], [98.158097, 14.0236017]]]}}, {"type": "Feature", "properties": {"osm_id": 1564974422, "building": "yes"}, "geometry": {"type": "Polygon", "coordinates": [[[98.1579625, 14.0237678], [98.1579345, 14.0237717], [98.1579274, 14.0237239], [98.1580123, 14.0237122], [98.1580261, 14.023806], [98.1579693, 14.0238138], [98.1579625, 14.0237678]]]}}, {"type": "Feature", "properties": {"osm_id": 1564974423, "building": "yes"}, "geometry": {"type": "Polygon", "coordinates": [[[98.1578323, 14.0232802], [98.1578453, 14.0233177], [98.1577805, 14.0233388], [98.1577676, 14.0233013], [98.1578323, 14.0232802]]]}}, {"type": "Feature", "properties": {"osm_id": 1564974424, "building": "yes"}, "geometry": {"type": "Polygon", "coordinates": [[[98.1579826, 14.0234487], [98.1579885, 14.0234806], [98.1580538, 14.0234836], [98.1581411, 14.0234626], [98.1581196, 14.0233785], [98.1580087, 14.0234051], [98.1580283, 14.0234407], [98.1579826, 14.0234487]]]}}, {"type": "Feature", "properties": {"osm_id": 1564974425, "building": "yes"}, "geometry": {"type": "Polygon", "coordinates": [[[98.1576739, 14.0232676], [98.1576865, 14.0233225], [98.1577248, 14.0233142], [98.1577255, 14.0232846], [98.1577193, 14.0232578], [98.1576739, 14.0232676]]]}}, {"type": "Feature", "properties": {"osm_id": 1564974426, "building": "yes"}, "geometry": {"type": "Polygon", "coordinates": [[[98.1577141, 14.0228956], [98.1577385, 14.022955], [98.1576263, 14.0229984], [98.1576403, 14.0230325], [98.1575868, 14.0230532], [98.1575484, 14.0229597], [98.1577141, 14.0228956]]]}}, {"type": "Feature", "properties": {"osm_id": 1564974427, "building": "yes"}, "geometry": {"type": "Polygon", "coordinates": [[[98.1575382, 14.0228262], [98.157554, 14.0228877], [98.1576411, 14.0228666], [98.1576253, 14.0228052], [98.1575382, 14.0228262]]]}}, {"type": "Feature", "properties": {"osm_id": 1564974428, "building": "yes"}, "geometry": {"type": "Polygon", "coordinates": [[[98.1574783, 14.0228469], [98.1574992, 14.022914], [98.1574433, 14.0229304], [98.1574521, 14.0229585], [98.1574057, 14.0229721], [98.157376, 14.0228769], [98.1574783, 14.0228469]]]}}, {"type": "Feature", "properties": {"osm_id": 1564974429, "building": "yes"}, "geometry": {"type": "Polygon", "coordinates": [[[98.1572337, 14.0230245], [98.1572604, 14.0230245], [98.1572723, 14.0230717], [98.1573383, 14.0230561], [98.1572998, 14.0229032], [98.1572086, 14.0229248], [98.1572337, 14.0230245]]]}}, {"type": "Feature", "properties": {"osm_id": 1564974430, "building": "yes"}, "geometry": {"type": "Polygon", "coordinates": [[[98.1575154, 14.022604], [98.157538, 14.0226595], [98.1573809, 14.0227198], [98.1573583, 14.0226643], [98.1575154, 14.022604]]]}}, {"type": "Feature", "properties": {"osm_id": 1564974431, "building": "yes"}, "geometry": {"type": "Polygon", "coordinates": [[[98.1572576, 14.0225838], [98.1572783, 14.0226476], [98.1573754, 14.022618], [98.1573547, 14.0225542], [98.1572576, 14.0225838]]]}}, {"type": "Feature", "properties": {"osm_id": 1564974432, "building": "yes"}, "geometry": {"type": "Polygon", "coordinates": [[[98.1571707, 14.0229694], [98.1572036, 14.0231279], [98.157145, 14.0231393], [98.1571121, 14.0229808], [98.1571707, 14.0229694]]]}}, {"type": "Feature", "properties": {"osm_id": 1564974433, "building": "yes"}, "geometry": {"type": "Polygon", "coordinates": [[[98.1570084, 14.0230442], [98.1570783, 14.0230302], [98.1571051, 14.0231556], [98.1570351, 14.0231696], [98.1570084, 14.0230442]]]}}, {"type": "Feature", "properties": {"osm_id": 1564974434, "building": "yes"}, "geometry": {"type": "Polygon", "coordinates": [[[98.1569105, 14.0232165], [98.1569703, 14.0232076], [98.1569515, 14.0230882], [98.1568918, 14.023097], [98.1569105, 14.0232165]]]}}, {"type": "Feature", "properties": {"osm_id": 1564974435, "building": "yes"}, "geometry": {"type": "Polygon", "coordinates": [[[98.1567772, 14.0232485], [98.1568412, 14.0232415], [98.1568235, 14.0230891], [98.156742, 14.023098], [98.1567482, 14.0231515], [98.1567255, 14.023154], [98.1567294, 14.023188], [98.1567696, 14.0231836], [98.1567772, 14.0232485]]]}}, {"type": "Feature", "properties": {"osm_id": 1564974436, "building": "yes"}, "geometry": {"type": "Polygon", "coordinates": [[[98.1568188, 14.0227345], [98.1568449, 14.0228081], [98.156887, 14.0227941], [98.1568988, 14.0228274], [98.1569732, 14.0228026], [98.1569353, 14.0226957], [98.1568188, 14.0227345]]]}}, {"type": "Feature", "properties": {"osm_id": 1564974437, "building": "yes"}, "geometry": {"type": "Polygon", "coordinates": [[[98.1572536, 14.0222556], [98.1572796, 14.0223375], [98.1571364, 14.0223802], [98.15711, 14.0223439], [98.1571665, 14.0223271], [98.1571533, 14.0222855], [98.1572536, 14.0222556]]]}}, {"type": "Feature", "properties": {"osm_id": 1564974438, "building": "yes"}, "geometry": {"type": "Polygon", "coordinates": [[[98.1570619, 14.0221545], [98.1570852, 14.0222288], [98.1571822, 14.0222001], [98.1571589, 14.0221258], [98.1570619, 14.0221545]]]}}, {"type": "Feature", "properties": {"osm_id": 1564974439, "building": "yes"}, "geometry": {"type": "Polygon", "coordinates": [[[98.1569013, 14.0224635], [98.1569229, 14.0225422], [98.1570041, 14.0225213], [98.1569825, 14.0224425], [98.1569013, 14.0224635]]]}}, {"type": "Feature", "properties": {"osm_id": 1564974440, "building": "yes"}, "geometry": {"type": "Polygon", "coordinates": [[[98.1565002, 14.0227348], [98.1565201, 14.0228056], [98.1566727, 14.0227651], [98.1566588, 14.0227158], [98.1567016, 14.0227045], [98.1566828, 14.0226379], [98.1565456, 14.0226743], [98.1565468, 14.0227224], [98.1565002, 14.0227348]]]}}, {"type": "Feature", "properties": {"osm_id": 1564974441, "building": "yes"}, "geometry": {"type": "Polygon", "coordinates": [[[98.1564925, 14.0225015], [98.1565067, 14.0225866], [98.1566057, 14.0225711], [98.1565869, 14.022458], [98.1564925, 14.0225015]]]}}, {"type": "Feature", "properties": {"osm_id": 1564974442, "building": "yes"}, "geometry": {"type": "Polygon", "coordinates": [[[98.1564269, 14.0223636], [98.1564554, 14.0224313], [98.1565446, 14.0223961], [98.1565161, 14.0223283], [98.1564269, 14.0223636]]]}}, {"type": "Feature", "properties": {"osm_id": 1564974443, "building": "yes"}, "geometry": {"type": "Polygon", "coordinates": [[[98.1566451, 14.0222357], [98.1566597, 14.0223009], [98.1567939, 14.0222727], [98.1567794, 14.0222075], [98.1566451, 14.0222357]]]}}, {"type": "Feature", "properties": {"osm_id": 1564974444, "building": "yes"}, "geometry": {"type": "Polygon", "coordinates": [[[98.156748, 14.0221993], [98.1567368, 14.0221573], [98.1566434, 14.0221808], [98.1566546, 14.0222227], [98.156748, 14.0221993]]]}}, {"type": "Feature", "properties": {"osm_id": 1564974445, "building": "yes"}, "geometry": {"type": "Polygon", "coordinates": [[[98.1571752, 14.0220096], [98.157145, 14.021927], [98.1570178, 14.0219708], [98.1570481, 14.0220534], [98.1571752, 14.0220096]]]}}, {"type": "Feature", "properties": {"osm_id": 1564974446, "building": "yes"}, "geometry": {"type": "Polygon", "coordinates": [[[98.1569242, 14.0220873], [98.1569855, 14.0220676], [98.1569716, 14.0220269], [98.1569103, 14.0220466], [98.1569242, 14.0220873]]]}}, {"type": "Feature", "properties": {"osm_id": 1564974447, "building": "yes"}, "geometry": {"type": "Polygon", "coordinates": [[[98.1570068, 14.0219198], [98.1569762, 14.0218567], [98.1570821, 14.0218083], [98.1571128, 14.0218714], [98.1570068, 14.0219198]]]}}, {"type": "Feature", "properties": {"osm_id": 1564974448, "building": "yes"}, "geometry": {"type": "Polygon", "coordinates": [[[98.1565596, 14.0219385], [98.1565721, 14.0220113], [98.156605, 14.022006], [98.1566097, 14.0220331], [98.1566577, 14.0220253], [98.1566405, 14.0219254], [98.1565596, 14.0219385]]]}}, {"type": "Feature", "properties": {"osm_id": 1564974449, "building": "yes"}, "geometry": {"type": "Polygon", "coordinates": [[[98.1563929, 14.0219352], [98.1565126, 14.0219108], [98.1564924, 14.0218173], [98.1563727, 14.0218416], [98.1563929, 14.0219352]]]}}, {"type": "Feature", "properties": {"osm_id": 1564974450, "building": "yes"}, "geometry": {"type": "Polygon", "coordinates": [[[98.1564507, 14.0222811], [98.1564295, 14.0222188], [98.1565197, 14.0221899], [98.1565409, 14.0222522], [98.1564507, 14.0222811]]]}}, {"type": "Feature", "properties": {"osm_id": 1564974451, "building": "yes"}, "geometry": {"type": "Polygon", "coordinates": [[[98.1563171, 14.0223673], [98.1564174, 14.0223412], [98.156391, 14.0222454], [98.1562906, 14.0222715], [98.1563171, 14.0223673]]]}}, {"type": "Feature", "properties": {"osm_id": 1564974452, "building": "yes"}, "geometry": {"type": "Polygon", "coordinates": [[[98.1570143, 14.0216889], [98.156988, 14.0216208], [98.1568986, 14.0216534], [98.156925, 14.0217215], [98.1570143, 14.0216889]]]}}, {"type": "Feature", "properties": {"osm_id": 1564974453, "building": "yes"}, "geometry": {"type": "Polygon", "coordinates": [[[98.1569398, 14.0215455], [98.1569249, 14.0215087], [98.1569812, 14.0214872], [98.1569961, 14.021524], [98.1569398, 14.0215455]]]}}, {"type": "Feature", "properties": {"osm_id": 1564974454, "building": "yes"}, "geometry": {"type": "Polygon", "coordinates": [[[98.1567806, 14.0214383], [98.1569033, 14.0213956], [98.1568726, 14.0213129], [98.15675, 14.0213556], [98.1567806, 14.0214383]]]}}, {"type": "Feature", "properties": {"osm_id": 1564974455, "building": "yes"}, "geometry": {"type": "Polygon", "coordinates": [[[98.1568392, 14.0212329], [98.1567963, 14.0211537], [98.1566885, 14.0212085], [98.1567314, 14.0212878], [98.1568392, 14.0212329]]]}}, {"type": "Feature", "properties": {"osm_id": 1564974456, "building": "yes"}, "geometry": {"type": "Polygon", "coordinates": [[[98.156786, 14.0211209], [98.156729, 14.0211515], [98.1567048, 14.0211089], [98.1567618, 14.0210784], [98.156786, 14.0211209]]]}}, {"type": "Feature", "properties": {"osm_id": 1564974457, "building": "yes"}, "geometry": {"type": "Polygon", "coordinates": [[[98.1565154, 14.0214669], [98.1564766, 14.0213462], [98.1565916, 14.0213114], [98.1566304, 14.0214322], [98.1565154, 14.0214669]]]}}, {"type": "Feature", "properties": {"osm_id": 1564974458, "building": "yes"}, "geometry": {"type": "Polygon", "coordinates": [[[98.1563314, 14.0215032], [98.1563711, 14.0214927], [98.1563672, 14.0214788], [98.1564112, 14.0214671], [98.1563859, 14.0213773], [98.1563022, 14.0213995], [98.1563314, 14.0215032]]]}}, {"type": "Feature", "properties": {"osm_id": 1564974459, "building": "yes"}, "geometry": {"type": "Polygon", "coordinates": [[[98.1561525, 14.0214262], [98.1561731, 14.0214877], [98.1562976, 14.0214484], [98.156277, 14.0213869], [98.1561525, 14.0214262]]]}}, {"type": "Feature", "properties": {"osm_id": 1564974460, "building": "yes"}, "geometry": {"type": "Polygon", "coordinates": [[[98.1559176, 14.0215193], [98.1560727, 14.0214461], [98.1560429, 14.0213865], [98.1558878, 14.0214598], [98.1559176, 14.0215193]]]}}, {"type": "Feature", "properties": {"osm_id": 1564974461, "building": "yes"}, "geometry": {"type": "Polygon", "coordinates": [[[98.1559483, 14.0216327], [98.1559114, 14.0215723], [98.1560347, 14.0215013], [98.1560967, 14.0216028], [98.1560191, 14.0216475], [98.1559939, 14.0216064], [98.1559483, 14.0216327]]]}}, {"type": "Feature", "properties": {"osm_id": 1564974462, "building": "yes"}, "geometry": {"type": "Polygon", "coordinates": [[[98.1560317, 14.0217797], [98.1560569, 14.0218479], [98.1561948, 14.0217998], [98.1561694, 14.0217316], [98.1560317, 14.0217797]]]}}, {"type": "Feature", "properties": {"osm_id": 1564974463, "building": "yes"}, "geometry": {"type": "Polygon", "coordinates": [[[98.1561609, 14.0218941], [98.1561981, 14.0219958], [98.1562942, 14.0219627], [98.1562712, 14.0219], [98.1562373, 14.0218678], [98.1561609, 14.0218941]]]}}, {"type": "Feature", "properties": {"osm_id": 1564974464, "building": "yes"}, "geometry": {"type": "Polygon", "coordinates": [[[98.156204, 14.0220086], [98.1563031, 14.0219837], [98.1563203, 14.0220481], [98.1562212, 14.022073], [98.156204, 14.0220086]]]}}, {"type": "Feature", "properties": {"osm_id": 1564974465, "building": "yes"}, "geometry": {"type": "Polygon", "coordinates": [[[98.156, 14.0220173], [98.155988, 14.021982], [98.1560925, 14.0219488], [98.156109, 14.0219977], [98.156042, 14.0220189], [98.156029, 14.0220081], [98.156, 14.0220173]]]}}, {"type": "Feature", "properties": {"osm_id": 1564974466, "building": "yes"}, "geometry": {"type": "Polygon", "coordinates": [[[98.1563962, 14.0216583], [98.156373, 14.0216069], [98.1562747, 14.0216488], [98.1562979, 14.0217001], [98.1563962, 14.0216583]]]}}, {"type": "Feature", "properties": {"osm_id": 1564974467, "building": "yes"}, "geometry": {"type": "Polygon", "coordinates": [[[98.1560525, 14.0221843], [98.1560706, 14.0222574], [98.1561125, 14.0222475], [98.1561231, 14.0222903], [98.1561905, 14.0222746], [98.1561617, 14.0221587], [98.1560525, 14.0221843]]]}}, {"type": "Feature", "properties": {"osm_id": 1564974468, "building": "yes"}, "geometry": {"type": "Polygon", "coordinates": [[[98.1560714, 14.0224504], [98.1560504, 14.0223769], [98.1561583, 14.0223478], [98.1561794, 14.0224213], [98.1560714, 14.0224504]]]}}, {"type": "Feature", "properties": {"osm_id": 1564974469, "building": "yes"}, "geometry": {"type": "Polygon", "coordinates": [[[98.1560963, 14.0224951], [98.1562262, 14.0224556], [98.1562471, 14.0225204], [98.1562179, 14.0225293], [98.1562219, 14.0225416], [98.1561706, 14.0225572], [98.1561591, 14.0225434], [98.1561161, 14.0225565], [98.1560963, 14.0224951]]]}}, {"type": "Feature", "properties": {"osm_id": 1564974470, "building": "yes"}, "geometry": {"type": "Polygon", "coordinates": [[[98.1561518, 14.0225774], [98.1561632, 14.0226177], [98.1562291, 14.0226002], [98.1562177, 14.0225598], [98.1561518, 14.0225774]]]}}, {"type": "Feature", "properties": {"osm_id": 1564974471, "building": "yes"}, "geometry": {"type": "Polygon", "coordinates": [[[98.1563337, 14.0225703], [98.1563715, 14.0226252], [98.1562839, 14.0226819], [98.1562461, 14.022627], [98.1563337, 14.0225703]]]}}, {"type": "Feature", "properties": {"osm_id": 1564974472, "building": "yes"}, "geometry": {"type": "Polygon", "coordinates": [[[98.1561897, 14.0227741], [98.1562229, 14.0228436], [98.1563213, 14.0227994], [98.1562881, 14.0227299], [98.1561897, 14.0227741]]]}}, {"type": "Feature", "properties": {"osm_id": 1564974473, "building": "yes"}, "geometry": {"type": "Polygon", "coordinates": [[[98.1562585, 14.022869], [98.1562786, 14.0229314], [98.1563942, 14.0228963], [98.1563741, 14.0228338], [98.1562585, 14.022869]]]}}, {"type": "Feature", "properties": {"osm_id": 1564974474, "building": "yes"}, "geometry": {"type": "Polygon", "coordinates": [[[98.156363, 14.0229605], [98.1563494, 14.0229252], [98.1564199, 14.0228996], [98.1564335, 14.0229349], [98.156363, 14.0229605]]]}}, {"type": "Feature", "properties": {"osm_id": 1564974475, "building": "yes"}, "geometry": {"type": "Polygon", "coordinates": [[[98.1563249, 14.023038], [98.156308, 14.0229783], [98.1564525, 14.0229397], [98.1564695, 14.0229994], [98.1563249, 14.023038]]]}}, {"type": "Feature", "properties": {"osm_id": 1564974476, "building": "yes"}, "geometry": {"type": "Polygon", "coordinates": [[[98.1565576, 14.0229443], [98.1565333, 14.0228477], [98.1567577, 14.0227945], [98.156782, 14.0228911], [98.1565576, 14.0229443]]]}}, {"type": "Feature", "properties": {"osm_id": 1564974477, "building": "yes"}, "geometry": {"type": "Polygon", "coordinates": [[[98.1566236, 14.0232188], [98.1566817, 14.0232125], [98.1566743, 14.0231481], [98.1566144, 14.0231386], [98.1566236, 14.0232188]]]}}, {"type": "Feature", "properties": {"osm_id": 1564974478, "building": "yes"}, "geometry": {"type": "Polygon", "coordinates": [[[98.1564024, 14.0231954], [98.1564912, 14.0231883], [98.156485, 14.0231161], [98.1563962, 14.0231232], [98.1564024, 14.0231954]]]}}, {"type": "Feature", "properties": {"osm_id": 1564974479, "building": "yes"}, "geometry": {"type": "Polygon", "coordinates": [[[98.1565509, 14.0233693], [98.1565473, 14.0233997], [98.156567, 14.0234344], [98.1566668, 14.0234106], [98.1566503, 14.0233456], [98.1565509, 14.0233693]]]}}, {"type": "Feature", "properties": {"osm_id": 1564974853, "building": "yes"}, "geometry": {"type": "Polygon", "coordinates": [[[98.1575233, 14.0236707], [98.1575311, 14.0237279], [98.1576484, 14.023713], [98.1576406, 14.0236557], [98.1575233, 14.0236707]]]}}, {"type": "Feature", "properties": {"osm_id": 1564974854, "building": "yes"}, "geometry": {"type": "Polygon", "coordinates": [[[98.1576417, 14.0237388], [98.1576576, 14.0237976], [98.1575642, 14.0238214], [98.1575483, 14.0237625], [98.1576417, 14.0237388]]]}}, {"type": "Feature", "properties": {"osm_id": 1564974855, "building": "yes"}, "geometry": {"type": "Polygon", "coordinates": [[[98.1576052, 14.0238348], [98.1576215, 14.0238916], [98.157704, 14.0238694], [98.1576878, 14.0238126], [98.1576052, 14.0238348]]]}}, {"type": "Feature", "properties": {"osm_id": 1564974856, "building": "yes"}, "geometry": {"type": "Polygon", "coordinates": [[[98.1577176, 14.023826], [98.1577343, 14.0238773], [98.1578291, 14.0238483], [98.1578123, 14.0237969], [98.1577176, 14.023826]]]}}, {"type": "Feature", "properties": {"osm_id": 1564974857, "building": "yes"}, "geometry": {"type": "Polygon", "coordinates": [[[98.1579104, 14.0237098], [98.1578135, 14.0237165], [98.1578184, 14.0237829], [98.1578292, 14.0238108], [98.1579175, 14.0238047], [98.1579104, 14.0237098]]]}}, {"type": "Feature", "properties": {"osm_id": 1564974858, "building": "yes"}, "geometry": {"type": "Polygon", "coordinates": [[[98.15776, 14.023886], [98.1577709, 14.0239248], [98.157781, 14.0239608], [98.1578877, 14.0239326], [98.1578667, 14.0238578], [98.15776, 14.023886]]]}}, {"type": "Feature", "properties": {"osm_id": 1564974859, "building": "yes"}, "geometry": {"type": "Polygon", "coordinates": [[[98.1576925, 14.0239573], [98.15772, 14.0240199], [98.1577665, 14.0240007], [98.157739, 14.0239382], [98.1576925, 14.0239573]]]}}, {"type": "Feature", "properties": {"osm_id": 1564974860, "building": "yes"}, "geometry": {"type": "Polygon", "coordinates": [[[98.1574213, 14.023909], [98.1574493, 14.0239755], [98.157474, 14.0239719], [98.157487, 14.0240574], [98.1575502, 14.0240484], [98.1575268, 14.0238939], [98.1574213, 14.023909]]]}}, {"type": "Feature", "properties": {"osm_id": 1565076717, "building": "yes"}, "geometry": {"type": "Polygon", "coordinates": [[[98.1533607, 14.0278157], [98.1533433, 14.0277352], [98.1533964, 14.0277245], [98.1534218, 14.0278069], [98.1533607, 14.0278157]]]}}, {"type": "Feature", "properties": {"osm_id": 1565076718, "building": "yes"}, "geometry": {"type": "Polygon", "coordinates": [[[98.1536677, 14.0282021], [98.1537591, 14.0282021], [98.1537712, 14.0281024], [98.1536788, 14.0280913], [98.1536677, 14.0282021]]]}}, {"type": "Feature", "properties": {"osm_id": 1565076719, "building": "yes"}, "geometry": {"type": "Polygon", "coordinates": [[[98.1538322, 14.0282551], [98.1539178, 14.0282563], [98.1539231, 14.0281228], [98.1538271, 14.0281289], [98.1538322, 14.0282551]]]}}, {"type": "Feature", "properties": {"osm_id": 1565076720, "building": "yes"}, "geometry": {"type": "Polygon", "coordinates": [[[98.1559335, 14.0284852], [98.1560005, 14.0284684], [98.1559824, 14.0283606], [98.1559064, 14.0283727], [98.1559335, 14.0284852]]]}}, {"type": "Feature", "properties": {"osm_id": 1565076721, "building": "yes"}, "geometry": {"type": "Polygon", "coordinates": [[[98.1561553, 14.0279537], [98.1562084, 14.0279079], [98.1561458, 14.0278321], [98.1560891, 14.0278708], [98.1561553, 14.0279537]]]}}, {"type": "Feature", "properties": {"osm_id": 1565076722, "building": "yes"}, "geometry": {"type": "Polygon", "coordinates": [[[98.1562861, 14.0282504], [98.1563558, 14.0281873], [98.1562723, 14.0281084], [98.1561987, 14.0281696], [98.1562861, 14.0282504]]]}}, {"type": "Feature", "properties": {"osm_id": 1565076723, "building": "yes"}, "geometry": {"type": "Polygon", "coordinates": [[[98.1562067, 14.0282921], [98.1562382, 14.0282672], [98.1561954, 14.0282023], [98.1561659, 14.028233], [98.1562067, 14.0282921]]]}}, {"type": "Feature", "properties": {"osm_id": 1565079555, "building": "yes"}, "geometry": {"type": "Polygon", "coordinates": [[[98.1564422, 14.0281335], [98.1565297, 14.0280286], [98.1564249, 14.0279463], [98.1563043, 14.0280252], [98.1564422, 14.0281335]]]}}, {"type": "Feature", "properties": {"osm_id": 1565079556, "building": "yes"}, "geometry": {"type": "Polygon", "coordinates": [[[98.156524, 14.0280074], [98.1565795, 14.0279641], [98.1564811, 14.0278547], [98.1564227, 14.0279314], [98.156524, 14.0280074]]]}}, {"type": "Feature", "properties": {"osm_id": 1565079557, "building": "yes"}, "geometry": {"type": "Polygon", "coordinates": [[[98.1562774, 14.0278307], [98.1563666, 14.0277661], [98.1562961, 14.0276738], [98.1561797, 14.0277274], [98.1562774, 14.0278307]]]}}, {"type": "Feature", "properties": {"osm_id": 1565079558, "building": "yes"}, "geometry": {"type": "Polygon", "coordinates": [[[98.1560675, 14.027859], [98.156153, 14.0278113], [98.1560863, 14.0277338], [98.1560232, 14.0277743], [98.1560675, 14.027859]]]}}, {"type": "Feature", "properties": {"osm_id": 1565079559, "building": "yes"}, "geometry": {"type": "Polygon", "coordinates": [[[98.1566211, 14.0279294], [98.1566745, 14.0278844], [98.1565921, 14.0277892], [98.1565289, 14.0278257], [98.1566211, 14.0279294]]]}}, {"type": "Feature", "properties": {"osm_id": 1565079560, "building": "yes"}, "geometry": {"type": "Polygon", "coordinates": [[[98.1564003, 14.0277604], [98.1564824, 14.0276965], [98.1563892, 14.0275969], [98.1563269, 14.0276642], [98.1564003, 14.0277604]]]}}, {"type": "Feature", "properties": {"osm_id": 1565079561, "building": "yes"}, "geometry": {"type": "Polygon", "coordinates": [[[98.1567478, 14.0277842], [98.1568207, 14.0277473], [98.1567495, 14.0275903], [98.1566736, 14.0276187], [98.1567478, 14.0277842]]]}}, {"type": "Feature", "properties": {"osm_id": 1565079562, "building": "yes"}, "geometry": {"type": "Polygon", "coordinates": [[[98.1565163, 14.0276689], [98.1565695, 14.0276222], [98.1564316, 14.0274418], [98.156365, 14.027506], [98.1565163, 14.0276689]]]}}, {"type": "Feature", "properties": {"osm_id": 1565079563, "building": "yes"}, "geometry": {"type": "Polygon", "coordinates": [[[98.1566134, 14.0274287], [98.1566934, 14.0273598], [98.1566054, 14.0272625], [98.1565185, 14.0273408], [98.1566134, 14.0274287]]]}}, {"type": "Feature", "properties": {"osm_id": 1565079564, "building": "yes"}, "geometry": {"type": "Polygon", "coordinates": [[[98.156891, 14.0277016], [98.156962, 14.0276587], [98.1569112, 14.0275345], [98.1568319, 14.0275872], [98.156891, 14.0277016]]]}}, {"type": "Feature", "properties": {"osm_id": 1565079565, "building": "yes"}, "geometry": {"type": "Polygon", "coordinates": [[[98.1570433, 14.0278989], [98.1571118, 14.0278588], [98.1570584, 14.0277257], [98.157002, 14.0277618], [98.1570433, 14.0278989]]]}}, {"type": "Feature", "properties": {"osm_id": 1565079566, "building": "yes"}, "geometry": {"type": "Polygon", "coordinates": [[[98.1569835, 14.0276505], [98.1570737, 14.027601], [98.1570064, 14.0274744], [98.1569114, 14.0275185], [98.1569835, 14.0276505]]]}}, {"type": "Feature", "properties": {"osm_id": 1565079567, "building": "yes"}, "geometry": {"type": "Polygon", "coordinates": [[[98.1571358, 14.0275963], [98.1572059, 14.0275672], [98.157172, 14.0274927], [98.1571042, 14.0275171], [98.1571358, 14.0275963]]]}}, {"type": "Feature", "properties": {"osm_id": 1565079568, "building": "yes"}, "geometry": {"type": "Polygon", "coordinates": [[[98.1570621, 14.0273239], [98.1571326, 14.0272813], [98.1570955, 14.0271684], [98.1570174, 14.027224], [98.1570621, 14.0273239]]]}}, {"type": "Feature", "properties": {"osm_id": 1565079569, "building": "yes"}, "geometry": {"type": "Polygon", "coordinates": [[[98.1568245, 14.027182], [98.156881, 14.0271358], [98.1568131, 14.0270548], [98.156735, 14.0271056], [98.1568245, 14.027182]]]}}, {"type": "Feature", "properties": {"osm_id": 1565079570, "building": "yes"}, "geometry": {"type": "Polygon", "coordinates": [[[98.1567051, 14.0270685], [98.1567833, 14.0270175], [98.1567128, 14.0269412], [98.156651, 14.0269804], [98.1567051, 14.0270685]]]}}, {"type": "Feature", "properties": {"osm_id": 1565079571, "building": "yes"}, "geometry": {"type": "Polygon", "coordinates": [[[98.1574367, 14.0271905], [98.1575506, 14.0271092], [98.157504, 14.0270379], [98.1573816, 14.0271282], [98.1574367, 14.0271905]]]}}, {"type": "Feature", "properties": {"osm_id": 1565079572, "building": "yes"}, "geometry": {"type": "Polygon", "coordinates": [[[98.157342, 14.0270798], [98.1574087, 14.0270368], [98.1573387, 14.0269078], [98.1572644, 14.0269593], [98.157342, 14.0270798]]]}}, {"type": "Feature", "properties": {"osm_id": 1565079573, "building": "yes"}, "geometry": {"type": "Polygon", "coordinates": [[[98.1576928, 14.0271339], [98.1577889, 14.0270897], [98.1577747, 14.0270017], [98.1576701, 14.0270382], [98.1576928, 14.0271339]]]}}, {"type": "Feature", "properties": {"osm_id": 1565079574, "building": "yes"}, "geometry": {"type": "Polygon", "coordinates": [[[98.1574002, 14.0269488], [98.1574898, 14.0268861], [98.1574503, 14.0268205], [98.1573505, 14.0268874], [98.1574002, 14.0269488]]]}}, {"type": "Feature", "properties": {"osm_id": 1565079575, "building": "yes"}, "geometry": {"type": "Polygon", "coordinates": [[[98.157643, 14.0269673], [98.1577447, 14.0269319], [98.1577319, 14.0268508], [98.1576105, 14.0269028], [98.157643, 14.0269673]]]}}, {"type": "Feature", "properties": {"osm_id": 1565079576, "building": "yes"}, "geometry": {"type": "Polygon", "coordinates": [[[98.1576196, 14.0268379], [98.1577359, 14.0267623], [98.1576802, 14.0266901], [98.1575504, 14.0267609], [98.1576196, 14.0268379]]]}}, {"type": "Feature", "properties": {"osm_id": 1565079577, "building": "yes"}, "geometry": {"type": "Polygon", "coordinates": [[[98.1571959, 14.0268212], [98.1572738, 14.026762], [98.1572438, 14.0266907], [98.157144, 14.026735], [98.1571959, 14.0268212]]]}}, {"type": "Feature", "properties": {"osm_id": 1565079578, "building": "yes"}, "geometry": {"type": "Polygon", "coordinates": [[[98.1570476, 14.0269188], [98.1571405, 14.0268753], [98.1570819, 14.0268082], [98.1570033, 14.0268458], [98.1570476, 14.0269188]]]}}, {"type": "Feature", "properties": {"osm_id": 1565079579, "building": "yes"}, "geometry": {"type": "Polygon", "coordinates": [[[98.1578456, 14.0267224], [98.1579245, 14.0267011], [98.1578816, 14.0265901], [98.1578073, 14.0266054], [98.1578456, 14.0267224]]]}}, {"type": "Feature", "properties": {"osm_id": 1565079580, "building": "yes"}, "geometry": {"type": "Polygon", "coordinates": [[[98.1577538, 14.0267883], [98.1578338, 14.0267468], [98.1578069, 14.0266572], [98.1577142, 14.0266887], [98.1577538, 14.0267883]]]}}]}