{
"type": "FeatureCollection",
"name": "reach_zones",
"crs": { "type": "name", "properties": { "name": "urn:ogc:def:crs:OGC:1.3:CRS84" } },
"features": [
{ "type": "Feature", "properties": { "zone": "A", "alpha_deg": 19.1, "label": "Within reach of an open-slope debris flow (alpha 19.1 deg)" }, "geometry": { "type": "MultiPolygon", "coordinates": [ [ [ [ 98.094289388660997, 13.909921142427814 ], [ 98.094287278178186, 13.910463598068182 ], [ 98.094564937607871, 13.910464628730502 ], [ 98.094567047443917, 13.909922173048379 ], [ 98.094289388660997, 13.909921142427814 ] ] ], [ [ [ 98.091778819839462, 13.912895356277364 ], [ 98.091777761449279, 13.913166583845328 ], [ 98.092055423909386, 13.913167617560203 ], [ 98.092056481976115, 13.912896389971307 ], [ 98.091778819839462, 13.912895356277364 ] ] ], [ [ [ 98.095367341385668, 13.91833332528655 ], [ 98.094534334816416, 13.918330233379784 ], [ 98.09453222357773, 13.918872688683734 ], [ 98.095365232088611, 13.918875780715696 ], [ 98.095367341385668, 13.91833332528655 ] ] ], [ [ [ 98.09479933874421, 13.921585996039537 ], [ 98.094798283188354, 13.921857223642215 ], [ 98.09507595625216, 13.921858254549065 ], [ 98.095077011484321, 13.921587026925522 ], [ 98.09479933874421, 13.921585996039537 ] ] ], [ [ [ 98.105972946382096, 13.904268352506627 ], [ 98.105975028672333, 13.903725894843221 ], [ 98.105419724157542, 13.903723860138561 ], [ 98.10541868237712, 13.903995088932076 ], [ 98.105696334946572, 13.903996106462905 ], [ 98.105695293467051, 13.904267335270942 ], [ 98.105972946382096, 13.904268352506627 ] ] ], [ [ [ 98.113725557715767, 13.909992522963314 ], [ 98.113447897388241, 13.909991514140103 ], [ 98.113446864472252, 13.910262743388861 ], [ 98.11372452512316, 13.910263752232513 ], [ 98.113725557715767, 13.909992522963314 ] ] ], [ [ [ 98.113169203843484, 13.910261734229296 ], [ 98.113168170581929, 13.910532963451519 ], [ 98.113445831534108, 13.910533972631526 ], [ 98.113446864472252, 13.910262743388861 ], [ 98.113169203843484, 13.910261734229296 ] ] ], [ [ [ 98.113431368074146, 13.91433118138881 ], [ 98.113430334803738, 13.914602410540043 ], [ 98.114540998241409, 13.914606445326463 ], [ 98.114542030217805, 13.914335216093525 ], [ 98.114264364648676, 13.914334207891359 ], [ 98.114265396926442, 13.914062978672744 ], [ 98.113710066501611, 13.914060961361242 ], [ 98.113709033576853, 13.914332190539001 ], [ 98.113431368074146, 13.91433118138881 ] ] ], [ [ [ 98.10977916380115, 13.925438412962528 ], [ 98.109780202166931, 13.925167184321527 ], [ 98.109224845913971, 13.925165155214453 ], [ 98.109225884905072, 13.924893926608409 ], [ 98.110336596204874, 13.924897983475399 ], [ 98.110337633878615, 13.924626754781157 ], [ 98.11061531143541, 13.924627768186751 ], [ 98.110614274085407, 13.924898996901501 ], [ 98.111447307860388, 13.924902035282257 ], [ 98.111448344239065, 13.92463080650602 ], [ 98.111726021884692, 13.924631818646604 ], [ 98.111728093927923, 13.924089361034856 ], [ 98.11200577094823, 13.924090372818235 ], [ 98.112007842255153, 13.92354791514113 ], [ 98.111730165882335, 13.923546903398705 ], [ 98.111731201826245, 13.92327567457148 ], [ 98.111453525799362, 13.923274662533309 ], [ 98.111456634469079, 13.922460976076477 ], [ 98.111734309524806, 13.922461988053199 ], [ 98.111736381212864, 13.921919530343851 ], [ 98.112291730096075, 13.921921553266795 ], [ 98.112292765259411, 13.921650324362023 ], [ 98.112570439410604, 13.92165133532875 ], [ 98.112569404570948, 13.92192256425399 ], [ 98.113402428128637, 13.921925595318427 ], [ 98.113401394237926, 13.92219682429891 ], [ 98.114234418966106, 13.92219985257894 ], [ 98.114233386024367, 13.922471081614621 ], [ 98.114511061301741, 13.922472090429325 ], [ 98.114512093919771, 13.922200861373227 ], [ 98.114789768895577, 13.922201869851316 ], [ 98.114788736601255, 13.922473098927828 ], [ 98.115344087266635, 13.922475114976223 ], [ 98.115345118913538, 13.922203885858904 ], [ 98.11562279395568, 13.922204893388404 ], [ 98.115621762632486, 13.922476122526113 ], [ 98.115899438020435, 13.922477129759804 ], [ 98.115902530952624, 13.921663442267214 ], [ 98.117013228840847, 13.921667467795494 ], [ 98.117011169497758, 13.922209926292952 ], [ 98.117566519869087, 13.922211937241393 ], [ 98.117567548904262, 13.921940707955013 ], [ 98.118122898716393, 13.921942717597988 ], [ 98.118123927082124, 13.921671488264829 ], [ 98.117846252488732, 13.921670483621771 ], [ 98.117848309801445, 13.921128024977827 ], [ 98.118403657715518, 13.921130033866429 ], [ 98.118404685691459, 13.920858804494642 ], [ 98.118682359357862, 13.92085980844436 ], [ 98.118683386988096, 13.920588579046163 ], [ 98.118961060352859, 13.920589582659401 ], [ 98.118962087637414, 13.920318353234782 ], [ 98.119239760700538, 13.92031935651155 ], [ 98.119236679751836, 13.921133044828039 ], [ 98.119792027886106, 13.921135050554916 ], [ 98.119789975105007, 13.921677509483285 ], [ 98.120345324622008, 13.92167951402662 ], [ 98.120344298845865, 13.921950743522233 ], [ 98.120766026487047, 13.921952264939101 ], [ 98.120778916877029, 13.921940858506165 ], [ 98.120787964887512, 13.92193448820333 ], [ 98.120835866057746, 13.921892464400434 ], [ 98.120863430769589, 13.921873057311485 ], [ 98.120935633572302, 13.921809713622224 ], [ 98.120966832764466, 13.921787147980346 ], [ 98.12113602329859, 13.921637434831668 ], [ 98.121161178807483, 13.921612862221007 ], [ 98.121173756359184, 13.921600576113731 ], [ 98.121326249561591, 13.921436224520983 ], [ 98.121345758312728, 13.921410529568661 ], [ 98.121401715155869, 13.921350221289758 ], [ 98.121431832715359, 13.921310553483467 ], [ 98.121452025509655, 13.921288790408209 ], [ 98.121457542284631, 13.921281524270714 ], [ 98.12145807281658, 13.9211410601474 ], [ 98.121180398606569, 13.921140059339088 ], [ 98.12118347275819, 13.920326370596635 ], [ 98.120905799541163, 13.920325369532939 ], [ 98.120908874466082, 13.919511680796404 ], [ 98.120631202241967, 13.919510679477369 ], [ 98.120632227496657, 13.919239449906602 ], [ 98.12035455561815, 13.91923844829171 ], [ 98.120355581174479, 13.918967218735121 ], [ 98.120077909641594, 13.918966216824385 ], [ 98.120080987149564, 13.918152528178888 ], [ 98.121747010851422, 13.918158534536657 ], [ 98.121745986979064, 13.918429764212862 ], [ 98.122023657996493, 13.91843076418637 ], [ 98.122024681545241, 13.918159534489925 ], [ 98.122302352261002, 13.918160534127091 ], [ 98.122300305788812, 13.918702993554366 ], [ 98.122577977173719, 13.918703992915894 ], [ 98.122575931261068, 13.919246452359246 ], [ 98.12285360331515, 13.919247451445109 ], [ 98.122852580649564, 13.919518681177864 ], [ 98.122574908271829, 13.919517682071774 ], [ 98.122573885260678, 13.919788911778209 ], [ 98.122851557962065, 13.919789910904527 ], [ 98.122850607173405, 13.920042066924642 ], [ 98.122964102920264, 13.919897502738797 ], [ 98.122983888725116, 13.919866230645946 ], [ 98.12300252083854, 13.919850419412841 ], [ 98.123162032184922, 13.919684790731338 ], [ 98.123303698456183, 13.919504344473818 ], [ 98.123323138808772, 13.919473618350255 ], [ 98.123326091170682, 13.919470436397518 ], [ 98.12346135839968, 13.919292275693943 ], [ 98.123578096716344, 13.919102022058251 ], [ 98.123605864346843, 13.919044672393607 ], [ 98.123691294425086, 13.918905443132994 ], [ 98.123788379663068, 13.918704928691168 ], [ 98.123864876859201, 13.918496084574391 ], [ 98.123879914406459, 13.918437440979535 ], [ 98.123689684561583, 13.918436757389147 ], [ 98.123691727753851, 13.917894297747488 ], [ 98.123961725218308, 13.91789526790139 ], [ 98.123964505704762, 13.917839971025833 ], [ 98.12396450546035, 13.917815398566452 ], [ 98.123954733129338, 13.917607910721424 ], [ 98.12392550282479, 13.917402175235337 ], [ 98.123882883345303, 13.917224236313306 ], [ 98.123939296446352, 13.917107723565135 ], [ 98.124015793787933, 13.916898878598552 ], [ 98.124070966405782, 13.916683715131189 ], [ 98.124104283019136, 13.916464305293115 ], [ 98.124115422834947, 13.916242762103483 ], [ 98.124115422590563, 13.9162181896441 ], [ 98.124104317928982, 13.91599703910973 ], [ 98.124071114949743, 13.915778010995792 ], [ 98.12401613233807, 13.915563207143189 ], [ 98.123939897777717, 13.915354688850071 ], [ 98.123854662391963, 13.915178296433355 ], [ 98.123851234138243, 13.915168937444264 ], [ 98.123754145892406, 13.914968423788462 ], [ 98.12363740522504, 13.914778171238044 ], [ 98.123502136431469, 13.914600011980557 ], [ 98.123372335223678, 13.914460119074565 ], [ 98.123338617774408, 13.91441571095161 ], [ 98.123186121920767, 13.914251360361012 ], [ 98.123017869142501, 13.914102401792452 ], [ 98.122835479803555, 13.913970269767848 ], [ 98.122640710398315, 13.913856236760733 ], [ 98.122620935743043, 13.913847100944251 ], [ 98.12261555484568, 13.913843950548927 ], [ 98.122596336620788, 13.91383507180074 ], [ 98.122595363890667, 13.914093086662877 ], [ 98.1214847004847, 13.91408908869651 ], [ 98.121483676618013, 13.914360318443896 ], [ 98.121206010497886, 13.914359318142029 ], [ 98.121204986285719, 13.914630547863066 ], [ 98.120927319864037, 13.914629547224921 ], [ 98.120926295306418, 13.914900776919596 ], [ 98.120648628583169, 13.914899775945166 ], [ 98.120647603680055, 13.915171005613471 ], [ 98.118426268097465, 13.915162986278693 ], [ 98.118427295588774, 13.914891756772773 ], [ 98.117871962560301, 13.914889748819428 ], [ 98.117870934421944, 13.915160978284682 ], [ 98.116204933924621, 13.915154946717912 ], [ 98.116205964004109, 13.914883717374797 ], [ 98.116483630374987, 13.914884723405628 ], [ 98.116485689820706, 13.914342264660364 ], [ 98.115930358395104, 13.914340252364179 ], [ 98.115931388731852, 13.914069023023153 ], [ 98.115098392729664, 13.914066002269967 ], [ 98.115095298741565, 13.914879690091226 ], [ 98.114539966242901, 13.914877674553303 ], [ 98.114538934222281, 13.915148903774048 ], [ 98.113428268196444, 13.915144868824211 ], [ 98.113429301511161, 13.914873639685176 ], [ 98.112318637133853, 13.914869599760681 ], [ 98.112317602525053, 13.915140828817908 ], [ 98.111206937208522, 13.915136783755145 ], [ 98.11120486533612, 13.915679241687481 ], [ 98.110649531516955, 13.915677217177938 ], [ 98.11064849490036, 13.915948446093966 ], [ 98.108982492035167, 13.915942364857223 ], [ 98.108981453455058, 13.916213593644015 ], [ 98.108426118697608, 13.916211563995631 ], [ 98.108425079448111, 13.916482792735227 ], [ 98.108147411779242, 13.916481777416394 ], [ 98.108148451352278, 13.916210548697361 ], [ 98.107870784029245, 13.916209533083034 ], [ 98.107871823903551, 13.915938304378466 ], [ 98.107316489971467, 13.91593627224281 ], [ 98.107317530470539, 13.915665043573295 ], [ 98.107595197101901, 13.915666059778566 ], [ 98.107597277386091, 13.915123602380081 ], [ 98.107874943392687, 13.915124618228171 ], [ 98.107873903585272, 13.915395846951036 ], [ 98.108429236312375, 13.91539787774026 ], [ 98.108430275472742, 13.915126648976274 ], [ 98.108707941546186, 13.915127663876286 ], [ 98.10870898036076, 13.914856435085653 ], [ 98.109264311927419, 13.914858463896508 ], [ 98.109265350072704, 13.914587235058688 ], [ 98.10954301556589, 13.914588248969556 ], [ 98.109541977744129, 13.914859477827903 ], [ 98.109819643583108, 13.914860491443278 ], [ 98.109818606062603, 13.915131720316054 ], [ 98.110373938454288, 13.915133746639775 ], [ 98.110374975327744, 13.914862517725965 ], [ 98.111207973111419, 13.914865554779832 ], [ 98.111209008992105, 13.914594325798422 ], [ 98.112042006005098, 13.914597359946647 ], [ 98.112044075758817, 13.914054901842649 ], [ 98.111766410712633, 13.914053890816872 ], [ 98.111767445879707, 13.913782661776205 ], [ 98.11232277534728, 13.913784683470812 ], [ 98.112323809845194, 13.913513454383104 ], [ 98.112879138754508, 13.913515474772804 ], [ 98.112880172583274, 13.913244245638081 ], [ 98.113157836747718, 13.913245255338499 ], [ 98.113158870230833, 13.912974026177229 ], [ 98.113436534093964, 13.912975035541219 ], [ 98.113437567231458, 13.912703806353411 ], [ 98.113715230793261, 13.912704815380989 ], [ 98.113716263585161, 13.912433586166651 ], [ 98.113993926845652, 13.912434594857825 ], [ 98.113995991716109, 13.911892136370001 ], [ 98.113718329102525, 13.911891127719688 ], [ 98.113719361827989, 13.911619898487062 ], [ 98.113997024118135, 13.911620907116946 ], [ 98.113998056498019, 13.911349677857796 ], [ 98.113720394531313, 13.911348669248342 ], [ 98.113721427212482, 13.911077440003529 ], [ 98.113166103992342, 13.91107542187768 ], [ 98.113164037314135, 13.911617880279454 ], [ 98.11288637509044, 13.911616870701733 ], [ 98.112887408764053, 13.91134564152434 ], [ 98.112609746885951, 13.911344631651126 ], [ 98.112611814813533, 13.910802173318968 ], [ 98.112334153604436, 13.910801163170738 ], [ 98.112335187858392, 13.910529934015976 ], [ 98.112890509651905, 13.910531953955592 ], [ 98.11289154323687, 13.910260724753819 ], [ 98.113169203843484, 13.910261734229296 ], [ 98.113171270300128, 13.90971927576657 ], [ 98.113726590286234, 13.90972129368803 ], [ 98.113729687864762, 13.908907605825595 ], [ 98.1140073469209, 13.908908614251185 ], [ 98.114005282537434, 13.909451072873093 ], [ 98.114282942262449, 13.909452081023648 ], [ 98.114281910360901, 13.909723310345885 ], [ 98.114559570431439, 13.909724318200961 ], [ 98.114560602009604, 13.909453088858307 ], [ 98.114838261778885, 13.90945409637707 ], [ 98.114837230524103, 13.90972532574013 ], [ 98.115114890638878, 13.909726332963404 ], [ 98.115113859685366, 13.909997562340774 ], [ 98.114836199247208, 13.909996555097097 ], [ 98.114835167948186, 13.910267784447973 ], [ 98.115112828709741, 13.910268791712053 ], [ 98.115111797712018, 13.910540021077233 ], [ 98.114834136627053, 13.910539013792752 ], [ 98.11483207391845, 13.91108147246403 ], [ 98.115109735650236, 13.911082479789316 ], [ 98.115107673500034, 13.91162493847702 ], [ 98.115385335900797, 13.91162594552717 ], [ 98.115384305115967, 13.911897174882279 ], [ 98.115661967862266, 13.911898181636875 ], [ 98.115660937378777, 13.912169411006278 ], [ 98.115938600470614, 13.912170417465306 ], [ 98.115937570288494, 13.912441646849 ], [ 98.116215233725882, 13.912442653012448 ], [ 98.116217293421144, 13.911900194198209 ], [ 98.116772619068371, 13.911902205495727 ], [ 98.116771589878667, 13.912173434946631 ], [ 98.117049253058823, 13.912174440141822 ], [ 98.117046166327697, 13.912988128519041 ], [ 98.116768502177152, 13.912987123262775 ], [ 98.116766443599147, 13.913529582109726 ], [ 98.11732177321619, 13.913531592387708 ], [ 98.117322801869278, 13.913260362926566 ], [ 98.117600466387415, 13.91326136757122 ], [ 98.117601494694966, 13.912990138083636 ], [ 98.117879158911663, 13.912991142391963 ], [ 98.117880186873691, 13.912719912877945 ], [ 98.118157850788975, 13.912720916849958 ], [ 98.1181568231504, 13.912992146384312 ], [ 98.118434487411179, 13.912993150060679 ], [ 98.118433460074058, 13.913264379609265 ], [ 98.118711124680331, 13.913265382989973 ], [ 98.118712151693984, 13.912994153421065 ], [ 98.118989815998816, 13.912995156465472 ], [ 98.11899084266696, 13.912723926870157 ], [ 98.11871317868561, 13.912722923846067 ], [ 98.11871523260281, 13.912180464677776 ], [ 98.118992895937239, 13.912181467661242 ], [ 98.118994949119468, 13.911639008427946 ], [ 98.119272611829032, 13.911640011054834 ], [ 98.119273638063689, 13.911368781408735 ], [ 98.119551300471812, 13.911369783699371 ], [ 98.119550274560595, 13.911641013365768 ], [ 98.119827937314156, 13.91164201536076 ], [ 98.119826911704379, 13.911913245041358 ], [ 98.120310744743335, 13.911914990316349 ], [ 98.120308760582603, 13.911910884137171 ], [ 98.120297517687291, 13.911892521632305 ], [ 98.120223545867006, 13.91171808076605 ], [ 98.120210967945866, 13.911693508416089 ], [ 98.120096515745544, 13.911495491049166 ], [ 98.119962274310069, 13.911309709473549 ], [ 98.119945791014842, 13.911291175552856 ], [ 98.119846533217938, 13.911162652603387 ], [ 98.119787088027451, 13.911098935178607 ], [ 98.11971686602773, 13.911003766517426 ], [ 98.119551123628952, 13.910823500763511 ], [ 98.119538545874505, 13.910811214623807 ], [ 98.119370295932356, 13.910662257109344 ], [ 98.119324839634132, 13.910629325964241 ], [ 98.119181628158742, 13.910502535848881 ], [ 98.119128637806895, 13.910464146597464 ], [ 98.119117528776059, 13.910454295854928 ], [ 98.119112219450614, 13.910439180683991 ], [ 98.119028643907328, 13.91025601530268 ], [ 98.119016065986202, 13.910231442952693 ], [ 98.118901614299844, 13.910033426339448 ], [ 98.118767373626497, 13.909847645505598 ], [ 98.118694113306162, 13.909765270916255 ], [ 98.118633962769579, 13.909667242019841 ], [ 98.118560427849587, 13.909515062975512 ], [ 98.11844407984124, 13.909325036877792 ], [ 98.118418924159187, 13.909288178395078 ], [ 98.118358702746718, 13.909209395992745 ], [ 98.118355731118243, 13.909197807788631 ], [ 98.118279231513299, 13.908988963049906 ], [ 98.118182144774963, 13.908788448556741 ], [ 98.118065405944876, 13.908598195352328 ], [ 98.117930139315149, 13.908420035654125 ], [ 98.117777647599539, 13.908255685209532 ], [ 98.117609399386751, 13.90810672677342 ], [ 98.117516161967899, 13.908039179152603 ], [ 98.117370420920523, 13.907910147291412 ], [ 98.117188036695794, 13.907778015390635 ], [ 98.11712541199347, 13.907741349102473 ], [ 98.117125134902281, 13.907741148361012 ], [ 98.116930372484177, 13.907627117919072 ], [ 98.11691060190293, 13.907617983854134 ], [ 98.116905228290037, 13.907614837637936 ], [ 98.116885450916087, 13.907605700315823 ], [ 98.116880072737501, 13.907602551426278 ], [ 98.11686029532207, 13.90759341408452 ], [ 98.116854917110857, 13.907590265175941 ], [ 98.116848077586937, 13.907587105255477 ], [ 98.116758813455334, 13.907506408458302 ], [ 98.116575100211904, 13.907370790744642 ], [ 98.11648428298038, 13.90731669445992 ], [ 98.116357887787146, 13.907225126242441 ], [ 98.116163126028098, 13.907111096129709 ], [ 98.115957860625372, 13.907016262759345 ], [ 98.115744068309397, 13.906941539379408 ], [ 98.115736508834857, 13.906939689713997 ], [ 98.115735494605616, 13.906939095887443 ], [ 98.115530227304248, 13.906844260183531 ], [ 98.115316432775842, 13.906769534939846 ], [ 98.115096169932173, 13.906715639779195 ], [ 98.115083398599154, 13.906713789214685 ], [ 98.115081295044789, 13.90671303384471 ], [ 98.114855839705569, 13.906656418057423 ], [ 98.114848901599629, 13.906655387004299 ], [ 98.11484857311045, 13.906741802411284 ], [ 98.114570916574621, 13.906740795096622 ], [ 98.114569885217676, 13.907012024500212 ], [ 98.114292228380648, 13.907011016849301 ], [ 98.114290164953729, 13.907553475597366 ], [ 98.114012507492191, 13.907552467589772 ], [ 98.114011475422203, 13.907823696934244 ], [ 98.113733817659465, 13.907822688590368 ], [ 98.113732785244011, 13.908093917908317 ], [ 98.113455127180075, 13.908092909228154 ], [ 98.113454094419112, 13.90836413851957 ], [ 98.112621119390198, 13.908361110522556 ], [ 98.112622153121194, 13.908089881292481 ], [ 98.111511521353094, 13.908085839622844 ], [ 98.111512556355279, 13.907814610468559 ], [ 98.112067871548291, 13.907816631894145 ], [ 98.112068905881614, 13.907545402692813 ], [ 98.112346563188069, 13.907546412911357 ], [ 98.112345529178072, 13.907817642133159 ], [ 98.112623186830021, 13.907818652056312 ], [ 98.112624220516679, 13.90754742281405 ], [ 98.113457192635536, 13.907550450627033 ], [ 98.113459258002408, 13.907007992001542 ], [ 98.113736914773014, 13.907009000599965 ], [ 98.113737947099906, 13.906737771257642 ], [ 98.114015603569342, 13.906738779519799 ], [ 98.114017270708842, 13.906300612555055 ], [ 98.113883255969128, 13.906253718206242 ], [ 98.113662775882759, 13.906199710515658 ], [ 98.113437934987957, 13.906167096061376 ], [ 98.113210903132, 13.906156189588295 ], [ 98.11318574788821, 13.906156189602861 ], [ 98.112958954479552, 13.906167073386698 ], [ 98.112841492550515, 13.906184093860773 ], [ 98.112774651812984, 13.906036366094479 ], [ 98.112759077556191, 13.906009582199736 ], [ 98.112696903012477, 13.905852903146652 ], [ 98.112684883563148, 13.905829551560396 ], [ 98.112628255784642, 13.905704778245052 ], [ 98.112626286635134, 13.905699007878784 ], [ 98.112586681430045, 13.905599203310754 ], [ 98.112574816655496, 13.905552458641971 ], [ 98.11255613629254, 13.905499407775389 ], [ 98.112513083234859, 13.905354992485735 ], [ 98.112500505167816, 13.905318133910834 ], [ 98.11242018495264, 13.905115727946017 ], [ 98.11232035815847, 13.904921782431504 ], [ 98.112201945646561, 13.904738086339911 ], [ 98.112066039707273, 13.904566334097668 ], [ 98.112057532552086, 13.904557487078565 ], [ 98.111918590131623, 13.904369184587921 ], [ 98.111918391642973, 13.904368968706551 ], [ 98.111883170289033, 13.904308030882762 ], [ 98.111801513015436, 13.904195021523806 ], [ 98.111799756423139, 13.904191739506901 ], [ 98.111680371110126, 13.904012347829402 ], [ 98.111544156034441, 13.903844787688998 ], [ 98.111468226796319, 13.903767656761197 ], [ 98.111468098925499, 13.903767435526838 ], [ 98.111333861659062, 13.903581658044988 ], [ 98.111181195213959, 13.903409996604811 ], [ 98.111145778905836, 13.903377450893926 ], [ 98.11101075133007, 13.903230591219023 ], [ 98.110998173575496, 13.903218305079273 ], [ 98.110985595695794, 13.903206018817299 ], [ 98.110976490314698, 13.903197957499446 ], [ 98.110847238765018, 13.903058583547589 ], [ 98.110834661010443, 13.90304629740784 ], [ 98.110666418267854, 13.902897345974557 ], [ 98.110630355512384, 13.902871219917017 ], [ 98.110520214026195, 13.902751427006246 ], [ 98.110507636271606, 13.902739140866494 ], [ 98.110438736217546, 13.902678141168009 ], [ 98.110381857350788, 13.902616278125778 ], [ 98.110369279596213, 13.902603991986025 ], [ 98.11035670171664, 13.902591705724188 ], [ 98.11034412383701, 13.902579419462278 ], [ 98.110331545957379, 13.902567133200375 ], [ 98.110318968078019, 13.902554846938738 ], [ 98.110306390198886, 13.902542560677308 ], [ 98.110138147927273, 13.902393609641404 ], [ 98.109955770919655, 13.902261484467074 ], [ 98.109839391474836, 13.902193345737565 ], [ 98.109679058847959, 13.902077190847271 ], [ 98.109484303614579, 13.901963163989812 ], [ 98.109279045427058, 13.901868333372088 ], [ 98.109065260889778, 13.901793612189472 ], [ 98.108845008706709, 13.901739719986638 ], [ 98.10862040985792, 13.901707175729218 ], [ 98.108393627176511, 13.901696292806774 ], [ 98.108368471932678, 13.901696292821416 ], [ 98.10815419880575, 13.901706005955523 ], [ 98.108064149931124, 13.901718322570488 ], [ 98.108038681374197, 13.901678812329818 ], [ 98.108009955569798, 13.90164250961803 ], [ 98.10788777909832, 13.901432747974688 ], [ 98.107742743660708, 13.901236187758943 ], [ 98.10769392891153, 13.901183095541617 ], [ 98.107682169066692, 13.901162749346316 ], [ 98.107547933216452, 13.90097697326703 ], [ 98.107488657885668, 13.900910322566594 ], [ 98.107359264578889, 13.900731248274491 ], [ 98.107206600168254, 13.900559588318016 ], [ 98.107201721143525, 13.900555104728239 ], [ 98.107149163946104, 13.90046663955469 ], [ 98.107124008263881, 13.900429781071722 ], [ 98.107098852363208, 13.900392922268709 ], [ 98.106968166874822, 13.900219879967668 ], [ 98.10682123937778, 13.900059752827611 ], [ 98.106659399789308, 13.899913990204769 ], [ 98.106484112991765, 13.899783911434874 ], [ 98.106296965573407, 13.899670693892261 ], [ 98.106099651467815, 13.899575362333945 ], [ 98.105893956622197, 13.899498779624976 ], [ 98.105681742833184, 13.89944163892917 ], [ 98.105464930896233, 13.899404457435722 ], [ 98.105245483221395, 13.89938757167849 ], [ 98.105232905598811, 13.899387190440677 ], [ 98.105161145556167, 13.899386103193388 ], [ 98.105096920606741, 13.899386103264003 ], [ 98.105072217236824, 13.899382523628606 ], [ 98.104845430788743, 13.899371640268598 ], [ 98.104490113877148, 13.899371640476316 ], [ 98.104299072974328, 13.899379358163481 ], [ 98.104109336683521, 13.89940245857461 ], [ 98.103964073383935, 13.899432208459634 ], [ 98.103921650378695, 13.899439333301018 ], [ 98.103714338039708, 13.899493877174706 ], [ 98.103513093622979, 13.899566958290833 ], [ 98.103319649917822, 13.89965794739261 ], [ 98.103135672551559, 13.899766061028764 ], [ 98.103121340144327, 13.899775394486051 ], [ 98.103072783506448, 13.899802919825524 ], [ 98.103058451098434, 13.899812253283317 ], [ 98.103009894460925, 13.89983977862256 ], [ 98.102995562052399, 13.899849112080689 ], [ 98.102947005415245, 13.899876637419704 ], [ 98.102932673006791, 13.899885970877783 ], [ 98.102884116370163, 13.899913496216451 ], [ 98.102846383332519, 13.89993806847697 ], [ 98.102808649881709, 13.899962641006558 ], [ 98.102770916431851, 13.899987213535512 ], [ 98.10275132096551, 13.899999974367601 ], [ 98.102727493161666, 13.900013481680022 ], [ 98.102717743321492, 13.900018243607672 ], [ 98.102692587740904, 13.900030529867196 ], [ 98.102667432160032, 13.900042816126874 ], [ 98.102642276580283, 13.90005510238599 ], [ 98.102617121000094, 13.900067388645326 ], [ 98.10259196541908, 13.90007967490507 ], [ 98.102566809839587, 13.900091961164053 ], [ 98.102541654258729, 13.90010424742372 ], [ 98.10251649867854, 13.900116533683059 ], [ 98.102491343097938, 13.900128819942594 ], [ 98.102466187518061, 13.900141106201781 ], [ 98.102441031937744, 13.900153392461176 ], [ 98.102362737193403, 13.900197775566426 ], [ 98.102352987357136, 13.900202537492172 ], [ 98.102327831776392, 13.90021482375179 ], [ 98.10231737443678, 13.900219931230836 ], [ 98.102291291656726, 13.90022735051609 ], [ 98.102253558747833, 13.900239636646239 ], [ 98.102253576960806, 13.900239690025044 ], [ 98.102132174180895, 13.90027632792216 ], [ 98.101900187037472, 13.90037454530856 ], [ 98.101885450830252, 13.900381742633147 ], [ 98.101812142556057, 13.90041140409331 ], [ 98.101786987245305, 13.900423690221055 ], [ 98.101761831665002, 13.900435976480463 ], [ 98.101747095186951, 13.900443173937333 ], [ 98.101673786913594, 13.900472835397073 ], [ 98.10164863160287, 13.90048512152482 ], [ 98.101623476022283, 13.900497407784362 ], [ 98.101544812831946, 13.900541999750805 ], [ 98.101543056882505, 13.900997296464471 ], [ 98.101820705583265, 13.900998318188172 ], [ 98.101814430698269, 13.902625689611591 ], [ 98.101536780058424, 13.902624667763634 ], [ 98.10153573384251, 13.90289589629217 ], [ 98.101813384805581, 13.902896918160838 ], [ 98.101812338890454, 13.903168146703987 ], [ 98.101534687604172, 13.903167124814608 ], [ 98.101532595060149, 13.903709581841207 ], [ 98.101810246992855, 13.903710603772005 ], [ 98.101807108978193, 13.904524289328325 ], [ 98.102084761903072, 13.904525311005477 ], [ 98.102083716176566, 13.904796539532766 ], [ 98.1029166760555, 13.904799602731645 ], [ 98.102915631276332, 13.905070831314914 ], [ 98.104026246055014, 13.905074911241812 ], [ 98.104025202546524, 13.905346139901662 ], [ 98.103747548494994, 13.905345120372962 ], [ 98.103746504640839, 13.905616349006054 ], [ 98.103191195958388, 13.90561430895993 ], [ 98.103190151435271, 13.905885537545588 ], [ 98.101246569489888, 13.905878387291544 ], [ 98.10124761627597, 13.905607158850765 ], [ 98.10041465389159, 13.905604089781265 ], [ 98.100412558357263, 13.906146546532355 ], [ 98.100967867884208, 13.906148592977416 ], [ 98.10096577355317, 13.906691049787057 ], [ 98.101243428996924, 13.906692072577316 ], [ 98.101241335222682, 13.90723452940402 ], [ 98.100963679132292, 13.907233506572313 ], [ 98.100962631888166, 13.907504734955795 ], [ 98.100684975496932, 13.907503711787522 ], [ 98.100682880294642, 13.908046168494746 ], [ 98.100405223279211, 13.908045144969154 ], [ 98.100402079337201, 13.90885882992206 ], [ 98.10012442137419, 13.908857806018384 ], [ 98.100122324653753, 13.909400262581688 ], [ 98.099844666066488, 13.90939923832064 ], [ 98.099839422254973, 13.910755379518456 ], [ 98.100117082459178, 13.910756403883253 ], [ 98.100116033952816, 13.911027632125279 ], [ 98.100393694502941, 13.911028656194897 ], [ 98.100392646297507, 13.911299884451566 ], [ 98.100670307193511, 13.911300908225993 ], [ 98.100669259289035, 13.9115721364973 ], [ 98.10094692053093, 13.911573159976525 ], [ 98.100942729982108, 13.912658073083705 ], [ 98.100665067446442, 13.912657049521558 ], [ 98.100666115440788, 13.912385821274642 ], [ 98.100110791083765, 13.912383773243926 ], [ 98.100111839702535, 13.912112545032391 ], [ 98.10038950154636, 13.912113569184987 ], [ 98.100390549819224, 13.911842340946608 ], [ 98.100112888298838, 13.911841316814762 ], [ 98.100114985423971, 13.911298860361201 ], [ 98.099559663744373, 13.911296811232672 ], [ 98.099560712920066, 13.911025583038256 ], [ 98.099283052437428, 13.91102455802085 ], [ 98.099284101914009, 13.910753329841096 ], [ 98.098451121571401, 13.910750252955649 ], [ 98.098452171995703, 13.910479024832123 ], [ 98.097619192826002, 13.910475945165775 ], [ 98.097620244197969, 13.910204717098534 ], [ 98.09706492551102, 13.910202662449688 ], [ 98.097063873492246, 13.910473890475309 ], [ 98.096508554248757, 13.910471834521189 ], [ 98.096509606914296, 13.910200606537213 ], [ 98.096231947649798, 13.910199578107113 ], [ 98.096233000616181, 13.909928350137873 ], [ 98.095955341697646, 13.909927321412706 ], [ 98.09595639496483, 13.909656093458212 ], [ 98.095123419314916, 13.909653005449869 ], [ 98.095120256535125, 13.910466689107405 ], [ 98.094842597060193, 13.910465659076905 ], [ 98.094838378410316, 13.911550570451459 ], [ 98.094560717664351, 13.911549540021568 ], [ 98.094561772684159, 13.91127831220795 ], [ 98.094006451906949, 13.911276250442112 ], [ 98.094007507550984, 13.911005022664158 ], [ 98.093729847519739, 13.911003991328231 ], [ 98.093733015286205, 13.910190308020447 ], [ 98.093455356247816, 13.910189276431282 ], [ 98.093457468625687, 13.90964682090406 ], [ 98.09262449358674, 13.909643724366607 ], [ 98.092627664893982, 13.908830041218222 ], [ 98.092284269696492, 13.908828763911387 ], [ 98.092238428017325, 13.909007529127701 ], [ 98.092238392768408, 13.909007761238565 ], [ 98.092225849795241, 13.909056674052387 ], [ 98.09219252977563, 13.909276083127359 ], [ 98.092192290977763, 13.909280830470054 ], [ 98.092181138920921, 13.909354265597427 ], [ 98.092175535735507, 13.909376115850847 ], [ 98.092172989875323, 13.90939288008585 ], [ 98.092167172584439, 13.909408761358087 ], [ 98.092156272720274, 13.909431272954313 ], [ 98.092150471079236, 13.909447111501686 ], [ 98.092080804831681, 13.909590993874829 ], [ 98.092077648874579, 13.9095996096686 ], [ 98.092045789289344, 13.909641571392047 ], [ 98.09206917700746, 13.909641658428837 ], [ 98.092068119212939, 13.909912886090918 ], [ 98.092623436438984, 13.909914952070535 ], [ 98.092622379268562, 13.91018617976837 ], [ 98.092900038238994, 13.910187212305246 ], [ 98.09289475366387, 13.911543350807522 ], [ 98.093172414273994, 13.911544383133039 ], [ 98.093171357614409, 13.911815610836106 ], [ 98.09344901857061, 13.91181664286659 ], [ 98.093446905830348, 13.912359098296239 ], [ 98.093169244227255, 13.912358066223948 ], [ 98.093167130749478, 13.912900521587392 ], [ 98.09261180631745, 13.912898456411289 ], [ 98.092610748897656, 13.913169684042037 ], [ 98.092055423909386, 13.913167617560203 ], [ 98.092053307707872, 13.913710072719699 ], [ 98.091497981516454, 13.913708004890211 ], [ 98.091499040275508, 13.913436777355392 ], [ 98.091221377537323, 13.913435742987614 ], [ 98.09122243659715, 13.91316451546764 ], [ 98.09107272157037, 13.913163957618716 ], [ 98.091075218943928, 13.9131707761274 ], [ 98.091068283332547, 13.913217597892061 ], [ 98.091057673124496, 13.913433780466331 ], [ 98.091057672693054, 13.913477169759956 ], [ 98.091067610263835, 13.913686445892935 ], [ 98.091097341799028, 13.913893924246571 ], [ 98.091146611916926, 13.914097822297313 ], [ 98.091210541130835, 13.914283449021909 ], [ 98.091230979084983, 13.914348076401499 ], [ 98.091238521332684, 13.914365076603129 ], [ 98.091260588191901, 13.914434854786203 ], [ 98.091276360015925, 13.914470404422804 ], [ 98.091280019776832, 13.91448113045036 ], [ 98.091294824332437, 13.914524519648872 ], [ 98.091309628887686, 13.914567908846365 ], [ 98.091334901998309, 13.914627515786758 ], [ 98.091339238149061, 13.914640224177786 ], [ 98.091354042704296, 13.914683613375264 ], [ 98.091368847259872, 13.914727002573745 ], [ 98.091372652572147, 13.914735977451141 ], [ 98.091366567361362, 13.914741355630873 ], [ 98.091264252265532, 13.914851458194027 ], [ 98.091258629355707, 13.914856071943834 ], [ 98.091094191001446, 13.91500484640302 ], [ 98.090945259706714, 13.91516846365924 ], [ 98.090813232885552, 13.915345388534018 ], [ 98.090699349350402, 13.915533960984027 ], [ 98.090606191642607, 13.915729238127861 ], [ 98.090605618302021, 13.915730172492298 ], [ 98.090508529471066, 13.915930685485426 ], [ 98.090486350267383, 13.915991233232603 ], [ 98.090420480352208, 13.91612727251648 ], [ 98.090343980403716, 13.916336113990312 ], [ 98.09028880448237, 13.916551274195125 ], [ 98.090270432049167, 13.916672252071837 ], [ 98.090263648374531, 13.916698704927969 ], [ 98.090259037151711, 13.916729068392799 ], [ 98.090251070038121, 13.916760136047175 ], [ 98.090217748931252, 13.91697954487141 ], [ 98.090206604639008, 13.917201087472037 ], [ 98.090206603905784, 13.917274804762211 ], [ 98.090214676673966, 13.917432942246744 ], [ 98.090205166087642, 13.917495566218641 ], [ 98.090194021769932, 13.91771710880878 ], [ 98.090194021281107, 13.917766253668896 ], [ 98.090205160961418, 13.917987793949585 ], [ 98.090238477176243, 13.918207200932786 ], [ 98.090293649141358, 13.918422361652208 ], [ 98.090370145590498, 13.918631204028667 ], [ 98.09046722988937, 13.918831716825327 ], [ 98.090483122848013, 13.91885761835125 ], [ 98.090644853222358, 13.918858221584097 ], [ 98.090645913383568, 13.918586994228061 ], [ 98.091201251086304, 13.91858906470798 ], [ 98.091200191572327, 13.918860292105936 ], [ 98.092310868544715, 13.918864429356296 ], [ 98.092309810302496, 13.919135656831907 ], [ 98.091754471123679, 13.919133588797079 ], [ 98.091753412211531, 13.919404816224722 ], [ 98.091198072476246, 13.919402746883538 ], [ 98.091199132035655, 13.919131519497787 ], [ 98.090665632154398, 13.919129530384373 ], [ 98.090719233121007, 13.919200128388214 ], [ 98.090812831909318, 13.919301006000458 ], [ 98.090865605654201, 13.919369340857319 ], [ 98.091010078726811, 13.919524199608878 ], [ 98.091022656460012, 13.919536485914199 ], [ 98.091190910284084, 13.919685448621793 ], [ 98.091373302014603, 13.919817584606065 ], [ 98.091568075064117, 13.919931621265492 ], [ 98.091773353591734, 13.920026460310558 ], [ 98.09180138655239, 13.92003625817032 ], [ 98.091886562864218, 13.92007560921526 ], [ 98.091942616597933, 13.920095200419391 ], [ 98.092112961826885, 13.920173899101469 ], [ 98.092326766775585, 13.9202486254318 ], [ 98.09233536893467, 13.920250730189736 ], [ 98.092364499920009, 13.920260911660062 ], [ 98.092374510376629, 13.920263360997295 ], [ 98.092553182070432, 13.920345906412189 ], [ 98.092611485041587, 13.920366283718677 ], [ 98.092687503428891, 13.920410790567184 ], [ 98.092707276930255, 13.920419925829284 ], [ 98.09271265874419, 13.920423076744491 ], [ 98.092917935864975, 13.9205179136805 ], [ 98.092994466805294, 13.920544661770958 ], [ 98.093008401848934, 13.920554757173145 ], [ 98.093039819349457, 13.920573151645129 ], [ 98.093047661350226, 13.92058081194482 ], [ 98.093066305233421, 13.920599023847254 ], [ 98.09304815036549, 13.920648585502274 ], [ 98.092992974694255, 13.920863743357852 ], [ 98.092959654374553, 13.921083147738482 ], [ 98.092948510345394, 13.921304685761648 ], [ 98.092948510223138, 13.921316971976696 ], [ 98.092959650334564, 13.921538514857655 ], [ 98.092992967835173, 13.921757924367673 ], [ 98.093048141921102, 13.921973087468249 ], [ 98.093124641293656, 13.922181932010304 ], [ 98.093221729273694, 13.922382446690543 ], [ 98.093338470894281, 13.922572700422059 ], [ 98.093386382652923, 13.922635803289308 ], [ 98.093448113258148, 13.922763297789672 ], [ 98.093564850128558, 13.922953548659398 ], [ 98.093700115755496, 13.923131707084645 ], [ 98.093720492263586, 13.923153668184941 ], [ 98.093740936031026, 13.923186986199346 ], [ 98.093876201636462, 13.923365144568866 ], [ 98.093896255438111, 13.923386757865996 ], [ 98.09392574225356, 13.923425658859243 ], [ 98.093926033235675, 13.923425972635115 ], [ 98.093950994944578, 13.923459802759181 ], [ 98.093957135546432, 13.92346648155427 ], [ 98.093968757715714, 13.923481530687265 ], [ 98.094514274394712, 13.923483557781836 ], [ 98.094515330410019, 13.923212330236652 ], [ 98.094793005069761, 13.923213361564049 ], [ 98.094795116385058, 13.922670906413623 ], [ 98.095072790419962, 13.922671937383077 ], [ 98.09507384571998, 13.922400709777836 ], [ 98.09479617200877, 13.922399678829256 ], [ 98.094798283188354, 13.921857223642215 ], [ 98.094520610147171, 13.921856192419181 ], [ 98.094521666026708, 13.921584964837377 ], [ 98.09424399333183, 13.921583933319045 ], [ 98.094241880902743, 13.922126388434787 ], [ 98.093964207583113, 13.922125356558503 ], [ 98.093965264132677, 13.921854129024572 ], [ 98.093687591159394, 13.921853096852995 ], [ 98.093689704837956, 13.921310641808605 ], [ 98.093967377163878, 13.921311673938391 ], [ 98.093968433645514, 13.921040446386151 ], [ 98.093690761643273, 13.921039414277251 ], [ 98.093691818425938, 13.920768186739798 ], [ 98.093414146770002, 13.920767154335635 ], [ 98.093415203853667, 13.920495926812979 ], [ 98.093137532544048, 13.920494894113569 ], [ 98.093140704630088, 13.919681211571698 ], [ 98.093418374968763, 13.919682244208396 ], [ 98.093419431961834, 13.91941101666133 ], [ 98.093141761946782, 13.919409984045535 ], [ 98.093142819240811, 13.919138756513275 ], [ 98.092587479925925, 13.919136690375149 ], [ 98.092588537844534, 13.918865462878609 ], [ 98.093699215270462, 13.91886959380677 ], [ 98.093700271871953, 13.918598366220502 ], [ 98.094255610073603, 13.918600429746144 ], [ 98.094257721914246, 13.918057974471751 ], [ 98.093702385006992, 13.918055911029663 ], [ 98.093703441540541, 13.91778468342509 ], [ 98.094258777800619, 13.917786746825403 ], [ 98.094259833664367, 13.917515519172953 ], [ 98.093982165846583, 13.917514487651726 ], [ 98.093983222011275, 13.917243260014059 ], [ 98.094260889505463, 13.9172442915144 ], [ 98.094261945323936, 13.916973063849753 ], [ 98.094817279733093, 13.916975125860469 ], [ 98.094819390007913, 13.916432670429366 ], [ 98.0950970565993, 13.916433700918892 ], [ 98.095099166136563, 13.915891245421653 ], [ 98.095654498092983, 13.915893305369124 ], [ 98.095653443982741, 13.916164533162508 ], [ 98.095931110318389, 13.916165562683029 ], [ 98.095930056509104, 13.916436790491156 ], [ 98.095652389849903, 13.916435760949787 ], [ 98.095650281516441, 13.916978216506051 ], [ 98.095372614232716, 13.916977186606923 ], [ 98.095368396000282, 13.918062097562826 ], [ 98.09592373317895, 13.918064157211816 ], [ 98.095920571208907, 13.918877840489783 ], [ 98.096198240802948, 13.91887886990266 ], [ 98.096196133357211, 13.919421325432481 ], [ 98.096473803621066, 13.919422354570914 ], [ 98.096468536229736, 13.920778493392865 ], [ 98.096190864347633, 13.920777464150259 ], [ 98.096188756585718, 13.921319919594659 ], [ 98.095911084078864, 13.921318889994218 ], [ 98.095908975579235, 13.921861345372529 ], [ 98.09618664873345, 13.921862375014653 ], [ 98.09618454079083, 13.922404830410235 ], [ 98.096739888461812, 13.922406888829265 ], [ 98.096738835104048, 13.922678116559565 ], [ 98.09701650929712, 13.922679145315609 ], [ 98.097019668331583, 13.921865462043936 ], [ 98.097297341576109, 13.921866490421332 ], [ 98.097293130779832, 13.922951401521287 ], [ 98.097015456240484, 13.922950373060628 ], [ 98.097014403161296, 13.923221600799545 ], [ 98.097292078024367, 13.923222629281021 ], [ 98.097288919622642, 13.924036312523603 ], [ 98.097566595479464, 13.924037340751291 ], [ 98.097564490413006, 13.924579796257449 ], [ 98.097842166939913, 13.924580824210507 ], [ 98.097840062430791, 13.92512327973386 ], [ 98.098117739627767, 13.925124307412268 ], [ 98.098114583666359, 13.92593799071391 ], [ 98.098392261857214, 13.925939018138429 ], [ 98.098389106664385, 13.926752701447514 ], [ 98.098111427502104, 13.926751673960622 ], [ 98.098108271135004, 13.927565357152398 ], [ 98.097830591023779, 13.92756432928682 ], [ 98.097827433482266, 13.928378012361266 ], [ 98.097090240171781, 13.928375281862369 ], [ 98.097101805987506, 13.928444905628025 ], [ 98.097167513513853, 13.928678531919481 ], [ 98.097180090934046, 13.928715390679418 ], [ 98.09719863452267, 13.928759122236796 ], [ 98.097227747930347, 13.928854419745109 ], [ 98.097305039045168, 13.929043403552578 ], [ 98.09739941972137, 13.929224830927158 ], [ 98.097510124883627, 13.929397231091714 ], [ 98.097636257113166, 13.929559206446505 ], [ 98.097776793921952, 13.929709443899595 ], [ 98.097789371655224, 13.929721730204973 ], [ 98.097834596007488, 13.929761769291444 ], [ 98.097836743007278, 13.929764602983335 ], [ 98.097897268936677, 13.929829951639377 ], [ 98.097915324922397, 13.929856408213443 ], [ 98.097980184206804, 13.929942012073655 ], [ 98.098031768690333, 13.930038390400643 ], [ 98.098151162660557, 13.930217788416975 ], [ 98.098189448500378, 13.930264882107862 ], [ 98.098275354083995, 13.93041351347483 ], [ 98.098409601380524, 13.930599303965232 ], [ 98.098562282503423, 13.930770978182466 ], [ 98.098583395789802, 13.930790379544511 ], [ 98.098604679142213, 13.930819224414314 ], [ 98.098770421503758, 13.930999492927311 ], [ 98.098795576970332, 13.931024065538088 ], [ 98.098963841241599, 13.931173037048781 ], [ 98.099146245430475, 13.931305181044051 ], [ 98.099341032717049, 13.931419224763729 ], [ 98.099546327003168, 13.931514069780006 ], [ 98.099760150982945, 13.931588802577895 ], [ 98.099980445188379, 13.931642703354642 ], [ 98.100205087826609, 13.931675252953289 ], [ 98.100205428867, 13.931675269319168 ], [ 98.100409444656918, 13.931726498667974 ], [ 98.100639613570678, 13.931760701889653 ], [ 98.100872136258317, 13.931772141663695 ], [ 98.100897291990961, 13.931772141678458 ], [ 98.101111579089292, 13.931762429835929 ], [ 98.101324024653749, 13.93173337753908 ], [ 98.101532802954395, 13.931685234456415 ], [ 98.101587056010018, 13.931667404193981 ], [ 98.101806882122375, 13.931613717098928 ], [ 98.102020375408728, 13.931539242840831 ], [ 98.102225383335679, 13.931444721473563 ], [ 98.10222826463513, 13.931443038186705 ], [ 98.102276122558081, 13.931434350902521 ], [ 98.102326433993724, 13.931422064593107 ], [ 98.102369795568663, 13.931409730368228 ], [ 98.102471147193597, 13.931404840771972 ], [ 98.102479966264895, 13.931403556010093 ], [ 98.102985199881815, 13.931403556295166 ], [ 98.10323292222958, 13.931390567591874 ], [ 98.103477797438543, 13.93135175099567 ], [ 98.103717011091618, 13.931287552631304 ], [ 98.103754744647375, 13.931275266316215 ], [ 98.103780316851541, 13.931265583808246 ], [ 98.103785486054633, 13.931264872266391 ], [ 98.104007263182282, 13.931212164418644 ], [ 98.104222645223814, 13.931138372359266 ], [ 98.104234745411674, 13.931132865452135 ], [ 98.104281440103321, 13.931120291479402 ], [ 98.104297288888077, 13.931119434035251 ], [ 98.10441048967968, 13.931107147761216 ], [ 98.104632803655079, 13.931072252814944 ], [ 98.104850592992662, 13.931016418896661 ], [ 98.104933697827434, 13.930986418040513 ], [ 98.10498688818295, 13.930978634345562 ], [ 98.105206874157233, 13.930924503029527 ], [ 98.10542037629412, 13.930849591993205 ], [ 98.105428750323327, 13.930845711906374 ], [ 98.105477892842714, 13.930832963881707 ], [ 98.105515626398414, 13.930820677566585 ], [ 98.105553359563032, 13.930808391378806 ], [ 98.105591092727877, 13.930796105190955 ], [ 98.105894211329002, 13.930673459533901 ], [ 98.105919366994542, 13.930661173216402 ], [ 98.106134977169916, 13.930541345918739 ], [ 98.106336215751668, 13.930399663193034 ], [ 98.106440273435297, 13.930308373212336 ], [ 98.106428259394832, 13.930308329150371 ], [ 98.106430344678813, 13.92976587257548 ], [ 98.106708028076483, 13.929766890799968 ], [ 98.106706985769563, 13.930038119111064 ], [ 98.106737321516107, 13.930038230330766 ], [ 98.106887081523766, 13.929876824819576 ], [ 98.107022346950757, 13.929698667728701 ], [ 98.10713908357512, 13.929508418775383 ], [ 98.107236167278231, 13.929307910039149 ], [ 98.107265472677966, 13.929227904908219 ], [ 98.107265478190087, 13.92922646957696 ], [ 98.106987795395554, 13.929225452026392 ], [ 98.106988837311619, 13.92895422367639 ], [ 98.106711154863277, 13.928953205830057 ], [ 98.106712197080881, 13.928681977494549 ], [ 98.106989879205358, 13.928682995320289 ], [ 98.106996130099148, 13.927055625055511 ], [ 98.106718449917764, 13.92705460735332 ], [ 98.106719491979121, 13.92678337897509 ], [ 98.106997171836667, 13.926784396656686 ], [ 98.106999255244759, 13.926241939840732 ], [ 98.107276934477014, 13.926242957164852 ], [ 98.107275893107925, 13.926514185596464 ], [ 98.1075535726863, 13.926515202624879 ], [ 98.107551490528849, 13.927057659510959 ], [ 98.108106851047751, 13.927059692701178 ], [ 98.108107891489993, 13.926788464220047 ], [ 98.108663251450395, 13.926790496103921 ], [ 98.108661171838975, 13.927332953142301 ], [ 98.108383491199959, 13.92733193731741 ], [ 98.108381410851749, 13.927874394290273 ], [ 98.108659092138453, 13.927875410156274 ], [ 98.108657012348814, 13.928417867145836 ], [ 98.108797037609023, 13.92841837931215 ], [ 98.108914633738209, 13.928335585265726 ], [ 98.10909918674389, 13.92817367647967 ], [ 98.109111764498493, 13.928161390174299 ], [ 98.109119991253834, 13.928152523702082 ], [ 98.109217381923784, 13.928069879026289 ], [ 98.109376894609312, 13.927904251659967 ], [ 98.109518561976316, 13.927723807324238 ], [ 98.109640950160482, 13.92753037240861 ], [ 98.109742820443884, 13.927325904784384 ], [ 98.109823141791324, 13.927112473986961 ], [ 98.109881101284401, 13.926892240268002 ], [ 98.109916112347435, 13.926667432729577 ], [ 98.109927820682074, 13.926440326761657 ], [ 98.109927820437491, 13.926415754302043 ], [ 98.109914523573593, 13.926173818656817 ], [ 98.109896352984805, 13.926064448588386 ], [ 98.109941374992147, 13.925941540012314 ], [ 98.10999655032748, 13.925726376051784 ], [ 98.110001161773667, 13.92569600836943 ], [ 98.110009127474456, 13.925664944966046 ], [ 98.110028837274271, 13.925535150244245 ], [ 98.110041992787174, 13.925499236048518 ], [ 98.110043889911367, 13.925491837940047 ], [ 98.110044486689603, 13.925490865384637 ], [ 98.110053842341244, 13.925471543573039 ], [ 98.110057064223383, 13.925466292947306 ], [ 98.110070049374684, 13.925439475287451 ], [ 98.10977916380115, 13.925438412962528 ] ], [ [ 98.113958810499057, 13.921656385419649 ], [ 98.113959843698098, 13.921385156386092 ], [ 98.114237517658538, 13.921386165435299 ], [ 98.114239583342822, 13.920843707309039 ], [ 98.11396191002973, 13.920842698300685 ], [ 98.113962943162335, 13.920571469248834 ], [ 98.113685270195049, 13.920570459944745 ], [ 98.113686303629166, 13.920299230907226 ], [ 98.113408631007687, 13.920298221307418 ], [ 98.11340966474333, 13.920026992284235 ], [ 98.11285432021414, 13.92002497217706 ], [ 98.112858457524226, 13.918940056186928 ], [ 98.11396914149303, 13.91894409480965 ], [ 98.113968108493253, 13.919215323898092 ], [ 98.114245779864461, 13.9192163327839 ], [ 98.114244747166182, 13.919487561886671 ], [ 98.114522418883141, 13.919488570476769 ], [ 98.114520354067494, 13.920031028704852 ], [ 98.115075698862356, 13.920033045018291 ], [ 98.115073635252827, 13.920575503303613 ], [ 98.115351308330744, 13.920576511026914 ], [ 98.115348213721632, 13.921390198470354 ], [ 98.11590356188583, 13.921392213090817 ], [ 98.115902530952624, 13.921663442267214 ], [ 98.113958810499057, 13.921656385419649 ] ], [ [ 98.113126821949606, 13.921382127341417 ], [ 98.113127856097535, 13.921110898363075 ], [ 98.11396087687497, 13.92111392734644 ], [ 98.113959843698098, 13.921385156386092 ], [ 98.113126821949606, 13.921382127341417 ] ], [ [ 98.116773648235991, 13.911630976038726 ], [ 98.11705131076927, 13.911631981193196 ], [ 98.117050281925074, 13.911903210670555 ], [ 98.116772619068371, 13.911902205495727 ], [ 98.116773648235991, 13.911630976038726 ] ], [ [ 98.111510486328697, 13.908357068771032 ], [ 98.110955169931117, 13.908355046000064 ], [ 98.110954134237829, 13.908626275101181 ], [ 98.110398817282373, 13.908624251025733 ], [ 98.110395708129005, 13.909437938169498 ], [ 98.109562729952231, 13.9094348995026 ], [ 98.1095648046836, 13.90889244153596 ], [ 98.109842463406878, 13.908893454699772 ], [ 98.109843500415835, 13.908622225686784 ], [ 98.110121158837984, 13.908623238514195 ], [ 98.110124268761368, 13.907809551377118 ], [ 98.11040192623571, 13.907810563827114 ], [ 98.110400889940166, 13.908081792899415 ], [ 98.111511521353094, 13.908085839622844 ], [ 98.111510486328697, 13.908357068771032 ] ], [ [ 98.10402728954115, 13.904803682575871 ], [ 98.10430494296854, 13.904804701747475 ], [ 98.104305986109011, 13.904533473054785 ], [ 98.104028333004877, 13.904532453903835 ], [ 98.104029376446235, 13.904261225225708 ], [ 98.104307029227115, 13.904262244356005 ], [ 98.104308072322851, 13.903991015651126 ], [ 98.104585724802874, 13.903992034445011 ], [ 98.104587810280748, 13.903449576975685 ], [ 98.104310158447177, 13.903448558223097 ], [ 98.104311201475795, 13.90317732949994 ], [ 98.104033549987818, 13.903176310452251 ], [ 98.104034593317266, 13.902905081743654 ], [ 98.104312244482017, 13.902906100770691 ], [ 98.104313287465871, 13.902634872035346 ], [ 98.104590938329792, 13.902635890725998 ], [ 98.104591980968067, 13.902364661963917 ], [ 98.104869631531159, 13.902365680318198 ], [ 98.104870673823882, 13.902094451529383 ], [ 98.105703624677716, 13.902097504636004 ], [ 98.105702583354585, 13.902368733486696 ], [ 98.106535535379066, 13.902371783813667 ], [ 98.106536575732633, 13.902100554901152 ], [ 98.107647177451625, 13.90210461750128 ], [ 98.107646138390834, 13.902375846496135 ], [ 98.107923789199518, 13.902376861377439 ], [ 98.107921711657454, 13.90291931939001 ], [ 98.108199363134844, 13.902920333996711 ], [ 98.108196247624292, 13.903734021031561 ], [ 98.107918595177253, 13.903733006363169 ], [ 98.107919634026274, 13.903461777378208 ], [ 98.107641981924729, 13.903460762414628 ], [ 98.107644060202361, 13.902918304467571 ], [ 98.107366408769565, 13.902917289229391 ], [ 98.107367448198147, 13.902646060267296 ], [ 98.106534495003189, 13.902643012720089 ], [ 98.106528252279176, 13.904270386030674 ], [ 98.107361211292158, 13.904273433948468 ], [ 98.107360171729781, 13.904544662874006 ], [ 98.10569425196519, 13.904538564072892 ], [ 98.105693210440975, 13.904809792868747 ], [ 98.105415556901775, 13.904808775276059 ], [ 98.105414515031967, 13.905080004045198 ], [ 98.104026246055014, 13.905074911241812 ], [ 98.10402728954115, 13.904803682575871 ] ], [ [ 98.108473900093614, 13.903735035384191 ], [ 98.108472861868776, 13.904006264404176 ], [ 98.109028167520691, 13.904008292203256 ], [ 98.109027129920079, 13.904279521258246 ], [ 98.109304783102658, 13.904280534704675 ], [ 98.109303745803018, 13.904551763774105 ], [ 98.10958139933112, 13.904552776925296 ], [ 98.109582436307505, 13.904281547835334 ], [ 98.109860089534592, 13.904282560650223 ], [ 98.109855942788627, 13.905367477055611 ], [ 98.110688906482409, 13.905370513851782 ], [ 98.110687870710166, 13.905641742999434 ], [ 98.110410215800059, 13.905640731029333 ], [ 98.110409179682293, 13.905911960150384 ], [ 98.110131524471143, 13.905910947843967 ], [ 98.110129451522369, 13.906453406026767 ], [ 98.110407107380112, 13.906454418374203 ], [ 98.110406071195683, 13.906725647476977 ], [ 98.110128415014628, 13.906724635109022 ], [ 98.110125305358039, 13.907538322319233 ], [ 98.109847648229248, 13.907537309573897 ], [ 98.109849722002522, 13.906994851480892 ], [ 98.109572065542622, 13.906993838460757 ], [ 98.109576214115521, 13.905908922283707 ], [ 98.109298558971076, 13.905907909029862 ], [ 98.109301671137004, 13.905094221894689 ], [ 98.109024016984634, 13.905093208386646 ], [ 98.109025054652037, 13.90482197934994 ], [ 98.108747400845189, 13.90482096554665 ], [ 98.108748438813606, 13.904549736524395 ], [ 98.108193131913225, 13.90454770801157 ], [ 98.108194170505854, 13.904276479024327 ], [ 98.107638864341112, 13.904274449289524 ], [ 98.107639903557953, 13.904003220337319 ], [ 98.108195209076214, 13.904005250030988 ], [ 98.108196247624292, 13.903734021031561 ], [ 98.108473900093614, 13.903735035384191 ] ], [ [ 98.101220392540242, 13.912659096329888 ], [ 98.101219345170335, 13.912930324612159 ], [ 98.100941682288735, 13.912929301345256 ], [ 98.100942729982108, 13.912658073083705 ], [ 98.101220392540242, 13.912659096329888 ] ], [ [ 98.095671360783882, 13.911553659845504 ], [ 98.09566925326385, 13.912096115621347 ], [ 98.094836268949678, 13.912093026102147 ], [ 98.094838378410316, 13.911550570451459 ], [ 98.095671360783882, 13.911553659845504 ] ], [ [ 98.092330970837622, 13.913711106160461 ], [ 98.092329913026319, 13.913982333751987 ], [ 98.092052249573086, 13.913981300290292 ], [ 98.092053307707872, 13.913710072719699 ], [ 98.092330970837622, 13.913711106160461 ] ], [ [ 98.096746208134405, 13.920779522319313 ], [ 98.096745154912071, 13.921050750086229 ], [ 98.096467482683735, 13.921049721138951 ], [ 98.096468536229736, 13.920778493392865 ], [ 98.096746208134405, 13.920779522319313 ] ], [ [ 98.108393891604095, 13.924619652086959 ], [ 98.108392851663936, 13.924890880637458 ], [ 98.108115173961465, 13.924889864681294 ], [ 98.108116214225362, 13.924618636151354 ], [ 98.108393891604095, 13.924619652086959 ] ], [ [ 98.106455361119032, 13.923256391772682 ], [ 98.106459529275241, 13.922171477963845 ], [ 98.106737203606514, 13.922172495611571 ], [ 98.106739286903263, 13.921630038629353 ], [ 98.106461613219366, 13.92162902102282 ], [ 98.106462655157955, 13.921357792543159 ], [ 98.106740328518157, 13.921358810129094 ], [ 98.106742411680969, 13.92081635311027 ], [ 98.10729775717364, 13.920818387251265 ], [ 98.107295675305537, 13.921360844352439 ], [ 98.107573348732686, 13.921361860989853 ], [ 98.107572308088834, 13.921633089551868 ], [ 98.107294634338004, 13.921632072893873 ], [ 98.107293593348174, 13.921903301429211 ], [ 98.107015919295961, 13.921902284434458 ], [ 98.107011753818739, 13.922987198432455 ], [ 98.106734078494, 13.922986181039144 ], [ 98.106731994974027, 13.923528637960354 ], [ 98.10700967094624, 13.923529655394846 ], [ 98.10700862947651, 13.923800883866891 ], [ 98.107286305794773, 13.923801901005746 ], [ 98.107285264626483, 13.924073129492275 ], [ 98.107562941290809, 13.924074146335473 ], [ 98.107561900423946, 13.924345374836481 ], [ 98.106173515706743, 13.924340287355145 ], [ 98.106174558192365, 13.924069058957096 ], [ 98.105896881639651, 13.924068040532712 ], [ 98.105895838830293, 13.924339268910146 ], [ 98.105618161976167, 13.924338250148905 ], [ 98.105620248220077, 13.923795793429163 ], [ 98.105897924426699, 13.923796812149172 ], [ 98.105898967191379, 13.923525583759529 ], [ 98.106176643096589, 13.923526602142697 ], [ 98.106177685515206, 13.923255373726345 ], [ 98.106455361119032, 13.923256391772682 ] ], [ [ 98.109506678565097, 13.924081255383207 ], [ 98.109229001744794, 13.924080240753671 ], [ 98.10923004064685, 13.923809012123225 ], [ 98.109507717143387, 13.923810026732223 ], [ 98.109506678565097, 13.924081255383207 ] ], [ [ 98.10895236417258, 13.923807997197995 ], [ 98.108953403376105, 13.923536768581988 ], [ 98.109231079526637, 13.923537783486678 ], [ 98.10923004064685, 13.923809012123225 ], [ 98.10895236417258, 13.923807997197995 ] ], [ [ 98.107861424157463, 13.918650591149728 ], [ 98.108416764650286, 13.918652622432436 ], [ 98.108415725200302, 13.918923851117146 ], [ 98.108971066429476, 13.918925881176513 ], [ 98.108968988757184, 13.919468338609828 ], [ 98.108691317484215, 13.919467323697109 ], [ 98.108690278291022, 13.919738552384073 ], [ 98.108134935164614, 13.919736521569137 ], [ 98.108133895301876, 13.920007750208891 ], [ 98.107856223448451, 13.920006734306654 ], [ 98.107854143008808, 13.920549191526726 ], [ 98.107576470530375, 13.920548175267204 ], [ 98.107577511084997, 13.92027694668079 ], [ 98.107022166842356, 13.920274913254442 ], [ 98.107023208021985, 13.920003684703092 ], [ 98.107300879808506, 13.920004701553754 ], [ 98.107302961453556, 13.919462244391584 ], [ 98.107025290314311, 13.91946122758209 ], [ 98.107027372517379, 13.91891877043669 ], [ 98.107860384060245, 13.918921819793312 ], [ 98.107861424157463, 13.918650591149728 ] ], [ [ 98.10674553625779, 13.920002667536288 ], [ 98.106746577738733, 13.919731438999428 ], [ 98.107024249179304, 13.919732456145642 ], [ 98.107023208021985, 13.920003684703092 ], [ 98.10674553625779, 13.920002667536288 ] ], [ [ 98.112025444780372, 13.918937023900641 ], [ 98.112024409515215, 13.919208252845932 ], [ 98.111746738321344, 13.919207241431124 ], [ 98.11174777391011, 13.918936012506309 ], [ 98.112025444780372, 13.918937023900641 ] ], [ [ 98.099808997060094, 13.918620995459458 ], [ 98.099807947578057, 13.918892223503866 ], [ 98.09953027769096, 13.918891198200447 ], [ 98.099531327496621, 13.918619970176797 ], [ 98.099808997060094, 13.918620995459458 ] ], [ [ 98.123413035343319, 13.918164529514717 ], [ 98.123412013412619, 13.918435759312292 ], [ 98.123134342285567, 13.918434760919329 ], [ 98.123135364539863, 13.918163531141966 ], [ 98.123413035343319, 13.918164529514717 ] ], [ [ 98.105930239742918, 13.915388729233705 ], [ 98.105929197648479, 13.915659957806335 ], [ 98.106762197274762, 13.915663010214626 ], [ 98.106763238398599, 13.915391781580185 ], [ 98.107040904661801, 13.915392798396946 ], [ 98.107038823038863, 13.915935255700912 ], [ 98.106483489240631, 13.915933221668984 ], [ 98.106482447748604, 13.91620445027063 ], [ 98.106204780559423, 13.916203432759996 ], [ 98.106205822374989, 13.915932204178947 ], [ 98.105650488710737, 13.915930168250743 ], [ 98.105651531151054, 13.915658939704825 ], [ 98.104818531792901, 13.915655883504071 ], [ 98.104819575181466, 13.915384655013941 ], [ 98.105930239742918, 13.915388729233705 ] ], [ [ 98.107320651833959, 13.914851357528152 ], [ 98.107319611401792, 13.915122586215963 ], [ 98.107041945439803, 13.915121569735817 ], [ 98.107042986195495, 13.914850341068592 ], [ 98.107320651833959, 13.914851357528152 ] ], [ [ 98.110100420901816, 13.914047818026154 ], [ 98.110099383771541, 13.914319046937745 ], [ 98.109821718557356, 13.914318033679431 ], [ 98.109822756011127, 13.914046804788361 ], [ 98.110100420901816, 13.914047818026154 ] ], [ [ 98.118719340172959, 13.91109554626807 ], [ 98.118717286431917, 13.911638005485109 ], [ 98.118439623766392, 13.911637002226326 ], [ 98.118440650971365, 13.911365772641174 ], [ 98.118162988651292, 13.91136476908677 ], [ 98.11816504364198, 13.910822309938835 ], [ 98.118442705315204, 13.910823313452585 ], [ 98.118441678154298, 13.911094543049931 ], [ 98.118719340172959, 13.91109554626807 ] ], [ [ 98.103725622855407, 13.911040920387949 ], [ 98.103724578531015, 13.911312148893032 ], [ 98.103446917388212, 13.911311128593884 ], [ 98.103447962036029, 13.911039900109468 ], [ 98.103725622855407, 13.911040920387949 ] ], [ [ 98.116498044640707, 13.91108751167676 ], [ 98.116497015193801, 13.911358741125582 ], [ 98.1162193530281, 13.911357735359589 ], [ 98.116220382798431, 13.91108650593114 ], [ 98.116498044640707, 13.91108751167676 ] ], [ [ 98.116507308669711, 13.908646446363109 ], [ 98.116506279421458, 13.908917675866778 ], [ 98.116783938698632, 13.908918681133542 ], [ 98.116782909751663, 13.909189910651484 ], [ 98.117338229018969, 13.909191920278069 ], [ 98.117337200696696, 13.909463149830628 ], [ 98.117614860686814, 13.909464154190434 ], [ 98.117610748470767, 13.910549072421116 ], [ 98.117888409776512, 13.910550076546381 ], [ 98.117887381990798, 13.910821306109154 ], [ 98.117332058754542, 13.910819297502016 ], [ 98.117331030299951, 13.911090527018013 ], [ 98.117053368391467, 13.911089522220195 ], [ 98.117054397169483, 13.910818292724555 ], [ 98.116776735606493, 13.91081728763116 ], [ 98.116777764685864, 13.910546058149784 ], [ 98.11650010346834, 13.910545052760829 ], [ 98.116501132849038, 13.910273823293723 ], [ 98.115668150299186, 13.910270805292464 ], [ 98.115669180628018, 13.909999575880397 ], [ 98.116224501659033, 13.910001588156387 ], [ 98.116226560956846, 13.909459129232451 ], [ 98.115948901077061, 13.909458123293167 ], [ 98.115949931016232, 13.909186893842431 ], [ 98.115672271481913, 13.909185887607638 ], [ 98.115673301722353, 13.908914658171195 ], [ 98.115950960933304, 13.908915664385605 ], [ 98.115951990828293, 13.908644434922685 ], [ 98.116507308669711, 13.908646446363109 ] ], [ [ 98.115947871115821, 13.909729352737804 ], [ 98.115670210934738, 13.909728346462238 ], [ 98.115671241219374, 13.909457117037984 ], [ 98.115948901077061, 13.909458123293167 ], [ 98.115947871115821, 13.909729352737804 ] ], [ [ 98.106786137476746, 13.909424750079895 ], [ 98.106508478351827, 13.909423733400216 ], [ 98.106510560197336, 13.908881275885982 ], [ 98.106232901741478, 13.908880258931614 ], [ 98.106234984144407, 13.908337801434202 ], [ 98.107067957638819, 13.908340851226093 ], [ 98.107065877176026, 13.908883308847075 ], [ 98.107898852811346, 13.908886355919622 ], [ 98.107896774199546, 13.909428813639687 ], [ 98.109007411278952, 13.909432872145199 ], [ 98.109006373233129, 13.909704101078304 ], [ 98.108728713606482, 13.909703086905223 ], [ 98.108727675215022, 13.909974315811684 ], [ 98.107339375799043, 13.909969240104964 ], [ 98.107338335768333, 13.910240468902517 ], [ 98.106505355416132, 13.910237419625853 ], [ 98.106504314392936, 13.910508648355538 ], [ 98.105393672942284, 13.910504578148117 ], [ 98.105394715259095, 13.910233349500881 ], [ 98.105950035292949, 13.91023538519519 ], [ 98.105951076940613, 13.909964156500617 ], [ 98.106506396417032, 13.909966190890069 ], [ 98.106507437395592, 13.90969496214819 ], [ 98.106785096843893, 13.909695978848465 ], [ 98.106786137476746, 13.909424750079895 ] ], [ [ 98.105117055275699, 13.910232331179859 ], [ 98.105118097893552, 13.90996110254715 ], [ 98.105395757553566, 13.909962120847542 ], [ 98.105394715259095, 13.910233349500881 ], [ 98.105117055275699, 13.910232331179859 ] ], [ [ 98.110952062784591, 13.909168733285128 ], [ 98.110951027024669, 13.909439962367966 ], [ 98.110673367565724, 13.909438950426679 ], [ 98.110674403649028, 13.909167721364344 ], [ 98.110952062784591, 13.909168733285128 ] ], [ [ 98.111792283231836, 13.907273162971467 ], [ 98.111514626293086, 13.907272152141706 ], [ 98.11151669614209, 13.90672969379048 ], [ 98.111794352434202, 13.906730704579282 ], [ 98.111792283231836, 13.907273162971467 ] ], [ [ 98.111239039872174, 13.906728682685847 ], [ 98.111240075086698, 13.906457453521581 ], [ 98.111517731033302, 13.906458464605725 ], [ 98.11151669614209, 13.90672969379048 ], [ 98.111239039872174, 13.906728682685847 ] ] ], [ [ [ 98.095343079010362, 13.924571561248104 ], [ 98.095344134144909, 13.924300333664734 ], [ 98.09562181016743, 13.924301364126906 ], [ 98.095622864955629, 13.924030136516574 ], [ 98.094789837927138, 13.924027044243918 ], [ 98.094790893663955, 13.923755816690065 ], [ 98.094513218356767, 13.92375478532092 ], [ 98.094512162296212, 13.924026012853899 ], [ 98.09443709990046, 13.92402573399008 ], [ 98.094556951827443, 13.924156090157327 ], [ 98.094569529560673, 13.924168376462678 ], [ 98.094593200019403, 13.924189332981745 ], [ 98.094608545246544, 13.924208725255502 ], [ 98.094655987901803, 13.924258061958456 ], [ 98.094715960625791, 13.924339341883192 ], [ 98.094761856875607, 13.924418142126839 ], [ 98.094873772167418, 13.92456981888717 ], [ 98.095343079010362, 13.924571561248104 ] ] ], [ [ [ 98.094235543072216, 13.923753753635548 ], [ 98.09419831791881, 13.923753615303745 ], [ 98.094229934476445, 13.923787504624052 ], [ 98.094235390860078, 13.92379283458312 ], [ 98.094235543072216, 13.923753753635548 ] ] ], [ [ [ 98.0956323570324, 13.921589087748965 ], [ 98.095633411594605, 13.921317860077606 ], [ 98.095911084078864, 13.921318889994218 ], [ 98.095912138294793, 13.921047662295912 ], [ 98.095079121880843, 13.921044571660131 ], [ 98.095077011484321, 13.921587026925522 ], [ 98.0956323570324, 13.921589087748965 ] ] ], [ [ [ 98.095070679752098, 13.923214392575236 ], [ 98.095068568993767, 13.923756847742983 ], [ 98.09590159511886, 13.92375993900438 ], [ 98.095903703934795, 13.923217483711509 ], [ 98.095070679752098, 13.923214392575236 ] ] ], [ [ [ 98.097286813908667, 13.924578767988141 ], [ 98.096731460967689, 13.924576710500791 ], [ 98.096730407429348, 13.924847938182266 ], [ 98.097285761017858, 13.924849995711254 ], [ 98.097286813908667, 13.924578767988141 ] ] ], [ [ [ 98.106989879205358, 13.928682995320289 ], [ 98.106988837311619, 13.92895422367639 ], [ 98.107544202275236, 13.92895625842 ], [ 98.10754524352123, 13.928685030022736 ], [ 98.106989879205358, 13.928682995320289 ] ] ], [ [ [ 98.120098422623627, 13.913541624818036 ], [ 98.1200973971834, 13.913812854476264 ], [ 98.119542066478829, 13.91381085047756 ], [ 98.119545144674476, 13.912997161606347 ], [ 98.118989815998816, 13.912995156465472 ], [ 98.118987762596447, 13.913537615637821 ], [ 98.11871009764468, 13.913536612552786 ], [ 98.118709070586988, 13.913807842109501 ], [ 98.118431405333737, 13.913806838688149 ], [ 98.118430377930537, 13.91407806821845 ], [ 98.118152712375817, 13.91407706446077 ], [ 98.118151684627094, 13.914348293964647 ], [ 98.118429350505309, 13.914349297742653 ], [ 98.118428323058055, 13.914620527260764 ], [ 98.120371987086557, 13.914627545000577 ], [ 98.120373012269241, 13.914356315340351 ], [ 98.120650678323472, 13.914357316590257 ], [ 98.120651703160675, 13.91408608690366 ], [ 98.120374037429926, 13.91408508567403 ], [ 98.120376087685415, 13.913542626323109 ], [ 98.120098422623627, 13.913541624818036 ] ] ], [ [ [ 98.121189620468513, 13.9186989929471 ], [ 98.121188595905025, 13.918970222570598 ], [ 98.120910924306216, 13.918969221608227 ], [ 98.120909899397134, 13.919240451205361 ], [ 98.121187571319581, 13.919241452188 ], [ 98.121186546712167, 13.919512681799306 ], [ 98.121464218980208, 13.919513682486068 ], [ 98.121465243263984, 13.919242452854505 ], [ 98.122020587218643, 13.919244453239134 ], [ 98.122021610833201, 13.918973223560975 ], [ 98.121743939168525, 13.918972223546973 ], [ 98.12174496308478, 13.918700993882963 ], [ 98.121189620468513, 13.9186989929471 ] ] ], [ [ [ 98.122017516243332, 13.920058142237021 ], [ 98.122018539923701, 13.919786912577155 ], [ 98.12146319467449, 13.919784912111533 ], [ 98.121460121625589, 13.920598600951347 ], [ 98.121737795210208, 13.920599601402985 ], [ 98.121736415772816, 13.92096495039109 ], [ 98.121752325976729, 13.920949408854174 ], [ 98.121777481213726, 13.920924836509114 ], [ 98.121786552911431, 13.920915975019851 ], [ 98.121822110637964, 13.920890256951749 ], [ 98.12184475343895, 13.920870220830555 ], [ 98.121872031287495, 13.920850491405718 ], [ 98.121890194072321, 13.920838663499005 ], [ 98.121927927085196, 13.92081409113818 ], [ 98.122111396753368, 13.920681391957478 ], [ 98.122233505380507, 13.9205733406239 ], [ 98.122272125497162, 13.920546149908132 ], [ 98.122299616570871, 13.920522031925563 ], [ 98.122487183174087, 13.920392712163316 ], [ 98.12257187889783, 13.920320839432861 ], [ 98.122572862227614, 13.920060141478549 ], [ 98.122017516243332, 13.920058142237021 ] ] ], [ [ [ 98.119230517260178, 13.92276042129636 ], [ 98.119228462920205, 13.923302880070345 ], [ 98.118950786296423, 13.923301876570166 ], [ 98.118949922554165, 13.923529873223671 ], [ 98.11909996571471, 13.923442025729051 ], [ 98.11917163249916, 13.923390106093672 ], [ 98.119313786245243, 13.923306877691891 ], [ 98.11942087011748, 13.923229299811192 ], [ 98.119540184442968, 13.923159443448581 ], [ 98.119722581155145, 13.923027304423453 ], [ 98.119890839302286, 13.922878338292612 ], [ 98.119915994811223, 13.922853765681936 ], [ 98.119941150049172, 13.922829193335961 ], [ 98.119966305224395, 13.922804621051259 ], [ 98.119991460523835, 13.922780048645231 ], [ 98.120008676386206, 13.922763231706144 ], [ 98.119230517260178, 13.92276042129636 ] ] ] ] } },
{ "type": "Feature", "properties": { "zone": "B", "alpha_deg": 14.0, "label": "Within reach only of a channelised flow (alpha 14.0 deg)" }, "geometry": { "type": "MultiPolygon", "coordinates": [ [ [ [ 98.113984633832757, 13.914875657751285 ], [ 98.114262300026766, 13.914876666310306 ], [ 98.114263332348798, 13.914605437103882 ], [ 98.1139856664783, 13.914604428565287 ], [ 98.113984633832757, 13.914875657751285 ] ] ], [ [ [ 98.096522237140348, 13.906945870253942 ], [ 98.09596692639434, 13.90694381357789 ], [ 98.095964820289126, 13.907486269602728 ], [ 98.095687164303371, 13.907485240749267 ], [ 98.095689271055207, 13.90694278476612 ], [ 98.095411615738684, 13.90694175563852 ], [ 98.095410562050745, 13.907212983612292 ], [ 98.095132906433491, 13.907211954148003 ], [ 98.095135014433396, 13.906669498236081 ], [ 98.094857359485374, 13.906668468497687 ], [ 98.094856305173423, 13.906939696435831 ], [ 98.094578649924713, 13.906938666360745 ], [ 98.094577595266827, 13.907209894271922 ], [ 98.094855250838847, 13.907210924367883 ], [ 98.094853142101883, 13.907753380213691 ], [ 98.094575485883212, 13.907752350075992 ], [ 98.094576540586331, 13.907481122177003 ], [ 98.093188261449043, 13.90747596685523 ], [ 98.093187205129297, 13.907747194649769 ], [ 98.092822319476696, 13.907745838324123 ], [ 98.092734861196419, 13.907861030137477 ], [ 98.092618123619999, 13.908051282175627 ], [ 98.092521037935242, 13.908251795403494 ], [ 98.092506782206371, 13.908290713903799 ], [ 98.09249588188554, 13.908313226553416 ], [ 98.092474960088992, 13.908370343568508 ], [ 98.092467187872543, 13.908383010239104 ], [ 98.092370102050239, 13.908583523456638 ], [ 98.092293603174284, 13.908792366837483 ], [ 98.092284269696492, 13.908828763911387 ], [ 98.092627664893982, 13.908830041218222 ], [ 98.09262449358674, 13.909643724366607 ], [ 98.093457468625687, 13.90964682090406 ], [ 98.093455356247816, 13.910189276431282 ], [ 98.093733015286205, 13.910190308020447 ], [ 98.093729847519739, 13.911003991328231 ], [ 98.094007507550984, 13.911005022664158 ], [ 98.094006451906949, 13.911276250442112 ], [ 98.094561772684159, 13.91127831220795 ], [ 98.094560717664351, 13.911549540021568 ], [ 98.094838378410316, 13.911550570451459 ], [ 98.094842597060193, 13.910465659076905 ], [ 98.095120256535125, 13.910466689107405 ], [ 98.095123419314916, 13.909653005449869 ], [ 98.09595639496483, 13.909656093458212 ], [ 98.095955341697646, 13.909927321412706 ], [ 98.096233000616181, 13.909928350137873 ], [ 98.096231947649798, 13.910199578107113 ], [ 98.096509606914296, 13.910200606537213 ], [ 98.096508554248757, 13.910471834521189 ], [ 98.097063873492246, 13.910473890475309 ], [ 98.09706492551102, 13.910202662449688 ], [ 98.097620244197969, 13.910204717098534 ], [ 98.097619192826002, 13.910475945165775 ], [ 98.098452171995703, 13.910479024832123 ], [ 98.098451121571401, 13.910750252955649 ], [ 98.099284101914009, 13.910753329841096 ], [ 98.099283052437428, 13.91102455802085 ], [ 98.099560712920066, 13.911025583038256 ], [ 98.099559663744373, 13.911296811232672 ], [ 98.100114985423971, 13.911298860361201 ], [ 98.100112888298838, 13.911841316814762 ], [ 98.100390549819224, 13.911842340946608 ], [ 98.10038950154636, 13.912113569184987 ], [ 98.100111839702535, 13.912112545032391 ], [ 98.100110791083765, 13.912383773243926 ], [ 98.100666115440788, 13.912385821274642 ], [ 98.100665067446442, 13.912657049521558 ], [ 98.100942729982108, 13.912658073083705 ], [ 98.10094692053093, 13.911573159976525 ], [ 98.100669259289035, 13.9115721364973 ], [ 98.100670307193511, 13.911300908225993 ], [ 98.100392646297507, 13.911299884451566 ], [ 98.100393694502941, 13.911028656194897 ], [ 98.100116033952816, 13.911027632125279 ], [ 98.100117082459178, 13.910756403883253 ], [ 98.099839422254973, 13.910755379518456 ], [ 98.099840471062251, 13.910484151291088 ], [ 98.099285151368107, 13.910482101655244 ], [ 98.09928620079971, 13.910210873463294 ], [ 98.099008541309786, 13.910209848192272 ], [ 98.099010640752226, 13.909667391831622 ], [ 98.098732981931576, 13.909666366286238 ], [ 98.098735081930741, 13.909123909942746 ], [ 98.099290398301022, 13.90912596063453 ], [ 98.099289348959445, 13.909397188850868 ], [ 98.099567007501719, 13.909398213743696 ], [ 98.099564909397813, 13.909940670199603 ], [ 98.099842568609347, 13.909941694818054 ], [ 98.099844666066488, 13.90939923832064 ], [ 98.100122324653753, 13.909400262581688 ], [ 98.10012442137419, 13.908857806018384 ], [ 98.100402079337201, 13.90885882992206 ], [ 98.100405223279211, 13.908045144969154 ], [ 98.100682880294642, 13.908046168494746 ], [ 98.100684975496932, 13.907503711787522 ], [ 98.100962631888166, 13.907504734955795 ], [ 98.100963679132292, 13.907233506572313 ], [ 98.101241335222682, 13.90723452940402 ], [ 98.101243428996924, 13.906692072577316 ], [ 98.10096577355317, 13.906691049787057 ], [ 98.100967867884208, 13.906148592977416 ], [ 98.100412558357263, 13.906146546532355 ], [ 98.10041465389159, 13.905604089781265 ], [ 98.10124761627597, 13.905607158850765 ], [ 98.101246569489888, 13.905878387291544 ], [ 98.103190151435271, 13.905885537545588 ], [ 98.103191195958388, 13.90561430895993 ], [ 98.103746504640839, 13.905616349006054 ], [ 98.103747548494994, 13.905345120372962 ], [ 98.104025202546524, 13.905346139901662 ], [ 98.104026246055014, 13.905074911241812 ], [ 98.102915631276332, 13.905070831314914 ], [ 98.1029166760555, 13.904799602731645 ], [ 98.102083716176566, 13.904796539532766 ], [ 98.102084761903072, 13.904525311005477 ], [ 98.101807108978193, 13.904524289328325 ], [ 98.101810246992855, 13.903710603772005 ], [ 98.101532595060149, 13.903709581841207 ], [ 98.101534687604172, 13.903167124814608 ], [ 98.101812338890454, 13.903168146703987 ], [ 98.101813384805581, 13.902896918160838 ], [ 98.10153573384251, 13.90289589629217 ], [ 98.101536780058424, 13.902624667763634 ], [ 98.101814430698269, 13.902625689611591 ], [ 98.101820705583265, 13.900998318188172 ], [ 98.101543056882505, 13.900997296464471 ], [ 98.101544812831946, 13.900541999750805 ], [ 98.101623476022283, 13.900497407784362 ], [ 98.10137478077975, 13.900638386024465 ], [ 98.101337047742163, 13.900662958284993 ], [ 98.101299314291978, 13.900687530814192 ], [ 98.101261580841225, 13.900712103343791 ], [ 98.101247248010694, 13.900721437076735 ], [ 98.101198691383246, 13.900748962409494 ], [ 98.101160958345659, 13.900773534670023 ], [ 98.101129879744136, 13.900793773473286 ], [ 98.101107786180904, 13.900804564209995 ], [ 98.10085909056049, 13.900945542662848 ], [ 98.100821357522946, 13.90097011492338 ], [ 98.100807024689558, 13.900979448658202 ], [ 98.10075846806491, 13.901006973989128 ], [ 98.100720735027366, 13.901031546249655 ], [ 98.100683001577167, 13.901056118778877 ], [ 98.100578188025239, 13.901128556972226 ], [ 98.100564156675901, 13.901138836544025 ], [ 98.100492318825943, 13.901188484734082 ], [ 98.100469178614958, 13.901203553948719 ], [ 98.10043154960421, 13.90122955992439 ], [ 98.100430367533647, 13.90153566337105 ], [ 98.10015271829883, 13.901534640027412 ], [ 98.100151670556826, 13.901805868476673 ], [ 98.099874021021321, 13.901804844796585 ], [ 98.099874687098264, 13.90163247164336 ], [ 98.09983145765311, 13.901669749155085 ], [ 98.099773898335243, 13.901720862778836 ], [ 98.099760629583102, 13.901730583656384 ], [ 98.099710318262552, 13.901767442457626 ], [ 98.09966000694142, 13.901804301259309 ], [ 98.099609695621098, 13.901841160060377 ], [ 98.099552555957558, 13.901884399887781 ], [ 98.099517890965231, 13.901911489024808 ], [ 98.099496495118629, 13.901927163928745 ], [ 98.099313471587564, 13.9020762329707 ], [ 98.099147113649934, 13.902242900445074 ], [ 98.09912624931188, 13.902268640744015 ], [ 98.099079771820456, 13.902300685467905 ], [ 98.09902850643455, 13.902344189937951 ], [ 98.099038974412764, 13.902344228576244 ], [ 98.09903792531054, 13.902615456924194 ], [ 98.098745555617157, 13.902614377570801 ], [ 98.098744528305645, 13.902615444294799 ], [ 98.098602864597822, 13.9027958896506 ], [ 98.098481173775781, 13.902988227937962 ], [ 98.09848052493804, 13.903155863192481 ], [ 98.098397660790212, 13.903155557114808 ], [ 98.098378608547293, 13.903193798413481 ], [ 98.09833862999497, 13.903300031121278 ], [ 98.098083104320594, 13.903502090075696 ], [ 98.097941316390887, 13.903623892120367 ], [ 98.097923337370403, 13.903640656081789 ], [ 98.097923121979861, 13.903696268007156 ], [ 98.098200773620249, 13.903697294042763 ], [ 98.098199723435783, 13.903968522297903 ], [ 98.098477375421922, 13.903969548038543 ], [ 98.098475275631912, 13.904512004572112 ], [ 98.09875292828707, 13.904513030038553 ], [ 98.098749779402894, 13.905326714855539 ], [ 98.099305086720278, 13.905328764965722 ], [ 98.099304037693742, 13.905599993267401 ], [ 98.098748729729806, 13.905597943115675 ], [ 98.098745580575454, 13.906411627859514 ], [ 98.099023235516029, 13.9064126531556 ], [ 98.099019037621574, 13.907497566145144 ], [ 98.098741381387754, 13.907496540765957 ], [ 98.098740331534543, 13.907767768977333 ], [ 98.097907361998239, 13.907764690882356 ], [ 98.09790841282144, 13.907493462733346 ], [ 98.097630756677717, 13.907492436090786 ], [ 98.097631807801704, 13.907221207956479 ], [ 98.096521184745654, 13.907217098311076 ], [ 98.096522237140348, 13.906945870253942 ] ], [ [ 98.100429320114827, 13.901806891841055 ], [ 98.100428272673525, 13.902078120304967 ], [ 98.100150622792356, 13.902077096919847 ], [ 98.100151670556826, 13.901805868476673 ], [ 98.100429320114827, 13.901806891841055 ] ], [ [ 98.099017988091688, 13.907768794377294 ], [ 98.099016938539307, 13.908040022603343 ], [ 98.099294595442288, 13.908041047708219 ], [ 98.099293546190722, 13.908312275948942 ], [ 98.099571203439567, 13.908313300758724 ], [ 98.099570154488831, 13.90858452901411 ], [ 98.099847812083524, 13.908585553528786 ], [ 98.099846763433675, 13.90885678179883 ], [ 98.09873613189653, 13.908852681761857 ], [ 98.098737181839809, 13.90858145357487 ], [ 98.098459524335155, 13.90858042779672 ], [ 98.098461624800848, 13.908037971446019 ], [ 98.098739281658823, 13.908038997182608 ], [ 98.098740331534543, 13.907767768977333 ], [ 98.099017988091688, 13.907768794377294 ] ], [ [ 98.097901056585769, 13.909392059648392 ], [ 98.097900005604814, 13.909663287754721 ], [ 98.097622346874289, 13.909662260945762 ], [ 98.097623398178627, 13.909391032860228 ], [ 98.097901056585769, 13.909392059648392 ] ], [ [ 98.100407319128166, 13.907502688303405 ], [ 98.100406271214922, 13.907773916639329 ], [ 98.100128614545298, 13.907772892818622 ], [ 98.100129662781882, 13.907501664503442 ], [ 98.100407319128166, 13.907502688303405 ] ], [ [ 98.099578545464695, 13.906414702800317 ], [ 98.09957959423545, 13.906143474496163 ], [ 98.099301939573152, 13.906142449852476 ], [ 98.099302988644709, 13.905871221562984 ], [ 98.099858297345207, 13.90587327049303 ], [ 98.099856200472772, 13.906415727148948 ], [ 98.099578545464695, 13.906414702800317 ] ], [ [ 98.099033728676545, 13.903700370255061 ], [ 98.099032679461786, 13.903971598572543 ], [ 98.098755027430599, 13.903970573463422 ], [ 98.098756076968598, 13.903699345166714 ], [ 98.099033728676545, 13.903700370255061 ] ], [ [ 98.094567047443917, 13.909922173048379 ], [ 98.094564937607871, 13.910464628730502 ], [ 98.094287278178186, 13.910463598068182 ], [ 98.094289388660997, 13.909921142427814 ], [ 98.094567047443917, 13.909922173048379 ] ] ], [ [ [ 98.092342605265159, 13.910727602251118 ], [ 98.092064945693295, 13.91072656904057 ], [ 98.092066003555857, 13.910455341396789 ], [ 98.09178834433007, 13.910454307891257 ], [ 98.091790130895262, 13.909996373436366 ], [ 98.091778940544671, 13.910011112030912 ], [ 98.09176702082172, 13.910030537766877 ], [ 98.091753784686574, 13.910047970824587 ], [ 98.09171625566708, 13.91010913236642 ], [ 98.091716050836141, 13.910109402145251 ], [ 98.091704131103853, 13.910128827894605 ], [ 98.091690894978484, 13.910146260938301 ], [ 98.091653365940388, 13.910207422504625 ], [ 98.091653161128121, 13.910207692258844 ], [ 98.091634324918303, 13.910238389880636 ], [ 98.091626475078016, 13.910246057735407 ], [ 98.091473981781093, 13.910410407442052 ], [ 98.0913387137348, 13.910588566472937 ], [ 98.091221973672702, 13.910778819071297 ], [ 98.09112488590371, 13.9109793330099 ], [ 98.091048385483134, 13.911188177235466 ], [ 98.090993209206147, 13.911403340464988 ], [ 98.090959888510127, 13.911622750554812 ], [ 98.090959307231429, 13.91163430629307 ], [ 98.090930316702469, 13.911747357005355 ], [ 98.09089699630708, 13.911966765956576 ], [ 98.09088585225237, 13.91218830868549 ], [ 98.090885852008057, 13.912212881115556 ], [ 98.090896991770748, 13.912434424953446 ], [ 98.090930308225168, 13.912653835393451 ], [ 98.090943307160799, 13.912704529346126 ], [ 98.09095408538191, 13.912775514785174 ], [ 98.091009251781912, 13.912990667712542 ], [ 98.09107272157037, 13.913163957618716 ], [ 98.09122243659715, 13.91316451546764 ], [ 98.091221377537323, 13.913435742987614 ], [ 98.091499040275508, 13.913436777355392 ], [ 98.091497981516454, 13.913708004890211 ], [ 98.092053307707872, 13.913710072719699 ], [ 98.092055423909386, 13.913167617560203 ], [ 98.092610748897656, 13.913169684042037 ], [ 98.09261180631745, 13.912898456411289 ], [ 98.093167130749478, 13.912900521587392 ], [ 98.093169244227255, 13.912358066223948 ], [ 98.093446905830348, 13.912359098296239 ], [ 98.09344901857061, 13.91181664286659 ], [ 98.093171357614409, 13.911815610836106 ], [ 98.093172414273994, 13.911544383133039 ], [ 98.09289475366387, 13.911543350807522 ], [ 98.092900038238994, 13.910187212305246 ], [ 98.092622379268562, 13.91018617976837 ], [ 98.092623436438984, 13.909914952070535 ], [ 98.092345777814629, 13.909913919238676 ], [ 98.092342605265159, 13.910727602251118 ] ], [ [ 98.091777761449279, 13.913166583845328 ], [ 98.091778819839462, 13.912895356277364 ], [ 98.092056481976115, 13.912896389971307 ], [ 98.092055423909386, 13.913167617560203 ], [ 98.091777761449279, 13.913166583845328 ] ] ], [ [ [ 98.090583967127699, 13.919021969017168 ], [ 98.090719233121007, 13.919200128388214 ], [ 98.090665632154398, 13.919129530384373 ], [ 98.091199132035655, 13.919131519497787 ], [ 98.091198072476246, 13.919402746883538 ], [ 98.091753412211531, 13.919404816224722 ], [ 98.091754471123679, 13.919133588797079 ], [ 98.092309810302496, 13.919135656831907 ], [ 98.092310868544715, 13.918864429356296 ], [ 98.091200191572327, 13.918860292105936 ], [ 98.091201251086304, 13.91858906470798 ], [ 98.090645913383568, 13.918586994228061 ], [ 98.090644853222358, 13.918858221584097 ], [ 98.090483122848013, 13.91885761835125 ], [ 98.09046722988937, 13.918831716825327 ], [ 98.090583967127699, 13.919021969017168 ] ] ], [ [ [ 98.094085461235096, 13.923632645784654 ], [ 98.09419831791881, 13.923753615303745 ], [ 98.094235543072216, 13.923753753635548 ], [ 98.094235390860078, 13.92379283458312 ], [ 98.094229934476445, 13.923787504624052 ], [ 98.094255089942919, 13.923812077234746 ], [ 98.094299215438753, 13.923851143511929 ], [ 98.094391210283277, 13.923975822394791 ], [ 98.094556951827443, 13.924156090157327 ], [ 98.09443709990046, 13.92402573399008 ], [ 98.094512162296212, 13.924026012853899 ], [ 98.094513218356767, 13.92375478532092 ], [ 98.094790893663955, 13.923755816690065 ], [ 98.094789837927138, 13.924027044243918 ], [ 98.095345189256847, 13.924029106075256 ], [ 98.095346244346203, 13.923757878479677 ], [ 98.095068568993767, 13.923756847742983 ], [ 98.095070679752098, 13.923214392575236 ], [ 98.095903703934795, 13.923217483711509 ], [ 98.095905812660348, 13.922675028394226 ], [ 98.095072790419962, 13.922671937383077 ], [ 98.094795116385058, 13.922670906413623 ], [ 98.094793005069761, 13.923213361564049 ], [ 98.094515330410019, 13.923212330236652 ], [ 98.094514274394712, 13.923483557781836 ], [ 98.093968757715714, 13.923481530687265 ], [ 98.094085461235096, 13.923632645784654 ] ] ], [ [ [ 98.095074900997375, 13.922129482166502 ], [ 98.094797227609874, 13.922128451238784 ], [ 98.09479617200877, 13.922399678829256 ], [ 98.09507384571998, 13.922400709777836 ], [ 98.095074900997375, 13.922129482166502 ] ] ], [ [ [ 98.095353629338589, 13.921859285139734 ], [ 98.0956313024476, 13.921860315414218 ], [ 98.095630247840205, 13.922131543073375 ], [ 98.096185594773445, 13.922133602715496 ], [ 98.09618664873345, 13.921862375014653 ], [ 98.095908975579235, 13.921861345372529 ], [ 98.095911084078864, 13.921318889994218 ], [ 98.095633411594605, 13.921317860077606 ], [ 98.0956323570324, 13.921589087748965 ], [ 98.095354684247056, 13.921588057495333 ], [ 98.095353629338589, 13.921859285139734 ] ] ], [ [ [ 98.096459053502883, 13.923219542887955 ], [ 98.09673672832082, 13.92322057200186 ], [ 98.096734621447283, 13.92376302741974 ], [ 98.097012296935247, 13.923764056259071 ], [ 98.097011243788359, 13.924035283979679 ], [ 98.097288919622642, 13.924036312523603 ], [ 98.097292078024367, 13.923222629281021 ], [ 98.097014403161296, 13.923221600799545 ], [ 98.097015456240484, 13.922950373060628 ], [ 98.097293130779832, 13.922951401521287 ], [ 98.097297341576109, 13.921866490421332 ], [ 98.097019668331583, 13.921865462043936 ], [ 98.09701650929712, 13.922679145315609 ], [ 98.096738835104048, 13.922678116559565 ], [ 98.096739888461812, 13.922406888829265 ], [ 98.09646221461503, 13.922405859777843 ], [ 98.096459053502883, 13.923219542887955 ] ] ], [ [ [ 98.097275230868959, 13.927562272606711 ], [ 98.096997550825407, 13.92756124379218 ], [ 98.096998604265636, 13.927290016150918 ], [ 98.096876442449002, 13.92728956344542 ], [ 98.096945951061983, 13.927490552170594 ], [ 98.096967771523424, 13.927537599285985 ], [ 98.096972005632182, 13.92762135849544 ], [ 98.097005674620505, 13.927841897716286 ], [ 98.097008639797394, 13.927856380674221 ], [ 98.09700995878633, 13.927869266104176 ], [ 98.097043566314298, 13.928088407245003 ], [ 98.09705889710267, 13.928147853434552 ], [ 98.097062078061285, 13.928205751766564 ], [ 98.097090240171781, 13.928375281862369 ], [ 98.097272071384381, 13.928375955556314 ], [ 98.097275230868959, 13.927562272606711 ] ] ], [ [ [ 98.106706985769563, 13.930038119111064 ], [ 98.106708028076483, 13.929766890799968 ], [ 98.106430344678813, 13.92976587257548 ], [ 98.106429302047985, 13.930037100865981 ], [ 98.106706985769563, 13.930038119111064 ] ] ], [ [ [ 98.10726599773372, 13.929226471480497 ], [ 98.107265478190087, 13.92922646957696 ], [ 98.107265472677966, 13.929227904908219 ], [ 98.10726599773372, 13.929226471480497 ] ] ], [ [ [ 98.107266519782272, 13.928955241206374 ], [ 98.106988837311619, 13.92895422367639 ], [ 98.106987795395554, 13.929225452026392 ], [ 98.107265478190087, 13.92922646957696 ], [ 98.107266519782272, 13.928955241206374 ] ] ], [ [ [ 98.107269644424946, 13.928141556057996 ], [ 98.106991962925889, 13.928140538589775 ], [ 98.106989879205358, 13.928682995320289 ], [ 98.107267561352131, 13.928684012829684 ], [ 98.107269644424946, 13.928141556057996 ] ] ], [ [ [ 98.106997171836667, 13.926784396656686 ], [ 98.106719491979121, 13.92678337897509 ], [ 98.106718449917764, 13.92705460735332 ], [ 98.106996130099148, 13.927055625055511 ], [ 98.106997171836667, 13.926784396656686 ] ] ], [ [ [ 98.107275893107925, 13.926514185596464 ], [ 98.107276934477014, 13.926242957164852 ], [ 98.106999255244759, 13.926241939840732 ], [ 98.106998213551876, 13.926513168251757 ], [ 98.107275893107925, 13.926514185596464 ] ] ], [ [ [ 98.107274851716539, 13.926785414021978 ], [ 98.107552531618722, 13.926786431070971 ], [ 98.1075535726863, 13.926515202624879 ], [ 98.107275893107925, 13.926514185596464 ], [ 98.107274851716539, 13.926785414021978 ] ] ], [ [ [ 98.108383491199959, 13.92733193731741 ], [ 98.108661171838975, 13.927332953142301 ], [ 98.108663251450395, 13.926790496103921 ], [ 98.108385571459053, 13.926789480320135 ], [ 98.108383491199959, 13.92733193731741 ] ] ], [ [ [ 98.110087447675468, 13.925403543333159 ], [ 98.11009127333088, 13.925398504571392 ], [ 98.110102623776726, 13.925380006371638 ], [ 98.110197534044545, 13.925313184348912 ], [ 98.110245435399804, 13.925271160401378 ], [ 98.110272999926792, 13.925251753457506 ], [ 98.11042719255714, 13.925116479885059 ], [ 98.110438043300192, 13.92511032889699 ], [ 98.110535354835378, 13.925070955340589 ], [ 98.11056051050079, 13.925058669023093 ], [ 98.110585665896707, 13.925046382837216 ], [ 98.110610821291914, 13.925034096651689 ], [ 98.110635976687306, 13.925021810466067 ], [ 98.110745234530128, 13.924961554963868 ], [ 98.110935690975751, 13.925008154394972 ], [ 98.111160318222971, 13.925040701298268 ], [ 98.111183981606544, 13.92504183684472 ], [ 98.111260940499491, 13.925052987609556 ], [ 98.111397440189052, 13.925059537834878 ], [ 98.111437028722264, 13.925065273915004 ], [ 98.111663840435483, 13.92507615792748 ], [ 98.111726729766787, 13.925076157963948 ], [ 98.111953541509138, 13.925065274213171 ], [ 98.112082545301831, 13.925046582662876 ], [ 98.112205096779135, 13.925040701879373 ], [ 98.112429724119409, 13.925008155204321 ], [ 98.112612865782495, 13.924963345703905 ], [ 98.112646717874469, 13.924958391857496 ], [ 98.112866699104984, 13.924904260816872 ], [ 98.113080196678339, 13.924829349917067 ], [ 98.113285158622688, 13.924734379141515 ], [ 98.113479615010164, 13.924620261273406 ], [ 98.113661696891526, 13.924488093122104 ], [ 98.113829654259789, 13.924339144980829 ], [ 98.113981872870383, 13.924174848416767 ], [ 98.114116889755991, 13.92399678251121 ], [ 98.114233407287045, 13.923806658681835 ], [ 98.114330305642568, 13.923606304233177 ], [ 98.114406653571791, 13.923397644793322 ], [ 98.114461717342948, 13.923182685805774 ], [ 98.114466282952506, 13.923152588571158 ], [ 98.114474204375725, 13.92312169748933 ], [ 98.114474240657515, 13.923121458560713 ], [ 98.114475654154901, 13.923115946361955 ], [ 98.114660781967984, 13.923224335519597 ], [ 98.114866066120697, 13.92331917677943 ], [ 98.115079879125076, 13.923393906571953 ], [ 98.115284812349913, 13.923444049492421 ], [ 98.115327554925727, 13.923481891356948 ], [ 98.11550995176583, 13.923614030703421 ], [ 98.115704730577775, 13.923728070314768 ], [ 98.115910015425968, 13.923822911850181 ], [ 98.11612382918068, 13.92389764186767 ], [ 98.116344112561208, 13.923951540622378 ], [ 98.116568743970504, 13.923984088999285 ], [ 98.116742859508605, 13.923992444528261 ], [ 98.116769988056319, 13.923996375354777 ], [ 98.116996804078966, 13.924007259849743 ], [ 98.117021959811481, 13.924007259864243 ], [ 98.117269668517991, 13.923994272054646 ], [ 98.117514530423122, 13.923955457626974 ], [ 98.117528696906987, 13.923951655739828 ], [ 98.11767506689759, 13.923931639282889 ], [ 98.117883833252421, 13.923883498778828 ], [ 98.118087138770434, 13.923816682188253 ], [ 98.118126214593971, 13.923799760733312 ], [ 98.11826580478764, 13.923779534701639 ], [ 98.118486088121344, 13.923725636223169 ], [ 98.118699901885023, 13.923650906461152 ], [ 98.118905186794436, 13.923556065151645 ], [ 98.118949922554165, 13.923529873223671 ], [ 98.118950786296423, 13.923301876570166 ], [ 98.119228462920205, 13.923302880070345 ], [ 98.119230517260178, 13.92276042129636 ], [ 98.120008676386206, 13.922763231706144 ], [ 98.120016615761273, 13.922755476299754 ], [ 98.120041770899263, 13.922730904051408 ], [ 98.120066926236291, 13.922706331608664 ], [ 98.1200920814738, 13.922681759263117 ], [ 98.120104659024122, 13.922669473157208 ], [ 98.120257152062791, 13.922505121785832 ], [ 98.120260747846928, 13.922500385786853 ], [ 98.120370350573822, 13.922382259963372 ], [ 98.120389859420158, 13.92235656489995 ], [ 98.120445816115009, 13.922296256795356 ], [ 98.120470629394475, 13.922263575272538 ], [ 98.120508704142495, 13.922222539675348 ], [ 98.120538821781082, 13.922182871784964 ], [ 98.120559014443373, 13.922161108856791 ], [ 98.12058382770428, 13.922128427355442 ], [ 98.12059113446, 13.922120552397722 ], [ 98.120595185373517, 13.922116595350907 ], [ 98.120663875654174, 13.922042563532631 ], [ 98.120733538976367, 13.921981447649129 ], [ 98.120738272093732, 13.921976824207199 ], [ 98.120766026487047, 13.921952264939101 ], [ 98.120344298845865, 13.921950743522233 ], [ 98.120345324622008, 13.92167951402662 ], [ 98.119789975105007, 13.921677509483285 ], [ 98.119792027886106, 13.921135050554916 ], [ 98.119236679751836, 13.921133044828039 ], [ 98.119239760700538, 13.92031935651155 ], [ 98.118962087637414, 13.920318353234782 ], [ 98.118961060352859, 13.920589582659401 ], [ 98.118683386988096, 13.920588579046163 ], [ 98.118682359357862, 13.92085980844436 ], [ 98.118404685691459, 13.920858804494642 ], [ 98.118403657715518, 13.921130033866429 ], [ 98.117848309801445, 13.921128024977827 ], [ 98.117846252488732, 13.921670483621771 ], [ 98.118123927082124, 13.921671488264829 ], [ 98.118122898716393, 13.921942717597988 ], [ 98.117567548904262, 13.921940707955013 ], [ 98.117566519869087, 13.922211937241393 ], [ 98.117011169497758, 13.922209926292952 ], [ 98.117013228840847, 13.921667467795494 ], [ 98.115902530952624, 13.921663442267214 ], [ 98.115899438020435, 13.922477129759804 ], [ 98.115621762632486, 13.922476122526113 ], [ 98.11562279395568, 13.922204893388404 ], [ 98.115345118913538, 13.922203885858904 ], [ 98.115344087266635, 13.922475114976223 ], [ 98.114788736601255, 13.922473098927828 ], [ 98.114789768895577, 13.922201869851316 ], [ 98.114512093919771, 13.922200861373227 ], [ 98.114511061301741, 13.922472090429325 ], [ 98.114233386024367, 13.922471081614621 ], [ 98.114234418966106, 13.92219985257894 ], [ 98.113401394237926, 13.92219682429891 ], [ 98.113402428128637, 13.921925595318427 ], [ 98.112569404570948, 13.92192256425399 ], [ 98.112570439410604, 13.92165133532875 ], [ 98.112292765259411, 13.921650324362023 ], [ 98.112291730096075, 13.921921553266795 ], [ 98.111736381212864, 13.921919530343851 ], [ 98.111734309524806, 13.922461988053199 ], [ 98.111456634469079, 13.922460976076477 ], [ 98.111453525799362, 13.923274662533309 ], [ 98.111731201826245, 13.92327567457148 ], [ 98.111730165882335, 13.923546903398705 ], [ 98.112007842255153, 13.92354791514113 ], [ 98.11200577094823, 13.924090372818235 ], [ 98.111728093927923, 13.924089361034856 ], [ 98.111726021884692, 13.924631818646604 ], [ 98.111448344239065, 13.92463080650602 ], [ 98.111447307860388, 13.924902035282257 ], [ 98.110614274085407, 13.924898996901501 ], [ 98.11061531143541, 13.924627768186751 ], [ 98.110337633878615, 13.924626754781157 ], [ 98.110336596204874, 13.924897983475399 ], [ 98.109225884905072, 13.924893926608409 ], [ 98.109224845913971, 13.925165155214453 ], [ 98.109780202166931, 13.925167184321527 ], [ 98.10977916380115, 13.925438412962528 ], [ 98.110070049374684, 13.925439475287451 ], [ 98.110087447675468, 13.925403543333159 ] ] ], [ [ [ 98.120357632221214, 13.918424759603649 ], [ 98.120079961335549, 13.918423757733482 ], [ 98.120077909641594, 13.918966216824385 ], [ 98.120355581174479, 13.918967218735121 ], [ 98.120357632221214, 13.918424759603649 ] ] ], [ [ [ 98.12063530312885, 13.918425761157708 ], [ 98.120634277940084, 13.918696990746771 ], [ 98.120911949193314, 13.918697992004994 ], [ 98.120910924306216, 13.918969221608227 ], [ 98.121188595905025, 13.918970222570598 ], [ 98.121189620468513, 13.9186989929471 ], [ 98.12174496308478, 13.918700993882963 ], [ 98.121743939168525, 13.918972223546973 ], [ 98.122021610833201, 13.918973223560975 ], [ 98.122020587218643, 13.919244453239134 ], [ 98.121465243263984, 13.919242452854505 ], [ 98.121464218980208, 13.919513682486068 ], [ 98.122574908271829, 13.919517682071774 ], [ 98.122852580649564, 13.919518681177864 ], [ 98.12285360331515, 13.919247451445109 ], [ 98.122575931261068, 13.919246452359246 ], [ 98.122577977173719, 13.918703992915894 ], [ 98.122300305788812, 13.918702993554366 ], [ 98.122302352261002, 13.918160534127091 ], [ 98.122024681545241, 13.918159534489925 ], [ 98.122023657996493, 13.91843076418637 ], [ 98.121745986979064, 13.918429764212862 ], [ 98.121747010851422, 13.918158534536657 ], [ 98.120358657711606, 13.918153530028773 ], [ 98.120357632221214, 13.918424759603649 ], [ 98.12063530312885, 13.918425761157708 ] ] ], [ [ [ 98.123920049367271, 13.918280922041458 ], [ 98.1239533659123, 13.918061513195013 ], [ 98.123961725218308, 13.91789526790139 ], [ 98.123691727753851, 13.917894297747488 ], [ 98.123689684561583, 13.918436757389147 ], [ 98.123879914406459, 13.918437440979535 ], [ 98.123864876859201, 13.918496084574391 ], [ 98.123920049367271, 13.918280922041458 ] ] ], [ [ [ 98.116761296767919, 13.914885729120439 ], [ 98.117038963182935, 13.914886734519222 ], [ 98.117039992269795, 13.914615505108912 ], [ 98.117317658383342, 13.914616510171319 ], [ 98.117319715843891, 13.914074051291703 ], [ 98.117597381332487, 13.914075055997396 ], [ 98.117599438057809, 13.91353259705271 ], [ 98.117877102921469, 13.913533601401717 ], [ 98.117878130927579, 13.913262371899883 ], [ 98.118155795489798, 13.913263375912569 ], [ 98.1181568231504, 13.912992146384312 ], [ 98.118157850788975, 13.912720916849958 ], [ 98.117880186873691, 13.912719912877945 ], [ 98.117879158911663, 13.912991142391963 ], [ 98.117601494694966, 13.912990138083636 ], [ 98.117600466387415, 13.91326136757122 ], [ 98.117322801869278, 13.913260362926566 ], [ 98.11732177321619, 13.913531592387708 ], [ 98.117044108396641, 13.913530587406713 ], [ 98.117043079398016, 13.913801816841406 ], [ 98.115377089003275, 13.913795780197358 ], [ 98.115376058041633, 13.914067009503704 ], [ 98.115931388731852, 13.914069023023153 ], [ 98.115930358395104, 13.914340252364179 ], [ 98.116485689820706, 13.914342264660364 ], [ 98.116483630374987, 13.914884723405628 ], [ 98.116205964004109, 13.914883717374797 ], [ 98.116204933924621, 13.915154946717912 ], [ 98.116760267335465, 13.915156958504289 ], [ 98.116761296767919, 13.914885729120439 ] ] ], [ [ [ 98.118432432714911, 13.913535609151756 ], [ 98.118154767807184, 13.913534605434732 ], [ 98.118152712375817, 13.91407706446077 ], [ 98.118430377930537, 13.91407806821845 ], [ 98.118431405333737, 13.913806838688149 ], [ 98.118709070586988, 13.913807842109501 ], [ 98.11871009764468, 13.913536612552786 ], [ 98.118987762596447, 13.913537615637821 ], [ 98.118989815998816, 13.912995156465472 ], [ 98.118712151693984, 13.912994153421065 ], [ 98.118711124680331, 13.913265382989973 ], [ 98.118433460074058, 13.913264379609265 ], [ 98.118432432714911, 13.913535609151756 ] ] ], [ [ [ 98.120929368913394, 13.914087087817284 ], [ 98.120931417874885, 13.913544628385267 ], [ 98.120653752769158, 13.913543627512185 ], [ 98.120654777540452, 13.913272397807303 ], [ 98.120377112780176, 13.913271396638503 ], [ 98.120378137852967, 13.913000166947803 ], [ 98.120100473438157, 13.912999165483301 ], [ 98.120101498812431, 13.912727935806789 ], [ 98.119823834743073, 13.912726934046592 ], [ 98.119824860418831, 13.912455704384275 ], [ 98.119547196694924, 13.912454702328402 ], [ 98.119549248627365, 13.911912243026075 ], [ 98.119826911704379, 13.911913245041358 ], [ 98.119827937314156, 13.91164201536076 ], [ 98.119550274560595, 13.911641013365768 ], [ 98.119551300471812, 13.911369783699371 ], [ 98.119273638063689, 13.911368781408735 ], [ 98.119272611829032, 13.911640011054834 ], [ 98.118994949119468, 13.911639008427946 ], [ 98.118992895937239, 13.912181467661242 ], [ 98.11871523260281, 13.912180464677776 ], [ 98.11871317868561, 13.912722923846067 ], [ 98.11899084266696, 13.912723926870157 ], [ 98.118989815998816, 13.912995156465472 ], [ 98.119545144674476, 13.912997161606347 ], [ 98.119542066478829, 13.91381085047756 ], [ 98.1200973971834, 13.913812854476264 ], [ 98.120098422623627, 13.913541624818036 ], [ 98.120376087685415, 13.913542626323109 ], [ 98.120374037429926, 13.91408508567403 ], [ 98.120651703160675, 13.91408608690366 ], [ 98.120929368913394, 13.914087087817284 ] ] ], [ [ [ 98.110677511765644, 13.908354034140777 ], [ 98.110676475748988, 13.908625263221394 ], [ 98.110954134237829, 13.908626275101181 ], [ 98.110955169931117, 13.908355046000064 ], [ 98.110677511765644, 13.908354034140777 ] ] ], [ [ [ 98.110120122152395, 13.908894467547698 ], [ 98.11011908544458, 13.909165696575108 ], [ 98.110396744535677, 13.909166709127668 ], [ 98.110397780920152, 13.908895480079748 ], [ 98.110120122152395, 13.908894467547698 ] ] ], [ [ [ 98.110400889940166, 13.908081792899415 ], [ 98.11040192623571, 13.907810563827114 ], [ 98.110124268761368, 13.907809551377118 ], [ 98.11012323214247, 13.908080780428905 ], [ 98.110400889940166, 13.908081792899415 ] ] ], [ [ [ 98.105619205109292, 13.924067021792084 ], [ 98.105618161976167, 13.924338250148905 ], [ 98.105895838830293, 13.924339268910146 ], [ 98.105896881639651, 13.924068040532712 ], [ 98.105619205109292, 13.924067021792084 ] ] ], [ [ [ 98.115070539672672, 13.921389190685856 ], [ 98.115069507768396, 13.921660419801075 ], [ 98.115902530952624, 13.921663442267214 ], [ 98.11590356188583, 13.921392213090817 ], [ 98.115348213721632, 13.921390198470354 ], [ 98.115351308330744, 13.920576511026914 ], [ 98.115073635252827, 13.920575503303613 ], [ 98.115075698862356, 13.920033045018291 ], [ 98.114520354067494, 13.920031028704852 ], [ 98.114522418883141, 13.919488570476769 ], [ 98.114244747166182, 13.919487561886671 ], [ 98.114245779864461, 13.9192163327839 ], [ 98.113968108493253, 13.919215323898092 ], [ 98.11396914149303, 13.91894409480965 ], [ 98.112858457524226, 13.918940056186928 ], [ 98.11285432021414, 13.92002497217706 ], [ 98.11340966474333, 13.920026992284235 ], [ 98.113408631007687, 13.920298221307418 ], [ 98.113686303629166, 13.920299230907226 ], [ 98.113685270195049, 13.920570459944745 ], [ 98.113962943162335, 13.920571469248834 ], [ 98.11396191002973, 13.920842698300685 ], [ 98.114239583342822, 13.920843707309039 ], [ 98.114237517658538, 13.921386165435299 ], [ 98.113959843698098, 13.921385156386092 ], [ 98.113958810499057, 13.921656385419649 ], [ 98.114791833417868, 13.921659411679991 ], [ 98.114792865645839, 13.921388182585179 ], [ 98.115070539672672, 13.921389190685856 ] ], [ [ 98.113412765817301, 13.919213305178102 ], [ 98.113411732148137, 13.919484534219578 ], [ 98.113134060519741, 13.919483524364948 ], [ 98.113135094512543, 13.919212295343915 ], [ 98.113412765817301, 13.919213305178102 ] ] ], [ [ [ 98.093142819240811, 13.919138756513275 ], [ 98.093141761946782, 13.919409984045535 ], [ 98.093419431961834, 13.91941101666133 ], [ 98.093420488932239, 13.919139789108165 ], [ 98.093142819240811, 13.919138756513275 ] ] ], [ [ [ 98.09286620716702, 13.918866496084815 ], [ 98.092588537844534, 13.918865462878609 ], [ 98.092587479925925, 13.919136690375149 ], [ 98.092865149572035, 13.919137723602271 ], [ 98.09286620716702, 13.918866496084815 ] ] ], [ [ [ 98.094533279208378, 13.918601461034809 ], [ 98.094534334816416, 13.918330233379784 ], [ 98.095089672506631, 13.918332294967058 ], [ 98.095090727444841, 13.918061067264196 ], [ 98.094813058912038, 13.918060036649472 ], [ 98.09481411415122, 13.917788808961372 ], [ 98.094258777800619, 13.917786746825403 ], [ 98.093703441540541, 13.91778468342509 ], [ 98.093702385006992, 13.918055911029663 ], [ 98.094257721914246, 13.918057974471751 ], [ 98.094255610073603, 13.918600429746144 ], [ 98.094533279208378, 13.918601461034809 ] ] ], [ [ [ 98.096195079600463, 13.919692553188243 ], [ 98.094251386120732, 13.919685340221715 ], [ 98.094248217918434, 13.920499023014326 ], [ 98.093970546540874, 13.920497991263359 ], [ 98.093969490104513, 13.920769218827804 ], [ 98.093691818425938, 13.920768186739798 ], [ 98.093690761643273, 13.921039414277251 ], [ 98.093968433645514, 13.921040446386151 ], [ 98.093967377163878, 13.921311673938391 ], [ 98.093689704837956, 13.921310641808605 ], [ 98.093687591159394, 13.921853096852995 ], [ 98.093965264132677, 13.921854129024572 ], [ 98.093964207583113, 13.922125356558503 ], [ 98.094241880902743, 13.922126388434787 ], [ 98.09424399333183, 13.921583933319045 ], [ 98.094521666026708, 13.921584964837377 ], [ 98.094520610147171, 13.921856192419181 ], [ 98.094798283188354, 13.921857223642215 ], [ 98.09479933874421, 13.921585996039537 ], [ 98.095077011484321, 13.921587026925522 ], [ 98.095079121880843, 13.921044571660131 ], [ 98.095912138294793, 13.921047662295912 ], [ 98.095911084078864, 13.921318889994218 ], [ 98.096188756585718, 13.921319919594659 ], [ 98.096190864347633, 13.920777464150259 ], [ 98.096468536229736, 13.920778493392865 ], [ 98.096473803621066, 13.919422354570914 ], [ 98.096196133357211, 13.919421325432481 ], [ 98.096195079600463, 13.919692553188243 ] ] ], [ [ [ 98.107299838952528, 13.920275930125692 ], [ 98.107577511084997, 13.92027694668079 ], [ 98.107576470530375, 13.920548175267204 ], [ 98.107854143008808, 13.920549191526726 ], [ 98.107856223448451, 13.920006734306654 ], [ 98.108133895301876, 13.920007750208891 ], [ 98.108134935164614, 13.919736521569137 ], [ 98.107857263634841, 13.919735505687466 ], [ 98.107858303798949, 13.919464277062183 ], [ 98.107580632615083, 13.919463260884948 ], [ 98.107581673080531, 13.919192032274132 ], [ 98.107304002242614, 13.919191015801347 ], [ 98.107305043009362, 13.918919787205013 ], [ 98.107027372517379, 13.91891877043669 ], [ 98.107025290314311, 13.91946122758209 ], [ 98.107302961453556, 13.919462244391584 ], [ 98.107300879808506, 13.920004701553754 ], [ 98.107299838952528, 13.920275930125692 ] ] ], [ [ [ 98.112045110602395, 13.913783672781507 ], [ 98.111767445879707, 13.913782661776205 ], [ 98.111766410712633, 13.914053890816872 ], [ 98.112044075758817, 13.914054901842649 ], [ 98.112045110602395, 13.913783672781507 ] ] ], [ [ [ 98.113997024118135, 13.911620907116946 ], [ 98.113719361827989, 13.911619898487062 ], [ 98.113718329102525, 13.911891127719688 ], [ 98.113995991716109, 13.911892136370001 ], [ 98.113997024118135, 13.911620907116946 ] ] ], [ [ [ 98.11316713729822, 13.910804192667644 ], [ 98.113444798573795, 13.910805201868095 ], [ 98.113445831534108, 13.910533972631526 ], [ 98.113168170581929, 13.910532963451519 ], [ 98.113169203843484, 13.910261734229296 ], [ 98.11289154323687, 13.910260724753819 ], [ 98.112890509651905, 13.910531953955592 ], [ 98.112335187858392, 13.910529934015976 ], [ 98.112334153604436, 13.910801163170738 ], [ 98.112611814813533, 13.910802173318968 ], [ 98.112609746885951, 13.911344631651126 ], [ 98.112887408764053, 13.91134564152434 ], [ 98.11288637509044, 13.911616870701733 ], [ 98.113164037314135, 13.911617880279454 ], [ 98.113166103992342, 13.91107542187768 ], [ 98.11316713729822, 13.910804192667644 ] ] ], [ [ [ 98.113723492508413, 13.910534981495612 ], [ 98.11372452512316, 13.910263752232513 ], [ 98.113446864472252, 13.910262743388861 ], [ 98.113445831534108, 13.910533972631526 ], [ 98.113723492508413, 13.910534981495612 ] ] ], [ [ [ 98.113726590286234, 13.90972129368803 ], [ 98.113171270300128, 13.90971927576657 ], [ 98.113169203843484, 13.910261734229296 ], [ 98.113446864472252, 13.910262743388861 ], [ 98.113447897388241, 13.909991514140103 ], [ 98.113725557715767, 13.909992522963314 ], [ 98.113726590286234, 13.90972129368803 ] ] ], [ [ [ 98.114004250312504, 13.909722302174906 ], [ 98.11400321806542, 13.909993531470624 ], [ 98.114280878437228, 13.909994539662021 ], [ 98.114279846491414, 13.910265768972073 ], [ 98.114835167948186, 13.910267784447973 ], [ 98.114836199247208, 13.909996555097097 ], [ 98.115113859685366, 13.909997562340774 ], [ 98.115114890638878, 13.909726332963404 ], [ 98.114837230524103, 13.90972532574013 ], [ 98.114838261778885, 13.90945409637707 ], [ 98.114560602009604, 13.909453088858307 ], [ 98.114559570431439, 13.909724318200961 ], [ 98.114281910360901, 13.909723310345885 ], [ 98.114282942262449, 13.909452081023648 ], [ 98.114005282537434, 13.909451072873093 ], [ 98.1140073469209, 13.908908614251185 ], [ 98.113729687864762, 13.908907605825595 ], [ 98.113726590286234, 13.90972129368803 ], [ 98.114004250312504, 13.909722302174906 ] ] ], [ [ [ 98.114834136627053, 13.910539013792752 ], [ 98.115111797712018, 13.910540021077233 ], [ 98.115112828709741, 13.910268791712053 ], [ 98.114835167948186, 13.910267784447973 ], [ 98.114834136627053, 13.910539013792752 ] ] ], [ [ [ 98.116492897185353, 13.912443658859926 ], [ 98.116491867628056, 13.912714888278275 ], [ 98.11676953143305, 13.912715893830153 ], [ 98.116768502177152, 13.912987123262775 ], [ 98.117046166327697, 13.912988128519041 ], [ 98.117049253058823, 13.912174440141822 ], [ 98.116771589878667, 13.912173434946631 ], [ 98.116772619068371, 13.911902205495727 ], [ 98.116217293421144, 13.911900194198209 ], [ 98.116215233725882, 13.912442653012448 ], [ 98.116492897185353, 13.912443658859926 ] ] ], [ [ [ 98.11092823468627, 13.915407000648106 ], [ 98.110927198415439, 13.915678229590727 ], [ 98.11120486533612, 13.915679241687481 ], [ 98.111205901283441, 13.91540801272436 ], [ 98.11092823468627, 13.915407000648106 ] ] ], [ [ [ 98.105928155531686, 13.915931186372868 ], [ 98.106205822374989, 13.915932204178947 ], [ 98.106204780559423, 13.916203432759996 ], [ 98.106482447748604, 13.91620445027063 ], [ 98.106483489240631, 13.915933221668984 ], [ 98.107038823038863, 13.915935255700912 ], [ 98.107040904661801, 13.915392798396946 ], [ 98.106763238398599, 13.915391781580185 ], [ 98.106762197274762, 13.915663010214626 ], [ 98.105929197648479, 13.915659957806335 ], [ 98.105928155531686, 13.915931186372868 ] ] ], [ [ [ 98.107896774199546, 13.909428813639687 ], [ 98.107898852811346, 13.908886355919622 ], [ 98.107065877176026, 13.908883308847075 ], [ 98.107067957638819, 13.908340851226093 ], [ 98.106234984144407, 13.908337801434202 ], [ 98.106232901741478, 13.908880258931614 ], [ 98.106510560197336, 13.908881275885982 ], [ 98.106508478351827, 13.909423733400216 ], [ 98.106786137476746, 13.909424750079895 ], [ 98.107896774199546, 13.909428813639687 ] ] ], [ [ [ 98.108450015287261, 13.90997330130215 ], [ 98.108727675215022, 13.909974315811684 ], [ 98.108728713606482, 13.909703086905223 ], [ 98.109006373233129, 13.909704101078304 ], [ 98.109007411278952, 13.909432872145199 ], [ 98.108452092694691, 13.909430843524229 ], [ 98.108450015287261, 13.90997330130215 ] ] ], [ [ [ 98.109302708481138, 13.904822992837447 ], [ 98.109025054652037, 13.90482197934994 ], [ 98.109024016984634, 13.905093208386646 ], [ 98.109301671137004, 13.905094221894689 ], [ 98.109298558971076, 13.905907909029862 ], [ 98.109576214115521, 13.905908922283707 ], [ 98.109572065542622, 13.906993838460757 ], [ 98.109849722002522, 13.906994851480892 ], [ 98.109847648229248, 13.907537309573897 ], [ 98.110125305358039, 13.907538322319233 ], [ 98.110128415014628, 13.906724635109022 ], [ 98.110406071195683, 13.906725647476977 ], [ 98.110407107380112, 13.906454418374203 ], [ 98.110129451522369, 13.906453406026767 ], [ 98.110131524471143, 13.905910947843967 ], [ 98.110409179682293, 13.905911960150384 ], [ 98.110410215800059, 13.905640731029333 ], [ 98.110687870710166, 13.905641742999434 ], [ 98.110688906482409, 13.905370513851782 ], [ 98.109855942788627, 13.905367477055611 ], [ 98.109860089534592, 13.904282560650223 ], [ 98.109582436307505, 13.904281547835334 ], [ 98.10958139933112, 13.904552776925296 ], [ 98.109303745803018, 13.904551763774105 ], [ 98.109302708481138, 13.904822992837447 ] ] ], [ [ [ 98.108197286150087, 13.903462792026033 ], [ 98.108199363134844, 13.902920333996711 ], [ 98.107921711657454, 13.90291931939001 ], [ 98.107923789199518, 13.902376861377439 ], [ 98.107646138390834, 13.902375846496135 ], [ 98.107647177451625, 13.90210461750128 ], [ 98.106536575732633, 13.902100554901152 ], [ 98.106535535379066, 13.902371783813667 ], [ 98.105702583354585, 13.902368733486696 ], [ 98.105703624677716, 13.902097504636004 ], [ 98.104870673823882, 13.902094451529383 ], [ 98.104869631531159, 13.902365680318198 ], [ 98.104591980968067, 13.902364661963917 ], [ 98.104590938329792, 13.902635890725998 ], [ 98.104313287465871, 13.902634872035346 ], [ 98.104312244482017, 13.902906100770691 ], [ 98.104034593317266, 13.902905081743654 ], [ 98.104033549987818, 13.903176310452251 ], [ 98.104311201475795, 13.90317732949994 ], [ 98.104310158447177, 13.903448558223097 ], [ 98.104587810280748, 13.903449576975685 ], [ 98.104585724802874, 13.903992034445011 ], [ 98.104308072322851, 13.903991015651126 ], [ 98.104307029227115, 13.904262244356005 ], [ 98.104029376446235, 13.904261225225708 ], [ 98.104028333004877, 13.904532453903835 ], [ 98.104305986109011, 13.904533473054785 ], [ 98.10430494296854, 13.904804701747475 ], [ 98.10402728954115, 13.904803682575871 ], [ 98.104026246055014, 13.905074911241812 ], [ 98.105414515031967, 13.905080004045198 ], [ 98.105415556901775, 13.904808775276059 ], [ 98.105693210440975, 13.904809792868747 ], [ 98.10569425196519, 13.904538564072892 ], [ 98.107360171729781, 13.904544662874006 ], [ 98.107361211292158, 13.904273433948468 ], [ 98.106528252279176, 13.904270386030674 ], [ 98.106534495003189, 13.902643012720089 ], [ 98.107367448198147, 13.902646060267296 ], [ 98.107366408769565, 13.902917289229391 ], [ 98.107644060202361, 13.902918304467571 ], [ 98.107641981924729, 13.903460762414628 ], [ 98.107919634026274, 13.903461777378208 ], [ 98.108197286150087, 13.903462792026033 ] ], [ [ 98.105695293467051, 13.904267335270942 ], [ 98.105696334946572, 13.903996106462905 ], [ 98.10541868237712, 13.903995088932076 ], [ 98.105419724157542, 13.903723860138561 ], [ 98.105975028672333, 13.903725894843221 ], [ 98.105972946382096, 13.904268352506627 ], [ 98.105695293467051, 13.904267335270942 ] ] ], [ [ [ 98.122662925160924, 13.920243577553423 ], [ 98.122822436584784, 13.920077948920262 ], [ 98.122835674582049, 13.920061087160176 ], [ 98.122572862227614, 13.920060141478549 ], [ 98.12257187889783, 13.920320839432861 ], [ 98.122662925160924, 13.920243577553423 ] ] ], [ [ [ 98.122573885260678, 13.919788911778209 ], [ 98.122018539923701, 13.919786912577155 ], [ 98.122017516243332, 13.920058142237021 ], [ 98.122572862227614, 13.920060141478549 ], [ 98.122573885260678, 13.919788911778209 ] ] ], [ [ [ 98.096734621447283, 13.92376302741974 ], [ 98.096456945981899, 13.923761998264181 ], [ 98.096454838370576, 13.924304453615992 ], [ 98.09617716228027, 13.924303424102538 ], [ 98.096176108116993, 13.924574651748456 ], [ 98.095898431725516, 13.924573621897917 ], [ 98.095897377215891, 13.924844849516887 ], [ 98.096730407429348, 13.924847938182266 ], [ 98.096731460967689, 13.924576710500791 ], [ 98.097009137426909, 13.924577739402592 ], [ 98.097010190618917, 13.924306511694185 ], [ 98.096732514483449, 13.92430548281321 ], [ 98.096734621447283, 13.92376302741974 ] ] ], [ [ [ 98.106712197080881, 13.928681977494549 ], [ 98.106711154863277, 13.928953205830057 ], [ 98.106988837311619, 13.92895422367639 ], [ 98.106989879205358, 13.928682995320289 ], [ 98.106712197080881, 13.928681977494549 ] ] ], [ [ [ 98.11396087687497, 13.92111392734644 ], [ 98.113127856097535, 13.921110898363075 ], [ 98.113126821949606, 13.921382127341417 ], [ 98.113959843698098, 13.921385156386092 ], [ 98.11396087687497, 13.92111392734644 ] ] ], [ [ [ 98.117050281925074, 13.911903210670555 ], [ 98.11705131076927, 13.911631981193196 ], [ 98.116773648235991, 13.911630976038726 ], [ 98.116772619068371, 13.911902205495727 ], [ 98.117050281925074, 13.911903210670555 ] ] ], [ [ [ 98.100941682288735, 13.912929301345256 ], [ 98.101219345170335, 13.912930324612159 ], [ 98.101220392540242, 13.912659096329888 ], [ 98.100942729982108, 13.912658073083705 ], [ 98.100941682288735, 13.912929301345256 ] ] ], [ [ [ 98.094836268949678, 13.912093026102147 ], [ 98.09566925326385, 13.912096115621347 ], [ 98.095671360783882, 13.911553659845504 ], [ 98.094838378410316, 13.911550570451459 ], [ 98.094836268949678, 13.912093026102147 ] ] ], [ [ [ 98.092052249573086, 13.913981300290292 ], [ 98.092329913026319, 13.913982333751987 ], [ 98.092330970837622, 13.913711106160461 ], [ 98.092053307707872, 13.913710072719699 ], [ 98.092052249573086, 13.913981300290292 ] ] ], [ [ [ 98.096467482683735, 13.921049721138951 ], [ 98.096745154912071, 13.921050750086229 ], [ 98.096746208134405, 13.920779522319313 ], [ 98.096468536229736, 13.920778493392865 ], [ 98.096467482683735, 13.921049721138951 ] ] ], [ [ [ 98.108116214225362, 13.924618636151354 ], [ 98.108115173961465, 13.924889864681294 ], [ 98.108392851663936, 13.924890880637458 ], [ 98.108393891604095, 13.924619652086959 ], [ 98.108116214225362, 13.924618636151354 ] ] ], [ [ [ 98.109229001744794, 13.924080240753671 ], [ 98.109506678565097, 13.924081255383207 ], [ 98.109507717143387, 13.923810026732223 ], [ 98.10923004064685, 13.923809012123225 ], [ 98.109229001744794, 13.924080240753671 ] ] ], [ [ [ 98.109231079526637, 13.923537783486678 ], [ 98.108953403376105, 13.923536768581988 ], [ 98.10895236417258, 13.923807997197995 ], [ 98.10923004064685, 13.923809012123225 ], [ 98.109231079526637, 13.923537783486678 ] ] ], [ [ [ 98.123135364539863, 13.918163531141966 ], [ 98.123134342285567, 13.918434760919329 ], [ 98.123412013412619, 13.918435759312292 ], [ 98.123413035343319, 13.918164529514717 ], [ 98.123135364539863, 13.918163531141966 ] ] ], [ [ [ 98.107042986195495, 13.914850341068592 ], [ 98.107041945439803, 13.915121569735817 ], [ 98.107319611401792, 13.915122586215963 ], [ 98.107320651833959, 13.914851357528152 ], [ 98.107042986195495, 13.914850341068592 ] ] ], [ [ [ 98.109822756011127, 13.914046804788361 ], [ 98.109821718557356, 13.914318033679431 ], [ 98.110099383771541, 13.914319046937745 ], [ 98.110100420901816, 13.914047818026154 ], [ 98.109822756011127, 13.914046804788361 ] ] ], [ [ [ 98.118441678154298, 13.911094543049931 ], [ 98.118442705315204, 13.910823313452585 ], [ 98.11816504364198, 13.910822309938835 ], [ 98.118162988651292, 13.91136476908677 ], [ 98.118440650971365, 13.911365772641174 ], [ 98.118439623766392, 13.911637002226326 ], [ 98.118717286431917, 13.911638005485109 ], [ 98.118719340172959, 13.91109554626807 ], [ 98.118441678154298, 13.911094543049931 ] ] ], [ [ [ 98.103447962036029, 13.911039900109468 ], [ 98.103446917388212, 13.911311128593884 ], [ 98.103724578531015, 13.911312148893032 ], [ 98.103725622855407, 13.911040920387949 ], [ 98.103447962036029, 13.911039900109468 ] ] ], [ [ [ 98.116220382798431, 13.91108650593114 ], [ 98.1162193530281, 13.911357735359589 ], [ 98.116497015193801, 13.911358741125582 ], [ 98.116498044640707, 13.91108751167676 ], [ 98.116220382798431, 13.91108650593114 ] ] ], [ [ [ 98.116226560956846, 13.909459129232451 ], [ 98.116224501659033, 13.910001588156387 ], [ 98.115669180628018, 13.909999575880397 ], [ 98.115668150299186, 13.910270805292464 ], [ 98.116501132849038, 13.910273823293723 ], [ 98.11650010346834, 13.910545052760829 ], [ 98.116777764685864, 13.910546058149784 ], [ 98.116776735606493, 13.91081728763116 ], [ 98.117054397169483, 13.910818292724555 ], [ 98.117053368391467, 13.911089522220195 ], [ 98.117331030299951, 13.911090527018013 ], [ 98.117332058754542, 13.910819297502016 ], [ 98.117887381990798, 13.910821306109154 ], [ 98.117888409776512, 13.910550076546381 ], [ 98.117610748470767, 13.910549072421116 ], [ 98.117614860686814, 13.909464154190434 ], [ 98.117337200696696, 13.909463149830628 ], [ 98.117338229018969, 13.909191920278069 ], [ 98.116782909751663, 13.909189910651484 ], [ 98.116783938698632, 13.908918681133542 ], [ 98.116506279421458, 13.908917675866778 ], [ 98.116507308669711, 13.908646446363109 ], [ 98.115951990828293, 13.908644434922685 ], [ 98.115950960933304, 13.908915664385605 ], [ 98.115673301722353, 13.908914658171195 ], [ 98.115672271481913, 13.909185887607638 ], [ 98.115949931016232, 13.909186893842431 ], [ 98.115948901077061, 13.909458123293167 ], [ 98.116226560956846, 13.909459129232451 ] ] ], [ [ [ 98.115671241219374, 13.909457117037984 ], [ 98.115670210934738, 13.909728346462238 ], [ 98.115947871115821, 13.909729352737804 ], [ 98.115948901077061, 13.909458123293167 ], [ 98.115671241219374, 13.909457117037984 ] ] ], [ [ [ 98.105395757553566, 13.909962120847542 ], [ 98.105118097893552, 13.90996110254715 ], [ 98.105117055275699, 13.910232331179859 ], [ 98.105394715259095, 13.910233349500881 ], [ 98.105395757553566, 13.909962120847542 ] ] ], [ [ [ 98.110674403649028, 13.909167721364344 ], [ 98.110673367565724, 13.909438950426679 ], [ 98.110951027024669, 13.909439962367966 ], [ 98.110952062784591, 13.909168733285128 ], [ 98.110674403649028, 13.909167721364344 ] ] ], [ [ [ 98.111514626293086, 13.907272152141706 ], [ 98.111792283231836, 13.907273162971467 ], [ 98.111794352434202, 13.906730704579282 ], [ 98.11151669614209, 13.90672969379048 ], [ 98.111514626293086, 13.907272152141706 ] ] ], [ [ [ 98.111517731033302, 13.906458464605725 ], [ 98.111240075086698, 13.906457453521581 ], [ 98.111239039872174, 13.906728682685847 ], [ 98.11151669614209, 13.90672969379048 ], [ 98.111517731033302, 13.906458464605725 ] ] ] ] } }
]
}
