{
"type": "FeatureCollection",
"name": "footprint_landslide_flight",
"crs": { "type": "name", "properties": { "name": "urn:ogc:def:crs:OGC:1.3:CRS84" } },
"features": [
{ "type": "Feature", "properties": { "flight": "landslide" }, "geometry": { "type": "Polygon", "coordinates": [ [ [ 98.15758174341245, 13.797144826735998 ], [ 98.15758174341245, 13.797123132399999 ], [ 98.157576193858702, 13.797123132399999 ], [ 98.157576193858702, 13.797106861647999 ], [ 98.15757064430494, 13.797106861647999 ], [ 98.15757064430494, 13.797112285231998 ], [ 98.157537346982394, 13.797112285231998 ], [ 98.157537346982394, 13.797117708816 ], [ 98.157509599213611, 13.797117708816 ], [ 98.157509599213611, 13.797123132399999 ], [ 98.157481851444828, 13.797123132399999 ], [ 98.157481851444828, 13.797128555983999 ], [ 98.157459653229807, 13.797128555983999 ], [ 98.157459653229807, 13.797133979567999 ], [ 98.157437455014772, 13.797133979567999 ], [ 98.157437455014772, 13.797139403151998 ], [ 98.157409707245989, 13.797139403151998 ], [ 98.157409707245989, 13.797123132399999 ], [ 98.157404157692241, 13.797123132399999 ], [ 98.157404157692241, 13.797112285231998 ], [ 98.157398608138479, 13.797112285231998 ], [ 98.157398608138479, 13.797106861647999 ], [ 98.157376409923458, 13.797106861647999 ], [ 98.157376409923458, 13.797112285231998 ], [ 98.15733756304715, 13.797112285231998 ], [ 98.15733756304715, 13.797117708816 ], [ 98.157304265724619, 13.797117708816 ], [ 98.157304265724619, 13.797123132399999 ], [ 98.157282067509584, 13.797123132399999 ], [ 98.157282067509584, 13.797128555983999 ], [ 98.157259869294563, 13.797128555983999 ], [ 98.157259869294563, 13.797133979567999 ], [ 98.157243220633291, 13.797133979567999 ], [ 98.157243220633291, 13.797117708816 ], [ 98.157237671079528, 13.797117708816 ], [ 98.157237671079528, 13.797101438063999 ], [ 98.15723212152578, 13.797101438063999 ], [ 98.15723212152578, 13.797085167312 ], [ 98.157226571972018, 13.797085167312 ], [ 98.157226571972018, 13.797074320143999 ], [ 98.157182175541962, 13.797074320143999 ], [ 98.157182175541962, 13.797079743727998 ], [ 98.157143328665668, 13.797079743727998 ], [ 98.157143328665668, 13.797085167312 ], [ 98.157110031343123, 13.797085167312 ], [ 98.157110031343123, 13.797090590896 ], [ 98.15709338268185, 13.797090590896 ], [ 98.15709338268185, 13.797096014479999 ], [ 98.15707118446683, 13.797096014479999 ], [ 98.15707118446683, 13.797101438063999 ], [ 98.157048986251795, 13.797101438063999 ], [ 98.157048986251795, 13.797106861647999 ], [ 98.157037887144284, 13.797106861647999 ], [ 98.157037887144284, 13.797101438063999 ], [ 98.157032337590536, 13.797101438063999 ], [ 98.157032337590536, 13.797085167312 ], [ 98.157010139375501, 13.797085167312 ], [ 98.157010139375501, 13.797090590896 ], [ 98.156982391606718, 13.797090590896 ], [ 98.156982391606718, 13.797096014479999 ], [ 98.156965742945445, 13.797096014479999 ], [ 98.156965742945445, 13.797101438063999 ], [ 98.156954643837935, 13.797101438063999 ], [ 98.156954643837935, 13.797106861647999 ], [ 98.156943544730424, 13.797106861647999 ], [ 98.156943544730424, 13.797096014479999 ], [ 98.156937995176662, 13.797096014479999 ], [ 98.156937995176662, 13.797074320143999 ], [ 98.156899148300369, 13.797074320143999 ], [ 98.156899148300369, 13.797079743727998 ], [ 98.156871400531585, 13.797079743727998 ], [ 98.156871400531585, 13.797085167312 ], [ 98.156843652762802, 13.797085167312 ], [ 98.156843652762802, 13.797090590896 ], [ 98.15682700410153, 13.797090590896 ], [ 98.15682700410153, 13.797096014479999 ], [ 98.156810355440257, 13.797096014479999 ], [ 98.156810355440257, 13.797101438063999 ], [ 98.156793706778984, 13.797101438063999 ], [ 98.156793706778984, 13.797106861647999 ], [ 98.156777058117711, 13.797106861647999 ], [ 98.156777058117711, 13.797079743727998 ], [ 98.156771508563963, 13.797079743727998 ], [ 98.156771508563963, 13.797068896559999 ], [ 98.156754859902691, 13.797068896559999 ], [ 98.156754859902691, 13.797074320143999 ], [ 98.156732661687656, 13.797074320143999 ], [ 98.156732661687656, 13.797079743727998 ], [ 98.156710463472635, 13.797079743727998 ], [ 98.156710463472635, 13.797085167312 ], [ 98.156682715703852, 13.797085167312 ], [ 98.156682715703852, 13.797090590896 ], [ 98.156660517488831, 13.797090590896 ], [ 98.156660517488831, 13.797096014479999 ], [ 98.156638319273796, 13.797096014479999 ], [ 98.156638319273796, 13.797101438063999 ], [ 98.156627220166285, 13.797101438063999 ], [ 98.156627220166285, 13.797090590896 ], [ 98.156621670612523, 13.797090590896 ], [ 98.156621670612523, 13.797074320143999 ], [ 98.156616121058775, 13.797074320143999 ], [ 98.156616121058775, 13.797063472975999 ], [ 98.156599472397502, 13.797063472975999 ], [ 98.156599472397502, 13.797068896559999 ], [ 98.156532877752412, 13.797068896559999 ], [ 98.156532877752412, 13.797074320143999 ], [ 98.156516229091153, 13.797074320143999 ], [ 98.156516229091153, 13.797079743727998 ], [ 98.156505129983628, 13.797079743727998 ], [ 98.156505129983628, 13.797085167312 ], [ 98.15648848132237, 13.797085167312 ], [ 98.15648848132237, 13.797063472975999 ], [ 98.156482931768608, 13.797063472975999 ], [ 98.156482931768608, 13.797047202223998 ], [ 98.156466283107335, 13.797047202223998 ], [ 98.156466283107335, 13.797052625807998 ], [ 98.156449634446062, 13.797052625807998 ], [ 98.156449634446062, 13.797058049392 ], [ 98.156438535338552, 13.797058049392 ], [ 98.156438535338552, 13.797063472975999 ], [ 98.156421886677279, 13.797063472975999 ], [ 98.156421886677279, 13.797068896559999 ], [ 98.156405238016006, 13.797068896559999 ], [ 98.156405238016006, 13.797074320143999 ], [ 98.156388589354734, 13.797074320143999 ], [ 98.156388589354734, 13.797079743727998 ], [ 98.156377490247223, 13.797079743727998 ], [ 98.156377490247223, 13.797085167312 ], [ 98.156360841585951, 13.797085167312 ], [ 98.156360841585951, 13.797090590896 ], [ 98.15633864337093, 13.797090590896 ], [ 98.15633864337093, 13.797058049392 ], [ 98.156333093817167, 13.797058049392 ], [ 98.156333093817167, 13.797047202223998 ], [ 98.156327544263419, 13.797047202223998 ], [ 98.156327544263419, 13.797041778639999 ], [ 98.156283147833364, 13.797041778639999 ], [ 98.156283147833364, 13.797047202223998 ], [ 98.15624430095707, 13.797047202223998 ], [ 98.15624430095707, 13.797052625807998 ], [ 98.156211003634525, 13.797052625807998 ], [ 98.156211003634525, 13.797041778639999 ], [ 98.156205454080762, 13.797041778639999 ], [ 98.156205454080762, 13.797025507888 ], [ 98.156199904527014, 13.797025507888 ], [ 98.156199904527014, 13.797009237135999 ], [ 98.156194354973252, 13.797009237135999 ], [ 98.156194354973252, 13.796987542799998 ], [ 98.15618880541949, 13.796987542799998 ], [ 98.15618880541949, 13.796971272047999 ], [ 98.156183255865741, 13.796971272047999 ], [ 98.156183255865741, 13.796955001295998 ], [ 98.156177706311979, 13.796955001295998 ], [ 98.156177706311979, 13.79693330696 ], [ 98.156172156758231, 13.79693330696 ], [ 98.156172156758231, 13.796917036207999 ], [ 98.156166607204469, 13.796917036207999 ], [ 98.156166607204469, 13.796895341871998 ], [ 98.156161057650706, 13.796895341871998 ], [ 98.156161057650706, 13.796879071119999 ], [ 98.156155508096958, 13.796879071119999 ], [ 98.156155508096958, 13.796873647536 ], [ 98.156133309881923, 13.796873647536 ], [ 98.156133309881923, 13.796879071119999 ], [ 98.156111111666903, 13.796879071119999 ], [ 98.156111111666903, 13.796884494703999 ], [ 98.156083363898119, 13.796884494703999 ], [ 98.156083363898119, 13.796889918287999 ], [ 98.156061165683084, 13.796889918287999 ], [ 98.156061165683084, 13.796895341871998 ], [ 98.156044517021812, 13.796895341871998 ], [ 98.156044517021812, 13.796900765456 ], [ 98.156022318806791, 13.796900765456 ], [ 98.156022318806791, 13.79690618904 ], [ 98.156005670145518, 13.79690618904 ], [ 98.156005670145518, 13.796911612623999 ], [ 98.155989021484245, 13.796911612623999 ], [ 98.155989021484245, 13.796895341871998 ], [ 98.155983471930497, 13.796895341871998 ], [ 98.155983471930497, 13.796873647536 ], [ 98.155977922376735, 13.796873647536 ], [ 98.155977922376735, 13.796857376783999 ], [ 98.155972372822987, 13.796857376783999 ], [ 98.155972372822987, 13.796841106032 ], [ 98.155966823269225, 13.796841106032 ], [ 98.155966823269225, 13.796830258863999 ], [ 98.15594462505419, 13.796830258863999 ], [ 98.15594462505419, 13.796824835279999 ], [ 98.155939075500442, 13.796824835279999 ], [ 98.155939075500442, 13.796803140943998 ], [ 98.155933525946679, 13.796803140943998 ], [ 98.155933525946679, 13.796786870191999 ], [ 98.155927976392931, 13.796786870191999 ], [ 98.155927976392931, 13.796770599439999 ], [ 98.155922426839169, 13.796770599439999 ], [ 98.155922426839169, 13.796754328687999 ], [ 98.155916877285406, 13.796754328687999 ], [ 98.155916877285406, 13.796732634351999 ], [ 98.155911327731658, 13.796732634351999 ], [ 98.155911327731658, 13.796727210767999 ], [ 98.155905778177896, 13.796727210767999 ], [ 98.155905778177896, 13.7967163636 ], [ 98.155900228624148, 13.7967163636 ], [ 98.155900228624148, 13.796705516431999 ], [ 98.155894679070386, 13.796705516431999 ], [ 98.155894679070386, 13.79668924568 ], [ 98.155889129516623, 13.79668924568 ], [ 98.155889129516623, 13.796667551343999 ], [ 98.155883579962875, 13.796667551343999 ], [ 98.155883579962875, 13.796656704176 ], [ 98.155872480855351, 13.796656704176 ], [ 98.155872480855351, 13.796662127759999 ], [ 98.155833633979057, 13.796662127759999 ], [ 98.155833633979057, 13.796667551343999 ], [ 98.155805886210274, 13.796667551343999 ], [ 98.155805886210274, 13.796672974927999 ], [ 98.155778138441491, 13.796672974927999 ], [ 98.155778138441491, 13.796678398511999 ], [ 98.155739291565197, 13.796678398511999 ], [ 98.155739291565197, 13.796683822095998 ], [ 98.155705994242652, 13.796683822095998 ], [ 98.155705994242652, 13.79668924568 ], [ 98.155611651828792, 13.79668924568 ], [ 98.155611651828792, 13.796694669263999 ], [ 98.155567255398736, 13.796694669263999 ], [ 98.155567255398736, 13.796700092847999 ], [ 98.155545057183701, 13.796700092847999 ], [ 98.155545057183701, 13.796705516431999 ], [ 98.155528408522443, 13.796705516431999 ], [ 98.155528408522443, 13.796710940015998 ], [ 98.155517309414918, 13.796710940015998 ], [ 98.155517309414918, 13.7967163636 ], [ 98.155506210307408, 13.7967163636 ], [ 98.155506210307408, 13.796721787184 ], [ 98.155495111199897, 13.796721787184 ], [ 98.155495111199897, 13.796727210767999 ], [ 98.155484012092387, 13.796727210767999 ], [ 98.155484012092387, 13.796732634351999 ], [ 98.155472912984862, 13.796732634351999 ], [ 98.155472912984862, 13.796738057935999 ], [ 98.155461813877352, 13.796738057935999 ], [ 98.155461813877352, 13.796743481519998 ], [ 98.155450714769842, 13.796743481519998 ], [ 98.155450714769842, 13.796748905104 ], [ 98.155439615662331, 13.796748905104 ], [ 98.155439615662331, 13.796754328687999 ], [ 98.155428516554807, 13.796754328687999 ], [ 98.155428516554807, 13.796748905104 ], [ 98.155422967001059, 13.796748905104 ], [ 98.155422967001059, 13.796754328687999 ], [ 98.155400768786023, 13.796754328687999 ], [ 98.155400768786023, 13.796759752271999 ], [ 98.155378570571003, 13.796759752271999 ], [ 98.155378570571003, 13.796765175855999 ], [ 98.15535082280222, 13.796765175855999 ], [ 98.15535082280222, 13.796770599439999 ], [ 98.155323075033436, 13.796770599439999 ], [ 98.155323075033436, 13.796776023023998 ], [ 98.155311975925926, 13.796776023023998 ], [ 98.155311975925926, 13.796781446608 ], [ 98.155295327264653, 13.796781446608 ], [ 98.155295327264653, 13.796786870191999 ], [ 98.155284228157143, 13.796786870191999 ], [ 98.155284228157143, 13.796792293775999 ], [ 98.15526757949587, 13.796792293775999 ], [ 98.15526757949587, 13.796797717359999 ], [ 98.155256480388346, 13.796797717359999 ], [ 98.155256480388346, 13.796792293775999 ], [ 98.155250930834598, 13.796792293775999 ], [ 98.155250930834598, 13.796781446608 ], [ 98.155223183065814, 13.796781446608 ], [ 98.155223183065814, 13.796786870191999 ], [ 98.155206534404542, 13.796786870191999 ], [ 98.155206534404542, 13.796792293775999 ], [ 98.155195435297031, 13.796792293775999 ], [ 98.155195435297031, 13.796797717359999 ], [ 98.155178786635759, 13.796797717359999 ], [ 98.155178786635759, 13.796786870191999 ], [ 98.155173237081996, 13.796786870191999 ], [ 98.155173237081996, 13.796776023023998 ], [ 98.155167687528248, 13.796776023023998 ], [ 98.155167687528248, 13.796770599439999 ], [ 98.155162137974486, 13.796770599439999 ], [ 98.155162137974486, 13.796765175855999 ], [ 98.155156588420724, 13.796765175855999 ], [ 98.155156588420724, 13.796759752271999 ], [ 98.155151038866975, 13.796759752271999 ], [ 98.155151038866975, 13.796754328687999 ], [ 98.155145489313213, 13.796754328687999 ], [ 98.155145489313213, 13.796748905104 ], [ 98.155139939759465, 13.796748905104 ], [ 98.155139939759465, 13.796738057935999 ], [ 98.15511774154443, 13.796738057935999 ], [ 98.15511774154443, 13.796732634351999 ], [ 98.155112191990682, 13.796732634351999 ], [ 98.155112191990682, 13.796721787184 ], [ 98.15510664243692, 13.796721787184 ], [ 98.15510664243692, 13.796705516431999 ], [ 98.155101092883157, 13.796705516431999 ], [ 98.155101092883157, 13.796694669263999 ], [ 98.155095543329409, 13.796694669263999 ], [ 98.155095543329409, 13.796678398511999 ], [ 98.155089993775647, 13.796678398511999 ], [ 98.155089993775647, 13.796667551343999 ], [ 98.155084444221885, 13.796667551343999 ], [ 98.155084444221885, 13.796662127759999 ], [ 98.155073345114374, 13.796662127759999 ], [ 98.155073345114374, 13.796651280591998 ], [ 98.155067795560626, 13.796651280591998 ], [ 98.155067795560626, 13.796635009839999 ], [ 98.155062246006864, 13.796635009839999 ], [ 98.155062246006864, 13.796559079663998 ], [ 98.155056696453101, 13.796559079663998 ], [ 98.155056696453101, 13.796526538159998 ], [ 98.155051146899353, 13.796526538159998 ], [ 98.155051146899353, 13.796483149487999 ], [ 98.155040047791843, 13.796483149487999 ], [ 98.155040047791843, 13.796450607983999 ], [ 98.155045597345591, 13.796450607983999 ], [ 98.155045597345591, 13.7964451844 ], [ 98.155040047791843, 13.7964451844 ], [ 98.155040047791843, 13.796428913647999 ], [ 98.155001200915535, 13.796428913647999 ], [ 98.155001200915535, 13.796434337231998 ], [ 98.154962354039242, 13.796434337231998 ], [ 98.154962354039242, 13.796439760816 ], [ 98.154934606270459, 13.796439760816 ], [ 98.154934606270459, 13.7964451844 ], [ 98.154906858501676, 13.7964451844 ], [ 98.154906858501676, 13.796450607983999 ], [ 98.15486246207162, 13.796450607983999 ], [ 98.15486246207162, 13.796456031567999 ], [ 98.154818065641564, 13.796456031567999 ], [ 98.154818065641564, 13.796461455151999 ], [ 98.154790317872781, 13.796461455151999 ], [ 98.154790317872781, 13.7964451844 ], [ 98.154784768319018, 13.7964451844 ], [ 98.154784768319018, 13.796423490063999 ], [ 98.15477921876527, 13.796423490063999 ], [ 98.15477921876527, 13.796396372143999 ], [ 98.154773669211508, 13.796396372143999 ], [ 98.154773669211508, 13.796374677807998 ], [ 98.15476811965776, 13.796374677807998 ], [ 98.15476811965776, 13.796369254223999 ], [ 98.154757020550235, 13.796369254223999 ], [ 98.154757020550235, 13.796374677807998 ], [ 98.154745921442725, 13.796374677807998 ], [ 98.154745921442725, 13.796380101392 ], [ 98.154729272781452, 13.796380101392 ], [ 98.154729272781452, 13.796385524975999 ], [ 98.154712624120179, 13.796385524975999 ], [ 98.154712624120179, 13.796363830639999 ], [ 98.154707074566431, 13.796363830639999 ], [ 98.154707074566431, 13.796347559888 ], [ 98.154701525012669, 13.796347559888 ], [ 98.154701525012669, 13.796336712719999 ], [ 98.154695975458921, 13.796336712719999 ], [ 98.154695975458921, 13.796325865551999 ], [ 98.154690425905159, 13.796325865551999 ], [ 98.154690425905159, 13.796315018383998 ], [ 98.154684876351396, 13.796315018383998 ], [ 98.154684876351396, 13.796309594799999 ], [ 98.154668227690138, 13.796309594799999 ], [ 98.154668227690138, 13.796304171215999 ], [ 98.154662678136376, 13.796304171215999 ], [ 98.154662678136376, 13.796287900464 ], [ 98.154657128582613, 13.796287900464 ], [ 98.154657128582613, 13.796271629711999 ], [ 98.154651579028865, 13.796271629711999 ], [ 98.154651579028865, 13.796260782544 ], [ 98.154646029475103, 13.796260782544 ], [ 98.154646029475103, 13.796244511791999 ], [ 98.154640479921341, 13.796244511791999 ], [ 98.154640479921341, 13.796222817455998 ], [ 98.154634930367592, 13.796222817455998 ], [ 98.154634930367592, 13.796217393871999 ], [ 98.154623831260082, 13.796217393871999 ], [ 98.154623831260082, 13.796195699536 ], [ 98.15461828170632, 13.796195699536 ], [ 98.15461828170632, 13.796168581616 ], [ 98.154612732152557, 13.796168581616 ], [ 98.154612732152557, 13.796152310863999 ], [ 98.154607182598809, 13.796152310863999 ], [ 98.154607182598809, 13.796141463695999 ], [ 98.154596083491299, 13.796141463695999 ], [ 98.154596083491299, 13.796114345775999 ], [ 98.154590533937537, 13.796114345775999 ], [ 98.154590533937537, 13.796070957103998 ], [ 98.154579434830026, 13.796070957103998 ], [ 98.154579434830026, 13.796049262767999 ], [ 98.154573885276264, 13.796049262767999 ], [ 98.154573885276264, 13.796000450511999 ], [ 98.154568335722502, 13.796000450511999 ], [ 98.154568335722502, 13.795946214671998 ], [ 98.154551687061243, 13.795946214671998 ], [ 98.154551687061243, 13.795870284495999 ], [ 98.154546137507481, 13.795870284495999 ], [ 98.154546137507481, 13.795843166575999 ], [ 98.154540587953719, 13.795843166575999 ], [ 98.154540587953719, 13.795837742991999 ], [ 98.15453503839997, 13.795837742991999 ], [ 98.15453503839997, 13.795843166575999 ], [ 98.154529488846208, 13.795843166575999 ], [ 98.154529488846208, 13.795805201487999 ], [ 98.15452393929246, 13.795805201487999 ], [ 98.15452393929246, 13.795772659983999 ], [ 98.154518389738698, 13.795772659983999 ], [ 98.154518389738698, 13.795761812815998 ], [ 98.154512840184935, 13.795761812815998 ], [ 98.154512840184935, 13.795713000559999 ], [ 98.154507290631187, 13.795713000559999 ], [ 98.154507290631187, 13.795702153391998 ], [ 98.154501741077425, 13.795702153391998 ], [ 98.154501741077425, 13.795696729807998 ], [ 98.154496191523677, 13.795696729807998 ], [ 98.154496191523677, 13.795685882639999 ], [ 98.154490641969915, 13.795685882639999 ], [ 98.154490641969915, 13.795637070383998 ], [ 98.154496191523677, 13.795637070383998 ], [ 98.154496191523677, 13.795631646799999 ], [ 98.154501741077425, 13.795631646799999 ], [ 98.154501741077425, 13.79555029304 ], [ 98.154507290631187, 13.79555029304 ], [ 98.154507290631187, 13.795544869455998 ], [ 98.154512840184935, 13.795544869455998 ], [ 98.154512840184935, 13.795506904367999 ], [ 98.154507290631187, 13.795506904367999 ], [ 98.154507290631187, 13.795496057199999 ], [ 98.154501741077425, 13.795496057199999 ], [ 98.154501741077425, 13.795479786447999 ], [ 98.154496191523677, 13.795479786447999 ], [ 98.154496191523677, 13.795474362863999 ], [ 98.154490641969915, 13.795474362863999 ], [ 98.154490641969915, 13.795468939279999 ], [ 98.154485092416152, 13.795468939279999 ], [ 98.154485092416152, 13.795458092112 ], [ 98.154479542862404, 13.795458092112 ], [ 98.154479542862404, 13.795441821359999 ], [ 98.154485092416152, 13.795441821359999 ], [ 98.154485092416152, 13.795436397775999 ], [ 98.154490641969915, 13.795436397775999 ], [ 98.154490641969915, 13.795398432688 ], [ 98.154485092416152, 13.795398432688 ], [ 98.154485092416152, 13.795382161935999 ], [ 98.154479542862404, 13.795382161935999 ], [ 98.154479542862404, 13.795371314767999 ], [ 98.154473993308642, 13.795371314767999 ], [ 98.154473993308642, 13.795365891184 ], [ 98.154485092416152, 13.795365891184 ], [ 98.154485092416152, 13.795349620431999 ], [ 98.154479542862404, 13.795349620431999 ], [ 98.154479542862404, 13.795338773264 ], [ 98.154473993308642, 13.795338773264 ], [ 98.154473993308642, 13.795333349679998 ], [ 98.15446844375488, 13.795333349679998 ], [ 98.15446844375488, 13.795327926095998 ], [ 98.154462894201131, 13.795327926095998 ], [ 98.154462894201131, 13.795322502511999 ], [ 98.154457344647369, 13.795322502511999 ], [ 98.154457344647369, 13.795311655343999 ], [ 98.154451795093621, 13.795311655343999 ], [ 98.154451795093621, 13.79530623176 ], [ 98.154446245539859, 13.79530623176 ], [ 98.154446245539859, 13.795279113839999 ], [ 98.154435146432348, 13.795279113839999 ], [ 98.154435146432348, 13.795273690256 ], [ 98.154424047324838, 13.795273690256 ], [ 98.154424047324838, 13.795262843087999 ], [ 98.154418497771076, 13.795262843087999 ], [ 98.154418497771076, 13.795257419503999 ], [ 98.154412948217313, 13.795257419503999 ], [ 98.154412948217313, 13.795251995919999 ], [ 98.154407398663565, 13.795251995919999 ], [ 98.154407398663565, 13.795241148751998 ], [ 98.154401849109803, 13.795241148751998 ], [ 98.154401849109803, 13.795219454415999 ], [ 98.154396299556041, 13.795219454415999 ], [ 98.154396299556041, 13.795214030832 ], [ 98.154390750002293, 13.795214030832 ], [ 98.154390750002293, 13.795203183663999 ], [ 98.15438520044853, 13.795203183663999 ], [ 98.15438520044853, 13.795192336495999 ], [ 98.154379650894782, 13.795192336495999 ], [ 98.154379650894782, 13.795186912911999 ], [ 98.15437410134102, 13.795186912911999 ], [ 98.15437410134102, 13.795176065743998 ], [ 98.154368551787258, 13.795176065743998 ], [ 98.154368551787258, 13.795165218575999 ], [ 98.154379650894782, 13.795165218575999 ], [ 98.154379650894782, 13.795159794991999 ], [ 98.15437410134102, 13.795159794991999 ], [ 98.15437410134102, 13.795138100655999 ], [ 98.154368551787258, 13.795138100655999 ], [ 98.154368551787258, 13.795127253487999 ], [ 98.154363002233509, 13.795127253487999 ], [ 98.154363002233509, 13.795121829904 ], [ 98.154357452679747, 13.795121829904 ], [ 98.154357452679747, 13.795110982735999 ], [ 98.154351903125999, 13.795110982735999 ], [ 98.154351903125999, 13.795094711984 ], [ 98.154346353572237, 13.795094711984 ], [ 98.154346353572237, 13.7950892884 ], [ 98.154340804018474, 13.7950892884 ], [ 98.154340804018474, 13.795083864815998 ], [ 98.154335254464726, 13.795083864815998 ], [ 98.154335254464726, 13.795078441231999 ], [ 98.154329704910964, 13.795078441231999 ], [ 98.154329704910964, 13.795073017647999 ], [ 98.154324155357216, 13.795073017647999 ], [ 98.154324155357216, 13.79506217048 ], [ 98.154318605803454, 13.79506217048 ], [ 98.154318605803454, 13.795051323311998 ], [ 98.154313056249691, 13.795051323311998 ], [ 98.154313056249691, 13.795045899727999 ], [ 98.154301957142181, 13.795045899727999 ], [ 98.154301957142181, 13.795040476143999 ], [ 98.154296407588419, 13.795040476143999 ], [ 98.154296407588419, 13.795024205391998 ], [ 98.154301957142181, 13.795024205391998 ], [ 98.154301957142181, 13.795018781807999 ], [ 98.154296407588419, 13.795018781807999 ], [ 98.154296407588419, 13.795007934639999 ], [ 98.15429085803467, 13.795007934639999 ], [ 98.15429085803467, 13.794997087471998 ], [ 98.154285308480908, 13.794997087471998 ], [ 98.154285308480908, 13.794986240303999 ], [ 98.15429085803467, 13.794986240303999 ], [ 98.15429085803467, 13.794975393135999 ], [ 98.154285308480908, 13.794975393135999 ], [ 98.154285308480908, 13.794969969552 ], [ 98.15427975892716, 13.794969969552 ], [ 98.15427975892716, 13.794959122383998 ], [ 98.154274209373398, 13.794959122383998 ], [ 98.154274209373398, 13.794953698799999 ], [ 98.154268659819635, 13.794953698799999 ], [ 98.154268659819635, 13.794948275215999 ], [ 98.154263110265887, 13.794948275215999 ], [ 98.154263110265887, 13.794942851631999 ], [ 98.154257560712125, 13.794942851631999 ], [ 98.154257560712125, 13.794932004463998 ], [ 98.154252011158377, 13.794932004463998 ], [ 98.154252011158377, 13.794926580879999 ], [ 98.154257560712125, 13.794926580879999 ], [ 98.154257560712125, 13.794921157295999 ], [ 98.154252011158377, 13.794921157295999 ], [ 98.154252011158377, 13.794915733711999 ], [ 98.154246461604615, 13.794915733711999 ], [ 98.154246461604615, 13.794904886543998 ], [ 98.154240912050852, 13.794904886543998 ], [ 98.154240912050852, 13.794899462959998 ], [ 98.154235362497104, 13.794899462959998 ], [ 98.154235362497104, 13.794888615791999 ], [ 98.154229812943342, 13.794888615791999 ], [ 98.154229812943342, 13.794883192207999 ], [ 98.15422426338958, 13.794883192207999 ], [ 98.15422426338958, 13.79484522712 ], [ 98.154218713835832, 13.79484522712 ], [ 98.154218713835832, 13.794839803535998 ], [ 98.154213164282069, 13.794839803535998 ], [ 98.154213164282069, 13.794834379951999 ], [ 98.154207614728321, 13.794834379951999 ], [ 98.154207614728321, 13.794828956367999 ], [ 98.154202065174559, 13.794828956367999 ], [ 98.154202065174559, 13.794823532783999 ], [ 98.154196515620797, 13.794823532783999 ], [ 98.154196515620797, 13.7948181092 ], [ 98.154190966067048, 13.7948181092 ], [ 98.154190966067048, 13.794812685615998 ], [ 98.154185416513286, 13.794812685615998 ], [ 98.154185416513286, 13.794807262031998 ], [ 98.154179866959538, 13.794807262031998 ], [ 98.154179866959538, 13.794801838447999 ], [ 98.154174317405776, 13.794801838447999 ], [ 98.154174317405776, 13.794790991279999 ], [ 98.154179866959538, 13.794790991279999 ], [ 98.154179866959538, 13.794769296943999 ], [ 98.154174317405776, 13.794769296943999 ], [ 98.154174317405776, 13.794763873359999 ], [ 98.154168767852013, 13.794763873359999 ], [ 98.154168767852013, 13.794758449775999 ], [ 98.154163218298265, 13.794758449775999 ], [ 98.154163218298265, 13.794747602607998 ], [ 98.154157668744503, 13.794747602607998 ], [ 98.154157668744503, 13.794742179023999 ], [ 98.154152119190755, 13.794742179023999 ], [ 98.154152119190755, 13.794736755439999 ], [ 98.154146569636993, 13.794736755439999 ], [ 98.154146569636993, 13.794731331855999 ], [ 98.15414102008323, 13.794731331855999 ], [ 98.15414102008323, 13.794725908272 ], [ 98.154135470529482, 13.794725908272 ], [ 98.154135470529482, 13.794720484687998 ], [ 98.15412992097572, 13.794720484687998 ], [ 98.15412992097572, 13.794715061103998 ], [ 98.154124371421958, 13.794715061103998 ], [ 98.154124371421958, 13.794709637519999 ], [ 98.154118821868209, 13.794709637519999 ], [ 98.154118821868209, 13.794704213935999 ], [ 98.154113272314447, 13.794704213935999 ], [ 98.154113272314447, 13.794698790351999 ], [ 98.154107722760699, 13.794698790351999 ], [ 98.154107722760699, 13.794687943183998 ], [ 98.154113272314447, 13.794687943183998 ], [ 98.154113272314447, 13.794655401679998 ], [ 98.154107722760699, 13.794655401679998 ], [ 98.154107722760699, 13.794639130927999 ], [ 98.154102173206937, 13.794639130927999 ], [ 98.154102173206937, 13.794633707344 ], [ 98.154096623653174, 13.794633707344 ], [ 98.154096623653174, 13.794639130927999 ], [ 98.154085524545664, 13.794639130927999 ], [ 98.154085524545664, 13.794622860175998 ], [ 98.154079974991916, 13.794622860175998 ], [ 98.154079974991916, 13.79460116584 ], [ 98.154074425438154, 13.79460116584 ], [ 98.154074425438154, 13.794584895087999 ], [ 98.154068875884391, 13.794584895087999 ], [ 98.154068875884391, 13.794574047919999 ], [ 98.154063326330643, 13.794574047919999 ], [ 98.154063326330643, 13.794563200751998 ], [ 98.154057776776881, 13.794563200751998 ], [ 98.154057776776881, 13.794552353583999 ], [ 98.154052227223119, 13.794552353583999 ], [ 98.154052227223119, 13.794541506416 ], [ 98.154046677669371, 13.794541506416 ], [ 98.154046677669371, 13.794536082831998 ], [ 98.154041128115608, 13.794536082831998 ], [ 98.154041128115608, 13.794525235663999 ], [ 98.15403557856186, 13.794525235663999 ], [ 98.15403557856186, 13.794508964912 ], [ 98.154030029008098, 13.794508964912 ], [ 98.154030029008098, 13.794492694159999 ], [ 98.154024479454336, 13.794492694159999 ], [ 98.154024479454336, 13.794481846991999 ], [ 98.154018929900587, 13.794481846991999 ], [ 98.154018929900587, 13.794470999823998 ], [ 98.154030029008098, 13.794470999823998 ], [ 98.154030029008098, 13.794465576239999 ], [ 98.15403557856186, 13.794465576239999 ], [ 98.15403557856186, 13.794449305488 ], [ 98.154030029008098, 13.794449305488 ], [ 98.154030029008098, 13.794433034735999 ], [ 98.154024479454336, 13.794433034735999 ], [ 98.154024479454336, 13.794411340399998 ], [ 98.154018929900587, 13.794411340399998 ], [ 98.154018929900587, 13.794395069647999 ], [ 98.154013380346825, 13.794395069647999 ], [ 98.154013380346825, 13.794378798895998 ], [ 98.154007830793077, 13.794378798895998 ], [ 98.154007830793077, 13.794362528143999 ], [ 98.154002281239315, 13.794362528143999 ], [ 98.154002281239315, 13.79435710456 ], [ 98.154013380346825, 13.79435710456 ], [ 98.154013380346825, 13.794351680975998 ], [ 98.154018929900587, 13.794351680975998 ], [ 98.154018929900587, 13.794329986639999 ], [ 98.154013380346825, 13.794329986639999 ], [ 98.154013380346825, 13.794324563056 ], [ 98.154007830793077, 13.794324563056 ], [ 98.154007830793077, 13.794313715887998 ], [ 98.154002281239315, 13.794313715887998 ], [ 98.154002281239315, 13.794297445135999 ], [ 98.153996731685552, 13.794297445135999 ], [ 98.153996731685552, 13.794270327215999 ], [ 98.153991182131804, 13.794270327215999 ], [ 98.153991182131804, 13.794254056463998 ], [ 98.153985632578042, 13.794254056463998 ], [ 98.153985632578042, 13.794237785711999 ], [ 98.153980083024294, 13.794237785711999 ], [ 98.153980083024294, 13.794226938543998 ], [ 98.153974533470532, 13.794226938543998 ], [ 98.153974533470532, 13.794205244207999 ], [ 98.153991182131804, 13.794205244207999 ], [ 98.153991182131804, 13.794194397039998 ], [ 98.153985632578042, 13.794194397039998 ], [ 98.153985632578042, 13.794172702704 ], [ 98.153980083024294, 13.794172702704 ], [ 98.153980083024294, 13.794156431951999 ], [ 98.153974533470532, 13.794156431951999 ], [ 98.153974533470532, 13.794145584783999 ], [ 98.153968983916769, 13.794145584783999 ], [ 98.153968983916769, 13.794129314031998 ], [ 98.153963434363021, 13.794129314031998 ], [ 98.153963434363021, 13.794118466863999 ], [ 98.153957884809259, 13.794118466863999 ], [ 98.153957884809259, 13.794107619696 ], [ 98.153952335255497, 13.794107619696 ], [ 98.153952335255497, 13.794091348943999 ], [ 98.153946785701748, 13.794091348943999 ], [ 98.153946785701748, 13.794085925359999 ], [ 98.153952335255497, 13.794085925359999 ], [ 98.153952335255497, 13.794080501776 ], [ 98.153957884809259, 13.794080501776 ], [ 98.153957884809259, 13.794058807439999 ], [ 98.153952335255497, 13.794058807439999 ], [ 98.153952335255497, 13.794031689519999 ], [ 98.153946785701748, 13.794031689519999 ], [ 98.153946785701748, 13.794015418768 ], [ 98.153941236147986, 13.794015418768 ], [ 98.153941236147986, 13.794004571599999 ], [ 98.153935686594238, 13.794004571599999 ], [ 98.153935686594238, 13.793993724431999 ], [ 98.153946785701748, 13.793993724431999 ], [ 98.153946785701748, 13.793977453679998 ], [ 98.153941236147986, 13.793977453679998 ], [ 98.153941236147986, 13.793961182927999 ], [ 98.153935686594238, 13.793961182927999 ], [ 98.153935686594238, 13.793944912175998 ], [ 98.153930137040476, 13.793944912175998 ], [ 98.153930137040476, 13.793934065007999 ], [ 98.153935686594238, 13.793934065007999 ], [ 98.153935686594238, 13.793906947087999 ], [ 98.153930137040476, 13.793906947087999 ], [ 98.153930137040476, 13.793885252751998 ], [ 98.153924587486713, 13.793885252751998 ], [ 98.153924587486713, 13.793874405583999 ], [ 98.153919037932965, 13.793874405583999 ], [ 98.153919037932965, 13.793863558416 ], [ 98.153930137040476, 13.793863558416 ], [ 98.153930137040476, 13.793858134831998 ], [ 98.153935686594238, 13.793858134831998 ], [ 98.153935686594238, 13.793852711247998 ], [ 98.153930137040476, 13.793852711247998 ], [ 98.153930137040476, 13.793836440495999 ], [ 98.153924587486713, 13.793836440495999 ], [ 98.153924587486713, 13.793825593327998 ], [ 98.153919037932965, 13.793825593327998 ], [ 98.153919037932965, 13.793809322575999 ], [ 98.153913488379203, 13.793809322575999 ], [ 98.153913488379203, 13.793793051823998 ], [ 98.153907938825455, 13.793793051823998 ], [ 98.153907938825455, 13.793771357488 ], [ 98.153924587486713, 13.793771357488 ], [ 98.153924587486713, 13.793760510319999 ], [ 98.153919037932965, 13.793760510319999 ], [ 98.153919037932965, 13.793738815983998 ], [ 98.153913488379203, 13.793738815983998 ], [ 98.153913488379203, 13.793722545231999 ], [ 98.153907938825455, 13.793722545231999 ], [ 98.153907938825455, 13.793706274479998 ], [ 98.153902389271693, 13.793706274479998 ], [ 98.153902389271693, 13.793690003727999 ], [ 98.15389683971793, 13.793690003727999 ], [ 98.15389683971793, 13.793668309391999 ], [ 98.153913488379203, 13.793668309391999 ], [ 98.153913488379203, 13.793657462223999 ], [ 98.153907938825455, 13.793657462223999 ], [ 98.153907938825455, 13.793630344303999 ], [ 98.153902389271693, 13.793630344303999 ], [ 98.153902389271693, 13.793619497136 ], [ 98.15389683971793, 13.793619497136 ], [ 98.15389683971793, 13.793614073551998 ], [ 98.153891290164182, 13.793614073551998 ], [ 98.153891290164182, 13.793603226383999 ], [ 98.15388574061042, 13.793603226383999 ], [ 98.15388574061042, 13.793592379215999 ], [ 98.153880191056672, 13.793592379215999 ], [ 98.153880191056672, 13.793581532047998 ], [ 98.15387464150291, 13.793581532047998 ], [ 98.15387464150291, 13.793570684879999 ], [ 98.153869091949147, 13.793570684879999 ], [ 98.153869091949147, 13.793516449039998 ], [ 98.153863542395399, 13.793516449039998 ], [ 98.153863542395399, 13.793505601871999 ], [ 98.153857992841637, 13.793505601871999 ], [ 98.153857992841637, 13.793489331119998 ], [ 98.153863542395399, 13.793489331119998 ], [ 98.153863542395399, 13.793483907535999 ], [ 98.15387464150291, 13.793483907535999 ], [ 98.15387464150291, 13.793478483951999 ], [ 98.153880191056672, 13.793478483951999 ], [ 98.153880191056672, 13.793456789615998 ], [ 98.15387464150291, 13.793456789615998 ], [ 98.15387464150291, 13.793424248111998 ], [ 98.153869091949147, 13.793424248111998 ], [ 98.153869091949147, 13.793402553776 ], [ 98.153863542395399, 13.793402553776 ], [ 98.153863542395399, 13.793380859439999 ], [ 98.153857992841637, 13.793380859439999 ], [ 98.153857992841637, 13.793359165103999 ], [ 98.153852443287875, 13.793359165103999 ], [ 98.153852443287875, 13.793337470767998 ], [ 98.153846893734126, 13.793337470767998 ], [ 98.153846893734126, 13.793288658511999 ], [ 98.153841344180364, 13.793288658511999 ], [ 98.153841344180364, 13.793250693424 ], [ 98.153835794626616, 13.793250693424 ], [ 98.153835794626616, 13.793234422671999 ], [ 98.153830245072854, 13.793234422671999 ], [ 98.153830245072854, 13.79321815192 ], [ 98.153841344180364, 13.79321815192 ], [ 98.153841344180364, 13.793212728335998 ], [ 98.153846893734126, 13.793212728335998 ], [ 98.153846893734126, 13.793174763247999 ], [ 98.153863542395399, 13.793174763247999 ], [ 98.153863542395399, 13.793169339663999 ], [ 98.15387464150291, 13.793169339663999 ], [ 98.15387464150291, 13.793163916079999 ], [ 98.153891290164182, 13.793163916079999 ], [ 98.153891290164182, 13.793158492496 ], [ 98.153907938825455, 13.793158492496 ], [ 98.153907938825455, 13.793153068911998 ], [ 98.153919037932965, 13.793153068911998 ], [ 98.153919037932965, 13.793147645327998 ], [ 98.153930137040476, 13.793147645327998 ], [ 98.153930137040476, 13.793142221743999 ], [ 98.153941236147986, 13.793142221743999 ], [ 98.153941236147986, 13.793136798159999 ], [ 98.153957884809259, 13.793136798159999 ], [ 98.153957884809259, 13.793131374575999 ], [ 98.153968983916769, 13.793131374575999 ], [ 98.153968983916769, 13.793125950992 ], [ 98.153974533470532, 13.793125950992 ], [ 98.153974533470532, 13.793120527407998 ], [ 98.153980083024294, 13.793120527407998 ], [ 98.153980083024294, 13.793098833071999 ], [ 98.153974533470532, 13.793098833071999 ], [ 98.153974533470532, 13.793039173647999 ], [ 98.153991182131804, 13.793039173647999 ], [ 98.153991182131804, 13.793033750064 ], [ 98.154007830793077, 13.793033750064 ], [ 98.154007830793077, 13.793028326479998 ], [ 98.154018929900587, 13.793028326479998 ], [ 98.154018929900587, 13.793022902895999 ], [ 98.154046677669371, 13.793022902895999 ], [ 98.154046677669371, 13.793017479311999 ], [ 98.154068875884391, 13.793017479311999 ], [ 98.154068875884391, 13.793012055727999 ], [ 98.154135470529482, 13.793012055727999 ], [ 98.154135470529482, 13.793006632143999 ], [ 98.154185416513286, 13.793006632143999 ], [ 98.154185416513286, 13.793001208559998 ], [ 98.15422426338958, 13.793001208559998 ], [ 98.15422426338958, 13.792995784975998 ], [ 98.154246461604615, 13.792995784975998 ], [ 98.154246461604615, 13.792990361391999 ], [ 98.154274209373398, 13.792990361391999 ], [ 98.154274209373398, 13.792984937807999 ], [ 98.154296407588419, 13.792984937807999 ], [ 98.154296407588419, 13.792979514223999 ], [ 98.154318605803454, 13.792979514223999 ], [ 98.154318605803454, 13.79297409064 ], [ 98.154340804018474, 13.79297409064 ], [ 98.154340804018474, 13.792968667055998 ], [ 98.154363002233509, 13.792968667055998 ], [ 98.154363002233509, 13.792963243471998 ], [ 98.15438520044853, 13.792963243471998 ], [ 98.15438520044853, 13.792957819887999 ], [ 98.154412948217313, 13.792957819887999 ], [ 98.154412948217313, 13.792952396303999 ], [ 98.154435146432348, 13.792952396303999 ], [ 98.154435146432348, 13.792946972719999 ], [ 98.154457344647369, 13.792946972719999 ], [ 98.154457344647369, 13.792941549136 ], [ 98.154479542862404, 13.792941549136 ], [ 98.154479542862404, 13.792936125551998 ], [ 98.154496191523677, 13.792936125551998 ], [ 98.154496191523677, 13.792930701967999 ], [ 98.154518389738698, 13.792930701967999 ], [ 98.154518389738698, 13.792925278383999 ], [ 98.15453503839997, 13.792925278383999 ], [ 98.15453503839997, 13.792919854799999 ], [ 98.154557236614991, 13.792919854799999 ], [ 98.154557236614991, 13.792914431215999 ], [ 98.154573885276264, 13.792914431215999 ], [ 98.154573885276264, 13.792909007631998 ], [ 98.154590533937537, 13.792909007631998 ], [ 98.154590533937537, 13.792903584047998 ], [ 98.154612732152557, 13.792903584047998 ], [ 98.154612732152557, 13.792898160463999 ], [ 98.15462938081383, 13.792898160463999 ], [ 98.15462938081383, 13.792892736879999 ], [ 98.154646029475103, 13.792892736879999 ], [ 98.154646029475103, 13.792887313295999 ], [ 98.154662678136376, 13.792887313295999 ], [ 98.154662678136376, 13.792881889712 ], [ 98.154684876351396, 13.792881889712 ], [ 98.154684876351396, 13.792876466127998 ], [ 98.154701525012669, 13.792876466127998 ], [ 98.154701525012669, 13.792871042543998 ], [ 98.154718173673942, 13.792871042543998 ], [ 98.154718173673942, 13.792865618959999 ], [ 98.154740371888963, 13.792865618959999 ], [ 98.154740371888963, 13.792860195375999 ], [ 98.154757020550235, 13.792860195375999 ], [ 98.154757020550235, 13.792854771791999 ], [ 98.154773669211508, 13.792854771791999 ], [ 98.154773669211508, 13.792849348208 ], [ 98.154790317872781, 13.792849348208 ], [ 98.154790317872781, 13.792843924623998 ], [ 98.154812516087802, 13.792843924623998 ], [ 98.154812516087802, 13.792838501039999 ], [ 98.154829164749074, 13.792838501039999 ], [ 98.154829164749074, 13.792833077455999 ], [ 98.154845813410347, 13.792833077455999 ], [ 98.154845813410347, 13.792827653871999 ], [ 98.154856912517857, 13.792827653871999 ], [ 98.154856912517857, 13.792822230287999 ], [ 98.154868011625382, 13.792822230287999 ], [ 98.154868011625382, 13.792827653871999 ], [ 98.15487356117913, 13.792827653871999 ], [ 98.15487356117913, 13.792838501039999 ], [ 98.154879110732892, 13.792838501039999 ], [ 98.154879110732892, 13.792849348208 ], [ 98.15488466028664, 13.792849348208 ], [ 98.15488466028664, 13.792854771791999 ], [ 98.154890209840403, 13.792854771791999 ], [ 98.154890209840403, 13.792865618959999 ], [ 98.154895759394165, 13.792865618959999 ], [ 98.154895759394165, 13.792876466127998 ], [ 98.154901308947913, 13.792876466127998 ], [ 98.154901308947913, 13.792881889712 ], [ 98.154906858501676, 13.792881889712 ], [ 98.154906858501676, 13.792892736879999 ], [ 98.154912408055424, 13.792892736879999 ], [ 98.154912408055424, 13.792903584047998 ], [ 98.154917957609186, 13.792903584047998 ], [ 98.154917957609186, 13.792914431215999 ], [ 98.154923507162948, 13.792914431215999 ], [ 98.154923507162948, 13.792925278383999 ], [ 98.154929056716696, 13.792925278383999 ], [ 98.154929056716696, 13.792930701967999 ], [ 98.154934606270459, 13.792930701967999 ], [ 98.154934606270459, 13.792941549136 ], [ 98.154940155824221, 13.792941549136 ], [ 98.154940155824221, 13.792946972719999 ], [ 98.154967903593004, 13.792946972719999 ], [ 98.154967903593004, 13.792957819887999 ], [ 98.154973453146752, 13.792957819887999 ], [ 98.154973453146752, 13.792963243471998 ], [ 98.154979002700514, 13.792963243471998 ], [ 98.154979002700514, 13.79297409064 ], [ 98.154984552254263, 13.79297409064 ], [ 98.154984552254263, 13.792984937807999 ], [ 98.154990101808025, 13.792984937807999 ], [ 98.154990101808025, 13.792995784975998 ], [ 98.154995651361787, 13.792995784975998 ], [ 98.154995651361787, 13.793012055727999 ], [ 98.155001200915535, 13.793012055727999 ], [ 98.155001200915535, 13.793022902895999 ], [ 98.155006750469298, 13.793022902895999 ], [ 98.155006750469298, 13.793039173647999 ], [ 98.15501230002306, 13.793039173647999 ], [ 98.15501230002306, 13.793050020815999 ], [ 98.155017849576808, 13.793050020815999 ], [ 98.155017849576808, 13.793060867983998 ], [ 98.15502339913057, 13.793060867983998 ], [ 98.15502339913057, 13.793071715151999 ], [ 98.155028948684318, 13.793071715151999 ], [ 98.155028948684318, 13.793082562319999 ], [ 98.155034498238081, 13.793082562319999 ], [ 98.155034498238081, 13.793087985903998 ], [ 98.155051146899353, 13.793087985903998 ], [ 98.155051146899353, 13.793082562319999 ], [ 98.155056696453101, 13.793082562319999 ], [ 98.155056696453101, 13.793087985903998 ], [ 98.155062246006864, 13.793087985903998 ], [ 98.155062246006864, 13.793098833071999 ], [ 98.155067795560626, 13.793098833071999 ], [ 98.155067795560626, 13.793109680239999 ], [ 98.155073345114374, 13.793109680239999 ], [ 98.155073345114374, 13.793120527407998 ], [ 98.155078894668137, 13.793120527407998 ], [ 98.155078894668137, 13.793131374575999 ], [ 98.155084444221885, 13.793131374575999 ], [ 98.155084444221885, 13.793147645327998 ], [ 98.155089993775647, 13.793147645327998 ], [ 98.155089993775647, 13.793158492496 ], [ 98.155095543329409, 13.793158492496 ], [ 98.155095543329409, 13.793174763247999 ], [ 98.155101092883157, 13.793174763247999 ], [ 98.155101092883157, 13.793180186831998 ], [ 98.15510664243692, 13.793180186831998 ], [ 98.15510664243692, 13.793191034 ], [ 98.155112191990682, 13.793191034 ], [ 98.155112191990682, 13.793201881167999 ], [ 98.15511774154443, 13.793201881167999 ], [ 98.15511774154443, 13.793207304751999 ], [ 98.155123291098192, 13.793207304751999 ], [ 98.155123291098192, 13.79321815192 ], [ 98.15512884065194, 13.79321815192 ], [ 98.15512884065194, 13.793228999087999 ], [ 98.155134390205703, 13.793228999087999 ], [ 98.155134390205703, 13.793239846255998 ], [ 98.155139939759465, 13.793239846255998 ], [ 98.155139939759465, 13.793250693424 ], [ 98.155145489313213, 13.793250693424 ], [ 98.155145489313213, 13.793256117007999 ], [ 98.155151038866975, 13.793256117007999 ], [ 98.155151038866975, 13.793266964175999 ], [ 98.155156588420724, 13.793266964175999 ], [ 98.155156588420724, 13.793277811343998 ], [ 98.155162137974486, 13.793277811343998 ], [ 98.155162137974486, 13.793283234927999 ], [ 98.155178786635759, 13.793283234927999 ], [ 98.155178786635759, 13.793277811343998 ], [ 98.155195435297031, 13.793277811343998 ], [ 98.155195435297031, 13.793288658511999 ], [ 98.155200984850779, 13.793288658511999 ], [ 98.155200984850779, 13.793299505679999 ], [ 98.155206534404542, 13.793299505679999 ], [ 98.155206534404542, 13.793310352848 ], [ 98.155212083958304, 13.793310352848 ], [ 98.155212083958304, 13.793321200015999 ], [ 98.155217633512052, 13.793321200015999 ], [ 98.155217633512052, 13.793332047183998 ], [ 98.155223183065814, 13.793332047183998 ], [ 98.155223183065814, 13.793342894352 ], [ 98.155228732619562, 13.793342894352 ], [ 98.155228732619562, 13.793353741519999 ], [ 98.155234282173325, 13.793353741519999 ], [ 98.155234282173325, 13.793364588687998 ], [ 98.155239831727087, 13.793364588687998 ], [ 98.155239831727087, 13.793375435855999 ], [ 98.155245381280835, 13.793375435855999 ], [ 98.155245381280835, 13.793380859439999 ], [ 98.155250930834598, 13.793380859439999 ], [ 98.155250930834598, 13.793391706607999 ], [ 98.155256480388346, 13.793391706607999 ], [ 98.155256480388346, 13.793397130191998 ], [ 98.155262029942108, 13.793397130191998 ], [ 98.155262029942108, 13.793407977359999 ], [ 98.15526757949587, 13.793407977359999 ], [ 98.15526757949587, 13.793413400943999 ], [ 98.155273129049618, 13.793413400943999 ], [ 98.155273129049618, 13.793418824527999 ], [ 98.155284228157143, 13.793418824527999 ], [ 98.155284228157143, 13.793413400943999 ], [ 98.155295327264653, 13.793413400943999 ], [ 98.155295327264653, 13.793424248111998 ], [ 98.155300876818401, 13.793424248111998 ], [ 98.155300876818401, 13.793440518863999 ], [ 98.155306426372164, 13.793440518863999 ], [ 98.155306426372164, 13.793462213199998 ], [ 98.155311975925926, 13.793462213199998 ], [ 98.155311975925926, 13.793467636783999 ], [ 98.155317525479674, 13.793467636783999 ], [ 98.155317525479674, 13.793478483951999 ], [ 98.155323075033436, 13.793478483951999 ], [ 98.155323075033436, 13.793483907535999 ], [ 98.155328624587185, 13.793483907535999 ], [ 98.155328624587185, 13.793489331119998 ], [ 98.155334174140947, 13.793489331119998 ], [ 98.155334174140947, 13.793494754704 ], [ 98.155339723694709, 13.793494754704 ], [ 98.155339723694709, 13.793500178287999 ], [ 98.155345273248457, 13.793500178287999 ], [ 98.155345273248457, 13.793505601871999 ], [ 98.15535082280222, 13.793505601871999 ], [ 98.15535082280222, 13.793511025455999 ], [ 98.155356372355982, 13.793511025455999 ], [ 98.155356372355982, 13.793516449039998 ], [ 98.15536192190973, 13.793516449039998 ], [ 98.15536192190973, 13.793521872623998 ], [ 98.155367471463492, 13.793521872623998 ], [ 98.155367471463492, 13.793527296208 ], [ 98.15537302101724, 13.793527296208 ], [ 98.15537302101724, 13.793532719791999 ], [ 98.155356372355982, 13.793532719791999 ], [ 98.155356372355982, 13.793548990543998 ], [ 98.15536192190973, 13.793548990543998 ], [ 98.15536192190973, 13.793559837711999 ], [ 98.155395219232275, 13.793559837711999 ], [ 98.155395219232275, 13.793576108463999 ], [ 98.155400768786023, 13.793576108463999 ], [ 98.155400768786023, 13.793603226383999 ], [ 98.155406318339786, 13.793603226383999 ], [ 98.155406318339786, 13.793619497136 ], [ 98.155411867893548, 13.793619497136 ], [ 98.155411867893548, 13.793630344303999 ], [ 98.155417417447296, 13.793630344303999 ], [ 98.155417417447296, 13.793641191471998 ], [ 98.155422967001059, 13.793641191471998 ], [ 98.155422967001059, 13.793652038639999 ], [ 98.155428516554807, 13.793652038639999 ], [ 98.155428516554807, 13.793662885807999 ], [ 98.155434066108569, 13.793662885807999 ], [ 98.155434066108569, 13.793668309391999 ], [ 98.155439615662331, 13.793668309391999 ], [ 98.155439615662331, 13.79367915656 ], [ 98.155445165216079, 13.79367915656 ], [ 98.155445165216079, 13.793684580143999 ], [ 98.155450714769842, 13.793684580143999 ], [ 98.155450714769842, 13.793695427311999 ], [ 98.155456264323604, 13.793695427311999 ], [ 98.155456264323604, 13.793700850895998 ], [ 98.155461813877352, 13.793700850895998 ], [ 98.155461813877352, 13.793706274479998 ], [ 98.155467363431114, 13.793706274479998 ], [ 98.155467363431114, 13.793711698064 ], [ 98.155484012092387, 13.793711698064 ], [ 98.155484012092387, 13.793722545231999 ], [ 98.155489561646135, 13.793722545231999 ], [ 98.155489561646135, 13.793749663151999 ], [ 98.155495111199897, 13.793749663151999 ], [ 98.155495111199897, 13.793771357488 ], [ 98.155500660753646, 13.793771357488 ], [ 98.155500660753646, 13.793793051823998 ], [ 98.155506210307408, 13.793793051823998 ], [ 98.155506210307408, 13.793803898992 ], [ 98.15551175986117, 13.793803898992 ], [ 98.15551175986117, 13.793809322575999 ], [ 98.155517309414918, 13.793809322575999 ], [ 98.155517309414918, 13.793820169743999 ], [ 98.155522858968681, 13.793820169743999 ], [ 98.155522858968681, 13.793831016911998 ], [ 98.155528408522443, 13.793831016911998 ], [ 98.155528408522443, 13.793836440495999 ], [ 98.155533958076191, 13.793836440495999 ], [ 98.155533958076191, 13.793841864079999 ], [ 98.155539507629953, 13.793841864079999 ], [ 98.155539507629953, 13.793852711247998 ], [ 98.155545057183701, 13.793852711247998 ], [ 98.155545057183701, 13.793858134831998 ], [ 98.155550606737464, 13.793858134831998 ], [ 98.155550606737464, 13.793863558416 ], [ 98.155572804952484, 13.793863558416 ], [ 98.155572804952484, 13.793858134831998 ], [ 98.155578354506247, 13.793858134831998 ], [ 98.155578354506247, 13.793847287663999 ], [ 98.155583904060009, 13.793847287663999 ], [ 98.155583904060009, 13.793836440495999 ], [ 98.155589453613757, 13.793836440495999 ], [ 98.155589453613757, 13.793820169743999 ], [ 98.15559500316752, 13.793820169743999 ], [ 98.15559500316752, 13.793798475407998 ], [ 98.155600552721268, 13.793798475407998 ], [ 98.155600552721268, 13.793782204655999 ], [ 98.15560610227503, 13.793782204655999 ], [ 98.15560610227503, 13.793760510319999 ], [ 98.155611651828792, 13.793760510319999 ], [ 98.155611651828792, 13.793738815983998 ], [ 98.155600552721268, 13.793738815983998 ], [ 98.155600552721268, 13.793727968815999 ], [ 98.15560610227503, 13.793727968815999 ], [ 98.15560610227503, 13.793695427311999 ], [ 98.155611651828792, 13.793695427311999 ], [ 98.155611651828792, 13.793619497136 ], [ 98.15560610227503, 13.793619497136 ], [ 98.15560610227503, 13.793603226383999 ], [ 98.155600552721268, 13.793603226383999 ], [ 98.155600552721268, 13.793592379215999 ], [ 98.15559500316752, 13.793592379215999 ], [ 98.15559500316752, 13.793576108463999 ], [ 98.155589453613757, 13.793576108463999 ], [ 98.155589453613757, 13.793559837711999 ], [ 98.155583904060009, 13.793559837711999 ], [ 98.155583904060009, 13.793538143375999 ], [ 98.155578354506247, 13.793538143375999 ], [ 98.155578354506247, 13.793511025455999 ], [ 98.155600552721268, 13.793511025455999 ], [ 98.155600552721268, 13.793505601871999 ], [ 98.155611651828792, 13.793505601871999 ], [ 98.155611651828792, 13.793391706607999 ], [ 98.15560610227503, 13.793391706607999 ], [ 98.15560610227503, 13.793353741519999 ], [ 98.155600552721268, 13.793353741519999 ], [ 98.155600552721268, 13.793326623599999 ], [ 98.155611651828792, 13.793326623599999 ], [ 98.155611651828792, 13.793321200015999 ], [ 98.155628300490065, 13.793321200015999 ], [ 98.155628300490065, 13.793250693424 ], [ 98.155633850043813, 13.793250693424 ], [ 98.155633850043813, 13.79321815192 ], [ 98.155628300490065, 13.79321815192 ], [ 98.155628300490065, 13.793185610415998 ], [ 98.155622750936303, 13.793185610415998 ], [ 98.155622750936303, 13.793158492496 ], [ 98.15561720138254, 13.793158492496 ], [ 98.15561720138254, 13.793142221743999 ], [ 98.155611651828792, 13.793142221743999 ], [ 98.155611651828792, 13.793125950992 ], [ 98.15560610227503, 13.793125950992 ], [ 98.15560610227503, 13.793109680239999 ], [ 98.155600552721268, 13.793109680239999 ], [ 98.155600552721268, 13.793087985903998 ], [ 98.15559500316752, 13.793087985903998 ], [ 98.15559500316752, 13.793071715151999 ], [ 98.155589453613757, 13.793071715151999 ], [ 98.155589453613757, 13.793050020815999 ], [ 98.155583904060009, 13.793050020815999 ], [ 98.155583904060009, 13.793039173647999 ], [ 98.155567255398736, 13.793039173647999 ], [ 98.155567255398736, 13.793044597231999 ], [ 98.155556156291226, 13.793044597231999 ], [ 98.155556156291226, 13.793050020815999 ], [ 98.155545057183701, 13.793050020815999 ], [ 98.155545057183701, 13.793055444399998 ], [ 98.155533958076191, 13.793055444399998 ], [ 98.155533958076191, 13.793028326479998 ], [ 98.155522858968681, 13.793028326479998 ], [ 98.155522858968681, 13.793033750064 ], [ 98.155506210307408, 13.793033750064 ], [ 98.155506210307408, 13.793039173647999 ], [ 98.155484012092387, 13.793039173647999 ], [ 98.155484012092387, 13.793044597231999 ], [ 98.155467363431114, 13.793044597231999 ], [ 98.155467363431114, 13.793050020815999 ], [ 98.155450714769842, 13.793050020815999 ], [ 98.155450714769842, 13.793055444399998 ], [ 98.155434066108569, 13.793055444399998 ], [ 98.155434066108569, 13.793060867983998 ], [ 98.155417417447296, 13.793060867983998 ], [ 98.155417417447296, 13.793066291568 ], [ 98.155406318339786, 13.793066291568 ], [ 98.155406318339786, 13.793071715151999 ], [ 98.155395219232275, 13.793071715151999 ], [ 98.155395219232275, 13.793077138735999 ], [ 98.155384120124765, 13.793077138735999 ], [ 98.155384120124765, 13.793082562319999 ], [ 98.15537302101724, 13.793082562319999 ], [ 98.15537302101724, 13.793087985903998 ], [ 98.15536192190973, 13.793087985903998 ], [ 98.15536192190973, 13.793060867983998 ], [ 98.155345273248457, 13.793060867983998 ], [ 98.155345273248457, 13.793066291568 ], [ 98.155328624587185, 13.793066291568 ], [ 98.155328624587185, 13.793071715151999 ], [ 98.155317525479674, 13.793071715151999 ], [ 98.155317525479674, 13.793077138735999 ], [ 98.155311975925926, 13.793077138735999 ], [ 98.155311975925926, 13.793082562319999 ], [ 98.155300876818401, 13.793082562319999 ], [ 98.155300876818401, 13.793087985903998 ], [ 98.155289777710891, 13.793087985903998 ], [ 98.155289777710891, 13.793071715151999 ], [ 98.155295327264653, 13.793071715151999 ], [ 98.155295327264653, 13.792941549136 ], [ 98.155289777710891, 13.792941549136 ], [ 98.155289777710891, 13.792903584047998 ], [ 98.155284228157143, 13.792903584047998 ], [ 98.155284228157143, 13.792887313295999 ], [ 98.155273129049618, 13.792887313295999 ], [ 98.155273129049618, 13.792811383119998 ], [ 98.155278678603381, 13.792811383119998 ], [ 98.155278678603381, 13.792800535951999 ], [ 98.155284228157143, 13.792800535951999 ], [ 98.155284228157143, 13.792784265199998 ], [ 98.155289777710891, 13.792784265199998 ], [ 98.155289777710891, 13.792740876527999 ], [ 98.155295327264653, 13.792740876527999 ], [ 98.155295327264653, 13.792692064271998 ], [ 98.155289777710891, 13.792692064271998 ], [ 98.155289777710891, 13.792626981263998 ], [ 98.155284228157143, 13.792626981263998 ], [ 98.155284228157143, 13.792540203919998 ], [ 98.155278678603381, 13.792540203919998 ], [ 98.155278678603381, 13.792523933167999 ], [ 98.155273129049618, 13.792523933167999 ], [ 98.155273129049618, 13.792513086 ], [ 98.15526757949587, 13.792513086 ], [ 98.15526757949587, 13.792491391663999 ], [ 98.155262029942108, 13.792491391663999 ], [ 98.155262029942108, 13.792464273743999 ], [ 98.155256480388346, 13.792464273743999 ], [ 98.155256480388346, 13.792448002991998 ], [ 98.155250930834598, 13.792448002991998 ], [ 98.155250930834598, 13.792442579407998 ], [ 98.15526757949587, 13.792442579407998 ], [ 98.15526757949587, 13.792437155823999 ], [ 98.155289777710891, 13.792437155823999 ], [ 98.155289777710891, 13.792426308655999 ], [ 98.155284228157143, 13.792426308655999 ], [ 98.155284228157143, 13.792388343567998 ], [ 98.155273129049618, 13.792388343567998 ], [ 98.155273129049618, 13.792377496399999 ], [ 98.155278678603381, 13.792377496399999 ], [ 98.155278678603381, 13.792355802063998 ], [ 98.155273129049618, 13.792355802063998 ], [ 98.155273129049618, 13.792344954895999 ], [ 98.155234282173325, 13.792344954895999 ], [ 98.155234282173325, 13.792193094543999 ], [ 98.155228732619562, 13.792193094543999 ], [ 98.155228732619562, 13.792149705871999 ], [ 98.155223183065814, 13.792149705871999 ], [ 98.155223183065814, 13.792144282288 ], [ 98.155217633512052, 13.792144282288 ], [ 98.155217633512052, 13.792073775695998 ], [ 98.155212083958304, 13.792073775695998 ], [ 98.155212083958304, 13.792041234191998 ], [ 98.155206534404542, 13.792041234191998 ], [ 98.155206534404542, 13.792019539855998 ], [ 98.155200984850779, 13.792019539855998 ], [ 98.155200984850779, 13.791992421936 ], [ 98.155195435297031, 13.791992421936 ], [ 98.155195435297031, 13.791976151183999 ], [ 98.155189885743269, 13.791976151183999 ], [ 98.155189885743269, 13.791959880432 ], [ 98.155184336189521, 13.791959880432 ], [ 98.155184336189521, 13.791943609679999 ], [ 98.155178786635759, 13.791943609679999 ], [ 98.155178786635759, 13.791927338927998 ], [ 98.155173237081996, 13.791927338927998 ], [ 98.155173237081996, 13.791911068175999 ], [ 98.155167687528248, 13.791911068175999 ], [ 98.155167687528248, 13.791889373839998 ], [ 98.155162137974486, 13.791889373839998 ], [ 98.155162137974486, 13.791873103087999 ], [ 98.155167687528248, 13.791873103087999 ], [ 98.155167687528248, 13.791867679504 ], [ 98.155184336189521, 13.791867679504 ], [ 98.155184336189521, 13.791862255919998 ], [ 98.155189885743269, 13.791862255919998 ], [ 98.155189885743269, 13.791856832335998 ], [ 98.155184336189521, 13.791856832335998 ], [ 98.155184336189521, 13.791835138 ], [ 98.155178786635759, 13.791835138 ], [ 98.155178786635759, 13.791818867247999 ], [ 98.155173237081996, 13.791818867247999 ], [ 98.155173237081996, 13.791802596495998 ], [ 98.155167687528248, 13.791802596495998 ], [ 98.155167687528248, 13.791786325743999 ], [ 98.155162137974486, 13.791786325743999 ], [ 98.155162137974486, 13.791770054991998 ], [ 98.155156588420724, 13.791770054991998 ], [ 98.155156588420724, 13.791759207823999 ], [ 98.155151038866975, 13.791759207823999 ], [ 98.155151038866975, 13.791748360655999 ], [ 98.155145489313213, 13.791748360655999 ], [ 98.155145489313213, 13.791732089903999 ], [ 98.155139939759465, 13.791732089903999 ], [ 98.155139939759465, 13.791726666319999 ], [ 98.155134390205703, 13.791726666319999 ], [ 98.155134390205703, 13.791721242735999 ], [ 98.155123291098192, 13.791721242735999 ], [ 98.155123291098192, 13.791715819152 ], [ 98.155040047791843, 13.791715819152 ], [ 98.155040047791843, 13.791710395567998 ], [ 98.154979002700514, 13.791710395567998 ], [ 98.154979002700514, 13.791715819152 ], [ 98.154962354039242, 13.791715819152 ], [ 98.154962354039242, 13.791704971983998 ], [ 98.154945705377969, 13.791704971983998 ], [ 98.154945705377969, 13.791710395567998 ], [ 98.154929056716696, 13.791710395567998 ], [ 98.154929056716696, 13.791704971983998 ], [ 98.154923507162948, 13.791704971983998 ], [ 98.154923507162948, 13.791710395567998 ], [ 98.154895759394165, 13.791710395567998 ], [ 98.154895759394165, 13.791715819152 ], [ 98.154879110732892, 13.791715819152 ], [ 98.154879110732892, 13.791721242735999 ], [ 98.15487356117913, 13.791721242735999 ], [ 98.15487356117913, 13.791715819152 ], [ 98.154818065641564, 13.791715819152 ], [ 98.154818065641564, 13.791721242735999 ], [ 98.154790317872781, 13.791721242735999 ], [ 98.154790317872781, 13.791715819152 ], [ 98.154757020550235, 13.791715819152 ], [ 98.154757020550235, 13.791721242735999 ], [ 98.154718173673942, 13.791721242735999 ], [ 98.154718173673942, 13.791726666319999 ], [ 98.154695975458921, 13.791726666319999 ], [ 98.154695975458921, 13.791732089903999 ], [ 98.154690425905159, 13.791732089903999 ], [ 98.154690425905159, 13.791704971983998 ], [ 98.154684876351396, 13.791704971983998 ], [ 98.154684876351396, 13.791688701231999 ], [ 98.154679326797648, 13.791688701231999 ], [ 98.154679326797648, 13.791667006895999 ], [ 98.154673777243886, 13.791667006895999 ], [ 98.154673777243886, 13.791645312559998 ], [ 98.154668227690138, 13.791645312559998 ], [ 98.154668227690138, 13.791639888975999 ], [ 98.154662678136376, 13.791639888975999 ], [ 98.154662678136376, 13.791634465391999 ], [ 98.154601633045047, 13.791634465391999 ], [ 98.154601633045047, 13.791639888975999 ], [ 98.154573885276264, 13.791639888975999 ], [ 98.154573885276264, 13.791645312559998 ], [ 98.154551687061243, 13.791645312559998 ], [ 98.154551687061243, 13.791650736143998 ], [ 98.154529488846208, 13.791650736143998 ], [ 98.154529488846208, 13.791656159727999 ], [ 98.154512840184935, 13.791656159727999 ], [ 98.154512840184935, 13.791645312559998 ], [ 98.154507290631187, 13.791645312559998 ], [ 98.154507290631187, 13.791612771055998 ], [ 98.154501741077425, 13.791612771055998 ], [ 98.154501741077425, 13.791591076719998 ], [ 98.154496191523677, 13.791591076719998 ], [ 98.154496191523677, 13.791569382383999 ], [ 98.154490641969915, 13.791569382383999 ], [ 98.154490641969915, 13.791558535215998 ], [ 98.154496191523677, 13.791558535215998 ], [ 98.154496191523677, 13.791536840879999 ], [ 98.154501741077425, 13.791536840879999 ], [ 98.154501741077425, 13.791520570127998 ], [ 98.154496191523677, 13.791520570127998 ], [ 98.154496191523677, 13.791509722959999 ], [ 98.154490641969915, 13.791509722959999 ], [ 98.154490641969915, 13.791504299375999 ], [ 98.154485092416152, 13.791504299375999 ], [ 98.154485092416152, 13.791493452207998 ], [ 98.154479542862404, 13.791493452207998 ], [ 98.154479542862404, 13.791482605039999 ], [ 98.154473993308642, 13.791482605039999 ], [ 98.154473993308642, 13.791477181455999 ], [ 98.15446844375488, 13.791477181455999 ], [ 98.15446844375488, 13.791466334287998 ], [ 98.154462894201131, 13.791466334287998 ], [ 98.154462894201131, 13.791455487119999 ], [ 98.154457344647369, 13.791455487119999 ], [ 98.154457344647369, 13.791450063535999 ], [ 98.154462894201131, 13.791450063535999 ], [ 98.154462894201131, 13.791444639951999 ], [ 98.154479542862404, 13.791444639951999 ], [ 98.154479542862404, 13.791439216368 ], [ 98.154496191523677, 13.791439216368 ], [ 98.154496191523677, 13.791433792783998 ], [ 98.154512840184935, 13.791433792783998 ], [ 98.154512840184935, 13.791428369199998 ], [ 98.15452393929246, 13.791428369199998 ], [ 98.15452393929246, 13.791422945615999 ], [ 98.154518389738698, 13.791422945615999 ], [ 98.154518389738698, 13.791417522031999 ], [ 98.15452393929246, 13.791417522031999 ], [ 98.15452393929246, 13.791412098447999 ], [ 98.154540587953719, 13.791412098447999 ], [ 98.154540587953719, 13.791406674863998 ], [ 98.154590533937537, 13.791406674863998 ], [ 98.154590533937537, 13.791401251279998 ], [ 98.154601633045047, 13.791401251279998 ], [ 98.154601633045047, 13.791379556943999 ], [ 98.154623831260082, 13.791379556943999 ], [ 98.154623831260082, 13.791374133359998 ], [ 98.154662678136376, 13.791374133359998 ], [ 98.154662678136376, 13.791368709775998 ], [ 98.154679326797648, 13.791368709775998 ], [ 98.154679326797648, 13.791363286191999 ], [ 98.154690425905159, 13.791363286191999 ], [ 98.154690425905159, 13.791357862607999 ], [ 98.154701525012669, 13.791357862607999 ], [ 98.154701525012669, 13.791319897519999 ], [ 98.154695975458921, 13.791319897519999 ], [ 98.154695975458921, 13.791314473935998 ], [ 98.154690425905159, 13.791314473935998 ], [ 98.154690425905159, 13.791292779599999 ], [ 98.154684876351396, 13.791292779599999 ], [ 98.154684876351396, 13.791249390927998 ], [ 98.154673777243886, 13.791249390927998 ], [ 98.154673777243886, 13.791227696591999 ], [ 98.154668227690138, 13.791227696591999 ], [ 98.154668227690138, 13.791211425839998 ], [ 98.154662678136376, 13.791211425839998 ], [ 98.154662678136376, 13.791184307919998 ], [ 98.154651579028865, 13.791184307919998 ], [ 98.154651579028865, 13.791173460751999 ], [ 98.154657128582613, 13.791173460751999 ], [ 98.154657128582613, 13.791135495663999 ], [ 98.154651579028865, 13.791135495663999 ], [ 98.154651579028865, 13.791097530575998 ], [ 98.154646029475103, 13.791097530575998 ], [ 98.154646029475103, 13.791070412656 ], [ 98.154640479921341, 13.791070412656 ], [ 98.154640479921341, 13.791054141903999 ], [ 98.154634930367592, 13.791054141903999 ], [ 98.154634930367592, 13.791043294735999 ], [ 98.15462938081383, 13.791043294735999 ], [ 98.15462938081383, 13.791032447567998 ], [ 98.154623831260082, 13.791032447567998 ], [ 98.154623831260082, 13.791027023983998 ], [ 98.15462938081383, 13.791027023983998 ], [ 98.15462938081383, 13.791016176815999 ], [ 98.154623831260082, 13.791016176815999 ], [ 98.154623831260082, 13.790999906063998 ], [ 98.15461828170632, 13.790999906063998 ], [ 98.15461828170632, 13.790989058895999 ], [ 98.154612732152557, 13.790989058895999 ], [ 98.154612732152557, 13.790978211728 ], [ 98.154607182598809, 13.790978211728 ], [ 98.154607182598809, 13.790961940975999 ], [ 98.154601633045047, 13.790961940975999 ], [ 98.154601633045047, 13.790951093807999 ], [ 98.154596083491299, 13.790951093807999 ], [ 98.154596083491299, 13.790934823055998 ], [ 98.154590533937537, 13.790934823055998 ], [ 98.154590533937537, 13.790918552303999 ], [ 98.154584984383774, 13.790918552303999 ], [ 98.154584984383774, 13.790896857967999 ], [ 98.154590533937537, 13.790896857967999 ], [ 98.154590533937537, 13.790891434383999 ], [ 98.154601633045047, 13.790891434383999 ], [ 98.154601633045047, 13.7908860108 ], [ 98.15461828170632, 13.7908860108 ], [ 98.15461828170632, 13.790880587215998 ], [ 98.15462938081383, 13.790880587215998 ], [ 98.15462938081383, 13.790875163631998 ], [ 98.154634930367592, 13.790875163631998 ], [ 98.154634930367592, 13.790864316463999 ], [ 98.154646029475103, 13.790864316463999 ], [ 98.154646029475103, 13.790858892879999 ], [ 98.154662678136376, 13.790858892879999 ], [ 98.154662678136376, 13.790853469295998 ], [ 98.154673777243886, 13.790853469295998 ], [ 98.154673777243886, 13.790848045711998 ], [ 98.154679326797648, 13.790848045711998 ], [ 98.154679326797648, 13.790842622127998 ], [ 98.154695975458921, 13.790842622127998 ], [ 98.154695975458921, 13.790837198543999 ], [ 98.154701525012669, 13.790837198543999 ], [ 98.154701525012669, 13.790815504207998 ], [ 98.154718173673942, 13.790815504207998 ], [ 98.154718173673942, 13.790810080623999 ], [ 98.154740371888963, 13.790810080623999 ], [ 98.154740371888963, 13.790804657039999 ], [ 98.154762570103998, 13.790804657039999 ], [ 98.154762570103998, 13.790799233455999 ], [ 98.15476811965776, 13.790799233455999 ], [ 98.15476811965776, 13.790782962703998 ], [ 98.15477921876527, 13.790782962703998 ], [ 98.15477921876527, 13.790777539119999 ], [ 98.154784768319018, 13.790777539119999 ], [ 98.154784768319018, 13.790772115535999 ], [ 98.154790317872781, 13.790772115535999 ], [ 98.154790317872781, 13.790766691951999 ], [ 98.154806966534053, 13.790766691951999 ], [ 98.154806966534053, 13.790761268367998 ], [ 98.154823615195326, 13.790761268367998 ], [ 98.154823615195326, 13.790755844783998 ], [ 98.154840263856599, 13.790755844783998 ], [ 98.154840263856599, 13.790750421199998 ], [ 98.154845813410347, 13.790750421199998 ], [ 98.154845813410347, 13.790734150447999 ], [ 98.154856912517857, 13.790734150447999 ], [ 98.154856912517857, 13.790728726863998 ], [ 98.154879110732892, 13.790728726863998 ], [ 98.154879110732892, 13.790723303279998 ], [ 98.154895759394165, 13.790723303279998 ], [ 98.154895759394165, 13.790717879695999 ], [ 98.154906858501676, 13.790717879695999 ], [ 98.154906858501676, 13.790712456111999 ], [ 98.154917957609186, 13.790712456111999 ], [ 98.154917957609186, 13.790707032527999 ], [ 98.154929056716696, 13.790707032527999 ], [ 98.154929056716696, 13.790701608944 ], [ 98.154945705377969, 13.790701608944 ], [ 98.154945705377969, 13.790696185359998 ], [ 98.154956804485479, 13.790696185359998 ], [ 98.154956804485479, 13.790669067439998 ], [ 98.154973453146752, 13.790669067439998 ], [ 98.154973453146752, 13.790663643855998 ], [ 98.154984552254263, 13.790663643855998 ], [ 98.154984552254263, 13.790658220271999 ], [ 98.154995651361787, 13.790658220271999 ], [ 98.154995651361787, 13.790652796687999 ], [ 98.155006750469298, 13.790652796687999 ], [ 98.155006750469298, 13.790647373103999 ], [ 98.155017849576808, 13.790647373103999 ], [ 98.155017849576808, 13.790641949519999 ], [ 98.155034498238081, 13.790641949519999 ], [ 98.155034498238081, 13.790636525935998 ], [ 98.155045597345591, 13.790636525935998 ], [ 98.155045597345591, 13.790631102351998 ], [ 98.155056696453101, 13.790631102351998 ], [ 98.155056696453101, 13.790609408016 ], [ 98.155062246006864, 13.790609408016 ], [ 98.155062246006864, 13.790603984431998 ], [ 98.155084444221885, 13.790603984431998 ], [ 98.155084444221885, 13.790598560847998 ], [ 98.155101092883157, 13.790598560847998 ], [ 98.155101092883157, 13.790593137263999 ], [ 98.155112191990682, 13.790593137263999 ], [ 98.155112191990682, 13.790587713679999 ], [ 98.15512884065194, 13.790587713679999 ], [ 98.15512884065194, 13.790582290095999 ], [ 98.155139939759465, 13.790582290095999 ], [ 98.155139939759465, 13.790576866511998 ], [ 98.155151038866975, 13.790576866511998 ], [ 98.155151038866975, 13.790571442927998 ], [ 98.155156588420724, 13.790571442927998 ], [ 98.155156588420724, 13.790544325007998 ], [ 98.155189885743269, 13.790544325007998 ], [ 98.155189885743269, 13.790538901423998 ], [ 98.155206534404542, 13.790538901423998 ], [ 98.155206534404542, 13.790533477839999 ], [ 98.155217633512052, 13.790533477839999 ], [ 98.155217633512052, 13.790528054255999 ], [ 98.155228732619562, 13.790528054255999 ], [ 98.155228732619562, 13.790522630671999 ], [ 98.155234282173325, 13.790522630671999 ], [ 98.155234282173325, 13.790517207087998 ], [ 98.155239831727087, 13.790517207087998 ], [ 98.155239831727087, 13.790511783503998 ], [ 98.155250930834598, 13.790511783503998 ], [ 98.155250930834598, 13.790506359919998 ], [ 98.155256480388346, 13.790506359919998 ], [ 98.155256480388346, 13.790495512751999 ], [ 98.155250930834598, 13.790495512751999 ], [ 98.155250930834598, 13.790484665583998 ], [ 98.155262029942108, 13.790484665583998 ], [ 98.155262029942108, 13.790479242 ], [ 98.155278678603381, 13.790479242 ], [ 98.155278678603381, 13.790473818415999 ], [ 98.155295327264653, 13.790473818415999 ], [ 98.155295327264653, 13.790468394831999 ], [ 98.155311975925926, 13.790468394831999 ], [ 98.155311975925926, 13.790462971247999 ], [ 98.155328624587185, 13.790462971247999 ], [ 98.155328624587185, 13.790457547663999 ], [ 98.155339723694709, 13.790457547663999 ], [ 98.155339723694709, 13.790452124079998 ], [ 98.155345273248457, 13.790452124079998 ], [ 98.155345273248457, 13.790435853327999 ], [ 98.155339723694709, 13.790435853327999 ], [ 98.155339723694709, 13.790425006159998 ], [ 98.15535082280222, 13.790425006159998 ], [ 98.15535082280222, 13.790419582575998 ], [ 98.155356372355982, 13.790419582575998 ], [ 98.155356372355982, 13.790414158991998 ], [ 98.15536192190973, 13.790414158991998 ], [ 98.15536192190973, 13.790408735407999 ], [ 98.155367471463492, 13.790408735407999 ], [ 98.155367471463492, 13.790403311823999 ], [ 98.15537302101724, 13.790403311823999 ], [ 98.15537302101724, 13.790397888239999 ], [ 98.155389669678513, 13.790397888239999 ], [ 98.155389669678513, 13.790392464655998 ], [ 98.155400768786023, 13.790392464655998 ], [ 98.155400768786023, 13.790387041071998 ], [ 98.155406318339786, 13.790387041071998 ], [ 98.155406318339786, 13.790381617487999 ], [ 98.155411867893548, 13.790381617487999 ], [ 98.155411867893548, 13.790376193903999 ], [ 98.155422967001059, 13.790376193903999 ], [ 98.155422967001059, 13.790370770319999 ], [ 98.155428516554807, 13.790370770319999 ], [ 98.155428516554807, 13.790365346735999 ], [ 98.155434066108569, 13.790365346735999 ], [ 98.155434066108569, 13.790370770319999 ], [ 98.155461813877352, 13.790370770319999 ], [ 98.155461813877352, 13.790365346735999 ], [ 98.155472912984862, 13.790365346735999 ], [ 98.155472912984862, 13.790359923151998 ], [ 98.155478462538625, 13.790359923151998 ], [ 98.155478462538625, 13.790354499567998 ], [ 98.155489561646135, 13.790354499567998 ], [ 98.155489561646135, 13.790349075983999 ], [ 98.155495111199897, 13.790349075983999 ], [ 98.155495111199897, 13.790343652399999 ], [ 98.155506210307408, 13.790343652399999 ], [ 98.155506210307408, 13.790338228815999 ], [ 98.15551175986117, 13.790338228815999 ], [ 98.15551175986117, 13.790332805231998 ], [ 98.155517309414918, 13.790332805231998 ], [ 98.155517309414918, 13.790321958063998 ], [ 98.155522858968681, 13.790321958063998 ], [ 98.155522858968681, 13.790316534479999 ], [ 98.155533958076191, 13.790316534479999 ], [ 98.155533958076191, 13.790305687311999 ], [ 98.155528408522443, 13.790305687311999 ], [ 98.155528408522443, 13.790300263727998 ], [ 98.155539507629953, 13.790300263727998 ], [ 98.155539507629953, 13.790294840143998 ], [ 98.155550606737464, 13.790294840143998 ], [ 98.155550606737464, 13.790289416559999 ], [ 98.155561705844974, 13.790289416559999 ], [ 98.155561705844974, 13.790283992975999 ], [ 98.155567255398736, 13.790283992975999 ], [ 98.155567255398736, 13.790289416559999 ], [ 98.155572804952484, 13.790289416559999 ], [ 98.155572804952484, 13.790294840143998 ], [ 98.155589453613757, 13.790294840143998 ], [ 98.155589453613757, 13.790289416559999 ], [ 98.15559500316752, 13.790289416559999 ], [ 98.15559500316752, 13.790283992975999 ], [ 98.155600552721268, 13.790283992975999 ], [ 98.155600552721268, 13.790278569391999 ], [ 98.155611651828792, 13.790278569391999 ], [ 98.155611651828792, 13.790273145807999 ], [ 98.15561720138254, 13.790273145807999 ], [ 98.15561720138254, 13.790267722223998 ], [ 98.155622750936303, 13.790267722223998 ], [ 98.155622750936303, 13.790262298639998 ], [ 98.155628300490065, 13.790262298639998 ], [ 98.155628300490065, 13.790256875055999 ], [ 98.155633850043813, 13.790256875055999 ], [ 98.155633850043813, 13.790251451471999 ], [ 98.155639399597575, 13.790251451471999 ], [ 98.155639399597575, 13.790246027887999 ], [ 98.155644949151323, 13.790246027887999 ], [ 98.155644949151323, 13.790240604303998 ], [ 98.155650498705086, 13.790240604303998 ], [ 98.155650498705086, 13.790235180719998 ], [ 98.155656048258848, 13.790235180719998 ], [ 98.155656048258848, 13.790229757135998 ], [ 98.155667147366358, 13.790229757135998 ], [ 98.155667147366358, 13.790224333551999 ], [ 98.155672696920107, 13.790224333551999 ], [ 98.155672696920107, 13.790218909967999 ], [ 98.155678246473869, 13.790218909967999 ], [ 98.155678246473869, 13.790213486383999 ], [ 98.155683796027631, 13.790213486383999 ], [ 98.155683796027631, 13.790208062799998 ], [ 98.155694895135142, 13.790208062799998 ], [ 98.155694895135142, 13.790202639215998 ], [ 98.155705994242652, 13.790202639215998 ], [ 98.155705994242652, 13.790197215631999 ], [ 98.155711543796414, 13.790197215631999 ], [ 98.155711543796414, 13.790191792047999 ], [ 98.155717093350162, 13.790191792047999 ], [ 98.155717093350162, 13.790186368463999 ], [ 98.155728192457687, 13.790186368463999 ], [ 98.155728192457687, 13.790180944879999 ], [ 98.155733742011435, 13.790180944879999 ], [ 98.155733742011435, 13.790175521295998 ], [ 98.155739291565197, 13.790175521295998 ], [ 98.155739291565197, 13.790170097711998 ], [ 98.155744841118945, 13.790170097711998 ], [ 98.155744841118945, 13.790164674127999 ], [ 98.155750390672708, 13.790164674127999 ], [ 98.155750390672708, 13.790159250543999 ], [ 98.15575594022647, 13.790159250543999 ], [ 98.15575594022647, 13.790164674127999 ], [ 98.155794787102764, 13.790164674127999 ], [ 98.155794787102764, 13.790159250543999 ], [ 98.155800336656526, 13.790159250543999 ], [ 98.155800336656526, 13.790153826959999 ], [ 98.155805886210274, 13.790153826959999 ], [ 98.155805886210274, 13.790148403375998 ], [ 98.155816985317784, 13.790148403375998 ], [ 98.155816985317784, 13.790142979791998 ], [ 98.155822534871547, 13.790142979791998 ], [ 98.155822534871547, 13.790137556207998 ], [ 98.155828084425309, 13.790137556207998 ], [ 98.155828084425309, 13.790132132623999 ], [ 98.155839183532819, 13.790132132623999 ], [ 98.155839183532819, 13.790126709039999 ], [ 98.155844733086568, 13.790126709039999 ], [ 98.155844733086568, 13.790121285455999 ], [ 98.15585028264033, 13.790121285455999 ], [ 98.15585028264033, 13.790115861871998 ], [ 98.15586138174784, 13.790115861871998 ], [ 98.15586138174784, 13.790110438287998 ], [ 98.155866931301603, 13.790110438287998 ], [ 98.155866931301603, 13.790105014703999 ], [ 98.155872480855351, 13.790105014703999 ], [ 98.155872480855351, 13.790099591119999 ], [ 98.155878030409113, 13.790099591119999 ], [ 98.155878030409113, 13.790094167535999 ], [ 98.155883579962875, 13.790094167535999 ], [ 98.155883579962875, 13.790088743951999 ], [ 98.155894679070386, 13.790088743951999 ], [ 98.155894679070386, 13.790094167535999 ], [ 98.155905778177896, 13.790094167535999 ], [ 98.155905778177896, 13.790083320367998 ], [ 98.155922426839169, 13.790083320367998 ], [ 98.155922426839169, 13.790072473199999 ], [ 98.155927976392931, 13.790072473199999 ], [ 98.155927976392931, 13.790045355279998 ], [ 98.155933525946679, 13.790045355279998 ], [ 98.155933525946679, 13.790034508111999 ], [ 98.155939075500442, 13.790034508111999 ], [ 98.155939075500442, 13.790029084527999 ], [ 98.15594462505419, 13.790029084527999 ], [ 98.15594462505419, 13.790018237359998 ], [ 98.155950174607952, 13.790018237359998 ], [ 98.155950174607952, 13.790012813775999 ], [ 98.155955724161714, 13.790012813775999 ], [ 98.155955724161714, 13.790001966607999 ], [ 98.155961273715462, 13.790001966607999 ], [ 98.155961273715462, 13.789996543023999 ], [ 98.155966823269225, 13.789996543023999 ], [ 98.155966823269225, 13.789974848687999 ], [ 98.155972372822987, 13.789974848687999 ], [ 98.155972372822987, 13.789969425103999 ], [ 98.155983471930497, 13.789969425103999 ], [ 98.155983471930497, 13.789964001519998 ], [ 98.155989021484245, 13.789964001519998 ], [ 98.155989021484245, 13.789958577935998 ], [ 98.15600012059177, 13.789958577935998 ], [ 98.15600012059177, 13.789953154351998 ], [ 98.156005670145518, 13.789953154351998 ], [ 98.156005670145518, 13.789947730767999 ], [ 98.156016769253029, 13.789947730767999 ], [ 98.156016769253029, 13.789942307183999 ], [ 98.156022318806791, 13.789942307183999 ], [ 98.156022318806791, 13.789936883599999 ], [ 98.156033417914301, 13.789936883599999 ], [ 98.156033417914301, 13.789931460015998 ], [ 98.156038967468064, 13.789931460015998 ], [ 98.156038967468064, 13.789926036431998 ], [ 98.156050066575574, 13.789926036431998 ], [ 98.156050066575574, 13.789920612847999 ], [ 98.156055616129336, 13.789920612847999 ], [ 98.156055616129336, 13.789915189263999 ], [ 98.156061165683084, 13.789915189263999 ], [ 98.156061165683084, 13.789909765679999 ], [ 98.156072264790609, 13.789909765679999 ], [ 98.156072264790609, 13.789904342095999 ], [ 98.156083363898119, 13.789904342095999 ], [ 98.156083363898119, 13.789909765679999 ], [ 98.156088913451867, 13.789909765679999 ], [ 98.156088913451867, 13.789915189263999 ], [ 98.15609446300563, 13.789915189263999 ], [ 98.15609446300563, 13.789909765679999 ], [ 98.15610556211314, 13.789909765679999 ], [ 98.15610556211314, 13.789904342095999 ], [ 98.156111111666903, 13.789904342095999 ], [ 98.156111111666903, 13.789898918511998 ], [ 98.156116661220651, 13.789898918511998 ], [ 98.156116661220651, 13.789893494927998 ], [ 98.156122210774413, 13.789893494927998 ], [ 98.156122210774413, 13.789888071343999 ], [ 98.156133309881923, 13.789888071343999 ], [ 98.156133309881923, 13.789882647759999 ], [ 98.156138859435686, 13.789882647759999 ], [ 98.156138859435686, 13.789877224175999 ], [ 98.156144408989448, 13.789877224175999 ], [ 98.156144408989448, 13.789871800591998 ], [ 98.156155508096958, 13.789871800591998 ], [ 98.156155508096958, 13.789866377007998 ], [ 98.156166607204469, 13.789866377007998 ], [ 98.156166607204469, 13.789860953423998 ], [ 98.156172156758231, 13.789860953423998 ], [ 98.156172156758231, 13.789855529839999 ], [ 98.156183255865741, 13.789855529839999 ], [ 98.156183255865741, 13.789850106255999 ], [ 98.15618880541949, 13.789850106255999 ], [ 98.15618880541949, 13.789844682671999 ], [ 98.156199904527014, 13.789844682671999 ], [ 98.156199904527014, 13.789839259087998 ], [ 98.156205454080762, 13.789839259087998 ], [ 98.156205454080762, 13.789833835503998 ], [ 98.156216553188273, 13.789833835503998 ], [ 98.156216553188273, 13.789828411919999 ], [ 98.156222102742035, 13.789828411919999 ], [ 98.156222102742035, 13.789822988335999 ], [ 98.156233201849545, 13.789822988335999 ], [ 98.156233201849545, 13.789817564751999 ], [ 98.156238751403308, 13.789817564751999 ], [ 98.156238751403308, 13.789812141167999 ], [ 98.15624430095707, 13.789812141167999 ], [ 98.15624430095707, 13.789806717583998 ], [ 98.156249850510818, 13.789806717583998 ], [ 98.156249850510818, 13.789801294 ], [ 98.156260949618328, 13.789801294 ], [ 98.156260949618328, 13.789795870415999 ], [ 98.156266499172091, 13.789795870415999 ], [ 98.156266499172091, 13.789790446831999 ], [ 98.156272048725853, 13.789790446831999 ], [ 98.156272048725853, 13.789785023247999 ], [ 98.156277598279601, 13.789785023247999 ], [ 98.156277598279601, 13.789779599663998 ], [ 98.156288697387112, 13.789779599663998 ], [ 98.156288697387112, 13.789774176079998 ], [ 98.156294246940874, 13.789774176079998 ], [ 98.156294246940874, 13.789768752495998 ], [ 98.156299796494636, 13.789768752495998 ], [ 98.156299796494636, 13.789763328911999 ], [ 98.156305346048384, 13.789763328911999 ], [ 98.156305346048384, 13.789757905327999 ], [ 98.156316445155909, 13.789757905327999 ], [ 98.156316445155909, 13.789763328911999 ], [ 98.156321994709657, 13.789763328911999 ], [ 98.156321994709657, 13.789774176079998 ], [ 98.156327544263419, 13.789774176079998 ], [ 98.156327544263419, 13.789768752495998 ], [ 98.15633864337093, 13.789768752495998 ], [ 98.15633864337093, 13.789763328911999 ], [ 98.156344192924692, 13.789763328911999 ], [ 98.156344192924692, 13.789757905327999 ], [ 98.156355292032202, 13.789757905327999 ], [ 98.156355292032202, 13.789752481743999 ], [ 98.156360841585951, 13.789752481743999 ], [ 98.156360841585951, 13.789747058159998 ], [ 98.156366391139713, 13.789747058159998 ], [ 98.156366391139713, 13.789741634575998 ], [ 98.156371940693475, 13.789741634575998 ], [ 98.156371940693475, 13.789736210991999 ], [ 98.156377490247223, 13.789736210991999 ], [ 98.156377490247223, 13.789730787407999 ], [ 98.156388589354734, 13.789730787407999 ], [ 98.156388589354734, 13.789725363823999 ], [ 98.156394138908496, 13.789725363823999 ], [ 98.156394138908496, 13.789719940239999 ], [ 98.156399688462258, 13.789719940239999 ], [ 98.156399688462258, 13.789714516655998 ], [ 98.156405238016006, 13.789714516655998 ], [ 98.156405238016006, 13.789709093071998 ], [ 98.156416337123531, 13.789709093071998 ], [ 98.156416337123531, 13.789703669487999 ], [ 98.156421886677279, 13.789703669487999 ], [ 98.156421886677279, 13.789698245903999 ], [ 98.156427436231041, 13.789698245903999 ], [ 98.156427436231041, 13.789692822319999 ], [ 98.156438535338552, 13.789692822319999 ], [ 98.156438535338552, 13.789687398735998 ], [ 98.156449634446062, 13.789687398735998 ], [ 98.156449634446062, 13.789681975151998 ], [ 98.156455183999824, 13.789681975151998 ], [ 98.156455183999824, 13.789676551567998 ], [ 98.156466283107335, 13.789676551567998 ], [ 98.156466283107335, 13.789671127983999 ], [ 98.156477382214845, 13.789671127983999 ], [ 98.156477382214845, 13.789665704399999 ], [ 98.156482931768608, 13.789665704399999 ], [ 98.156482931768608, 13.789660280815999 ], [ 98.156494030876118, 13.789660280815999 ], [ 98.156494030876118, 13.789654857231998 ], [ 98.156505129983628, 13.789654857231998 ], [ 98.156505129983628, 13.789649433647998 ], [ 98.156516229091153, 13.789649433647998 ], [ 98.156516229091153, 13.789644010063999 ], [ 98.156521778644901, 13.789644010063999 ], [ 98.156521778644901, 13.789649433647998 ], [ 98.156527328198663, 13.789649433647998 ], [ 98.156527328198663, 13.789660280815999 ], [ 98.156543976859936, 13.789660280815999 ], [ 98.156543976859936, 13.789654857231998 ], [ 98.156549526413684, 13.789654857231998 ], [ 98.156549526413684, 13.789649433647998 ], [ 98.156560625521195, 13.789649433647998 ], [ 98.156560625521195, 13.789644010063999 ], [ 98.156571724628719, 13.789644010063999 ], [ 98.156571724628719, 13.789638586479999 ], [ 98.15658282373623, 13.789638586479999 ], [ 98.15658282373623, 13.789633162895999 ], [ 98.15659392284374, 13.789633162895999 ], [ 98.15659392284374, 13.789627739311999 ], [ 98.15660502195125, 13.789627739311999 ], [ 98.15660502195125, 13.789622315727998 ], [ 98.156616121058775, 13.789622315727998 ], [ 98.156616121058775, 13.789616892143998 ], [ 98.156627220166285, 13.789616892143998 ], [ 98.156627220166285, 13.789611468559999 ], [ 98.156632769720034, 13.789611468559999 ], [ 98.156632769720034, 13.789606044975999 ], [ 98.156643868827558, 13.789606044975999 ], [ 98.156643868827558, 13.789600621391999 ], [ 98.156654967935069, 13.789600621391999 ], [ 98.156654967935069, 13.789595197807998 ], [ 98.156660517488831, 13.789595197807998 ], [ 98.156660517488831, 13.789589774223998 ], [ 98.156671616596341, 13.789589774223998 ], [ 98.156671616596341, 13.789584350639998 ], [ 98.156682715703852, 13.789584350639998 ], [ 98.156682715703852, 13.789578927055999 ], [ 98.156688265257614, 13.789578927055999 ], [ 98.156688265257614, 13.789584350639998 ], [ 98.156693814811362, 13.789584350639998 ], [ 98.156693814811362, 13.789595197807998 ], [ 98.156704913918873, 13.789595197807998 ], [ 98.156704913918873, 13.789589774223998 ], [ 98.156716013026397, 13.789589774223998 ], [ 98.156716013026397, 13.789584350639998 ], [ 98.156727112133908, 13.789584350639998 ], [ 98.156727112133908, 13.789578927055999 ], [ 98.156738211241418, 13.789578927055999 ], [ 98.156738211241418, 13.789573503471999 ], [ 98.156749310348928, 13.789573503471999 ], [ 98.156749310348928, 13.789568079887999 ], [ 98.156760409456453, 13.789568079887999 ], [ 98.156760409456453, 13.789562656303998 ], [ 98.156771508563963, 13.789562656303998 ], [ 98.156771508563963, 13.789557232719998 ], [ 98.156782607671474, 13.789557232719998 ], [ 98.156782607671474, 13.789551809135999 ], [ 98.156788157225236, 13.789551809135999 ], [ 98.156788157225236, 13.789546385551999 ], [ 98.156799256332746, 13.789546385551999 ], [ 98.156799256332746, 13.789540961967999 ], [ 98.156804805886495, 13.789540961967999 ], [ 98.156804805886495, 13.789535538383999 ], [ 98.156815904994019, 13.789535538383999 ], [ 98.156815904994019, 13.789530114799998 ], [ 98.156821454547767, 13.789530114799998 ], [ 98.156821454547767, 13.789524691215998 ], [ 98.156832553655292, 13.789524691215998 ], [ 98.156832553655292, 13.789519267631999 ], [ 98.15683810320904, 13.789519267631999 ], [ 98.15683810320904, 13.789513844047999 ], [ 98.15684920231655, 13.789513844047999 ], [ 98.15684920231655, 13.789519267631999 ], [ 98.156854751870313, 13.789519267631999 ], [ 98.156854751870313, 13.789530114799998 ], [ 98.156860301424075, 13.789530114799998 ], [ 98.156860301424075, 13.789540961967999 ], [ 98.156865850977823, 13.789540961967999 ], [ 98.156865850977823, 13.789557232719998 ], [ 98.156871400531585, 13.789557232719998 ], [ 98.156871400531585, 13.789568079887999 ], [ 98.156876950085334, 13.789568079887999 ], [ 98.156876950085334, 13.789578927055999 ], [ 98.156882499639096, 13.789578927055999 ], [ 98.156882499639096, 13.789584350639998 ], [ 98.156888049192858, 13.789584350639998 ], [ 98.156888049192858, 13.789589774223998 ], [ 98.156893598746606, 13.789589774223998 ], [ 98.156893598746606, 13.789600621391999 ], [ 98.156899148300369, 13.789600621391999 ], [ 98.156899148300369, 13.789606044975999 ], [ 98.156904697854117, 13.789606044975999 ], [ 98.156904697854117, 13.789611468559999 ], [ 98.156921346515389, 13.789611468559999 ], [ 98.156921346515389, 13.789606044975999 ], [ 98.156932445622914, 13.789606044975999 ], [ 98.156932445622914, 13.789589774223998 ], [ 98.156926896069152, 13.789589774223998 ], [ 98.156926896069152, 13.789562656303998 ], [ 98.156943544730424, 13.789562656303998 ], [ 98.156943544730424, 13.789557232719998 ], [ 98.156954643837935, 13.789557232719998 ], [ 98.156954643837935, 13.789551809135999 ], [ 98.156971292499207, 13.789551809135999 ], [ 98.156971292499207, 13.789546385551999 ], [ 98.156982391606718, 13.789546385551999 ], [ 98.156982391606718, 13.789540961967999 ], [ 98.156999040267991, 13.789540961967999 ], [ 98.156999040267991, 13.789535538383999 ], [ 98.157010139375501, 13.789535538383999 ], [ 98.157010139375501, 13.789497573295998 ], [ 98.157021238483011, 13.789497573295998 ], [ 98.157021238483011, 13.789492149711998 ], [ 98.157043436698046, 13.789492149711998 ], [ 98.157043436698046, 13.789486726127999 ], [ 98.157060085359319, 13.789486726127999 ], [ 98.157060085359319, 13.789481302543999 ], [ 98.15707118446683, 13.789481302543999 ], [ 98.15707118446683, 13.789475878959999 ], [ 98.157076734020578, 13.789475878959999 ], [ 98.157076734020578, 13.789448761039999 ], [ 98.157087833128102, 13.789448761039999 ], [ 98.157087833128102, 13.789443337455999 ], [ 98.157098932235613, 13.789443337455999 ], [ 98.157098932235613, 13.789437913871998 ], [ 98.157121130450633, 13.789437913871998 ], [ 98.157121130450633, 13.789432490287998 ], [ 98.157137779111906, 13.789432490287998 ], [ 98.157137779111906, 13.789427066703999 ], [ 98.157148878219417, 13.789427066703999 ], [ 98.157148878219417, 13.789421643119999 ], [ 98.157159977326941, 13.789421643119999 ], [ 98.157159977326941, 13.789416219535999 ], [ 98.157176625988214, 13.789416219535999 ], [ 98.157176625988214, 13.789410795951998 ], [ 98.157187725095724, 13.789410795951998 ], [ 98.157187725095724, 13.789405372367998 ], [ 98.157204373756997, 13.789405372367998 ], [ 98.157204373756997, 13.789383678031999 ], [ 98.157198824203235, 13.789383678031999 ], [ 98.157198824203235, 13.789361983695999 ], [ 98.157204373756997, 13.789361983695999 ], [ 98.157204373756997, 13.789356560111999 ], [ 98.157221022418256, 13.789356560111999 ], [ 98.157221022418256, 13.789351136527998 ], [ 98.15723212152578, 13.789351136527998 ], [ 98.15723212152578, 13.789345712943998 ], [ 98.157243220633291, 13.789345712943998 ], [ 98.157243220633291, 13.789340289359998 ], [ 98.157254319740801, 13.789340289359998 ], [ 98.157254319740801, 13.789334865775999 ], [ 98.157270968402074, 13.789334865775999 ], [ 98.157270968402074, 13.789329442191999 ], [ 98.157282067509584, 13.789329442191999 ], [ 98.157282067509584, 13.789324018607999 ], [ 98.157298716170857, 13.789324018607999 ], [ 98.157298716170857, 13.789318595023998 ], [ 98.157315364832129, 13.789318595023998 ], [ 98.157315364832129, 13.789313171439998 ], [ 98.15732646393964, 13.789313171439998 ], [ 98.15732646393964, 13.789307747855998 ], [ 98.15733756304715, 13.789307747855998 ], [ 98.15733756304715, 13.789269782767999 ], [ 98.157343112600913, 13.789269782767999 ], [ 98.157343112600913, 13.789264359183999 ], [ 98.157365310815933, 13.789264359183999 ], [ 98.157365310815933, 13.789258935599998 ], [ 98.157381959477206, 13.789258935599998 ], [ 98.157381959477206, 13.789253512015998 ], [ 98.157398608138479, 13.789253512015998 ], [ 98.157398608138479, 13.789248088431998 ], [ 98.157415256799752, 13.789248088431998 ], [ 98.157415256799752, 13.789242664847999 ], [ 98.157437455014772, 13.789242664847999 ], [ 98.157437455014772, 13.789237241263999 ], [ 98.157454103676045, 13.789237241263999 ], [ 98.157454103676045, 13.789231817679999 ], [ 98.157470752337318, 13.789231817679999 ], [ 98.157470752337318, 13.789226394095998 ], [ 98.15748740099859, 13.789226394095998 ], [ 98.15748740099859, 13.789220970511998 ], [ 98.157498500106101, 13.789220970511998 ], [ 98.157498500106101, 13.789177581839999 ], [ 98.157509599213611, 13.789177581839999 ], [ 98.157509599213611, 13.789172158255999 ], [ 98.157526247874884, 13.789172158255999 ], [ 98.157526247874884, 13.789166734671998 ], [ 98.157548446089919, 13.789166734671998 ], [ 98.157548446089919, 13.789161311087998 ], [ 98.157565094751178, 13.789161311087998 ], [ 98.157565094751178, 13.789155887503998 ], [ 98.15758174341245, 13.789155887503998 ], [ 98.15758174341245, 13.789150463919999 ], [ 98.157598392073723, 13.789150463919999 ], [ 98.157598392073723, 13.789117922415999 ], [ 98.157609491181233, 13.789117922415999 ], [ 98.157609491181233, 13.789112498831999 ], [ 98.157631689396268, 13.789112498831999 ], [ 98.157631689396268, 13.789107075247999 ], [ 98.157659437165051, 13.789107075247999 ], [ 98.157659437165051, 13.789101651663998 ], [ 98.157676085826324, 13.789101651663998 ], [ 98.157676085826324, 13.789096228079998 ], [ 98.157692734487583, 13.789096228079998 ], [ 98.157692734487583, 13.789090804495999 ], [ 98.157709383148855, 13.789090804495999 ], [ 98.157709383148855, 13.789074533743998 ], [ 98.157703833595107, 13.789074533743998 ], [ 98.157703833595107, 13.789063686575998 ], [ 98.157726031810128, 13.789063686575998 ], [ 98.157726031810128, 13.789058262991999 ], [ 98.157748230025163, 13.789058262991999 ], [ 98.157748230025163, 13.789052839407999 ], [ 98.157770428240184, 13.789052839407999 ], [ 98.157770428240184, 13.789047415823999 ], [ 98.157792626455219, 13.789047415823999 ], [ 98.157792626455219, 13.789041992239998 ], [ 98.157809275116477, 13.789041992239998 ], [ 98.157809275116477, 13.789036568655998 ], [ 98.157831473331512, 13.789036568655998 ], [ 98.157831473331512, 13.789031145071998 ], [ 98.157853671546533, 13.789031145071998 ], [ 98.157853671546533, 13.789025721487999 ], [ 98.157875869761568, 13.789025721487999 ], [ 98.157875869761568, 13.789020297903999 ], [ 98.157898067976589, 13.789020297903999 ], [ 98.157898067976589, 13.789014874319999 ], [ 98.157920266191624, 13.789014874319999 ], [ 98.157920266191624, 13.789009450735998 ], [ 98.157942464406645, 13.789009450735998 ], [ 98.157942464406645, 13.789004027151998 ], [ 98.15796466262168, 13.789004027151998 ], [ 98.15796466262168, 13.788998603567999 ], [ 98.157986860836701, 13.788998603567999 ], [ 98.157986860836701, 13.788993179983999 ], [ 98.158009059051722, 13.788993179983999 ], [ 98.158009059051722, 13.788987756399999 ], [ 98.158036806820505, 13.788987756399999 ], [ 98.158036806820505, 13.788982332815998 ], [ 98.15805900503554, 13.788982332815998 ], [ 98.15805900503554, 13.788976909231998 ], [ 98.158081203250561, 13.788976909231998 ], [ 98.158081203250561, 13.788971485647998 ], [ 98.158103401465596, 13.788971485647998 ], [ 98.158103401465596, 13.788966062063999 ], [ 98.158131149234379, 13.788966062063999 ], [ 98.158131149234379, 13.788960638479999 ], [ 98.158158897003162, 13.788960638479999 ], [ 98.158158897003162, 13.788955214895999 ], [ 98.158181095218183, 13.788955214895999 ], [ 98.158181095218183, 13.788949791311998 ], [ 98.158214392540728, 13.788949791311998 ], [ 98.158214392540728, 13.788944367727998 ], [ 98.158247689863273, 13.788944367727998 ], [ 98.158247689863273, 13.788938944143998 ], [ 98.158297635847077, 13.788938944143998 ], [ 98.158297635847077, 13.788933520559999 ], [ 98.158414176475972, 13.788933520559999 ], [ 98.158414176475972, 13.788928096975999 ], [ 98.158458572906028, 13.788928096975999 ], [ 98.158458572906028, 13.788922673391999 ], [ 98.158480771121063, 13.788922673391999 ], [ 98.158480771121063, 13.788917249807998 ], [ 98.158508518889846, 13.788917249807998 ], [ 98.158508518889846, 13.788911826223998 ], [ 98.158530717104867, 13.788911826223998 ], [ 98.158530717104867, 13.788906402639999 ], [ 98.158552915319888, 13.788906402639999 ], [ 98.158552915319888, 13.788900979055999 ], [ 98.158575113534923, 13.788900979055999 ], [ 98.158575113534923, 13.788895555471999 ], [ 98.158597311749944, 13.788895555471999 ], [ 98.158597311749944, 13.788890131887998 ], [ 98.158619509964979, 13.788890131887998 ], [ 98.158619509964979, 13.788884708303998 ], [ 98.158636158626251, 13.788884708303998 ], [ 98.158636158626251, 13.788879284719998 ], [ 98.158647257733762, 13.788879284719998 ], [ 98.158647257733762, 13.788873861135999 ], [ 98.158663906395034, 13.788873861135999 ], [ 98.158663906395034, 13.788868437551999 ], [ 98.158675005502545, 13.788868437551999 ], [ 98.158675005502545, 13.788863013967999 ], [ 98.158691654163817, 13.788863013967999 ], [ 98.158691654163817, 13.788857590383998 ], [ 98.158702753271328, 13.788857590383998 ], [ 98.158702753271328, 13.788852166799998 ], [ 98.158713852378838, 13.788852166799998 ], [ 98.158713852378838, 13.788846743215998 ], [ 98.158730501040111, 13.788846743215998 ], [ 98.158730501040111, 13.788841319631999 ], [ 98.158747149701384, 13.788841319631999 ], [ 98.158747149701384, 13.788835896047999 ], [ 98.158763798362656, 13.788835896047999 ], [ 98.158763798362656, 13.788830472463999 ], [ 98.158780447023929, 13.788830472463999 ], [ 98.158780447023929, 13.788825048879998 ], [ 98.158797095685188, 13.788825048879998 ], [ 98.158797095685188, 13.788819625295998 ], [ 98.15881374434646, 13.788819625295998 ], [ 98.15881374434646, 13.788814201711999 ], [ 98.158830393007733, 13.788814201711999 ], [ 98.158830393007733, 13.788808778127999 ], [ 98.158852591222768, 13.788808778127999 ], [ 98.158852591222768, 13.788803354543999 ], [ 98.158874789437789, 13.788803354543999 ], [ 98.158874789437789, 13.788797930959998 ], [ 98.158891438099062, 13.788797930959998 ], [ 98.158891438099062, 13.788792507375998 ], [ 98.158919185867845, 13.788792507375998 ], [ 98.158919185867845, 13.788787083791998 ], [ 98.158941384082866, 13.788787083791998 ], [ 98.158941384082866, 13.788781660207999 ], [ 98.158974681405411, 13.788781660207999 ], [ 98.158974681405411, 13.788776236623999 ], [ 98.158991330066684, 13.788776236623999 ], [ 98.158991330066684, 13.788770813039999 ], [ 98.159007978727956, 13.788770813039999 ], [ 98.159007978727956, 13.788765389455998 ], [ 98.159024627389229, 13.788765389455998 ], [ 98.159024627389229, 13.788759965871998 ], [ 98.159041276050488, 13.788759965871998 ], [ 98.159041276050488, 13.788754542287998 ], [ 98.159052375158012, 13.788754542287998 ], [ 98.159052375158012, 13.788749118703999 ], [ 98.159063474265523, 13.788749118703999 ], [ 98.159063474265523, 13.788743695119999 ], [ 98.159074573373033, 13.788743695119999 ], [ 98.159074573373033, 13.788738271535999 ], [ 98.159085672480543, 13.788738271535999 ], [ 98.159085672480543, 13.788732847951998 ], [ 98.159091222034306, 13.788732847951998 ], [ 98.159091222034306, 13.788727424367998 ], [ 98.159096771588068, 13.788727424367998 ], [ 98.159096771588068, 13.788722000783999 ], [ 98.159102321141816, 13.788722000783999 ], [ 98.159102321141816, 13.788716577199999 ], [ 98.159107870695578, 13.788716577199999 ], [ 98.159107870695578, 13.788711153615999 ], [ 98.159113420249327, 13.788711153615999 ], [ 98.159113420249327, 13.788705730031998 ], [ 98.159118969803089, 13.788705730031998 ], [ 98.159118969803089, 13.788700306447998 ], [ 98.159130068910599, 13.788700306447998 ], [ 98.159130068910599, 13.788694882863998 ], [ 98.159135618464362, 13.788694882863998 ], [ 98.159135618464362, 13.788689459279999 ], [ 98.159146717571872, 13.788689459279999 ], [ 98.159146717571872, 13.788684035695999 ], [ 98.159157816679382, 13.788684035695999 ], [ 98.159157816679382, 13.788678612111999 ], [ 98.159163366233145, 13.788678612111999 ], [ 98.159163366233145, 13.788673188527998 ], [ 98.159180014894417, 13.788673188527998 ], [ 98.159180014894417, 13.788667764943998 ], [ 98.15919666355569, 13.788667764943998 ], [ 98.15919666355569, 13.788662341359998 ], [ 98.1592077626632, 13.788662341359998 ], [ 98.1592077626632, 13.788656917775999 ], [ 98.159218861770711, 13.788656917775999 ], [ 98.159218861770711, 13.788651494191999 ], [ 98.159241059985732, 13.788651494191999 ], [ 98.159241059985732, 13.788646070607999 ], [ 98.159257708647004, 13.788646070607999 ], [ 98.159257708647004, 13.788640647023998 ], [ 98.159279906862039, 13.788640647023998 ], [ 98.159279906862039, 13.788635223439998 ], [ 98.159296555523312, 13.788635223439998 ], [ 98.159296555523312, 13.788629799855999 ], [ 98.159307654630823, 13.788629799855999 ], [ 98.159307654630823, 13.788624376271999 ], [ 98.159324303292095, 13.788624376271999 ], [ 98.159324303292095, 13.788618952687999 ], [ 98.159335402399606, 13.788618952687999 ], [ 98.159335402399606, 13.788613529103998 ], [ 98.159340951953354, 13.788613529103998 ], [ 98.159340951953354, 13.788608105519998 ], [ 98.159352051060878, 13.788608105519998 ], [ 98.159352051060878, 13.788602681935998 ], [ 98.159363150168389, 13.788602681935998 ], [ 98.159363150168389, 13.788597258351999 ], [ 98.159374249275899, 13.788597258351999 ], [ 98.159374249275899, 13.788591834767999 ], [ 98.159390897937172, 13.788591834767999 ], [ 98.159390897937172, 13.788597258351999 ], [ 98.159401997044682, 13.788597258351999 ], [ 98.159401997044682, 13.788591834767999 ], [ 98.159413096152193, 13.788591834767999 ], [ 98.159413096152193, 13.788586411183999 ], [ 98.159424195259717, 13.788586411183999 ], [ 98.159424195259717, 13.788580987599998 ], [ 98.159435294367228, 13.788580987599998 ], [ 98.159435294367228, 13.788575564015998 ], [ 98.159446393474738, 13.788575564015998 ], [ 98.159446393474738, 13.788570140431998 ], [ 98.159457492582249, 13.788570140431998 ], [ 98.159457492582249, 13.788564716847999 ], [ 98.159468591689773, 13.788564716847999 ], [ 98.159468591689773, 13.788559293263999 ], [ 98.159479690797284, 13.788559293263999 ], [ 98.159479690797284, 13.788553869679999 ], [ 98.159485240351032, 13.788553869679999 ], [ 98.159485240351032, 13.788548446095998 ], [ 98.159496339458556, 13.788548446095998 ], [ 98.159496339458556, 13.788543022511998 ], [ 98.159507438566067, 13.788543022511998 ], [ 98.159507438566067, 13.788537598927999 ], [ 98.159512988119815, 13.788537598927999 ], [ 98.159512988119815, 13.788532175343999 ], [ 98.159524087227339, 13.788532175343999 ], [ 98.159524087227339, 13.788526751759999 ], [ 98.159529636781087, 13.788526751759999 ], [ 98.159529636781087, 13.788532175343999 ], [ 98.15953518633485, 13.788532175343999 ], [ 98.15953518633485, 13.788537598927999 ], [ 98.15954628544236, 13.788537598927999 ], [ 98.15954628544236, 13.788532175343999 ], [ 98.159557384549871, 13.788532175343999 ], [ 98.159557384549871, 13.788526751759999 ], [ 98.159568483657395, 13.788526751759999 ], [ 98.159568483657395, 13.788521328175998 ], [ 98.159579582764906, 13.788521328175998 ], [ 98.159579582764906, 13.788515904591998 ], [ 98.159590681872416, 13.788515904591998 ], [ 98.159590681872416, 13.788510481007998 ], [ 98.159601780979926, 13.788510481007998 ], [ 98.159601780979926, 13.788505057423999 ], [ 98.159618429641199, 13.788505057423999 ], [ 98.159618429641199, 13.788499633839999 ], [ 98.15962952874871, 13.788499633839999 ], [ 98.15962952874871, 13.788494210255999 ], [ 98.159640627856234, 13.788494210255999 ], [ 98.159640627856234, 13.788488786671998 ], [ 98.159651726963745, 13.788488786671998 ], [ 98.159651726963745, 13.788483363087998 ], [ 98.159662826071255, 13.788483363087998 ], [ 98.159662826071255, 13.788477939503998 ], [ 98.159679474732528, 13.788477939503998 ], [ 98.159679474732528, 13.788472515919999 ], [ 98.159690573840038, 13.788472515919999 ], [ 98.159690573840038, 13.788467092335999 ], [ 98.159701672947548, 13.788467092335999 ], [ 98.159701672947548, 13.788472515919999 ], [ 98.159723871162583, 13.788472515919999 ], [ 98.159723871162583, 13.788467092335999 ], [ 98.159740519823856, 13.788467092335999 ], [ 98.159740519823856, 13.788461668751999 ], [ 98.159751618931367, 13.788461668751999 ], [ 98.159751618931367, 13.788456245167998 ], [ 98.159762718038877, 13.788456245167998 ], [ 98.159762718038877, 13.788450821583998 ], [ 98.159773817146387, 13.788450821583998 ], [ 98.159773817146387, 13.788445398 ], [ 98.159784916253912, 13.788445398 ], [ 98.159784916253912, 13.788439974415999 ], [ 98.159796015361422, 13.788439974415999 ], [ 98.159796015361422, 13.788434550831999 ], [ 98.159807114468933, 13.788434550831999 ], [ 98.159807114468933, 13.788429127247998 ], [ 98.159818213576443, 13.788429127247998 ], [ 98.159818213576443, 13.788423703663998 ], [ 98.159829312683954, 13.788423703663998 ], [ 98.159829312683954, 13.788418280079998 ], [ 98.159834862237716, 13.788418280079998 ], [ 98.159834862237716, 13.788423703663998 ], [ 98.159845961345226, 13.788423703663998 ], [ 98.159845961345226, 13.788418280079998 ], [ 98.159857060452737, 13.788418280079998 ], [ 98.159857060452737, 13.788412856495999 ], [ 98.159868159560261, 13.788412856495999 ], [ 98.159868159560261, 13.788407432911999 ], [ 98.159879258667772, 13.788407432911999 ], [ 98.159879258667772, 13.788402009327999 ], [ 98.159890357775282, 13.788402009327999 ], [ 98.159890357775282, 13.788396585743998 ], [ 98.159901456882793, 13.788396585743998 ], [ 98.159901456882793, 13.788391162159998 ], [ 98.159912555990317, 13.788391162159998 ], [ 98.159912555990317, 13.788385738575998 ], [ 98.159923655097828, 13.788385738575998 ], [ 98.159923655097828, 13.788380314991999 ], [ 98.159934754205338, 13.788380314991999 ], [ 98.159934754205338, 13.788385738575998 ], [ 98.159962501974121, 13.788385738575998 ], [ 98.159962501974121, 13.788380314991999 ], [ 98.159973601081632, 13.788380314991999 ], [ 98.159973601081632, 13.788374891407999 ], [ 98.159984700189156, 13.788374891407999 ], [ 98.159984700189156, 13.788369467823999 ], [ 98.160001348850415, 13.788369467823999 ], [ 98.160001348850415, 13.788364044239998 ], [ 98.160012447957939, 13.788364044239998 ], [ 98.160012447957939, 13.788358620655998 ], [ 98.16002354706545, 13.788358620655998 ], [ 98.16002354706545, 13.788353197071999 ], [ 98.16003464617296, 13.788353197071999 ], [ 98.16003464617296, 13.788347773487999 ], [ 98.16004574528047, 13.788347773487999 ], [ 98.16004574528047, 13.788342349903999 ], [ 98.160056844387995, 13.788342349903999 ], [ 98.160056844387995, 13.788336926319998 ], [ 98.160067943495505, 13.788336926319998 ], [ 98.160067943495505, 13.788331502735998 ], [ 98.160079042603016, 13.788331502735998 ], [ 98.160079042603016, 13.788326079151998 ], [ 98.160090141710526, 13.788326079151998 ], [ 98.160090141710526, 13.788320655567999 ], [ 98.160101240818037, 13.788320655567999 ], [ 98.160101240818037, 13.788315231983999 ], [ 98.160117889479309, 13.788315231983999 ], [ 98.160117889479309, 13.788331502735998 ], [ 98.160134538140582, 13.788331502735998 ], [ 98.160134538140582, 13.788326079151998 ], [ 98.160145637248092, 13.788326079151998 ], [ 98.160145637248092, 13.788320655567999 ], [ 98.160156736355617, 13.788320655567999 ], [ 98.160156736355617, 13.788315231983999 ], [ 98.160167835463128, 13.788315231983999 ], [ 98.160167835463128, 13.788309808399999 ], [ 98.160178934570638, 13.788309808399999 ], [ 98.160178934570638, 13.788304384815998 ], [ 98.160195583231911, 13.788304384815998 ], [ 98.160195583231911, 13.788298961231998 ], [ 98.160206682339421, 13.788298961231998 ], [ 98.160206682339421, 13.788293537647998 ], [ 98.160217781446931, 13.788293537647998 ], [ 98.160217781446931, 13.788288114063999 ], [ 98.160228880554456, 13.788288114063999 ], [ 98.160228880554456, 13.788282690479999 ], [ 98.160239979661966, 13.788282690479999 ], [ 98.160239979661966, 13.788277266895998 ], [ 98.160251078769477, 13.788277266895998 ], [ 98.160251078769477, 13.788271843311998 ], [ 98.160262177876987, 13.788271843311998 ], [ 98.160262177876987, 13.788266419727998 ], [ 98.160273276984498, 13.788266419727998 ], [ 98.160273276984498, 13.788260996143999 ], [ 98.160284376092022, 13.788260996143999 ], [ 98.160284376092022, 13.788255572559999 ], [ 98.160295475199533, 13.788255572559999 ], [ 98.160295475199533, 13.788250148975999 ], [ 98.160306574307043, 13.788250148975999 ], [ 98.160306574307043, 13.788244725391998 ], [ 98.160312123860805, 13.788244725391998 ], [ 98.160312123860805, 13.788239301807998 ], [ 98.160323222968316, 13.788239301807998 ], [ 98.160323222968316, 13.788255572559999 ], [ 98.160350970737099, 13.788255572559999 ], [ 98.160350970737099, 13.788250148975999 ], [ 98.160367619398372, 13.788250148975999 ], [ 98.160367619398372, 13.788244725391998 ], [ 98.160378718505882, 13.788244725391998 ], [ 98.160378718505882, 13.788239301807998 ], [ 98.160389817613392, 13.788239301807998 ], [ 98.160389817613392, 13.788233878223998 ], [ 98.160400916720917, 13.788233878223998 ], [ 98.160400916720917, 13.788228454639999 ], [ 98.160412015828427, 13.788228454639999 ], [ 98.160412015828427, 13.788223031055999 ], [ 98.1604286644897, 13.788223031055999 ], [ 98.1604286644897, 13.788217607471999 ], [ 98.160445313150959, 13.788217607471999 ], [ 98.160445313150959, 13.788212183887998 ], [ 98.160456412258483, 13.788212183887998 ], [ 98.160456412258483, 13.788206760303998 ], [ 98.160473060919742, 13.788206760303998 ], [ 98.160473060919742, 13.788201336719998 ], [ 98.160489709581014, 13.788201336719998 ], [ 98.160489709581014, 13.788195913135999 ], [ 98.160500808688539, 13.788195913135999 ], [ 98.160500808688539, 13.788190489551999 ], [ 98.160517457349798, 13.788190489551999 ], [ 98.160517457349798, 13.788185065967998 ], [ 98.16052300690356, 13.788185065967998 ], [ 98.16052300690356, 13.788201336719998 ], [ 98.160550754672343, 13.788201336719998 ], [ 98.160550754672343, 13.788195913135999 ], [ 98.160567403333616, 13.788195913135999 ], [ 98.160567403333616, 13.788190489551999 ], [ 98.160584051994888, 13.788190489551999 ], [ 98.160584051994888, 13.788185065967998 ], [ 98.160600700656161, 13.788185065967998 ], [ 98.160600700656161, 13.788179642383998 ], [ 98.160622898871182, 13.788179642383998 ], [ 98.160622898871182, 13.788174218799998 ], [ 98.160628448424944, 13.788174218799998 ], [ 98.160628448424944, 13.788201336719998 ], [ 98.160650646639965, 13.788201336719998 ], [ 98.160650646639965, 13.788195913135999 ], [ 98.160678394408748, 13.788195913135999 ], [ 98.160678394408748, 13.788190489551999 ], [ 98.160700592623783, 13.788190489551999 ], [ 98.160700592623783, 13.788185065967998 ], [ 98.160722790838804, 13.788185065967998 ], [ 98.160722790838804, 13.788179642383998 ], [ 98.160728340392566, 13.788179642383998 ], [ 98.160728340392566, 13.788228454639999 ], [ 98.160733889946314, 13.788228454639999 ], [ 98.160733889946314, 13.788250148975999 ], [ 98.160739439500077, 13.788250148975999 ], [ 98.160739439500077, 13.788277266895998 ], [ 98.160744989053839, 13.788277266895998 ], [ 98.160744989053839, 13.788298961231998 ], [ 98.160750538607587, 13.788298961231998 ], [ 98.160750538607587, 13.788315231983999 ], [ 98.160756088161349, 13.788315231983999 ], [ 98.160756088161349, 13.788326079151998 ], [ 98.160761637715098, 13.788326079151998 ], [ 98.160761637715098, 13.788342349903999 ], [ 98.16076718726886, 13.788342349903999 ], [ 98.16076718726886, 13.788353197071999 ], [ 98.160772736822622, 13.788353197071999 ], [ 98.160772736822622, 13.788369467823999 ], [ 98.16077828637637, 13.788369467823999 ], [ 98.16077828637637, 13.788380314991999 ], [ 98.160783835930133, 13.788380314991999 ], [ 98.160783835930133, 13.788396585743998 ], [ 98.160789385483881, 13.788396585743998 ], [ 98.160789385483881, 13.788407432911999 ], [ 98.160794935037643, 13.788407432911999 ], [ 98.160794935037643, 13.788423703663998 ], [ 98.160800484591405, 13.788423703663998 ], [ 98.160800484591405, 13.788434550831999 ], [ 98.160806034145153, 13.788434550831999 ], [ 98.160806034145153, 13.788450821583998 ], [ 98.160844881021461, 13.788450821583998 ], [ 98.160844881021461, 13.788456245167998 ], [ 98.160900376559027, 13.788456245167998 ], [ 98.160900376559027, 13.788450821583998 ], [ 98.160922574774048, 13.788450821583998 ], [ 98.160922574774048, 13.788467092335999 ], [ 98.16092812432781, 13.788467092335999 ], [ 98.16092812432781, 13.788488786671998 ], [ 98.160933673881559, 13.788488786671998 ], [ 98.160933673881559, 13.788505057423999 ], [ 98.160939223435321, 13.788505057423999 ], [ 98.160939223435321, 13.788521328175998 ], [ 98.160944772989083, 13.788521328175998 ], [ 98.160944772989083, 13.788537598927999 ], [ 98.160950322542831, 13.788537598927999 ], [ 98.160950322542831, 13.788553869679999 ], [ 98.160955872096594, 13.788553869679999 ], [ 98.160955872096594, 13.788580987599998 ], [ 98.160961421650342, 13.788580987599998 ], [ 98.160961421650342, 13.788602681935998 ], [ 98.160966971204104, 13.788602681935998 ], [ 98.160966971204104, 13.788618952687999 ], [ 98.160972520757866, 13.788618952687999 ], [ 98.160972520757866, 13.788640647023998 ], [ 98.160978070311614, 13.788640647023998 ], [ 98.160978070311614, 13.788656917775999 ], [ 98.160983619865377, 13.788656917775999 ], [ 98.160983619865377, 13.788678612111999 ], [ 98.160989169419125, 13.788678612111999 ], [ 98.160989169419125, 13.788700306447998 ], [ 98.160994718972887, 13.788700306447998 ], [ 98.160994718972887, 13.788727424367998 ], [ 98.161000268526649, 13.788727424367998 ], [ 98.161000268526649, 13.788749118703999 ], [ 98.161005818080397, 13.788749118703999 ], [ 98.161005818080397, 13.788776236623999 ], [ 98.16101136763416, 13.788776236623999 ], [ 98.16101136763416, 13.788803354543999 ], [ 98.161016917187922, 13.788803354543999 ], [ 98.161016917187922, 13.788830472463999 ], [ 98.16102246674167, 13.788830472463999 ], [ 98.16102246674167, 13.788857590383998 ], [ 98.161028016295433, 13.788857590383998 ], [ 98.161028016295433, 13.788884708303998 ], [ 98.161033565849181, 13.788884708303998 ], [ 98.161033565849181, 13.788911826223998 ], [ 98.161039115402943, 13.788911826223998 ], [ 98.161039115402943, 13.788938944143998 ], [ 98.161044664956705, 13.788938944143998 ], [ 98.161044664956705, 13.788971485647998 ], [ 98.161050214510453, 13.788971485647998 ], [ 98.161050214510453, 13.788998603567999 ], [ 98.161055764064216, 13.788998603567999 ], [ 98.161055764064216, 13.789025721487999 ], [ 98.161061313617964, 13.789025721487999 ], [ 98.161061313617964, 13.789058262991999 ], [ 98.161066863171726, 13.789058262991999 ], [ 98.161066863171726, 13.789085380911999 ], [ 98.161072412725488, 13.789085380911999 ], [ 98.161072412725488, 13.789117922415999 ], [ 98.161077962279236, 13.789117922415999 ], [ 98.161077962279236, 13.789145040335999 ], [ 98.161083511832999, 13.789145040335999 ], [ 98.161083511832999, 13.789177581839999 ], [ 98.161089061386761, 13.789177581839999 ], [ 98.161089061386761, 13.789204699759999 ], [ 98.161094610940509, 13.789204699759999 ], [ 98.161094610940509, 13.789231817679999 ], [ 98.161100160494271, 13.789231817679999 ], [ 98.161100160494271, 13.789258935599998 ], [ 98.16110571004802, 13.789258935599998 ], [ 98.16110571004802, 13.789286053519998 ], [ 98.161111259601782, 13.789286053519998 ], [ 98.161111259601782, 13.789313171439998 ], [ 98.161116809155544, 13.789313171439998 ], [ 98.161116809155544, 13.789340289359998 ], [ 98.161122358709292, 13.789340289359998 ], [ 98.161122358709292, 13.789361983695999 ], [ 98.161127908263055, 13.789361983695999 ], [ 98.161127908263055, 13.789383678031999 ], [ 98.161133457816803, 13.789383678031999 ], [ 98.161133457816803, 13.789405372367998 ], [ 98.161139007370565, 13.789405372367998 ], [ 98.161139007370565, 13.789427066703999 ], [ 98.161144556924327, 13.789427066703999 ], [ 98.161144556924327, 13.789448761039999 ], [ 98.161150106478075, 13.789448761039999 ], [ 98.161150106478075, 13.789465031791998 ], [ 98.161155656031838, 13.789465031791998 ], [ 98.161155656031838, 13.789486726127999 ], [ 98.161161205585586, 13.789486726127999 ], [ 98.161161205585586, 13.789497573295998 ], [ 98.161166755139348, 13.789497573295998 ], [ 98.161166755139348, 13.789513844047999 ], [ 98.16117230469311, 13.789513844047999 ], [ 98.16117230469311, 13.789530114799998 ], [ 98.161177854246858, 13.789530114799998 ], [ 98.161177854246858, 13.789546385551999 ], [ 98.161183403800621, 13.789546385551999 ], [ 98.161183403800621, 13.789562656303998 ], [ 98.161188953354383, 13.789562656303998 ], [ 98.161188953354383, 13.789578927055999 ], [ 98.161194502908131, 13.789578927055999 ], [ 98.161194502908131, 13.789595197807998 ], [ 98.161200052461894, 13.789595197807998 ], [ 98.161200052461894, 13.789611468559999 ], [ 98.161205602015642, 13.789611468559999 ], [ 98.161205602015642, 13.789633162895999 ], [ 98.161211151569404, 13.789633162895999 ], [ 98.161211151569404, 13.789649433647998 ], [ 98.161216701123166, 13.789649433647998 ], [ 98.161216701123166, 13.789671127983999 ], [ 98.161222250676914, 13.789671127983999 ], [ 98.161222250676914, 13.789692822319999 ], [ 98.161227800230677, 13.789692822319999 ], [ 98.161227800230677, 13.789703669487999 ], [ 98.161233349784425, 13.789703669487999 ], [ 98.161233349784425, 13.789719940239999 ], [ 98.161238899338187, 13.789719940239999 ], [ 98.161238899338187, 13.789736210991999 ], [ 98.161244448891949, 13.789736210991999 ], [ 98.161244448891949, 13.789752481743999 ], [ 98.161249998445697, 13.789752481743999 ], [ 98.161249998445697, 13.789763328911999 ], [ 98.16125554799946, 13.789763328911999 ], [ 98.16125554799946, 13.789779599663998 ], [ 98.161261097553222, 13.789779599663998 ], [ 98.161261097553222, 13.789795870415999 ], [ 98.16126664710697, 13.789795870415999 ], [ 98.16126664710697, 13.789812141167999 ], [ 98.161272196660732, 13.789812141167999 ], [ 98.161272196660732, 13.789833835503998 ], [ 98.161277746214481, 13.789833835503998 ], [ 98.161277746214481, 13.789850106255999 ], [ 98.161283295768243, 13.789850106255999 ], [ 98.161283295768243, 13.789866377007998 ], [ 98.161288845322005, 13.789866377007998 ], [ 98.161288845322005, 13.789893494927998 ], [ 98.161294394875753, 13.789893494927998 ], [ 98.161294394875753, 13.789915189263999 ], [ 98.161299944429516, 13.789915189263999 ], [ 98.161299944429516, 13.789942307183999 ], [ 98.161305493983264, 13.789942307183999 ], [ 98.161305493983264, 13.789980272271999 ], [ 98.161311043537026, 13.789980272271999 ], [ 98.161311043537026, 13.790007390191999 ], [ 98.161316593090788, 13.790007390191999 ], [ 98.161316593090788, 13.790034508111999 ], [ 98.161322142644536, 13.790034508111999 ], [ 98.161322142644536, 13.790056202447998 ], [ 98.161327692198299, 13.790056202447998 ], [ 98.161327692198299, 13.790077896783998 ], [ 98.161333241752047, 13.790077896783998 ], [ 98.161333241752047, 13.790099591119999 ], [ 98.161338791305809, 13.790099591119999 ], [ 98.161338791305809, 13.790115861871998 ], [ 98.161344340859571, 13.790115861871998 ], [ 98.161344340859571, 13.790132132623999 ], [ 98.161349890413319, 13.790132132623999 ], [ 98.161349890413319, 13.790148403375998 ], [ 98.161355439967082, 13.790148403375998 ], [ 98.161355439967082, 13.790164674127999 ], [ 98.161360989520844, 13.790164674127999 ], [ 98.161360989520844, 13.790175521295998 ], [ 98.161366539074592, 13.790175521295998 ], [ 98.161366539074592, 13.790191792047999 ], [ 98.161372088628355, 13.790191792047999 ], [ 98.161372088628355, 13.790208062799998 ], [ 98.161377638182103, 13.790208062799998 ], [ 98.161377638182103, 13.790218909967999 ], [ 98.161383187735865, 13.790218909967999 ], [ 98.161383187735865, 13.790235180719998 ], [ 98.161388737289627, 13.790235180719998 ], [ 98.161388737289627, 13.790246027887999 ], [ 98.161394286843375, 13.790246027887999 ], [ 98.161394286843375, 13.790262298639998 ], [ 98.161399836397138, 13.790262298639998 ], [ 98.161399836397138, 13.790278569391999 ], [ 98.161405385950886, 13.790278569391999 ], [ 98.161405385950886, 13.790294840143998 ], [ 98.161410935504648, 13.790294840143998 ], [ 98.161410935504648, 13.790311110895999 ], [ 98.16141648505841, 13.790311110895999 ], [ 98.16141648505841, 13.790327381647998 ], [ 98.161422034612158, 13.790327381647998 ], [ 98.161422034612158, 13.790349075983999 ], [ 98.161427584165921, 13.790349075983999 ], [ 98.161427584165921, 13.790365346735999 ], [ 98.161433133719683, 13.790365346735999 ], [ 98.161433133719683, 13.790381617487999 ], [ 98.161438683273431, 13.790381617487999 ], [ 98.161438683273431, 13.790397888239999 ], [ 98.161444232827193, 13.790397888239999 ], [ 98.161444232827193, 13.790425006159998 ], [ 98.161449782380942, 13.790425006159998 ], [ 98.161449782380942, 13.790452124079998 ], [ 98.161455331934704, 13.790452124079998 ], [ 98.161455331934704, 13.790473818415999 ], [ 98.161460881488466, 13.790473818415999 ], [ 98.161460881488466, 13.790500936335999 ], [ 98.161466431042214, 13.790500936335999 ], [ 98.161466431042214, 13.790522630671999 ], [ 98.161471980595977, 13.790522630671999 ], [ 98.161471980595977, 13.790549748591999 ], [ 98.161477530149725, 13.790549748591999 ], [ 98.161477530149725, 13.790582290095999 ], [ 98.161483079703487, 13.790582290095999 ], [ 98.161483079703487, 13.790625678767999 ], [ 98.161488629257249, 13.790625678767999 ], [ 98.161488629257249, 13.790658220271999 ], [ 98.161494178810997, 13.790658220271999 ], [ 98.161494178810997, 13.790679914607999 ], [ 98.16149972836476, 13.790679914607999 ], [ 98.16149972836476, 13.790690761775998 ], [ 98.161488629257249, 13.790690761775998 ], [ 98.161488629257249, 13.790696185359998 ], [ 98.161477530149725, 13.790696185359998 ], [ 98.161477530149725, 13.790701608944 ], [ 98.161466431042214, 13.790701608944 ], [ 98.161466431042214, 13.790707032527999 ], [ 98.161455331934704, 13.790707032527999 ], [ 98.161455331934704, 13.790712456111999 ], [ 98.161444232827193, 13.790712456111999 ], [ 98.161444232827193, 13.790717879695999 ], [ 98.161438683273431, 13.790717879695999 ], [ 98.161438683273431, 13.790723303279998 ], [ 98.161427584165921, 13.790723303279998 ], [ 98.161427584165921, 13.790728726863998 ], [ 98.161422034612158, 13.790728726863998 ], [ 98.161422034612158, 13.790734150447999 ], [ 98.161410935504648, 13.790734150447999 ], [ 98.161410935504648, 13.790739574031999 ], [ 98.161399836397138, 13.790739574031999 ], [ 98.161399836397138, 13.790744997615999 ], [ 98.161388737289627, 13.790744997615999 ], [ 98.161388737289627, 13.790750421199998 ], [ 98.161383187735865, 13.790750421199998 ], [ 98.161383187735865, 13.790755844783998 ], [ 98.161372088628355, 13.790755844783998 ], [ 98.161372088628355, 13.790761268367998 ], [ 98.161360989520844, 13.790761268367998 ], [ 98.161360989520844, 13.790837198543999 ], [ 98.161349890413319, 13.790837198543999 ], [ 98.161349890413319, 13.790842622127998 ], [ 98.161338791305809, 13.790842622127998 ], [ 98.161338791305809, 13.790848045711998 ], [ 98.161322142644536, 13.790848045711998 ], [ 98.161322142644536, 13.790853469295998 ], [ 98.161311043537026, 13.790853469295998 ], [ 98.161311043537026, 13.790858892879999 ], [ 98.161299944429516, 13.790858892879999 ], [ 98.161299944429516, 13.790864316463999 ], [ 98.161288845322005, 13.790864316463999 ], [ 98.161288845322005, 13.790869740047999 ], [ 98.161272196660732, 13.790869740047999 ], [ 98.161272196660732, 13.790875163631998 ], [ 98.161261097553222, 13.790875163631998 ], [ 98.161261097553222, 13.790880587215998 ], [ 98.161244448891949, 13.790880587215998 ], [ 98.161244448891949, 13.7908860108 ], [ 98.161227800230677, 13.7908860108 ], [ 98.161227800230677, 13.790891434383999 ], [ 98.161211151569404, 13.790891434383999 ], [ 98.161211151569404, 13.790896857967999 ], [ 98.161200052461894, 13.790896857967999 ], [ 98.161200052461894, 13.790902281551999 ], [ 98.161183403800621, 13.790902281551999 ], [ 98.161183403800621, 13.790907705135998 ], [ 98.161166755139348, 13.790907705135998 ], [ 98.161166755139348, 13.790913128719998 ], [ 98.161144556924327, 13.790913128719998 ], [ 98.161144556924327, 13.790918552303999 ], [ 98.161133457816803, 13.790918552303999 ], [ 98.161133457816803, 13.790945670223998 ], [ 98.161122358709292, 13.790945670223998 ], [ 98.161122358709292, 13.790951093807999 ], [ 98.161100160494271, 13.790951093807999 ], [ 98.161100160494271, 13.790956517391999 ], [ 98.161077962279236, 13.790956517391999 ], [ 98.161077962279236, 13.790961940975999 ], [ 98.161055764064216, 13.790961940975999 ], [ 98.161055764064216, 13.790967364559998 ], [ 98.161033565849181, 13.790967364559998 ], [ 98.161033565849181, 13.790972788143998 ], [ 98.16101136763416, 13.790972788143998 ], [ 98.16101136763416, 13.790978211728 ], [ 98.160994718972887, 13.790978211728 ], [ 98.160994718972887, 13.790983635311999 ], [ 98.160978070311614, 13.790983635311999 ], [ 98.160978070311614, 13.791016176815999 ], [ 98.160983619865377, 13.791016176815999 ], [ 98.160983619865377, 13.791059565487998 ], [ 98.160989169419125, 13.791059565487998 ], [ 98.160989169419125, 13.791092106991998 ], [ 98.160994718972887, 13.791092106991998 ], [ 98.160994718972887, 13.791124648495998 ], [ 98.161000268526649, 13.791124648495998 ], [ 98.161000268526649, 13.791140919247999 ], [ 98.161005818080397, 13.791140919247999 ], [ 98.161005818080397, 13.791162613584 ], [ 98.16101136763416, 13.791162613584 ], [ 98.16101136763416, 13.791184307919998 ], [ 98.161016917187922, 13.791184307919998 ], [ 98.161016917187922, 13.791206002255999 ], [ 98.16102246674167, 13.791206002255999 ], [ 98.16102246674167, 13.791227696591999 ], [ 98.161028016295433, 13.791227696591999 ], [ 98.161028016295433, 13.791243967343998 ], [ 98.161033565849181, 13.791243967343998 ], [ 98.161033565849181, 13.791265661679999 ], [ 98.161039115402943, 13.791265661679999 ], [ 98.161039115402943, 13.791281932431998 ], [ 98.161044664956705, 13.791281932431998 ], [ 98.161044664956705, 13.791298203183999 ], [ 98.161050214510453, 13.791298203183999 ], [ 98.161050214510453, 13.791314473935998 ], [ 98.161055764064216, 13.791314473935998 ], [ 98.161055764064216, 13.791547688047999 ], [ 98.161061313617964, 13.791547688047999 ], [ 98.161061313617964, 13.791574805967999 ], [ 98.161066863171726, 13.791574805967999 ], [ 98.161066863171726, 13.791601923887999 ], [ 98.161072412725488, 13.791601923887999 ], [ 98.161072412725488, 13.791618194639998 ], [ 98.161077962279236, 13.791618194639998 ], [ 98.161077962279236, 13.791634465391999 ], [ 98.161083511832999, 13.791634465391999 ], [ 98.161083511832999, 13.791656159727999 ], [ 98.161089061386761, 13.791656159727999 ], [ 98.161089061386761, 13.791672430479998 ], [ 98.161094610940509, 13.791672430479998 ], [ 98.161094610940509, 13.791688701231999 ], [ 98.161100160494271, 13.791688701231999 ], [ 98.161100160494271, 13.791704971983998 ], [ 98.16110571004802, 13.791704971983998 ], [ 98.16110571004802, 13.791721242735999 ], [ 98.161111259601782, 13.791721242735999 ], [ 98.161111259601782, 13.791737513487998 ], [ 98.161116809155544, 13.791737513487998 ], [ 98.161116809155544, 13.791753784239999 ], [ 98.161122358709292, 13.791753784239999 ], [ 98.161122358709292, 13.791770054991998 ], [ 98.161127908263055, 13.791770054991998 ], [ 98.161127908263055, 13.791786325743999 ], [ 98.161133457816803, 13.791786325743999 ], [ 98.161133457816803, 13.791802596495998 ], [ 98.161139007370565, 13.791802596495998 ], [ 98.161139007370565, 13.791813443663999 ], [ 98.161144556924327, 13.791813443663999 ], [ 98.161144556924327, 13.791829714415998 ], [ 98.161150106478075, 13.791829714415998 ], [ 98.161150106478075, 13.791845985167999 ], [ 98.161155656031838, 13.791845985167999 ], [ 98.161155656031838, 13.791862255919998 ], [ 98.161161205585586, 13.791862255919998 ], [ 98.161161205585586, 13.791873103087999 ], [ 98.161166755139348, 13.791873103087999 ], [ 98.161166755139348, 13.791889373839998 ], [ 98.16117230469311, 13.791889373839998 ], [ 98.16117230469311, 13.791900221008 ], [ 98.161177854246858, 13.791900221008 ], [ 98.161177854246858, 13.791911068175999 ], [ 98.161183403800621, 13.791911068175999 ], [ 98.161183403800621, 13.791921915343998 ], [ 98.161188953354383, 13.791921915343998 ], [ 98.161188953354383, 13.791938186095999 ], [ 98.161194502908131, 13.791938186095999 ], [ 98.161194502908131, 13.791949033263998 ], [ 98.161200052461894, 13.791949033263998 ], [ 98.161200052461894, 13.791965304015999 ], [ 98.161205602015642, 13.791965304015999 ], [ 98.161205602015642, 13.791976151183999 ], [ 98.161211151569404, 13.791976151183999 ], [ 98.161211151569404, 13.791986998351998 ], [ 98.161216701123166, 13.791986998351998 ], [ 98.161216701123166, 13.791997845519999 ], [ 98.161222250676914, 13.791997845519999 ], [ 98.161222250676914, 13.792008692687999 ], [ 98.161227800230677, 13.792008692687999 ], [ 98.161227800230677, 13.792019539855998 ], [ 98.161233349784425, 13.792019539855998 ], [ 98.161233349784425, 13.792035810607999 ], [ 98.161238899338187, 13.792035810607999 ], [ 98.161238899338187, 13.792046657775998 ], [ 98.161244448891949, 13.792046657775998 ], [ 98.161244448891949, 13.792057504943999 ], [ 98.161249998445697, 13.792057504943999 ], [ 98.161249998445697, 13.792068352111999 ], [ 98.16125554799946, 13.792068352111999 ], [ 98.16125554799946, 13.792079199279998 ], [ 98.161261097553222, 13.792079199279998 ], [ 98.161261097553222, 13.792090046447999 ], [ 98.16126664710697, 13.792090046447999 ], [ 98.16126664710697, 13.792100893615999 ], [ 98.161272196660732, 13.792100893615999 ], [ 98.161272196660732, 13.792117164367999 ], [ 98.161277746214481, 13.792117164367999 ], [ 98.161277746214481, 13.792128011535999 ], [ 98.161283295768243, 13.792128011535999 ], [ 98.161283295768243, 13.792138858703998 ], [ 98.161288845322005, 13.792138858703998 ], [ 98.161288845322005, 13.792149705871999 ], [ 98.161294394875753, 13.792149705871999 ], [ 98.161294394875753, 13.792160553039999 ], [ 98.161299944429516, 13.792160553039999 ], [ 98.161299944429516, 13.792176823791999 ], [ 98.161305493983264, 13.792176823791999 ], [ 98.161305493983264, 13.792193094543999 ], [ 98.161311043537026, 13.792193094543999 ], [ 98.161311043537026, 13.792203941711998 ], [ 98.161316593090788, 13.792203941711998 ], [ 98.161316593090788, 13.792214788879999 ], [ 98.161322142644536, 13.792214788879999 ], [ 98.161322142644536, 13.792231059631998 ], [ 98.161327692198299, 13.792231059631998 ], [ 98.161327692198299, 13.792269024719999 ], [ 98.161333241752047, 13.792269024719999 ], [ 98.161333241752047, 13.792279871887999 ], [ 98.161338791305809, 13.792279871887999 ], [ 98.161338791305809, 13.792296142639998 ], [ 98.161344340859571, 13.792296142639998 ], [ 98.161344340859571, 13.792312413391999 ], [ 98.161349890413319, 13.792312413391999 ], [ 98.161349890413319, 13.792328684144 ], [ 98.161355439967082, 13.792328684144 ], [ 98.161355439967082, 13.792366649231999 ], [ 98.161360989520844, 13.792366649231999 ], [ 98.161360989520844, 13.792388343567998 ], [ 98.161366539074592, 13.792388343567998 ], [ 98.161366539074592, 13.792404614319999 ], [ 98.161372088628355, 13.792404614319999 ], [ 98.161372088628355, 13.792431732239999 ], [ 98.161377638182103, 13.792431732239999 ], [ 98.161377638182103, 13.792719182191998 ], [ 98.161366539074592, 13.792719182191998 ], [ 98.161366539074592, 13.792724605775998 ], [ 98.161355439967082, 13.792724605775998 ], [ 98.161355439967082, 13.792730029359999 ], [ 98.161344340859571, 13.792730029359999 ], [ 98.161344340859571, 13.792735452943999 ], [ 98.161333241752047, 13.792735452943999 ], [ 98.161333241752047, 13.792740876527999 ], [ 98.161327692198299, 13.792740876527999 ], [ 98.161327692198299, 13.792762570863999 ], [ 98.161311043537026, 13.792762570863999 ], [ 98.161311043537026, 13.792767994447999 ], [ 98.161294394875753, 13.792767994447999 ], [ 98.161294394875753, 13.792773418031999 ], [ 98.161283295768243, 13.792773418031999 ], [ 98.161283295768243, 13.792778841615998 ], [ 98.16126664710697, 13.792778841615998 ], [ 98.16126664710697, 13.792784265199998 ], [ 98.161244448891949, 13.792784265199998 ], [ 98.161244448891949, 13.792789688784 ], [ 98.161227800230677, 13.792789688784 ], [ 98.161227800230677, 13.792795112367999 ], [ 98.161211151569404, 13.792795112367999 ], [ 98.161211151569404, 13.792800535951999 ], [ 98.161188953354383, 13.792800535951999 ], [ 98.161188953354383, 13.792805959535999 ], [ 98.161166755139348, 13.792805959535999 ], [ 98.161166755139348, 13.792811383119998 ], [ 98.161150106478075, 13.792811383119998 ], [ 98.161150106478075, 13.792843924623998 ], [ 98.161127908263055, 13.792843924623998 ], [ 98.161127908263055, 13.792849348208 ], [ 98.161100160494271, 13.792849348208 ], [ 98.161100160494271, 13.792854771791999 ], [ 98.161066863171726, 13.792854771791999 ], [ 98.161066863171726, 13.792860195375999 ], [ 98.161044664956705, 13.792860195375999 ], [ 98.161044664956705, 13.792865618959999 ], [ 98.161016917187922, 13.792865618959999 ], [ 98.161016917187922, 13.792871042543998 ], [ 98.160989169419125, 13.792871042543998 ], [ 98.160989169419125, 13.792876466127998 ], [ 98.160972520757866, 13.792876466127998 ], [ 98.160972520757866, 13.792881889712 ], [ 98.160950322542831, 13.792881889712 ], [ 98.160950322542831, 13.792887313295999 ], [ 98.160933673881559, 13.792887313295999 ], [ 98.160933673881559, 13.792892736879999 ], [ 98.160911475666538, 13.792892736879999 ], [ 98.160911475666538, 13.792898160463999 ], [ 98.160894827005265, 13.792898160463999 ], [ 98.160894827005265, 13.792903584047998 ], [ 98.160889277451503, 13.792903584047998 ], [ 98.160889277451503, 13.792946972719999 ], [ 98.160894827005265, 13.792946972719999 ], [ 98.160894827005265, 13.79297409064 ], [ 98.160900376559027, 13.79297409064 ], [ 98.160900376559027, 13.793001208559998 ], [ 98.160905926112775, 13.793001208559998 ], [ 98.160905926112775, 13.793022902895999 ], [ 98.160911475666538, 13.793022902895999 ], [ 98.160911475666538, 13.793044597231999 ], [ 98.1609170252203, 13.793044597231999 ], [ 98.1609170252203, 13.793066291568 ], [ 98.160922574774048, 13.793066291568 ], [ 98.160922574774048, 13.793082562319999 ], [ 98.16092812432781, 13.793082562319999 ], [ 98.16092812432781, 13.793093409487998 ], [ 98.160933673881559, 13.793093409487998 ], [ 98.160933673881559, 13.793109680239999 ], [ 98.160939223435321, 13.793109680239999 ], [ 98.160939223435321, 13.793120527407998 ], [ 98.160944772989083, 13.793120527407998 ], [ 98.160944772989083, 13.793136798159999 ], [ 98.160950322542831, 13.793136798159999 ], [ 98.160950322542831, 13.793153068911998 ], [ 98.160955872096594, 13.793153068911998 ], [ 98.160955872096594, 13.793163916079999 ], [ 98.160961421650342, 13.793163916079999 ], [ 98.160961421650342, 13.793180186831998 ], [ 98.160966971204104, 13.793180186831998 ], [ 98.160966971204104, 13.793196457583999 ], [ 98.160972520757866, 13.793196457583999 ], [ 98.160972520757866, 13.793212728335998 ], [ 98.160978070311614, 13.793212728335998 ], [ 98.160978070311614, 13.793228999087999 ], [ 98.160983619865377, 13.793228999087999 ], [ 98.160983619865377, 13.793250693424 ], [ 98.160989169419125, 13.793250693424 ], [ 98.160989169419125, 13.793266964175999 ], [ 98.160994718972887, 13.793266964175999 ], [ 98.160994718972887, 13.793283234927999 ], [ 98.161000268526649, 13.793283234927999 ], [ 98.161000268526649, 13.793304929263998 ], [ 98.161005818080397, 13.793304929263998 ], [ 98.161005818080397, 13.793321200015999 ], [ 98.16101136763416, 13.793321200015999 ], [ 98.16101136763416, 13.793337470767998 ], [ 98.161016917187922, 13.793337470767998 ], [ 98.161016917187922, 13.793370012271998 ], [ 98.161000268526649, 13.793370012271998 ], [ 98.161000268526649, 13.793375435855999 ], [ 98.160989169419125, 13.793375435855999 ], [ 98.160989169419125, 13.793402553776 ], [ 98.160994718972887, 13.793402553776 ], [ 98.160994718972887, 13.793407977359999 ], [ 98.160983619865377, 13.793407977359999 ], [ 98.160983619865377, 13.793413400943999 ], [ 98.160972520757866, 13.793413400943999 ], [ 98.160972520757866, 13.793418824527999 ], [ 98.160955872096594, 13.793418824527999 ], [ 98.160955872096594, 13.793424248111998 ], [ 98.160944772989083, 13.793424248111998 ], [ 98.160944772989083, 13.793429671695998 ], [ 98.16092812432781, 13.793429671695998 ], [ 98.16092812432781, 13.79343509528 ], [ 98.1609170252203, 13.79343509528 ], [ 98.1609170252203, 13.793440518863999 ], [ 98.160900376559027, 13.793440518863999 ], [ 98.160900376559027, 13.793445942447999 ], [ 98.160894827005265, 13.793445942447999 ], [ 98.160894827005265, 13.793451366031999 ], [ 98.160883727897755, 13.793451366031999 ], [ 98.160883727897755, 13.793456789615998 ], [ 98.160878178343992, 13.793456789615998 ], [ 98.160878178343992, 13.793473060367999 ], [ 98.160883727897755, 13.793473060367999 ], [ 98.160883727897755, 13.793483907535999 ], [ 98.160872628790244, 13.793483907535999 ], [ 98.160872628790244, 13.793489331119998 ], [ 98.16086152968272, 13.793489331119998 ], [ 98.16086152968272, 13.793494754704 ], [ 98.160844881021461, 13.793494754704 ], [ 98.160844881021461, 13.793500178287999 ], [ 98.160833781913936, 13.793500178287999 ], [ 98.160833781913936, 13.793505601871999 ], [ 98.160828232360188, 13.793505601871999 ], [ 98.160828232360188, 13.793511025455999 ], [ 98.160833781913936, 13.793511025455999 ], [ 98.160833781913936, 13.793548990543998 ], [ 98.160839331467699, 13.793548990543998 ], [ 98.160839331467699, 13.793565261295999 ], [ 98.160844881021461, 13.793565261295999 ], [ 98.160844881021461, 13.793581532047998 ], [ 98.160850430575209, 13.793581532047998 ], [ 98.160850430575209, 13.793592379215999 ], [ 98.160855980128972, 13.793592379215999 ], [ 98.160855980128972, 13.793603226383999 ], [ 98.16086152968272, 13.793603226383999 ], [ 98.16086152968272, 13.793619497136 ], [ 98.160867079236482, 13.793619497136 ], [ 98.160867079236482, 13.793630344303999 ], [ 98.160872628790244, 13.793630344303999 ], [ 98.160872628790244, 13.793641191471998 ], [ 98.160878178343992, 13.793641191471998 ], [ 98.160878178343992, 13.793657462223999 ], [ 98.160883727897755, 13.793657462223999 ], [ 98.160883727897755, 13.793673732975998 ], [ 98.160889277451503, 13.793673732975998 ], [ 98.160889277451503, 13.793690003727999 ], [ 98.160894827005265, 13.793690003727999 ], [ 98.160894827005265, 13.793706274479998 ], [ 98.160900376559027, 13.793706274479998 ], [ 98.160900376559027, 13.793727968815999 ], [ 98.160905926112775, 13.793727968815999 ], [ 98.160905926112775, 13.793744239567999 ], [ 98.160911475666538, 13.793744239567999 ], [ 98.160911475666538, 13.793760510319999 ], [ 98.1609170252203, 13.793760510319999 ], [ 98.1609170252203, 13.793782204655999 ], [ 98.160922574774048, 13.793782204655999 ], [ 98.160922574774048, 13.793798475407998 ], [ 98.16092812432781, 13.793798475407998 ], [ 98.16092812432781, 13.793814746159999 ], [ 98.160933673881559, 13.793814746159999 ], [ 98.160933673881559, 13.793825593327998 ], [ 98.160939223435321, 13.793825593327998 ], [ 98.160939223435321, 13.793841864079999 ], [ 98.160944772989083, 13.793841864079999 ], [ 98.160944772989083, 13.793858134831998 ], [ 98.160950322542831, 13.793858134831998 ], [ 98.160950322542831, 13.793868982 ], [ 98.160955872096594, 13.793868982 ], [ 98.160955872096594, 13.793885252751998 ], [ 98.160961421650342, 13.793885252751998 ], [ 98.160961421650342, 13.79389609992 ], [ 98.160966971204104, 13.79389609992 ], [ 98.160966971204104, 13.793912370671999 ], [ 98.160972520757866, 13.793912370671999 ], [ 98.160972520757866, 13.79392321784 ], [ 98.160978070311614, 13.79392321784 ], [ 98.160978070311614, 13.793939488591999 ], [ 98.160983619865377, 13.793939488591999 ], [ 98.160983619865377, 13.793950335759998 ], [ 98.160989169419125, 13.793950335759998 ], [ 98.160989169419125, 13.793966606511999 ], [ 98.160994718972887, 13.793966606511999 ], [ 98.160994718972887, 13.793977453679998 ], [ 98.161000268526649, 13.793977453679998 ], [ 98.161000268526649, 13.793993724431999 ], [ 98.161005818080397, 13.793993724431999 ], [ 98.161005818080397, 13.794004571599999 ], [ 98.16101136763416, 13.794004571599999 ], [ 98.16101136763416, 13.794020842351999 ], [ 98.161016917187922, 13.794020842351999 ], [ 98.161016917187922, 13.794037113103998 ], [ 98.16102246674167, 13.794037113103998 ], [ 98.16102246674167, 13.794053383855999 ], [ 98.161028016295433, 13.794053383855999 ], [ 98.161028016295433, 13.794075078191998 ], [ 98.161033565849181, 13.794075078191998 ], [ 98.161033565849181, 13.794091348943999 ], [ 98.161039115402943, 13.794091348943999 ], [ 98.161039115402943, 13.794107619696 ], [ 98.161044664956705, 13.794107619696 ], [ 98.161044664956705, 13.794123890447999 ], [ 98.161050214510453, 13.794123890447999 ], [ 98.161050214510453, 13.7941401612 ], [ 98.161055764064216, 13.7941401612 ], [ 98.161055764064216, 13.794156431951999 ], [ 98.161061313617964, 13.794156431951999 ], [ 98.161061313617964, 13.794167279119998 ], [ 98.161066863171726, 13.794167279119998 ], [ 98.161066863171726, 13.794178126287999 ], [ 98.161072412725488, 13.794178126287999 ], [ 98.161072412725488, 13.794194397039998 ], [ 98.161061313617964, 13.794194397039998 ], [ 98.161061313617964, 13.794199820624 ], [ 98.161044664956705, 13.794199820624 ], [ 98.161044664956705, 13.794205244207999 ], [ 98.161039115402943, 13.794205244207999 ], [ 98.161039115402943, 13.794210667791999 ], [ 98.161044664956705, 13.794210667791999 ], [ 98.161044664956705, 13.794226938543998 ], [ 98.161050214510453, 13.794226938543998 ], [ 98.161050214510453, 13.794243209295999 ], [ 98.161055764064216, 13.794243209295999 ], [ 98.161055764064216, 13.794259480047998 ], [ 98.161061313617964, 13.794259480047998 ], [ 98.161061313617964, 13.794275750799999 ], [ 98.161066863171726, 13.794275750799999 ], [ 98.161066863171726, 13.794292021552 ], [ 98.161072412725488, 13.794292021552 ], [ 98.161072412725488, 13.794313715887998 ], [ 98.161077962279236, 13.794313715887998 ], [ 98.161077962279236, 13.794329986639999 ], [ 98.161083511832999, 13.794329986639999 ], [ 98.161083511832999, 13.794346257391998 ], [ 98.161089061386761, 13.794346257391998 ], [ 98.161089061386761, 13.794362528143999 ], [ 98.161094610940509, 13.794362528143999 ], [ 98.161094610940509, 13.794378798895998 ], [ 98.161100160494271, 13.794378798895998 ], [ 98.161100160494271, 13.794395069647999 ], [ 98.16110571004802, 13.794395069647999 ], [ 98.16110571004802, 13.794405916815998 ], [ 98.161111259601782, 13.794405916815998 ], [ 98.161111259601782, 13.794422187567999 ], [ 98.161116809155544, 13.794422187567999 ], [ 98.161116809155544, 13.794433034735999 ], [ 98.161122358709292, 13.794433034735999 ], [ 98.161122358709292, 13.794449305488 ], [ 98.161127908263055, 13.794449305488 ], [ 98.161127908263055, 13.794465576239999 ], [ 98.161133457816803, 13.794465576239999 ], [ 98.161133457816803, 13.794476423408 ], [ 98.161139007370565, 13.794476423408 ], [ 98.161139007370565, 13.794492694159999 ], [ 98.161144556924327, 13.794492694159999 ], [ 98.161144556924327, 13.794508964912 ], [ 98.161150106478075, 13.794508964912 ], [ 98.161150106478075, 13.794519812079999 ], [ 98.161144556924327, 13.794519812079999 ], [ 98.161144556924327, 13.794536082831998 ], [ 98.161150106478075, 13.794536082831998 ], [ 98.161150106478075, 13.79454693 ], [ 98.161144556924327, 13.79454693 ], [ 98.161144556924327, 13.794552353583999 ], [ 98.161133457816803, 13.794552353583999 ], [ 98.161133457816803, 13.794557777167999 ], [ 98.161116809155544, 13.794557777167999 ], [ 98.161116809155544, 13.794563200751998 ], [ 98.161111259601782, 13.794563200751998 ], [ 98.161111259601782, 13.794568624336 ], [ 98.161100160494271, 13.794568624336 ], [ 98.161100160494271, 13.794574047919999 ], [ 98.161089061386761, 13.794574047919999 ], [ 98.161089061386761, 13.794579471503999 ], [ 98.161077962279236, 13.794579471503999 ], [ 98.161077962279236, 13.794584895087999 ], [ 98.161066863171726, 13.794584895087999 ], [ 98.161066863171726, 13.794590318671998 ], [ 98.161061313617964, 13.794590318671998 ], [ 98.161061313617964, 13.794595742255998 ], [ 98.161066863171726, 13.794595742255998 ], [ 98.161066863171726, 13.794606589423999 ], [ 98.161072412725488, 13.794606589423999 ], [ 98.161072412725488, 13.794617436591999 ], [ 98.161061313617964, 13.794617436591999 ], [ 98.161061313617964, 13.794622860175998 ], [ 98.161050214510453, 13.794622860175998 ], [ 98.161050214510453, 13.794628283759998 ], [ 98.161039115402943, 13.794628283759998 ], [ 98.161039115402943, 13.794633707344 ], [ 98.161033565849181, 13.794633707344 ], [ 98.161033565849181, 13.794655401679998 ], [ 98.161039115402943, 13.794655401679998 ], [ 98.161039115402943, 13.794677096015999 ], [ 98.161044664956705, 13.794677096015999 ], [ 98.161044664956705, 13.794698790351999 ], [ 98.161050214510453, 13.794698790351999 ], [ 98.161050214510453, 13.794715061103998 ], [ 98.161055764064216, 13.794715061103998 ], [ 98.161055764064216, 13.794736755439999 ], [ 98.161061313617964, 13.794736755439999 ], [ 98.161061313617964, 13.794758449775999 ], [ 98.161066863171726, 13.794758449775999 ], [ 98.161066863171726, 13.794780144111998 ], [ 98.161072412725488, 13.794780144111998 ], [ 98.161072412725488, 13.794796414863999 ], [ 98.161077962279236, 13.794796414863999 ], [ 98.161077962279236, 13.7948181092 ], [ 98.161083511832999, 13.7948181092 ], [ 98.161083511832999, 13.794839803535998 ], [ 98.161089061386761, 13.794839803535998 ], [ 98.161089061386761, 13.794861497871999 ], [ 98.161094610940509, 13.794861497871999 ], [ 98.161094610940509, 13.794877768624 ], [ 98.161100160494271, 13.794877768624 ], [ 98.161100160494271, 13.794894039375999 ], [ 98.16110571004802, 13.794894039375999 ], [ 98.16110571004802, 13.794915733711999 ], [ 98.161111259601782, 13.794915733711999 ], [ 98.161111259601782, 13.794932004463998 ], [ 98.161116809155544, 13.794932004463998 ], [ 98.161116809155544, 13.794948275215999 ], [ 98.161122358709292, 13.794948275215999 ], [ 98.161122358709292, 13.794969969552 ], [ 98.161127908263055, 13.794969969552 ], [ 98.161127908263055, 13.794986240303999 ], [ 98.161133457816803, 13.794986240303999 ], [ 98.161133457816803, 13.795007934639999 ], [ 98.161139007370565, 13.795007934639999 ], [ 98.161139007370565, 13.795024205391998 ], [ 98.161144556924327, 13.795024205391998 ], [ 98.161144556924327, 13.795045899727999 ], [ 98.161150106478075, 13.795045899727999 ], [ 98.161150106478075, 13.79506217048 ], [ 98.161155656031838, 13.79506217048 ], [ 98.161155656031838, 13.795078441231999 ], [ 98.161161205585586, 13.795078441231999 ], [ 98.161161205585586, 13.795100135567999 ], [ 98.161166755139348, 13.795100135567999 ], [ 98.161166755139348, 13.795116406319998 ], [ 98.16117230469311, 13.795116406319998 ], [ 98.16117230469311, 13.795138100655999 ], [ 98.161177854246858, 13.795138100655999 ], [ 98.161177854246858, 13.795159794991999 ], [ 98.161183403800621, 13.795159794991999 ], [ 98.161183403800621, 13.795181489328 ], [ 98.161188953354383, 13.795181489328 ], [ 98.161188953354383, 13.795208607247998 ], [ 98.161194502908131, 13.795208607247998 ], [ 98.161194502908131, 13.795230301583999 ], [ 98.161200052461894, 13.795230301583999 ], [ 98.161200052461894, 13.795257419503999 ], [ 98.161205602015642, 13.795257419503999 ], [ 98.161205602015642, 13.795279113839999 ], [ 98.161211151569404, 13.795279113839999 ], [ 98.161211151569404, 13.79530623176 ], [ 98.161216701123166, 13.79530623176 ], [ 98.161216701123166, 13.795327926095998 ], [ 98.161222250676914, 13.795327926095998 ], [ 98.161222250676914, 13.795355044015999 ], [ 98.161227800230677, 13.795355044015999 ], [ 98.161227800230677, 13.795376738351999 ], [ 98.161233349784425, 13.795376738351999 ], [ 98.161233349784425, 13.795403856271999 ], [ 98.161238899338187, 13.795403856271999 ], [ 98.161238899338187, 13.795430974192 ], [ 98.161244448891949, 13.795430974192 ], [ 98.161244448891949, 13.795458092112 ], [ 98.161249998445697, 13.795458092112 ], [ 98.161249998445697, 13.795485210031998 ], [ 98.16125554799946, 13.795485210031998 ], [ 98.16125554799946, 13.795512327951998 ], [ 98.161261097553222, 13.795512327951998 ], [ 98.161261097553222, 13.795539445871999 ], [ 98.16126664710697, 13.795539445871999 ], [ 98.16126664710697, 13.795561140207999 ], [ 98.161272196660732, 13.795561140207999 ], [ 98.161272196660732, 13.795588258127999 ], [ 98.161277746214481, 13.795588258127999 ], [ 98.161277746214481, 13.795615376048 ], [ 98.161283295768243, 13.795615376048 ], [ 98.161283295768243, 13.795642493968 ], [ 98.161288845322005, 13.795642493968 ], [ 98.161288845322005, 13.795664188303999 ], [ 98.161294394875753, 13.795664188303999 ], [ 98.161294394875753, 13.795696729807998 ], [ 98.161299944429516, 13.795696729807998 ], [ 98.161299944429516, 13.795729271311998 ], [ 98.161305493983264, 13.795729271311998 ], [ 98.161305493983264, 13.7957672364 ], [ 98.161294394875753, 13.7957672364 ], [ 98.161294394875753, 13.795772659983999 ], [ 98.161283295768243, 13.795772659983999 ], [ 98.161283295768243, 13.795778083567999 ], [ 98.161272196660732, 13.795778083567999 ], [ 98.161272196660732, 13.795783507151999 ], [ 98.161261097553222, 13.795783507151999 ], [ 98.161261097553222, 13.795788930735998 ], [ 98.161249998445697, 13.795788930735998 ], [ 98.161249998445697, 13.795794354319998 ], [ 98.161238899338187, 13.795794354319998 ], [ 98.161238899338187, 13.795799777904 ], [ 98.161227800230677, 13.795799777904 ], [ 98.161227800230677, 13.795805201487999 ], [ 98.161222250676914, 13.795805201487999 ], [ 98.161222250676914, 13.795810625071999 ], [ 98.161211151569404, 13.795810625071999 ], [ 98.161211151569404, 13.795816048655999 ], [ 98.161200052461894, 13.795816048655999 ], [ 98.161200052461894, 13.795821472239998 ], [ 98.161188953354383, 13.795821472239998 ], [ 98.161188953354383, 13.795826895824 ], [ 98.161183403800621, 13.795826895824 ], [ 98.161183403800621, 13.795832319407999 ], [ 98.16117230469311, 13.795832319407999 ], [ 98.16117230469311, 13.795837742991999 ], [ 98.161166755139348, 13.795837742991999 ], [ 98.161166755139348, 13.795843166575999 ], [ 98.16117230469311, 13.795843166575999 ], [ 98.16117230469311, 13.795881131663998 ], [ 98.161166755139348, 13.795881131663998 ], [ 98.161166755139348, 13.795886555247998 ], [ 98.161155656031838, 13.795886555247998 ], [ 98.161155656031838, 13.795891978832 ], [ 98.161139007370565, 13.795891978832 ], [ 98.161139007370565, 13.795897402415999 ], [ 98.161127908263055, 13.795897402415999 ], [ 98.161127908263055, 13.795902826 ], [ 98.161111259601782, 13.795902826 ], [ 98.161111259601782, 13.795908249583999 ], [ 98.161094610940509, 13.795908249583999 ], [ 98.161094610940509, 13.795913673167998 ], [ 98.161077962279236, 13.795913673167998 ], [ 98.161077962279236, 13.795919096752 ], [ 98.161055764064216, 13.795919096752 ], [ 98.161055764064216, 13.795924520335999 ], [ 98.161039115402943, 13.795924520335999 ], [ 98.161039115402943, 13.795929943919999 ], [ 98.16102246674167, 13.795929943919999 ], [ 98.16102246674167, 13.795935367503999 ], [ 98.161016917187922, 13.795935367503999 ], [ 98.161016917187922, 13.795951638256 ], [ 98.16102246674167, 13.795951638256 ], [ 98.16102246674167, 13.79598417976 ], [ 98.161005818080397, 13.79598417976 ], [ 98.161005818080397, 13.795989603343999 ], [ 98.160983619865377, 13.795989603343999 ], [ 98.160983619865377, 13.795995026927999 ], [ 98.160966971204104, 13.795995026927999 ], [ 98.160966971204104, 13.796000450511999 ], [ 98.160950322542831, 13.796000450511999 ], [ 98.160950322542831, 13.796005874095998 ], [ 98.16092812432781, 13.796005874095998 ], [ 98.16092812432781, 13.79601129768 ], [ 98.160911475666538, 13.79601129768 ], [ 98.160911475666538, 13.796016721263999 ], [ 98.160894827005265, 13.796016721263999 ], [ 98.160894827005265, 13.796022144847999 ], [ 98.160878178343992, 13.796022144847999 ], [ 98.160878178343992, 13.796049262767999 ], [ 98.160883727897755, 13.796049262767999 ], [ 98.160883727897755, 13.796065533519998 ], [ 98.160889277451503, 13.796065533519998 ], [ 98.160889277451503, 13.796092651439999 ], [ 98.160894827005265, 13.796092651439999 ], [ 98.160894827005265, 13.796114345775999 ], [ 98.160900376559027, 13.796114345775999 ], [ 98.160900376559027, 13.796130616527998 ], [ 98.160905926112775, 13.796130616527998 ], [ 98.160905926112775, 13.796152310863999 ], [ 98.160911475666538, 13.796152310863999 ], [ 98.160911475666538, 13.796174005199999 ], [ 98.1609170252203, 13.796174005199999 ], [ 98.1609170252203, 13.796190275951998 ], [ 98.160922574774048, 13.796190275951998 ], [ 98.160922574774048, 13.796206546703999 ], [ 98.1609170252203, 13.796206546703999 ], [ 98.1609170252203, 13.796211970287999 ], [ 98.160900376559027, 13.796211970287999 ], [ 98.160900376559027, 13.79622824104 ], [ 98.160905926112775, 13.79622824104 ], [ 98.160905926112775, 13.796244511791999 ], [ 98.160911475666538, 13.796244511791999 ], [ 98.160911475666538, 13.796266206127999 ], [ 98.1609170252203, 13.796266206127999 ], [ 98.1609170252203, 13.796287900464 ], [ 98.160922574774048, 13.796287900464 ], [ 98.160922574774048, 13.796309594799999 ], [ 98.16092812432781, 13.796309594799999 ], [ 98.16092812432781, 13.796331289135999 ], [ 98.1609170252203, 13.796331289135999 ], [ 98.1609170252203, 13.796363830639999 ], [ 98.160922574774048, 13.796363830639999 ], [ 98.160922574774048, 13.796396372143999 ], [ 98.16092812432781, 13.796396372143999 ], [ 98.16092812432781, 13.796407219311998 ], [ 98.160911475666538, 13.796407219311998 ], [ 98.160911475666538, 13.7964451844 ], [ 98.1609170252203, 13.7964451844 ], [ 98.1609170252203, 13.796477725903999 ], [ 98.160911475666538, 13.796477725903999 ], [ 98.160911475666538, 13.796483149487999 ], [ 98.160900376559027, 13.796483149487999 ], [ 98.160900376559027, 13.796488573071999 ], [ 98.160883727897755, 13.796488573071999 ], [ 98.160883727897755, 13.796493996655999 ], [ 98.160867079236482, 13.796493996655999 ], [ 98.160867079236482, 13.796499420239998 ], [ 98.160850430575209, 13.796499420239998 ], [ 98.160850430575209, 13.796504843824 ], [ 98.160833781913936, 13.796504843824 ], [ 98.160833781913936, 13.796510267407999 ], [ 98.160817133252664, 13.796510267407999 ], [ 98.160817133252664, 13.796548232495999 ], [ 98.160811583698916, 13.796548232495999 ], [ 98.160811583698916, 13.796553656079999 ], [ 98.160789385483881, 13.796553656079999 ], [ 98.160789385483881, 13.796559079663998 ], [ 98.16076718726886, 13.796559079663998 ], [ 98.16076718726886, 13.796564503248 ], [ 98.160744989053839, 13.796564503248 ], [ 98.160744989053839, 13.796569926831999 ], [ 98.160728340392566, 13.796569926831999 ], [ 98.160728340392566, 13.796575350415999 ], [ 98.160706142177531, 13.796575350415999 ], [ 98.160706142177531, 13.796580774 ], [ 98.160683943962511, 13.796580774 ], [ 98.160683943962511, 13.796586197583999 ], [ 98.160678394408748, 13.796586197583999 ], [ 98.160678394408748, 13.796607891919999 ], [ 98.160667295301238, 13.796607891919999 ], [ 98.160667295301238, 13.796613315503999 ], [ 98.160639547532455, 13.796613315503999 ], [ 98.160639547532455, 13.796618739087998 ], [ 98.160611799763672, 13.796618739087998 ], [ 98.160611799763672, 13.796624162672 ], [ 98.160584051994888, 13.796624162672 ], [ 98.160584051994888, 13.796629586256 ], [ 98.160556304226105, 13.796629586256 ], [ 98.160556304226105, 13.796635009839999 ], [ 98.160528556457322, 13.796635009839999 ], [ 98.160528556457322, 13.796640433423999 ], [ 98.160500808688539, 13.796640433423999 ], [ 98.160500808688539, 13.796645857007999 ], [ 98.160478610473504, 13.796645857007999 ], [ 98.160478610473504, 13.796651280591998 ], [ 98.160456412258483, 13.796651280591998 ], [ 98.160456412258483, 13.796656704176 ], [ 98.160439763597211, 13.796656704176 ], [ 98.160439763597211, 13.796662127759999 ], [ 98.160445313150959, 13.796662127759999 ], [ 98.160445313150959, 13.79668924568 ], [ 98.160450862704721, 13.79668924568 ], [ 98.160450862704721, 13.796694669263999 ], [ 98.160445313150959, 13.796694669263999 ], [ 98.160445313150959, 13.796700092847999 ], [ 98.160406466274665, 13.796700092847999 ], [ 98.160406466274665, 13.796705516431999 ], [ 98.160367619398372, 13.796705516431999 ], [ 98.160367619398372, 13.796710940015998 ], [ 98.160334322075826, 13.796710940015998 ], [ 98.160334322075826, 13.7967163636 ], [ 98.160301024753295, 13.7967163636 ], [ 98.160301024753295, 13.796721787184 ], [ 98.160262177876987, 13.796721787184 ], [ 98.160262177876987, 13.796727210767999 ], [ 98.160228880554456, 13.796727210767999 ], [ 98.160228880554456, 13.796732634351999 ], [ 98.160217781446931, 13.796732634351999 ], [ 98.160217781446931, 13.796759752271999 ], [ 98.160201132785659, 13.796759752271999 ], [ 98.160201132785659, 13.796765175855999 ], [ 98.160156736355617, 13.796765175855999 ], [ 98.160156736355617, 13.796770599439999 ], [ 98.160112339925561, 13.796770599439999 ], [ 98.160112339925561, 13.796776023023998 ], [ 98.160067943495505, 13.796776023023998 ], [ 98.160067943495505, 13.796781446608 ], [ 98.160029096619198, 13.796781446608 ], [ 98.160029096619198, 13.796786870191999 ], [ 98.160006898404177, 13.796786870191999 ], [ 98.160006898404177, 13.796792293775999 ], [ 98.160001348850415, 13.796792293775999 ], [ 98.160001348850415, 13.796819411695999 ], [ 98.159968051527883, 13.796819411695999 ], [ 98.159968051527883, 13.796824835279999 ], [ 98.1599403037591, 13.796824835279999 ], [ 98.1599403037591, 13.796830258863999 ], [ 98.159918105544065, 13.796830258863999 ], [ 98.159918105544065, 13.796835682447998 ], [ 98.159884808221534, 13.796835682447998 ], [ 98.159884808221534, 13.796841106032 ], [ 98.159834862237716, 13.796841106032 ], [ 98.159834862237716, 13.796846529615999 ], [ 98.159796015361422, 13.796846529615999 ], [ 98.159796015361422, 13.796857376783999 ], [ 98.159734970270094, 13.796857376783999 ], [ 98.159734970270094, 13.796851953199999 ], [ 98.159618429641199, 13.796851953199999 ], [ 98.159618429641199, 13.796873647536 ], [ 98.159512988119815, 13.796873647536 ], [ 98.159512988119815, 13.796868223951998 ], [ 98.159457492582249, 13.796868223951998 ], [ 98.159457492582249, 13.796862800367999 ], [ 98.15938534838341, 13.796862800367999 ], [ 98.15938534838341, 13.796857376783999 ], [ 98.159307654630823, 13.796857376783999 ], [ 98.159307654630823, 13.796868223951998 ], [ 98.159313204184571, 13.796868223951998 ], [ 98.159313204184571, 13.796879071119999 ], [ 98.159318753738333, 13.796879071119999 ], [ 98.159318753738333, 13.796889918287999 ], [ 98.159279906862039, 13.796889918287999 ], [ 98.159279906862039, 13.796884494703999 ], [ 98.159213312216949, 13.796884494703999 ], [ 98.159213312216949, 13.796879071119999 ], [ 98.159146717571872, 13.796879071119999 ], [ 98.159146717571872, 13.796884494703999 ], [ 98.159063474265523, 13.796884494703999 ], [ 98.159063474265523, 13.79690618904 ], [ 98.158958032744138, 13.79690618904 ], [ 98.158958032744138, 13.796900765456 ], [ 98.15881374434646, 13.796900765456 ], [ 98.15881374434646, 13.79690618904 ], [ 98.15880264523895, 13.79690618904 ], [ 98.15880264523895, 13.796911612623999 ], [ 98.158752699255146, 13.796911612623999 ], [ 98.158752699255146, 13.796917036207999 ], [ 98.158719401932601, 13.796917036207999 ], [ 98.158719401932601, 13.796922459791999 ], [ 98.158680555056307, 13.796922459791999 ], [ 98.158680555056307, 13.796927883375998 ], [ 98.15856956398116, 13.796927883375998 ], [ 98.15856956398116, 13.79693330696 ], [ 98.158541816212377, 13.79693330696 ], [ 98.158541816212377, 13.796938730543999 ], [ 98.158514068443594, 13.796938730543999 ], [ 98.158514068443594, 13.796944154127999 ], [ 98.158491870228573, 13.796944154127999 ], [ 98.158491870228573, 13.796949577711999 ], [ 98.15846412245979, 13.796949577711999 ], [ 98.15846412245979, 13.796955001295998 ], [ 98.158436374691007, 13.796955001295998 ], [ 98.158436374691007, 13.796960424879998 ], [ 98.158408626922224, 13.796960424879998 ], [ 98.158408626922224, 13.796965848464 ], [ 98.158380879153427, 13.796965848464 ], [ 98.158380879153427, 13.796971272047999 ], [ 98.158353131384644, 13.796971272047999 ], [ 98.158353131384644, 13.796976695631999 ], [ 98.15832538361586, 13.796976695631999 ], [ 98.15832538361586, 13.796982119215999 ], [ 98.158308734954602, 13.796982119215999 ], [ 98.158308734954602, 13.796987542799998 ], [ 98.158286536739567, 13.796987542799998 ], [ 98.158286536739567, 13.796992966384 ], [ 98.158264338524546, 13.796992966384 ], [ 98.158264338524546, 13.796998389968 ], [ 98.158242140309511, 13.796998389968 ], [ 98.158242140309511, 13.797003813551999 ], [ 98.158225491648238, 13.797003813551999 ], [ 98.158225491648238, 13.797009237135999 ], [ 98.158203293433218, 13.797009237135999 ], [ 98.158203293433218, 13.797014660719999 ], [ 98.158181095218183, 13.797014660719999 ], [ 98.158181095218183, 13.797020084303998 ], [ 98.158158897003162, 13.797020084303998 ], [ 98.158158897003162, 13.797025507888 ], [ 98.158136698788141, 13.797025507888 ], [ 98.158136698788141, 13.797020084303998 ], [ 98.158108951019344, 13.797020084303998 ], [ 98.158108951019344, 13.797025507888 ], [ 98.158097851911833, 13.797025507888 ], [ 98.158097851911833, 13.797030931471999 ], [ 98.158081203250561, 13.797030931471999 ], [ 98.158081203250561, 13.797036355055999 ], [ 98.15807010414305, 13.797036355055999 ], [ 98.15807010414305, 13.797041778639999 ], [ 98.15805900503554, 13.797041778639999 ], [ 98.15805900503554, 13.797047202223998 ], [ 98.158047905928029, 13.797047202223998 ], [ 98.158047905928029, 13.797052625807998 ], [ 98.158036806820505, 13.797052625807998 ], [ 98.158036806820505, 13.797058049392 ], [ 98.158025707712994, 13.797058049392 ], [ 98.158025707712994, 13.797063472975999 ], [ 98.158014608605484, 13.797063472975999 ], [ 98.158014608605484, 13.797058049392 ], [ 98.158009059051722, 13.797058049392 ], [ 98.158009059051722, 13.797041778639999 ], [ 98.15796466262168, 13.797041778639999 ], [ 98.15796466262168, 13.797047202223998 ], [ 98.157953563514155, 13.797047202223998 ], [ 98.157953563514155, 13.797052625807998 ], [ 98.157948013960407, 13.797052625807998 ], [ 98.157948013960407, 13.797058049392 ], [ 98.157942464406645, 13.797058049392 ], [ 98.157942464406645, 13.797063472975999 ], [ 98.157931365299135, 13.797063472975999 ], [ 98.157931365299135, 13.797068896559999 ], [ 98.157925815745372, 13.797068896559999 ], [ 98.157925815745372, 13.797074320143999 ], [ 98.157920266191624, 13.797074320143999 ], [ 98.157920266191624, 13.797079743727998 ], [ 98.1579091670841, 13.797079743727998 ], [ 98.1579091670841, 13.797085167312 ], [ 98.157903617530351, 13.797085167312 ], [ 98.157903617530351, 13.797090590896 ], [ 98.157892518422841, 13.797090590896 ], [ 98.157892518422841, 13.797096014479999 ], [ 98.157881419315316, 13.797096014479999 ], [ 98.157881419315316, 13.797101438063999 ], [ 98.157870320207806, 13.797101438063999 ], [ 98.157870320207806, 13.797106861647999 ], [ 98.157864770654044, 13.797106861647999 ], [ 98.157864770654044, 13.797112285231998 ], [ 98.157853671546533, 13.797112285231998 ], [ 98.157853671546533, 13.797117708816 ], [ 98.157837022885261, 13.797117708816 ], [ 98.157837022885261, 13.797123132399999 ], [ 98.15782592377775, 13.797123132399999 ], [ 98.15782592377775, 13.797128555983999 ], [ 98.15781482467024, 13.797128555983999 ], [ 98.15781482467024, 13.797133979567999 ], [ 98.157809275116477, 13.797133979567999 ], [ 98.157809275116477, 13.797123132399999 ], [ 98.157803725562729, 13.797123132399999 ], [ 98.157803725562729, 13.797112285231998 ], [ 98.157798176008967, 13.797112285231998 ], [ 98.157798176008967, 13.797101438063999 ], [ 98.157770428240184, 13.797101438063999 ], [ 98.157770428240184, 13.797106861647999 ], [ 98.157753779578911, 13.797106861647999 ], [ 98.157753779578911, 13.797112285231998 ], [ 98.15773158136389, 13.797112285231998 ], [ 98.15773158136389, 13.797117708816 ], [ 98.157709383148855, 13.797117708816 ], [ 98.157709383148855, 13.797123132399999 ], [ 98.157687184933835, 13.797123132399999 ], [ 98.157687184933835, 13.797128555983999 ], [ 98.157670536272562, 13.797128555983999 ], [ 98.157670536272562, 13.797133979567999 ], [ 98.157631689396268, 13.797133979567999 ], [ 98.157631689396268, 13.797139403151998 ], [ 98.157603941627485, 13.797139403151998 ], [ 98.157603941627485, 13.797144826735998 ], [ 98.15758174341245, 13.797144826735998 ] ], [ [ 98.15559500316752, 13.793917794255998 ], [ 98.15561720138254, 13.793917794255998 ], [ 98.15561720138254, 13.793906947087999 ], [ 98.155622750936303, 13.793906947087999 ], [ 98.155622750936303, 13.793890676335998 ], [ 98.155628300490065, 13.793890676335998 ], [ 98.155628300490065, 13.793847287663999 ], [ 98.155633850043813, 13.793847287663999 ], [ 98.155633850043813, 13.793841864079999 ], [ 98.155611651828792, 13.793841864079999 ], [ 98.155611651828792, 13.793847287663999 ], [ 98.155600552721268, 13.793847287663999 ], [ 98.155600552721268, 13.793852711247998 ], [ 98.15559500316752, 13.793852711247998 ], [ 98.15559500316752, 13.793863558416 ], [ 98.155589453613757, 13.793863558416 ], [ 98.155589453613757, 13.793868982 ], [ 98.155583904060009, 13.793868982 ], [ 98.155583904060009, 13.793874405583999 ], [ 98.155578354506247, 13.793874405583999 ], [ 98.155578354506247, 13.793890676335998 ], [ 98.155583904060009, 13.793890676335998 ], [ 98.155583904060009, 13.793906947087999 ], [ 98.155589453613757, 13.793906947087999 ], [ 98.155589453613757, 13.793912370671999 ], [ 98.15559500316752, 13.793912370671999 ], [ 98.15559500316752, 13.793917794255998 ] ], [ [ 98.155977922376735, 13.790099591119999 ], [ 98.155989021484245, 13.790099591119999 ], [ 98.155989021484245, 13.790083320367998 ], [ 98.155977922376735, 13.790083320367998 ], [ 98.155977922376735, 13.790099591119999 ] ] ] } }
]
}
