{
"type": "FeatureCollection",
"name": "reach_zones",
"crs": { "type": "name", "properties": { "name": "urn:ogc:def:crs:OGC:1.3:CRS84" } },
"features": [
{ "type": "Feature", "properties": { "zone": "A", "alpha_deg": 17.6, "label": "Within reach of an open-slope debris flow (alpha 17.6 deg)" }, "geometry": { "type": "MultiPolygon", "coordinates": [ [ [ [ 98.135890090436234, 13.772826652117363 ], [ 98.136167589736658, 13.772827625904499 ], [ 98.136169581936002, 13.77228515802349 ], [ 98.136447080618183, 13.77228613145814 ], [ 98.136448076365667, 13.772014897488683 ], [ 98.136725574749491, 13.772015870590769 ], [ 98.136726570155574, 13.771744636595381 ], [ 98.134784084160259, 13.771737818454278 ], [ 98.134779095718514, 13.773093987673874 ], [ 98.135334094808329, 13.773095937476764 ], [ 98.135333097695082, 13.773367171342437 ], [ 98.135610597592247, 13.77336814579477 ], [ 98.135611594385566, 13.773096911909178 ], [ 98.13588909398436, 13.773097886028907 ], [ 98.135890090436234, 13.772826652117363 ] ] ], [ [ [ 98.13699610694897, 13.773915481318141 ], [ 98.136718606304299, 13.773914508389499 ], [ 98.136720597396248, 13.773372040477181 ], [ 98.136443097412936, 13.773371067275619 ], [ 98.136442101557819, 13.773642301214899 ], [ 98.135887101015967, 13.773640353833883 ], [ 98.135886104499477, 13.773911587727319 ], [ 98.134776102394639, 13.7739076891332 ], [ 98.134773108876644, 13.774721390538202 ], [ 98.13560561330236, 13.774724315132195 ], [ 98.135606610203425, 13.774453081276784 ], [ 98.135884111401822, 13.774454055496083 ], [ 98.1358831148207, 13.774725289371409 ], [ 98.136160616360598, 13.7747262632979 ], [ 98.136159620077862, 13.774997497187096 ], [ 98.137269627732522, 13.77500138984537 ], [ 98.137272612676753, 13.774187687920961 ], [ 98.136995111690638, 13.774186715285134 ], [ 98.13699610694897, 13.773915481318141 ] ] ], [ [ [ 98.137535191827226, 13.778257169620973 ], [ 98.137257686019822, 13.778256196999717 ], [ 98.137259676520372, 13.777713729201029 ], [ 98.136982171374527, 13.777712756306732 ], [ 98.136983166912557, 13.777441522418213 ], [ 98.136705662108255, 13.777440549231009 ], [ 98.136706657944771, 13.777169315356346 ], [ 98.136429153482027, 13.777168341876248 ], [ 98.136428157325483, 13.777439575731018 ], [ 98.13615065256424, 13.777438601918233 ], [ 98.136148659546521, 13.777981069569853 ], [ 98.136426164947821, 13.777982043422442 ], [ 98.136424172484041, 13.778524511089717 ], [ 98.136701678546927, 13.778525484669297 ], [ 98.13669968663713, 13.779067952352211 ], [ 98.137809713664296, 13.779071843701407 ], [ 98.137810708349747, 13.778800609783453 ], [ 98.137533201880743, 13.778799637435265 ], [ 98.137535191827226, 13.778257169620973 ] ] ], [ [ [ 98.135297187261386, 13.783131586485872 ], [ 98.135574698679875, 13.78313256165538 ], [ 98.135575696249035, 13.782861327987149 ], [ 98.135298185150702, 13.782860352837561 ], [ 98.135299183018475, 13.782589119183212 ], [ 98.135576693796651, 13.782590094312877 ], [ 98.135579686310166, 13.78177639325382 ], [ 98.136689725796657, 13.781780290404496 ], [ 98.136691718136959, 13.78123782284235 ], [ 98.136414208873262, 13.781236849063809 ], [ 98.136416201767673, 13.7806943815173 ], [ 98.136138693165719, 13.780693407465685 ], [ 98.136143676625338, 13.779337238593248 ], [ 98.135866169645354, 13.779336264328316 ], [ 98.135867166592732, 13.779065030555619 ], [ 98.136144673252659, 13.779066004800645 ], [ 98.13614766300536, 13.778252303386608 ], [ 98.135870157305575, 13.778251329201309 ], [ 98.135871154166765, 13.777980095404464 ], [ 98.135593648808552, 13.777979120926275 ], [ 98.135598634391442, 13.776622951951056 ], [ 98.13532113065483, 13.776621977259671 ], [ 98.135322128026758, 13.776350743466436 ], [ 98.135599631443355, 13.776351718137899 ], [ 98.135604616379723, 13.77499554898157 ], [ 98.134772110994163, 13.774992624327796 ], [ 98.134740167365109, 13.783672102406861 ], [ 98.135017679380795, 13.783673078242087 ], [ 98.135018677633425, 13.783401844625784 ], [ 98.135296189350512, 13.783402820128144 ], [ 98.135297187261386, 13.783131586485872 ] ] ], [ [ [ 98.134725186184326, 13.787740605627487 ], [ 98.135002703003423, 13.787741581761741 ], [ 98.135004700134118, 13.787199114704324 ], [ 98.134727183955576, 13.78719813860994 ], [ 98.134725186184326, 13.787740605627487 ] ] ], [ [ [ 98.135552746705059, 13.789099700828238 ], [ 98.135275228241341, 13.789098725220432 ], [ 98.135277224947131, 13.788556258183574 ], [ 98.134722189365633, 13.788554306108498 ], [ 98.134718193305289, 13.789639239998582 ], [ 98.134995712366518, 13.789640216272391 ], [ 98.134994713617829, 13.789911449749743 ], [ 98.135272233020942, 13.789912425730403 ], [ 98.135273231449304, 13.789641192233123 ], [ 98.135550750553662, 13.789642167880778 ], [ 98.135552746705059, 13.789099700828238 ] ] ], [ [ [ 98.134715196033497, 13.790452940352701 ], [ 98.13499271605572, 13.790453916686317 ], [ 98.134994713617829, 13.789911449749743 ], [ 98.134717194236273, 13.789910473455997 ], [ 98.134715196033497, 13.790452940352701 ] ] ], [ [ [ 98.134984724944516, 13.792623784190894 ], [ 98.13470720235928, 13.792622807697789 ], [ 98.1347062030529, 13.792894041088728 ], [ 98.134983725958548, 13.79289501760177 ], [ 98.134984724944516, 13.792623784190894 ] ] ], [ [ [ 98.134982726951009, 13.793166251006605 ], [ 98.135260250198641, 13.793167227226428 ], [ 98.135261248885755, 13.792895993801666 ], [ 98.134983725958548, 13.79289501760177 ], [ 98.134982726951009, 13.793166251006605 ] ] ], [ [ [ 98.138938612063626, 13.773922283062882 ], [ 98.138661111268519, 13.773921312323184 ], [ 98.138662104585777, 13.773650078230958 ], [ 98.138107103699809, 13.773648135853145 ], [ 98.138105115764091, 13.774190603952146 ], [ 98.138382616836196, 13.77419157533712 ], [ 98.138381623156036, 13.774462809397425 ], [ 98.138659124569557, 13.774463780489532 ], [ 98.138660117929774, 13.774192546409374 ], [ 98.13893761904481, 13.77419351716892 ], [ 98.138938612063626, 13.773922283062882 ] ] ], [ [ [ 98.138652170446804, 13.776362418881613 ], [ 98.138374666793524, 13.776361447650549 ], [ 98.138376654433074, 13.775818979608411 ], [ 98.137821648470904, 13.775817036287433 ], [ 98.137820654021908, 13.776088270271803 ], [ 98.137543150753089, 13.776087298122318 ], [ 98.137542155962606, 13.776358532080778 ], [ 98.137264652395302, 13.776357559598658 ], [ 98.137262662109848, 13.776900027457717 ], [ 98.137817670545957, 13.776901972188687 ], [ 98.137816676010985, 13.777173206148909 ], [ 98.138094180581291, 13.77717417806509 ], [ 98.138095174796263, 13.776902944085005 ], [ 98.138650183361321, 13.77690488693931 ], [ 98.138652170446804, 13.776362418881613 ] ] ], [ [ [ 98.13948468153545, 13.776365330698212 ], [ 98.139207177817767, 13.776364360405445 ], [ 98.139206184925769, 13.776635594476993 ], [ 98.138928680909544, 13.776634623851622 ], [ 98.138927687676073, 13.776905857897299 ], [ 98.138650183361321, 13.77690488693931 ], [ 98.138649189786378, 13.777176120959103 ], [ 98.139204199077341, 13.777178062601983 ], [ 98.13920519201227, 13.776906828542504 ], [ 98.139482696369953, 13.776907798874939 ], [ 98.13948468153545, 13.776365330698212 ] ] ], [ [ [ 98.146115221155213, 13.784525558231731 ], [ 98.14528267971842, 13.784522667162614 ], [ 98.14528070671426, 13.785065135807081 ], [ 98.145558221145635, 13.785066099849129 ], [ 98.1455572349318, 13.785337334181996 ], [ 98.146389779314376, 13.785340224489351 ], [ 98.146391749799449, 13.784797755699502 ], [ 98.146114235624395, 13.784796792616042 ], [ 98.146115221155213, 13.784525558231731 ] ] ], [ [ [ 98.152462817896236, 13.794312079781651 ], [ 98.15218529204293, 13.794311122899797 ], [ 98.152186271269144, 13.794039888295545 ], [ 98.151631220266879, 13.794037973631353 ], [ 98.151630240399754, 13.794309208196522 ], [ 98.151352714609899, 13.794308250375092 ], [ 98.151350754171276, 13.794850719448196 ], [ 98.152183333527049, 13.794853592090185 ], [ 98.152184312795555, 13.794582357498014 ], [ 98.152461838969316, 13.7945833143994 ], [ 98.152462817896236, 13.794312079781651 ] ] ], [ [ [ 98.136924393350881, 13.793444311507173 ], [ 98.136922399713981, 13.793986778565372 ], [ 98.136644875375765, 13.793985804164835 ], [ 98.136642881011895, 13.794528271159079 ], [ 98.134700206761494, 13.794521441307445 ], [ 98.134699207304067, 13.794792674656078 ], [ 98.135254257623018, 13.794794627648084 ], [ 98.135253258784942, 13.795065861030539 ], [ 98.134698207825068, 13.795063907998665 ], [ 98.134697208324468, 13.795335141335201 ], [ 98.135529785758052, 13.795338070472999 ], [ 98.135528787197316, 13.795609303863289 ], [ 98.134973734912407, 13.795607351378113 ], [ 98.134972735689146, 13.795878584722502 ], [ 98.134695209258567, 13.795877607990153 ], [ 98.134653208933543, 13.807269402157042 ], [ 98.134930748830655, 13.807270379726788 ], [ 98.134928748507093, 13.807812845889442 ], [ 98.135206289067355, 13.807813823185567 ], [ 98.135205289193991, 13.808085056277752 ], [ 98.134927748312947, 13.808084078961697 ], [ 98.134925747859924, 13.808626545088053 ], [ 98.135203289382574, 13.80862752244397 ], [ 98.135199289500889, 13.809712454703812 ], [ 98.135476832328422, 13.809713431825916 ], [ 98.135474832899845, 13.810255897959387 ], [ 98.136029919902995, 13.810257851342605 ], [ 98.136028920798083, 13.810529084440102 ], [ 98.136306464652833, 13.810530060681275 ], [ 98.136305465847229, 13.810801293792625 ], [ 98.136583010044404, 13.810802269740135 ], [ 98.13658201153811, 13.811073502865334 ], [ 98.136859556077695, 13.811074478519162 ], [ 98.136858557870752, 13.811345711658204 ], [ 98.1365810130103, 13.811344735984482 ], [ 98.136580014460932, 13.811615969097581 ], [ 98.136302469301114, 13.811614993090371 ], [ 98.136303468171363, 13.811343759997174 ], [ 98.136025923353984, 13.811342783696276 ], [ 98.136024924162868, 13.811614016769566 ], [ 98.13519228887742, 13.811611085925581 ], [ 98.13519128870206, 13.811882318933055 ], [ 98.134913743329165, 13.811881341337941 ], [ 98.134912742811323, 13.81215257431943 ], [ 98.134635197139104, 13.812151596390775 ], [ 98.134613173225503, 13.818118720013647 ], [ 98.149045943844854, 13.818169179083556 ], [ 98.149047913061381, 13.81762671136385 ], [ 98.14932546626612, 13.817627673376945 ], [ 98.1493264505215, 13.817356439488405 ], [ 98.149048897637812, 13.817355477494916 ], [ 98.149050866726967, 13.816813009738897 ], [ 98.148495762307405, 13.816811084889187 ], [ 98.148497732595715, 13.816268617187434 ], [ 98.149052835731197, 13.816270541958675 ], [ 98.14905185123969, 13.816541775851814 ], [ 98.149606955102115, 13.816543699407431 ], [ 98.149602035536518, 13.817899868978397 ], [ 98.149879589104742, 13.817900830383607 ], [ 98.149878605449032, 13.81817206429924 ], [ 98.155984796366596, 13.8181931362651 ], [ 98.155986749530399, 13.817650667568817 ], [ 98.156264303263612, 13.817651621738364 ], [ 98.156265279492871, 13.817380387361696 ], [ 98.156542832926093, 13.817381341198059 ], [ 98.156543808813268, 13.8171101067959 ], [ 98.156821361946484, 13.817111060299091 ], [ 98.156827214901625, 13.815483653642481 ], [ 98.155717010199396, 13.815479838214021 ], [ 98.155716033475457, 13.815751072594134 ], [ 98.155438482031556, 13.815750117933328 ], [ 98.155437504965562, 13.816021352287931 ], [ 98.154882401498924, 13.816019441986281 ], [ 98.154880446019675, 13.816561910599455 ], [ 98.154325341353328, 13.816559998965058 ], [ 98.154326319745536, 13.816288764700461 ], [ 98.154048767765019, 13.816287808432177 ], [ 98.154049746457119, 13.816016574181024 ], [ 98.154327298116627, 13.816017530429813 ], [ 98.154330233103366, 13.81520382758158 ], [ 98.15488533455968, 13.815205739021147 ], [ 98.154884356893845, 13.815476973348909 ], [ 98.155439459076462, 13.815478883572677 ], [ 98.155440436100321, 13.815207649205973 ], [ 98.155995537725246, 13.815209558136059 ], [ 98.155997490425818, 13.814667089306676 ], [ 98.156275040627918, 13.814668043262293 ], [ 98.15627894449257, 13.813583105453146 ], [ 98.156556493431879, 13.813584059017325 ], [ 98.156557469024477, 13.813312824530474 ], [ 98.15683501766388, 13.81331377776157 ], [ 98.156836968144106, 13.812771308730856 ], [ 98.157114516162665, 13.812772261609455 ], [ 98.157117440762519, 13.811958557959732 ], [ 98.157394987839368, 13.811959510466439 ], [ 98.157396936825677, 13.81141704129754 ], [ 98.157674483281752, 13.811417993451807 ], [ 98.157677405640925, 13.810604289594854 ], [ 98.157954951155375, 13.810605241377294 ], [ 98.157955924912201, 13.810334006726805 ], [ 98.158233470126788, 13.810334958176265 ], [ 98.158234443541758, 13.810063723500331 ], [ 98.158511988456482, 13.810064674616823 ], [ 98.15851296152961, 13.809793439915444 ], [ 98.15879050614447, 13.809794390698984 ], [ 98.158792451586052, 13.809251921239301 ], [ 98.159069995580211, 13.809252871670514 ], [ 98.159073884928304, 13.808167932601069 ], [ 98.158796342217443, 13.808166982247387 ], [ 98.15879731482282, 13.80789574748429 ], [ 98.158519772453744, 13.807894796836479 ], [ 98.158520745358942, 13.807623562086727 ], [ 98.158243203331651, 13.807622611144792 ], [ 98.158245149720656, 13.807080141665942 ], [ 98.157690067012211, 13.80707823891918 ], [ 98.157691040816786, 13.806807004209496 ], [ 98.157968581839725, 13.806807955720219 ], [ 98.157969555302515, 13.806536720985079 ], [ 98.157692014600329, 13.806535769493765 ], [ 98.157695909524449, 13.805450830570386 ], [ 98.156585752057964, 13.805447021781097 ], [ 98.156586727019402, 13.805175787112839 ], [ 98.156309188026086, 13.805174834151316 ], [ 98.156312113746367, 13.80436113016858 ], [ 98.155757037747193, 13.804359223421885 ], [ 98.155758013586606, 13.804087988787781 ], [ 98.155480475939314, 13.804087034963745 ], [ 98.155481452078376, 13.803815800343056 ], [ 98.154093765761488, 13.803811026618932 ], [ 98.15409572118331, 13.803268557554196 ], [ 98.154650794364059, 13.803270467906145 ], [ 98.154651771401959, 13.802999233325734 ], [ 98.154929307703284, 13.803000188012126 ], [ 98.154932237728502, 13.802186484176191 ], [ 98.153822096497692, 13.802182663784093 ], [ 98.153823074413211, 13.801911429237975 ], [ 98.153545539478898, 13.801910473376008 ], [ 98.153546517693968, 13.801639238843347 ], [ 98.153268983101412, 13.801638282687522 ], [ 98.15326996161599, 13.801367048168327 ], [ 98.152992427365191, 13.80136609171865 ], [ 98.152995363744097, 13.800552388183352 ], [ 98.15327289703302, 13.800553344574483 ], [ 98.153274853872119, 13.800010875481698 ], [ 98.153552386540966, 13.80001183152047 ], [ 98.153557276666263, 13.798655658585195 ], [ 98.153002214555499, 13.798653746389453 ], [ 98.153001235931526, 13.798924980949568 ], [ 98.152446173264124, 13.798923067461597 ], [ 98.152445193977897, 13.799194301976621 ], [ 98.152167662355325, 13.799193344743147 ], [ 98.152171580655718, 13.798108406724937 ], [ 98.152449110996031, 13.798109363880268 ], [ 98.152450090197732, 13.797838129341073 ], [ 98.153005150300658, 13.797840042672846 ], [ 98.153006128840147, 13.797568808088558 ], [ 98.15356118838649, 13.797570720128203 ], [ 98.153562166263782, 13.797299485498849 ], [ 98.154117225253515, 13.797301396246418 ], [ 98.154118202468638, 13.797030161572019 ], [ 98.154395731674626, 13.797031116456418 ], [ 98.154396708548134, 13.796759881756492 ], [ 98.154674237454685, 13.796760836308152 ], [ 98.154676190497426, 13.796218366851198 ], [ 98.154121133987445, 13.796216457512575 ], [ 98.154122111118184, 13.795945222814009 ], [ 98.153844583215331, 13.795944267694335 ], [ 98.153845560645465, 13.795673033009221 ], [ 98.152735450527103, 13.795669209476268 ], [ 98.152736429218066, 13.795397974863159 ], [ 98.151903847812562, 13.795395103983191 ], [ 98.151904827443843, 13.795123869422644 ], [ 98.15079472048123, 13.795120037275876 ], [ 98.150793739568059, 13.795391271758193 ], [ 98.149961158607013, 13.795388394300666 ], [ 98.149960176711204, 13.795659628718205 ], [ 98.149682649446092, 13.795658668919673 ], [ 98.149681667208611, 13.795929903311581 ], [ 98.148571557078341, 13.795926060906785 ], [ 98.148572540597783, 13.79565482659331 ], [ 98.14912759497949, 13.795656748382937 ], [ 98.149131526281181, 13.794571810911698 ], [ 98.148854000361609, 13.79457085025194 ], [ 98.148858915613474, 13.793214678374996 ], [ 98.149413964269471, 13.793216599185241 ], [ 98.149412981902401, 13.793487833611929 ], [ 98.150245556006723, 13.793490712537331 ], [ 98.150246537412499, 13.793219478051871 ], [ 98.151079110746267, 13.793222354100008 ], [ 98.151080091169604, 13.792951119549786 ], [ 98.151357615336124, 13.792952077586607 ], [ 98.151356635233199, 13.793223312156389 ], [ 98.151911684270559, 13.793225227329652 ], [ 98.151912663732631, 13.792953992720772 ], [ 98.152190187962617, 13.792954949818112 ], [ 98.152198020334737, 13.790785072573284 ], [ 98.154418194430164, 13.790792716829529 ], [ 98.154415265138141, 13.791606421309915 ], [ 98.154970310795235, 13.791608329359757 ], [ 98.154968359110015, 13.792150799061062 ], [ 98.155523406132971, 13.792152705936255 ], [ 98.155522430899566, 13.792423940816782 ], [ 98.15607747864756, 13.792425846478315 ], [ 98.156076504033905, 13.792697081391704 ], [ 98.156354028259869, 13.792698033772194 ], [ 98.156352079610272, 13.793240503619748 ], [ 98.156629604498121, 13.793241455725953 ], [ 98.15662765640522, 13.793783925588221 ], [ 98.156072605368834, 13.793782020984874 ], [ 98.156073580066675, 13.793510786095643 ], [ 98.155518529755312, 13.79350888027848 ], [ 98.15552048036956, 13.792966410559711 ], [ 98.155242955886322, 13.792965457220294 ], [ 98.155243931482261, 13.792694222371312 ], [ 98.154688883219833, 13.792692314791946 ], [ 98.154689859435535, 13.792421079975872 ], [ 98.154134811898231, 13.792419171182861 ], [ 98.154135788733655, 13.79214793639971 ], [ 98.153580741921544, 13.792146026393102 ], [ 98.153579764445311, 13.792417261137251 ], [ 98.153302240750506, 13.792416305644727 ], [ 98.153301262932771, 13.792687540363323 ], [ 98.152746214965703, 13.792685628399795 ], [ 98.152745236486012, 13.792956863073316 ], [ 98.152467712213749, 13.792955906602293 ], [ 98.152466733392515, 13.793227141250251 ], [ 98.152744257985191, 13.793228097740799 ], [ 98.152743279463266, 13.79349933240224 ], [ 98.153298329352864, 13.793501244482876 ], [ 98.153297351450661, 13.79377247917731 ], [ 98.153574876747584, 13.793773434767377 ], [ 98.153573899144703, 13.794044669475278 ], [ 98.153296373527354, 13.794043713865703 ], [ 98.153295395582916, 13.794314948548056 ], [ 98.15357292152072, 13.794315904177139 ], [ 98.153570966209443, 13.794858373562738 ], [ 98.153293439630716, 13.794857417894638 ], [ 98.153292461622954, 13.795128652558864 ], [ 98.15384751544245, 13.795130563620871 ], [ 98.153848492809274, 13.794859328917633 ], [ 98.154403546072245, 13.794861238687806 ], [ 98.154402569346345, 13.79513247343003 ], [ 98.15468009632994, 13.795133427864791 ], [ 98.15467814345584, 13.795675897370076 ], [ 98.154955671101476, 13.795676851530581 ], [ 98.154954694953304, 13.795948086293638 ], [ 98.155232222940498, 13.795949040160389 ], [ 98.155231247091749, 13.796220274936873 ], [ 98.155508775420515, 13.796221228509856 ], [ 98.155507799871202, 13.796492463299764 ], [ 98.155785328541526, 13.796493416578967 ], [ 98.155784353291679, 13.79676465138229 ], [ 98.156061882303561, 13.796765604367694 ], [ 98.156059932381723, 13.797308073995122 ], [ 98.156337462055717, 13.797309026706168 ], [ 98.156333563241645, 13.798393965966293 ], [ 98.156056032285477, 13.798393013177465 ], [ 98.156057007341104, 13.798121778390941 ], [ 98.155224415560596, 13.7981189182031 ], [ 98.155223439543292, 13.798390152931248 ], [ 98.154945908671365, 13.798389198889264 ], [ 98.154943955932438, 13.798931668288491 ], [ 98.154666424440464, 13.798930713894263 ], [ 98.154660563794309, 13.800558121830038 ], [ 98.15493809720985, 13.800559076341131 ], [ 98.154937120682305, 13.800830310995416 ], [ 98.155214654439533, 13.800831265212638 ], [ 98.155213678211567, 13.801102499880351 ], [ 98.15549121231048, 13.801103453803695 ], [ 98.155490236382064, 13.801374688484831 ], [ 98.156045305284337, 13.801376595430364 ], [ 98.156043354646869, 13.801919064852324 ], [ 98.156875960081976, 13.80192192303706 ], [ 98.156876934449315, 13.801650688270785 ], [ 98.15770953911175, 13.801653543576904 ], [ 98.157710512496152, 13.801382308746325 ], [ 98.158265581734881, 13.801384210678098 ], [ 98.158266554457001, 13.801112975802663 ], [ 98.158821623138451, 13.801114876442211 ], [ 98.158823567237221, 13.800572406595654 ], [ 98.159101100968186, 13.800573356406632 ], [ 98.15910207266549, 13.800302121454903 ], [ 98.159379606096806, 13.800303070933165 ], [ 98.159380577452538, 13.800031835956021 ], [ 98.159658110584218, 13.80003278510158 ], [ 98.159661023563842, 13.799219080075785 ], [ 98.159938555754707, 13.799220028849925 ], [ 98.159940496995191, 13.79867755876379 ], [ 98.160218028565851, 13.79867850718591 ], [ 98.16021996908141, 13.798136037036894 ], [ 98.159942438151859, 13.798135088653485 ], [ 98.15994340869878, 13.797863853589272 ], [ 98.160220939307777, 13.797864801953324 ], [ 98.160223849861197, 13.797051096666364 ], [ 98.159946320213791, 13.797050148360373 ], [ 98.159947290676911, 13.796778913271995 ], [ 98.159669761370978, 13.796777964672108 ], [ 98.159673644295935, 13.79569302433562 ], [ 98.159396116292982, 13.795692075499954 ], [ 98.159397087292305, 13.795420840420094 ], [ 98.159674614974776, 13.795421789236391 ], [ 98.159675585632655, 13.795150554131126 ], [ 98.159953113015604, 13.795151502614837 ], [ 98.159954083332067, 13.794880267484171 ], [ 98.160231610415494, 13.794881215635316 ], [ 98.160233550344643, 13.794338745317139 ], [ 98.160511076808064, 13.794339693116379 ], [ 98.160514955133294, 13.79325475233016 ], [ 98.160237429951621, 13.793253804608314 ], [ 98.160238399801003, 13.792982569416006 ], [ 98.160793449544443, 13.792984464507834 ], [ 98.16079538789873, 13.792441994027724 ], [ 98.160517863657375, 13.792441046677075 ], [ 98.160518833123533, 13.7921698114473 ], [ 98.160796357044489, 13.792170758778607 ], [ 98.16079732616933, 13.791899523523448 ], [ 98.160519802568771, 13.791898576211484 ], [ 98.160524649480905, 13.790542399941826 ], [ 98.160247127503169, 13.790541452413464 ], [ 98.160250036360281, 13.789727746637247 ], [ 98.159972515364529, 13.789726798853843 ], [ 98.159974455138567, 13.789184328344881 ], [ 98.15969693480443, 13.789183380287112 ], [ 98.159698875135305, 13.788640909792717 ], [ 98.159421355462754, 13.788639961460607 ], [ 98.159424266762827, 13.787826255731828 ], [ 98.159146748072132, 13.787825307144782 ], [ 98.159148689474605, 13.787282836667481 ], [ 98.158871171445455, 13.787281887806152 ], [ 98.158872142435513, 13.787010652577827 ], [ 98.158594624747593, 13.787009703422857 ], [ 98.158595596036946, 13.786738468207878 ], [ 98.157763044059905, 13.786735618923023 ], [ 98.157764988497192, 13.786193148591346 ], [ 98.158042505161362, 13.78619409862717 ], [ 98.158043477028272, 13.785922863432871 ], [ 98.15832099339319, 13.785923813136293 ], [ 98.158321964918855, 13.78565257791656 ], [ 98.157211900866074, 13.785648777302528 ], [ 98.157212873651673, 13.785377542154386 ], [ 98.158045420699068, 13.785380393026163 ], [ 98.158047364285906, 13.784837922595301 ], [ 98.157769849222873, 13.784836972656505 ], [ 98.157770821305022, 13.784565737451425 ], [ 98.158048336047827, 13.78456668737082 ], [ 98.158049307788772, 13.784295452140299 ], [ 98.158326822232382, 13.784296401727332 ], [ 98.158327793632125, 13.784025166471373 ], [ 98.158050279508714, 13.78402421690374 ], [ 98.158052222885615, 13.783481746412512 ], [ 98.157497195982501, 13.783479846416022 ], [ 98.157499140556112, 13.782937375978282 ], [ 98.157221627776408, 13.782936425549462 ], [ 98.157222600351872, 13.782665190340955 ], [ 98.15750011281142, 13.782666140750356 ], [ 98.157501085045709, 13.782394905516396 ], [ 98.157223572906304, 13.782393955126411 ], [ 98.157226490443563, 13.781580249446563 ], [ 98.156948979285602, 13.781579298801937 ], [ 98.156951897594084, 13.780765593126034 ], [ 98.15667438741751, 13.780764642226805 ], [ 98.156675360465073, 13.780493407008862 ], [ 98.156397850629617, 13.780492455816194 ], [ 98.156396877261955, 13.780763691014698 ], [ 98.156119367127417, 13.78076273948972 ], [ 98.156120340815193, 13.780491504310659 ], [ 98.155842831021815, 13.780490552492253 ], [ 98.155843805008644, 13.780219317326605 ], [ 98.155288786125226, 13.780217412790114 ], [ 98.155289760731193, 13.779946177657344 ], [ 98.154734742572202, 13.77994427190835 ], [ 98.154732792058837, 13.780486742089968 ], [ 98.154455282370762, 13.780485788707228 ], [ 98.154457233524312, 13.779943318564571 ], [ 98.15417972449751, 13.779942364907939 ], [ 98.15418070036273, 13.779671129847047 ], [ 98.153903191677102, 13.779670175897051 ], [ 98.15390514398446, 13.779127705796142 ], [ 98.15307261997458, 13.779124842186119 ], [ 98.153073597056789, 13.778853607185134 ], [ 98.153351104718922, 13.778854562015129 ], [ 98.153353058179917, 13.778312091956019 ], [ 98.15363056522304, 13.778313046434178 ], [ 98.153631541601825, 13.778041811376063 ], [ 98.153909048346023, 13.77804276552191 ], [ 98.153910024383677, 13.77777153043826 ], [ 98.154187530828921, 13.7777724842518 ], [ 98.154190457855265, 13.776958778906172 ], [ 98.15446796336154, 13.77695973234845 ], [ 98.154471864488116, 13.775874791725185 ], [ 98.15474936873548, 13.775875744776759 ], [ 98.154751318532348, 13.775333274389963 ], [ 98.154473814924913, 13.775332321377352 ], [ 98.154474790111706, 13.775061086194381 ], [ 98.154752293399156, 13.775062039187514 ], [ 98.154753268244903, 13.774790803979034 ], [ 98.15503077123347, 13.774791756639956 ], [ 98.155032720221854, 13.774249286165945 ], [ 98.155865227394216, 13.774252142155547 ], [ 98.155866200896995, 13.77398090685111 ], [ 98.15558869880509, 13.773979955186752 ], [ 98.155590646387367, 13.77343748459869 ], [ 98.155868147839413, 13.77343843622414 ], [ 98.155867174378727, 13.773709671540642 ], [ 98.156144676171735, 13.773710622872841 ], [ 98.156145649312506, 13.773439387536891 ], [ 98.156423150806631, 13.77344033853694 ], [ 98.156424123606442, 13.773169103175517 ], [ 98.156146622432232, 13.773168152194907 ], [ 98.156147595530925, 13.772896916846893 ], [ 98.155870094697661, 13.772895965573039 ], [ 98.155871068095209, 13.772624730238439 ], [ 98.156426069142967, 13.772626632434573 ], [ 98.156428014595377, 13.7720841616695 ], [ 98.156150514700769, 13.772083210766658 ], [ 98.156151487715306, 13.771811975394513 ], [ 98.146994013592277, 13.77178042083901 ], [ 98.146989095526493, 13.773136594413696 ], [ 98.146711595071423, 13.773135632801523 ], [ 98.146708643017007, 13.773949336814953 ], [ 98.146986144431835, 13.773950298486099 ], [ 98.146984176929081, 13.774492767837533 ], [ 98.147539181102275, 13.774494690320292 ], [ 98.147538197958895, 13.774765925026257 ], [ 98.147815700397331, 13.774766885818188 ], [ 98.147814717552649, 13.775038120537754 ], [ 98.147537214794255, 13.775037159726182 ], [ 98.14753623160837, 13.775308394420076 ], [ 98.147258728551265, 13.775307433276121 ], [ 98.147256761475788, 13.77584990260651 ], [ 98.146979257799998, 13.775848941110507 ], [ 98.146976306067359, 13.776662645001869 ], [ 98.145588783207728, 13.776657832535451 ], [ 98.145589768739853, 13.776386598009392 ], [ 98.145867272949204, 13.776387561108541 ], [ 98.145868258140041, 13.77611632655676 ], [ 98.146145762050708, 13.77611728932346 ], [ 98.146146746900271, 13.775846054745966 ], [ 98.145869243309591, 13.775845091998942 ], [ 98.145870228457838, 13.775573857435091 ], [ 98.145592725208431, 13.775572894394999 ], [ 98.145593710655362, 13.775301659844798 ], [ 98.145871213584797, 13.775302622865206 ], [ 98.145873183774825, 13.774760153707328 ], [ 98.146150686085633, 13.774761116375641 ], [ 98.146151670828772, 13.774489881767973 ], [ 98.146429172840925, 13.77449084410388 ], [ 98.146436063207346, 13.772592201543537 ], [ 98.146158563434639, 13.772591239345324 ], [ 98.146160532559037, 13.772048770027407 ], [ 98.145883033447376, 13.772047807555873 ], [ 98.145884018297522, 13.771776572907541 ], [ 98.144219025994303, 13.771770791630574 ], [ 98.144218039224882, 13.77204202616071 ], [ 98.14394054026242, 13.772041061500525 ], [ 98.143941527351728, 13.771769826990111 ], [ 98.138946555441322, 13.771752409997326 ], [ 98.138944569725695, 13.772294878299926 ], [ 98.139499567541435, 13.77229681860319 ], [ 98.139498575291199, 13.772568052785104 ], [ 98.13977607455115, 13.772569022487559 ], [ 98.139775082599371, 13.772840256683269 ], [ 98.140052582200653, 13.772841226092865 ], [ 98.140051590547316, 13.773112460302352 ], [ 98.140329090489942, 13.773113429419077 ], [ 98.14032809913509, 13.773384663642343 ], [ 98.140050598872548, 13.773383694505807 ], [ 98.140043656548912, 13.775282333760993 ], [ 98.140321159051013, 13.775283303036218 ], [ 98.140318184407789, 13.776097005543056 ], [ 98.140040680945759, 13.776096036208394 ], [ 98.140038697103122, 13.77663850447648 ], [ 98.140316201205138, 13.776639473850766 ], [ 98.140312234542648, 13.77772441039375 ], [ 98.139757223799975, 13.777722471173879 ], [ 98.139758216137793, 13.777451237086821 ], [ 98.139480711118637, 13.777450267027517 ], [ 98.139479718460805, 13.777721501094749 ], [ 98.139202213143093, 13.777720530702821 ], [ 98.139200227122984, 13.778262998779516 ], [ 98.138645215271808, 13.778261056977904 ], [ 98.138639252855725, 13.779888460824983 ], [ 98.138084237249757, 13.77988651753388 ], [ 98.138086226087978, 13.779344049688426 ], [ 98.136698690649936, 13.779339186184613 ], [ 98.136697694641228, 13.779610420010977 ], [ 98.136975202005885, 13.779611393357294 ], [ 98.136972214810854, 13.780425094859826 ], [ 98.137249723157268, 13.780426067952954 ], [ 98.137243750106933, 13.782053470914274 ], [ 98.137521260395545, 13.782054443813808 ], [ 98.137519269846962, 13.782596911459025 ], [ 98.136964248010671, 13.782594965267535 ], [ 98.136963252063808, 13.782866199041322 ], [ 98.1366857408578, 13.782865225456323 ], [ 98.136684744569251, 13.783136459204178 ], [ 98.136407233064602, 13.783135485286364 ], [ 98.136405239782633, 13.783677952724169 ], [ 98.136127727659172, 13.783676978453622 ], [ 98.136125733650701, 13.784219445827462 ], [ 98.135848220908414, 13.784218471204165 ], [ 98.135847223551679, 13.784489704862109 ], [ 98.13612473661415, 13.784490679505319 ], [ 98.136123739556069, 13.784761913177137 ], [ 98.135846226173385, 13.784760938514019 ], [ 98.135845228773562, 13.785032172159886 ], [ 98.135567715092222, 13.785031197163891 ], [ 98.135568712812258, 13.784759963537937 ], [ 98.135013686154664, 13.78475801264689 ], [ 98.135014684493555, 13.784486779054751 ], [ 98.134737171517301, 13.784485803159724 ], [ 98.134729181640523, 13.786655671568226 ], [ 98.135284212738156, 13.786657623364244 ], [ 98.135285210907782, 13.78638638979446 ], [ 98.135840241451177, 13.786388340298618 ], [ 98.135841238958747, 13.786117106682955 ], [ 98.136118753942526, 13.786118081445622 ], [ 98.136119751108325, 13.785846847804006 ], [ 98.13695229522817, 13.785849770154357 ], [ 98.136953291411729, 13.785578536447012 ], [ 98.137508320292113, 13.785580483075879 ], [ 98.13750931581373, 13.785309249322728 ], [ 98.137786829965961, 13.785310222147819 ], [ 98.137787825145836, 13.785038988368756 ], [ 98.138065338999368, 13.785039960861006 ], [ 98.138068323449417, 13.784226259427987 ], [ 98.138345836363825, 13.784227231547691 ], [ 98.138347825249369, 13.783684763855758 ], [ 98.138625337544894, 13.783685735622811 ], [ 98.138626331635265, 13.783414501747933 ], [ 98.139181355650408, 13.783416444303539 ], [ 98.139180362200378, 13.783687678218099 ], [ 98.138902849861907, 13.783686707076924 ], [ 98.138896886789809, 13.785314110318426 ], [ 98.138619372551631, 13.785313138745234 ], [ 98.138617384048715, 13.785855606404391 ], [ 98.138894898927362, 13.78585657801727 ], [ 98.138893904963922, 13.786127811857634 ], [ 98.138616389765048, 13.786126840224908 ], [ 98.138610423611951, 13.787754243021158 ], [ 98.138887940732388, 13.787755214772959 ], [ 98.138886946618641, 13.788026448571038 ], [ 98.139164464080849, 13.788027420029646 ], [ 98.139163470265913, 13.788298653841524 ], [ 98.139440988069865, 13.788299625006928 ], [ 98.139439994553769, 13.788570858832594 ], [ 98.139162476429533, 13.788569887647354 ], [ 98.139160488692355, 13.789112355240905 ], [ 98.138327932526593, 13.789109439687795 ], [ 98.138328927366842, 13.788838205953585 ], [ 98.138051409008199, 13.788837233496277 ], [ 98.13805240414726, 13.788565999775884 ], [ 98.137497368135072, 13.788564053961833 ], [ 98.137498363893243, 13.788292820275137 ], [ 98.1372208462397, 13.788291846918412 ], [ 98.137222838332107, 13.787749379566646 ], [ 98.136112770495444, 13.78774548316845 ], [ 98.136111773178854, 13.788016716767778 ], [ 98.135834255953242, 13.788015741865738 ], [ 98.135833258294838, 13.788286975439114 ], [ 98.136110775840734, 13.788287950361063 ], [ 98.136106786272848, 13.789372884673782 ], [ 98.135829267445715, 13.789371909672191 ], [ 98.135828269679564, 13.789643143215358 ], [ 98.135550750553662, 13.789642167880778 ], [ 98.135547756164897, 13.790455868414263 ], [ 98.135825276251822, 13.790456843808592 ], [ 98.135824278399483, 13.790728077327588 ], [ 98.135269237606479, 13.790726126185994 ], [ 98.135268239091857, 13.790997359659103 ], [ 98.134713197744404, 13.790995407225234 ], [ 98.134712198567499, 13.791266640652433 ], [ 98.134989719550802, 13.791267617045859 ], [ 98.13498672285175, 13.792081317351014 ], [ 98.135264244817762, 13.792082293491113 ], [ 98.135263246195322, 13.79235352693401 ], [ 98.135540768503304, 13.792354502780901 ], [ 98.135539770179705, 13.792625736237671 ], [ 98.136372338194136, 13.792628661959233 ], [ 98.136370343404749, 13.793171128974118 ], [ 98.136647866760114, 13.793172103628141 ], [ 98.136646869653546, 13.793443337146417 ], [ 98.136924393350881, 13.793444311507173 ] ], [ [ 98.148220181059841, 13.816267654331252 ], [ 98.14822116649313, 13.815996420490926 ], [ 98.148498717708009, 13.815997383327479 ], [ 98.148497732595715, 13.816268617187434 ], [ 98.148220181059841, 13.816267654331252 ] ], [ [ 98.14738851297605, 13.815993530099046 ], [ 98.147389499351107, 13.81572229631159 ], [ 98.147111948542261, 13.815721332239878 ], [ 98.147112935217038, 13.815450098466023 ], [ 98.146835384750474, 13.815449134100277 ], [ 98.146836371724959, 13.815177900340029 ], [ 98.146281271497671, 13.815175970706807 ], [ 98.146282259092828, 13.814904736979845 ], [ 98.145727159592681, 13.814902806131261 ], [ 98.145728147808484, 13.814631572437611 ], [ 98.145450598411344, 13.814630606562494 ], [ 98.145449609874561, 13.814901840236454 ], [ 98.144894510502311, 13.814899907505817 ], [ 98.144893521302251, 13.815171141134321 ], [ 98.144060871440928, 13.815168239626656 ], [ 98.144061861603916, 13.814897006057295 ], [ 98.143784312013821, 13.814896038280439 ], [ 98.143787283337559, 13.814082337595245 ], [ 98.143232186147245, 13.814080401218941 ], [ 98.143231195085434, 13.814351634747247 ], [ 98.142953646201363, 13.814350666068863 ], [ 98.142947697455796, 13.815978066993127 ], [ 98.142670146667214, 13.815977097882554 ], [ 98.142669154813788, 13.816248331329 ], [ 98.142391603725599, 13.816247361884963 ], [ 98.142394580184728, 13.815433661586768 ], [ 98.142117030080925, 13.815432691888331 ], [ 98.142120007310439, 13.814618991594971 ], [ 98.142397556451314, 13.814619961234104 ], [ 98.142398548497383, 13.814348727771115 ], [ 98.142120999677473, 13.814347758151747 ], [ 98.142122984347338, 13.813805291247151 ], [ 98.142400532525343, 13.813806260826981 ], [ 98.142403508406829, 13.812992560365394 ], [ 98.142681055643422, 13.812993529572296 ], [ 98.142685021902267, 13.81190859545976 ], [ 98.143240113872281, 13.811910532774666 ], [ 98.143237141135685, 13.812724233486648 ], [ 98.144347329183049, 13.812728104589986 ], [ 98.144346339511799, 13.812999338227479 ], [ 98.144068792146996, 13.812998370902356 ], [ 98.144067802133478, 13.813269604514069 ], [ 98.144622897526261, 13.813271538890124 ], [ 98.144623886897946, 13.813000305238969 ], [ 98.144901434305424, 13.813001271936832 ], [ 98.144902423334827, 13.812730038259916 ], [ 98.145179970442712, 13.812731004624446 ], [ 98.145181947795706, 13.812188537213062 ], [ 98.14490440132964, 13.812187570887939 ], [ 98.144907368161896, 13.811373869784596 ], [ 98.14462982267986, 13.811372903204989 ], [ 98.144630811902161, 13.811101669511489 ], [ 98.144353266762337, 13.811100702638004 ], [ 98.14435425628416, 13.810829468958168 ], [ 98.143799166710295, 13.810827534309901 ], [ 98.14379817654671, 13.811098767950288 ], [ 98.143520631470935, 13.811097800136052 ], [ 98.14351964096511, 13.811369033750658 ], [ 98.143242095589812, 13.811368065603094 ], [ 98.143243086416518, 13.81109683200823 ], [ 98.142687996371833, 13.811094894811834 ], [ 98.142687004903365, 13.811366128367194 ], [ 98.141576823787119, 13.811362250132307 ], [ 98.141577816539126, 13.811091016656027 ], [ 98.140190092230071, 13.811086161905624 ], [ 98.140191086565025, 13.810814928522291 ], [ 98.140468631063086, 13.810815900079728 ], [ 98.140469625055715, 13.810544666670532 ], [ 98.140747169254368, 13.810545637894585 ], [ 98.1407481629047, 13.810274404459534 ], [ 98.141303250724562, 13.810276345927335 ], [ 98.141301264685907, 13.81081881287057 ], [ 98.1418563538749, 13.810820753163249 ], [ 98.141857346263194, 13.81054951965509 ], [ 98.142689979244622, 13.810552427682968 ], [ 98.142690970648943, 13.810281194109457 ], [ 98.143246058768426, 13.810283131187347 ], [ 98.143247049509668, 13.810011897568286 ], [ 98.143802137072939, 13.810013833352439 ], [ 98.143803127151102, 13.809742599687857 ], [ 98.144358214158103, 13.809744534178321 ], [ 98.144357224721631, 13.810015767882355 ], [ 98.144912312455702, 13.810017701158031 ], [ 98.144911323639619, 13.810288934895441 ], [ 98.145188867859488, 13.810289901082644 ], [ 98.145187879342927, 13.810561134833709 ], [ 98.145465423904994, 13.810562100727042 ], [ 98.14546443568797, 13.810833334491754 ], [ 98.14574198059222, 13.810834300091201 ], [ 98.145740992674774, 13.811105533869554 ], [ 98.145463447449629, 13.811104568250418 ], [ 98.145454552345299, 13.813545671806144 ], [ 98.145732100458616, 13.813546637602498 ], [ 98.14573111232805, 13.813817871320351 ], [ 98.146008660783622, 13.813818836822744 ], [ 98.146006685100474, 13.814361304279664 ], [ 98.146284234219266, 13.814362269507766 ], [ 98.146283246666698, 13.814633503246831 ], [ 98.146838345610092, 13.814635432801378 ], [ 98.146837358678155, 13.814906666573728 ], [ 98.147114908502758, 13.814907630900159 ], [ 98.147113921870542, 13.815178864686116 ], [ 98.147391472037398, 13.81517982871852 ], [ 98.147390485704889, 13.815451062518081 ], [ 98.14794558674437, 13.815452989681129 ], [ 98.147944601032563, 13.815724223513921 ], [ 98.148222151905188, 13.815725186644547 ], [ 98.14822116649313, 13.815996420490926 ], [ 98.14738851297605, 13.815993530099046 ] ], [ [ 98.14241342662126, 13.810280225100163 ], [ 98.14241441832506, 13.810008991540364 ], [ 98.142691962031876, 13.810009960529896 ], [ 98.142690970648943, 13.810281194109457 ], [ 98.14241342662126, 13.810280225100163 ] ], [ [ 98.149607938951604, 13.816272465475082 ], [ 98.15016304225685, 13.816274387736653 ], [ 98.150162059049407, 13.816545621708181 ], [ 98.149606955102115, 13.816543699407431 ], [ 98.149607938951604, 13.816272465475082 ] ], [ [ 98.15016402544309, 13.81600315375907 ], [ 98.150996679596943, 13.816006034739878 ], [ 98.150995697373716, 13.81627726877619 ], [ 98.15016304225685, 13.816274387736653 ], [ 98.15016402544309, 13.81600315375907 ] ], [ [ 98.152717830476277, 13.800551431478885 ], [ 98.152718809547608, 13.800280196974549 ], [ 98.152996342494802, 13.800281153659498 ], [ 98.152995363744097, 13.800552388183352 ], [ 98.152717830476277, 13.800551431478885 ] ], [ [ 98.157432977908286, 13.801381357310401 ], [ 98.157433951592296, 13.801110122493188 ], [ 98.157711485859537, 13.8011110739097 ], [ 98.157710512496152, 13.801382308746325 ], [ 98.157432977908286, 13.801381357310401 ] ], [ [ 98.139182349078965, 13.783145210382939 ], [ 98.139459860798567, 13.783146181171508 ], [ 98.139458867690166, 13.783417415111945 ], [ 98.139181355650408, 13.783416444303539 ], [ 98.139182349078965, 13.783145210382939 ] ], [ [ 98.136373335556542, 13.792357428442729 ], [ 98.136650857950713, 13.792358403037056 ], [ 98.136649860908705, 13.792629636573457 ], [ 98.136372338194136, 13.792628661959233 ], [ 98.136373335556542, 13.792357428442729 ] ], [ [ 98.155724823232561, 13.813309962955337 ], [ 98.155725799766927, 13.813038728520782 ], [ 98.156003348022239, 13.813039682673349 ], [ 98.15600237180881, 13.813310917127357 ], [ 98.155724823232561, 13.813309962955337 ] ], [ [ 98.140464654878144, 13.811900833656008 ], [ 98.140742200681188, 13.811901804979088 ], [ 98.140741206902248, 13.812173038377837 ], [ 98.140463660778295, 13.812172067034954 ], [ 98.140464654878144, 13.811900833656008 ] ], [ [ 98.139632017597705, 13.811897917805153 ], [ 98.139633012638768, 13.811626684479609 ], [ 98.139355467242439, 13.811625711921948 ], [ 98.139356462582938, 13.811354478610189 ], [ 98.140189097873687, 13.81135739528291 ], [ 98.140188103495845, 13.811628628654143 ], [ 98.14046564895655, 13.811629600271013 ], [ 98.140464654878144, 13.811900833656008 ], [ 98.139632017597705, 13.811897917805153 ] ], [ [ 98.151011410403669, 13.811937523469219 ], [ 98.151012392288024, 13.811666289336113 ], [ 98.151289938579794, 13.811667248722642 ], [ 98.151288957016334, 13.811938482875309 ], [ 98.151011410403669, 13.811937523469219 ] ], [ [ 98.149069568838925, 13.81165956484962 ], [ 98.149070552948331, 13.811388330847581 ], [ 98.14934809877083, 13.811389292409704 ], [ 98.149347114982305, 13.81166052643135 ], [ 98.149069568838925, 13.81165956484962 ] ], [ [ 98.14935498469633, 13.809490654088812 ], [ 98.149355968315092, 13.809219420018774 ], [ 98.151021228294184, 13.809225181865974 ], [ 98.151020246600424, 13.809496416053516 ], [ 98.151297790325273, 13.809497375283545 ], [ 98.151296808931178, 13.8097686094846 ], [ 98.149354001056338, 13.809761888152799 ], [ 98.149353017395143, 13.810033122210736 ], [ 98.147687752404764, 13.810027348722798 ], [ 98.147688737991061, 13.809756114782596 ], [ 98.148521369428124, 13.809759002878696 ], [ 98.148522354030632, 13.809487768873549 ], [ 98.14935498469633, 13.809490654088812 ] ], [ [ 98.155460948734486, 13.809511726107941 ], [ 98.155738492797241, 13.809512680321163 ], [ 98.155737516536647, 13.809783914834345 ], [ 98.155459972153068, 13.809782960601664 ], [ 98.155460948734486, 13.809511726107941 ] ], [ [ 98.155183404692821, 13.809510771581172 ], [ 98.155184381574017, 13.809239537100867 ], [ 98.155461925294858, 13.809240491608174 ], [ 98.155460948734486, 13.809511726107941 ], [ 98.155183404692821, 13.809510771581172 ] ], [ [ 98.154906837874265, 13.809238582280017 ], [ 98.154907815055211, 13.808967347813143 ], [ 98.154075185044945, 13.808964481527779 ], [ 98.154076163167289, 13.808693247113311 ], [ 98.15352107724091, 13.808691334727715 ], [ 98.153522055983785, 13.808420100346204 ], [ 98.15379959861562, 13.808421056676265 ], [ 98.153800577016582, 13.808149822269202 ], [ 98.154633204076219, 13.808152689319753 ], [ 98.154632226637702, 13.808423923785291 ], [ 98.154909769353893, 13.808424878861247 ], [ 98.154908792215096, 13.808696113340215 ], [ 98.155186335273214, 13.808697068122122 ], [ 98.155184381574017, 13.809239537100867 ], [ 98.154906837874265, 13.809238582280017 ] ], [ [ 98.153520098476903, 13.808962569103182 ], [ 98.152409925594284, 13.808958740491535 ], [ 98.152410905641574, 13.808687506194145 ], [ 98.15352107724091, 13.808691334727715 ], [ 98.153520098476903, 13.808962569103182 ] ], [ [ 98.152408945525863, 13.809229974782868 ], [ 98.152131402037199, 13.809229016826574 ], [ 98.152132382426473, 13.808957782554778 ], [ 98.152409925594284, 13.808958740491535 ], [ 98.152408945525863, 13.809229974782868 ] ], [ [ 98.152130421626794, 13.809500251092329 ], [ 98.151852877838465, 13.809499292802947 ], [ 98.151853858569709, 13.809228058556739 ], [ 98.152131402037199, 13.809229016826574 ], [ 98.152130421626794, 13.809500251092329 ] ], [ [ 98.143267850138841, 13.804315990170773 ], [ 98.143266859846378, 13.804587223916847 ], [ 98.142989322512406, 13.804586255949376 ], [ 98.14299031312558, 13.804315022223051 ], [ 98.143267850138841, 13.804315990170773 ] ], [ [ 98.143269830659648, 13.803773522660483 ], [ 98.143547367052875, 13.803774490255305 ], [ 98.143548356960537, 13.803503256471346 ], [ 98.143825893054455, 13.803504223733016 ], [ 98.143822924229454, 13.804317925125948 ], [ 98.143267850138841, 13.804315990170773 ], [ 98.143269830659648, 13.803773522660483 ] ], [ [ 98.152705100626022, 13.804077479485146 ], [ 98.152708038600764, 13.803263776189757 ], [ 98.152985575075036, 13.803264733089454 ], [ 98.152982638062355, 13.804078436443406 ], [ 98.152705100626022, 13.804077479485146 ] ], [ [ 98.147718295694418, 13.801619093764442 ], [ 98.147720265527724, 13.801076625503079 ], [ 98.147997799055332, 13.801077587886914 ], [ 98.147995829863291, 13.801620056187549 ], [ 98.147718295694418, 13.801619093764442 ] ], [ [ 98.14495184761077, 13.799168346702416 ], [ 98.144950859647764, 13.799439580681709 ], [ 98.144395796929501, 13.799437648943536 ], [ 98.144394808304, 13.799708882877363 ], [ 98.143839745029922, 13.799706949846506 ], [ 98.143840734296603, 13.799435715952121 ], [ 98.143563203012164, 13.799434748986451 ], [ 98.143564192578069, 13.799163515105763 ], [ 98.14495184761077, 13.799168346702416 ] ], [ [ 98.142454068936317, 13.799159644188972 ], [ 98.142455059763137, 13.798888410381229 ], [ 98.142732590320932, 13.798889378560627 ], [ 98.142731599814681, 13.799160612388123 ], [ 98.142454068936317, 13.799159644188972 ] ], [ [ 98.140234816071242, 13.798880653667405 ], [ 98.140235809441151, 13.798609420011918 ], [ 98.140790869594483, 13.798611361030538 ], [ 98.140789876865682, 13.798882594725637 ], [ 98.140234816071242, 13.798880653667405 ] ], [ [ 98.137462503048638, 13.798057229189249 ], [ 98.137460509962125, 13.798599696121459 ], [ 98.137182980132408, 13.798598722009327 ], [ 98.137183977006984, 13.798327488566125 ], [ 98.136628918053248, 13.798325539441771 ], [ 98.136629915547388, 13.798054306032304 ], [ 98.137462503048638, 13.798057229189249 ] ], [ [ 98.143019031609398, 13.796449241529453 ], [ 98.143296559325137, 13.796450208904542 ], [ 98.143295569652338, 13.796721442825937 ], [ 98.143573097709947, 13.796722409907526 ], [ 98.143572108336272, 13.796993643842619 ], [ 98.144127165156604, 13.796995577105518 ], [ 98.144126176402622, 13.797266811074028 ], [ 98.144403705165331, 13.797267777255318 ], [ 98.14440271671053, 13.797539011237502 ], [ 98.14495777494102, 13.797540942699724 ], [ 98.144955799249558, 13.7980834107248 ], [ 98.144400739736923, 13.798081479183733 ], [ 98.144401728234399, 13.797810245213638 ], [ 98.144124198830625, 13.797809278992908 ], [ 98.144125187627296, 13.79753804503649 ], [ 98.14384765856542, 13.797537078522215 ], [ 98.143848647661258, 13.797265844579478 ], [ 98.14079583291705, 13.797255192464364 ], [ 98.140794840295399, 13.797526426189689 ], [ 98.140239782706416, 13.797524485329522 ], [ 98.140241769210377, 13.79698201795205 ], [ 98.139964241089103, 13.7969810470917 ], [ 98.139965234629443, 13.796709813413717 ], [ 98.139132651355851, 13.796706899012651 ], [ 98.139131656853962, 13.796978132631148 ], [ 98.138021544841052, 13.796974242298234 ], [ 98.13802054903563, 13.797245475831286 ], [ 98.137187964290078, 13.797242554732854 ], [ 98.137186967501592, 13.79751378820024 ], [ 98.136354381988127, 13.797510864222824 ], [ 98.136355379738191, 13.797239630815117 ], [ 98.135800323477952, 13.797237679970346 ], [ 98.135799325086822, 13.797508913338234 ], [ 98.135521796668499, 13.797507937426046 ], [ 98.135524792738778, 13.796694237363992 ], [ 98.138022540624974, 13.796703008759138 ], [ 98.138023536387408, 13.796431775214 ], [ 98.139688700689518, 13.796437608595731 ], [ 98.139692675832549, 13.795352673878453 ], [ 98.139970202009422, 13.795353644933119 ], [ 98.139971195421069, 13.795082411218873 ], [ 98.140526247198196, 13.795084352348946 ], [ 98.140525254427487, 13.795355586102817 ], [ 98.140802780668665, 13.795356556217847 ], [ 98.140797818096075, 13.796712724995581 ], [ 98.141075345961156, 13.796713694896381 ], [ 98.141074353702876, 13.796984928653588 ], [ 98.141906938388132, 13.796987836535864 ], [ 98.141907929684876, 13.796716602719304 ], [ 98.142185457635591, 13.79671757136712 ], [ 98.142188430435937, 13.79590386982186 ], [ 98.142465957446547, 13.795904838097139 ], [ 98.142466948016718, 13.795633604216864 ], [ 98.142744474728232, 13.795634572159161 ], [ 98.142743484478544, 13.79590580605919 ], [ 98.143021011531914, 13.795906773708015 ], [ 98.143019031609398, 13.796449241529453 ] ], [ [ 98.141911894657852, 13.795631667392618 ], [ 98.141912885847617, 13.795360433545833 ], [ 98.141357833215309, 13.795358495508264 ], [ 98.141358825024597, 13.795087261695002 ], [ 98.141081299061042, 13.795086292226189 ], [ 98.141083283256322, 13.794543824621105 ], [ 98.140805757955093, 13.79454285487868 ], [ 98.140806750341056, 13.794271621086869 ], [ 98.141084275321816, 13.794272590809504 ], [ 98.141089235328039, 13.792916421660822 ], [ 98.141366758728083, 13.792917390971317 ], [ 98.141367750344656, 13.792646157103663 ], [ 98.141645273445704, 13.792647126081219 ], [ 98.141648247205765, 13.79183342438265 ], [ 98.14192576936702, 13.791834392987727 ], [ 98.141926760257192, 13.791563159056343 ], [ 98.142481804003125, 13.791565095287572 ], [ 98.142482794231142, 13.791293861310608 ], [ 98.143315359049268, 13.791296763249768 ], [ 98.143316348294803, 13.791025529207513 ], [ 98.143593869623217, 13.791026495874592 ], [ 98.143591891751541, 13.791568963992539 ], [ 98.143314369782388, 13.791567997285982 ], [ 98.143312391184523, 13.792110465340283 ], [ 98.143034868595947, 13.792109498281112 ], [ 98.143032889271822, 13.792651966271755 ], [ 98.142755366063838, 13.792650998859949 ], [ 98.142754376049297, 13.792922232826454 ], [ 98.142476852542273, 13.792921265081738 ], [ 98.142475862185947, 13.793192499022448 ], [ 98.141920814595224, 13.793190562554013 ], [ 98.141914868162914, 13.79481796583414 ], [ 98.142469919598938, 13.794819902539782 ], [ 98.142466948016718, 13.795633604216864 ], [ 98.141911894657852, 13.795631667392618 ] ], [ [ 98.158283087521085, 13.796501981995757 ], [ 98.158284059865338, 13.796230747011556 ], [ 98.158561588425385, 13.796231697138913 ], [ 98.158560616401644, 13.796502932142506 ], [ 98.158283087521085, 13.796501981995757 ] ], [ [ 98.158286976772132, 13.795417042022713 ], [ 98.158286004490876, 13.795688277025038 ], [ 98.158563532409929, 13.795689227113607 ], [ 98.158562560428152, 13.795960462129282 ], [ 98.15800750397004, 13.79595856160012 ], [ 98.158008476592798, 13.795687326623243 ], [ 98.157453420859667, 13.795685424879972 ], [ 98.157454394102402, 13.795414189935867 ], [ 98.158286976772132, 13.795417042022713 ] ], [ [ 98.154126996455489, 13.794589049230542 ], [ 98.154129927404711, 13.793775345007971 ], [ 98.154407452764929, 13.793776299658498 ], [ 98.154404522777043, 13.79459000393954 ], [ 98.154126996455489, 13.794589049230542 ] ], [ [ 98.147200664073083, 13.791310268371406 ], [ 98.14720164883343, 13.7910390340534 ], [ 98.146924127227933, 13.791038071456784 ], [ 98.146926097325561, 13.790495602841954 ], [ 98.146648576382049, 13.790494639971547 ], [ 98.1466495617193, 13.790223405674732 ], [ 98.146372041117431, 13.790222442510892 ], [ 98.146374012368767, 13.789679973938474 ], [ 98.146651532329969, 13.789680937062981 ], [ 98.146652517603371, 13.789409702748042 ], [ 98.146930037265534, 13.789410665539807 ], [ 98.146931022197336, 13.789139431199169 ], [ 98.1474860609448, 13.789141355804162 ], [ 98.147488029463361, 13.78859888702616 ], [ 98.147765548228364, 13.78859984881977 ], [ 98.147768499885885, 13.787786145548537 ], [ 98.14832353555785, 13.787788068078799 ], [ 98.148322552333852, 13.788059302547847 ], [ 98.148600070521979, 13.788060263363045 ], [ 98.14859908759702, 13.788331497845679 ], [ 98.148876606126692, 13.788332458367448 ], [ 98.1488756235008, 13.788603692863655 ], [ 98.148598104650844, 13.78860273232227 ], [ 98.148595155684902, 13.789416435715804 ], [ 98.148872675495809, 13.78941739631604 ], [ 98.148870710053032, 13.789959865254096 ], [ 98.149148230525824, 13.789960825580474 ], [ 98.149147248092945, 13.790232060060053 ], [ 98.149424768907295, 13.790233020092948 ], [ 98.149423786773554, 13.790504254586088 ], [ 98.149701307929476, 13.790505214325488 ], [ 98.149700326094873, 13.790776448832185 ], [ 98.149977847592368, 13.790777408278073 ], [ 98.149976866056917, 13.791048642798319 ], [ 98.14942182244242, 13.791046723554246 ], [ 98.149420840245043, 13.791317958029262 ], [ 98.148588274021293, 13.791315076755968 ], [ 98.148587290841562, 13.791586311166116 ], [ 98.148309768489057, 13.791585350095819 ], [ 98.14830878496771, 13.791856584480302 ], [ 98.147753739685641, 13.791854661361066 ], [ 98.147754723847754, 13.791583427015851 ], [ 98.147477201558971, 13.791582465006174 ], [ 98.147478186020209, 13.791311230674561 ], [ 98.147200664073083, 13.791310268371406 ] ], [ [ 98.140827585496751, 13.788575710062993 ], [ 98.140828577411341, 13.788304476138252 ], [ 98.140551059500169, 13.788303506538082 ], [ 98.140552051713641, 13.788032272627101 ], [ 98.139997016596169, 13.788030332527239 ], [ 98.13999800942878, 13.787759098649842 ], [ 98.139720492222494, 13.787758128150172 ], [ 98.139721485353931, 13.78748689428655 ], [ 98.139999002239932, 13.787487864766401 ], [ 98.139999995029655, 13.78721663087692 ], [ 98.139722478463909, 13.787215660416887 ], [ 98.139724464619547, 13.78667319265945 ], [ 98.140279496491402, 13.786675133187217 ], [ 98.140280488896536, 13.786403899259801 ], [ 98.140558004544388, 13.786404869034362 ], [ 98.140560980670458, 13.785591167156449 ], [ 98.140838495379001, 13.785592136558607 ], [ 98.14083452844902, 13.786677072462949 ], [ 98.141112044459973, 13.786678041631307 ], [ 98.141111052994177, 13.786949275612084 ], [ 98.141388569346802, 13.786950244487221 ], [ 98.141384604550538, 13.788035180429089 ], [ 98.141662122205673, 13.788036149070338 ], [ 98.141661131273381, 13.788307383060488 ], [ 98.141938649270202, 13.788308351408473 ], [ 98.141937658636792, 13.788579585412354 ], [ 98.142215176975313, 13.78858055346706 ], [ 98.142214186640828, 13.788851787484672 ], [ 98.141936667981994, 13.788850819410195 ], [ 98.14193567730581, 13.789122053401998 ], [ 98.141658158348065, 13.789121084994687 ], [ 98.141659149344576, 13.788849851022659 ], [ 98.141381630728546, 13.788848882322062 ], [ 98.141382622023954, 13.788577648363779 ], [ 98.140827585496751, 13.788575710062993 ] ], [ [ 98.158032785337696, 13.788906450238079 ], [ 98.158033757414543, 13.788635215104158 ], [ 98.158588796570896, 13.788637114585921 ], [ 98.158587825134674, 13.78890834975863 ], [ 98.158032785337696, 13.788906450238079 ] ], [ [ 98.136388293408189, 13.788288924969969 ], [ 98.13638929042601, 13.78801769135678 ], [ 98.136666807694695, 13.788018665632741 ], [ 98.136665810997172, 13.788289899265829 ], [ 98.136388293408189, 13.788288924969969 ] ], [ [ 98.146387808744151, 13.785882693255049 ], [ 98.146388794039908, 13.78561145887522 ], [ 98.145556248696664, 13.785608568508824 ], [ 98.1455572349318, 13.785337334181996 ], [ 98.145279720180227, 13.785336370120255 ], [ 98.14528070671426, 13.785065135807081 ], [ 98.145003192304216, 13.78506417145206 ], [ 98.145005165948788, 13.784521702846989 ], [ 98.14528267971842, 13.784522667162614 ], [ 98.145283666188533, 13.784251432831322 ], [ 98.145561179659296, 13.784252396814296 ], [ 98.145562165787908, 13.783981162457273 ], [ 98.146394705367413, 13.783984052469432 ], [ 98.146393720199384, 13.784255286885495 ], [ 98.146671233755313, 13.784256249616657 ], [ 98.146669263995776, 13.784798718469995 ], [ 98.146946778213405, 13.784799680927524 ], [ 98.146944809009184, 13.785342149796032 ], [ 98.147222323888499, 13.785343111979898 ], [ 98.147221339574713, 13.785614346424747 ], [ 98.147498854795515, 13.78561530831529 ], [ 98.147496886744619, 13.786157777226165 ], [ 98.147219370883349, 13.78615681529633 ], [ 98.147217402106918, 13.786699284143754 ], [ 98.146939885626409, 13.786698321861612 ], [ 98.146940870345503, 13.786427087460574 ], [ 98.146663354206524, 13.786426124885081 ], [ 98.146665324221388, 13.785883656104211 ], [ 98.146387808744151, 13.785882693255049 ] ], [ [ 98.153612986796333, 13.78319527644811 ], [ 98.153612010016587, 13.783466511391543 ], [ 98.153056983787252, 13.78346460138105 ], [ 98.153056006346048, 13.783735836279423 ], [ 98.153611033215739, 13.783737746328935 ], [ 98.153610056393802, 13.784008981260289 ], [ 98.153332542628206, 13.784008026372497 ], [ 98.153331565464967, 13.784279261278312 ], [ 98.153054051400289, 13.784278306058058 ], [ 98.153053073895734, 13.784549540938315 ], [ 98.152775559531975, 13.784548585385586 ], [ 98.152774581686103, 13.784819820240285 ], [ 98.152497067023262, 13.784818864355069 ], [ 98.152495110627683, 13.785361334007311 ], [ 98.152217595345547, 13.785360377770058 ], [ 98.152215638224988, 13.785902847359083 ], [ 98.151938122323514, 13.78590189076977 ], [ 98.151937143411288, 13.786173125535683 ], [ 98.151659627210734, 13.786172168613833 ], [ 98.151658647957106, 13.786443403354166 ], [ 98.151381131457455, 13.786442446099763 ], [ 98.151380151862412, 13.786713680814508 ], [ 98.150825118286093, 13.78671176532756 ], [ 98.150830019252069, 13.78535559188909 ], [ 98.150552504096865, 13.785354633773956 ], [ 98.150553484546762, 13.785083399087716 ], [ 98.149998454940345, 13.785081481957668 ], [ 98.14999943600948, 13.784810247304552 ], [ 98.149721921558267, 13.784809288289656 ], [ 98.149722902926413, 13.784538053650092 ], [ 98.149445388816616, 13.784537094341827 ], [ 98.149446370483773, 13.784265859715823 ], [ 98.149168856715377, 13.7842649001142 ], [ 98.149169838681502, 13.783993665501757 ], [ 98.149447352129712, 13.783994625083778 ], [ 98.149448333754435, 13.783723390445699 ], [ 98.150003360074095, 13.783725308631711 ], [ 98.15000434103726, 13.783454073948405 ], [ 98.150281853908695, 13.783455032552414 ], [ 98.150282834530515, 13.783183797843487 ], [ 98.150560347102967, 13.783184756114984 ], [ 98.150558386478522, 13.783727225565958 ], [ 98.150835899712504, 13.783728183563666 ], [ 98.150834919688705, 13.783999418299665 ], [ 98.151112433264046, 13.784000376003998 ], [ 98.151110473793295, 13.784542845497009 ], [ 98.152220530867851, 13.784546673341239 ], [ 98.152222487777024, 13.78400420369184 ], [ 98.152777515160366, 13.784006115658066 ], [ 98.15277947070426, 13.7834636459064 ], [ 98.152501957642372, 13.783462690118812 ], [ 98.152502935702813, 13.783191455253448 ], [ 98.152780448444517, 13.783192411021508 ], [ 98.152783381538541, 13.782378706330618 ], [ 98.153060893340879, 13.782379661727191 ], [ 98.153062847990995, 13.781837191864044 ], [ 98.153617870378469, 13.781839101640417 ], [ 98.153613963554974, 13.782924041498649 ], [ 98.153891476060963, 13.78292499599549 ], [ 98.153890499622477, 13.783196230964451 ], [ 98.153612986796333, 13.78319527644811 ] ], [ [ 98.150561327383414, 13.782913521380447 ], [ 98.150838839656885, 13.782914479319446 ], [ 98.150837859696608, 13.783185714073555 ], [ 98.150560347102967, 13.783184756114984 ], [ 98.150561327383414, 13.782913521380447 ] ], [ [ 98.153618847031609, 13.781567866660767 ], [ 98.153896357936858, 13.781568821060105 ], [ 98.153895381603874, 13.781840056059256 ], [ 98.153617870378469, 13.781839101640417 ], [ 98.153618847031609, 13.781567866660767 ] ], [ [ 98.153897334248754, 13.781297586054921 ], [ 98.154174844854992, 13.781298540121876 ], [ 98.154173868863225, 13.781569775146551 ], [ 98.153896357936858, 13.781568821060105 ], [ 98.153897334248754, 13.781297586054921 ] ], [ [ 98.154175820825685, 13.781027305091163 ], [ 98.154453331132885, 13.78102825882574 ], [ 98.15445235548232, 13.781299493875942 ], [ 98.154174844854992, 13.781298540121876 ], [ 98.154175820825685, 13.781027305091163 ] ], [ [ 98.143617597420487, 13.784516876574488 ], [ 98.143619574181713, 13.78397440814244 ], [ 98.144174600248249, 13.783976339511407 ], [ 98.144172624767791, 13.784518808022364 ], [ 98.143617597420487, 13.784516876574488 ] ], [ [ 98.15749525132486, 13.784022316829617 ], [ 98.157496223664182, 13.783751081625839 ], [ 98.157773737425416, 13.783752031799965 ], [ 98.157772765406278, 13.784023267023155 ], [ 98.15749525132486, 13.784022316829617 ] ], [ [ 98.14556611008932, 13.782896224968798 ], [ 98.14556512404593, 13.783167459349972 ], [ 98.145287611855892, 13.783166495445768 ], [ 98.145286625471016, 13.783437729801216 ], [ 98.144731600514547, 13.783435801014623 ], [ 98.144730613468013, 13.783707035324628 ], [ 98.144453100701583, 13.783706070442218 ], [ 98.14445507541366, 13.783163601855595 ], [ 98.145010099687156, 13.783165531228638 ], [ 98.145011086370886, 13.782894296886855 ], [ 98.14556611008932, 13.782896224968798 ] ], [ [ 98.154208016027937, 13.772076545692018 ], [ 98.154207040753136, 13.772347780921862 ], [ 98.154484540820221, 13.772348734032871 ], [ 98.154482590847152, 13.772891204513439 ], [ 98.154760091575127, 13.772892157350732 ], [ 98.154758142157561, 13.773434627846127 ], [ 98.154203139443041, 13.773432721780919 ], [ 98.154204114802198, 13.7731614865752 ], [ 98.153649112811848, 13.773159579298177 ], [ 98.153653016596792, 13.77207463857096 ], [ 98.154208016027937, 13.772076545692018 ] ] ], [ [ [ 98.166279398000739, 13.811176119477729 ], [ 98.166556944804867, 13.811177061577629 ], [ 98.166557908656387, 13.810905826340733 ], [ 98.166280362173126, 13.810904884260045 ], [ 98.166279398000739, 13.811176119477729 ] ] ], [ [ [ 98.166554053125637, 13.811990767252039 ], [ 98.16655308919097, 13.812262002464749 ], [ 98.166275541103232, 13.812261060288009 ], [ 98.166273612529693, 13.812803530656863 ], [ 98.166828710009639, 13.812805414773555 ], [ 98.166829673664949, 13.812534179553735 ], [ 98.167107222115177, 13.812535121122435 ], [ 98.167109148721636, 13.811992650626255 ], [ 98.166554053125637, 13.811990767252039 ] ] ], [ [ [ 98.165996063820899, 13.81280258812807 ], [ 98.165994134522293, 13.813345058434306 ], [ 98.166271683872964, 13.813346001001534 ], [ 98.166273612529693, 13.812803530656863 ], [ 98.165996063820899, 13.81280258812807 ] ] ] ] } },
{ "type": "Feature", "properties": { "zone": "B", "alpha_deg": 13.4, "label": "Within reach only of a channelised flow (alpha 13.4 deg)" }, "geometry": { "type": "MultiPolygon", "coordinates": [ [ [ [ 98.138936626004551, 13.774464751268917 ], [ 98.13893761904481, 13.77419351716892 ], [ 98.138660117929774, 13.774192546409374 ], [ 98.138659124569557, 13.774463780489532 ], [ 98.138936626004551, 13.774464751268917 ] ] ], [ [ [ 98.137828609012018, 13.773918398227844 ], [ 98.137827614713487, 13.774189632254462 ], [ 98.138105115764091, 13.774190603952146 ], [ 98.138106109742694, 13.773919369905663 ], [ 98.137828609012018, 13.773918398227844 ] ] ], [ [ [ 98.138103127742426, 13.77473307202701 ], [ 98.138658131187867, 13.774735014563653 ], [ 98.138659124569557, 13.774463780489532 ], [ 98.138381623156036, 13.774462809397425 ], [ 98.138382616836196, 13.77419157533712 ], [ 98.138105115764091, 13.774190603952146 ], [ 98.138103127742426, 13.77473307202701 ] ] ], [ [ [ 98.137261666934862, 13.777171261378195 ], [ 98.137260671738375, 13.777442495292631 ], [ 98.138093186344832, 13.777445412039137 ], [ 98.138092192086901, 13.777716646007146 ], [ 98.138369697318737, 13.777717617650261 ], [ 98.138370691256654, 13.777446383662392 ], [ 98.139203206120939, 13.777449296655421 ], [ 98.139204199077341, 13.777178062601983 ], [ 98.138649189786378, 13.777176120959103 ], [ 98.138650183361321, 13.77690488693931 ], [ 98.138095174796263, 13.776902944085005 ], [ 98.138094180581291, 13.77717417806509 ], [ 98.137816676010985, 13.777173206148909 ], [ 98.137817670545957, 13.776901972188687 ], [ 98.137262662109848, 13.776900027457717 ], [ 98.137264652395302, 13.776357559598658 ], [ 98.137542155962606, 13.776358532080778 ], [ 98.137543150753089, 13.776087298122318 ], [ 98.136710641075638, 13.776084379797316 ], [ 98.136707653759785, 13.776898081475645 ], [ 98.136985157924059, 13.776899054623071 ], [ 98.136984162429073, 13.777170288523658 ], [ 98.137261666934862, 13.777171261378195 ] ] ], [ [ [ 98.138651176914806, 13.776633652913482 ], [ 98.138650183361321, 13.77690488693931 ], [ 98.138927687676073, 13.776905857897299 ], [ 98.138928680909544, 13.776634623851622 ], [ 98.138651176914806, 13.776633652913482 ] ] ], [ [ [ 98.137547129699968, 13.775002362228106 ], [ 98.137548124382931, 13.774731128239463 ], [ 98.137270622735443, 13.774730155876602 ], [ 98.137269627732522, 13.77500138984537 ], [ 98.137547129699968, 13.775002362228106 ] ] ], [ [ [ 98.135054600364782, 13.773637430417116 ], [ 98.135332100560291, 13.773638405202071 ], [ 98.135333097695082, 13.773367171342437 ], [ 98.135334094808329, 13.773095937476764 ], [ 98.134779095718514, 13.773093987673874 ], [ 98.134776102394639, 13.7739076891332 ], [ 98.135053602888519, 13.773908664250788 ], [ 98.135054600364782, 13.773637430417116 ] ] ], [ [ [ 98.134772110994163, 13.774992624327796 ], [ 98.135604616379723, 13.77499554898157 ], [ 98.13560561330236, 13.774724315132195 ], [ 98.134773108876644, 13.774721390538202 ], [ 98.134772110994163, 13.774992624327796 ] ] ], [ [ [ 98.136133709167652, 13.782049576187156 ], [ 98.136411219370174, 13.782050550338283 ], [ 98.136412215892747, 13.781779316586164 ], [ 98.136134706010338, 13.78177834245494 ], [ 98.136133709167652, 13.782049576187156 ] ] ], [ [ [ 98.1358831148207, 13.774725289371409 ], [ 98.135884111401822, 13.774454055496083 ], [ 98.135606610203425, 13.774453081276784 ], [ 98.13560561330236, 13.774724315132195 ], [ 98.1358831148207, 13.774725289371409 ] ] ], [ [ [ 98.135882118218035, 13.774996523240699 ], [ 98.136159620077862, 13.774997497187096 ], [ 98.136160616360598, 13.7747262632979 ], [ 98.1358831148207, 13.774725289371409 ], [ 98.135882118218035, 13.774996523240699 ] ] ], [ [ [ 98.136157627447815, 13.775539964947386 ], [ 98.136435129969101, 13.775540938620855 ], [ 98.136433137892865, 13.776083406396799 ], [ 98.136710641075638, 13.776084379797316 ], [ 98.136711636804549, 13.775813145892467 ], [ 98.136989139688879, 13.775814118960332 ], [ 98.136992125786577, 13.775000417149895 ], [ 98.136159620077862, 13.774997497187096 ], [ 98.136157627447815, 13.775539964947386 ] ] ], [ [ [ 98.16107678733691, 13.791357999955174 ], [ 98.161075818574318, 13.791629235241745 ], [ 98.16135334189633, 13.791630181908104 ], [ 98.161354310338538, 13.791358946602207 ], [ 98.16107678733691, 13.791357999955174 ] ] ], [ [ [ 98.134977731589728, 13.79452241794011 ], [ 98.136642881011895, 13.794528271159079 ], [ 98.136644875375765, 13.793985804164835 ], [ 98.136922399713981, 13.793986778565372 ], [ 98.136924393350881, 13.793444311507173 ], [ 98.136646869653546, 13.793443337146417 ], [ 98.136647866760114, 13.793172103628141 ], [ 98.136370343404749, 13.793171128974118 ], [ 98.13581529675858, 13.793169178726593 ], [ 98.135816294804883, 13.792897945261988 ], [ 98.136371340810214, 13.7928998954697 ], [ 98.136372338194136, 13.792628661959233 ], [ 98.135539770179705, 13.792625736237671 ], [ 98.134984724944516, 13.792623784190894 ], [ 98.134983725958548, 13.79289501760177 ], [ 98.135261248885755, 13.792895993801666 ], [ 98.135260250198641, 13.793167227226428 ], [ 98.134982726951009, 13.793166251006605 ], [ 98.134981727921897, 13.793437484405398 ], [ 98.135259251489956, 13.793438460645149 ], [ 98.135258252759684, 13.793709694057823 ], [ 98.135813300601328, 13.793711645637671 ], [ 98.135812302490393, 13.793982879084144 ], [ 98.135257254007882, 13.793980927464455 ], [ 98.135256255234481, 13.794252160865041 ], [ 98.134978730705129, 13.794251184565496 ], [ 98.134977731589728, 13.79452241794011 ] ], [ [ 98.136367351059107, 13.793984829451116 ], [ 98.136366353567496, 13.794256062931362 ], [ 98.135811304357873, 13.79425411252457 ], [ 98.135812302490393, 13.793982879084144 ], [ 98.136367351059107, 13.793984829451116 ] ] ], [ [ [ 98.134975733294212, 13.795064884671202 ], [ 98.135253258784942, 13.795065861030539 ], [ 98.135254257623018, 13.794794627648084 ], [ 98.134976732452756, 13.794793651308682 ], [ 98.134975733294212, 13.795064884671202 ] ] ], [ [ [ 98.134973734912407, 13.795607351378113 ], [ 98.135528787197316, 13.795609303863289 ], [ 98.135529785758052, 13.795338070472999 ], [ 98.134974734114095, 13.795336118027677 ], [ 98.134973734912407, 13.795607351378113 ] ] ], [ [ [ 98.13469620880231, 13.795606374665702 ], [ 98.134695209258567, 13.795877607990153 ], [ 98.134972735689146, 13.795878584722502 ], [ 98.134973734912407, 13.795607351378113 ], [ 98.13469620880231, 13.795606374665702 ] ] ], [ [ [ 98.149323497691697, 13.818170141135873 ], [ 98.14932546626612, 13.817627673376945 ], [ 98.149047913061381, 13.81762671136385 ], [ 98.149045943844854, 13.818169179083556 ], [ 98.149323497691697, 13.818170141135873 ] ] ], [ [ [ 98.156539905138288, 13.818195044368229 ], [ 98.156540881088603, 13.817923809984224 ], [ 98.158206205982097, 13.817929526646939 ], [ 98.158208153966996, 13.817387057627739 ], [ 98.157930600407639, 13.817386105673803 ], [ 98.157932548950612, 13.81684363666921 ], [ 98.15848765480618, 13.816845540185746 ], [ 98.158486681187284, 13.817116774729868 ], [ 98.158764234467583, 13.817117726036939 ], [ 98.15876520776547, 13.816846491473424 ], [ 98.159042760745749, 13.816847442447378 ], [ 98.159043733701608, 13.816576207858434 ], [ 98.159321286381839, 13.816577158499285 ], [ 98.159322258995701, 13.81630592388491 ], [ 98.159044706636507, 13.816304973263438 ], [ 98.159046652443337, 13.8157625040553 ], [ 98.158769100747122, 13.815761553158881 ], [ 98.158770073940076, 13.81549031856512 ], [ 98.15849252258586, 13.815489367374393 ], [ 98.15849544300174, 13.814675663614993 ], [ 98.15821789263147, 13.814674712168765 ], [ 98.158222761176219, 13.813318539212434 ], [ 98.158500309941715, 13.813319490561682 ], [ 98.15850128326673, 13.813048255932873 ], [ 98.159056380218814, 13.813050157651668 ], [ 98.159057352880978, 13.812778922978037 ], [ 98.159334901067567, 13.812779873347605 ], [ 98.159336845687136, 13.812237403943447 ], [ 98.159059298142381, 13.812236453612636 ], [ 98.159060270741605, 13.811965218920861 ], [ 98.159892912476025, 13.81196806891433 ], [ 98.159893884091588, 13.811696834158401 ], [ 98.160171431057407, 13.811697783509644 ], [ 98.160178229533372, 13.809799139913288 ], [ 98.159900684813664, 13.809798190697544 ], [ 98.159901656261567, 13.809526955893231 ], [ 98.159069023190739, 13.809524106422762 ], [ 98.159069995580211, 13.809252871670514 ], [ 98.158792451586052, 13.809251921239301 ], [ 98.15879050614447, 13.809794390698984 ], [ 98.15851296152961, 13.809793439915444 ], [ 98.158511988456482, 13.810064674616823 ], [ 98.158234443541758, 13.810063723500331 ], [ 98.158233470126788, 13.810334958176265 ], [ 98.157955924912201, 13.810334006726805 ], [ 98.157954951155375, 13.810605241377294 ], [ 98.157677405640925, 13.810604289594854 ], [ 98.157674483281752, 13.811417993451807 ], [ 98.157396936825677, 13.81141704129754 ], [ 98.157394987839368, 13.811959510466439 ], [ 98.157117440762519, 13.811958557959732 ], [ 98.157114516162665, 13.812772261609455 ], [ 98.156836968144106, 13.812771308730856 ], [ 98.15683501766388, 13.81331377776157 ], [ 98.156557469024477, 13.813312824530474 ], [ 98.156556493431879, 13.813584059017325 ], [ 98.15627894449257, 13.813583105453146 ], [ 98.156275040627918, 13.814668043262293 ], [ 98.155997490425818, 13.814667089306676 ], [ 98.155995537725246, 13.815209558136059 ], [ 98.155440436100321, 13.815207649205973 ], [ 98.155439459076462, 13.815478883572677 ], [ 98.155161907974616, 13.815477928617637 ], [ 98.155159953221698, 13.816020397293959 ], [ 98.155437504965562, 13.816021352287931 ], [ 98.155438482031556, 13.815750117933328 ], [ 98.155716033475457, 13.815751072594134 ], [ 98.155717010199396, 13.815479838214021 ], [ 98.156827214901625, 13.815483653642481 ], [ 98.156821361946484, 13.817111060299091 ], [ 98.156543808813268, 13.8171101067959 ], [ 98.156542832926093, 13.817381341198059 ], [ 98.156265279492871, 13.817380387361696 ], [ 98.156264303263612, 13.817651621738364 ], [ 98.155986749530399, 13.817650667568817 ], [ 98.155984796366596, 13.8181931362651 ], [ 98.156539905138288, 13.818195044368229 ] ], [ [ 98.158223734822172, 13.813047304603023 ], [ 98.158224708447136, 13.81277606998756 ], [ 98.158502256570756, 13.812777021298018 ], [ 98.15850128326673, 13.813048255932873 ], [ 98.158223734822172, 13.813047304603023 ] ], [ [ 98.158225682051082, 13.812504835366056 ], [ 98.158226655634039, 13.812233600738498 ], [ 98.158781750618616, 13.812235502968205 ], [ 98.158780777677492, 13.812506737634545 ], [ 98.158225682051082, 13.812504835366056 ] ], [ [ 98.158510042247272, 13.810607144001443 ], [ 98.158511015362379, 13.810335909312156 ], [ 98.15878856061893, 13.810336860134472 ], [ 98.15878758782469, 13.810608094843147 ], [ 98.158510042247272, 13.810607144001443 ] ] ], [ [ [ 98.159348511643003, 13.808982587010513 ], [ 98.159351427660141, 13.808168882641228 ], [ 98.159628970412967, 13.80816983236787 ], [ 98.159629942055929, 13.807898597546643 ], [ 98.159907484508906, 13.807899546940396 ], [ 98.159909427090369, 13.807357077241084 ], [ 98.160186968922716, 13.807358026282611 ], [ 98.160187939861245, 13.807086791404531 ], [ 98.15991039834968, 13.80708584238236 ], [ 98.159913312001862, 13.806272137769907 ], [ 98.159358230966248, 13.806270238901282 ], [ 98.159357259128285, 13.806541473739415 ], [ 98.159079718321181, 13.806540523815512 ], [ 98.159078746141475, 13.80681175862822 ], [ 98.158523663948614, 13.806809857801193 ], [ 98.158524636769869, 13.80653862302726 ], [ 98.15824709602569, 13.806537672162909 ], [ 98.158248069146708, 13.806266437402323 ], [ 98.15852560957012, 13.806267388247278 ], [ 98.158526582349381, 13.805996153461251 ], [ 98.159359202783264, 13.80599900405711 ], [ 98.159362118108447, 13.805185299488317 ], [ 98.15908457890508, 13.805184349661296 ], [ 98.159083606830237, 13.805455584504227 ], [ 98.15880606732712, 13.805454634344372 ], [ 98.158805094910562, 13.805725869161881 ], [ 98.157972475564847, 13.805723016743391 ], [ 98.157975395638161, 13.804909312447293 ], [ 98.158808012097253, 13.804912164691224 ], [ 98.158810929095125, 13.804098460166168 ], [ 98.157978315522456, 13.804095608096791 ], [ 98.157979288775223, 13.803824373301198 ], [ 98.157424213806507, 13.80382247039331 ], [ 98.157426161531788, 13.803280000861642 ], [ 98.157148624720335, 13.803279048976412 ], [ 98.157149598872124, 13.803007814220933 ], [ 98.157704671874697, 13.803009717639151 ], [ 98.157702724832816, 13.803552187221738 ], [ 98.158535336418325, 13.803555040114981 ], [ 98.158537281536098, 13.803012570415987 ], [ 98.158814818131887, 13.803013520714803 ], [ 98.158815790338608, 13.80274228583685 ], [ 98.157983181576256, 13.802739434058392 ], [ 98.157984154724005, 13.80246819923258 ], [ 98.158261690636479, 13.802469150119389 ], [ 98.158262663442557, 13.802197915268133 ], [ 98.158540199055366, 13.802198865822161 ], [ 98.158542143963274, 13.801656396062727 ], [ 98.158264608991772, 13.801655445547484 ], [ 98.158265581734881, 13.801384210678098 ], [ 98.157710512496152, 13.801382308746325 ], [ 98.15770953911175, 13.801653543576904 ], [ 98.156876934449315, 13.801650688270785 ], [ 98.156875960081976, 13.80192192303706 ], [ 98.156043354646869, 13.801919064852324 ], [ 98.156045305284337, 13.801376595430364 ], [ 98.155490236382064, 13.801374688484831 ], [ 98.15549121231048, 13.801103453803695 ], [ 98.155213678211567, 13.801102499880351 ], [ 98.155214654439533, 13.800831265212638 ], [ 98.154937120682305, 13.800830310995416 ], [ 98.15493809720985, 13.800559076341131 ], [ 98.154660563794309, 13.800558121830038 ], [ 98.154666424440464, 13.798930713894263 ], [ 98.15438889296955, 13.798929759186736 ], [ 98.15438791592733, 13.799200993838323 ], [ 98.154110384156937, 13.799200038798002 ], [ 98.154109406773046, 13.799471273424054 ], [ 98.153831874703187, 13.799470318050929 ], [ 98.153833830091031, 13.798927848831775 ], [ 98.153556298683412, 13.798926893184341 ], [ 98.153552386540966, 13.80001183152047 ], [ 98.153274853872119, 13.800010875481698 ], [ 98.15327289703302, 13.800553344574483 ], [ 98.153827963674232, 13.800555256416724 ], [ 98.153824052307627, 13.801640194685813 ], [ 98.154101586942389, 13.801641150214913 ], [ 98.154099631773761, 13.802183619352185 ], [ 98.154932237728502, 13.802186484176191 ], [ 98.154929307703284, 13.803000188012126 ], [ 98.154651771401959, 13.802999233325734 ], [ 98.154650794364059, 13.803270467906145 ], [ 98.15409572118331, 13.803268557554196 ], [ 98.154093765761488, 13.803811026618932 ], [ 98.155481452078376, 13.803815800343056 ], [ 98.155480475939314, 13.804087034963745 ], [ 98.155758013586606, 13.804087988787781 ], [ 98.155757037747193, 13.804359223421885 ], [ 98.156312113746367, 13.80436113016858 ], [ 98.156309188026086, 13.805174834151316 ], [ 98.156586727019402, 13.805175787112839 ], [ 98.156585752057964, 13.805447021781097 ], [ 98.157695909524449, 13.805450830570386 ], [ 98.157692014600329, 13.806535769493765 ], [ 98.157969555302515, 13.806536720985079 ], [ 98.157968581839725, 13.806807955720219 ], [ 98.157691040816786, 13.806807004209496 ], [ 98.157690067012211, 13.80707823891918 ], [ 98.158245149720656, 13.807080141665942 ], [ 98.158243203331651, 13.807622611144792 ], [ 98.158520745358942, 13.807623562086727 ], [ 98.158519772453744, 13.807894796836479 ], [ 98.15879731482282, 13.80789574748429 ], [ 98.158796342217443, 13.808166982247387 ], [ 98.159073884928304, 13.808167932601069 ], [ 98.159070967948708, 13.808981636912224 ], [ 98.159348511643003, 13.808982587010513 ] ], [ [ 98.1571534952691, 13.80192287513856 ], [ 98.157152521201382, 13.802194109918219 ], [ 98.156874985693619, 13.802193157797292 ], [ 98.156875960081976, 13.80192192303706 ], [ 98.1571534952691, 13.80192287513856 ] ], [ [ 98.154659586946167, 13.800829356464847 ], [ 98.154382053231103, 13.800828401620929 ], [ 98.154383030399856, 13.800557167005607 ], [ 98.154660563794309, 13.800558121830038 ], [ 98.154659586946167, 13.800829356464847 ] ], [ [ 98.155483404293307, 13.80327333108354 ], [ 98.155484380369174, 13.803002096444715 ], [ 98.155761916733709, 13.803003050190917 ], [ 98.155760940978524, 13.803274284849197 ], [ 98.155483404293307, 13.80327333108354 ] ] ], [ [ [ 98.158543116385744, 13.801385161173945 ], [ 98.158544088787238, 13.801113926279115 ], [ 98.158266554457001, 13.801112975802663 ], [ 98.158265581734881, 13.801384210678098 ], [ 98.158543116385744, 13.801385161173945 ] ] ], [ [ [ 98.159377663322445, 13.800845540869327 ], [ 98.159655197415958, 13.800846490072992 ], [ 98.159657139549097, 13.800304020098094 ], [ 98.159934673022335, 13.800304968949684 ], [ 98.159933702286864, 13.800576203959517 ], [ 98.160211236101659, 13.80057715251713 ], [ 98.160210265665853, 13.800848387540272 ], [ 98.160765333999535, 13.800850283754164 ], [ 98.160768243320447, 13.800036578550518 ], [ 98.161045776556847, 13.800037526129429 ], [ 98.161048684727604, 13.79922382081339 ], [ 98.161326217023174, 13.799224768020983 ], [ 98.161329124043917, 13.798411062592569 ], [ 98.161606655398657, 13.798412009428876 ], [ 98.161608592666809, 13.797869539074416 ], [ 98.161331061953163, 13.797868592276753 ], [ 98.161332030876409, 13.797597357109785 ], [ 98.161054500504207, 13.797596410018174 ], [ 98.161055469727074, 13.797325174864492 ], [ 98.160777939696345, 13.797324227478946 ], [ 98.160780848200972, 13.796510522039661 ], [ 98.160503319152738, 13.796509574398879 ], [ 98.160504288932927, 13.796238339259707 ], [ 98.161059346409331, 13.796240234189348 ], [ 98.161060315527578, 13.79596899900546 ], [ 98.160782787099407, 13.795968051716597 ], [ 98.160783756517233, 13.795696816546004 ], [ 98.161061284624907, 13.795697763815527 ], [ 98.161062253701317, 13.795426528619558 ], [ 98.161339781509426, 13.795427475556529 ], [ 98.161341718958525, 13.794885005107808 ], [ 98.161064191791382, 13.794884058209496 ], [ 98.161065160805023, 13.794612822995404 ], [ 98.161342687651711, 13.794613769874385 ], [ 98.161343656323965, 13.794342534634923 ], [ 98.161621182871102, 13.794343481181377 ], [ 98.161624087801073, 13.793529775368784 ], [ 98.161346562215272, 13.793528828880296 ], [ 98.16134753080388, 13.793257593616673 ], [ 98.1607924803359, 13.793255699738832 ], [ 98.160793449544443, 13.792984464507834 ], [ 98.160238399801003, 13.792982569416006 ], [ 98.160237429951621, 13.793253804608314 ], [ 98.160514955133294, 13.79325475233016 ], [ 98.160511076808064, 13.794339693116379 ], [ 98.160233550344643, 13.794338745317139 ], [ 98.160231610415494, 13.794881215635316 ], [ 98.159954083332067, 13.794880267484171 ], [ 98.159953113015604, 13.795151502614837 ], [ 98.159675585632655, 13.795150554131126 ], [ 98.159674614974776, 13.795421789236391 ], [ 98.159397087292305, 13.795420840420094 ], [ 98.159396116292982, 13.795692075499954 ], [ 98.159673644295935, 13.79569302433562 ], [ 98.159669761370978, 13.796777964672108 ], [ 98.159947290676911, 13.796778913271995 ], [ 98.159946320213791, 13.797050148360373 ], [ 98.160223849861197, 13.797051096666364 ], [ 98.160220939307777, 13.797864801953324 ], [ 98.16021996908141, 13.798136037036894 ], [ 98.160218028565851, 13.79867850718591 ], [ 98.159940496995191, 13.79867755876379 ], [ 98.159938555754707, 13.799220028849925 ], [ 98.159661023563842, 13.799219080075785 ], [ 98.15966005259159, 13.799490315090425 ], [ 98.160215117635431, 13.799492212364115 ], [ 98.160214147283412, 13.799763447411435 ], [ 98.159936614430421, 13.799762498911889 ], [ 98.159935643736844, 13.800033733933809 ], [ 98.159658110584218, 13.80003278510158 ], [ 98.159380577452538, 13.800031835956021 ], [ 98.159379606096806, 13.800303070933165 ], [ 98.159377663322445, 13.800845540869327 ] ], [ [ 98.159949231540281, 13.796236443077106 ], [ 98.159950201940532, 13.795965207970601 ], [ 98.160505258692183, 13.795967104114496 ], [ 98.160504288932927, 13.796238339259707 ], [ 98.159949231540281, 13.796236443077106 ] ] ], [ [ [ 98.161072912161018, 13.79244294106522 ], [ 98.161073880986365, 13.792171705796767 ], [ 98.160796357044489, 13.792170758778607 ], [ 98.160518833123533, 13.7921698114473 ], [ 98.160517863657375, 13.792441046677075 ], [ 98.16079538789873, 13.792441994027724 ], [ 98.161072912161018, 13.79244294106522 ] ] ], [ [ [ 98.16107678733691, 13.791357999955174 ], [ 98.161077756078583, 13.791086764662566 ], [ 98.161355278759828, 13.791087711290269 ], [ 98.161357215539681, 13.790545240648276 ], [ 98.161912259683447, 13.790547132887047 ], [ 98.161914195098234, 13.790004662143618 ], [ 98.16219171656077, 13.790005607754727 ], [ 98.162192683916473, 13.789734372354646 ], [ 98.161637641653002, 13.789732480857966 ], [ 98.161638609628483, 13.789461245490475 ], [ 98.161361088848423, 13.789460299291825 ], [ 98.161362057123341, 13.78918906393762 ], [ 98.161084536684527, 13.789188117445216 ], [ 98.161085505258853, 13.788916882104299 ], [ 98.161363025377341, 13.788917828577372 ], [ 98.161366898184184, 13.787832887076005 ], [ 98.160811860530558, 13.787830993971449 ], [ 98.160812829320562, 13.787559758619679 ], [ 98.161090347816625, 13.787560705309142 ], [ 98.161091316265427, 13.787289469931995 ], [ 98.160813798089649, 13.787288523261866 ], [ 98.160814766837802, 13.787017287898021 ], [ 98.160537249003212, 13.787016340934201 ], [ 98.160539187077276, 13.786473870227077 ], [ 98.160261669904145, 13.786472922988933 ], [ 98.160262639230027, 13.786201687645663 ], [ 98.159985122398083, 13.786200740113863 ], [ 98.15998609202326, 13.785929504783907 ], [ 98.159431059062726, 13.785927608820023 ], [ 98.159432029307425, 13.785656373522761 ], [ 98.159709545456991, 13.785657321641832 ], [ 98.15971051536053, 13.785386086319164 ], [ 98.160265547082034, 13.785387981579627 ], [ 98.160267485545347, 13.784845510838753 ], [ 98.159989970314555, 13.78484456340372 ], [ 98.159992878813114, 13.784030857305197 ], [ 98.15971536456388, 13.784029909615271 ], [ 98.159716334341695, 13.783758674256383 ], [ 98.159993848270744, 13.783759621926947 ], [ 98.159994817707414, 13.783488386542667 ], [ 98.159717304098564, 13.783487438891459 ], [ 98.159721182916499, 13.7824024973714 ], [ 98.159166158322961, 13.782400601285131 ], [ 98.159167128615366, 13.782129365928766 ], [ 98.159444640581498, 13.782130314108986 ], [ 98.159445610532799, 13.781859078727212 ], [ 98.159168098886795, 13.781858130566363 ], [ 98.159171009575317, 13.78104442444295 ], [ 98.158338477644264, 13.781041578257465 ], [ 98.158339448792162, 13.780770342929076 ], [ 98.158894469418343, 13.780772240660172 ], [ 98.158895439905066, 13.780501005286972 ], [ 98.158617929901595, 13.780500056597248 ], [ 98.158620842196214, 13.779686350499594 ], [ 98.158065824172752, 13.779684452297907 ], [ 98.158066795535831, 13.779413216958739 ], [ 98.157789286875669, 13.779412267408025 ], [ 98.157790258537815, 13.779141032082229 ], [ 98.157512750218714, 13.779140082238083 ], [ 98.157513722179942, 13.778868846925663 ], [ 98.156958706244893, 13.7788669463377 ], [ 98.156957733643551, 13.779138181611282 ], [ 98.15668022538749, 13.779137230828626 ], [ 98.156679252445059, 13.779408466076749 ], [ 98.156401743889958, 13.779407514961818 ], [ 98.15640369039393, 13.778865044498424 ], [ 98.156126182499989, 13.778864093109538 ], [ 98.156127156040483, 13.77859285788823 ], [ 98.155017125955411, 13.778589049282241 ], [ 98.155018100755072, 13.778317814132729 ], [ 98.154740593606505, 13.778316861218649 ], [ 98.154743518839155, 13.77750315579233 ], [ 98.155021025027608, 13.777504108647989 ], [ 98.155021999742999, 13.777232873474338 ], [ 98.154466988027195, 13.777230967489182 ], [ 98.15446796336154, 13.77695973234845 ], [ 98.154190457855265, 13.776958778906172 ], [ 98.154187530828921, 13.7777724842518 ], [ 98.153910024383677, 13.77777153043826 ], [ 98.153909048346023, 13.77804276552191 ], [ 98.15446406189767, 13.77804467287516 ], [ 98.154463086478998, 13.778315907991754 ], [ 98.15363056522304, 13.778313046434178 ], [ 98.153353058179917, 13.778312091956019 ], [ 98.153351104718922, 13.778854562015129 ], [ 98.153073597056789, 13.778853607185134 ], [ 98.15307261997458, 13.779124842186119 ], [ 98.15390514398446, 13.779127705796142 ], [ 98.153903191677102, 13.779670175897051 ], [ 98.15418070036273, 13.779671129847047 ], [ 98.15417972449751, 13.779942364907939 ], [ 98.154457233524312, 13.779943318564571 ], [ 98.154455282370762, 13.780485788707228 ], [ 98.154732792058837, 13.780486742089968 ], [ 98.154734742572202, 13.77994427190835 ], [ 98.155289760731193, 13.779946177657344 ], [ 98.155288786125226, 13.780217412790114 ], [ 98.155843805008644, 13.780219317326605 ], [ 98.155842831021815, 13.780490552492253 ], [ 98.156120340815193, 13.780491504310659 ], [ 98.156119367127417, 13.78076273948972 ], [ 98.156396877261955, 13.780763691014698 ], [ 98.156397850629617, 13.780492455816194 ], [ 98.156675360465073, 13.780493407008862 ], [ 98.15667438741751, 13.780764642226805 ], [ 98.156951897594084, 13.780765593126034 ], [ 98.156948979285602, 13.781579298801937 ], [ 98.157226490443563, 13.781580249446563 ], [ 98.157223572906304, 13.782393955126411 ], [ 98.157501085045709, 13.782394905516396 ], [ 98.15750011281142, 13.782666140750356 ], [ 98.157222600351872, 13.782665190340955 ], [ 98.157221627776408, 13.782936425549462 ], [ 98.157499140556112, 13.782937375978282 ], [ 98.157497195982501, 13.783479846416022 ], [ 98.158052222885615, 13.783481746412512 ], [ 98.158050279508714, 13.78402421690374 ], [ 98.158327793632125, 13.784025166471373 ], [ 98.158326822232382, 13.784296401727332 ], [ 98.158049307788772, 13.784295452140299 ], [ 98.158048336047827, 13.78456668737082 ], [ 98.157770821305022, 13.784565737451425 ], [ 98.157769849222873, 13.784836972656505 ], [ 98.158047364285906, 13.784837922595301 ], [ 98.158045420699068, 13.785380393026163 ], [ 98.157767904995609, 13.785379443048553 ], [ 98.157766932850464, 13.785650678235521 ], [ 98.158321964918855, 13.78565257791656 ], [ 98.15832099339319, 13.785923813136293 ], [ 98.158043477028272, 13.785922863432871 ], [ 98.158042505161362, 13.78619409862717 ], [ 98.157764988497192, 13.786193148591346 ], [ 98.157763044059905, 13.786735618923023 ], [ 98.158595596036946, 13.786738468207878 ], [ 98.158594624747593, 13.787009703422857 ], [ 98.158872142435513, 13.787010652577827 ], [ 98.158871171445455, 13.787281887806152 ], [ 98.159148689474605, 13.787282836667481 ], [ 98.159146748072132, 13.787825307144782 ], [ 98.159424266762827, 13.787826255731828 ], [ 98.159421355462754, 13.788639961460607 ], [ 98.159698875135305, 13.788640909792717 ], [ 98.15969693480443, 13.789183380287112 ], [ 98.159974455138567, 13.789184328344881 ], [ 98.159972515364529, 13.789726798853843 ], [ 98.160250036360281, 13.789727746637247 ], [ 98.160247127503169, 13.790541452413464 ], [ 98.160524649480905, 13.790542399941826 ], [ 98.160523680140344, 13.790813635207837 ], [ 98.160801202459382, 13.790814582442435 ], [ 98.160800233418257, 13.791085817721747 ], [ 98.160522710778849, 13.791084870467808 ], [ 98.160521741396437, 13.791356105721738 ], [ 98.16107678733691, 13.791357999955174 ] ], [ [ 98.161636673656602, 13.79000371621942 ], [ 98.161359152235875, 13.790002769982127 ], [ 98.16135818389823, 13.790274005318221 ], [ 98.16108066217808, 13.790273058748506 ], [ 98.161082599473133, 13.789730588108938 ], [ 98.161637641653002, 13.789732480857966 ], [ 98.161636673656602, 13.79000371621942 ] ], [ [ 98.158064852788698, 13.779955687631038 ], [ 98.157787343488366, 13.779954738041516 ], [ 98.157788315192519, 13.779683502727787 ], [ 98.158065824172752, 13.779684452297907 ], [ 98.158064852788698, 13.779955687631038 ] ], [ [ 98.159981243687866, 13.787285681373303 ], [ 98.159980273957956, 13.787556916673074 ], [ 98.159702755545624, 13.787555968731468 ], [ 98.159704695625067, 13.787013498164617 ], [ 98.160259731189555, 13.787015393657363 ], [ 98.160258761800861, 13.787286628982519 ], [ 98.159981243687866, 13.787285681373303 ] ], [ [ 98.157232324950712, 13.779952837923902 ], [ 98.157233297295036, 13.779681602649006 ], [ 98.157510806233276, 13.779682552844822 ], [ 98.157509834209037, 13.779953788139137 ], [ 98.157232324950712, 13.779952837923902 ] ] ], [ [ [ 98.155301454360057, 13.776691355593391 ], [ 98.155300480006815, 13.776962590798577 ], [ 98.155577985597361, 13.776963542989721 ], [ 98.155577011543073, 13.777234778208332 ], [ 98.156132023427361, 13.777236681691166 ], [ 98.156133970234833, 13.776694211170103 ], [ 98.156411475568518, 13.776695162403449 ], [ 98.156412448620699, 13.776423927114424 ], [ 98.156689953655416, 13.776424878015559 ], [ 98.156688980923235, 13.77669611332402 ], [ 98.157799002552267, 13.776699913878515 ], [ 98.157800945435625, 13.776157443100209 ], [ 98.158078450255388, 13.776158392418077 ], [ 98.158081363462998, 13.775344686147152 ], [ 98.158358867343821, 13.775345635094064 ], [ 98.158360808737356, 13.774803164177822 ], [ 98.158638311999212, 13.774804112773213 ], [ 98.158640252668917, 13.774261641794054 ], [ 98.158362750046948, 13.774260693237448 ], [ 98.158365661853992, 13.773446986781643 ], [ 98.15864316351616, 13.77344793528008 ], [ 98.158644133756624, 13.773176699763358 ], [ 98.158366632414371, 13.773175751284311 ], [ 98.158369543969627, 13.772362044756116 ], [ 98.15809204360805, 13.772361096022566 ], [ 98.158093985179761, 13.771818625012402 ], [ 98.156151487715306, 13.771811975394513 ], [ 98.156150514700769, 13.772083210766658 ], [ 98.156428014595377, 13.7720841616695 ], [ 98.156426069142967, 13.772626632434573 ], [ 98.155871068095209, 13.772624730238439 ], [ 98.155870094697661, 13.772895965573039 ], [ 98.156147595530925, 13.772896916846893 ], [ 98.156146622432232, 13.773168152194907 ], [ 98.156424123606442, 13.773169103175517 ], [ 98.156423150806631, 13.77344033853694 ], [ 98.156145649312506, 13.773439387536891 ], [ 98.156144676171735, 13.773710622872841 ], [ 98.155867174378727, 13.773709671540642 ], [ 98.155868147839413, 13.77343843622414 ], [ 98.155590646387367, 13.77343748459869 ], [ 98.15558869880509, 13.773979955186752 ], [ 98.155866200896995, 13.77398090685111 ], [ 98.155865227394216, 13.774252142155547 ], [ 98.155032720221854, 13.774249286165945 ], [ 98.15503077123347, 13.774791756639956 ], [ 98.154753268244903, 13.774790803979034 ], [ 98.154752293399156, 13.775062039187514 ], [ 98.154474790111706, 13.775061086194381 ], [ 98.154473814924913, 13.775332321377352 ], [ 98.154751318532348, 13.775333274389963 ], [ 98.15474936873548, 13.775875744776759 ], [ 98.154471864488116, 13.775874791725185 ], [ 98.154468938674796, 13.776688497201684 ], [ 98.155301454360057, 13.776691355593391 ] ], [ [ 98.156134943607015, 13.77642297590052 ], [ 98.15613689028828, 13.775880505343251 ], [ 98.156414394661965, 13.775881456518272 ], [ 98.156412448620699, 13.776423927114424 ], [ 98.156134943607015, 13.77642297590052 ] ], [ [ 98.156968431102314, 13.776154593269998 ], [ 98.156969403472459, 13.77588335793004 ], [ 98.15752441236701, 13.775885258090772 ], [ 98.157523440636851, 13.776156493469569 ], [ 98.156968431102314, 13.776154593269998 ] ], [ [ 98.156420232281022, 13.774254044585014 ], [ 98.156421205143914, 13.773982809241691 ], [ 98.156698707298929, 13.773983759967907 ], [ 98.15669773475598, 13.774254995330667 ], [ 98.156420232281022, 13.774254044585014 ] ] ], [ [ [ 98.146707658956316, 13.774220571474029 ], [ 98.146430157242833, 13.774219609470506 ], [ 98.146429172840925, 13.77449084410388 ], [ 98.146151670828772, 13.774489881767973 ], [ 98.146150686085633, 13.774761116375641 ], [ 98.145873183774825, 13.774760153707328 ], [ 98.145871213584797, 13.775302622865206 ], [ 98.145593710655362, 13.775301659844798 ], [ 98.145592725208431, 13.775572894394999 ], [ 98.145870228457838, 13.775573857435091 ], [ 98.145869243309591, 13.775845091998942 ], [ 98.146146746900271, 13.775846054745966 ], [ 98.146145762050708, 13.77611728932346 ], [ 98.145868258140041, 13.77611632655676 ], [ 98.145867272949204, 13.776387561108541 ], [ 98.145589768739853, 13.776386598009392 ], [ 98.145588783207728, 13.776657832535451 ], [ 98.146143792287717, 13.776659758460342 ], [ 98.146144777179856, 13.776388523894919 ], [ 98.146977289999512, 13.77639141037745 ], [ 98.146979257799998, 13.775848941110507 ], [ 98.147256761475788, 13.77584990260651 ], [ 98.147258728551265, 13.775307433276121 ], [ 98.14753623160837, 13.775308394420076 ], [ 98.147537214794255, 13.775037159726182 ], [ 98.147814717552649, 13.775038120537754 ], [ 98.147815700397331, 13.774766885818188 ], [ 98.147538197958895, 13.774765925026257 ], [ 98.147539181102275, 13.774494690320292 ], [ 98.146984176929081, 13.774492767837533 ], [ 98.146986144431835, 13.773950298486099 ], [ 98.146708643017007, 13.773949336814953 ], [ 98.146707658956316, 13.774220571474029 ] ], [ [ 98.146423265982662, 13.776118251777401 ], [ 98.14642425051224, 13.775847017180235 ], [ 98.146701754145482, 13.775847979301748 ], [ 98.14670076993589, 13.776119213918578 ], [ 98.146423265982662, 13.776118251777401 ] ] ], [ [ [ 98.143941527351728, 13.771769826990111 ], [ 98.14394054026242, 13.772041061500525 ], [ 98.144218039224882, 13.77204202616071 ], [ 98.144219025994303, 13.771770791630574 ], [ 98.143941527351728, 13.771769826990111 ] ] ], [ [ [ 98.139203206120939, 13.777449296655421 ], [ 98.139202213143093, 13.777720530702821 ], [ 98.139479718460805, 13.777721501094749 ], [ 98.139480711118637, 13.777450267027517 ], [ 98.139203206120939, 13.777449296655421 ] ] ], [ [ [ 98.13836671537608, 13.778531319577644 ], [ 98.138365721352216, 13.778802553541359 ], [ 98.137810708349747, 13.778800609783453 ], [ 98.137809713664296, 13.779071843701407 ], [ 98.136977193361645, 13.779068925658752 ], [ 98.136976197694537, 13.779340159511046 ], [ 98.138086226087978, 13.779344049688426 ], [ 98.138087220474844, 13.77907281575664 ], [ 98.138642234160415, 13.779074758928612 ], [ 98.138644221589502, 13.778532290967512 ], [ 98.13836671537608, 13.778531319577644 ] ] ], [ [ [ 98.137811703013682, 13.778529375859456 ], [ 98.137534196864735, 13.778528403531137 ], [ 98.137533201880743, 13.778799637435265 ], [ 98.137810708349747, 13.778800609783453 ], [ 98.137811703013682, 13.778529375859456 ] ] ], [ [ [ 98.137537181687705, 13.777714701782532 ], [ 98.137259676520372, 13.777713729201029 ], [ 98.137257686019822, 13.778256196999717 ], [ 98.137535191827226, 13.778257169620973 ], [ 98.137537181687705, 13.777714701782532 ] ] ], [ [ [ 98.137260671738375, 13.777442495292631 ], [ 98.136983166912557, 13.777441522418213 ], [ 98.136982171374527, 13.777712756306732 ], [ 98.137259676520372, 13.777713729201029 ], [ 98.137260671738375, 13.777442495292631 ] ] ], [ [ [ 98.136984162429073, 13.777170288523658 ], [ 98.136706657944771, 13.777169315356346 ], [ 98.136705662108255, 13.777440549231009 ], [ 98.136983166912557, 13.777441522418213 ], [ 98.136984162429073, 13.777170288523658 ] ] ], [ [ [ 98.134727183955576, 13.78719813860994 ], [ 98.135004700134118, 13.787199114704324 ], [ 98.135006697178554, 13.786656647622738 ], [ 98.134729181640523, 13.786655671568226 ], [ 98.134727183955576, 13.78719813860994 ] ] ], [ [ [ 98.134722189365633, 13.788554306108498 ], [ 98.134999707145596, 13.788555282302559 ], [ 98.135002703003423, 13.787741581761741 ], [ 98.134725186184326, 13.787740605627487 ], [ 98.134722189365633, 13.788554306108498 ] ] ], [ [ [ 98.134717194236273, 13.789910473455997 ], [ 98.134994713617829, 13.789911449749743 ], [ 98.134995712366518, 13.789640216272391 ], [ 98.134718193305289, 13.789639239998582 ], [ 98.134717194236273, 13.789910473455997 ] ] ], [ [ [ 98.134713197744404, 13.790995407225234 ], [ 98.135268239091857, 13.790997359659103 ], [ 98.135269237606479, 13.790726126185994 ], [ 98.134991717242329, 13.790725150145542 ], [ 98.13499271605572, 13.790453916686317 ], [ 98.134715196033497, 13.790452940352701 ], [ 98.134713197744404, 13.790995407225234 ] ] ], [ [ [ 98.134705203724948, 13.793165274473626 ], [ 98.134982726951009, 13.793166251006605 ], [ 98.134983725958548, 13.79289501760177 ], [ 98.1347062030529, 13.792894041088728 ], [ 98.134705203724948, 13.793165274473626 ] ] ], [ [ [ 98.144616960848168, 13.814898940669982 ], [ 98.144615971327127, 13.815170174278782 ], [ 98.144893521302251, 13.815171141134321 ], [ 98.144894510502311, 13.814899907505817 ], [ 98.144616960848168, 13.814898940669982 ] ] ], [ [ [ 98.144340401036033, 13.814626739925345 ], [ 98.144617950347865, 13.814627707055132 ], [ 98.14462190813326, 13.813542772535227 ], [ 98.144899456182614, 13.813543739272511 ], [ 98.144900445254677, 13.813272505607696 ], [ 98.145177993004424, 13.813273472011632 ], [ 98.145179970442712, 13.812731004624446 ], [ 98.144902423334827, 13.812730038259916 ], [ 98.144901434305424, 13.813001271936832 ], [ 98.144623886897946, 13.813000305238969 ], [ 98.144622897526261, 13.813271538890124 ], [ 98.144067802133478, 13.813269604514069 ], [ 98.144068792146996, 13.812998370902356 ], [ 98.144346339511799, 13.812999338227479 ], [ 98.144347329183049, 13.812728104589986 ], [ 98.143237141135685, 13.812724233486648 ], [ 98.143240113872281, 13.811910532774666 ], [ 98.142685021902267, 13.81190859545976 ], [ 98.142681055643422, 13.812993529572296 ], [ 98.142403508406829, 13.812992560365394 ], [ 98.142400532525343, 13.813806260826981 ], [ 98.142122984347338, 13.813805291247151 ], [ 98.142120999677473, 13.814347758151747 ], [ 98.142398548497383, 13.814348727771115 ], [ 98.142397556451314, 13.814619961234104 ], [ 98.142120007310439, 13.814618991594971 ], [ 98.142117030080925, 13.815432691888331 ], [ 98.142394580184728, 13.815433661586768 ], [ 98.142949680456496, 13.81543560004258 ], [ 98.142953646201363, 13.814350666068863 ], [ 98.143231195085434, 13.814351634747247 ], [ 98.143232186147245, 13.814080401218941 ], [ 98.143787283337559, 13.814082337595245 ], [ 98.143784312013821, 13.814896038280439 ], [ 98.144061861603916, 13.814897006057295 ], [ 98.144060871440928, 13.815168239626656 ], [ 98.144338421373348, 13.815169207109559 ], [ 98.144340401036033, 13.814626739925345 ] ], [ [ 98.142678080724735, 13.813807230093165 ], [ 98.142679072385675, 13.813535996592261 ], [ 98.142956620285531, 13.813536965525037 ], [ 98.142955628945515, 13.813808199045699 ], [ 98.142678080724735, 13.813807230093165 ] ] ], [ [ [ 98.143243086416518, 13.81109683200823 ], [ 98.143242095589812, 13.811368065603094 ], [ 98.14351964096511, 13.811369033750658 ], [ 98.143520631470935, 13.811097800136052 ], [ 98.143243086416518, 13.81109683200823 ] ] ], [ [ [ 98.143246058768426, 13.810283131187347 ], [ 98.142690970648943, 13.810281194109457 ], [ 98.142689979244622, 13.810552427682968 ], [ 98.141857346263194, 13.81054951965509 ], [ 98.1418563538749, 13.810820753163249 ], [ 98.141301264685907, 13.81081881287057 ], [ 98.141303250724562, 13.810276345927335 ], [ 98.1407481629047, 13.810274404459534 ], [ 98.140747169254368, 13.810545637894585 ], [ 98.140469625055715, 13.810544666670532 ], [ 98.140468631063086, 13.810815900079728 ], [ 98.140191086565025, 13.810814928522291 ], [ 98.140190092230071, 13.811086161905624 ], [ 98.141577816539126, 13.811091016656027 ], [ 98.141576823787119, 13.811362250132307 ], [ 98.142687004903365, 13.811366128367194 ], [ 98.142687996371833, 13.811094894811834 ], [ 98.143243086416518, 13.81109683200823 ], [ 98.143246058768426, 13.810283131187347 ] ] ], [ [ [ 98.154605827826245, 13.815747252068718 ], [ 98.154606805834149, 13.815476017766485 ], [ 98.154884356893845, 13.815476973348909 ], [ 98.15488533455968, 13.815205739021147 ], [ 98.154330233103366, 13.81520382758158 ], [ 98.154328276466643, 13.815746296153119 ], [ 98.154605827826245, 13.815747252068718 ] ] ], [ [ [ 98.154326319745536, 13.816288764700461 ], [ 98.154325341353328, 13.816559998965058 ], [ 98.154880446019675, 13.816561910599455 ], [ 98.154881423769837, 13.816290676295893 ], [ 98.154326319745536, 13.816288764700461 ] ] ], [ [ [ 98.148799897564629, 13.809488730925517 ], [ 98.148522354030632, 13.809487768873549 ], [ 98.148521369428124, 13.809759002878696 ], [ 98.147688737991061, 13.809756114782596 ], [ 98.147687752404764, 13.810027348722798 ], [ 98.148797928980059, 13.810031198969002 ], [ 98.148799897564629, 13.809488730925517 ] ] ], [ [ [ 98.154353706162127, 13.808694202835813 ], [ 98.154354683942557, 13.808422968395808 ], [ 98.154632226637702, 13.808423923785291 ], [ 98.154633204076219, 13.808152689319753 ], [ 98.153800577016582, 13.808149822269202 ], [ 98.15379959861562, 13.808421056676265 ], [ 98.153522055983785, 13.808420100346204 ], [ 98.15352107724091, 13.808691334727715 ], [ 98.154076163167289, 13.808693247113311 ], [ 98.154075185044945, 13.808964481527779 ], [ 98.154630271697371, 13.808966392698226 ], [ 98.154631249178081, 13.808695158244779 ], [ 98.154353706162127, 13.808694202835813 ] ] ], [ [ [ 98.153271918581794, 13.800824579111806 ], [ 98.15327289703302, 13.800553344574483 ], [ 98.152995363744097, 13.800552388183352 ], [ 98.152994384972246, 13.800823622701161 ], [ 98.153271918581794, 13.800824579111806 ] ] ], [ [ [ 98.144118265602373, 13.799436682604483 ], [ 98.144119254527126, 13.799165448684334 ], [ 98.143564192578069, 13.799163515105763 ], [ 98.143563203012164, 13.799434748986451 ], [ 98.143840734296603, 13.799435715952121 ], [ 98.143839745029922, 13.799706949846506 ], [ 98.144394808304, 13.799708882877363 ], [ 98.144395796929501, 13.799437648943536 ], [ 98.144118265602373, 13.799436682604483 ] ] ], [ [ [ 98.144395796929501, 13.799437648943536 ], [ 98.144950859647764, 13.799439580681709 ], [ 98.14495184761077, 13.799168346702416 ], [ 98.144396785533672, 13.799166415003668 ], [ 98.144395796929501, 13.799437648943536 ] ] ], [ [ [ 98.152726641357475, 13.798110320722323 ], [ 98.153004171740065, 13.798111277251092 ], [ 98.153005150300658, 13.797840042672846 ], [ 98.152450090197732, 13.797838129341073 ], [ 98.152449110996031, 13.798109363880268 ], [ 98.152171580655718, 13.798108406724937 ], [ 98.152167662355325, 13.799193344743147 ], [ 98.152445193977897, 13.799194301976621 ], [ 98.152446173264124, 13.798923067461597 ], [ 98.15272370458726, 13.798924024362234 ], [ 98.152726641357475, 13.798110320722323 ] ] ], [ [ [ 98.153560210488095, 13.797841954751517 ], [ 98.15356118838649, 13.797570720128203 ], [ 98.153006128840147, 13.797568808088558 ], [ 98.153005150300658, 13.797840042672846 ], [ 98.153560210488095, 13.797841954751517 ] ] ], [ [ [ 98.154116248017289, 13.797572630914772 ], [ 98.154117225253515, 13.797301396246418 ], [ 98.153562166263782, 13.797299485498849 ], [ 98.15356118838649, 13.797570720128203 ], [ 98.154116248017289, 13.797572630914772 ] ] ], [ [ [ 98.154394754780029, 13.797302351150307 ], [ 98.154395731674626, 13.797031116456418 ], [ 98.154118202468638, 13.797030161572019 ], [ 98.154117225253515, 13.797301396246418 ], [ 98.154394754780029, 13.797302351150307 ] ] ], [ [ [ 98.154673260901703, 13.797032071027562 ], [ 98.154674237454685, 13.796760836308152 ], [ 98.154396708548134, 13.796759881756492 ], [ 98.154395731674626, 13.797031116456418 ], [ 98.154673260901703, 13.797032071027562 ] ] ], [ [ [ 98.149406104738958, 13.795386474429565 ], [ 98.149410034673906, 13.794301536855738 ], [ 98.149687560315471, 13.794302496869506 ], [ 98.149688542425721, 13.794031262441349 ], [ 98.150521118516266, 13.794034140544744 ], [ 98.150523080750546, 13.793491671552788 ], [ 98.150800605515556, 13.793492630255072 ], [ 98.150801586280494, 13.793221395730459 ], [ 98.150246537412499, 13.793219478051871 ], [ 98.150245556006723, 13.793490712537331 ], [ 98.149412981902401, 13.793487833611929 ], [ 98.149413964269471, 13.793216599185241 ], [ 98.148858915613474, 13.793214678374996 ], [ 98.148854000361609, 13.79457085025194 ], [ 98.149131526281181, 13.794571810911698 ], [ 98.14912759497949, 13.795656748382937 ], [ 98.149126612101028, 13.795927982735639 ], [ 98.149681667208611, 13.795929903311581 ], [ 98.149682649446092, 13.795658668919673 ], [ 98.149960176711204, 13.795659628718205 ], [ 98.149961158607013, 13.795388394300666 ], [ 98.149406104738958, 13.795386474429565 ] ] ], [ [ [ 98.151356635233199, 13.793223312156389 ], [ 98.151357615336124, 13.792952077586607 ], [ 98.151080091169604, 13.792951119549786 ], [ 98.151079110746267, 13.793222354100008 ], [ 98.151356635233199, 13.793223312156389 ] ] ], [ [ [ 98.152189208820971, 13.793226184446533 ], [ 98.152188229658179, 13.793497419068911 ], [ 98.15191070478734, 13.793496461932488 ], [ 98.151909725282962, 13.793767696529283 ], [ 98.151632200112843, 13.793766739060144 ], [ 98.151631220266879, 13.794037973631353 ], [ 98.152186271269144, 13.794039888295545 ], [ 98.15218529204293, 13.794311122899797 ], [ 98.152462817896236, 13.794312079781651 ], [ 98.152461838969316, 13.7945833143994 ], [ 98.152184312795555, 13.794582357498014 ], [ 98.152183333527049, 13.794853592090185 ], [ 98.153293439630716, 13.794857417894638 ], [ 98.153570966209443, 13.794858373562738 ], [ 98.15357292152072, 13.794315904177139 ], [ 98.153295395582916, 13.794314948548056 ], [ 98.153017869666229, 13.794313992605781 ], [ 98.153019826174855, 13.793771523274067 ], [ 98.153297351450661, 13.79377247917731 ], [ 98.153298329352864, 13.793501244482876 ], [ 98.152743279463266, 13.79349933240224 ], [ 98.152744257985191, 13.793228097740799 ], [ 98.152466733392515, 13.793227141250251 ], [ 98.152467712213749, 13.792955906602293 ], [ 98.152745236486012, 13.792956863073316 ], [ 98.152746214965703, 13.792685628399795 ], [ 98.152468691013837, 13.792684671948299 ], [ 98.152470648550633, 13.792142202622188 ], [ 98.152748171861674, 13.792143159034627 ], [ 98.152750128673148, 13.7916006896453 ], [ 98.152472606002888, 13.79159973327191 ], [ 98.152474563370589, 13.791057263897477 ], [ 98.153029607450719, 13.791059176253023 ], [ 98.153030585462147, 13.790787941517696 ], [ 98.152198020334737, 13.790785072573284 ], [ 98.152190187962617, 13.792954949818112 ], [ 98.151912663732631, 13.792953992720772 ], [ 98.151911684270559, 13.793225227329652 ], [ 98.152189208820971, 13.793226184446533 ] ] ], [ [ [ 98.151353694797464, 13.794037015829476 ], [ 98.151352714609899, 13.794308250375092 ], [ 98.151630240399754, 13.794309208196522 ], [ 98.151631220266879, 13.794037973631353 ], [ 98.151353694797464, 13.794037015829476 ] ] ], [ [ [ 98.154125042383839, 13.795131518682055 ], [ 98.154126019430208, 13.794860283959322 ], [ 98.153848492809274, 13.794859328917633 ], [ 98.15384751544245, 13.795130563620871 ], [ 98.154125042383839, 13.795131518682055 ] ] ], [ [ [ 98.154668377820514, 13.79838824453399 ], [ 98.154666424440464, 13.798930713894263 ], [ 98.154943955932438, 13.798931668288491 ], [ 98.154945908671365, 13.798389198889264 ], [ 98.154668377820514, 13.79838824453399 ] ] ], [ [ [ 98.14051234645774, 13.79888162435317 ], [ 98.140789876865682, 13.798882594725637 ], [ 98.140790869594483, 13.798611361030538 ], [ 98.140513339507095, 13.798610390677871 ], [ 98.14051234645774, 13.79888162435317 ] ] ], [ [ [ 98.137183977006984, 13.798327488566125 ], [ 98.137182980132408, 13.798598722009327 ], [ 98.137460509962125, 13.798599696121459 ], [ 98.137462503048638, 13.798057229189249 ], [ 98.13718497386003, 13.798056255116876 ], [ 98.137183977006984, 13.798327488566125 ] ] ], [ [ [ 98.139411173252157, 13.796436637148538 ], [ 98.138578591068864, 13.796433720927528 ], [ 98.138576600804541, 13.796976188091193 ], [ 98.139131656853962, 13.796978132631148 ], [ 98.139132651355851, 13.796706899012651 ], [ 98.139410179092252, 13.796707870792916 ], [ 98.139411173252157, 13.796436637148538 ] ] ], [ [ [ 98.142184466659373, 13.796988805203455 ], [ 98.142185457635591, 13.79671757136712 ], [ 98.141907929684876, 13.796716602719304 ], [ 98.141906938388132, 13.796987836535864 ], [ 98.142184466659373, 13.796988805203455 ] ] ], [ [ [ 98.142463976242027, 13.796447305839555 ], [ 98.142464966854988, 13.796176071971368 ], [ 98.14302002158135, 13.796178007621757 ], [ 98.143021011531914, 13.795906773708015 ], [ 98.142743484478544, 13.79590580605919 ], [ 98.142744474728232, 13.795634572159161 ], [ 98.142466948016718, 13.795633604216864 ], [ 98.142465957446547, 13.795904838097139 ], [ 98.142188430435937, 13.79590386982186 ], [ 98.142186448590436, 13.796446337524747 ], [ 98.142463976242027, 13.796447305839555 ] ] ], [ [ [ 98.135523794070238, 13.796965470724054 ], [ 98.135521796668499, 13.797507937426046 ], [ 98.135799325086822, 13.797508913338234 ], [ 98.135800323477952, 13.797237679970346 ], [ 98.135801321847538, 13.796966446596405 ], [ 98.135523794070238, 13.796965470724054 ] ] ], [ [ [ 98.13830006827547, 13.796703981792383 ], [ 98.138301063717392, 13.796432748227383 ], [ 98.138023536387408, 13.796431775214 ], [ 98.138022540624974, 13.796703008759138 ], [ 98.13830006827547, 13.796703981792383 ] ] ], [ [ [ 98.141364775430688, 13.793459858688498 ], [ 98.141366758728083, 13.792917390971317 ], [ 98.141089235328039, 13.792916421660822 ], [ 98.141087251389806, 13.793458889338423 ], [ 98.141364775430688, 13.793459858688498 ] ] ], [ [ [ 98.142756356056992, 13.792379764887404 ], [ 98.142755366063838, 13.792650998859949 ], [ 98.143032889271822, 13.792651966271755 ], [ 98.143033878944578, 13.792380732279456 ], [ 98.142756356056992, 13.792379764887404 ] ] ], [ [ [ 98.141638333922998, 13.794545763166379 ], [ 98.141637342476983, 13.794816997011518 ], [ 98.141359816812482, 13.794816027875695 ], [ 98.141362792047644, 13.794002326381506 ], [ 98.141085267365909, 13.794001356991853 ], [ 98.141084275321816, 13.794272590809504 ], [ 98.140806750341056, 13.794271621086869 ], [ 98.140805757955093, 13.79454285487868 ], [ 98.141083283256322, 13.794543824621105 ], [ 98.141081299061042, 13.795086292226189 ], [ 98.141358825024597, 13.795087261695002 ], [ 98.141357833215309, 13.795358495508264 ], [ 98.141912885847617, 13.795360433545833 ], [ 98.141911894657852, 13.795631667392618 ], [ 98.142466948016718, 13.795633604216864 ], [ 98.142469919598938, 13.794819902539782 ], [ 98.141914868162914, 13.79481796583414 ], [ 98.14191585928846, 13.794546731969227 ], [ 98.141638333922998, 13.794545763166379 ] ] ], [ [ [ 98.155519505072959, 13.793237645422115 ], [ 98.155518529755312, 13.79350888027848 ], [ 98.155796054900463, 13.79350983334365 ], [ 98.155797029897684, 13.793238598467827 ], [ 98.155519505072959, 13.793237645422115 ] ] ], [ [ [ 98.155244907057153, 13.792422987516295 ], [ 98.155522430899566, 13.792423940816782 ], [ 98.155523406132971, 13.792152705936255 ], [ 98.155245882610956, 13.792151752655229 ], [ 98.155244907057153, 13.792422987516295 ] ] ], [ [ [ 98.155521455645101, 13.792695175691266 ], [ 98.156076504033905, 13.792697081391704 ], [ 98.15607747864756, 13.792425846478315 ], [ 98.155522430899566, 13.792423940816782 ], [ 98.155521455645101, 13.792695175691266 ] ] ], [ [ [ 98.147756692108217, 13.791040958307294 ], [ 98.147757676206567, 13.790769723943956 ], [ 98.146925112287377, 13.790766837152388 ], [ 98.146924127227933, 13.791038071456784 ], [ 98.14720164883343, 13.7910390340534 ], [ 98.147200664073083, 13.791310268371406 ], [ 98.147478186020209, 13.791311230674561 ], [ 98.147477201558971, 13.791582465006174 ], [ 98.147754723847754, 13.791583427015851 ], [ 98.147753739685641, 13.791854661361066 ], [ 98.14830878496771, 13.791856584480302 ], [ 98.148309768489057, 13.791585350095819 ], [ 98.148310751989158, 13.791314115705294 ], [ 98.148033229978253, 13.791313154341504 ], [ 98.148034213777493, 13.79104191996457 ], [ 98.147756692108217, 13.791040958307294 ] ] ], [ [ [ 98.147207556948956, 13.789411628018494 ], [ 98.147208541560445, 13.789140393658199 ], [ 98.146931022197336, 13.789139431199169 ], [ 98.146930037265534, 13.789410665539807 ], [ 98.147207556948956, 13.789411628018494 ] ] ], [ [ [ 98.148598104650844, 13.78860273232227 ], [ 98.1488756235008, 13.788603692863655 ], [ 98.148876606126692, 13.788332458367448 ], [ 98.14859908759702, 13.788331497845679 ], [ 98.148598104650844, 13.78860273232227 ] ] ], [ [ [ 98.135270236099529, 13.790454892706837 ], [ 98.135269237606479, 13.790726126185994 ], [ 98.135824278399483, 13.790728077327588 ], [ 98.135825276251822, 13.790456843808592 ], [ 98.135547756164897, 13.790455868414263 ], [ 98.135270236099529, 13.790454892706837 ] ] ], [ [ [ 98.135277224947131, 13.788556258183574 ], [ 98.135275228241341, 13.789098725220432 ], [ 98.135552746705059, 13.789099700828238 ], [ 98.135550750553662, 13.789642167880778 ], [ 98.135828269679564, 13.789643143215358 ], [ 98.135829267445715, 13.789371909672191 ], [ 98.135831262913371, 13.788829442567737 ], [ 98.135553744748421, 13.788828467292907 ], [ 98.135554742770225, 13.788557233751536 ], [ 98.135277224947131, 13.788556258183574 ] ] ], [ [ [ 98.135839243922049, 13.78665957390824 ], [ 98.135840241451177, 13.786388340298618 ], [ 98.135285210907782, 13.78638638979446 ], [ 98.135284212738156, 13.786657623364244 ], [ 98.135839243922049, 13.78665957390824 ] ] ], [ [ [ 98.137227818186616, 13.786393211081506 ], [ 98.137226822258739, 13.786664444790619 ], [ 98.137781853744059, 13.78666639095252 ], [ 98.137782849031439, 13.786395157203659 ], [ 98.13750533359827, 13.786394184299084 ], [ 98.13750632918439, 13.786122950564058 ], [ 98.137783844297317, 13.786123923448759 ], [ 98.137784839541695, 13.78585268968782 ], [ 98.138062354355881, 13.785853662239665 ], [ 98.138061359431731, 13.786124896020471 ], [ 98.138616389765048, 13.786126840224908 ], [ 98.138893904963922, 13.786127811857634 ], [ 98.138894898927362, 13.78585657801727 ], [ 98.138617384048715, 13.785855606404391 ], [ 98.138619372551631, 13.785313138745234 ], [ 98.138896886789809, 13.785314110318426 ], [ 98.138902849861907, 13.783686707076924 ], [ 98.139180362200378, 13.783687678218099 ], [ 98.139181355650408, 13.783416444303539 ], [ 98.138626331635265, 13.783414501747933 ], [ 98.138625337544894, 13.783685735622811 ], [ 98.138622355144918, 13.784499437211201 ], [ 98.138344841888824, 13.784498465384592 ], [ 98.138345836363825, 13.784227231547691 ], [ 98.138068323449417, 13.784226259427987 ], [ 98.138065338999368, 13.785039960861006 ], [ 98.137787825145836, 13.785038988368756 ], [ 98.137786829965961, 13.785310222147819 ], [ 98.13750931581373, 13.785309249322728 ], [ 98.137508320292113, 13.785580483075879 ], [ 98.136953291411729, 13.785578536447012 ], [ 98.13695229522817, 13.785849770154357 ], [ 98.136119751108325, 13.785846847804006 ], [ 98.136118753942526, 13.786118081445622 ], [ 98.135841238958747, 13.786117106682955 ], [ 98.135840241451177, 13.786388340298618 ], [ 98.137227818186616, 13.786393211081506 ] ] ], [ [ [ 98.139162476429533, 13.788569887647354 ], [ 98.139439994553769, 13.788570858832594 ], [ 98.139440988069865, 13.788299625006928 ], [ 98.139163470265913, 13.788298653841524 ], [ 98.139162476429533, 13.788569887647354 ] ] ], [ [ [ 98.138607440245437, 13.788567944337725 ], [ 98.138608434722414, 13.788296710571577 ], [ 98.138330916982895, 13.788295738467037 ], [ 98.138331911758684, 13.7880245047147 ], [ 98.138054394360935, 13.788023532316972 ], [ 98.138055389435536, 13.787752298578454 ], [ 98.137777872379544, 13.787751325887546 ], [ 98.137778867752928, 13.787480092162854 ], [ 98.136391284397064, 13.787475224112276 ], [ 98.136390287422302, 13.787746457737549 ], [ 98.137222838332107, 13.787749379566646 ], [ 98.1372208462397, 13.788291846918412 ], [ 98.137498363893243, 13.788292820275137 ], [ 98.137497368135072, 13.788564053961833 ], [ 98.13805240414726, 13.788565999775884 ], [ 98.138051409008199, 13.788837233496277 ], [ 98.138328927366842, 13.788838205953585 ], [ 98.138327932526593, 13.789109439687795 ], [ 98.139160488692355, 13.789112355240905 ], [ 98.139162476429533, 13.788569887647354 ], [ 98.138607440245437, 13.788567944337725 ] ] ], [ [ [ 98.141110061506964, 13.787220509586822 ], [ 98.141111052994177, 13.786949275612084 ], [ 98.141112044459973, 13.786678041631307 ], [ 98.14083452844902, 13.786677072462949 ], [ 98.140838495379001, 13.785592136558607 ], [ 98.140560980670458, 13.785591167156449 ], [ 98.140558004544388, 13.786404869034362 ], [ 98.140280488896536, 13.786403899259801 ], [ 98.140279496491402, 13.786675133187217 ], [ 98.139724464619547, 13.78667319265945 ], [ 98.139722478463909, 13.787215660416887 ], [ 98.139999995029655, 13.78721663087692 ], [ 98.139999002239932, 13.787487864766401 ], [ 98.139721485353931, 13.78748689428655 ], [ 98.139720492222494, 13.787758128150172 ], [ 98.13999800942878, 13.787759098649842 ], [ 98.139997016596169, 13.788030332527239 ], [ 98.140552051713641, 13.788032272627101 ], [ 98.140551059500169, 13.788303506538082 ], [ 98.140828577411341, 13.788304476138252 ], [ 98.140827585496751, 13.788575710062993 ], [ 98.141382622023954, 13.788577648363779 ], [ 98.141381630728546, 13.788848882322062 ], [ 98.141659149344576, 13.788849851022659 ], [ 98.141658158348065, 13.789121084994687 ], [ 98.14193567730581, 13.789122053401998 ], [ 98.141936667981994, 13.788850819410195 ], [ 98.142214186640828, 13.788851787484672 ], [ 98.142215176975313, 13.78858055346706 ], [ 98.141937658636792, 13.788579585412354 ], [ 98.141938649270202, 13.788308351408473 ], [ 98.141661131273381, 13.788307383060488 ], [ 98.141662122205673, 13.788036149070338 ], [ 98.141384604550538, 13.788035180429089 ], [ 98.141387578179845, 13.787221478481746 ], [ 98.141110061506964, 13.787220509586822 ] ] ], [ [ [ 98.153056006346048, 13.783735836279423 ], [ 98.153056983787252, 13.78346460138105 ], [ 98.153612010016587, 13.783466511391543 ], [ 98.153612986796333, 13.78319527644811 ], [ 98.153890499622477, 13.783196230964451 ], [ 98.153891476060963, 13.78292499599549 ], [ 98.153613963554974, 13.782924041498649 ], [ 98.153617870378469, 13.781839101640417 ], [ 98.153062847990995, 13.781837191864044 ], [ 98.153060893340879, 13.782379661727191 ], [ 98.152783381538541, 13.782378706330618 ], [ 98.152780448444517, 13.783192411021508 ], [ 98.152502935702813, 13.783191455253448 ], [ 98.152501957642372, 13.783462690118812 ], [ 98.15277947070426, 13.7834636459064 ], [ 98.152778492942872, 13.783734880785255 ], [ 98.153056006346048, 13.783735836279423 ] ] ], [ [ [ 98.153332542628206, 13.784008026372497 ], [ 98.153610056393802, 13.784008981260289 ], [ 98.153611033215739, 13.783737746328935 ], [ 98.153333519770342, 13.783736791460651 ], [ 98.153332542628206, 13.784008026372497 ] ] ], [ [ [ 98.153055028883728, 13.784007071171755 ], [ 98.153054051400289, 13.784278306058058 ], [ 98.153331565464967, 13.784279261278312 ], [ 98.153332542628206, 13.784008026372497 ], [ 98.153055028883728, 13.784007071171755 ] ] ], [ [ [ 98.151103614978965, 13.786441488532358 ], [ 98.151110473793295, 13.784542845497009 ], [ 98.151112433264046, 13.784000376003998 ], [ 98.150834919688705, 13.783999418299665 ], [ 98.150835899712504, 13.783728183563666 ], [ 98.150558386478522, 13.783727225565958 ], [ 98.150560347102967, 13.783184756114984 ], [ 98.150282834530515, 13.783183797843487 ], [ 98.150281853908695, 13.783455032552414 ], [ 98.15000434103726, 13.783454073948405 ], [ 98.150003360074095, 13.783725308631711 ], [ 98.149448333754435, 13.783723390445699 ], [ 98.149447352129712, 13.783994625083778 ], [ 98.149169838681502, 13.783993665501757 ], [ 98.149168856715377, 13.7842649001142 ], [ 98.149446370483773, 13.784265859715823 ], [ 98.149445388816616, 13.784537094341827 ], [ 98.149722902926413, 13.784538053650092 ], [ 98.149721921558267, 13.784809288289656 ], [ 98.14999943600948, 13.784810247304552 ], [ 98.149998454940345, 13.785081481957668 ], [ 98.150553484546762, 13.785083399087716 ], [ 98.150552504096865, 13.785354633773956 ], [ 98.150830019252069, 13.78535559188909 ], [ 98.150825118286093, 13.78671176532756 ], [ 98.151380151862412, 13.786713680814508 ], [ 98.151381131457455, 13.786442446099763 ], [ 98.151103614978965, 13.786441488532358 ] ] ], [ [ [ 98.143896099154574, 13.784246608222174 ], [ 98.143897087204309, 13.783975373983401 ], [ 98.143619574181713, 13.78397440814244 ], [ 98.14361858581178, 13.784245642361485 ], [ 98.143896099154574, 13.784246608222174 ] ] ], [ [ [ 98.145838693151362, 13.784253360484314 ], [ 98.145839678959788, 13.783982126107604 ], [ 98.145562165787908, 13.783981162457273 ], [ 98.145561179659296, 13.784252396814296 ], [ 98.145283666188533, 13.784251432831322 ], [ 98.14528267971842, 13.784522667162614 ], [ 98.146115221155213, 13.784525558231731 ], [ 98.146114235624395, 13.784796792616042 ], [ 98.146391749799449, 13.784797755699502 ], [ 98.146389779314376, 13.785340224489351 ], [ 98.1455572349318, 13.785337334181996 ], [ 98.145556248696664, 13.785608568508824 ], [ 98.146388794039908, 13.78561145887522 ], [ 98.146387808744151, 13.785882693255049 ], [ 98.146665324221388, 13.785883656104211 ], [ 98.146663354206524, 13.786426124885081 ], [ 98.146940870345503, 13.786427087460574 ], [ 98.146939885626409, 13.786698321861612 ], [ 98.147217402106918, 13.786699284143754 ], [ 98.147219370883349, 13.78615681529633 ], [ 98.147496886744619, 13.786157777226165 ], [ 98.147498854795515, 13.78561530831529 ], [ 98.147221339574713, 13.785614346424747 ], [ 98.147222323888499, 13.785343111979898 ], [ 98.146944809009184, 13.785342149796032 ], [ 98.146946778213405, 13.784799680927524 ], [ 98.146669263995776, 13.784798718469995 ], [ 98.146671233755313, 13.784256249616657 ], [ 98.146393720199384, 13.784255286885495 ], [ 98.146394705367413, 13.783984052469432 ], [ 98.146117192152957, 13.783983089444993 ], [ 98.146116206664729, 13.784254323841383 ], [ 98.145838693151362, 13.784253360484314 ] ] ], [ [ [ 98.138362739151788, 13.77961625539629 ], [ 98.138363733240084, 13.779345021450686 ], [ 98.138086226087978, 13.779344049688426 ], [ 98.138084237249757, 13.77988651753388 ], [ 98.138639252855725, 13.779888460824983 ], [ 98.138640246645437, 13.779617226865565 ], [ 98.138362739151788, 13.77961625539629 ] ] ], [ [ [ 98.154483565844217, 13.772619969276171 ], [ 98.154484540820221, 13.772348734032871 ], [ 98.154207040753136, 13.772347780921862 ], [ 98.154208016027937, 13.772076545692018 ], [ 98.153653016596792, 13.77207463857096 ], [ 98.153649112811848, 13.773159579298177 ], [ 98.153926613796472, 13.773160533093035 ], [ 98.15392856509132, 13.772618062702495 ], [ 98.154483565844217, 13.772619969276171 ] ] ], [ [ [ 98.166558872487087, 13.810634591097793 ], [ 98.166281326324722, 13.810633649036316 ], [ 98.166280362173126, 13.810904884260045 ], [ 98.166557908656387, 13.810905826340733 ], [ 98.166558872487087, 13.810634591097793 ] ] ], [ [ [ 98.1668344916298, 13.811178003363931 ], [ 98.16683545516041, 13.810906768107833 ], [ 98.166557908656387, 13.810905826340733 ], [ 98.166556944804867, 13.811177061577629 ], [ 98.1668344916298, 13.811178003363931 ] ] ], [ [ [ 98.167107222115177, 13.812535121122435 ], [ 98.166829673664949, 13.812534179553735 ], [ 98.166828710009639, 13.812805414773555 ], [ 98.166273612529693, 13.812803530656863 ], [ 98.166271683872964, 13.813346001001534 ], [ 98.16654923324441, 13.813346943255121 ], [ 98.166550197262239, 13.813075708066597 ], [ 98.167105295425628, 13.813077591594428 ], [ 98.167107222115177, 13.812535121122435 ] ] ], [ [ [ 98.167384770586182, 13.812536062377506 ], [ 98.167385733578882, 13.81226482711325 ], [ 98.167108185428802, 13.812263885877371 ], [ 98.167107222115177, 13.812535121122435 ], [ 98.167384770586182, 13.812536062377506 ] ] ], [ [ [ 98.167110111993708, 13.811721415369098 ], [ 98.166832564506208, 13.81172047385799 ], [ 98.166831600913241, 13.811991709095953 ], [ 98.167109148721636, 13.811992650626255 ], [ 98.167110111993708, 13.811721415369098 ] ] ], [ [ [ 98.14528267971842, 13.784522667162614 ], [ 98.145005165948788, 13.784521702846989 ], [ 98.145003192304216, 13.78506417145206 ], [ 98.14528070671426, 13.785065135807081 ], [ 98.14528267971842, 13.784522667162614 ] ] ], [ [ [ 98.145558221145635, 13.785066099849129 ], [ 98.14528070671426, 13.785065135807081 ], [ 98.145279720180227, 13.785336370120255 ], [ 98.1455572349318, 13.785337334181996 ], [ 98.145558221145635, 13.785066099849129 ] ] ], [ [ [ 98.142691962031876, 13.810009960529896 ], [ 98.14241441832506, 13.810008991540364 ], [ 98.14241342662126, 13.810280225100163 ], [ 98.142690970648943, 13.810281194109457 ], [ 98.142691962031876, 13.810009960529896 ] ] ], [ [ [ 98.149607938951604, 13.816272465475082 ], [ 98.149606955102115, 13.816543699407431 ], [ 98.150162059049407, 13.816545621708181 ], [ 98.15016304225685, 13.816274387736653 ], [ 98.149607938951604, 13.816272465475082 ] ] ], [ [ [ 98.150995697373716, 13.81627726877619 ], [ 98.150996679596943, 13.816006034739878 ], [ 98.15016402544309, 13.81600315375907 ], [ 98.15016304225685, 13.816274387736653 ], [ 98.150995697373716, 13.81627726877619 ] ] ], [ [ [ 98.152996342494802, 13.800281153659498 ], [ 98.152718809547608, 13.800280196974549 ], [ 98.152717830476277, 13.800551431478885 ], [ 98.152995363744097, 13.800552388183352 ], [ 98.152996342494802, 13.800281153659498 ] ] ], [ [ [ 98.139458867690166, 13.783417415111945 ], [ 98.139459860798567, 13.783146181171508 ], [ 98.139182349078965, 13.783145210382939 ], [ 98.139181355650408, 13.783416444303539 ], [ 98.139458867690166, 13.783417415111945 ] ] ], [ [ [ 98.136649860908705, 13.792629636573457 ], [ 98.136650857950713, 13.792358403037056 ], [ 98.136373335556542, 13.792357428442729 ], [ 98.136372338194136, 13.792628661959233 ], [ 98.136649860908705, 13.792629636573457 ] ] ], [ [ [ 98.140463660778295, 13.812172067034954 ], [ 98.140741206902248, 13.812173038377837 ], [ 98.140742200681188, 13.811901804979088 ], [ 98.140464654878144, 13.811900833656008 ], [ 98.140463660778295, 13.812172067034954 ] ] ], [ [ [ 98.14046564895655, 13.811629600271013 ], [ 98.140188103495845, 13.811628628654143 ], [ 98.140189097873687, 13.81135739528291 ], [ 98.139356462582938, 13.811354478610189 ], [ 98.139355467242439, 13.811625711921948 ], [ 98.139633012638768, 13.811626684479609 ], [ 98.139632017597705, 13.811897917805153 ], [ 98.140464654878144, 13.811900833656008 ], [ 98.14046564895655, 13.811629600271013 ] ] ], [ [ [ 98.155459972153068, 13.809782960601664 ], [ 98.155737516536647, 13.809783914834345 ], [ 98.155738492797241, 13.809512680321163 ], [ 98.155460948734486, 13.809511726107941 ], [ 98.155459972153068, 13.809782960601664 ] ] ], [ [ [ 98.155183404692821, 13.809510771581172 ], [ 98.155460948734486, 13.809511726107941 ], [ 98.155461925294858, 13.809240491608174 ], [ 98.155184381574017, 13.809239537100867 ], [ 98.155183404692821, 13.809510771581172 ] ] ], [ [ [ 98.153520098476903, 13.808962569103182 ], [ 98.15352107724091, 13.808691334727715 ], [ 98.152410905641574, 13.808687506194145 ], [ 98.152409925594284, 13.808958740491535 ], [ 98.153520098476903, 13.808962569103182 ] ] ], [ [ [ 98.152408945525863, 13.809229974782868 ], [ 98.152409925594284, 13.808958740491535 ], [ 98.152132382426473, 13.808957782554778 ], [ 98.152131402037199, 13.809229016826574 ], [ 98.152408945525863, 13.809229974782868 ] ] ], [ [ [ 98.151853858569709, 13.809228058556739 ], [ 98.151852877838465, 13.809499292802947 ], [ 98.152130421626794, 13.809500251092329 ], [ 98.152131402037199, 13.809229016826574 ], [ 98.151853858569709, 13.809228058556739 ] ] ], [ [ [ 98.14299031312558, 13.804315022223051 ], [ 98.142989322512406, 13.804586255949376 ], [ 98.143266859846378, 13.804587223916847 ], [ 98.143267850138841, 13.804315990170773 ], [ 98.14299031312558, 13.804315022223051 ] ] ], [ [ [ 98.143822924229454, 13.804317925125948 ], [ 98.143825893054455, 13.803504223733016 ], [ 98.143548356960537, 13.803503256471346 ], [ 98.143547367052875, 13.803774490255305 ], [ 98.143269830659648, 13.803773522660483 ], [ 98.143267850138841, 13.804315990170773 ], [ 98.143822924229454, 13.804317925125948 ] ] ], [ [ [ 98.152982638062355, 13.804078436443406 ], [ 98.152985575075036, 13.803264733089454 ], [ 98.152708038600764, 13.803263776189757 ], [ 98.152705100626022, 13.804077479485146 ], [ 98.152982638062355, 13.804078436443406 ] ] ], [ [ [ 98.158560616401644, 13.796502932142506 ], [ 98.158561588425385, 13.796231697138913 ], [ 98.158284059865338, 13.796230747011556 ], [ 98.158283087521085, 13.796501981995757 ], [ 98.158560616401644, 13.796502932142506 ] ] ], [ [ [ 98.157454394102402, 13.795414189935867 ], [ 98.157453420859667, 13.795685424879972 ], [ 98.158008476592798, 13.795687326623243 ], [ 98.15800750397004, 13.79595856160012 ], [ 98.158562560428152, 13.795960462129282 ], [ 98.158563532409929, 13.795689227113607 ], [ 98.158286004490876, 13.795688277025038 ], [ 98.158286976772132, 13.795417042022713 ], [ 98.157454394102402, 13.795414189935867 ] ] ], [ [ [ 98.154404522777043, 13.79459000393954 ], [ 98.154407452764929, 13.793776299658498 ], [ 98.154129927404711, 13.793775345007971 ], [ 98.154126996455489, 13.794589049230542 ], [ 98.154404522777043, 13.79459000393954 ] ] ], [ [ [ 98.136665810997172, 13.788289899265829 ], [ 98.136666807694695, 13.788018665632741 ], [ 98.13638929042601, 13.78801769135678 ], [ 98.136388293408189, 13.788288924969969 ], [ 98.136665810997172, 13.788289899265829 ] ] ], [ [ [ 98.150837859696608, 13.783185714073555 ], [ 98.150838839656885, 13.782914479319446 ], [ 98.150561327383414, 13.782913521380447 ], [ 98.150560347102967, 13.783184756114984 ], [ 98.150837859696608, 13.783185714073555 ] ] ], [ [ [ 98.153618847031609, 13.781567866660767 ], [ 98.153617870378469, 13.781839101640417 ], [ 98.153895381603874, 13.781840056059256 ], [ 98.153896357936858, 13.781568821060105 ], [ 98.153618847031609, 13.781567866660767 ] ] ], [ [ [ 98.153897334248754, 13.781297586054921 ], [ 98.153896357936858, 13.781568821060105 ], [ 98.154173868863225, 13.781569775146551 ], [ 98.154174844854992, 13.781298540121876 ], [ 98.153897334248754, 13.781297586054921 ] ] ], [ [ [ 98.15445235548232, 13.781299493875942 ], [ 98.154453331132885, 13.78102825882574 ], [ 98.154175820825685, 13.781027305091163 ], [ 98.154174844854992, 13.781298540121876 ], [ 98.15445235548232, 13.781299493875942 ] ] ], [ [ [ 98.145011086370886, 13.782894296886855 ], [ 98.145010099687156, 13.783165531228638 ], [ 98.14445507541366, 13.783163601855595 ], [ 98.144453100701583, 13.783706070442218 ], [ 98.144730613468013, 13.783707035324628 ], [ 98.144731600514547, 13.783435801014623 ], [ 98.145286625471016, 13.783437729801216 ], [ 98.145287611855892, 13.783166495445768 ], [ 98.14556512404593, 13.783167459349972 ], [ 98.14556611008932, 13.782896224968798 ], [ 98.145011086370886, 13.782894296886855 ] ] ] ] } }
]
}
