{"type": "FeatureCollection", "features": [{"type": "Feature", "properties": {"osm_id": 505455803, "building": "yes"}, "geometry": {"type": "Polygon", "coordinates": [[[98.1583679, 13.8607765], [98.1585269, 13.8608204], [98.1585488, 13.8607456], [98.1583898, 13.8607017], [98.1583679, 13.8607765]]]}}, {"type": "Feature", "properties": {"osm_id": 505455811, "building": "yes"}, "geometry": {"type": "Polygon", "coordinates": [[[98.1628864, 13.8615153], [98.162966, 13.8615437], [98.1630242, 13.861414], [98.162937, 13.8613816], [98.1628864, 13.8615153]]]}}, {"type": "Feature", "properties": {"osm_id": 505455813, "building": "yes"}, "geometry": {"type": "Polygon", "coordinates": [[[98.1631439, 13.8615919], [98.1632608, 13.8616322], [98.1633028, 13.8615173], [98.163186, 13.8614769], [98.1631439, 13.8615919]]]}}, {"type": "Feature", "properties": {"osm_id": 505455817, "building": "yes"}, "geometry": {"type": "Polygon", "coordinates": [[[98.1576652, 13.8636222], [98.1577414, 13.8636542], [98.1578115, 13.8634968], [98.1577353, 13.8634648], [98.1576652, 13.8636222]]]}}, {"type": "Feature", "properties": {"osm_id": 505455832, "building": "yes"}, "geometry": {"type": "Polygon", "coordinates": [[[98.1599355, 13.8555314], [98.1600134, 13.8555344], [98.160016, 13.8554726], [98.1599381, 13.8554696], [98.1599355, 13.8555314]]]}}, {"type": "Feature", "properties": {"osm_id": 505455834, "building": "yes"}, "geometry": {"type": "Polygon", "coordinates": [[[98.1605393, 13.8548317], [98.1606344, 13.8548392], [98.1606405, 13.8547663], [98.1605455, 13.8547587], [98.1605393, 13.8548317]]]}}, {"type": "Feature", "properties": {"osm_id": 505455836, "building": "yes"}, "geometry": {"type": "Polygon", "coordinates": [[[98.1600384, 13.8496643], [98.1601552, 13.8496658], [98.1601562, 13.8495931], [98.1600394, 13.8495916], [98.1600384, 13.8496643]]]}}, {"type": "Feature", "properties": {"osm_id": 505455843, "building": "yes"}, "geometry": {"type": "Polygon", "coordinates": [[[98.1605829, 13.8488378], [98.1605515, 13.8488367], [98.160552, 13.8488241], [98.160429, 13.8488199], [98.1604309, 13.8487675], [98.1605853, 13.8487727], [98.1605829, 13.8488378]]]}}, {"type": "Feature", "properties": {"osm_id": 505457322, "building": "yes"}, "geometry": {"type": "Polygon", "coordinates": [[[98.153232, 13.8798452], [98.1534081, 13.8798846], [98.1534277, 13.8798018], [98.1532516, 13.8797625], [98.153232, 13.8798452]]]}}, {"type": "Feature", "properties": {"osm_id": 505457323, "building": "yes"}, "geometry": {"type": "Polygon", "coordinates": [[[98.1530528, 13.8801735], [98.1531407, 13.8801911], [98.1532249, 13.8797963], [98.153137, 13.8797787], [98.1530528, 13.8801735]]]}}, {"type": "Feature", "properties": {"osm_id": 505457324, "building": "yes"}, "geometry": {"type": "Polygon", "coordinates": [[[98.1542784, 13.8803036], [98.1543399, 13.8803021], [98.1543392, 13.8802756], [98.1542777, 13.8802772], [98.1542784, 13.8803036]]]}}, {"type": "Feature", "properties": {"osm_id": 505457325, "building": "yes"}, "geometry": {"type": "Polygon", "coordinates": [[[98.1541857, 13.8805789], [98.1542308, 13.8805797], [98.1542315, 13.8805426], [98.1541863, 13.8805419], [98.1541857, 13.8805789]]]}}, {"type": "Feature", "properties": {"osm_id": 505457326, "building": "yes"}, "geometry": {"type": "Polygon", "coordinates": [[[98.1541623, 13.8806666], [98.1542246, 13.8806651], [98.1542232, 13.8806106], [98.1541609, 13.8806121], [98.1541623, 13.8806666]]]}}, {"type": "Feature", "properties": {"osm_id": 505457327, "building": "yes"}, "geometry": {"type": "Polygon", "coordinates": [[[98.1541763, 13.8807725], [98.1542363, 13.8807725], [98.1542363, 13.8807339], [98.1541763, 13.8807339], [98.1541763, 13.8807725]]]}}, {"type": "Feature", "properties": {"osm_id": 505457328, "building": "yes"}, "geometry": {"type": "Polygon", "coordinates": [[[98.1542675, 13.8807937], [98.1543711, 13.8807922], [98.1543703, 13.880743], [98.1542667, 13.8807445], [98.1542675, 13.8807937]]]}}, {"type": "Feature", "properties": {"osm_id": 505457329, "building": "yes"}, "geometry": {"type": "Polygon", "coordinates": [[[98.154308, 13.8807309], [98.1543804, 13.8807287], [98.1543785, 13.8806705], [98.154306, 13.8806727], [98.154308, 13.8807309]]]}}, {"type": "Feature", "properties": {"osm_id": 505457330, "building": "yes"}, "geometry": {"type": "Polygon", "coordinates": [[[98.1543017, 13.8806621], [98.1543882, 13.8806583], [98.1543858, 13.880607], [98.1542994, 13.8806108], [98.1543017, 13.8806621]]]}}, {"type": "Feature", "properties": {"osm_id": 505457331, "building": "yes"}, "geometry": {"type": "Polygon", "coordinates": [[[98.1543017, 13.8805993], [98.1543758, 13.8805963], [98.1543731, 13.8805358], [98.1542991, 13.8805388], [98.1543017, 13.8805993]]]}}, {"type": "Feature", "properties": {"osm_id": 505457332, "building": "yes"}, "geometry": {"type": "Polygon", "coordinates": [[[98.1542932, 13.8805244], [98.1543687, 13.8805214], [98.1543667, 13.8804738], [98.1542911, 13.8804769], [98.1542932, 13.8805244]]]}}, {"type": "Feature", "properties": {"osm_id": 505457333, "building": "yes"}, "geometry": {"type": "Polygon", "coordinates": [[[98.1544777, 13.8795503], [98.1544444, 13.8793715], [98.154543, 13.8793543], [98.1545762, 13.879533], [98.1544777, 13.8795503]]]}}, {"type": "Feature", "properties": {"osm_id": 505457334, "building": "yes"}, "geometry": {"type": "Polygon", "coordinates": [[[98.1540477, 13.8793173], [98.1541685, 13.879346], [98.1541825, 13.8792906], [98.1540617, 13.8792619], [98.1540477, 13.8793173]]]}}, {"type": "Feature", "properties": {"osm_id": 505457335, "building": "yes"}, "geometry": {"type": "Polygon", "coordinates": [[[98.1540273, 13.8794532], [98.1542059, 13.8794735], [98.1542125, 13.8794189], [98.1540339, 13.8793986], [98.1540273, 13.8794532]]]}}, {"type": "Feature", "properties": {"osm_id": 505457336, "building": "yes"}, "geometry": {"type": "Polygon", "coordinates": [[[98.1540201, 13.8794912], [98.1541638, 13.8795124], [98.1541697, 13.8794748], [98.154026, 13.8794535], [98.1540201, 13.8794912]]]}}, {"type": "Feature", "properties": {"osm_id": 505457337, "building": "yes"}, "geometry": {"type": "Polygon", "coordinates": [[[98.1538324, 13.8796992], [98.1540206, 13.8797087], [98.1540238, 13.8796483], [98.1538357, 13.8796388], [98.1538324, 13.8796992]]]}}, {"type": "Feature", "properties": {"osm_id": 505457338, "building": "yes"}, "geometry": {"type": "Polygon", "coordinates": [[[98.1539161, 13.8796325], [98.1540688, 13.8796483], [98.1540758, 13.8795852], [98.1539231, 13.8795693], [98.1539161, 13.8796325]]]}}, {"type": "Feature", "properties": {"osm_id": 505457339, "building": "yes"}, "geometry": {"type": "Polygon", "coordinates": [[[98.153585, 13.8798634], [98.1536447, 13.8798897], [98.1536837, 13.8798065], [98.1536239, 13.8797802], [98.153585, 13.8798634]]]}}, {"type": "Feature", "properties": {"osm_id": 505457340, "building": "yes"}, "geometry": {"type": "Polygon", "coordinates": [[[98.1537618, 13.8797582], [98.1538763, 13.8797877], [98.1538904, 13.8797364], [98.1537758, 13.8797069], [98.1537618, 13.8797582]]]}}, {"type": "Feature", "properties": {"osm_id": 505457342, "building": "yes"}, "geometry": {"type": "Polygon", "coordinates": [[[98.1536956, 13.8798815], [98.1538265, 13.8799156], [98.1538408, 13.8798635], [98.1537099, 13.8798295], [98.1536956, 13.8798815]]]}}, {"type": "Feature", "properties": {"osm_id": 505457346, "building": "yes"}, "geometry": {"type": "Polygon", "coordinates": [[[98.1543648, 13.8803217], [98.1544833, 13.8803195], [98.1544816, 13.8802385], [98.1543632, 13.8802408], [98.1543648, 13.8803217]]]}}, {"type": "Feature", "properties": {"osm_id": 505457347, "building": "yes"}, "geometry": {"type": "Polygon", "coordinates": [[[98.1540166, 13.880557], [98.1541046, 13.8805547], [98.1541028, 13.8804884], [98.1540148, 13.8804906], [98.1540166, 13.880557]]]}}, {"type": "Feature", "properties": {"osm_id": 505457348, "building": "yes"}, "geometry": {"type": "Polygon", "coordinates": [[[98.1537088, 13.880082], [98.1537601, 13.8800866], [98.1537648, 13.8800374], [98.1537135, 13.8800328], [98.1537088, 13.880082]]]}}, {"type": "Feature", "properties": {"osm_id": 505457349, "building": "yes"}, "geometry": {"type": "Polygon", "coordinates": [[[98.1535963, 13.8800593], [98.1536878, 13.8800714], [98.1536939, 13.8800276], [98.1536024, 13.8800155], [98.1535963, 13.8800593]]]}}, {"type": "Feature", "properties": {"osm_id": 505457350, "building": "yes"}, "geometry": {"type": "Polygon", "coordinates": [[[98.1535172, 13.8801031], [98.153592, 13.8801092], [98.1535963, 13.8800593], [98.1535215, 13.8800533], [98.1535172, 13.8801031]]]}}, {"type": "Feature", "properties": {"osm_id": 505457351, "building": "yes"}, "geometry": {"type": "Polygon", "coordinates": [[[98.1533949, 13.8803717], [98.1534541, 13.8803686], [98.1534512, 13.8803154], [98.153392, 13.8803184], [98.1533949, 13.8803717]]]}}, {"type": "Feature", "properties": {"osm_id": 505457352, "building": "yes"}, "geometry": {"type": "Polygon", "coordinates": [[[98.153479, 13.8803664], [98.1535326, 13.8803644], [98.1535302, 13.8803046], [98.1534767, 13.8803066], [98.153479, 13.8803664]]]}}, {"type": "Feature", "properties": {"osm_id": 505457353, "building": "yes"}, "geometry": {"type": "Polygon", "coordinates": [[[98.1537792, 13.8802942], [98.1537787, 13.8802663], [98.1537567, 13.8802667], [98.1537553, 13.880196], [98.1538549, 13.8801941], [98.1538565, 13.8802719], [98.1538239, 13.8802725], [98.1538243, 13.8802933], [98.1537792, 13.8802942]]]}}, {"type": "Feature", "properties": {"osm_id": 505457354, "building": "yes"}, "geometry": {"type": "Polygon", "coordinates": [[[98.1535297, 13.8802543], [98.1537378, 13.8802456], [98.1537336, 13.8801481], [98.1536546, 13.8801513], [98.1536557, 13.8801764], [98.153526, 13.8801819], [98.1535297, 13.8802543]]]}}, {"type": "Feature", "properties": {"osm_id": 505457355, "building": "yes"}, "geometry": {"type": "Polygon", "coordinates": [[[98.1534206, 13.8806629], [98.1535394, 13.880654], [98.153523, 13.8804475], [98.1534042, 13.8804564], [98.1534206, 13.8806629]]]}}, {"type": "Feature", "properties": {"osm_id": 505457356, "building": "yes"}, "geometry": {"type": "Polygon", "coordinates": [[[98.1535728, 13.8806631], [98.1535652, 13.880487], [98.1536383, 13.880484], [98.1536362, 13.8804354], [98.1536852, 13.8804334], [98.1536949, 13.8806581], [98.1535728, 13.8806631]]]}}, {"type": "Feature", "properties": {"osm_id": 505457357, "building": "yes"}, "geometry": {"type": "Polygon", "coordinates": [[[98.1537229, 13.8805706], [98.153948, 13.880563], [98.1539437, 13.8804412], [98.1537185, 13.8804488], [98.1537229, 13.8805706]]]}}, {"type": "Feature", "properties": {"osm_id": 505457358, "building": "yes"}, "geometry": {"type": "Polygon", "coordinates": [[[98.1540104, 13.8803959], [98.1541451, 13.8803921], [98.1541428, 13.8803152], [98.1540081, 13.8803189], [98.1540104, 13.8803959]]]}}, {"type": "Feature", "properties": {"osm_id": 505457359, "building": "yes"}, "geometry": {"type": "Polygon", "coordinates": [[[98.1539184, 13.8802877], [98.1541849, 13.8802741], [98.1541788, 13.8801626], [98.1539124, 13.8801762], [98.1539184, 13.8802877]]]}}, {"type": "Feature", "properties": {"osm_id": 505457365, "building": "yes"}, "geometry": {"type": "Polygon", "coordinates": [[[98.1573255, 13.8736974], [98.1573769, 13.8737186], [98.1573983, 13.8736696], [98.157349, 13.8736524], [98.1573255, 13.8736974]]]}}, {"type": "Feature", "properties": {"osm_id": 505457366, "building": "yes"}, "geometry": {"type": "Polygon", "coordinates": [[[98.1570855, 13.8735098], [98.1571899, 13.8735507], [98.1572068, 13.87351], [98.1571024, 13.8734692], [98.1570855, 13.8735098]]]}}, {"type": "Feature", "properties": {"osm_id": 505461296, "building": "yes"}, "geometry": {"type": "Polygon", "coordinates": [[[98.1524332, 13.8795069], [98.152573, 13.8794977], [98.1525679, 13.8794247], [98.1524281, 13.8794339], [98.1524332, 13.8795069]]]}}, {"type": "Feature", "properties": {"osm_id": 505461298, "building": "yes"}, "geometry": {"type": "Polygon", "coordinates": [[[98.1524729, 13.8796072], [98.1525881, 13.8796018], [98.1525845, 13.8795302], [98.1524694, 13.8795356], [98.1524729, 13.8796072]]]}}, {"type": "Feature", "properties": {"osm_id": 505461300, "building": "yes"}, "geometry": {"type": "Polygon", "coordinates": [[[98.1526691, 13.8796002], [98.1527253, 13.8795963], [98.1527206, 13.8795323], [98.1526643, 13.8795362], [98.1526691, 13.8796002]]]}}, {"type": "Feature", "properties": {"osm_id": 505461302, "building": "yes"}, "geometry": {"type": "Polygon", "coordinates": [[[98.1527676, 13.879628], [98.1528328, 13.8796276], [98.152832, 13.8795088], [98.1527668, 13.8795092], [98.1527676, 13.879628]]]}}, {"type": "Feature", "properties": {"osm_id": 505461304, "building": "yes"}, "geometry": {"type": "Polygon", "coordinates": [[[98.1524507, 13.8797953], [98.1525166, 13.8797891], [98.1525103, 13.8797251], [98.1524443, 13.8797313], [98.1524507, 13.8797953]]]}}, {"type": "Feature", "properties": {"osm_id": 505461306, "building": "yes"}, "geometry": {"type": "Polygon", "coordinates": [[[98.1526816, 13.8798733], [98.1527546, 13.8798733], [98.1527546, 13.8797607], [98.1526816, 13.8797607], [98.1526816, 13.8798733]]]}}, {"type": "Feature", "properties": {"osm_id": 505461308, "building": "yes"}, "geometry": {"type": "Polygon", "coordinates": [[[98.1528018, 13.879904], [98.1528486, 13.879904], [98.1528486, 13.8798485], [98.1528018, 13.8798485], [98.1528018, 13.879904]]]}}, {"type": "Feature", "properties": {"osm_id": 505461310, "building": "yes"}, "geometry": {"type": "Polygon", "coordinates": [[[98.1528781, 13.8799142], [98.1528779, 13.8798736], [98.1528972, 13.8798735], [98.1528969, 13.8798055], [98.1529815, 13.8798052], [98.1529819, 13.8799139], [98.1528781, 13.8799142]]]}}, {"type": "Feature", "properties": {"osm_id": 505461312, "building": "yes"}, "geometry": {"type": "Polygon", "coordinates": [[[98.1524674, 13.879965], [98.152462, 13.87991], [98.1525601, 13.8799011], [98.1525706, 13.8800089], [98.1525096, 13.8800144], [98.1525045, 13.8799616], [98.1524674, 13.879965]]]}}, {"type": "Feature", "properties": {"osm_id": 505461314, "building": "yes"}, "geometry": {"type": "Polygon", "coordinates": [[[98.1522775, 13.8799966], [98.1523379, 13.8799975], [98.1523395, 13.8799027], [98.1522791, 13.8799017], [98.1522775, 13.8799966]]]}}, {"type": "Feature", "properties": {"osm_id": 505461316, "building": "yes"}, "geometry": {"type": "Polygon", "coordinates": [[[98.1521597, 13.8799836], [98.1521578, 13.8798678], [98.1521159, 13.8798685], [98.1521151, 13.8798188], [98.152217, 13.8798172], [98.1522197, 13.8799826], [98.1521597, 13.8799836]]]}}, {"type": "Feature", "properties": {"osm_id": 505461319, "building": "yes"}, "geometry": {"type": "Polygon", "coordinates": [[[98.1520114, 13.8800274], [98.15208, 13.8800214], [98.1520665, 13.8798764], [98.1519979, 13.8798824], [98.1520114, 13.8800274]]]}}, {"type": "Feature", "properties": {"osm_id": 505461321, "building": "yes"}, "geometry": {"type": "Polygon", "coordinates": [[[98.1520895, 13.8802308], [98.1520874, 13.8801913], [98.1521028, 13.8801905], [98.1520996, 13.8801314], [98.1521549, 13.8801285], [98.1521603, 13.8802272], [98.1520895, 13.8802308]]]}}, {"type": "Feature", "properties": {"osm_id": 505461323, "building": "yes"}, "geometry": {"type": "Polygon", "coordinates": [[[98.1521798, 13.8802256], [98.1522632, 13.8802256], [98.1522632, 13.8801292], [98.1521798, 13.8801292], [98.1521798, 13.8802256]]]}}, {"type": "Feature", "properties": {"osm_id": 505461325, "building": "yes"}, "geometry": {"type": "Polygon", "coordinates": [[[98.1523728, 13.8803027], [98.1524214, 13.8803034], [98.152423, 13.8801977], [98.1523744, 13.880197], [98.1523728, 13.8803027]]]}}, {"type": "Feature", "properties": {"osm_id": 505461327, "building": "yes"}, "geometry": {"type": "Polygon", "coordinates": [[[98.1524427, 13.8803582], [98.1525151, 13.8803617], [98.1525207, 13.8802522], [98.1524483, 13.8802487], [98.1524427, 13.8803582]]]}}, {"type": "Feature", "properties": {"osm_id": 505461329, "building": "yes"}, "geometry": {"type": "Polygon", "coordinates": [[[98.1525492, 13.8805224], [98.1525956, 13.8805416], [98.1526607, 13.8803928], [98.1526143, 13.8803736], [98.1525492, 13.8805224]]]}}, {"type": "Feature", "properties": {"osm_id": 505461331, "building": "yes"}, "geometry": {"type": "Polygon", "coordinates": [[[98.1526405, 13.8805641], [98.1526927, 13.8805859], [98.1527745, 13.8804016], [98.1527437, 13.8803907], [98.1527223, 13.8803798], [98.1526405, 13.8805641]]]}}, {"type": "Feature", "properties": {"osm_id": 505461333, "building": "yes"}, "geometry": {"type": "Polygon", "coordinates": [[[98.1529638, 13.8804476], [98.15304, 13.8804608], [98.153049, 13.8804117], [98.1529727, 13.8803986], [98.1529638, 13.8804476]]]}}, {"type": "Feature", "properties": {"osm_id": 505461335, "building": "yes"}, "geometry": {"type": "Polygon", "coordinates": [[[98.1527978, 13.88048], [98.1528658, 13.8804994], [98.1528968, 13.8803968], [98.1528288, 13.8803775], [98.1527978, 13.88048]]]}}, {"type": "Feature", "properties": {"osm_id": 505461336, "building": "yes"}, "geometry": {"type": "Polygon", "coordinates": [[[98.1530551, 13.8807006], [98.1531489, 13.8807191], [98.1531662, 13.8806361], [98.1530725, 13.8806176], [98.1530551, 13.8807006]]]}}, {"type": "Feature", "properties": {"osm_id": 505461338, "building": "yes"}, "geometry": {"type": "Polygon", "coordinates": [[[98.15304, 13.8807869], [98.1531282, 13.8808047], [98.1531396, 13.8807513], [98.1530514, 13.8807336], [98.15304, 13.8807869]]]}}, {"type": "Feature", "properties": {"osm_id": 505461340, "building": "yes"}, "geometry": {"type": "Polygon", "coordinates": [[[98.1529757, 13.8808725], [98.1531044, 13.8808933], [98.1531162, 13.8808247], [98.1529875, 13.8808039], [98.1529757, 13.8808725]]]}}, {"type": "Feature", "properties": {"osm_id": 505461341, "building": "yes"}, "geometry": {"type": "Polygon", "coordinates": [[[98.1529908, 13.8810437], [98.1530837, 13.8810514], [98.1530883, 13.8809993], [98.1529954, 13.8809916], [98.1529908, 13.8810437]]]}}, {"type": "Feature", "properties": {"osm_id": 505461343, "building": "yes"}, "geometry": {"type": "Polygon", "coordinates": [[[98.1529511, 13.8812303], [98.1530798, 13.8812295], [98.1530794, 13.8811755], [98.1529507, 13.8811763], [98.1529511, 13.8812303]]]}}, {"type": "Feature", "properties": {"osm_id": 505461345, "building": "yes"}, "geometry": {"type": "Polygon", "coordinates": [[[98.1529328, 13.8813968], [98.1530337, 13.8813938], [98.1530316, 13.8813305], [98.1529308, 13.8813336], [98.1529328, 13.8813968]]]}}, {"type": "Feature", "properties": {"osm_id": 505461347, "building": "yes"}, "geometry": {"type": "Polygon", "coordinates": [[[98.1532489, 13.8814377], [98.1533522, 13.8814292], [98.1533482, 13.8813831], [98.1532449, 13.8813916], [98.1532489, 13.8814377]]]}}, {"type": "Feature", "properties": {"osm_id": 505461348, "building": "yes"}, "geometry": {"type": "Polygon", "coordinates": [[[98.1532593, 13.8815125], [98.1533768, 13.8815048], [98.1533732, 13.8814535], [98.1532557, 13.8814612], [98.1532593, 13.8815125]]]}}, {"type": "Feature", "properties": {"osm_id": 505461349, "building": "yes"}, "geometry": {"type": "Polygon", "coordinates": [[[98.1532466, 13.8813799], [98.1533419, 13.8813737], [98.1533375, 13.8813097], [98.1532422, 13.8813159], [98.1532466, 13.8813799]]]}}, {"type": "Feature", "properties": {"osm_id": 505461350, "building": "yes"}, "geometry": {"type": "Polygon", "coordinates": [[[98.1534443, 13.8814292], [98.1535051, 13.8814166], [98.1534813, 13.8813086], [98.1534205, 13.8813213], [98.1534443, 13.8814292]]]}}, {"type": "Feature", "properties": {"osm_id": 505461351, "building": "yes"}, "geometry": {"type": "Polygon", "coordinates": [[[98.1535341, 13.8813961], [98.1536081, 13.881382], [98.1535866, 13.8812756], [98.1535126, 13.8812897], [98.1535341, 13.8813961]]]}}, {"type": "Feature", "properties": {"osm_id": 505461352, "building": "yes"}, "geometry": {"type": "Polygon", "coordinates": [[[98.1536842, 13.8813506], [98.1537922, 13.8813359], [98.1537807, 13.8812557], [98.1536727, 13.8812703], [98.1536842, 13.8813506]]]}}, {"type": "Feature", "properties": {"osm_id": 505461353, "building": "yes"}, "geometry": {"type": "Polygon", "coordinates": [[[98.1536381, 13.8812149], [98.1537358, 13.8812033], [98.1537289, 13.8811478], [98.1536312, 13.8811593], [98.1536381, 13.8812149]]]}}, {"type": "Feature", "properties": {"osm_id": 505461354, "building": "yes"}, "geometry": {"type": "Polygon", "coordinates": [[[98.1532712, 13.8811871], [98.153411, 13.8811987], [98.1534159, 13.881143], [98.1532761, 13.8811315], [98.1532712, 13.8811871]]]}}, {"type": "Feature", "properties": {"osm_id": 505461355, "building": "yes"}, "geometry": {"type": "Polygon", "coordinates": [[[98.1533236, 13.8812395], [98.153407, 13.8812457], [98.15341, 13.8812073], [98.1533266, 13.8812012], [98.1533236, 13.8812395]]]}}, {"type": "Feature", "properties": {"osm_id": 505461356, "building": "yes"}, "geometry": {"type": "Polygon", "coordinates": [[[98.1533113, 13.881115], [98.1534388, 13.8811343], [98.1534455, 13.8810925], [98.153318, 13.8810732], [98.1533113, 13.881115]]]}}, {"type": "Feature", "properties": {"osm_id": 505461357, "building": "yes"}, "geometry": {"type": "Polygon", "coordinates": [[[98.1535484, 13.8811243], [98.1536175, 13.8811254], [98.1536185, 13.8810687], [98.1535494, 13.8810676], [98.1535484, 13.8811243]]]}}, {"type": "Feature", "properties": {"osm_id": 505461358, "building": "yes"}, "geometry": {"type": "Polygon", "coordinates": [[[98.153496, 13.8810568], [98.1536171, 13.8810487], [98.1536132, 13.880994], [98.1534921, 13.8810021], [98.153496, 13.8810568]]]}}, {"type": "Feature", "properties": {"osm_id": 505461359, "building": "yes"}, "geometry": {"type": "Polygon", "coordinates": [[[98.1534908, 13.880992], [98.1536131, 13.8809824], [98.1536092, 13.8809352], [98.1534868, 13.8809448], [98.1534908, 13.880992]]]}}, {"type": "Feature", "properties": {"osm_id": 505461360, "building": "yes"}, "geometry": {"type": "Polygon", "coordinates": [[[98.1534527, 13.8809342], [98.1535909, 13.8809296], [98.1535888, 13.8808723], [98.1534506, 13.880877], [98.1534527, 13.8809342]]]}}, {"type": "Feature", "properties": {"osm_id": 505461361, "building": "yes"}, "geometry": {"type": "Polygon", "coordinates": [[[98.1532844, 13.8808179], [98.1532993, 13.8807474], [98.1533283, 13.8807532], [98.1533318, 13.8807366], [98.1534016, 13.8807505], [98.1533988, 13.8807637], [98.153425, 13.8807689], [98.1534148, 13.8808172], [98.1533691, 13.8808081], [98.1533637, 13.8808337], [98.1532844, 13.8808179]]]}}, {"type": "Feature", "properties": {"osm_id": 505461362, "building": "yes"}, "geometry": {"type": "Polygon", "coordinates": [[[98.1533415, 13.8807183], [98.1534062, 13.8807264], [98.1534129, 13.8806761], [98.1533481, 13.880668], [98.1533415, 13.8807183]]]}}, {"type": "Feature", "properties": {"osm_id": 505461363, "building": "yes"}, "geometry": {"type": "Polygon", "coordinates": [[[98.1533192, 13.8806589], [98.1534006, 13.8806605], [98.1534014, 13.8806247], [98.15332, 13.8806231], [98.1533192, 13.8806589]]]}}, {"type": "Feature", "properties": {"osm_id": 505461364, "building": "yes"}, "geometry": {"type": "Polygon", "coordinates": [[[98.1533331, 13.8806065], [98.1533781, 13.8806127], [98.1533908, 13.8805264], [98.1533458, 13.8805201], [98.1533331, 13.8806065]]]}}, {"type": "Feature", "properties": {"osm_id": 505461365, "building": "yes"}, "geometry": {"type": "Polygon", "coordinates": [[[98.1530885, 13.8804284], [98.1532211, 13.8804554], [98.1532317, 13.8804064], [98.1530991, 13.8803794], [98.1530885, 13.8804284]]]}}, {"type": "Feature", "properties": {"osm_id": 508334248, "building": "yes"}, "geometry": {"type": "Polygon", "coordinates": [[[98.152933, 13.8820758], [98.1530236, 13.8820784], [98.1530254, 13.8820191], [98.1529349, 13.8820165], [98.152933, 13.8820758]]]}}, {"type": "Feature", "properties": {"osm_id": 508334249, "building": "yes"}, "geometry": {"type": "Polygon", "coordinates": [[[98.15332, 13.8817887], [98.1534983, 13.8817835], [98.153496, 13.8817093], [98.1533177, 13.8817145], [98.15332, 13.8817887]]]}}, {"type": "Feature", "properties": {"osm_id": 508334250, "building": "yes"}, "geometry": {"type": "Polygon", "coordinates": [[[98.1529887, 13.8818356], [98.1530906, 13.8818291], [98.1530857, 13.8817559], [98.1529837, 13.8817624], [98.1529887, 13.8818356]]]}}, {"type": "Feature", "properties": {"osm_id": 508334251, "building": "yes"}, "geometry": {"type": "Polygon", "coordinates": [[[98.1532931, 13.8816663], [98.153438, 13.8816494], [98.1534311, 13.8815937], [98.1532862, 13.8816107], [98.1532931, 13.8816663]]]}}, {"type": "Feature", "properties": {"osm_id": 508403998, "building": "yes"}, "geometry": {"type": "Polygon", "coordinates": [[[98.1391069, 13.8973033], [98.1390882, 13.8974023], [98.1393302, 13.8974456], [98.139349, 13.8973466], [98.1391069, 13.8973033]]]}}, {"type": "Feature", "properties": {"osm_id": 508403999, "building": "yes"}, "geometry": {"type": "Polygon", "coordinates": [[[98.143723, 13.8969544], [98.1437109, 13.8970742], [98.1439457, 13.8970965], [98.1439577, 13.8969767], [98.143723, 13.8969544]]]}}, {"type": "Feature", "properties": {"osm_id": 508404000, "building": "yes"}, "geometry": {"type": "Polygon", "coordinates": [[[98.1445317, 13.8978006], [98.1445396, 13.8978893], [98.1446806, 13.8978774], [98.1446726, 13.8977887], [98.1445317, 13.8978006]]]}}, {"type": "Feature", "properties": {"osm_id": 508404001, "building": "yes"}, "geometry": {"type": "Polygon", "coordinates": [[[98.1421083, 13.8988083], [98.142119, 13.898928], [98.1424805, 13.8988975], [98.1424698, 13.8987778], [98.1421083, 13.8988083]]]}}, {"type": "Feature", "properties": {"osm_id": 508404003, "building": "yes"}, "geometry": {"type": "Polygon", "coordinates": [[[98.1409134, 13.8992092], [98.1409764, 13.8992196], [98.1410015, 13.8990765], [98.1409385, 13.8990661], [98.1409134, 13.8992092]]]}}, {"type": "Feature", "properties": {"osm_id": 508404004, "building": "yes"}, "geometry": {"type": "Polygon", "coordinates": [[[98.1426004, 13.8989708], [98.14266, 13.8991056], [98.1427243, 13.8990787], [98.1427034, 13.8990313], [98.1427555, 13.8990096], [98.1427793, 13.8990635], [98.1428367, 13.8990395], [98.1428144, 13.8989893], [98.1428892, 13.8989581], [98.1429208, 13.8990295], [98.1429972, 13.8989976], [98.1429254, 13.8988353], [98.1426004, 13.8989708]]]}}, {"type": "Feature", "properties": {"osm_id": 508572595, "building": "yes"}, "geometry": {"type": "Polygon", "coordinates": [[[98.1395267, 13.8998927], [98.1395267, 13.8999513], [98.1396528, 13.8999513], [98.1396528, 13.8998927], [98.1395267, 13.8998927]]]}}, {"type": "Feature", "properties": {"osm_id": 508572651, "building": "residential"}, "geometry": {"type": "Polygon", "coordinates": [[[98.1440706, 13.8980757], [98.1441371, 13.8982022], [98.1443572, 13.8980932], [98.1444159, 13.8982048], [98.1443832, 13.898221], [98.1444037, 13.89826], [98.1445474, 13.8981887], [98.1444016, 13.8979116], [98.1440706, 13.8980757]]]}}, {"type": "Feature", "properties": {"osm_id": 508572655, "building": "yes"}, "geometry": {"type": "Polygon", "coordinates": [[[98.1387637, 13.8973443], [98.1387099, 13.8976141], [98.1388478, 13.89764], [98.1389016, 13.8973702], [98.1387637, 13.8973443]]]}}, {"type": "Feature", "properties": {"osm_id": 508851056, "building": "yes"}, "geometry": {"type": "Polygon", "coordinates": [[[98.1393349, 13.8993524], [98.1392035, 13.8993238], [98.1391937, 13.8993662], [98.1393251, 13.8993949], [98.1393349, 13.8993524]]]}}, {"type": "Feature", "properties": {"osm_id": 508851057, "building": "yes"}, "geometry": {"type": "Polygon", "coordinates": [[[98.1393081, 13.8994175], [98.1391954, 13.8993967], [98.1391866, 13.8994419], [98.1392992, 13.8994627], [98.1393081, 13.8994175]]]}}, {"type": "Feature", "properties": {"osm_id": 508851058, "building": "yes"}, "geometry": {"type": "Polygon", "coordinates": [[[98.139638, 13.8994722], [98.1395468, 13.8994227], [98.1395251, 13.8994605], [98.1396163, 13.89951], [98.139638, 13.8994722]]]}}, {"type": "Feature", "properties": {"osm_id": 508851059, "building": "yes"}, "geometry": {"type": "Polygon", "coordinates": [[[98.1396514, 13.8995607], [98.1395334, 13.8995165], [98.1395166, 13.8995587], [98.1396346, 13.8996029], [98.1396514, 13.8995607]]]}}, {"type": "Feature", "properties": {"osm_id": 508851060, "building": "yes"}, "geometry": {"type": "Polygon", "coordinates": [[[98.1392866, 13.8995087], [98.1391686, 13.899493], [98.1391621, 13.8995397], [98.1392801, 13.8995554], [98.1392866, 13.8995087]]]}}, {"type": "Feature", "properties": {"osm_id": 508851061, "building": "yes"}, "geometry": {"type": "Polygon", "coordinates": [[[98.1392974, 13.8995737], [98.1391954, 13.8995607], [98.1391884, 13.8996128], [98.1392903, 13.8996258], [98.1392974, 13.8995737]]]}}, {"type": "Feature", "properties": {"osm_id": 508851062, "building": "yes"}, "geometry": {"type": "Polygon", "coordinates": [[[98.1393341, 13.8996737], [98.1391946, 13.8996398], [98.1391779, 13.8997048], [98.1393174, 13.8997386], [98.1393341, 13.8996737]]]}}, {"type": "Feature", "properties": {"osm_id": 508851063, "building": "yes"}, "geometry": {"type": "Polygon", "coordinates": [[[98.1396165, 13.8996857], [98.13952, 13.8996831], [98.1395189, 13.8997196], [98.1396155, 13.8997222], [98.1396165, 13.8996857]]]}}, {"type": "Feature", "properties": {"osm_id": 508851064, "building": "yes"}, "geometry": {"type": "Polygon", "coordinates": [[[98.1392759, 13.8998003], [98.1392089, 13.8998107], [98.1392166, 13.8998576], [98.1392836, 13.8998472], [98.1392759, 13.8998003]]]}}, {"type": "Feature", "properties": {"osm_id": 508851065, "building": "yes"}, "geometry": {"type": "Polygon", "coordinates": [[[98.1392866, 13.8998706], [98.1390291, 13.8999044], [98.1390366, 13.8999582], [98.1392941, 13.8999243], [98.1392866, 13.8998706]]]}}, {"type": "Feature", "properties": {"osm_id": 508851066, "building": "yes"}, "geometry": {"type": "Polygon", "coordinates": [[[98.1392732, 13.8999643], [98.1391793, 13.8999825], [98.1391936, 13.9000516], [98.1392875, 13.9000334], [98.1392732, 13.8999643]]]}}, {"type": "Feature", "properties": {"osm_id": 508853132, "building": "yes"}, "geometry": {"type": "Polygon", "coordinates": [[[98.1392893, 13.898514], [98.1393637, 13.8985261], [98.1393798, 13.8984323], [98.1393054, 13.8984203], [98.1392893, 13.898514]]]}}, {"type": "Feature", "properties": {"osm_id": 508853133, "building": "yes"}, "geometry": {"type": "Polygon", "coordinates": [[[98.1394379, 13.8986151], [98.1394333, 13.8986911], [98.1394789, 13.8986937], [98.1394835, 13.8986177], [98.1394379, 13.8986151]]]}}, {"type": "Feature", "properties": {"osm_id": 508853134, "building": "yes"}, "geometry": {"type": "Polygon", "coordinates": [[[98.1397802, 13.8986729], [98.1396702, 13.8986625], [98.1396645, 13.8987187], [98.1397745, 13.8987291], [98.1397802, 13.8986729]]]}}, {"type": "Feature", "properties": {"osm_id": 508853135, "building": "yes"}, "geometry": {"type": "Polygon", "coordinates": [[[98.1395388, 13.898626], [98.1395477, 13.898707], [98.1396228, 13.8986992], [98.1396139, 13.8986182], [98.1395388, 13.898626]]]}}, {"type": "Feature", "properties": {"osm_id": 508853136, "building": "yes"}, "geometry": {"type": "Polygon", "coordinates": [[[98.1388038, 13.8984984], [98.1388074, 13.898561], [98.138904, 13.8985558], [98.1389004, 13.8984932], [98.1388038, 13.8984984]]]}}, {"type": "Feature", "properties": {"osm_id": 508853137, "building": "yes"}, "geometry": {"type": "Polygon", "coordinates": [[[98.1402254, 13.8987484], [98.1402361, 13.8988473], [98.1402868, 13.8988421], [98.1402761, 13.8987432], [98.1402254, 13.8987484]]]}}, {"type": "Feature", "properties": {"osm_id": 508853138, "building": "yes"}, "geometry": {"type": "Polygon", "coordinates": [[[98.1423511, 13.8993017], [98.1423511, 13.8994006], [98.1424195, 13.8994006], [98.1424195, 13.8993017], [98.1423511, 13.8993017]]]}}, {"type": "Feature", "properties": {"osm_id": 508853139, "building": "yes"}, "geometry": {"type": "Polygon", "coordinates": [[[98.1422706, 13.8993251], [98.1422719, 13.8994423], [98.1423275, 13.8994417], [98.1423262, 13.8993245], [98.1422706, 13.8993251]]]}}, {"type": "Feature", "properties": {"osm_id": 508853140, "building": "yes"}, "geometry": {"type": "Polygon", "coordinates": [[[98.1421714, 13.8993889], [98.1421727, 13.8994878], [98.1422429, 13.8994869], [98.1422415, 13.899388], [98.1421714, 13.8993889]]]}}, {"type": "Feature", "properties": {"osm_id": 508853141, "building": "yes"}, "geometry": {"type": "Polygon", "coordinates": [[[98.1420064, 13.8993824], [98.1420077, 13.8994735], [98.1420781, 13.8994725], [98.1420767, 13.8993814], [98.1420064, 13.8993824]]]}}, {"type": "Feature", "properties": {"osm_id": 508853142, "building": "yes"}, "geometry": {"type": "Polygon", "coordinates": [[[98.1419326, 13.8993381], [98.14193, 13.8994266], [98.1419718, 13.8994278], [98.1419745, 13.8993393], [98.1419326, 13.8993381]]]}}, {"type": "Feature", "properties": {"osm_id": 508853143, "building": "yes"}, "geometry": {"type": "Polygon", "coordinates": [[[98.1418817, 13.8993329], [98.141883, 13.8994162], [98.1419144, 13.8994157], [98.141913, 13.8993324], [98.1418817, 13.8993329]]]}}, {"type": "Feature", "properties": {"osm_id": 508853144, "building": "yes"}, "geometry": {"type": "Polygon", "coordinates": [[[98.1417717, 13.8993225], [98.1417744, 13.8994787], [98.1418408, 13.8994776], [98.1418381, 13.8993214], [98.1417717, 13.8993225]]]}}, {"type": "Feature", "properties": {"osm_id": 508853145, "building": "yes"}, "geometry": {"type": "Polygon", "coordinates": [[[98.1416014, 13.8992965], [98.1415987, 13.8993615], [98.1416658, 13.8993641], [98.1416684, 13.8992991], [98.1416014, 13.8992965]]]}}, {"type": "Feature", "properties": {"osm_id": 508853146, "building": "yes"}, "geometry": {"type": "Polygon", "coordinates": [[[98.1414887, 13.8992444], [98.1414887, 13.8993615], [98.1415464, 13.8993615], [98.1415464, 13.8992444], [98.1414887, 13.8992444]]]}}, {"type": "Feature", "properties": {"osm_id": 508853147, "building": "yes"}, "geometry": {"type": "Polygon", "coordinates": [[[98.141415, 13.8992457], [98.1414123, 13.8993251], [98.1414638, 13.8993267], [98.1414665, 13.8992473], [98.141415, 13.8992457]]]}}, {"type": "Feature", "properties": {"osm_id": 508853148, "building": "yes"}, "geometry": {"type": "Polygon", "coordinates": [[[98.1412607, 13.899217], [98.1412648, 13.8992951], [98.1413383, 13.8992916], [98.1413343, 13.8992135], [98.1412607, 13.899217]]]}}, {"type": "Feature", "properties": {"osm_id": 508853149, "building": "yes"}, "geometry": {"type": "Polygon", "coordinates": [[[98.1411937, 13.8991363], [98.1411883, 13.8992431], [98.1412403, 13.8992455], [98.1412456, 13.8991388], [98.1411937, 13.8991363]]]}}, {"type": "Feature", "properties": {"osm_id": 508853150, "building": "yes"}, "geometry": {"type": "Polygon", "coordinates": [[[98.1411105, 13.8991077], [98.1411052, 13.8991936], [98.1411674, 13.8991973], [98.1411727, 13.8991113], [98.1411105, 13.8991077]]]}}, {"type": "Feature", "properties": {"osm_id": 508853151, "building": "yes"}, "geometry": {"type": "Polygon", "coordinates": [[[98.1406063, 13.8995204], [98.140503, 13.8995217], [98.1405038, 13.8995776], [98.140607, 13.8995763], [98.1406063, 13.8995204]]]}}, {"type": "Feature", "properties": {"osm_id": 508853152, "building": "yes"}, "geometry": {"type": "Polygon", "coordinates": [[[98.1404749, 13.8994058], [98.1404913, 13.8994493], [98.140557, 13.8994259], [98.1405406, 13.8993824], [98.1404749, 13.8994058]]]}}, {"type": "Feature", "properties": {"osm_id": 508853155, "building": "yes"}, "geometry": {"type": "Polygon", "coordinates": [[[98.140782, 13.8995607], [98.140782, 13.8996245], [98.1408598, 13.8996245], [98.1408598, 13.8995607], [98.140782, 13.8995607]]]}}, {"type": "Feature", "properties": {"osm_id": 508853156, "building": "yes"}, "geometry": {"type": "Polygon", "coordinates": [[[98.1409, 13.899661], [98.140912, 13.8997058], [98.1410153, 13.8996798], [98.1410032, 13.8996349], [98.1409, 13.899661]]]}}, {"type": "Feature", "properties": {"osm_id": 508853157, "building": "yes"}, "geometry": {"type": "Polygon", "coordinates": [[[98.1410126, 13.8997716], [98.1410156, 13.899839], [98.1411108, 13.8998351], [98.1411079, 13.8997677], [98.1410126, 13.8997716]]]}}, {"type": "Feature", "properties": {"osm_id": 508853161, "building": "yes"}, "geometry": {"type": "Polygon", "coordinates": [[[98.1409684, 13.8998823], [98.1409807, 13.899945], [98.1410933, 13.8999241], [98.141081, 13.8998614], [98.1409684, 13.8998823]]]}}, {"type": "Feature", "properties": {"osm_id": 508853162, "building": "yes"}, "geometry": {"type": "Polygon", "coordinates": [[[98.1406385, 13.8998393], [98.1406559, 13.8999136], [98.1407619, 13.8998902], [98.1407444, 13.8998159], [98.1406385, 13.8998393]]]}}, {"type": "Feature", "properties": {"osm_id": 508853163, "building": "yes"}, "geometry": {"type": "Polygon", "coordinates": [[[98.1407243, 13.8999994], [98.1407559, 13.9000577], [98.1408323, 13.9000187], [98.1408007, 13.8999604], [98.1407243, 13.8999994]]]}}, {"type": "Feature", "properties": {"osm_id": 508853180, "building": "yes"}, "geometry": {"type": "Polygon", "coordinates": [[[98.14101, 13.8991376], [98.1410021, 13.899189], [98.1410745, 13.8991994], [98.1410824, 13.899148], [98.14101, 13.8991376]]]}}, {"type": "Feature", "properties": {"osm_id": 508853181, "building": "yes"}, "geometry": {"type": "Polygon", "coordinates": [[[98.1407739, 13.8990999], [98.1407739, 13.8991546], [98.1408329, 13.8991546], [98.1408329, 13.8990999], [98.1407739, 13.8990999]]]}}, {"type": "Feature", "properties": {"osm_id": 508853182, "building": "yes"}, "geometry": {"type": "Polygon", "coordinates": [[[98.1404588, 13.8992561], [98.1403823, 13.8992978], [98.1404145, 13.8993533], [98.1404909, 13.8993117], [98.1404588, 13.8992561]]]}}, {"type": "Feature", "properties": {"osm_id": 508853183, "building": "yes"}, "geometry": {"type": "Polygon", "coordinates": [[[98.1406465, 13.8992691], [98.1406455, 13.8993316], [98.1407286, 13.8993329], [98.1407297, 13.8992704], [98.1406465, 13.8992691]]]}}, {"type": "Feature", "properties": {"osm_id": 508853184, "building": "yes"}, "geometry": {"type": "Polygon", "coordinates": [[[98.1406814, 13.8990335], [98.1406787, 13.8991611], [98.1407294, 13.8991621], [98.1407321, 13.8990345], [98.1406814, 13.8990335]]]}}, {"type": "Feature", "properties": {"osm_id": 508853185, "building": "yes"}, "geometry": {"type": "Polygon", "coordinates": [[[98.1404869, 13.8990035], [98.1405017, 13.8991415], [98.1405791, 13.8991337], [98.1405644, 13.8989957], [98.1404869, 13.8990035]]]}}, {"type": "Feature", "properties": {"osm_id": 508853186, "building": "yes"}, "geometry": {"type": "Polygon", "coordinates": [[[98.140104, 13.8987748], [98.1401544, 13.8989206], [98.1400464, 13.8989557], [98.1399961, 13.8988099], [98.140104, 13.8987748]]]}}, {"type": "Feature", "properties": {"osm_id": 508853187, "building": "yes"}, "geometry": {"type": "Polygon", "coordinates": [[[98.1403112, 13.8991585], [98.1403387, 13.8992264], [98.1404514, 13.8991834], [98.1404239, 13.8991155], [98.1403112, 13.8991585]]]}}, {"type": "Feature", "properties": {"osm_id": 508853188, "building": "yes"}, "geometry": {"type": "Polygon", "coordinates": [[[98.1403354, 13.8991207], [98.1403786, 13.8991184], [98.1403732, 13.8990246], [98.14033, 13.899027], [98.1403354, 13.8991207]]]}}, {"type": "Feature", "properties": {"osm_id": 508853189, "building": "yes"}, "geometry": {"type": "Polygon", "coordinates": [[[98.140212, 13.8992457], [98.1402912, 13.8992377], [98.1402751, 13.8990867], [98.1401959, 13.8990947], [98.140212, 13.8992457]]]}}, {"type": "Feature", "properties": {"osm_id": 508853190, "building": "yes"}, "geometry": {"type": "Polygon", "coordinates": [[[98.140102, 13.8992066], [98.1401618, 13.8992032], [98.1401564, 13.8991147], [98.1400967, 13.8991181], [98.140102, 13.8992066]]]}}, {"type": "Feature", "properties": {"osm_id": 508853191, "building": "yes"}, "geometry": {"type": "Polygon", "coordinates": [[[98.1401128, 13.8993707], [98.1401778, 13.8993681], [98.1401738, 13.8992718], [98.1401087, 13.8992743], [98.1401128, 13.8993707]]]}}, {"type": "Feature", "properties": {"osm_id": 508853192, "building": "yes"}, "geometry": {"type": "Polygon", "coordinates": [[[98.140043, 13.8992769], [98.140109, 13.8992599], [98.1400768, 13.8991427], [98.1400108, 13.8991598], [98.140043, 13.8992769]]]}}, {"type": "Feature", "properties": {"osm_id": 508853193, "building": "yes"}, "geometry": {"type": "Polygon", "coordinates": [[[98.1398419, 13.8990335], [98.139907, 13.8990363], [98.139911, 13.8989491], [98.1398459, 13.8989463], [98.1398419, 13.8990335]]]}}, {"type": "Feature", "properties": {"osm_id": 508853194, "building": "yes"}, "geometry": {"type": "Polygon", "coordinates": [[[98.1397668, 13.8989632], [98.1398252, 13.8989607], [98.1398199, 13.8988422], [98.1397614, 13.8988447], [98.1397668, 13.8989632]]]}}, {"type": "Feature", "properties": {"osm_id": 508853195, "building": "yes"}, "geometry": {"type": "Polygon", "coordinates": [[[98.1397077, 13.8990712], [98.1396568, 13.8989541], [98.1396067, 13.8989746], [98.1396577, 13.8990917], [98.1397077, 13.8990712]]]}}, {"type": "Feature", "properties": {"osm_id": 508853196, "building": "yes"}, "geometry": {"type": "Polygon", "coordinates": [[[98.1395401, 13.898971], [98.1394791, 13.8989893], [98.1395247, 13.8991325], [98.1395857, 13.8991142], [98.1395401, 13.898971]]]}}, {"type": "Feature", "properties": {"osm_id": 508853197, "building": "yes"}, "geometry": {"type": "Polygon", "coordinates": [[[98.1398579, 13.8992092], [98.1398901, 13.899316], [98.13995, 13.899299], [98.1399178, 13.8991922], [98.1398579, 13.8992092]]]}}, {"type": "Feature", "properties": {"osm_id": 508853198, "building": "yes"}, "geometry": {"type": "Polygon", "coordinates": [[[98.1398365, 13.8992431], [98.1397765, 13.8992696], [98.1398463, 13.899418], [98.1399062, 13.8993915], [98.1398365, 13.8992431]]]}}, {"type": "Feature", "properties": {"osm_id": 508853199, "building": "yes"}, "geometry": {"type": "Polygon", "coordinates": [[[98.1397319, 13.8992978], [98.1396821, 13.8993288], [98.1397304, 13.8994017], [98.1397802, 13.8993707], [98.1397319, 13.8992978]]]}}, {"type": "Feature", "properties": {"osm_id": 508853200, "building": "yes"}, "geometry": {"type": "Polygon", "coordinates": [[[98.1394637, 13.899191], [98.1393805, 13.8990999], [98.139337, 13.8991373], [98.1394202, 13.8992284], [98.1394637, 13.899191]]]}}, {"type": "Feature", "properties": {"osm_id": 508853201, "building": "yes"}, "geometry": {"type": "Polygon", "coordinates": [[[98.138895, 13.8986572], [98.138769, 13.8986625], [98.1387709, 13.8987069], [98.138897, 13.8987017], [98.138895, 13.8986572]]]}}, {"type": "Feature", "properties": {"osm_id": 508853202, "building": "yes"}, "geometry": {"type": "Polygon", "coordinates": [[[98.1385303, 13.8988421], [98.1384203, 13.8988473], [98.1384234, 13.8989095], [98.1385334, 13.8989043], [98.1385303, 13.8988421]]]}}, {"type": "Feature", "properties": {"osm_id": 508853203, "building": "yes"}, "geometry": {"type": "Polygon", "coordinates": [[[98.1385329, 13.8989593], [98.1384578, 13.8989619], [98.1384596, 13.8990086], [98.1385347, 13.899006], [98.1385329, 13.8989593]]]}}, {"type": "Feature", "properties": {"osm_id": 508853204, "building": "yes"}, "geometry": {"type": "Polygon", "coordinates": [[[98.1383076, 13.8991415], [98.1382298, 13.8991415], [98.1382298, 13.8992014], [98.1383076, 13.8992014], [98.1383076, 13.8991415]]]}}, {"type": "Feature", "properties": {"osm_id": 508853205, "building": "yes"}, "geometry": {"type": "Polygon", "coordinates": [[[98.1384981, 13.8990816], [98.1383988, 13.8990921], [98.1384069, 13.8991647], [98.1385062, 13.8991543], [98.1384981, 13.8990816]]]}}, {"type": "Feature", "properties": {"osm_id": 508853206, "building": "yes"}, "geometry": {"type": "Polygon", "coordinates": [[[98.1384766, 13.8992587], [98.1383881, 13.8992639], [98.1383912, 13.8993138], [98.1384797, 13.8993086], [98.1384766, 13.8992587]]]}}, {"type": "Feature", "properties": {"osm_id": 508853207, "building": "yes"}, "geometry": {"type": "Polygon", "coordinates": [[[98.1384122, 13.8993915], [98.1382835, 13.8993967], [98.1382863, 13.8994626], [98.1384151, 13.8994574], [98.1384122, 13.8993915]]]}}, {"type": "Feature", "properties": {"osm_id": 508853208, "building": "yes"}, "geometry": {"type": "Polygon", "coordinates": [[[98.1383784, 13.8999086], [98.1382918, 13.899929], [98.1383094, 13.8999994], [98.1383961, 13.899979], [98.1383784, 13.8999086]]]}}, {"type": "Feature", "properties": {"osm_id": 508853209, "building": "yes"}, "geometry": {"type": "Polygon", "coordinates": [[[98.1384069, 13.8995555], [98.1383157, 13.8995685], [98.138325, 13.8996302], [98.1384162, 13.8996171], [98.1384069, 13.8995555]]]}}, {"type": "Feature", "properties": {"osm_id": 508853210, "building": "yes"}, "geometry": {"type": "Polygon", "coordinates": [[[98.1386507, 13.8998084], [98.1385541, 13.8998058], [98.1385519, 13.8998838], [98.1386485, 13.8998864], [98.1386507, 13.8998084]]]}}, {"type": "Feature", "properties": {"osm_id": 508857449, "building": "yes"}, "geometry": {"type": "Polygon", "coordinates": [[[98.1432027, 13.8999226], [98.1432603, 13.8999073], [98.1432227, 13.8997745], [98.1431651, 13.8997898], [98.1432027, 13.8999226]]]}}, {"type": "Feature", "properties": {"osm_id": 508857451, "building": "yes"}, "geometry": {"type": "Polygon", "coordinates": [[[98.1431088, 13.8999565], [98.1431796, 13.8999506], [98.1431689, 13.8998283], [98.1430981, 13.8998341], [98.1431088, 13.8999565]]]}}, {"type": "Feature", "properties": {"osm_id": 508857452, "building": "yes"}, "geometry": {"type": "Polygon", "coordinates": [[[98.1427601, 13.8999851], [98.1428678, 13.8999806], [98.1428624, 13.8998608], [98.1427547, 13.8998654], [98.1427601, 13.8999851]]]}}, {"type": "Feature", "properties": {"osm_id": 508857455, "building": "yes"}, "geometry": {"type": "Polygon", "coordinates": [[[98.1424195, 13.8999226], [98.1424941, 13.8999242], [98.1424968, 13.8998071], [98.1424221, 13.8998055], [98.1424195, 13.8999226]]]}}, {"type": "Feature", "properties": {"osm_id": 508857456, "building": "yes"}, "geometry": {"type": "Polygon", "coordinates": [[[98.1421968, 13.900032], [98.142263, 13.9000373], [98.142271, 13.8999436], [98.1422049, 13.8999383], [98.1421968, 13.900032]]]}}, {"type": "Feature", "properties": {"osm_id": 508857459, "building": "yes"}, "geometry": {"type": "Polygon", "coordinates": [[[98.1423014, 13.9000919], [98.1423877, 13.9000903], [98.1423851, 13.8999497], [98.1422988, 13.8999513], [98.1423014, 13.9000919]]]}}, {"type": "Feature", "properties": {"osm_id": 508857460, "building": "yes"}, "geometry": {"type": "Polygon", "coordinates": [[[98.1420225, 13.9001049], [98.1420982, 13.9001022], [98.1420928, 13.8999616], [98.1420171, 13.8999643], [98.1420225, 13.9001049]]]}}, {"type": "Feature", "properties": {"osm_id": 508857461, "building": "yes"}, "geometry": {"type": "Polygon", "coordinates": [[[98.1419125, 13.89992], [98.1419045, 13.9000086], [98.1419582, 13.9000132], [98.1419662, 13.8999246], [98.1419125, 13.89992]]]}}, {"type": "Feature", "properties": {"osm_id": 508857462, "building": "yes"}, "geometry": {"type": "Polygon", "coordinates": [[[98.1418106, 13.8998471], [98.1418267, 13.8999877], [98.1418932, 13.8999805], [98.1418771, 13.89984], [98.1418106, 13.8998471]]]}}, {"type": "Feature", "properties": {"osm_id": 582862266, "building": "yes"}, "geometry": {"type": "Polygon", "coordinates": [[[98.1505801, 13.8786224], [98.1505834, 13.878678], [98.1507202, 13.8786702], [98.1507169, 13.8786146], [98.1505801, 13.8786224]]]}}, {"type": "Feature", "properties": {"osm_id": 582862267, "building": "yes"}, "geometry": {"type": "Polygon", "coordinates": [[[98.1507021, 13.8785013], [98.1507786, 13.8785039], [98.1507834, 13.8783692], [98.150707, 13.8783666], [98.1507021, 13.8785013]]]}}, {"type": "Feature", "properties": {"osm_id": 582862268, "building": "yes"}, "geometry": {"type": "Polygon", "coordinates": [[[98.150847, 13.8781446], [98.150969, 13.8781432], [98.150968, 13.8780521], [98.1508459, 13.8780534], [98.150847, 13.8781446]]]}}, {"type": "Feature", "properties": {"osm_id": 582862269, "building": "yes"}, "geometry": {"type": "Polygon", "coordinates": [[[98.1504782, 13.8782383], [98.1505465, 13.8782344], [98.1505432, 13.8781785], [98.1504748, 13.8781824], [98.1504782, 13.8782383]]]}}, {"type": "Feature", "properties": {"osm_id": 582862270, "building": "yes"}, "geometry": {"type": "Polygon", "coordinates": [[[98.150446, 13.8780482], [98.15056, 13.8780456], [98.150557, 13.8779218], [98.150443, 13.8779244], [98.150446, 13.8780482]]]}}, {"type": "Feature", "properties": {"osm_id": 582862271, "building": "yes"}, "geometry": {"type": "Polygon", "coordinates": [[[98.1506605, 13.8781888], [98.150796, 13.8781836], [98.1507923, 13.878094], [98.1506569, 13.8780992], [98.1506605, 13.8781888]]]}}, {"type": "Feature", "properties": {"osm_id": 582862272, "building": "yes"}, "geometry": {"type": "Polygon", "coordinates": [[[98.1505948, 13.8779401], [98.1505928, 13.8780494], [98.1507444, 13.878052], [98.1507464, 13.8779427], [98.1505948, 13.8779401]]]}}, {"type": "Feature", "properties": {"osm_id": 582862273, "building": "yes"}, "geometry": {"type": "Polygon", "coordinates": [[[98.1505734, 13.8778191], [98.1505734, 13.8778998], [98.1507249, 13.8778998], [98.1507249, 13.8778191], [98.1505734, 13.8778191]]]}}, {"type": "Feature", "properties": {"osm_id": 582862274, "building": "yes"}, "geometry": {"type": "Polygon", "coordinates": [[[98.1501764, 13.8774727], [98.1502971, 13.8774727], [98.1502971, 13.8773881], [98.1501764, 13.8773881], [98.1501764, 13.8774727]]]}}, {"type": "Feature", "properties": {"osm_id": 582862275, "building": "yes"}, "geometry": {"type": "Polygon", "coordinates": [[[98.1504714, 13.8773087], [98.1506364, 13.8772996], [98.1506333, 13.8772464], [98.1504683, 13.8772556], [98.1504714, 13.8773087]]]}}, {"type": "Feature", "properties": {"osm_id": 582862276, "building": "yes"}, "geometry": {"type": "Polygon", "coordinates": [[[98.1505653, 13.8776068], [98.1507061, 13.8775925], [98.1506961, 13.8774991], [98.1505552, 13.8775134], [98.1505653, 13.8776068]]]}}, {"type": "Feature", "properties": {"osm_id": 582862277, "building": "yes"}, "geometry": {"type": "Polygon", "coordinates": [[[98.150501, 13.8773412], [98.1504988, 13.8773786], [98.1506651, 13.8773877], [98.1506672, 13.8773504], [98.150501, 13.8773412]]]}}, {"type": "Feature", "properties": {"osm_id": 582862278, "building": "yes"}, "geometry": {"type": "Polygon", "coordinates": [[[98.1505063, 13.8774936], [98.1506887, 13.8774806], [98.1506827, 13.8774019], [98.1505004, 13.8774149], [98.1505063, 13.8774936]]]}}, {"type": "Feature", "properties": {"osm_id": 582862279, "building": "yes"}, "geometry": {"type": "Polygon", "coordinates": [[[98.1505211, 13.8772241], [98.1506324, 13.8772202], [98.1506298, 13.877152], [98.1505185, 13.8771559], [98.1505211, 13.8772241]]]}}, {"type": "Feature", "properties": {"osm_id": 582862280, "building": "yes"}, "geometry": {"type": "Polygon", "coordinates": [[[98.150678, 13.8771303], [98.1508376, 13.8771069], [98.1508185, 13.8769845], [98.1506589, 13.8770079], [98.150678, 13.8771303]]]}}, {"type": "Feature", "properties": {"osm_id": 582862281, "building": "yes"}, "geometry": {"type": "Polygon", "coordinates": [[[98.1509703, 13.8773074], [98.1511125, 13.8772801], [98.1510963, 13.8772007], [98.1509541, 13.877228], [98.1509703, 13.8773074]]]}}, {"type": "Feature", "properties": {"osm_id": 582862282, "building": "yes"}, "geometry": {"type": "Polygon", "coordinates": [[[98.1509677, 13.8774115], [98.1510977, 13.8773946], [98.1510883, 13.8773262], [98.1509582, 13.8773432], [98.1509677, 13.8774115]]]}}, {"type": "Feature", "properties": {"osm_id": 582862283, "building": "yes"}, "geometry": {"type": "Polygon", "coordinates": [[[98.1508027, 13.8774558], [98.15091, 13.877448], [98.1509037, 13.877367], [98.1507964, 13.8773748], [98.1508027, 13.8774558]]]}}, {"type": "Feature", "properties": {"osm_id": 582862284, "building": "yes"}, "geometry": {"type": "Polygon", "coordinates": [[[98.1508107, 13.8775535], [98.1508235, 13.8776284], [98.1509375, 13.8776102], [98.1509247, 13.8775352], [98.1508107, 13.8775535]]]}}, {"type": "Feature", "properties": {"osm_id": 582862285, "building": "yes"}, "geometry": {"type": "Polygon", "coordinates": [[[98.1508537, 13.8777045], [98.1509851, 13.8776876], [98.1509757, 13.8776186], [98.1508442, 13.8776355], [98.1508537, 13.8777045]]]}}, {"type": "Feature", "properties": {"osm_id": 582862286, "building": "yes"}, "geometry": {"type": "Polygon", "coordinates": [[[98.1510615, 13.8778451], [98.151197, 13.8778373], [98.1511922, 13.8777585], [98.1510567, 13.8777663], [98.1510615, 13.8778451]]]}}, {"type": "Feature", "properties": {"osm_id": 582862287, "building": "yes"}, "geometry": {"type": "Polygon", "coordinates": [[[98.1508523, 13.877823], [98.1509878, 13.8778139], [98.1509833, 13.8777518], [98.1508479, 13.877761], [98.1508523, 13.877823]]]}}, {"type": "Feature", "properties": {"osm_id": 582862288, "building": "yes"}, "geometry": {"type": "Polygon", "coordinates": [[[98.1508483, 13.8778529], [98.1508501, 13.8779039], [98.1509655, 13.8779], [98.1509636, 13.877849], [98.1508483, 13.8778529]]]}}, {"type": "Feature", "properties": {"osm_id": 582862289, "building": "yes"}, "geometry": {"type": "Polygon", "coordinates": [[[98.1509663, 13.8780131], [98.1510736, 13.8780039], [98.1510653, 13.8779113], [98.150958, 13.8779204], [98.1509663, 13.8780131]]]}}, {"type": "Feature", "properties": {"osm_id": 582862290, "building": "yes"}, "geometry": {"type": "Polygon", "coordinates": [[[98.1510817, 13.8779688], [98.1511286, 13.8779675], [98.1511258, 13.8778738], [98.1510789, 13.8778751], [98.1510817, 13.8779688]]]}}, {"type": "Feature", "properties": {"osm_id": 582862291, "building": "yes"}, "geometry": {"type": "Polygon", "coordinates": [[[98.1511407, 13.8779948], [98.1512158, 13.8779961], [98.151218, 13.8778747], [98.1511429, 13.8778734], [98.1511407, 13.8779948]]]}}, {"type": "Feature", "properties": {"osm_id": 582862292, "building": "yes"}, "geometry": {"type": "Polygon", "coordinates": [[[98.1512493, 13.878043], [98.1513177, 13.8780404], [98.1513142, 13.8779549], [98.1512458, 13.8779575], [98.1512493, 13.878043]]]}}, {"type": "Feature", "properties": {"osm_id": 582862293, "building": "yes"}, "geometry": {"type": "Polygon", "coordinates": [[[98.1510025, 13.8781576], [98.1510642, 13.8781537], [98.1510578, 13.8780575], [98.1509961, 13.8780614], [98.1510025, 13.8781576]]]}}, {"type": "Feature", "properties": {"osm_id": 582862294, "building": "yes"}, "geometry": {"type": "Polygon", "coordinates": [[[98.1508926, 13.8783372], [98.1509931, 13.878332], [98.1509872, 13.8782244], [98.1508866, 13.8782296], [98.1508926, 13.8783372]]]}}, {"type": "Feature", "properties": {"osm_id": 582862295, "building": "yes"}, "geometry": {"type": "Polygon", "coordinates": [[[98.1510495, 13.8784062], [98.1511581, 13.8784075], [98.1511602, 13.8782395], [98.1510516, 13.8782382], [98.1510495, 13.8784062]]]}}, {"type": "Feature", "properties": {"osm_id": 582862296, "building": "yes"}, "geometry": {"type": "Polygon", "coordinates": [[[98.1511205, 13.8781732], [98.1512037, 13.8781771], [98.1512092, 13.8780656], [98.1511261, 13.8780617], [98.1511205, 13.8781732]]]}}, {"type": "Feature", "properties": {"osm_id": 582862297, "building": "yes"}, "geometry": {"type": "Polygon", "coordinates": [[[98.1512681, 13.8775105], [98.1514035, 13.8775014], [98.1513981, 13.8774251], [98.1512626, 13.8774342], [98.1512681, 13.8775105]]]}}, {"type": "Feature", "properties": {"osm_id": 582862298, "building": "yes"}, "geometry": {"type": "Polygon", "coordinates": [[[98.1514129, 13.8776511], [98.1514867, 13.8776459], [98.1514809, 13.8775696], [98.1514072, 13.8775748], [98.1514129, 13.8776511]]]}}, {"type": "Feature", "properties": {"osm_id": 582862299, "building": "yes"}, "geometry": {"type": "Polygon", "coordinates": [[[98.1512332, 13.8776706], [98.1513472, 13.877668], [98.1513453, 13.87759], [98.1512313, 13.8775926], [98.1512332, 13.8776706]]]}}, {"type": "Feature", "properties": {"osm_id": 582862300, "building": "yes"}, "geometry": {"type": "Polygon", "coordinates": [[[98.1512426, 13.8778256], [98.1513378, 13.8778191], [98.1513319, 13.8777373], [98.1512367, 13.8777438], [98.1512426, 13.8778256]]]}}, {"type": "Feature", "properties": {"osm_id": 582862301, "building": "yes"}, "geometry": {"type": "Polygon", "coordinates": [[[98.1513861, 13.8777917], [98.15148, 13.8777878], [98.1514765, 13.8777087], [98.1513826, 13.8777126], [98.1513861, 13.8777917]]]}}, {"type": "Feature", "properties": {"osm_id": 582862302, "building": "yes"}, "geometry": {"type": "Polygon", "coordinates": [[[98.1515953, 13.8777956], [98.151712, 13.8777709], [98.1516968, 13.8777033], [98.1515801, 13.877728], [98.1515953, 13.8777956]]]}}, {"type": "Feature", "properties": {"osm_id": 582862303, "building": "yes"}, "geometry": {"type": "Polygon", "coordinates": [[[98.1514022, 13.8778959], [98.1514095, 13.8779632], [98.1515611, 13.8779476], [98.1515537, 13.8778803], [98.1514022, 13.8778959]]]}}, {"type": "Feature", "properties": {"osm_id": 582862304, "building": "yes"}, "geometry": {"type": "Polygon", "coordinates": [[[98.1514572, 13.8780951], [98.1515926, 13.878086], [98.1515842, 13.8779681], [98.1514487, 13.8779772], [98.1514572, 13.8780951]]]}}, {"type": "Feature", "properties": {"osm_id": 582862305, "building": "yes"}, "geometry": {"type": "Polygon", "coordinates": [[[98.1513123, 13.8782344], [98.1514129, 13.878237], [98.1514158, 13.8781333], [98.1513152, 13.8781307], [98.1513123, 13.8782344]]]}}, {"type": "Feature", "properties": {"osm_id": 582862306, "building": "yes"}, "geometry": {"type": "Polygon", "coordinates": [[[98.1512144, 13.8784961], [98.1512909, 13.8785091], [98.1513149, 13.878376], [98.1512385, 13.878363], [98.1512144, 13.8784961]]]}}, {"type": "Feature", "properties": {"osm_id": 582862307, "building": "yes"}, "geometry": {"type": "Polygon", "coordinates": [[[98.1513526, 13.8784388], [98.1514531, 13.8784219], [98.1514316, 13.8783011], [98.151331, 13.8783181], [98.1513526, 13.8784388]]]}}, {"type": "Feature", "properties": {"osm_id": 582862308, "building": "yes"}, "geometry": {"type": "Polygon", "coordinates": [[[98.1514075, 13.8786771], [98.1514679, 13.8786666], [98.1514332, 13.8784772], [98.1513728, 13.8784876], [98.1514075, 13.8786771]]]}}, {"type": "Feature", "properties": {"osm_id": 582862309, "building": "yes"}, "geometry": {"type": "Polygon", "coordinates": [[[98.151492, 13.8786901], [98.1515725, 13.8786966], [98.1515803, 13.8786054], [98.1514999, 13.8785989], [98.151492, 13.8786901]]]}}, {"type": "Feature", "properties": {"osm_id": 582862310, "building": "yes"}, "geometry": {"type": "Polygon", "coordinates": [[[98.1516469, 13.878817], [98.1517033, 13.878832], [98.1517275, 13.8787461], [98.1516711, 13.8787311], [98.1516469, 13.878817]]]}}, {"type": "Feature", "properties": {"osm_id": 582862311, "building": "yes"}, "geometry": {"type": "Polygon", "coordinates": [[[98.151767, 13.878899], [98.1518541, 13.8789036], [98.1518606, 13.878787], [98.1517734, 13.8787824], [98.151767, 13.878899]]]}}, {"type": "Feature", "properties": {"osm_id": 582862312, "building": "yes"}, "geometry": {"type": "Polygon", "coordinates": [[[98.1518615, 13.8789361], [98.1519594, 13.8789498], [98.1519774, 13.8788284], [98.1518795, 13.8788148], [98.1518615, 13.8789361]]]}}, {"type": "Feature", "properties": {"osm_id": 582862313, "building": "yes"}, "geometry": {"type": "Polygon", "coordinates": [[[98.1520459, 13.8789042], [98.1521223, 13.878899], [98.1521178, 13.8788363], [98.1520414, 13.8788415], [98.1520459, 13.8789042]]]}}, {"type": "Feature", "properties": {"osm_id": 582862314, "building": "yes"}, "geometry": {"type": "Polygon", "coordinates": [[[98.1521612, 13.8786432], [98.1522477, 13.8786432], [98.1522477, 13.8785306], [98.1521612, 13.8785306], [98.1521612, 13.8786432]]]}}, {"type": "Feature", "properties": {"osm_id": 582862315, "building": "yes"}, "geometry": {"type": "Polygon", "coordinates": [[[98.1522135, 13.8788281], [98.15229, 13.8788248], [98.1522857, 13.8787289], [98.1522092, 13.8787321], [98.1522135, 13.8788281]]]}}, {"type": "Feature", "properties": {"osm_id": 582862316, "building": "yes"}, "geometry": {"type": "Polygon", "coordinates": [[[98.1523624, 13.8788196], [98.1524315, 13.8788164], [98.1524242, 13.8786712], [98.1523551, 13.8786745], [98.1523624, 13.8788196]]]}}, {"type": "Feature", "properties": {"osm_id": 582862317, "building": "yes"}, "geometry": {"type": "Polygon", "coordinates": [[[98.1524576, 13.8788092], [98.1525294, 13.8788072], [98.1525257, 13.8786789], [98.1524539, 13.8786809], [98.1524576, 13.8788092]]]}}, {"type": "Feature", "properties": {"osm_id": 582862318, "building": "yes"}, "geometry": {"type": "Polygon", "coordinates": [[[98.1525924, 13.8787636], [98.1526688, 13.878761], [98.1526651, 13.878657], [98.1525886, 13.8786596], [98.1525924, 13.8787636]]]}}, {"type": "Feature", "properties": {"osm_id": 582862319, "building": "yes"}, "geometry": {"type": "Polygon", "coordinates": [[[98.1520828, 13.8790982], [98.1521458, 13.8790865], [98.1521265, 13.8789888], [98.1520635, 13.8790005], [98.1520828, 13.8790982]]]}}, {"type": "Feature", "properties": {"osm_id": 582862320, "building": "yes"}, "geometry": {"type": "Polygon", "coordinates": [[[98.152176, 13.8790611], [98.152233, 13.879052], [98.1522137, 13.8789384], [98.1521567, 13.8789475], [98.152176, 13.8790611]]]}}, {"type": "Feature", "properties": {"osm_id": 582862321, "building": "yes"}, "geometry": {"type": "Polygon", "coordinates": [[[98.1526782, 13.8789719], [98.1527426, 13.8789693], [98.1527388, 13.8788811], [98.1526745, 13.8788838], [98.1526782, 13.8789719]]]}}, {"type": "Feature", "properties": {"osm_id": 582862322, "building": "yes"}, "geometry": {"type": "Polygon", "coordinates": [[[98.1525435, 13.8789355], [98.1525944, 13.8789322], [98.1525902, 13.8788696], [98.1525392, 13.8788729], [98.1525435, 13.8789355]]]}}, {"type": "Feature", "properties": {"osm_id": 582862323, "building": "yes"}, "geometry": {"type": "Polygon", "coordinates": [[[98.1526031, 13.8789804], [98.1526474, 13.8789785], [98.1526424, 13.8788729], [98.1525982, 13.8788748], [98.1526031, 13.8789804]]]}}, {"type": "Feature", "properties": {"osm_id": 582862324, "building": "yes"}, "geometry": {"type": "Polygon", "coordinates": [[[98.1525542, 13.8790904], [98.1525736, 13.8791632], [98.1527057, 13.87913], [98.1526863, 13.8790572], [98.1525542, 13.8790904]]]}}, {"type": "Feature", "properties": {"osm_id": 582862325, "building": "yes"}, "geometry": {"type": "Polygon", "coordinates": [[[98.1526141, 13.8792166], [98.152712, 13.8792016], [98.1527046, 13.879156], [98.1526067, 13.879171], [98.1526141, 13.8792166]]]}}, {"type": "Feature", "properties": {"osm_id": 582862326, "building": "yes"}, "geometry": {"type": "Polygon", "coordinates": [[[98.152066, 13.8792629], [98.1521847, 13.8792362], [98.1521703, 13.879176], [98.1520516, 13.8792027], [98.152066, 13.8792629]]]}}, {"type": "Feature", "properties": {"osm_id": 582862327, "building": "yes"}, "geometry": {"type": "Polygon", "coordinates": [[[98.1519031, 13.8794122], [98.1520299, 13.8794028], [98.1520253, 13.8793452], [98.1518986, 13.8793547], [98.1519031, 13.8794122]]]}}, {"type": "Feature", "properties": {"osm_id": 582862328, "building": "yes"}, "geometry": {"type": "Polygon", "coordinates": [[[98.1519487, 13.8795513], [98.1520506, 13.8795402], [98.1520435, 13.8794782], [98.1519415, 13.8794893], [98.1519487, 13.8795513]]]}}, {"type": "Feature", "properties": {"osm_id": 582862329, "building": "yes"}, "geometry": {"type": "Polygon", "coordinates": [[[98.1518172, 13.8794875], [98.1518369, 13.8794868], [98.1518348, 13.8794309], [98.1518152, 13.8794315], [98.1518172, 13.8794875]]]}}, {"type": "Feature", "properties": {"osm_id": 582862330, "building": "yes"}, "geometry": {"type": "Polygon", "coordinates": [[[98.1518427, 13.8795565], [98.1519178, 13.8795565], [98.1519178, 13.8794283], [98.1518427, 13.8794283], [98.1518427, 13.8795565]]]}}, {"type": "Feature", "properties": {"osm_id": 582862331, "building": "yes"}, "geometry": {"type": "Polygon", "coordinates": [[[98.1515691, 13.8797303], [98.1516261, 13.8797492], [98.1516655, 13.8796371], [98.1516085, 13.8796183], [98.1515691, 13.8797303]]]}}, {"type": "Feature", "properties": {"osm_id": 582862332, "building": "yes"}, "geometry": {"type": "Polygon", "coordinates": [[[98.1517656, 13.8798221], [98.1518528, 13.8798228], [98.1518541, 13.879653], [98.151767, 13.8796523], [98.1517656, 13.8798221]]]}}, {"type": "Feature", "properties": {"osm_id": 582862333, "building": "yes"}, "geometry": {"type": "Polygon", "coordinates": [[[98.1519115, 13.8798048], [98.1519766, 13.8798074], [98.1519833, 13.8796494], [98.1519183, 13.8796468], [98.1519115, 13.8798048]]]}}, {"type": "Feature", "properties": {"osm_id": 582862334, "building": "yes"}, "geometry": {"type": "Polygon", "coordinates": [[[98.1521241, 13.8797033], [98.1522221, 13.8796907], [98.1522037, 13.8795561], [98.1521563, 13.8795622], [98.152167, 13.8796403], [98.1521163, 13.8796469], [98.1521199, 13.8796766], [98.1521241, 13.8797033]]]}}, {"type": "Feature", "properties": {"osm_id": 582862335, "building": "yes"}, "geometry": {"type": "Polygon", "coordinates": [[[98.1524107, 13.8800246], [98.1524047, 13.8799035], [98.1523487, 13.8799061], [98.1523547, 13.8800272], [98.1524107, 13.8800246]]]}}, {"type": "Feature", "properties": {"osm_id": 582862336, "building": "yes"}, "geometry": {"type": "Polygon", "coordinates": [[[98.152587, 13.8800838], [98.1526494, 13.8800773], [98.1526438, 13.8800264], [98.1525814, 13.8800329], [98.152587, 13.8800838]]]}}, {"type": "Feature", "properties": {"osm_id": 582862337, "building": "yes"}, "geometry": {"type": "Polygon", "coordinates": [[[98.1530182, 13.8798189], [98.1530578, 13.8798442], [98.1531077, 13.8797709], [98.1530681, 13.8797455], [98.1530182, 13.8798189]]]}}, {"type": "Feature", "properties": {"osm_id": 582862338, "building": "yes"}, "geometry": {"type": "Polygon", "coordinates": [[[98.1530504, 13.8793749], [98.1531174, 13.8793814], [98.1531232, 13.8793257], [98.1530561, 13.8793192], [98.1530504, 13.8793749]]]}}, {"type": "Feature", "properties": {"osm_id": 582862339, "building": "yes"}, "geometry": {"type": "Polygon", "coordinates": [[[98.1532542, 13.8789374], [98.1533481, 13.8789023], [98.1533151, 13.8788193], [98.1532213, 13.8788544], [98.1532542, 13.8789374]]]}}, {"type": "Feature", "properties": {"osm_id": 582862340, "building": "yes"}, "geometry": {"type": "Polygon", "coordinates": [[[98.1532516, 13.8790234], [98.1534085, 13.8789804], [98.1533898, 13.8789161], [98.1532329, 13.878959], [98.1532387, 13.8789814], [98.1532516, 13.8790234]]]}}, {"type": "Feature", "properties": {"osm_id": 582862341, "building": "yes"}, "geometry": {"type": "Polygon", "coordinates": [[[98.1536043, 13.8776433], [98.1537276, 13.8775886], [98.1536919, 13.8775126], [98.1535685, 13.8775673], [98.1536043, 13.8776433]]]}}, {"type": "Feature", "properties": {"osm_id": 582862342, "building": "yes"}, "geometry": {"type": "Polygon", "coordinates": [[[98.1535828, 13.877474], [98.1536619, 13.8774714], [98.1536581, 13.8773608], [98.1535789, 13.8773634], [98.1535828, 13.877474]]]}}, {"type": "Feature", "properties": {"osm_id": 582862343, "building": "yes"}, "geometry": {"type": "Polygon", "coordinates": [[[98.1535801, 13.8770236], [98.1535759, 13.8771174], [98.1537288, 13.8771239], [98.153733, 13.8770301], [98.1535801, 13.8770236]]]}}, {"type": "Feature", "properties": {"osm_id": 582862344, "building": "yes"}, "geometry": {"type": "Polygon", "coordinates": [[[98.1535909, 13.8767749], [98.1536512, 13.876771], [98.1536479, 13.8767235], [98.1535876, 13.8767274], [98.1535909, 13.8767749]]]}}, {"type": "Feature", "properties": {"osm_id": 582862345, "building": "yes"}, "geometry": {"type": "Polygon", "coordinates": [[[98.1534125, 13.876715], [98.1535426, 13.8766955], [98.1535302, 13.8766176], [98.1534001, 13.8766371], [98.1534125, 13.876715]]]}}, {"type": "Feature", "properties": {"osm_id": 582862346, "building": "yes"}, "geometry": {"type": "Polygon", "coordinates": [[[98.1536378, 13.8769363], [98.1537853, 13.8769272], [98.1537803, 13.8768507], [98.1536328, 13.8768598], [98.1536378, 13.8769363]]]}}, {"type": "Feature", "properties": {"osm_id": 582862347, "building": "yes"}, "geometry": {"type": "Polygon", "coordinates": [[[98.1537437, 13.8767697], [98.1537474, 13.876827], [98.1538345, 13.8768218], [98.1538309, 13.8767645], [98.1537437, 13.8767697]]]}}, {"type": "Feature", "properties": {"osm_id": 582862348, "building": "yes"}, "geometry": {"type": "Polygon", "coordinates": [[[98.153674, 13.876758], [98.1537692, 13.8767593], [98.15377, 13.876706], [98.1536748, 13.8767047], [98.153674, 13.876758]]]}}, {"type": "Feature", "properties": {"osm_id": 582862349, "building": "yes"}, "geometry": {"type": "Polygon", "coordinates": [[[98.1520674, 13.8763661], [98.1521653, 13.8763491], [98.1521428, 13.8762268], [98.1520449, 13.8762437], [98.1520674, 13.8763661]]]}}, {"type": "Feature", "properties": {"osm_id": 582862350, "building": "yes"}, "geometry": {"type": "Polygon", "coordinates": [[[98.151889, 13.876038], [98.1519735, 13.8760367], [98.1519709, 13.8758812], [98.1518865, 13.8758825], [98.151889, 13.876038]]]}}, {"type": "Feature", "properties": {"osm_id": 582862351, "building": "yes"}, "geometry": {"type": "Polygon", "coordinates": [[[98.1520593, 13.8760718], [98.1521384, 13.8760809], [98.1521561, 13.8759368], [98.1520769, 13.8759277], [98.1520593, 13.8760718]]]}}, {"type": "Feature", "properties": {"osm_id": 582862352, "building": "yes"}, "geometry": {"type": "Polygon", "coordinates": [[[98.1521867, 13.8761617], [98.1522578, 13.8761526], [98.1522344, 13.8759806], [98.1521633, 13.8759897], [98.1521867, 13.8761617]]]}}, {"type": "Feature", "properties": {"osm_id": 582862353, "building": "yes"}, "geometry": {"type": "Polygon", "coordinates": [[[98.1522712, 13.8761526], [98.1523383, 13.8761486], [98.1523283, 13.8759878], [98.1522613, 13.8759917], [98.1522712, 13.8761526]]]}}, {"type": "Feature", "properties": {"osm_id": 582862354, "building": "yes"}, "geometry": {"type": "Polygon", "coordinates": [[[98.1524952, 13.8757177], [98.1525904, 13.875676], [98.1525607, 13.875612], [98.1524654, 13.8756536], [98.1524952, 13.8757177]]]}}, {"type": "Feature", "properties": {"osm_id": 582862355, "building": "yes"}, "geometry": {"type": "Polygon", "coordinates": [[[98.1523021, 13.8758752], [98.1524, 13.8758804], [98.1524076, 13.875745], [98.1523097, 13.8757398], [98.1523021, 13.8758752]]]}}, {"type": "Feature", "properties": {"osm_id": 582862356, "building": "yes"}, "geometry": {"type": "Polygon", "coordinates": [[[98.1526186, 13.8759534], [98.1527071, 13.8759547], [98.1527092, 13.875818], [98.1526207, 13.8758167], [98.1526186, 13.8759534]]]}}, {"type": "Feature", "properties": {"osm_id": 582862357, "building": "yes"}, "geometry": {"type": "Polygon", "coordinates": [[[98.1525032, 13.8761734], [98.1526025, 13.8761864], [98.1526207, 13.8760552], [98.1525215, 13.8760422], [98.1525032, 13.8761734]]]}}, {"type": "Feature", "properties": {"osm_id": 582862358, "building": "yes"}, "geometry": {"type": "Polygon", "coordinates": [[[98.1526695, 13.8762137], [98.1527553, 13.8762177], [98.1527615, 13.8760906], [98.1526757, 13.8760867], [98.1526695, 13.8762137]]]}}, {"type": "Feature", "properties": {"osm_id": 582862359, "building": "yes"}, "geometry": {"type": "Polygon", "coordinates": [[[98.1531697, 13.8762437], [98.1532489, 13.8762268], [98.1532237, 13.876116], [98.1531446, 13.8761329], [98.1531697, 13.8762437]]]}}, {"type": "Feature", "properties": {"osm_id": 582862360, "building": "yes"}, "geometry": {"type": "Polygon", "coordinates": [[[98.153273, 13.876232], [98.1533857, 13.8762124], [98.153362, 13.8760837], [98.1532493, 13.8761033], [98.153273, 13.876232]]]}}, {"type": "Feature", "properties": {"osm_id": 582862361, "building": "yes"}, "geometry": {"type": "Polygon", "coordinates": [[[98.1530048, 13.8760002], [98.1531134, 13.8759677], [98.1530793, 13.8758602], [98.1529706, 13.8758928], [98.1530048, 13.8760002]]]}}, {"type": "Feature", "properties": {"osm_id": 582862362, "building": "yes"}, "geometry": {"type": "Polygon", "coordinates": [[[98.1531872, 13.8757776], [98.1532904, 13.8757333], [98.1532664, 13.8756804], [98.1531631, 13.8757247], [98.1531872, 13.8757776]]]}}, {"type": "Feature", "properties": {"osm_id": 582862363, "building": "yes"}, "geometry": {"type": "Polygon", "coordinates": [[[98.1532784, 13.8758856], [98.1533816, 13.8758323], [98.15334, 13.8757564], [98.1532368, 13.8758098], [98.1532784, 13.8758856]]]}}, {"type": "Feature", "properties": {"osm_id": 582862364, "building": "yes"}, "geometry": {"type": "Polygon", "coordinates": [[[98.1534594, 13.8760224], [98.1535466, 13.8759664], [98.1535107, 13.8759137], [98.1534235, 13.8759697], [98.1534594, 13.8760224]]]}}, {"type": "Feature", "properties": {"osm_id": 582862365, "building": "yes"}, "geometry": {"type": "Polygon", "coordinates": [[[98.1535654, 13.8761187], [98.1536512, 13.8760744], [98.1536191, 13.8760158], [98.1535333, 13.87606], [98.1535654, 13.8761187]]]}}, {"type": "Feature", "properties": {"osm_id": 582862366, "building": "yes"}, "geometry": {"type": "Polygon", "coordinates": [[[98.153666, 13.8762255], [98.1537692, 13.8761721], [98.1537273, 13.8760956], [98.153624, 13.8761489], [98.153666, 13.8762255]]]}}, {"type": "Feature", "properties": {"osm_id": 582862367, "building": "yes"}, "geometry": {"type": "Polygon", "coordinates": [[[98.1537236, 13.8762827], [98.1538336, 13.8762372], [98.153811, 13.8761858], [98.153701, 13.8762313], [98.1537236, 13.8762827]]]}}, {"type": "Feature", "properties": {"osm_id": 582862368, "building": "yes"}, "geometry": {"type": "Polygon", "coordinates": [[[98.1537639, 13.8763817], [98.1539033, 13.8763218], [98.1538666, 13.8762411], [98.1537271, 13.876301], [98.1537639, 13.8763817]]]}}, {"type": "Feature", "properties": {"osm_id": 582862369, "building": "yes"}, "geometry": {"type": "Polygon", "coordinates": [[[98.1538148, 13.876478], [98.1539436, 13.8764273], [98.1539124, 13.8763527], [98.1537836, 13.8764035], [98.1538148, 13.876478]]]}}, {"type": "Feature", "properties": {"osm_id": 582862370, "building": "yes"}, "geometry": {"type": "Polygon", "coordinates": [[[98.1537625, 13.8765978], [98.1538872, 13.8765887], [98.1538798, 13.8764922], [98.153755, 13.8765013], [98.1537625, 13.8765978]]]}}, {"type": "Feature", "properties": {"osm_id": 582862371, "building": "yes"}, "geometry": {"type": "Polygon", "coordinates": [[[98.1519909, 13.8752542], [98.1521264, 13.8752347], [98.1521123, 13.8751427], [98.1519769, 13.8751622], [98.1519909, 13.8752542]]]}}, {"type": "Feature", "properties": {"osm_id": 582862372, "building": "yes"}, "geometry": {"type": "Polygon", "coordinates": [[[98.1522551, 13.8753154], [98.1523879, 13.8753232], [98.1523931, 13.8752398], [98.1522603, 13.875232], [98.1522551, 13.8753154]]]}}, {"type": "Feature", "properties": {"osm_id": 582862373, "building": "yes"}, "geometry": {"type": "Polygon", "coordinates": [[[98.1523316, 13.8752164], [98.1524, 13.8752242], [98.1524087, 13.8751519], [98.1523403, 13.8751441], [98.1523316, 13.8752164]]]}}, {"type": "Feature", "properties": {"osm_id": 582862374, "building": "yes"}, "geometry": {"type": "Polygon", "coordinates": [[[98.1525542, 13.8752334], [98.1525607, 13.8753489], [98.1526344, 13.875345], [98.1526279, 13.8752295], [98.1525542, 13.8752334]]]}}, {"type": "Feature", "properties": {"osm_id": 582862375, "building": "yes"}, "geometry": {"type": "Polygon", "coordinates": [[[98.1526561, 13.8751631], [98.1527098, 13.8751461], [98.1526966, 13.8751069], [98.152643, 13.8751238], [98.1526561, 13.8751631]]]}}, {"type": "Feature", "properties": {"osm_id": 582862376, "building": "yes"}, "geometry": {"type": "Polygon", "coordinates": [[[98.1527969, 13.8753219], [98.1528908, 13.8752959], [98.1528609, 13.8751942], [98.152767, 13.8752203], [98.1527969, 13.8753219]]]}}, {"type": "Feature", "properties": {"osm_id": 582862377, "building": "yes"}, "geometry": {"type": "Polygon", "coordinates": [[[98.1527084, 13.8751032], [98.1528291, 13.8750758], [98.152814, 13.875013], [98.1526933, 13.8750403], [98.1527084, 13.8751032]]]}}, {"type": "Feature", "properties": {"osm_id": 582862378, "building": "yes"}, "geometry": {"type": "Polygon", "coordinates": [[[98.1526145, 13.8749873], [98.1527661, 13.8749769], [98.1527602, 13.8748969], [98.1526087, 13.8749073], [98.1526145, 13.8749873]]]}}, {"type": "Feature", "properties": {"osm_id": 582862379, "building": "yes"}, "geometry": {"type": "Polygon", "coordinates": [[[98.1529565, 13.8746904], [98.1530906, 13.87468], [98.1530851, 13.8746129], [98.152951, 13.8746233], [98.1529565, 13.8746904]]]}}, {"type": "Feature", "properties": {"osm_id": 582862380, "building": "yes"}, "geometry": {"type": "Polygon", "coordinates": [[[98.1531537, 13.8754052], [98.1532623, 13.8753531], [98.1532322, 13.8752941], [98.1531236, 13.8753461], [98.1531537, 13.8754052]]]}}, {"type": "Feature", "properties": {"osm_id": 582862381, "building": "yes"}, "geometry": {"type": "Polygon", "coordinates": [[[98.1530893, 13.8753219], [98.153206, 13.8752854], [98.1531793, 13.8752052], [98.1530627, 13.8752416], [98.1530893, 13.8753219]]]}}, {"type": "Feature", "properties": {"osm_id": 582862382, "building": "yes"}, "geometry": {"type": "Polygon", "coordinates": [[[98.1530102, 13.8751162], [98.1531362, 13.8750862], [98.1531196, 13.8750204], [98.1529936, 13.8750503], [98.1530102, 13.8751162]]]}}, {"type": "Feature", "properties": {"osm_id": 582862383, "building": "yes"}, "geometry": {"type": "Polygon", "coordinates": [[[98.1529659, 13.8749795], [98.1530665, 13.8749743], [98.1530602, 13.8748593], [98.1529596, 13.8748645], [98.1529659, 13.8749795]]]}}, {"type": "Feature", "properties": {"osm_id": 582862384, "building": "yes"}, "geometry": {"type": "Polygon", "coordinates": [[[98.1531295, 13.8749586], [98.1532194, 13.874943], [98.1531945, 13.8748084], [98.1531047, 13.874824], [98.1531295, 13.8749586]]]}}, {"type": "Feature", "properties": {"osm_id": 582862385, "building": "yes"}, "geometry": {"type": "Polygon", "coordinates": [[[98.1532958, 13.8749313], [98.1533709, 13.8749209], [98.1533517, 13.8747906], [98.1532766, 13.874801], [98.1532958, 13.8749313]]]}}, {"type": "Feature", "properties": {"osm_id": 582862386, "building": "yes"}, "geometry": {"type": "Polygon", "coordinates": [[[98.1535186, 13.8751267], [98.153586, 13.8751085], [98.1535635, 13.8750303], [98.1534961, 13.8750485], [98.1535186, 13.8751267]]]}}, {"type": "Feature", "properties": {"osm_id": 582862387, "building": "yes"}, "geometry": {"type": "Polygon", "coordinates": [[[98.1533541, 13.8751593], [98.1534102, 13.8751442], [98.1533805, 13.87504], [98.1533244, 13.875055], [98.1533541, 13.8751593]]]}}, {"type": "Feature", "properties": {"osm_id": 582862388, "building": "yes"}, "geometry": {"type": "Polygon", "coordinates": [[[98.1533039, 13.8755523], [98.1534541, 13.875482], [98.1534122, 13.8753977], [98.153262, 13.875468], [98.1533039, 13.8755523]]]}}, {"type": "Feature", "properties": {"osm_id": 582862389, "building": "yes"}, "geometry": {"type": "Polygon", "coordinates": [[[98.1538419, 13.8751158], [98.1539971, 13.8750912], [98.153988, 13.8750373], [98.1538328, 13.8750619], [98.1538419, 13.8751158]]]}}, {"type": "Feature", "properties": {"osm_id": 582862390, "building": "yes"}, "geometry": {"type": "Polygon", "coordinates": [[[98.1542292, 13.8756669], [98.1543593, 13.8756643], [98.1543576, 13.8755862], [98.1542276, 13.8755888], [98.1542292, 13.8756669]]]}}, {"type": "Feature", "properties": {"osm_id": 582862391, "building": "yes"}, "geometry": {"type": "Polygon", "coordinates": [[[98.1542346, 13.8754482], [98.1542392, 13.8755373], [98.1543733, 13.8755308], [98.1543687, 13.8754417], [98.1542346, 13.8754482]]]}}, {"type": "Feature", "properties": {"osm_id": 582862392, "building": "yes"}, "geometry": {"type": "Polygon", "coordinates": [[[98.1540173, 13.8752998], [98.1540079, 13.8752464], [98.153881, 13.8752674], [98.1538904, 13.8753208], [98.1540173, 13.8752998]]]}}, {"type": "Feature", "properties": {"osm_id": 582862393, "building": "yes"}, "geometry": {"type": "Polygon", "coordinates": [[[98.1541072, 13.875206], [98.1541635, 13.8752047], [98.1541615, 13.8751238], [98.1541052, 13.8751251], [98.1541072, 13.875206]]]}}, {"type": "Feature", "properties": {"osm_id": 582862394, "building": "yes"}, "geometry": {"type": "Polygon", "coordinates": [[[98.1541327, 13.8753466], [98.1542131, 13.8753479], [98.1542151, 13.8752304], [98.1541347, 13.8752291], [98.1541327, 13.8753466]]]}}, {"type": "Feature", "properties": {"osm_id": 582862396, "building": "yes"}, "geometry": {"type": "Polygon", "coordinates": [[[98.153501, 13.8757138], [98.1536579, 13.8756487], [98.1536211, 13.8755651], [98.1534642, 13.8756302], [98.153501, 13.8757138]]]}}, {"type": "Feature", "properties": {"osm_id": 582862397, "building": "yes"}, "geometry": {"type": "Polygon", "coordinates": [[[98.1538899, 13.8755771], [98.1538891, 13.8756499], [98.1540044, 13.8756512], [98.1540053, 13.8755784], [98.1538899, 13.8755771]]]}}, {"type": "Feature", "properties": {"osm_id": 582862398, "building": "yes"}, "geometry": {"type": "Polygon", "coordinates": [[[98.1538188, 13.8757633], [98.1539449, 13.8757424], [98.1539325, 13.8756717], [98.1538064, 13.8756925], [98.1538188, 13.8757633]]]}}, {"type": "Feature", "properties": {"osm_id": 582862399, "building": "yes"}, "geometry": {"type": "Polygon", "coordinates": [[[98.1536646, 13.8758739], [98.1537893, 13.8758258], [98.1537603, 13.875755], [98.1536356, 13.8758032], [98.1536646, 13.8758739]]]}}, {"type": "Feature", "properties": {"osm_id": 582862401, "building": "yes"}, "geometry": {"type": "Polygon", "coordinates": [[[98.1537102, 13.8758909], [98.1537265, 13.8759398], [98.1539089, 13.8758826], [98.1538926, 13.8758336], [98.1537102, 13.8758909]]]}}, {"type": "Feature", "properties": {"osm_id": 582862403, "building": "yes"}, "geometry": {"type": "Polygon", "coordinates": [[[98.1540737, 13.875913], [98.1541474, 13.8759052], [98.1541332, 13.8757789], [98.1540595, 13.8757867], [98.1540737, 13.875913]]]}}, {"type": "Feature", "properties": {"osm_id": 582862405, "building": "yes"}, "geometry": {"type": "Polygon", "coordinates": [[[98.1537612, 13.8759547], [98.1537822, 13.8760048], [98.1539204, 13.8759501], [98.1538993, 13.8759], [98.1537612, 13.8759547]]]}}, {"type": "Feature", "properties": {"osm_id": 582862406, "building": "yes"}, "geometry": {"type": "Polygon", "coordinates": [[[98.1538162, 13.8760341], [98.1539033, 13.8759976], [98.153892, 13.875972], [98.1538048, 13.8760085], [98.1538162, 13.8760341]]]}}, {"type": "Feature", "properties": {"osm_id": 582862407, "building": "yes"}, "geometry": {"type": "Polygon", "coordinates": [[[98.1538631, 13.8761122], [98.1539731, 13.8760679], [98.1539421, 13.8759953], [98.1538321, 13.8760396], [98.1538631, 13.8761122]]]}}, {"type": "Feature", "properties": {"osm_id": 582862408, "building": "yes"}, "geometry": {"type": "Polygon", "coordinates": [[[98.1540683, 13.8761565], [98.1542024, 13.8761565], [98.1542024, 13.8760406], [98.1540683, 13.8760406], [98.1540683, 13.8761565]]]}}, {"type": "Feature", "properties": {"osm_id": 582862409, "building": "yes"}, "geometry": {"type": "Polygon", "coordinates": [[[98.1548314, 13.8755615], [98.1549709, 13.8755497], [98.1549607, 13.8754356], [98.1548212, 13.8754473], [98.1548314, 13.8755615]]]}}, {"type": "Feature", "properties": {"osm_id": 582862410, "building": "yes"}, "geometry": {"type": "Polygon", "coordinates": [[[98.1554239, 13.8751734], [98.155625, 13.8751928], [98.1556325, 13.8751191], [98.1554314, 13.8750998], [98.1554239, 13.8751734]]]}}, {"type": "Feature", "properties": {"osm_id": 582862411, "building": "yes"}, "geometry": {"type": "Polygon", "coordinates": [[[98.1553425, 13.8752625], [98.1555611, 13.8752973], [98.1555707, 13.8752407], [98.1553521, 13.8752058], [98.1553466, 13.8752543], [98.1553425, 13.8752625]]]}}, {"type": "Feature", "properties": {"osm_id": 582862412, "building": "yes"}, "geometry": {"type": "Polygon", "coordinates": [[[98.156234, 13.8766031], [98.1563536, 13.8766296], [98.1563705, 13.8765576], [98.1562509, 13.8765311], [98.156234, 13.8766031]]]}}, {"type": "Feature", "properties": {"osm_id": 582862413, "building": "yes"}, "geometry": {"type": "Polygon", "coordinates": [[[98.1561685, 13.8767801], [98.1563629, 13.8767866], [98.1563657, 13.8767089], [98.1561712, 13.8767024], [98.1561685, 13.8767801]]]}}, {"type": "Feature", "properties": {"osm_id": 582862414, "building": "yes"}, "geometry": {"type": "Polygon", "coordinates": [[[98.1563964, 13.8769142], [98.1564018, 13.8768543], [98.1563364, 13.8768488], [98.1563311, 13.8769087], [98.1563964, 13.8769142]]]}}, {"type": "Feature", "properties": {"osm_id": 582862415, "building": "yes"}, "geometry": {"type": "Polygon", "coordinates": [[[98.1561376, 13.8768218], [98.1561257, 13.8769044], [98.1563081, 13.8769291], [98.15632, 13.8768465], [98.1561376, 13.8768218]]]}}, {"type": "Feature", "properties": {"osm_id": 582862416, "building": "yes"}, "geometry": {"type": "Polygon", "coordinates": [[[98.1563428, 13.8769962], [98.1563495, 13.8769468], [98.1562317, 13.8769317], [98.156225, 13.8769812], [98.1563428, 13.8769962]]]}}, {"type": "Feature", "properties": {"osm_id": 582862417, "building": "yes"}, "geometry": {"type": "Polygon", "coordinates": [[[98.1560673, 13.8769769], [98.1562027, 13.8769925], [98.1562106, 13.8769279], [98.1560752, 13.8769123], [98.1560673, 13.8769769]]]}}, {"type": "Feature", "properties": {"osm_id": 582862418, "building": "yes"}, "geometry": {"type": "Polygon", "coordinates": [[[98.1560256, 13.8770545], [98.1561906, 13.877078], [98.156202, 13.8770023], [98.156037, 13.8769789], [98.1560256, 13.8770545]]]}}, {"type": "Feature", "properties": {"osm_id": 582862419, "building": "yes"}, "geometry": {"type": "Polygon", "coordinates": [[[98.1559451, 13.8770766], [98.1559382, 13.8771203], [98.1560871, 13.8771424], [98.156094, 13.8770987], [98.1559451, 13.8770766]]]}}, {"type": "Feature", "properties": {"osm_id": 582862420, "building": "yes"}, "geometry": {"type": "Polygon", "coordinates": [[[98.1557672, 13.8771585], [98.1558597, 13.877152], [98.155851, 13.8770348], [98.1557585, 13.8770413], [98.1557615, 13.8770821], [98.1557653, 13.8771463], [98.1557672, 13.8771585]]]}}, {"type": "Feature", "properties": {"osm_id": 582862421, "building": "yes"}, "geometry": {"type": "Polygon", "coordinates": [[[98.1559602, 13.8771926], [98.1560662, 13.8771991], [98.1560691, 13.8771537], [98.1559632, 13.8771472], [98.1559602, 13.8771926]]]}}, {"type": "Feature", "properties": {"osm_id": 582862422, "building": "yes"}, "geometry": {"type": "Polygon", "coordinates": [[[98.1559274, 13.877258], [98.1560776, 13.8772723], [98.1560838, 13.8772105], [98.1559336, 13.8771962], [98.1559274, 13.877258]]]}}, {"type": "Feature", "properties": {"osm_id": 582862423, "building": "yes"}, "geometry": {"type": "Polygon", "coordinates": [[[98.1555705, 13.8771662], [98.1555775, 13.8772828], [98.1556472, 13.8772789], [98.1556403, 13.8771623], [98.1555705, 13.8771662]]]}}, {"type": "Feature", "properties": {"osm_id": 582862424, "building": "yes"}, "geometry": {"type": "Polygon", "coordinates": [[[98.1556892, 13.8773661], [98.1557684, 13.8773622], [98.1557614, 13.8772285], [98.1556822, 13.8772324], [98.1556892, 13.8773661]]]}}, {"type": "Feature", "properties": {"osm_id": 582862425, "building": "yes"}, "geometry": {"type": "Polygon", "coordinates": [[[98.1555676, 13.8773803], [98.1556159, 13.8773751], [98.1556081, 13.8773068], [98.1555598, 13.877312], [98.1555676, 13.8773803]]]}}, {"type": "Feature", "properties": {"osm_id": 582862426, "building": "yes"}, "geometry": {"type": "Polygon", "coordinates": [[[98.1555065, 13.8774007], [98.1555118, 13.8772926], [98.155424, 13.8772885], [98.1554186, 13.8773966], [98.1555065, 13.8774007]]]}}, {"type": "Feature", "properties": {"osm_id": 582862427, "building": "yes"}, "geometry": {"type": "Polygon", "coordinates": [[[98.1556427, 13.8757607], [98.1557702, 13.8757854], [98.1557854, 13.8757115], [98.155658, 13.8756868], [98.1556427, 13.8757607]]]}}, {"type": "Feature", "properties": {"osm_id": 582862428, "building": "yes"}, "geometry": {"type": "Polygon", "coordinates": [[[98.1554832, 13.8758427], [98.1555757, 13.8758648], [98.1556059, 13.8757458], [98.1555134, 13.8757237], [98.1554832, 13.8758427]]]}}, {"type": "Feature", "properties": {"osm_id": 582862429, "building": "yes"}, "geometry": {"type": "Polygon", "coordinates": [[[98.1554094, 13.8759325], [98.1555127, 13.8759703], [98.15554, 13.8758998], [98.1554367, 13.8758621], [98.1554094, 13.8759325]]]}}, {"type": "Feature", "properties": {"osm_id": 582862430, "building": "yes"}, "geometry": {"type": "Polygon", "coordinates": [[[98.1550609, 13.8757422], [98.1552427, 13.8757977], [98.1552638, 13.8757326], [98.1550819, 13.8756771], [98.1550609, 13.8757422]]]}}, {"type": "Feature", "properties": {"osm_id": 582862431, "building": "yes"}, "geometry": {"type": "Polygon", "coordinates": [[[98.1550097, 13.8759807], [98.1551385, 13.8760224], [98.1551563, 13.8759704], [98.1550276, 13.8759287], [98.1550097, 13.8759807]]]}}, {"type": "Feature", "properties": {"osm_id": 582862432, "building": "yes"}, "geometry": {"type": "Polygon", "coordinates": [[[98.1550996, 13.8761652], [98.1551195, 13.8761085], [98.1550142, 13.8760735], [98.1549942, 13.8761302], [98.1550996, 13.8761652]]]}}, {"type": "Feature", "properties": {"osm_id": 582862433, "building": "yes"}, "geometry": {"type": "Polygon", "coordinates": [[[98.1550551, 13.8762132], [98.1550752, 13.8761585], [98.1549942, 13.8761302], [98.154978, 13.8761262], [98.1549151, 13.876103], [98.1548949, 13.8761576], [98.1550551, 13.8762132]]]}}, {"type": "Feature", "properties": {"osm_id": 582862434, "building": "yes"}, "geometry": {"type": "Polygon", "coordinates": [[[98.1549789, 13.8762827], [98.1549923, 13.876245], [98.1548667, 13.8762029], [98.1548533, 13.8762407], [98.1549789, 13.8762827]]]}}, {"type": "Feature", "properties": {"osm_id": 582862435, "building": "yes"}, "geometry": {"type": "Polygon", "coordinates": [[[98.1549413, 13.8763648], [98.1549668, 13.8762945], [98.1548343, 13.8762492], [98.1548089, 13.8763195], [98.1549413, 13.8763648]]]}}, {"type": "Feature", "properties": {"osm_id": 582862436, "building": "yes"}, "geometry": {"type": "Polygon", "coordinates": [[[98.1548864, 13.8764286], [98.1549051, 13.8763804], [98.1547275, 13.8763151], [98.1547087, 13.8763633], [98.1548864, 13.8764286]]]}}, {"type": "Feature", "properties": {"osm_id": 582862437, "building": "yes"}, "geometry": {"type": "Polygon", "coordinates": [[[98.1547576, 13.8765184], [98.1547898, 13.8764559], [98.1546428, 13.8763846], [98.1546106, 13.8764471], [98.1547576, 13.8765184]]]}}, {"type": "Feature", "properties": {"osm_id": 582862438, "building": "yes"}, "geometry": {"type": "Polygon", "coordinates": [[[98.1547724, 13.8766043], [98.1547965, 13.8765562], [98.1546781, 13.8765003], [98.154654, 13.8765484], [98.1547724, 13.8766043]]]}}, {"type": "Feature", "properties": {"osm_id": 582862439, "building": "yes"}, "geometry": {"type": "Polygon", "coordinates": [[[98.1540777, 13.8763062], [98.1541514, 13.8763192], [98.1541727, 13.8762054], [98.154099, 13.8761924], [98.1540777, 13.8763062]]]}}, {"type": "Feature", "properties": {"osm_id": 582862440, "building": "yes"}, "geometry": {"type": "Polygon", "coordinates": [[[98.1542265, 13.8763934], [98.1543003, 13.8764103], [98.1543306, 13.8762858], [98.1542569, 13.8762689], [98.1542265, 13.8763934]]]}}, {"type": "Feature", "properties": {"osm_id": 582862441, "building": "yes"}, "geometry": {"type": "Polygon", "coordinates": [[[98.1543513, 13.8764286], [98.1544304, 13.8764442], [98.1544593, 13.876306], [98.1543802, 13.8762904], [98.1543513, 13.8764286]]]}}, {"type": "Feature", "properties": {"osm_id": 582862442, "building": "yes"}, "geometry": {"type": "Polygon", "coordinates": [[[98.154138, 13.8766161], [98.1542091, 13.8766447], [98.1542625, 13.8765199], [98.1541914, 13.8764913], [98.154138, 13.8766161]]]}}, {"type": "Feature", "properties": {"osm_id": 582862443, "building": "yes"}, "geometry": {"type": "Polygon", "coordinates": [[[98.1540938, 13.8767202], [98.1541555, 13.8767462], [98.1541867, 13.8766765], [98.154125, 13.8766505], [98.1540938, 13.8767202]]]}}, {"type": "Feature", "properties": {"osm_id": 582862444, "building": "yes"}, "geometry": {"type": "Polygon", "coordinates": [[[98.1539409, 13.8768621], [98.154083, 13.8768999], [98.1541018, 13.8768335], [98.1539596, 13.8767957], [98.1539409, 13.8768621]]]}}, {"type": "Feature", "properties": {"osm_id": 582862445, "building": "yes"}, "geometry": {"type": "Polygon", "coordinates": [[[98.1538792, 13.8769962], [98.1540763, 13.877047], [98.1540984, 13.8769664], [98.1539012, 13.8769156], [98.1538792, 13.8769962]]]}}, {"type": "Feature", "properties": {"osm_id": 582862446, "building": "yes"}, "geometry": {"type": "Polygon", "coordinates": [[[98.1542681, 13.8774675], [98.1543741, 13.8774871], [98.1543887, 13.8774124], [98.1542827, 13.8773929], [98.1542681, 13.8774675]]]}}, {"type": "Feature", "properties": {"osm_id": 582862447, "building": "yes"}, "geometry": {"type": "Polygon", "coordinates": [[[98.1543969, 13.877379], [98.1545194, 13.8774071], [98.1545369, 13.8773355], [98.1544143, 13.8773074], [98.1543969, 13.877379]]]}}, {"type": "Feature", "properties": {"osm_id": 582862448, "building": "yes"}, "geometry": {"type": "Polygon", "coordinates": [[[98.1544948, 13.8772944], [98.1545632, 13.8773113], [98.1545883, 13.8772154], [98.1545199, 13.8771985], [98.1544948, 13.8772944]]]}}, {"type": "Feature", "properties": {"osm_id": 582862449, "building": "yes"}, "geometry": {"type": "Polygon", "coordinates": [[[98.1544907, 13.8771433], [98.1546034, 13.8771967], [98.1546303, 13.8771432], [98.1545177, 13.8770898], [98.1544907, 13.8771433]]]}}, {"type": "Feature", "properties": {"osm_id": 582862450, "building": "yes"}, "geometry": {"type": "Polygon", "coordinates": [[[98.154653, 13.8771486], [98.1546973, 13.877073], [98.1545456, 13.8769893], [98.1545014, 13.8770648], [98.154653, 13.8771486]]]}}, {"type": "Feature", "properties": {"osm_id": 582862451, "building": "yes"}, "geometry": {"type": "Polygon", "coordinates": [[[98.1547536, 13.8770926], [98.1548072, 13.8770314], [98.1547671, 13.8769982], [98.1547134, 13.8770594], [98.1547536, 13.8770926]]]}}, {"type": "Feature", "properties": {"osm_id": 582862452, "building": "yes"}, "geometry": {"type": "Polygon", "coordinates": [[[98.1546061, 13.8769402], [98.1547248, 13.8770281], [98.1547851, 13.8769513], [98.1546664, 13.8768634], [98.1546061, 13.8769402]]]}}, {"type": "Feature", "properties": {"osm_id": 582862453, "building": "yes"}, "geometry": {"type": "Polygon", "coordinates": [[[98.1548528, 13.8770158], [98.1550057, 13.8770079], [98.1550016, 13.8769318], [98.1548487, 13.8769396], [98.1548528, 13.8770158]]]}}, {"type": "Feature", "properties": {"osm_id": 582862454, "building": "yes"}, "geometry": {"type": "Polygon", "coordinates": [[[98.1547496, 13.8768244], [98.154881, 13.8768986], [98.1549288, 13.8768187], [98.1547974, 13.8767445], [98.1547496, 13.8768244]]]}}, {"type": "Feature", "properties": {"osm_id": 582862455, "building": "yes"}, "geometry": {"type": "Polygon", "coordinates": [[[98.1549089, 13.8766583], [98.1550565, 13.8767273], [98.1550802, 13.8766793], [98.1549327, 13.8766103], [98.1549089, 13.8766583]]]}}, {"type": "Feature", "properties": {"osm_id": 582862456, "building": "yes"}, "geometry": {"type": "Polygon", "coordinates": [[[98.1551063, 13.8767749], [98.1552592, 13.8768087], [98.1552702, 13.8767618], [98.1551173, 13.876728], [98.1551063, 13.8767749]]]}}, {"type": "Feature", "properties": {"osm_id": 582862457, "building": "yes"}, "geometry": {"type": "Polygon", "coordinates": [[[98.1551217, 13.8766848], [98.1552639, 13.8767134], [98.1552782, 13.8766462], [98.1551361, 13.8766176], [98.1551217, 13.8766848]]]}}, {"type": "Feature", "properties": {"osm_id": 582862458, "building": "yes"}, "geometry": {"type": "Polygon", "coordinates": [[[98.1550423, 13.8765219], [98.1551656, 13.8765532], [98.1551878, 13.8764708], [98.1550644, 13.8764396], [98.1550423, 13.8765219]]]}}, {"type": "Feature", "properties": {"osm_id": 582862459, "building": "yes"}, "geometry": {"type": "Polygon", "coordinates": [[[98.1550963, 13.8764347], [98.1552518, 13.8764699], [98.1552736, 13.8763789], [98.1551181, 13.8763437], [98.1550963, 13.8764347]]]}}, {"type": "Feature", "properties": {"osm_id": 582862460, "building": "yes"}, "geometry": {"type": "Polygon", "coordinates": [[[98.1552324, 13.8762111], [98.1552117, 13.8762733], [98.1553404, 13.8763137], [98.1553611, 13.8762515], [98.1552324, 13.8762111]]]}}, {"type": "Feature", "properties": {"osm_id": 582862461, "building": "yes"}, "geometry": {"type": "Polygon", "coordinates": [[[98.1552699, 13.8761552], [98.1553754, 13.8761847], [98.1553928, 13.8761261], [98.1552874, 13.8760966], [98.1552699, 13.8761552]]]}}, {"type": "Feature", "properties": {"osm_id": 582862462, "building": "yes"}, "geometry": {"type": "Polygon", "coordinates": [[[98.1553718, 13.8762411], [98.1554469, 13.8762593], [98.1554613, 13.8762036], [98.1553862, 13.8761853], [98.1553718, 13.8762411]]]}}, {"type": "Feature", "properties": {"osm_id": 582862463, "building": "yes"}, "geometry": {"type": "Polygon", "coordinates": [[[98.1554577, 13.8763348], [98.1555502, 13.8763518], [98.1555705, 13.8762474], [98.1554779, 13.8762305], [98.1554577, 13.8763348]]]}}, {"type": "Feature", "properties": {"osm_id": 582862464, "building": "yes"}, "geometry": {"type": "Polygon", "coordinates": [[[98.1555837, 13.876357], [98.1556387, 13.8763622], [98.1556432, 13.8763173], [98.1555882, 13.8763121], [98.1555837, 13.876357]]]}}, {"type": "Feature", "properties": {"osm_id": 582862465, "building": "yes"}, "geometry": {"type": "Polygon", "coordinates": [[[98.156432, 13.8761161], [98.1564555, 13.876066], [98.1563541, 13.8760212], [98.1563306, 13.8760714], [98.156432, 13.8761161]]]}}, {"type": "Feature", "properties": {"osm_id": 582862466, "building": "yes"}, "geometry": {"type": "Polygon", "coordinates": [[[98.1566452, 13.8762912], [98.156776, 13.8762977], [98.1567809, 13.8762047], [98.1566501, 13.8761982], [98.1566452, 13.8762912]]]}}, {"type": "Feature", "properties": {"osm_id": 582862467, "building": "yes"}, "geometry": {"type": "Polygon", "coordinates": [[[98.1562465, 13.8765214], [98.1564216, 13.8765553], [98.1564396, 13.8764995], [98.1562601, 13.876467], [98.1562465, 13.8765214]]]}}, {"type": "Feature", "properties": {"osm_id": 582862468, "building": "yes"}, "geometry": {"type": "Polygon", "coordinates": [[[98.1564702, 13.8764344], [98.1565344, 13.8764486], [98.1565445, 13.8764056], [98.1564803, 13.8763915], [98.1564702, 13.8764344]]]}}, {"type": "Feature", "properties": {"osm_id": 582862469, "building": "yes"}, "geometry": {"type": "Polygon", "coordinates": [[[98.1564266, 13.8763687], [98.1565542, 13.8764012], [98.1565682, 13.8763491], [98.1564407, 13.8763166], [98.1564266, 13.8763687]]]}}, {"type": "Feature", "properties": {"osm_id": 582862470, "building": "yes"}, "geometry": {"type": "Polygon", "coordinates": [[[98.1561685, 13.87634], [98.1562576, 13.8763843], [98.1563162, 13.8762731], [98.156227, 13.8762288], [98.1561685, 13.87634]]]}}, {"type": "Feature", "properties": {"osm_id": 582862471, "building": "yes"}, "geometry": {"type": "Polygon", "coordinates": [[[98.1559076, 13.8763023], [98.1559458, 13.8763094], [98.1559582, 13.8762474], [98.1559199, 13.8762403], [98.1559076, 13.8763023]]]}}, {"type": "Feature", "properties": {"osm_id": 582862472, "building": "yes"}, "geometry": {"type": "Polygon", "coordinates": [[[98.1557896, 13.8763491], [98.1558761, 13.8763622], [98.1558946, 13.8762464], [98.1558081, 13.8762334], [98.1557896, 13.8763491]]]}}, {"type": "Feature", "properties": {"osm_id": 582862473, "building": "yes"}, "geometry": {"type": "Polygon", "coordinates": [[[98.1559794, 13.876355], [98.1560618, 13.8763641], [98.156077, 13.8762348], [98.1559945, 13.8762257], [98.1559794, 13.876355]]]}}, {"type": "Feature", "properties": {"osm_id": 582862474, "building": "yes"}, "geometry": {"type": "Polygon", "coordinates": [[[98.1554506, 13.8765647], [98.155521, 13.8765738], [98.1555358, 13.8764659], [98.1554654, 13.8764568], [98.1554506, 13.8765647]]]}}, {"type": "Feature", "properties": {"osm_id": 582862475, "building": "yes"}, "geometry": {"type": "Polygon", "coordinates": [[[98.1555339, 13.8766026], [98.1555864, 13.876608], [98.1555944, 13.8765354], [98.1555419, 13.8765299], [98.1555339, 13.8766026]]]}}, {"type": "Feature", "properties": {"osm_id": 582862476, "building": "yes"}, "geometry": {"type": "Polygon", "coordinates": [[[98.1557649, 13.8766963], [98.1557656, 13.8766091], [98.1556831, 13.8766085], [98.1556825, 13.8766957], [98.1557649, 13.8766963]]]}}, {"type": "Feature", "properties": {"osm_id": 582862477, "building": "yes"}, "geometry": {"type": "Polygon", "coordinates": [[[98.1557727, 13.8766467], [98.1558209, 13.8766465], [98.1558207, 13.8766023], [98.1557724, 13.8766026], [98.1557727, 13.8766467]]]}}, {"type": "Feature", "properties": {"osm_id": 582862478, "building": "yes"}, "geometry": {"type": "Polygon", "coordinates": [[[98.1559743, 13.8765295], [98.1560923, 13.8765256], [98.1560899, 13.8764574], [98.1559719, 13.8764613], [98.1559743, 13.8765295]]]}}, {"type": "Feature", "properties": {"osm_id": 582862479, "building": "yes"}, "geometry": {"type": "Polygon", "coordinates": [[[98.1558506, 13.876624], [98.1559371, 13.8766221], [98.1559337, 13.8764825], [98.1558472, 13.8764845], [98.1558506, 13.876624]]]}}, {"type": "Feature", "properties": {"osm_id": 582862480, "building": "yes"}, "geometry": {"type": "Polygon", "coordinates": [[[98.1559285, 13.876753], [98.1559325, 13.8766619], [98.155808, 13.8766567], [98.155804, 13.8767479], [98.1559285, 13.876753]]]}}, {"type": "Feature", "properties": {"osm_id": 582862481, "building": "yes"}, "geometry": {"type": "Polygon", "coordinates": [[[98.1559371, 13.8769057], [98.156008, 13.8769079], [98.15601, 13.8768461], [98.1560646, 13.8768478], [98.1560672, 13.8767692], [98.1559417, 13.8767653], [98.1559371, 13.8769057]]]}}, {"type": "Feature", "properties": {"osm_id": 582862482, "building": "yes"}, "geometry": {"type": "Polygon", "coordinates": [[[98.1557232, 13.8769227], [98.1557223, 13.8770034], [98.1558437, 13.8770047], [98.1558446, 13.876924], [98.1557232, 13.8769227]]]}}, {"type": "Feature", "properties": {"osm_id": 582862483, "building": "yes"}, "geometry": {"type": "Polygon", "coordinates": [[[98.1555308, 13.8768016], [98.1555655, 13.876803], [98.1555689, 13.8767229], [98.1555341, 13.8767215], [98.1555308, 13.8768016]]]}}, {"type": "Feature", "properties": {"osm_id": 582862484, "building": "yes"}, "geometry": {"type": "Polygon", "coordinates": [[[98.1556059, 13.8768365], [98.1557205, 13.8768417], [98.1557248, 13.8767537], [98.1556101, 13.8767485], [98.1556059, 13.8768365]]]}}, {"type": "Feature", "properties": {"osm_id": 582862485, "building": "yes"}, "geometry": {"type": "Polygon", "coordinates": [[[98.15538, 13.8769167], [98.1554947, 13.8769252], [98.1555005, 13.8768506], [98.1553859, 13.8768421], [98.15538, 13.8769167]]]}}, {"type": "Feature", "properties": {"osm_id": 582862486, "building": "yes"}, "geometry": {"type": "Polygon", "coordinates": [[[98.1553314, 13.8773037], [98.1553877, 13.8773265], [98.1554286, 13.8772312], [98.1553723, 13.8772084], [98.1553314, 13.8773037]]]}}, {"type": "Feature", "properties": {"osm_id": 582862487, "building": "yes"}, "geometry": {"type": "Polygon", "coordinates": [[[98.1552636, 13.8772744], [98.1553273, 13.8773011], [98.1553813, 13.8771796], [98.1553176, 13.8771529], [98.1552636, 13.8772744]]]}}, {"type": "Feature", "properties": {"osm_id": 582862488, "building": "yes"}, "geometry": {"type": "Polygon", "coordinates": [[[98.1551392, 13.8772449], [98.1552055, 13.8772657], [98.1552451, 13.8771468], [98.1551788, 13.877126], [98.1551392, 13.8772449]]]}}, {"type": "Feature", "properties": {"osm_id": 582862489, "building": "yes"}, "geometry": {"type": "Polygon", "coordinates": [[[98.1550247, 13.8770256], [98.1550202, 13.8770959], [98.1551261, 13.8771025], [98.1551307, 13.8770321], [98.1550247, 13.8770256]]]}}, {"type": "Feature", "properties": {"osm_id": 582862490, "building": "yes"}, "geometry": {"type": "Polygon", "coordinates": [[[98.1549359, 13.8771556], [98.1550716, 13.877162], [98.1550743, 13.8771081], [98.1549387, 13.8771017], [98.1549359, 13.8771556]]]}}, {"type": "Feature", "properties": {"osm_id": 582862491, "building": "yes"}, "geometry": {"type": "Polygon", "coordinates": [[[98.1548965, 13.877348], [98.1549761, 13.8773466], [98.1549735, 13.8772137], [98.154894, 13.8772151], [98.1548965, 13.877348]]]}}, {"type": "Feature", "properties": {"osm_id": 582862492, "building": "yes"}, "geometry": {"type": "Polygon", "coordinates": [[[98.1549908, 13.8772964], [98.1551437, 13.8773133], [98.1551501, 13.8772582], [98.1549972, 13.8772413], [98.1549908, 13.8772964]]]}}, {"type": "Feature", "properties": {"osm_id": 582862493, "building": "yes"}, "geometry": {"type": "Polygon", "coordinates": [[[98.1549065, 13.8774558], [98.1550138, 13.8774402], [98.1550038, 13.8773758], [98.1548965, 13.8773915], [98.1549065, 13.8774558]]]}}, {"type": "Feature", "properties": {"osm_id": 582862494, "building": "yes"}, "geometry": {"type": "Polygon", "coordinates": [[[98.1548421, 13.8776941], [98.1549467, 13.877685], [98.1549405, 13.877618], [98.1548359, 13.8776272], [98.1548421, 13.8776941]]]}}, {"type": "Feature", "properties": {"osm_id": 582862495, "building": "yes"}, "geometry": {"type": "Polygon", "coordinates": [[[98.154826, 13.8777045], [98.1548233, 13.8776485], [98.1547122, 13.8776535], [98.1547149, 13.8777095], [98.154826, 13.8777045]]]}}, {"type": "Feature", "properties": {"osm_id": 582862496, "building": "yes"}, "geometry": {"type": "Polygon", "coordinates": [[[98.1548421, 13.8777644], [98.1549655, 13.8777592], [98.154963, 13.8777046], [98.1548397, 13.8777098], [98.1548421, 13.8777644]]]}}, {"type": "Feature", "properties": {"osm_id": 582862497, "building": "yes"}, "geometry": {"type": "Polygon", "coordinates": [[[98.1548193, 13.877892], [98.1549494, 13.8778868], [98.1549453, 13.8777902], [98.1548152, 13.8777954], [98.1548193, 13.877892]]]}}, {"type": "Feature", "properties": {"osm_id": 582862498, "building": "yes"}, "geometry": {"type": "Polygon", "coordinates": [[[98.1542842, 13.8777253], [98.1544022, 13.8777188], [98.1543975, 13.877638], [98.1542795, 13.8776445], [98.1542842, 13.8777253]]]}}, {"type": "Feature", "properties": {"osm_id": 582862499, "building": "yes"}, "geometry": {"type": "Polygon", "coordinates": [[[98.1544961, 13.8777995], [98.1545538, 13.8777995], [98.1545538, 13.8777435], [98.1544961, 13.8777435], [98.1544961, 13.8777995]]]}}, {"type": "Feature", "properties": {"osm_id": 582862500, "building": "yes"}, "geometry": {"type": "Polygon", "coordinates": [[[98.1543016, 13.8778581], [98.1544586, 13.8778386], [98.154451, 13.8777812], [98.1542941, 13.8778007], [98.1543016, 13.8778581]]]}}, {"type": "Feature", "properties": {"osm_id": 582862501, "building": "yes"}, "geometry": {"type": "Polygon", "coordinates": [[[98.1543164, 13.8779258], [98.1544438, 13.8779063], [98.1544362, 13.8778595], [98.1543088, 13.877879], [98.1543164, 13.8779258]]]}}, {"type": "Feature", "properties": {"osm_id": 582862502, "building": "yes"}, "geometry": {"type": "Polygon", "coordinates": [[[98.1543151, 13.8779922], [98.1544559, 13.8779701], [98.1544478, 13.8779215], [98.154307, 13.8779436], [98.1543151, 13.8779922]]]}}, {"type": "Feature", "properties": {"osm_id": 582862503, "building": "yes"}, "geometry": {"type": "Polygon", "coordinates": [[[98.1544673, 13.8767072], [98.1545848, 13.8767763], [98.1546364, 13.8766937], [98.1545189, 13.8766245], [98.1544673, 13.8767072]]]}}, {"type": "Feature", "properties": {"osm_id": 582862504, "building": "yes"}, "geometry": {"type": "Polygon", "coordinates": [[[98.1544056, 13.8767788], [98.1545209, 13.8768426], [98.1545507, 13.8767919], [98.1544353, 13.8767281], [98.1544056, 13.8767788]]]}}, {"type": "Feature", "properties": {"osm_id": 582862505, "building": "yes"}, "geometry": {"type": "Polygon", "coordinates": [[[98.154313, 13.8768986], [98.1544295, 13.8769757], [98.1544784, 13.8769061], [98.154362, 13.8768289], [98.154313, 13.8768986]]]}}, {"type": "Feature", "properties": {"osm_id": 582862506, "building": "yes"}, "geometry": {"type": "Polygon", "coordinates": [[[98.1541863, 13.876855], [98.1542849, 13.8769018], [98.1543124, 13.8768472], [98.1542139, 13.8768003], [98.1541863, 13.876855]]]}}, {"type": "Feature", "properties": {"osm_id": 582862507, "building": "yes"}, "geometry": {"type": "Polygon", "coordinates": [[[98.1541079, 13.876963], [98.1541568, 13.8769923], [98.1541779, 13.8769591], [98.154129, 13.8769298], [98.1541079, 13.876963]]]}}, {"type": "Feature", "properties": {"osm_id": 582862508, "building": "yes"}, "geometry": {"type": "Polygon", "coordinates": [[[98.1541199, 13.8769246], [98.1542078, 13.8769617], [98.154231, 13.8769099], [98.1541432, 13.8768728], [98.1541199, 13.8769246]]]}}, {"type": "Feature", "properties": {"osm_id": 582862509, "building": "yes"}, "geometry": {"type": "Polygon", "coordinates": [[[98.1542151, 13.8769708], [98.1543157, 13.8770164], [98.1543408, 13.8769642], [98.1542403, 13.8769186], [98.1542151, 13.8769708]]]}}, {"type": "Feature", "properties": {"osm_id": 582862510, "building": "yes"}, "geometry": {"type": "Polygon", "coordinates": [[[98.1541702, 13.877021], [98.1542809, 13.8770704], [98.1542988, 13.8770326], [98.1541882, 13.8769831], [98.1541702, 13.877021]]]}}, {"type": "Feature", "properties": {"osm_id": 582862511, "building": "yes"}, "geometry": {"type": "Polygon", "coordinates": [[[98.1542225, 13.8770529], [98.1542008, 13.8770954], [98.1542766, 13.8771319], [98.1542983, 13.8770893], [98.1542225, 13.8770529]]]}}, {"type": "Feature", "properties": {"osm_id": 582862512, "building": "yes"}, "geometry": {"type": "Polygon", "coordinates": [[[98.1541206, 13.8771186], [98.1542225, 13.8771603], [98.154236, 13.8771291], [98.1541341, 13.8770874], [98.1541206, 13.8771186]]]}}, {"type": "Feature", "properties": {"osm_id": 582862513, "building": "yes"}, "geometry": {"type": "Polygon", "coordinates": [[[98.1540535, 13.8772006], [98.1542104, 13.8772605], [98.1542419, 13.8771829], [98.154085, 13.877123], [98.1540535, 13.8772006]]]}}, {"type": "Feature", "properties": {"osm_id": 582862514, "building": "yes"}, "geometry": {"type": "Polygon", "coordinates": [[[98.1539302, 13.8771928], [98.154024, 13.8772137], [98.1540559, 13.8770785], [98.153962, 13.8770576], [98.1539302, 13.8771928]]]}}, {"type": "Feature", "properties": {"osm_id": 582862515, "building": "yes"}, "geometry": {"type": "Polygon", "coordinates": [[[98.1538309, 13.8772241], [98.1539087, 13.8772228], [98.1539075, 13.8771549], [98.1538297, 13.8771563], [98.1538309, 13.8772241]]]}}, {"type": "Feature", "properties": {"osm_id": 582862516, "building": "yes"}, "geometry": {"type": "Polygon", "coordinates": [[[98.1537732, 13.8773647], [98.1539047, 13.8773595], [98.1539019, 13.8772945], [98.1537705, 13.8772997], [98.1537732, 13.8773647]]]}}, {"type": "Feature", "properties": {"osm_id": 582862517, "building": "yes"}, "geometry": {"type": "Polygon", "coordinates": [[[98.153733, 13.8774779], [98.1538765, 13.8774623], [98.1538668, 13.8773786], [98.1537233, 13.8773942], [98.153733, 13.8774779]]]}}, {"type": "Feature", "properties": {"osm_id": 582862518, "building": "yes"}, "geometry": {"type": "Polygon", "coordinates": [[[98.1539462, 13.877474], [98.1539508, 13.8775403], [98.1541117, 13.8775299], [98.1541072, 13.8774636], [98.1539462, 13.877474]]]}}, {"type": "Feature", "properties": {"osm_id": 582862519, "building": "yes"}, "geometry": {"type": "Polygon", "coordinates": [[[98.153965, 13.877655], [98.1540965, 13.8776329], [98.1540824, 13.8775545], [98.153951, 13.8775766], [98.153965, 13.877655]]]}}, {"type": "Feature", "properties": {"osm_id": 582862520, "building": "yes"}, "geometry": {"type": "Polygon", "coordinates": [[[98.1539288, 13.8777566], [98.1540643, 13.8777201], [98.1540493, 13.8776677], [98.1539139, 13.8777042], [98.1539288, 13.8777566]]]}}, {"type": "Feature", "properties": {"osm_id": 582862521, "building": "yes"}, "geometry": {"type": "Polygon", "coordinates": [[[98.1539355, 13.8778555], [98.1541099, 13.8778126], [98.1540905, 13.8777385], [98.1539162, 13.8777815], [98.1539355, 13.8778555]]]}}, {"type": "Feature", "properties": {"osm_id": 582862522, "building": "yes"}, "geometry": {"type": "Polygon", "coordinates": [[[98.1540173, 13.8780118], [98.1541514, 13.8779792], [98.1541335, 13.8779097], [98.1539994, 13.8779422], [98.1540173, 13.8780118]]]}}, {"type": "Feature", "properties": {"osm_id": 582862523, "building": "yes"}, "geometry": {"type": "Polygon", "coordinates": [[[98.1540254, 13.8781537], [98.1541622, 13.8781237], [98.1541404, 13.8780301], [98.1540036, 13.8780601], [98.1540254, 13.8781537]]]}}, {"type": "Feature", "properties": {"osm_id": 582862524, "building": "yes"}, "geometry": {"type": "Polygon", "coordinates": [[[98.1543405, 13.878125], [98.1544934, 13.8780925], [98.1544703, 13.8779901], [98.1543174, 13.8780226], [98.1543405, 13.878125]]]}}, {"type": "Feature", "properties": {"osm_id": 582862525, "building": "yes"}, "geometry": {"type": "Polygon", "coordinates": [[[98.154358, 13.8783216], [98.1545296, 13.878306], [98.1545215, 13.8782222], [98.1543499, 13.8782378], [98.154358, 13.8783216]]]}}, {"type": "Feature", "properties": {"osm_id": 582862526, "building": "yes"}, "geometry": {"type": "Polygon", "coordinates": [[[98.154366, 13.8784362], [98.1545216, 13.8784258], [98.1545166, 13.878355], [98.154361, 13.8783654], [98.154366, 13.8784362]]]}}, {"type": "Feature", "properties": {"osm_id": 582862527, "building": "yes"}, "geometry": {"type": "Polygon", "coordinates": [[[98.1540464, 13.8783439], [98.1541846, 13.8783335], [98.1541789, 13.8782633], [98.1540408, 13.8782737], [98.1540464, 13.8783439]]]}}, {"type": "Feature", "properties": {"osm_id": 582862528, "building": "yes"}, "geometry": {"type": "Polygon", "coordinates": [[[98.1541167, 13.878524], [98.1542146, 13.8785175], [98.1542098, 13.87845], [98.1541119, 13.8784565], [98.1541167, 13.878524]]]}}, {"type": "Feature", "properties": {"osm_id": 582862529, "building": "yes"}, "geometry": {"type": "Polygon", "coordinates": [[[98.1539973, 13.8785848], [98.1540537, 13.8785939], [98.1540645, 13.878531], [98.1540081, 13.8785219], [98.1539973, 13.8785848]]]}}, {"type": "Feature", "properties": {"osm_id": 582862530, "building": "yes"}, "geometry": {"type": "Polygon", "coordinates": [[[98.1540575, 13.8785965], [98.1541581, 13.8786147], [98.1541713, 13.8785462], [98.1540707, 13.878528], [98.1540575, 13.8785965]]]}}, {"type": "Feature", "properties": {"osm_id": 582862531, "building": "yes"}, "geometry": {"type": "Polygon", "coordinates": [[[98.153953, 13.878694], [98.1540857, 13.8787395], [98.154112, 13.8786674], [98.1539792, 13.8786219], [98.153953, 13.878694]]]}}, {"type": "Feature", "properties": {"osm_id": 582862532, "building": "yes"}, "geometry": {"type": "Polygon", "coordinates": [[[98.1538846, 13.8787903], [98.1540321, 13.8788593], [98.1540621, 13.8787989], [98.1539145, 13.8787299], [98.1538846, 13.8787903]]]}}, {"type": "Feature", "properties": {"osm_id": 582862533, "building": "yes"}, "geometry": {"type": "Polygon", "coordinates": [[[98.1560558, 13.8785638], [98.1561832, 13.8785677], [98.1561856, 13.878495], [98.1560582, 13.8784911], [98.1560558, 13.8785638]]]}}, {"type": "Feature", "properties": {"osm_id": 582862534, "building": "yes"}, "geometry": {"type": "Polygon", "coordinates": [[[98.1560384, 13.8784687], [98.1561162, 13.87847], [98.1561169, 13.8784297], [98.1560391, 13.8784284], [98.1560384, 13.8784687]]]}}, {"type": "Feature", "properties": {"osm_id": 582862535, "building": "yes"}, "geometry": {"type": "Polygon", "coordinates": [[[98.155978, 13.8784154], [98.1561322, 13.8784154], [98.1561322, 13.8783529], [98.155978, 13.8783529], [98.155978, 13.8784154]]]}}, {"type": "Feature", "properties": {"osm_id": 582862536, "building": "yes"}, "geometry": {"type": "Polygon", "coordinates": [[[98.1559727, 13.8783112], [98.1561242, 13.8783242], [98.1561307, 13.8782526], [98.1559792, 13.8782396], [98.1559727, 13.8783112]]]}}, {"type": "Feature", "properties": {"osm_id": 582862537, "building": "yes"}, "geometry": {"type": "Polygon", "coordinates": [[[98.1559888, 13.878207], [98.1561282, 13.8782057], [98.1561276, 13.8781431], [98.1559881, 13.8781444], [98.1559888, 13.878207]]]}}, {"type": "Feature", "properties": {"osm_id": 582862538, "building": "yes"}, "geometry": {"type": "Polygon", "coordinates": [[[98.1556629, 13.8782774], [98.1556894, 13.8784112], [98.1557591, 13.8783982], [98.1557326, 13.8782643], [98.1556629, 13.8782774]]]}}, {"type": "Feature", "properties": {"osm_id": 582862539, "building": "yes"}, "geometry": {"type": "Polygon", "coordinates": [[[98.1557282, 13.8781676], [98.1558168, 13.8781624], [98.1558136, 13.878112], [98.1557251, 13.8781172], [98.1557282, 13.8781676]]]}}, {"type": "Feature", "properties": {"osm_id": 582862540, "building": "yes"}, "geometry": {"type": "Polygon", "coordinates": [[[98.1556629, 13.8780274], [98.1556623, 13.8781017], [98.155838, 13.878103], [98.1558385, 13.8780287], [98.1556629, 13.8780274]]]}}, {"type": "Feature", "properties": {"osm_id": 582862541, "building": "yes"}, "geometry": {"type": "Polygon", "coordinates": [[[98.1556508, 13.8780118], [98.1558184, 13.8780118], [98.1558184, 13.8779349], [98.1556508, 13.8779349], [98.1556508, 13.8780118]]]}}, {"type": "Feature", "properties": {"osm_id": 582862542, "building": "yes"}, "geometry": {"type": "Polygon", "coordinates": [[[98.1559525, 13.8779558], [98.1559443, 13.8780513], [98.1560878, 13.8780631], [98.156096, 13.8779675], [98.1559525, 13.8779558]]]}}, {"type": "Feature", "properties": {"osm_id": 582862543, "building": "yes"}, "geometry": {"type": "Polygon", "coordinates": [[[98.156025, 13.8778959], [98.1561336, 13.8779024], [98.1561372, 13.877845], [98.1560286, 13.8778385], [98.156025, 13.8778959]]]}}, {"type": "Feature", "properties": {"osm_id": 582862544, "building": "yes"}, "geometry": {"type": "Polygon", "coordinates": [[[98.1558748, 13.8774793], [98.1558759, 13.8775227], [98.1560288, 13.8775188], [98.1560276, 13.8774753], [98.1558748, 13.8774793]]]}}, {"type": "Feature", "properties": {"osm_id": 582862545, "building": "yes"}, "geometry": {"type": "Polygon", "coordinates": [[[98.1559271, 13.8776094], [98.1560424, 13.877599], [98.1560368, 13.8775406], [98.1559215, 13.877551], [98.1559271, 13.8776094]]]}}, {"type": "Feature", "properties": {"osm_id": 582862546, "building": "yes"}, "geometry": {"type": "Polygon", "coordinates": [[[98.1558882, 13.8776941], [98.1560437, 13.8776745], [98.1560357, 13.8776141], [98.1558801, 13.8776336], [98.1558882, 13.8776941]]]}}, {"type": "Feature", "properties": {"osm_id": 582862547, "building": "yes"}, "geometry": {"type": "Polygon", "coordinates": [[[98.1557178, 13.8776732], [98.1558041, 13.877666], [98.1557894, 13.8775006], [98.1557031, 13.8775079], [98.1557178, 13.8776732]]]}}, {"type": "Feature", "properties": {"osm_id": 582862548, "building": "yes"}, "geometry": {"type": "Polygon", "coordinates": [[[98.1554791, 13.8776628], [98.1555516, 13.8776602], [98.1555474, 13.8775513], [98.155475, 13.8775539], [98.1554791, 13.8776628]]]}}, {"type": "Feature", "properties": {"osm_id": 582862549, "building": "yes"}, "geometry": {"type": "Polygon", "coordinates": [[[98.1552927, 13.8775964], [98.1553946, 13.8775847], [98.1553802, 13.8774667], [98.1552783, 13.8774784], [98.1552927, 13.8775964]]]}}, {"type": "Feature", "properties": {"osm_id": 582862550, "building": "yes"}, "geometry": {"type": "Polygon", "coordinates": [[[98.1552163, 13.8776342], [98.1552739, 13.8776303], [98.1552623, 13.8774684], [98.1552046, 13.8774723], [98.1552163, 13.8776342]]]}}, {"type": "Feature", "properties": {"osm_id": 582862551, "building": "yes"}, "geometry": {"type": "Polygon", "coordinates": [[[98.1550918, 13.8778516], [98.1552234, 13.8778513], [98.1552232, 13.8777735], [98.1550916, 13.8777738], [98.1550918, 13.8778516]]]}}, {"type": "Feature", "properties": {"osm_id": 582862552, "building": "yes"}, "geometry": {"type": "Polygon", "coordinates": [[[98.1551184, 13.8779375], [98.1551339, 13.8780256], [98.1552667, 13.8780034], [98.1552511, 13.8779154], [98.1551184, 13.8779375]]]}}, {"type": "Feature", "properties": {"osm_id": 582862553, "building": "yes"}, "geometry": {"type": "Polygon", "coordinates": [[[98.1551881, 13.8780834], [98.155278, 13.8780664], [98.1552687, 13.8780203], [98.1551789, 13.8780372], [98.1551881, 13.8780834]]]}}, {"type": "Feature", "properties": {"osm_id": 582862554, "building": "yes"}, "geometry": {"type": "Polygon", "coordinates": [[[98.1548622, 13.8781797], [98.1549789, 13.878181], [98.1549803, 13.8780666], [98.1548636, 13.8780653], [98.1548622, 13.8781797]]]}}, {"type": "Feature", "properties": {"osm_id": 582862555, "building": "yes"}, "geometry": {"type": "Polygon", "coordinates": [[[98.1553408, 13.8784512], [98.1554092, 13.8784407], [98.1553885, 13.8783126], [98.1553201, 13.878323], [98.1553408, 13.8784512]]]}}, {"type": "Feature", "properties": {"osm_id": 582862556, "building": "yes"}, "geometry": {"type": "Polygon", "coordinates": [[[98.1551474, 13.8782054], [98.1551026, 13.878214], [98.1551189, 13.8782946], [98.1551637, 13.8782861], [98.1551474, 13.8782054]]]}}, {"type": "Feature", "properties": {"osm_id": 582862557, "building": "yes"}, "geometry": {"type": "Polygon", "coordinates": [[[98.1550542, 13.8783563], [98.1551132, 13.8783485], [98.1550947, 13.8782165], [98.1550357, 13.8782243], [98.1550542, 13.8783563]]]}}, {"type": "Feature", "properties": {"osm_id": 582862558, "building": "yes"}, "geometry": {"type": "Polygon", "coordinates": [[[98.1549162, 13.8783523], [98.1549481, 13.878488], [98.1550226, 13.8784715], [98.1549907, 13.8783357], [98.1549162, 13.8783523]]]}}, {"type": "Feature", "properties": {"osm_id": 582862559, "building": "yes"}, "geometry": {"type": "Polygon", "coordinates": [[[98.154866, 13.8785068], [98.1548939, 13.8785009], [98.1549305, 13.8784925], [98.1548993, 13.8783563], [98.1548351, 13.8783701], [98.154858, 13.8784712], [98.154866, 13.8785068]]]}}, {"type": "Feature", "properties": {"osm_id": 582862560, "building": "yes"}, "geometry": {"type": "Polygon", "coordinates": [[[98.1543285, 13.8785547], [98.1544492, 13.8785234], [98.1544341, 13.8784687], [98.1543134, 13.8785], [98.1543285, 13.8785547]]]}}, {"type": "Feature", "properties": {"osm_id": 582862561, "building": "yes"}, "geometry": {"type": "Polygon", "coordinates": [[[98.1544384, 13.8786914], [98.154602, 13.8786562], [98.1545824, 13.8785699], [98.1544188, 13.8786051], [98.1544384, 13.8786914]]]}}, {"type": "Feature", "properties": {"osm_id": 582862562, "building": "yes"}, "geometry": {"type": "Polygon", "coordinates": [[[98.1544963, 13.8787408], [98.1545982, 13.8787278], [98.1545908, 13.8786729], [98.1544888, 13.8786859], [98.1544963, 13.8787408]]]}}, {"type": "Feature", "properties": {"osm_id": 582862563, "building": "yes"}, "geometry": {"type": "Polygon", "coordinates": [[[98.15426, 13.8789588], [98.154496, 13.8789692], [98.1544984, 13.8789192], [98.1542623, 13.8789088], [98.15426, 13.8789588]]]}}, {"type": "Feature", "properties": {"osm_id": 582862564, "building": "yes"}, "geometry": {"type": "Polygon", "coordinates": [[[98.1542797, 13.8790381], [98.1544286, 13.8790536], [98.1544363, 13.8789839], [98.1542874, 13.8789684], [98.1542797, 13.8790381]]]}}, {"type": "Feature", "properties": {"osm_id": 582862565, "building": "yes"}, "geometry": {"type": "Polygon", "coordinates": [[[98.1533957, 13.8791978], [98.1534641, 13.8791985], [98.1534648, 13.8791361], [98.1533964, 13.8791355], [98.1533957, 13.8791978]]]}}, {"type": "Feature", "properties": {"osm_id": 582862566, "building": "yes"}, "geometry": {"type": "Polygon", "coordinates": [[[98.1537305, 13.8789606], [98.1536959, 13.879034], [98.1538615, 13.8791076], [98.1538961, 13.8790341], [98.1537305, 13.8789606]]]}}, {"type": "Feature", "properties": {"osm_id": 582862567, "building": "yes"}, "geometry": {"type": "Polygon", "coordinates": [[[98.1536881, 13.8791412], [98.1538232, 13.87921], [98.1538487, 13.8791628], [98.1537136, 13.879094], [98.1536881, 13.8791412]]]}}, {"type": "Feature", "properties": {"osm_id": 582862568, "building": "yes"}, "geometry": {"type": "Polygon", "coordinates": [[[98.1536039, 13.8793541], [98.1535889, 13.8794036], [98.1537102, 13.8794384], [98.1537253, 13.8793889], [98.1536039, 13.8793541]]]}}, {"type": "Feature", "properties": {"osm_id": 582862569, "building": "yes"}, "geometry": {"type": "Polygon", "coordinates": [[[98.153566, 13.8794491], [98.1536324, 13.8794725], [98.1536462, 13.8794359], [98.1535798, 13.8794125], [98.153566, 13.8794491]]]}}, {"type": "Feature", "properties": {"osm_id": 582862570, "building": "yes"}, "geometry": {"type": "Polygon", "coordinates": [[[98.1536226, 13.8792086], [98.1537879, 13.8792748], [98.1538057, 13.8792329], [98.1536404, 13.8791667], [98.1536226, 13.8792086]]]}}, {"type": "Feature", "properties": {"osm_id": 582862571, "building": "yes"}, "geometry": {"type": "Polygon", "coordinates": [[[98.1535681, 13.8793], [98.1536923, 13.8793465], [98.1537166, 13.8792853], [98.1535924, 13.8792388], [98.1535681, 13.8793]]]}}, {"type": "Feature", "properties": {"osm_id": 582862572, "building": "yes"}, "geometry": {"type": "Polygon", "coordinates": [[[98.153273, 13.8794576], [98.1533481, 13.8794576], [98.1533481, 13.8794081], [98.153273, 13.8794081], [98.153273, 13.8794576]]]}}, {"type": "Feature", "properties": {"osm_id": 582862573, "building": "yes"}, "geometry": {"type": "Polygon", "coordinates": [[[98.1533233, 13.8793795], [98.1534078, 13.879399], [98.1534212, 13.8793443], [98.1533367, 13.8793247], [98.1533233, 13.8793795]]]}}, {"type": "Feature", "properties": {"osm_id": 582862574, "building": "yes"}, "geometry": {"type": "Polygon", "coordinates": [[[98.1534588, 13.8794133], [98.1535721, 13.8794231], [98.1535785, 13.8793526], [98.1534652, 13.8793429], [98.1534588, 13.8794133]]]}}, {"type": "Feature", "properties": {"osm_id": 582862575, "building": "yes"}, "geometry": {"type": "Polygon", "coordinates": [[[98.1535144, 13.8794315], [98.1534982, 13.8794669], [98.1536612, 13.8795372], [98.1536774, 13.8795018], [98.1535144, 13.8794315]]]}}, {"type": "Feature", "properties": {"osm_id": 582862576, "building": "yes"}, "geometry": {"type": "Polygon", "coordinates": [[[98.1534219, 13.879522], [98.1536371, 13.8795988], [98.1536557, 13.8795498], [98.1534405, 13.8794729], [98.1534219, 13.879522]]]}}, {"type": "Feature", "properties": {"osm_id": 582862577, "building": "yes"}, "geometry": {"type": "Polygon", "coordinates": [[[98.1534326, 13.8796066], [98.1536049, 13.8796652], [98.1536238, 13.8796128], [98.1534515, 13.8795542], [98.1534326, 13.8796066]]]}}, {"type": "Feature", "properties": {"osm_id": 971322385, "building": "school"}, "geometry": {"type": "Polygon", "coordinates": [[[98.1428714, 13.8993192], [98.1428912, 13.8994065], [98.1432473, 13.8993304], [98.1432275, 13.8992431], [98.1428714, 13.8993192]]]}}, {"type": "Feature", "properties": {"osm_id": 1564000251, "building": "yes"}, "geometry": {"type": "Polygon", "coordinates": [[[98.1304916, 13.8990695], [98.1305912, 13.8990766], [98.1306062, 13.8988794], [98.1305066, 13.8988723], [98.1304916, 13.8990695]]]}}, {"type": "Feature", "properties": {"osm_id": 1564002567, "building": "yes"}, "geometry": {"type": "Polygon", "coordinates": [[[98.1387319, 13.8999046], [98.1385812, 13.8999143], [98.138586, 13.8999857], [98.1387367, 13.899976], [98.1387319, 13.8999046]]]}}, {"type": "Feature", "properties": {"osm_id": 1564002568, "building": "yes"}, "geometry": {"type": "Polygon", "coordinates": [[[98.1384175, 13.8996729], [98.1382681, 13.8996951], [98.1382793, 13.8997659], [98.1384286, 13.8997437], [98.1384175, 13.8996729]]]}}, {"type": "Feature", "properties": {"osm_id": 1564002569, "building": "yes"}, "geometry": {"type": "Polygon", "coordinates": [[[98.1388102, 13.8995666], [98.1386707, 13.8995327], [98.138654, 13.8995977], [98.1387935, 13.8996315], [98.1388102, 13.8995666]]]}}, {"type": "Feature", "properties": {"osm_id": 1564002570, "building": "yes"}, "geometry": {"type": "Polygon", "coordinates": [[[98.139018, 13.8996295], [98.1389508, 13.8996202], [98.1389439, 13.8996673], [98.1390111, 13.8996765], [98.139018, 13.8996295]]]}}, {"type": "Feature", "properties": {"osm_id": 1564005127, "building": "yes"}, "geometry": {"type": "Polygon", "coordinates": [[[98.1337502, 13.8815968], [98.1338051, 13.8815692], [98.1337244, 13.8814183], [98.1336696, 13.8814459], [98.1337502, 13.8815968]]]}}, {"type": "Feature", "properties": {"osm_id": 1564005128, "building": "yes"}, "geometry": {"type": "Polygon", "coordinates": [[[98.1378367, 13.8987889], [98.1378473, 13.8988953], [98.1379112, 13.8988893], [98.1379006, 13.8987829], [98.1378367, 13.8987889]]]}}, {"type": "Feature", "properties": {"osm_id": 1564005129, "building": "yes"}, "geometry": {"type": "Polygon", "coordinates": [[[98.1378756, 13.8984106], [98.1377656, 13.8984158], [98.1377687, 13.898478], [98.1378787, 13.8984728], [98.1378756, 13.8984106]]]}}, {"type": "Feature", "properties": {"osm_id": 1564005130, "building": "yes"}, "geometry": {"type": "Polygon", "coordinates": [[[98.1379126, 13.898066], [98.1378026, 13.8980712], [98.1378057, 13.8981334], [98.1379157, 13.8981282], [98.1379126, 13.898066]]]}}, {"type": "Feature", "properties": {"osm_id": 1564005131, "building": "yes"}, "geometry": {"type": "Polygon", "coordinates": [[[98.1386545, 13.8983962], [98.1385445, 13.8984014], [98.1385476, 13.8984636], [98.1386576, 13.8984584], [98.1386545, 13.8983962]]]}}, {"type": "Feature", "properties": {"osm_id": 1564005132, "building": "yes"}, "geometry": {"type": "Polygon", "coordinates": [[[98.1386966, 13.8981944], [98.1385895, 13.8981695], [98.1385746, 13.89823], [98.1386817, 13.8982549], [98.1386966, 13.8981944]]]}}, {"type": "Feature", "properties": {"osm_id": 1564005133, "building": "yes"}, "geometry": {"type": "Polygon", "coordinates": [[[98.1386109, 13.8979162], [98.1384875, 13.8978803], [98.138468, 13.8979435], [98.1385915, 13.8979794], [98.1386109, 13.8979162]]]}}, {"type": "Feature", "properties": {"osm_id": 1564005134, "building": "yes"}, "geometry": {"type": "Polygon", "coordinates": [[[98.1388245, 13.8977547], [98.1386994, 13.8977251], [98.1386833, 13.8977891], [98.1388085, 13.8978188], [98.1388245, 13.8977547]]]}}, {"type": "Feature", "properties": {"osm_id": 1564005135, "building": "yes"}, "geometry": {"type": "Polygon", "coordinates": [[[98.1388369, 13.8976806], [98.1387117, 13.8976509], [98.1386956, 13.897715], [98.1388208, 13.8977447], [98.1388369, 13.8976806]]]}}, {"type": "Feature", "properties": {"osm_id": 1564005136, "building": "yes"}, "geometry": {"type": "Polygon", "coordinates": [[[98.1387092, 13.8981768], [98.1385699, 13.8981453], [98.1385801, 13.898103], [98.1387104, 13.8981325], [98.1387142, 13.8981561], [98.1387092, 13.8981768]]]}}, {"type": "Feature", "properties": {"osm_id": 1564005137, "building": "yes"}, "geometry": {"type": "Polygon", "coordinates": [[[98.1382273, 13.8979862], [98.1383827, 13.8979741], [98.1383784, 13.8979219], [98.138223, 13.8979341], [98.1382273, 13.8979862]]]}}, {"type": "Feature", "properties": {"osm_id": 1564005138, "building": "yes"}, "geometry": {"type": "Polygon", "coordinates": [[[98.1378398, 13.8976921], [98.137809, 13.8975707], [98.137743, 13.8975865], [98.1377738, 13.897708], [98.1378398, 13.8976921]]]}}, {"type": "Feature", "properties": {"osm_id": 1564005139, "building": "yes"}, "geometry": {"type": "Polygon", "coordinates": [[[98.1379163, 13.8976721], [98.1378855, 13.8975507], [98.1378195, 13.8975665], [98.1378504, 13.897688], [98.1379163, 13.8976721]]]}}, {"type": "Feature", "properties": {"osm_id": 1564005140, "building": "yes"}, "geometry": {"type": "Polygon", "coordinates": [[[98.1379384, 13.8977282], [98.1378116, 13.8977502], [98.1378236, 13.8978151], [98.1379505, 13.8977931], [98.1379384, 13.8977282]]]}}, {"type": "Feature", "properties": {"osm_id": 1564005141, "building": "yes"}, "geometry": {"type": "Polygon", "coordinates": [[[98.1379051, 13.8974092], [98.1378743, 13.8972878], [98.1378083, 13.8973036], [98.1378392, 13.8974251], [98.1379051, 13.8974092]]]}}, {"type": "Feature", "properties": {"osm_id": 1564005142, "building": "yes"}, "geometry": {"type": "Polygon", "coordinates": [[[98.1377464, 13.8974872], [98.1377155, 13.8973658], [98.1376496, 13.8973815], [98.1376804, 13.897503], [98.1377464, 13.8974872]]]}}, {"type": "Feature", "properties": {"osm_id": 1564005143, "building": "yes"}, "geometry": {"type": "Polygon", "coordinates": [[[98.1375726, 13.897402], [98.1375418, 13.8972805], [98.1374758, 13.8972963], [98.1375067, 13.8974178], [98.1375726, 13.897402]]]}}, {"type": "Feature", "properties": {"osm_id": 1564005144, "building": "yes"}, "geometry": {"type": "Polygon", "coordinates": [[[98.1372494, 13.8972474], [98.1373485, 13.8972325], [98.1373359, 13.8971536], [98.1372368, 13.8971685], [98.1372494, 13.8972474]]]}}, {"type": "Feature", "properties": {"osm_id": 1564005145, "building": "yes"}, "geometry": {"type": "Polygon", "coordinates": [[[98.1372623, 13.8969289], [98.1373583, 13.8969009], [98.1373346, 13.8968244], [98.1372386, 13.8968525], [98.1372623, 13.8969289]]]}}, {"type": "Feature", "properties": {"osm_id": 1564005146, "building": "yes"}, "geometry": {"type": "Polygon", "coordinates": [[[98.1377319, 13.8965397], [98.1377133, 13.896416], [98.1376461, 13.8964255], [98.1376647, 13.8965493], [98.1377319, 13.8965397]]]}}, {"type": "Feature", "properties": {"osm_id": 1564005147, "building": "yes"}, "geometry": {"type": "Polygon", "coordinates": [[[98.1379094, 13.8960828], [98.1379099, 13.8959578], [98.137842, 13.8959575], [98.1378415, 13.8960826], [98.1379094, 13.8960828]]]}}, {"type": "Feature", "properties": {"osm_id": 1564005148, "building": "yes"}, "geometry": {"type": "Polygon", "coordinates": [[[98.1379777, 13.89645], [98.1379469, 13.8963286], [98.1378809, 13.8963443], [98.1379118, 13.8964659], [98.1379777, 13.89645]]]}}, {"type": "Feature", "properties": {"osm_id": 1564005149, "building": "yes"}, "geometry": {"type": "Polygon", "coordinates": [[[98.1379281, 13.8968432], [98.1379212, 13.8967183], [98.1378533, 13.8967219], [98.1378603, 13.8968468], [98.1379281, 13.8968432]]]}}, {"type": "Feature", "properties": {"osm_id": 1564005150, "building": "yes"}, "geometry": {"type": "Polygon", "coordinates": [[[98.1380225, 13.896889], [98.1380156, 13.8967642], [98.1379477, 13.8967677], [98.1379547, 13.8968926], [98.1380225, 13.896889]]]}}, {"type": "Feature", "properties": {"osm_id": 1564005151, "building": "yes"}, "geometry": {"type": "Polygon", "coordinates": [[[98.1377693, 13.896819], [98.1377579, 13.8966944], [98.1376902, 13.8967003], [98.1377017, 13.8968249], [98.1377693, 13.896819]]]}}, {"type": "Feature", "properties": {"osm_id": 1564005152, "building": "yes"}, "geometry": {"type": "Polygon", "coordinates": [[[98.1366894, 13.8968556], [98.1367854, 13.8968276], [98.1367617, 13.8967512], [98.1366657, 13.8967792], [98.1366894, 13.8968556]]]}}, {"type": "Feature", "properties": {"osm_id": 1564005153, "building": "yes"}, "geometry": {"type": "Polygon", "coordinates": [[[98.1380957, 13.8976227], [98.1380649, 13.8975013], [98.1379989, 13.8975171], [98.1380298, 13.8976386], [98.1380957, 13.8976227]]]}}, {"type": "Feature", "properties": {"osm_id": 1564005154, "building": "yes"}, "geometry": {"type": "Polygon", "coordinates": [[[98.1386123, 13.8977562], [98.1384889, 13.8977204], [98.1384694, 13.8977835], [98.1385929, 13.8978194], [98.1386123, 13.8977562]]]}}, {"type": "Feature", "properties": {"osm_id": 1564005155, "building": "yes"}, "geometry": {"type": "Polygon", "coordinates": [[[98.1385837, 13.8975424], [98.1384558, 13.8975569], [98.1384637, 13.8976224], [98.1385917, 13.8976079], [98.1385837, 13.8975424]]]}}, {"type": "Feature", "properties": {"osm_id": 1564005156, "building": "yes"}, "geometry": {"type": "Polygon", "coordinates": [[[98.1385687, 13.8974403], [98.1384407, 13.8974549], [98.1384486, 13.8975204], [98.1385766, 13.8975059], [98.1385687, 13.8974403]]]}}, {"type": "Feature", "properties": {"osm_id": 1564005157, "building": "yes"}, "geometry": {"type": "Polygon", "coordinates": [[[98.1384807, 13.8972529], [98.1383528, 13.8972674], [98.1383606, 13.8973329], [98.1384887, 13.8973184], [98.1384807, 13.8972529]]]}}, {"type": "Feature", "properties": {"osm_id": 1564005158, "building": "yes"}, "geometry": {"type": "Polygon", "coordinates": [[[98.1384617, 13.8969972], [98.1383345, 13.8969777], [98.1383238, 13.8970429], [98.1384512, 13.8970624], [98.1384617, 13.8969972]]]}}, {"type": "Feature", "properties": {"osm_id": 1564005159, "building": "yes"}, "geometry": {"type": "Polygon", "coordinates": [[[98.1385304, 13.8968451], [98.1384032, 13.8968256], [98.1383926, 13.8968908], [98.1385199, 13.8969103], [98.1385304, 13.8968451]]]}}, {"type": "Feature", "properties": {"osm_id": 1564005160, "building": "yes"}, "geometry": {"type": "Polygon", "coordinates": [[[98.1384896, 13.8971701], [98.1383624, 13.8971506], [98.1383518, 13.8972157], [98.1384791, 13.8972352], [98.1384896, 13.8971701]]]}}, {"type": "Feature", "properties": {"osm_id": 1564005161, "building": "yes"}, "geometry": {"type": "Polygon", "coordinates": [[[98.1387857, 13.897118], [98.1386585, 13.8970985], [98.1386479, 13.8971637], [98.1387752, 13.8971832], [98.1387857, 13.897118]]]}}, {"type": "Feature", "properties": {"osm_id": 1564005162, "building": "yes"}, "geometry": {"type": "Polygon", "coordinates": [[[98.1390492, 13.8977485], [98.1389241, 13.8977188], [98.138908, 13.8977829], [98.1390332, 13.8978126], [98.1390492, 13.8977485]]]}}, {"type": "Feature", "properties": {"osm_id": 1564005163, "building": "yes"}, "geometry": {"type": "Polygon", "coordinates": [[[98.1389713, 13.8975729], [98.1389452, 13.8976953], [98.1390117, 13.8977087], [98.1390378, 13.8975861], [98.1389713, 13.8975729]]]}}, {"type": "Feature", "properties": {"osm_id": 1564005164, "building": "yes"}, "geometry": {"type": "Polygon", "coordinates": [[[98.1393982, 13.897627], [98.1393722, 13.8977494], [98.1394387, 13.8977628], [98.1394648, 13.8976403], [98.1393982, 13.897627]]]}}, {"type": "Feature", "properties": {"osm_id": 1564005165, "building": "yes"}, "geometry": {"type": "Polygon", "coordinates": [[[98.1391159, 13.8980703], [98.1391254, 13.898195], [98.1391932, 13.8981902], [98.1391837, 13.8980654], [98.1391159, 13.8980703]]]}}, {"type": "Feature", "properties": {"osm_id": 1564005166, "building": "yes"}, "geometry": {"type": "Polygon", "coordinates": [[[98.1391996, 13.8980829], [98.1392091, 13.8982076], [98.1392769, 13.8982027], [98.1392674, 13.8980779], [98.1391996, 13.8980829]]]}}, {"type": "Feature", "properties": {"osm_id": 1564005167, "building": "yes"}, "geometry": {"type": "Polygon", "coordinates": [[[98.1392855, 13.8980995], [98.1392949, 13.8982242], [98.1393627, 13.8982194], [98.1393532, 13.8980946], [98.1392855, 13.8980995]]]}}, {"type": "Feature", "properties": {"osm_id": 1564005168, "building": "yes"}, "geometry": {"type": "Polygon", "coordinates": [[[98.1391288, 13.8984497], [98.1391923, 13.8984613], [98.1392103, 13.898369], [98.1391469, 13.8983574], [98.1391288, 13.8984497]]]}}, {"type": "Feature", "properties": {"osm_id": 1564005169, "building": "yes"}, "geometry": {"type": "Polygon", "coordinates": [[[98.1389007, 13.8983226], [98.1389689, 13.8983156], [98.1389611, 13.8982446], [98.138893, 13.8982516], [98.1389007, 13.8983226]]]}}, {"type": "Feature", "properties": {"osm_id": 1564005170, "building": "yes"}, "geometry": {"type": "Polygon", "coordinates": [[[98.1389823, 13.8981082], [98.1390752, 13.8981243], [98.1390911, 13.8980379], [98.1389982, 13.8980218], [98.1389823, 13.8981082]]]}}, {"type": "Feature", "properties": {"osm_id": 1564005171, "building": "yes"}, "geometry": {"type": "Polygon", "coordinates": [[[98.1394097, 13.8981283], [98.1394929, 13.8981261], [98.1394903, 13.8980335], [98.1394072, 13.8980357], [98.1394097, 13.8981283]]]}}, {"type": "Feature", "properties": {"osm_id": 1564005172, "building": "yes"}, "geometry": {"type": "Polygon", "coordinates": [[[98.1394108, 13.8979947], [98.1394965, 13.8979771], [98.1394831, 13.8979161], [98.1393974, 13.8979338], [98.1394108, 13.8979947]]]}}, {"type": "Feature", "properties": {"osm_id": 1564005173, "building": "yes"}, "geometry": {"type": "Polygon", "coordinates": [[[98.1396081, 13.8980827], [98.1397365, 13.8980727], [98.1397311, 13.898007], [98.1396026, 13.898017], [98.1396081, 13.8980827]]]}}, {"type": "Feature", "properties": {"osm_id": 1564005174, "building": "yes"}, "geometry": {"type": "Polygon", "coordinates": [[[98.1399231, 13.8982131], [98.1399723, 13.8980975], [98.1399095, 13.8980723], [98.1398603, 13.898188], [98.1399231, 13.8982131]]]}}, {"type": "Feature", "properties": {"osm_id": 1564005175, "building": "yes"}, "geometry": {"type": "Polygon", "coordinates": [[[98.1396764, 13.8979944], [98.1397255, 13.8978788], [98.1396628, 13.8978536], [98.1396135, 13.8979693], [98.1396764, 13.8979944]]]}}, {"type": "Feature", "properties": {"osm_id": 1564005176, "building": "yes"}, "geometry": {"type": "Polygon", "coordinates": [[[98.139863, 13.8977882], [98.1399122, 13.8976726], [98.1398494, 13.8976474], [98.1398002, 13.8977631], [98.139863, 13.8977882]]]}}, {"type": "Feature", "properties": {"osm_id": 1564005177, "building": "yes"}, "geometry": {"type": "Polygon", "coordinates": [[[98.1392693, 13.8971981], [98.1392833, 13.8971377], [98.1393584, 13.8971541], [98.1393444, 13.8972145], [98.1392693, 13.8971981]]]}}, {"type": "Feature", "properties": {"osm_id": 1564005178, "building": "yes"}, "geometry": {"type": "Polygon", "coordinates": [[[98.1395973, 13.8984041], [98.1396727, 13.8984012], [98.1396688, 13.8983062], [98.1395934, 13.8983092], [98.1395973, 13.8984041]]]}}, {"type": "Feature", "properties": {"osm_id": 1564005179, "building": "yes"}, "geometry": {"type": "Polygon", "coordinates": [[[98.1396791, 13.8983048], [98.1396834, 13.898412], [98.1397416, 13.8984098], [98.1397372, 13.8983026], [98.1396791, 13.8983048]]]}}, {"type": "Feature", "properties": {"osm_id": 1564005180, "building": "yes"}, "geometry": {"type": "Polygon", "coordinates": [[[98.1396898, 13.8981006], [98.1396942, 13.8982078], [98.1397523, 13.8982057], [98.1397479, 13.8980985], [98.1396898, 13.8981006]]]}}, {"type": "Feature", "properties": {"osm_id": 1564005181, "building": "yes"}, "geometry": {"type": "Polygon", "coordinates": [[[98.1397687, 13.8981516], [98.1398405, 13.8981743], [98.1398707, 13.8980839], [98.139799, 13.8980613], [98.1397687, 13.8981516]]]}}, {"type": "Feature", "properties": {"osm_id": 1564005182, "building": "yes"}, "geometry": {"type": "Polygon", "coordinates": [[[98.1399837, 13.8982219], [98.140049, 13.8982584], [98.1400979, 13.898176], [98.1400325, 13.8981395], [98.1399837, 13.8982219]]]}}, {"type": "Feature", "properties": {"osm_id": 1564005183, "building": "yes"}, "geometry": {"type": "Polygon", "coordinates": [[[98.1397797, 13.8985734], [98.1398546, 13.8985645], [98.1398426, 13.8984701], [98.1397677, 13.8984792], [98.1397797, 13.8985734]]]}}, {"type": "Feature", "properties": {"osm_id": 1564005184, "building": "yes"}, "geometry": {"type": "Polygon", "coordinates": [[[98.1399524, 13.8985811], [98.1399481, 13.8984562], [98.1398802, 13.8984584], [98.1398845, 13.8985834], [98.1399524, 13.8985811]]]}}, {"type": "Feature", "properties": {"osm_id": 1564005185, "building": "yes"}, "geometry": {"type": "Polygon", "coordinates": [[[98.1400361, 13.8985936], [98.1400318, 13.8984686], [98.1399639, 13.8984708], [98.1399682, 13.8985959], [98.1400361, 13.8985936]]]}}, {"type": "Feature", "properties": {"osm_id": 1564005186, "building": "yes"}, "geometry": {"type": "Polygon", "coordinates": [[[98.1402258, 13.8986602], [98.1402013, 13.8985375], [98.1401346, 13.89855], [98.1401591, 13.8986728], [98.1402258, 13.8986602]]]}}, {"type": "Feature", "properties": {"osm_id": 1564005187, "building": "yes"}, "geometry": {"type": "Polygon", "coordinates": [[[98.1401957, 13.898338], [98.1402, 13.8984111], [98.1402978, 13.8984056], [98.1402934, 13.8983325], [98.1401957, 13.898338]]]}}, {"type": "Feature", "properties": {"osm_id": 1564005188, "building": "yes"}, "geometry": {"type": "Polygon", "coordinates": [[[98.1402517, 13.8986912], [98.1403262, 13.8986795], [98.1403104, 13.8985857], [98.140236, 13.8985974], [98.1402517, 13.8986912]]]}}, {"type": "Feature", "properties": {"osm_id": 1564005189, "building": "yes"}, "geometry": {"type": "Polygon", "coordinates": [[[98.1402182, 13.898512], [98.1402301, 13.8985843], [98.1403268, 13.8985691], [98.1403148, 13.8984969], [98.1402182, 13.898512]]]}}, {"type": "Feature", "properties": {"osm_id": 1564005190, "building": "yes"}, "geometry": {"type": "Polygon", "coordinates": [[[98.1400845, 13.8985512], [98.1401622, 13.8985406], [98.1401558, 13.8984967], [98.1400782, 13.8985072], [98.1400845, 13.8985512]]]}}, {"type": "Feature", "properties": {"osm_id": 1564005191, "building": "yes"}, "geometry": {"type": "Polygon", "coordinates": [[[98.1401633, 13.8980473], [98.1401519, 13.8981197], [98.1402487, 13.898134], [98.14026, 13.8980616], [98.1401633, 13.8980473]]]}}, {"type": "Feature", "properties": {"osm_id": 1564005192, "building": "yes"}, "geometry": {"type": "Polygon", "coordinates": [[[98.1400845, 13.8979601], [98.1402124, 13.8979744], [98.1402203, 13.8979089], [98.1400922, 13.8978945], [98.1400845, 13.8979601]]]}}, {"type": "Feature", "properties": {"osm_id": 1564005193, "building": "yes"}, "geometry": {"type": "Polygon", "coordinates": [[[98.1400995, 13.8978767], [98.1402274, 13.8978911], [98.1402352, 13.8978255], [98.1401072, 13.8978112], [98.1400995, 13.8978767]]]}}, {"type": "Feature", "properties": {"osm_id": 1564005194, "building": "yes"}, "geometry": {"type": "Polygon", "coordinates": [[[98.1400995, 13.8977684], [98.1402274, 13.8977827], [98.1402352, 13.8977172], [98.1401072, 13.8977029], [98.1400995, 13.8977684]]]}}, {"type": "Feature", "properties": {"osm_id": 1564005195, "building": "yes"}, "geometry": {"type": "Polygon", "coordinates": [[[98.1401038, 13.8976184], [98.1402317, 13.8976328], [98.1402395, 13.8975673], [98.1401115, 13.8975529], [98.1401038, 13.8976184]]]}}, {"type": "Feature", "properties": {"osm_id": 1564005196, "building": "yes"}, "geometry": {"type": "Polygon", "coordinates": [[[98.1400839, 13.8975809], [98.1400953, 13.8974564], [98.1400276, 13.8974505], [98.1400162, 13.8975752], [98.1400839, 13.8975809]]]}}, {"type": "Feature", "properties": {"osm_id": 1564005197, "building": "yes"}, "geometry": {"type": "Polygon", "coordinates": [[[98.1399809, 13.8978623], [98.1400195, 13.897743], [98.1399547, 13.8977233], [98.1399161, 13.8978427], [98.1399809, 13.8978623]]]}}, {"type": "Feature", "properties": {"osm_id": 1564005198, "building": "yes"}, "geometry": {"type": "Polygon", "coordinates": [[[98.1400294, 13.896604], [98.1399928, 13.8964841], [98.1399276, 13.8965029], [98.1399643, 13.8966228], [98.1400294, 13.896604]]]}}, {"type": "Feature", "properties": {"osm_id": 1564005199, "building": "yes"}, "geometry": {"type": "Polygon", "coordinates": [[[98.1396051, 13.8965459], [98.1396002, 13.896421], [98.1395323, 13.8964234], [98.1395372, 13.8965485], [98.1396051, 13.8965459]]]}}, {"type": "Feature", "properties": {"osm_id": 1564005200, "building": "yes"}, "geometry": {"type": "Polygon", "coordinates": [[[98.1397038, 13.8965751], [98.1396989, 13.8964501], [98.139631, 13.8964526], [98.1396359, 13.8965776], [98.1397038, 13.8965751]]]}}, {"type": "Feature", "properties": {"osm_id": 1564005201, "building": "yes"}, "geometry": {"type": "Polygon", "coordinates": [[[98.139796, 13.8965834], [98.1397912, 13.8964584], [98.1397233, 13.8964609], [98.1397281, 13.896586], [98.139796, 13.8965834]]]}}, {"type": "Feature", "properties": {"osm_id": 1564005202, "building": "yes"}, "geometry": {"type": "Polygon", "coordinates": [[[98.1398752, 13.8965008], [98.14, 13.89647], [98.1399833, 13.8964061], [98.1398583, 13.8964369], [98.1398752, 13.8965008]]]}}, {"type": "Feature", "properties": {"osm_id": 1564005203, "building": "yes"}, "geometry": {"type": "Polygon", "coordinates": [[[98.1398194, 13.8963675], [98.1399442, 13.8963367], [98.1399275, 13.8962728], [98.1398026, 13.8963036], [98.1398194, 13.8963675]]]}}, {"type": "Feature", "properties": {"osm_id": 1564005204, "building": "yes"}, "geometry": {"type": "Polygon", "coordinates": [[[98.1397894, 13.8962738], [98.1399142, 13.896243], [98.1398974, 13.896179], [98.1397725, 13.8962099], [98.1397894, 13.8962738]]]}}, {"type": "Feature", "properties": {"osm_id": 1564005205, "building": "yes"}, "geometry": {"type": "Polygon", "coordinates": [[[98.1397248, 13.8960552], [98.139853, 13.8960425], [98.1398461, 13.8959769], [98.1397178, 13.8959896], [98.1397248, 13.8960552]]]}}, {"type": "Feature", "properties": {"osm_id": 1564005206, "building": "yes"}, "geometry": {"type": "Polygon", "coordinates": [[[98.1396519, 13.8959865], [98.13978, 13.8959737], [98.1397731, 13.8959081], [98.1396449, 13.8959209], [98.1396519, 13.8959865]]]}}, {"type": "Feature", "properties": {"osm_id": 1564005207, "building": "yes"}, "geometry": {"type": "Polygon", "coordinates": [[[98.1395661, 13.8957719], [98.1396942, 13.8957592], [98.1396873, 13.8956936], [98.1395591, 13.8957063], [98.1395661, 13.8957719]]]}}, {"type": "Feature", "properties": {"osm_id": 1564005208, "building": "yes"}, "geometry": {"type": "Polygon", "coordinates": [[[98.1394545, 13.8954928], [98.1395826, 13.8954801], [98.1395757, 13.8954145], [98.1394475, 13.8954272], [98.1394545, 13.8954928]]]}}, {"type": "Feature", "properties": {"osm_id": 1564005209, "building": "yes"}, "geometry": {"type": "Polygon", "coordinates": [[[98.1397204, 13.896188], [98.1398587, 13.8961628], [98.1398398, 13.8960649], [98.1397015, 13.8960901], [98.1397204, 13.896188]]]}}, {"type": "Feature", "properties": {"osm_id": 1564005210, "building": "yes"}, "geometry": {"type": "Polygon", "coordinates": [[[98.1389675, 13.8975502], [98.139197, 13.8976032], [98.1392186, 13.8975151], [98.1389892, 13.897462], [98.1389675, 13.8975502]]]}}, {"type": "Feature", "properties": {"osm_id": 1564005211, "building": "yes"}, "geometry": {"type": "Polygon", "coordinates": [[[98.1392438, 13.8976203], [98.139337, 13.897647], [98.1393518, 13.8975986], [98.1392586, 13.8975718], [98.1392438, 13.8976203]]]}}, {"type": "Feature", "properties": {"osm_id": 1564005212, "building": "yes"}, "geometry": {"type": "Polygon", "coordinates": [[[98.1393389, 13.8979408], [98.1393563, 13.8980337], [98.1394075, 13.8980247], [98.1393902, 13.8979318], [98.1393389, 13.8979408]]]}}, {"type": "Feature", "properties": {"osm_id": 1564005213, "building": "yes"}, "geometry": {"type": "Polygon", "coordinates": [[[98.1397106, 13.8976423], [98.1397246, 13.8975819], [98.1397997, 13.8975983], [98.1397857, 13.8976587], [98.1397106, 13.8976423]]]}}, {"type": "Feature", "properties": {"osm_id": 1564005214, "building": "yes"}, "geometry": {"type": "Polygon", "coordinates": [[[98.1394521, 13.8954203], [98.1395803, 13.8954076], [98.1395734, 13.8953419], [98.1394451, 13.8953547], [98.1394521, 13.8954203]]]}}, {"type": "Feature", "properties": {"osm_id": 1564005215, "building": "yes"}, "geometry": {"type": "Polygon", "coordinates": [[[98.1394028, 13.8953474], [98.1395309, 13.8953347], [98.139524, 13.895269], [98.1393958, 13.8952818], [98.1394028, 13.8953474]]]}}, {"type": "Feature", "properties": {"osm_id": 1564005216, "building": "yes"}, "geometry": {"type": "Polygon", "coordinates": [[[98.1393513, 13.8951745], [98.1394794, 13.8951618], [98.1394725, 13.8950962], [98.1393443, 13.8951089], [98.1393513, 13.8951745]]]}}, {"type": "Feature", "properties": {"osm_id": 1564005217, "building": "yes"}, "geometry": {"type": "Polygon", "coordinates": [[[98.1393246, 13.8952734], [98.1393194, 13.8952117], [98.1393961, 13.8952056], [98.1394013, 13.8952673], [98.1393246, 13.8952734]]]}}, {"type": "Feature", "properties": {"osm_id": 1564005218, "building": "yes"}, "geometry": {"type": "Polygon", "coordinates": [[[98.1393089, 13.8947833], [98.1393947, 13.8947521], [98.1393625, 13.8946646], [98.1393175, 13.8946667], [98.1393089, 13.8947833]]]}}, {"type": "Feature", "properties": {"osm_id": 1564005219, "building": "yes"}, "geometry": {"type": "Polygon", "coordinates": [[[98.1390388, 13.8950518], [98.1391669, 13.895039], [98.13916, 13.8949734], [98.1390318, 13.8949862], [98.1390388, 13.8950518]]]}}, {"type": "Feature", "properties": {"osm_id": 1564005220, "building": "yes"}, "geometry": {"type": "Polygon", "coordinates": [[[98.1390409, 13.8949414], [98.1391691, 13.8949286], [98.1391622, 13.894863], [98.1390339, 13.8948758], [98.1390409, 13.8949414]]]}}, {"type": "Feature", "properties": {"osm_id": 1564005221, "building": "yes"}, "geometry": {"type": "Polygon", "coordinates": [[[98.1390697, 13.894842], [98.1391908, 13.8947995], [98.1391678, 13.8947374], [98.1390465, 13.89478], [98.1390697, 13.894842]]]}}, {"type": "Feature", "properties": {"osm_id": 1564005222, "building": "yes"}, "geometry": {"type": "Polygon", "coordinates": [[[98.1390869, 13.8946129], [98.139208, 13.8945704], [98.1391849, 13.8945083], [98.1390637, 13.8945509], [98.1390869, 13.8946129]]]}}, {"type": "Feature", "properties": {"osm_id": 1564005223, "building": "yes"}, "geometry": {"type": "Polygon", "coordinates": [[[98.1390933, 13.8945171], [98.1392144, 13.8944745], [98.1391914, 13.8944125], [98.1390701, 13.894455], [98.1390933, 13.8945171]]]}}, {"type": "Feature", "properties": {"osm_id": 1564005224, "building": "yes"}, "geometry": {"type": "Polygon", "coordinates": [[[98.1377366, 13.8949577], [98.1378797, 13.894907], [98.1378506, 13.8948296], [98.1377075, 13.8948804], [98.1377366, 13.8949577]]]}}, {"type": "Feature", "properties": {"osm_id": 1564005225, "building": "yes"}, "geometry": {"type": "Polygon", "coordinates": [[[98.1382907, 13.8946209], [98.1383231, 13.8947419], [98.1383889, 13.8947253], [98.1383564, 13.8946042], [98.1382907, 13.8946209]]]}}, {"type": "Feature", "properties": {"osm_id": 1564005226, "building": "yes"}, "geometry": {"type": "Polygon", "coordinates": [[[98.1377767, 13.8943677], [98.1377646, 13.8942432], [98.137697, 13.8942494], [98.137709, 13.894374], [98.1377767, 13.8943677]]]}}, {"type": "Feature", "properties": {"osm_id": 1564005227, "building": "yes"}, "geometry": {"type": "Polygon", "coordinates": [[[98.1379311, 13.8943781], [98.1379191, 13.8942536], [98.1378515, 13.8942597], [98.1378635, 13.8943843], [98.1379311, 13.8943781]]]}}, {"type": "Feature", "properties": {"osm_id": 1564005228, "building": "yes"}, "geometry": {"type": "Polygon", "coordinates": [[[98.137856, 13.8943989], [98.137844, 13.8942744], [98.1377764, 13.8942806], [98.1377884, 13.8944052], [98.137856, 13.8943989]]]}}, {"type": "Feature", "properties": {"osm_id": 1564005229, "building": "yes"}, "geometry": {"type": "Polygon", "coordinates": [[[98.1389884, 13.8941502], [98.1390946, 13.8940793], [98.1390561, 13.894025], [98.1389499, 13.8940958], [98.1389884, 13.8941502]]]}}, {"type": "Feature", "properties": {"osm_id": 1564005230, "building": "yes"}, "geometry": {"type": "Polygon", "coordinates": [[[98.1387887, 13.8939717], [98.138911, 13.8939324], [98.1388897, 13.8938698], [98.1387673, 13.8939091], [98.1387887, 13.8939717]]]}}, {"type": "Feature", "properties": {"osm_id": 1564005231, "building": "yes"}, "geometry": {"type": "Polygon", "coordinates": [[[98.1388074, 13.8936399], [98.1389297, 13.8936006], [98.1389084, 13.8935379], [98.138786, 13.8935773], [98.1388074, 13.8936399]]]}}, {"type": "Feature", "properties": {"osm_id": 1564005232, "building": "yes"}, "geometry": {"type": "Polygon", "coordinates": [[[98.1384644, 13.8941237], [98.1386167, 13.894053], [98.1385886, 13.8939959], [98.1384363, 13.8940666], [98.1384644, 13.8941237]]]}}, {"type": "Feature", "properties": {"osm_id": 1564005233, "building": "yes"}, "geometry": {"type": "Polygon", "coordinates": [[[98.1388198, 13.8938659], [98.1389799, 13.8938144], [98.1389594, 13.8937543], [98.1387992, 13.8938059], [98.1388198, 13.8938659]]]}}, {"type": "Feature", "properties": {"osm_id": 1564013176, "building": "yes"}, "geometry": {"type": "Polygon", "coordinates": [[[98.1375952, 13.8939702], [98.1376904, 13.8939555], [98.1376775, 13.8938763], [98.1375822, 13.893891], [98.1375952, 13.8939702]]]}}, {"type": "Feature", "properties": {"osm_id": 1564013177, "building": "yes"}, "geometry": {"type": "Polygon", "coordinates": [[[98.1381224, 13.8936645], [98.1380045, 13.8937148], [98.1380318, 13.8937752], [98.1381498, 13.8937248], [98.1381224, 13.8936645]]]}}, {"type": "Feature", "properties": {"osm_id": 1564013178, "building": "yes"}, "geometry": {"type": "Polygon", "coordinates": [[[98.1383941, 13.8937489], [98.138359, 13.8936286], [98.1382936, 13.8936465], [98.1383288, 13.8937669], [98.1383941, 13.8937489]]]}}, {"type": "Feature", "properties": {"osm_id": 1564013179, "building": "yes"}, "geometry": {"type": "Polygon", "coordinates": [[[98.1380136, 13.8936036], [98.1379784, 13.8934833], [98.1379131, 13.8935013], [98.1379482, 13.8936217], [98.1380136, 13.8936036]]]}}, {"type": "Feature", "properties": {"osm_id": 1564013180, "building": "yes"}, "geometry": {"type": "Polygon", "coordinates": [[[98.1382998, 13.8931616], [98.1382646, 13.8930413], [98.1381993, 13.8930593], [98.1382345, 13.8931797], [98.1382998, 13.8931616]]]}}, {"type": "Feature", "properties": {"osm_id": 1564013181, "building": "yes"}, "geometry": {"type": "Polygon", "coordinates": [[[98.1376705, 13.8937122], [98.1376376, 13.8936237], [98.1377041, 13.8936004], [98.1377371, 13.8936889], [98.1376705, 13.8937122]]]}}, {"type": "Feature", "properties": {"osm_id": 1564013182, "building": "yes"}, "geometry": {"type": "Polygon", "coordinates": [[[98.1385806, 13.8935325], [98.1384554, 13.893562], [98.1384714, 13.8936261], [98.1385966, 13.8935966], [98.1385806, 13.8935325]]]}}, {"type": "Feature", "properties": {"osm_id": 1564013183, "building": "yes"}, "geometry": {"type": "Polygon", "coordinates": [[[98.1388602, 13.8934189], [98.1387351, 13.8934484], [98.138751, 13.8935125], [98.1388763, 13.8934829], [98.1388602, 13.8934189]]]}}, {"type": "Feature", "properties": {"osm_id": 1564013184, "building": "yes"}, "geometry": {"type": "Polygon", "coordinates": [[[98.1387529, 13.8932453], [98.1386277, 13.8932748], [98.1386437, 13.8933388], [98.138769, 13.8933093], [98.1387529, 13.8932453]]]}}, {"type": "Feature", "properties": {"osm_id": 1564013185, "building": "yes"}, "geometry": {"type": "Polygon", "coordinates": [[[98.1386814, 13.8930306], [98.1385562, 13.8930601], [98.1385722, 13.8931241], [98.1386974, 13.8930946], [98.1386814, 13.8930306]]]}}, {"type": "Feature", "properties": {"osm_id": 1564013186, "building": "yes"}, "geometry": {"type": "Polygon", "coordinates": [[[98.1386261, 13.8929264], [98.1385009, 13.8929559], [98.1385169, 13.8930199], [98.1386421, 13.8929904], [98.1386261, 13.8929264]]]}}, {"type": "Feature", "properties": {"osm_id": 1564013187, "building": "yes"}, "geometry": {"type": "Polygon", "coordinates": [[[98.1384828, 13.8928976], [98.1386664, 13.8928546], [98.1386479, 13.8927803], [98.1384643, 13.8928234], [98.1384828, 13.8928976]]]}}, {"type": "Feature", "properties": {"osm_id": 1564013188, "building": "yes"}, "geometry": {"type": "Polygon", "coordinates": [[[98.1385739, 13.8927015], [98.1384487, 13.892731], [98.1384647, 13.8927951], [98.13859, 13.8927656], [98.1385739, 13.8927015]]]}}, {"type": "Feature", "properties": {"osm_id": 1564013189, "building": "yes"}, "geometry": {"type": "Polygon", "coordinates": [[[98.138569, 13.8925651], [98.1384438, 13.8925946], [98.1384598, 13.8926587], [98.138585, 13.8926292], [98.138569, 13.8925651]]]}}, {"type": "Feature", "properties": {"osm_id": 1564013190, "building": "yes"}, "geometry": {"type": "Polygon", "coordinates": [[[98.1385271, 13.8923857], [98.1384019, 13.8924152], [98.1384179, 13.8924792], [98.1385431, 13.8924497], [98.1385271, 13.8923857]]]}}, {"type": "Feature", "properties": {"osm_id": 1564013191, "building": "yes"}, "geometry": {"type": "Polygon", "coordinates": [[[98.1384704, 13.8923091], [98.1383452, 13.8923386], [98.1383612, 13.8924027], [98.1384864, 13.8923731], [98.1384704, 13.8923091]]]}}, {"type": "Feature", "properties": {"osm_id": 1564013192, "building": "yes"}, "geometry": {"type": "Polygon", "coordinates": [[[98.13833, 13.8928497], [98.1382971, 13.8927612], [98.1383636, 13.8927378], [98.1383965, 13.8928264], [98.13833, 13.8928497]]]}}, {"type": "Feature", "properties": {"osm_id": 1564013193, "building": "yes"}, "geometry": {"type": "Polygon", "coordinates": [[[98.1384434, 13.8937761], [98.1385095, 13.8937484], [98.138469, 13.8936574], [98.1384029, 13.8936851], [98.1384434, 13.8937761]]]}}, {"type": "Feature", "properties": {"osm_id": 1564013194, "building": "yes"}, "geometry": {"type": "Polygon", "coordinates": [[[98.1388031, 13.8937896], [98.1389254, 13.8937503], [98.1389041, 13.8936877], [98.1387817, 13.893727], [98.1388031, 13.8937896]]]}}, {"type": "Feature", "properties": {"osm_id": 1564013195, "building": "yes"}, "geometry": {"type": "Polygon", "coordinates": [[[98.138048, 13.892109], [98.1381575, 13.8920799], [98.1381074, 13.8919028], [98.137998, 13.8919319], [98.138048, 13.892109]]]}}, {"type": "Feature", "properties": {"osm_id": 1564013196, "building": "yes"}, "geometry": {"type": "Polygon", "coordinates": [[[98.1376008, 13.8922954], [98.1378026, 13.8922504], [98.1377652, 13.8920922], [98.1375634, 13.8921372], [98.1376008, 13.8922954]]]}}, {"type": "Feature", "properties": {"osm_id": 1564013197, "building": "yes"}, "geometry": {"type": "Polygon", "coordinates": [[[98.1377989, 13.8922825], [98.1376738, 13.892312], [98.1376897, 13.8923761], [98.137815, 13.8923465], [98.1377989, 13.8922825]]]}}, {"type": "Feature", "properties": {"osm_id": 1564013198, "building": "yes"}, "geometry": {"type": "Polygon", "coordinates": [[[98.137762, 13.8918399], [98.1376368, 13.8918694], [98.1376528, 13.8919334], [98.137778, 13.8919039], [98.137762, 13.8918399]]]}}, {"type": "Feature", "properties": {"osm_id": 1564013199, "building": "yes"}, "geometry": {"type": "Polygon", "coordinates": [[[98.1377414, 13.8917052], [98.1378618, 13.8916207], [98.1378214, 13.8915664], [98.137701, 13.891651], [98.1377414, 13.8917052]]]}}, {"type": "Feature", "properties": {"osm_id": 1564013200, "building": "yes"}, "geometry": {"type": "Polygon", "coordinates": [[[98.1377031, 13.8914091], [98.1375899, 13.8914688], [98.1376224, 13.8915268], [98.1377356, 13.891467], [98.1377031, 13.8914091]]]}}, {"type": "Feature", "properties": {"osm_id": 1564013201, "building": "yes"}, "geometry": {"type": "Polygon", "coordinates": [[[98.1364982, 13.8901406], [98.1364259, 13.8900371], [98.1363697, 13.8900741], [98.136442, 13.8901777], [98.1364982, 13.8901406]]]}}, {"type": "Feature", "properties": {"osm_id": 1564013202, "building": "yes"}, "geometry": {"type": "Polygon", "coordinates": [[[98.1362474, 13.8898626], [98.1361615, 13.8897694], [98.1361109, 13.8898133], [98.1361968, 13.8899066], [98.1362474, 13.8898626]]]}}, {"type": "Feature", "properties": {"osm_id": 1564013203, "building": "yes"}, "geometry": {"type": "Polygon", "coordinates": [[[98.1359311, 13.8895051], [98.1360224, 13.8894584], [98.1359885, 13.889396], [98.1358972, 13.8894427], [98.1359311, 13.8895051]]]}}, {"type": "Feature", "properties": {"osm_id": 1564013204, "building": "yes"}, "geometry": {"type": "Polygon", "coordinates": [[[98.1357534, 13.8892809], [98.1358267, 13.8892475], [98.1358059, 13.8892046], [98.1357327, 13.889238], [98.1357534, 13.8892809]]]}}, {"type": "Feature", "properties": {"osm_id": 1564013205, "building": "yes"}, "geometry": {"type": "Polygon", "coordinates": [[[98.1356291, 13.889321], [98.1357023, 13.8892875], [98.1356816, 13.8892447], [98.1356083, 13.8892781], [98.1356291, 13.889321]]]}}, {"type": "Feature", "properties": {"osm_id": 1564013206, "building": "yes"}, "geometry": {"type": "Polygon", "coordinates": [[[98.1343635, 13.8886857], [98.1344285, 13.8886736], [98.134417, 13.8886148], [98.1343519, 13.8886269], [98.1343635, 13.8886857]]]}}, {"type": "Feature", "properties": {"osm_id": 1564013207, "building": "yes"}, "geometry": {"type": "Polygon", "coordinates": [[[98.1350754, 13.8884653], [98.1351337, 13.8884347], [98.1351044, 13.8883821], [98.1350461, 13.8884126], [98.1350754, 13.8884653]]]}}, {"type": "Feature", "properties": {"osm_id": 1564013208, "building": "yes"}, "geometry": {"type": "Polygon", "coordinates": [[[98.1354774, 13.8889215], [98.1355357, 13.888891], [98.1355064, 13.8888383], [98.1354481, 13.8888689], [98.1354774, 13.8889215]]]}}, {"type": "Feature", "properties": {"osm_id": 1564013209, "building": "yes"}, "geometry": {"type": "Polygon", "coordinates": [[[98.1348347, 13.8882976], [98.134893, 13.8882671], [98.1348637, 13.8882144], [98.1348054, 13.888245], [98.1348347, 13.8882976]]]}}, {"type": "Feature", "properties": {"osm_id": 1564013210, "building": "yes"}, "geometry": {"type": "Polygon", "coordinates": [[[98.134806, 13.8881595], [98.1348792, 13.8881261], [98.1348585, 13.8880832], [98.1347852, 13.8881166], [98.134806, 13.8881595]]]}}, {"type": "Feature", "properties": {"osm_id": 1564013211, "building": "yes"}, "geometry": {"type": "Polygon", "coordinates": [[[98.1341675, 13.8876361], [98.1342997, 13.8875691], [98.1342668, 13.887508], [98.1341346, 13.8875749], [98.1341675, 13.8876361]]]}}, {"type": "Feature", "properties": {"osm_id": 1564013212, "building": "yes"}, "geometry": {"type": "Polygon", "coordinates": [[[98.1353912, 13.8897595], [98.1354408, 13.8898215], [98.1354794, 13.8897925], [98.1354298, 13.8897304], [98.1353912, 13.8897595]]]}}, {"type": "Feature", "properties": {"osm_id": 1564013213, "building": "yes"}, "geometry": {"type": "Polygon", "coordinates": [[[98.1339456, 13.8867694], [98.1340376, 13.8867673], [98.1340341, 13.8866258], [98.1339422, 13.886628], [98.1339456, 13.8867694]]]}}, {"type": "Feature", "properties": {"osm_id": 1564013214, "building": "yes"}, "geometry": {"type": "Polygon", "coordinates": [[[98.1341198, 13.8865632], [98.1342117, 13.8865611], [98.1342082, 13.8864196], [98.1341163, 13.8864218], [98.1341198, 13.8865632]]]}}, {"type": "Feature", "properties": {"osm_id": 1564013215, "building": "yes"}, "geometry": {"type": "Polygon", "coordinates": [[[98.1343126, 13.8865955], [98.1343922, 13.8865904], [98.1343847, 13.8864795], [98.1343051, 13.8864846], [98.1343126, 13.8865955]]]}}, {"type": "Feature", "properties": {"osm_id": 1564013216, "building": "yes"}, "geometry": {"type": "Polygon", "coordinates": [[[98.1343038, 13.8864608], [98.1345394, 13.8864307], [98.1345262, 13.886334], [98.1342907, 13.8863642], [98.1343038, 13.8864608]]]}}, {"type": "Feature", "properties": {"osm_id": 1564013217, "building": "yes"}, "geometry": {"type": "Polygon", "coordinates": [[[98.1339076, 13.8863206], [98.1339181, 13.8865511], [98.1340184, 13.8865468], [98.1340079, 13.8863163], [98.1339076, 13.8863206]]]}}, {"type": "Feature", "properties": {"osm_id": 1564013218, "building": "yes"}, "geometry": {"type": "Polygon", "coordinates": [[[98.1342249, 13.8863088], [98.1343314, 13.8863], [98.1343107, 13.8860641], [98.1342043, 13.8860729], [98.1342249, 13.8863088]]]}}, {"type": "Feature", "properties": {"osm_id": 1564013219, "building": "yes"}, "geometry": {"type": "Polygon", "coordinates": [[[98.1338523, 13.8862005], [98.1339414, 13.8861983], [98.1339394, 13.8861214], [98.1338503, 13.8861236], [98.1338523, 13.8862005]]]}}, {"type": "Feature", "properties": {"osm_id": 1564013220, "building": "yes"}, "geometry": {"type": "Polygon", "coordinates": [[[98.134812, 13.8857524], [98.1348083, 13.8856751], [98.1346939, 13.8856802], [98.1346976, 13.8857576], [98.134812, 13.8857524]]]}}, {"type": "Feature", "properties": {"osm_id": 1564013221, "building": "yes"}, "geometry": {"type": "Polygon", "coordinates": [[[98.1340701, 13.8861013], [98.1340653, 13.8860245], [98.1341278, 13.8860208], [98.1341325, 13.8860976], [98.1340701, 13.8861013]]]}}, {"type": "Feature", "properties": {"osm_id": 1564013222, "building": "yes"}, "geometry": {"type": "Polygon", "coordinates": [[[98.1347169, 13.8852197], [98.1346834, 13.8851494], [98.1345795, 13.885196], [98.1346129, 13.8852662], [98.1347169, 13.8852197]]]}}, {"type": "Feature", "properties": {"osm_id": 1564013223, "building": "yes"}, "geometry": {"type": "Polygon", "coordinates": [[[98.1346801, 13.8851345], [98.1346466, 13.8850642], [98.1345427, 13.8851107], [98.1345761, 13.885181], [98.1346801, 13.8851345]]]}}, {"type": "Feature", "properties": {"osm_id": 1564013224, "building": "yes"}, "geometry": {"type": "Polygon", "coordinates": [[[98.1346206, 13.8850602], [98.1345872, 13.88499], [98.1344832, 13.8850365], [98.1345167, 13.8851068], [98.1346206, 13.8850602]]]}}, {"type": "Feature", "properties": {"osm_id": 1564013225, "building": "yes"}, "geometry": {"type": "Polygon", "coordinates": [[[98.134564, 13.8849585], [98.1345305, 13.8848883], [98.1344266, 13.8849348], [98.13446, 13.8850051], [98.134564, 13.8849585]]]}}, {"type": "Feature", "properties": {"osm_id": 1564013226, "building": "yes"}, "geometry": {"type": "Polygon", "coordinates": [[[98.1345272, 13.8848623], [98.1344937, 13.8847921], [98.1343898, 13.8848386], [98.1344232, 13.8849089], [98.1345272, 13.8848623]]]}}, {"type": "Feature", "properties": {"osm_id": 1564013227, "building": "yes"}, "geometry": {"type": "Polygon", "coordinates": [[[98.1343771, 13.8847826], [98.1343437, 13.8847123], [98.1342397, 13.8847589], [98.1342732, 13.8848292], [98.1343771, 13.8847826]]]}}, {"type": "Feature", "properties": {"osm_id": 1564013228, "building": "yes"}, "geometry": {"type": "Polygon", "coordinates": [[[98.1341902, 13.8839333], [98.1341568, 13.883863], [98.1340529, 13.8839096], [98.1340863, 13.8839799], [98.1341902, 13.8839333]]]}}, {"type": "Feature", "properties": {"osm_id": 1564013229, "building": "yes"}, "geometry": {"type": "Polygon", "coordinates": [[[98.1341605, 13.8841264], [98.134151, 13.8840495], [98.1340373, 13.8840628], [98.1340468, 13.8841397], [98.1341605, 13.8841264]]]}}, {"type": "Feature", "properties": {"osm_id": 1564013230, "building": "yes"}, "geometry": {"type": "Polygon", "coordinates": [[[98.1341322, 13.8843105], [98.1341226, 13.8842337], [98.134009, 13.884247], [98.1340185, 13.8843239], [98.1341322, 13.8843105]]]}}, {"type": "Feature", "properties": {"osm_id": 1564013231, "building": "yes"}, "geometry": {"type": "Polygon", "coordinates": [[[98.1337981, 13.8840384], [98.1337885, 13.8839616], [98.1336749, 13.8839749], [98.1336844, 13.8840517], [98.1337981, 13.8840384]]]}}, {"type": "Feature", "properties": {"osm_id": 1564013232, "building": "yes"}, "geometry": {"type": "Polygon", "coordinates": [[[98.1340837, 13.8842089], [98.1340055, 13.8842217], [98.1339952, 13.8841618], [98.1340733, 13.884149], [98.1340837, 13.8842089]]]}}, {"type": "Feature", "properties": {"osm_id": 1564013233, "building": "yes"}, "geometry": {"type": "Polygon", "coordinates": [[[98.1338204, 13.8832084], [98.1337422, 13.8832212], [98.1337318, 13.8831613], [98.13381, 13.8831485], [98.1338204, 13.8832084]]]}}, {"type": "Feature", "properties": {"osm_id": 1564013234, "building": "yes"}, "geometry": {"type": "Polygon", "coordinates": [[[98.1338006, 13.8831259], [98.1337224, 13.8831387], [98.133712, 13.8830788], [98.1337902, 13.883066], [98.1338006, 13.8831259]]]}}, {"type": "Feature", "properties": {"osm_id": 1564013235, "building": "yes"}, "geometry": {"type": "Polygon", "coordinates": [[[98.1331239, 13.8821611], [98.1330457, 13.8821739], [98.1330353, 13.882114], [98.1331135, 13.8821012], [98.1331239, 13.8821611]]]}}, {"type": "Feature", "properties": {"osm_id": 1564013236, "building": "yes"}, "geometry": {"type": "Polygon", "coordinates": [[[98.1332796, 13.8821969], [98.1332014, 13.8822097], [98.1331911, 13.8821498], [98.1332692, 13.882137], [98.1332796, 13.8821969]]]}}, {"type": "Feature", "properties": {"osm_id": 1564013237, "building": "yes"}, "geometry": {"type": "Polygon", "coordinates": [[[98.1324769, 13.8821023], [98.1323973, 13.8821058], [98.1324025, 13.8822169], [98.1324822, 13.8822133], [98.1324769, 13.8821023]]]}}, {"type": "Feature", "properties": {"osm_id": 1564013238, "building": "yes"}, "geometry": {"type": "Polygon", "coordinates": [[[98.1329978, 13.8813622], [98.1329258, 13.88133], [98.1329519, 13.8812748], [98.1330239, 13.881307], [98.1329978, 13.8813622]]]}}, {"type": "Feature", "properties": {"osm_id": 1564013239, "building": "yes"}, "geometry": {"type": "Polygon", "coordinates": [[[98.1322787, 13.8819356], [98.1322845, 13.8818584], [98.1321703, 13.8818503], [98.1321646, 13.8819275], [98.1322787, 13.8819356]]]}}, {"type": "Feature", "properties": {"osm_id": 1564015995, "building": "yes"}, "geometry": {"type": "Polygon", "coordinates": [[[98.1337716, 13.8822324], [98.1336934, 13.8822452], [98.1336831, 13.8821853], [98.1337612, 13.8821725], [98.1337716, 13.8822324]]]}}, {"type": "Feature", "properties": {"osm_id": 1564015996, "building": "yes"}, "geometry": {"type": "Polygon", "coordinates": [[[98.1338381, 13.8823975], [98.1337599, 13.8824103], [98.1337496, 13.8823504], [98.1338277, 13.8823376], [98.1338381, 13.8823975]]]}}, {"type": "Feature", "properties": {"osm_id": 1564015997, "building": "yes"}, "geometry": {"type": "Polygon", "coordinates": [[[98.134052, 13.8819768], [98.1341318, 13.8819369], [98.1340632, 13.8818075], [98.1339834, 13.8818474], [98.134052, 13.8819768]]]}}, {"type": "Feature", "properties": {"osm_id": 1564015998, "building": "yes"}, "geometry": {"type": "Polygon", "coordinates": [[[98.1343374, 13.8817437], [98.1343642, 13.8818161], [98.1343053, 13.8818366], [98.1342785, 13.8817642], [98.1343374, 13.8817437]]]}}, {"type": "Feature", "properties": {"osm_id": 1564015999, "building": "yes"}, "geometry": {"type": "Polygon", "coordinates": [[[98.1339025, 13.8825631], [98.1338318, 13.8825979], [98.1338036, 13.8825437], [98.1338742, 13.882509], [98.1339025, 13.8825631]]]}}, {"type": "Feature", "properties": {"osm_id": 1564016000, "building": "yes"}, "geometry": {"type": "Polygon", "coordinates": [[[98.1339715, 13.8826517], [98.1339008, 13.8826865], [98.1338726, 13.8826323], [98.1339432, 13.8825975], [98.1339715, 13.8826517]]]}}, {"type": "Feature", "properties": {"osm_id": 1564016001, "building": "yes"}, "geometry": {"type": "Polygon", "coordinates": [[[98.1339743, 13.8828274], [98.1340745, 13.8827839], [98.1340478, 13.8827258], [98.1339475, 13.8827692], [98.1339743, 13.8828274]]]}}, {"type": "Feature", "properties": {"osm_id": 1564016002, "building": "yes"}, "geometry": {"type": "Polygon", "coordinates": [[[98.1341047, 13.8831187], [98.1342049, 13.8830753], [98.1341782, 13.8830171], [98.1340779, 13.8830605], [98.1341047, 13.8831187]]]}}, {"type": "Feature", "properties": {"osm_id": 1564016003, "building": "yes"}, "geometry": {"type": "Polygon", "coordinates": [[[98.1341688, 13.8832192], [98.134269, 13.8831758], [98.1342423, 13.8831176], [98.134142, 13.883161], [98.1341688, 13.8832192]]]}}, {"type": "Feature", "properties": {"osm_id": 1564016004, "building": "yes"}, "geometry": {"type": "Polygon", "coordinates": [[[98.1342279, 13.883279], [98.1343282, 13.8832356], [98.1343014, 13.8831774], [98.1342012, 13.8832208], [98.1342279, 13.883279]]]}}, {"type": "Feature", "properties": {"osm_id": 1564016005, "building": "yes"}, "geometry": {"type": "Polygon", "coordinates": [[[98.1343582, 13.8833207], [98.1342864, 13.8833534], [98.1342599, 13.8832984], [98.1343316, 13.8832657], [98.1343582, 13.8833207]]]}}, {"type": "Feature", "properties": {"osm_id": 1564016006, "building": "yes"}, "geometry": {"type": "Polygon", "coordinates": [[[98.1342871, 13.8834633], [98.1343873, 13.8834198], [98.1343606, 13.8833617], [98.1342603, 13.8834051], [98.1342871, 13.8834633]]]}}, {"type": "Feature", "properties": {"osm_id": 1564016007, "building": "yes"}, "geometry": {"type": "Polygon", "coordinates": [[[98.1343002, 13.8835018], [98.1344067, 13.8834639], [98.1343948, 13.8834325], [98.1342884, 13.8834705], [98.1343002, 13.8835018]]]}}, {"type": "Feature", "properties": {"osm_id": 1564016008, "building": "yes"}, "geometry": {"type": "Polygon", "coordinates": [[[98.134292, 13.8837648], [98.1343923, 13.8837213], [98.1343655, 13.8836632], [98.1342653, 13.8837066], [98.134292, 13.8837648]]]}}, {"type": "Feature", "properties": {"osm_id": 1564016009, "building": "yes"}, "geometry": {"type": "Polygon", "coordinates": [[[98.1343336, 13.8838732], [98.1344379, 13.8838402], [98.1344176, 13.8837796], [98.1343132, 13.8838126], [98.1343336, 13.8838732]]]}}, {"type": "Feature", "properties": {"osm_id": 1564016010, "building": "yes"}, "geometry": {"type": "Polygon", "coordinates": [[[98.134474, 13.8835815], [98.1344022, 13.8836143], [98.1343757, 13.8835592], [98.1344474, 13.8835265], [98.134474, 13.8835815]]]}}, {"type": "Feature", "properties": {"osm_id": 1564016011, "building": "yes"}, "geometry": {"type": "Polygon", "coordinates": [[[98.1343533, 13.8839426], [98.1344577, 13.8839096], [98.1344373, 13.883849], [98.134333, 13.883882], [98.1343533, 13.8839426]]]}}, {"type": "Feature", "properties": {"osm_id": 1564016012, "building": "yes"}, "geometry": {"type": "Polygon", "coordinates": [[[98.134373, 13.884079], [98.1344774, 13.884046], [98.134457, 13.8839854], [98.1343527, 13.8840184], [98.134373, 13.884079]]]}}, {"type": "Feature", "properties": {"osm_id": 1564016013, "building": "yes"}, "geometry": {"type": "Polygon", "coordinates": [[[98.1344618, 13.8841556], [98.1345661, 13.8841225], [98.1345458, 13.884062], [98.1344414, 13.884095], [98.1344618, 13.8841556]]]}}, {"type": "Feature", "properties": {"osm_id": 1564016014, "building": "yes"}, "geometry": {"type": "Polygon", "coordinates": [[[98.1344765, 13.8843638], [98.1345809, 13.8843307], [98.1345606, 13.8842702], [98.1344562, 13.8843032], [98.1344765, 13.8843638]]]}}, {"type": "Feature", "properties": {"osm_id": 1564016015, "building": "yes"}, "geometry": {"type": "Polygon", "coordinates": [[[98.1344913, 13.8844714], [98.1345957, 13.8844384], [98.1345754, 13.8843778], [98.134471, 13.8844109], [98.1344913, 13.8844714]]]}}, {"type": "Feature", "properties": {"osm_id": 1564016016, "building": "yes"}, "geometry": {"type": "Polygon", "coordinates": [[[98.134829, 13.8842537], [98.1349334, 13.8842207], [98.134913, 13.8841601], [98.1348087, 13.8841931], [98.134829, 13.8842537]]]}}, {"type": "Feature", "properties": {"osm_id": 1564016017, "building": "yes"}, "geometry": {"type": "Polygon", "coordinates": [[[98.1347797, 13.8841484], [98.1348841, 13.8841154], [98.1348637, 13.8840548], [98.1347594, 13.8840878], [98.1347797, 13.8841484]]]}}, {"type": "Feature", "properties": {"osm_id": 1564016018, "building": "yes"}, "geometry": {"type": "Polygon", "coordinates": [[[98.135271, 13.8836833], [98.135232, 13.8836048], [98.1350971, 13.8836681], [98.1351361, 13.8837465], [98.135271, 13.8836833]]]}}, {"type": "Feature", "properties": {"osm_id": 1564016019, "building": "yes"}, "geometry": {"type": "Polygon", "coordinates": [[[98.1350706, 13.8857624], [98.1350669, 13.8856851], [98.1349525, 13.8856902], [98.1349562, 13.8857676], [98.1350706, 13.8857624]]]}}, {"type": "Feature", "properties": {"osm_id": 1564016020, "building": "yes"}, "geometry": {"type": "Polygon", "coordinates": [[[98.1351174, 13.8860304], [98.1351137, 13.8859531], [98.1349993, 13.8859582], [98.135003, 13.8860356], [98.1351174, 13.8860304]]]}}, {"type": "Feature", "properties": {"osm_id": 1564016021, "building": "yes"}, "geometry": {"type": "Polygon", "coordinates": [[[98.1351354, 13.8865174], [98.1350936, 13.8864514], [98.1349961, 13.8865097], [98.1350379, 13.8865757], [98.1351354, 13.8865174]]]}}, {"type": "Feature", "properties": {"osm_id": 1564016022, "building": "yes"}, "geometry": {"type": "Polygon", "coordinates": [[[98.1352012, 13.8866078], [98.1351663, 13.8865382], [98.1350634, 13.8865868], [98.1350983, 13.8866564], [98.1352012, 13.8866078]]]}}, {"type": "Feature", "properties": {"osm_id": 1564016023, "building": "yes"}, "geometry": {"type": "Polygon", "coordinates": [[[98.1352702, 13.8866844], [98.1352353, 13.8866147], [98.1351324, 13.8866634], [98.1351673, 13.886733], [98.1352702, 13.8866844]]]}}, {"type": "Feature", "properties": {"osm_id": 1564016024, "building": "yes"}, "geometry": {"type": "Polygon", "coordinates": [[[98.1353713, 13.8867944], [98.1353364, 13.8867248], [98.1352334, 13.8867735], [98.1352684, 13.8868431], [98.1353713, 13.8867944]]]}}, {"type": "Feature", "properties": {"osm_id": 1564016025, "building": "yes"}, "geometry": {"type": "Polygon", "coordinates": [[[98.1355759, 13.8869763], [98.135541, 13.8869067], [98.135438, 13.8869553], [98.135473, 13.8870249], [98.1355759, 13.8869763]]]}}, {"type": "Feature", "properties": {"osm_id": 1564016026, "building": "yes"}, "geometry": {"type": "Polygon", "coordinates": [[[98.1357551, 13.8872134], [98.135734, 13.8871387], [98.1356236, 13.8871681], [98.1356447, 13.8872428], [98.1357551, 13.8872134]]]}}, {"type": "Feature", "properties": {"osm_id": 1564016027, "building": "yes"}, "geometry": {"type": "Polygon", "coordinates": [[[98.1357724, 13.8873378], [98.1357512, 13.8872631], [98.1356408, 13.8872925], [98.135662, 13.8873672], [98.1357724, 13.8873378]]]}}, {"type": "Feature", "properties": {"osm_id": 1564016028, "building": "yes"}, "geometry": {"type": "Polygon", "coordinates": [[[98.1346613, 13.8870048], [98.134692, 13.887089], [98.1348294, 13.8870416], [98.1347986, 13.8869575], [98.1346613, 13.8870048]]]}}, {"type": "Feature", "properties": {"osm_id": 1564016029, "building": "yes"}, "geometry": {"type": "Polygon", "coordinates": [[[98.1352308, 13.887005], [98.1351959, 13.8869354], [98.1350929, 13.886984], [98.1351279, 13.8870536], [98.1352308, 13.887005]]]}}, {"type": "Feature", "properties": {"osm_id": 1564016030, "building": "yes"}, "geometry": {"type": "Polygon", "coordinates": [[[98.1354748, 13.8872969], [98.1354399, 13.8872273], [98.135337, 13.8872759], [98.1353719, 13.8873456], [98.1354748, 13.8872969]]]}}, {"type": "Feature", "properties": {"osm_id": 1564016031, "building": "yes"}, "geometry": {"type": "Polygon", "coordinates": [[[98.13497, 13.8870182], [98.1350484, 13.8870065], [98.135058, 13.8870665], [98.1349796, 13.8870782], [98.13497, 13.8870182]]]}}, {"type": "Feature", "properties": {"osm_id": 1564016032, "building": "yes"}, "geometry": {"type": "Polygon", "coordinates": [[[98.1349893, 13.8877539], [98.1349543, 13.8876843], [98.1348514, 13.887733], [98.1348863, 13.8878026], [98.1349893, 13.8877539]]]}}, {"type": "Feature", "properties": {"osm_id": 1564016033, "building": "yes"}, "geometry": {"type": "Polygon", "coordinates": [[[98.1351864, 13.887852], [98.1351515, 13.8877824], [98.1350486, 13.8878311], [98.1350835, 13.8879007], [98.1351864, 13.887852]]]}}, {"type": "Feature", "properties": {"osm_id": 1564016034, "building": "yes"}, "geometry": {"type": "Polygon", "coordinates": [[[98.134829, 13.8876511], [98.1347941, 13.8875814], [98.1346912, 13.8876301], [98.1347261, 13.8876997], [98.134829, 13.8876511]]]}}, {"type": "Feature", "properties": {"osm_id": 1564016035, "building": "yes"}, "geometry": {"type": "Polygon", "coordinates": [[[98.1348266, 13.8874692], [98.1347916, 13.8873996], [98.1346887, 13.8874482], [98.1347236, 13.8875178], [98.1348266, 13.8874692]]]}}, {"type": "Feature", "properties": {"osm_id": 1564016036, "building": "yes"}, "geometry": {"type": "Polygon", "coordinates": [[[98.1352486, 13.8876236], [98.1353269, 13.8876119], [98.1353365, 13.887672], [98.1352581, 13.8876836], [98.1352486, 13.8876236]]]}}, {"type": "Feature", "properties": {"osm_id": 1564016037, "building": "yes"}, "geometry": {"type": "Polygon", "coordinates": [[[98.135627, 13.8875803], [98.1356129, 13.8875041], [98.1355002, 13.8875237], [98.1355143, 13.8875999], [98.135627, 13.8875803]]]}}, {"type": "Feature", "properties": {"osm_id": 1564016038, "building": "yes"}, "geometry": {"type": "Polygon", "coordinates": [[[98.1355907, 13.8874668], [98.1355557, 13.8873972], [98.1354528, 13.8874458], [98.1354877, 13.8875154], [98.1355907, 13.8874668]]]}}, {"type": "Feature", "properties": {"osm_id": 1564016039, "building": "yes"}, "geometry": {"type": "Polygon", "coordinates": [[[98.1354268, 13.8873897], [98.1354944, 13.887345], [98.1354676, 13.8873069], [98.1354, 13.8873516], [98.1354268, 13.8873897]]]}}, {"type": "Feature", "properties": {"osm_id": 1564016040, "building": "yes"}, "geometry": {"type": "Polygon", "coordinates": [[[98.1351551, 13.8877535], [98.135138, 13.8876779], [98.1350262, 13.8877016], [98.1350432, 13.8877772], [98.1351551, 13.8877535]]]}}, {"type": "Feature", "properties": {"osm_id": 1564016041, "building": "yes"}, "geometry": {"type": "Polygon", "coordinates": [[[98.1355226, 13.8877435], [98.1356715, 13.8877029], [98.1356522, 13.8876361], [98.1355033, 13.8876767], [98.1355226, 13.8877435]]]}}, {"type": "Feature", "properties": {"osm_id": 1564016042, "building": "yes"}, "geometry": {"type": "Polygon", "coordinates": [[[98.1356711, 13.8880912], [98.135657, 13.888015], [98.1355443, 13.8880346], [98.1355584, 13.8881108], [98.1356711, 13.8880912]]]}}, {"type": "Feature", "properties": {"osm_id": 1564016043, "building": "yes"}, "geometry": {"type": "Polygon", "coordinates": [[[98.1356666, 13.8877885], [98.1357403, 13.8877601], [98.1357634, 13.8878166], [98.1356897, 13.8878449], [98.1356666, 13.8877885]]]}}, {"type": "Feature", "properties": {"osm_id": 1564016044, "building": "yes"}, "geometry": {"type": "Polygon", "coordinates": [[[98.1359197, 13.8881727], [98.1359919, 13.8881355], [98.1359696, 13.8880947], [98.1358974, 13.888132], [98.1359197, 13.8881727]]]}}, {"type": "Feature", "properties": {"osm_id": 1564016045, "building": "yes"}, "geometry": {"type": "Polygon", "coordinates": [[[98.1359309, 13.8883067], [98.136066, 13.8882338], [98.1360313, 13.8881732], [98.1358962, 13.8882461], [98.1359309, 13.8883067]]]}}, {"type": "Feature", "properties": {"osm_id": 1564016046, "building": "yes"}, "geometry": {"type": "Polygon", "coordinates": [[[98.1366163, 13.8882908], [98.1365601, 13.8882358], [98.1364788, 13.8883141], [98.1365351, 13.8883691], [98.1366163, 13.8882908]]]}}, {"type": "Feature", "properties": {"osm_id": 1564016047, "building": "yes"}, "geometry": {"type": "Polygon", "coordinates": [[[98.1362721, 13.8881693], [98.1364072, 13.8880963], [98.1363725, 13.8880357], [98.1362373, 13.8881086], [98.1362721, 13.8881693]]]}}, {"type": "Feature", "properties": {"osm_id": 1564016048, "building": "yes"}, "geometry": {"type": "Polygon", "coordinates": [[[98.1358771, 13.8876222], [98.1359554, 13.8876104], [98.135965, 13.8876705], [98.1358866, 13.8876822], [98.1358771, 13.8876222]]]}}, {"type": "Feature", "properties": {"osm_id": 1564016049, "building": "yes"}, "geometry": {"type": "Polygon", "coordinates": [[[98.1362048, 13.8880484], [98.1362512, 13.8880366], [98.1362322, 13.8880025], [98.1361938, 13.8880103], [98.1362048, 13.8880484]]]}}, {"type": "Feature", "properties": {"osm_id": 1564016050, "building": "yes"}, "geometry": {"type": "Polygon", "coordinates": [[[98.136139, 13.8886023], [98.1361216, 13.8884531], [98.1360506, 13.8884609], [98.136068, 13.8886101], [98.136139, 13.8886023]]]}}, {"type": "Feature", "properties": {"osm_id": 1564016051, "building": "yes"}, "geometry": {"type": "Polygon", "coordinates": [[[98.13622, 13.8883707], [98.1362966, 13.8883506], [98.1363129, 13.8884093], [98.1362364, 13.8884293], [98.13622, 13.8883707]]]}}, {"type": "Feature", "properties": {"osm_id": 1564016052, "building": "yes"}, "geometry": {"type": "Polygon", "coordinates": [[[98.1362684, 13.8884921], [98.1363481, 13.8884744], [98.1363375, 13.8884294], [98.1362578, 13.8884472], [98.1362684, 13.8884921]]]}}, {"type": "Feature", "properties": {"osm_id": 1564016053, "building": "yes"}, "geometry": {"type": "Polygon", "coordinates": [[[98.1360111, 13.8888425], [98.1359314, 13.8888471], [98.1359383, 13.8889581], [98.1360179, 13.8889534], [98.1360111, 13.8888425]]]}}, {"type": "Feature", "properties": {"osm_id": 1564016054, "building": "yes"}, "geometry": {"type": "Polygon", "coordinates": [[[98.136366, 13.8885144], [98.1364425, 13.8884943], [98.1364588, 13.888553], [98.1363823, 13.888573], [98.136366, 13.8885144]]]}}, {"type": "Feature", "properties": {"osm_id": 1564016055, "building": "yes"}, "geometry": {"type": "Polygon", "coordinates": [[[98.1360897, 13.8883963], [98.1362248, 13.8883234], [98.1361901, 13.8882628], [98.1360549, 13.8883357], [98.1360897, 13.8883963]]]}}, {"type": "Feature", "properties": {"osm_id": 1564016056, "building": "yes"}, "geometry": {"type": "Polygon", "coordinates": [[[98.1359755, 13.8887591], [98.1359585, 13.8886835], [98.1358466, 13.8887072], [98.1358637, 13.8887828], [98.1359755, 13.8887591]]]}}, {"type": "Feature", "properties": {"osm_id": 1564016057, "building": "yes"}, "geometry": {"type": "Polygon", "coordinates": [[[98.1356877, 13.8888029], [98.1357613, 13.8887745], [98.1357845, 13.888831], [98.1357108, 13.8888593], [98.1356877, 13.8888029]]]}}, {"type": "Feature", "properties": {"osm_id": 1564016058, "building": "yes"}, "geometry": {"type": "Polygon", "coordinates": [[[98.13561, 13.8887745], [98.1356823, 13.8887373], [98.13566, 13.8886966], [98.1355877, 13.8887338], [98.13561, 13.8887745]]]}}, {"type": "Feature", "properties": {"osm_id": 1564016059, "building": "yes"}, "geometry": {"type": "Polygon", "coordinates": [[[98.1356442, 13.8885988], [98.1356301, 13.8885225], [98.1355174, 13.8885421], [98.1355315, 13.8886184], [98.1356442, 13.8885988]]]}}, {"type": "Feature", "properties": {"osm_id": 1564016060, "building": "yes"}, "geometry": {"type": "Polygon", "coordinates": [[[98.1362417, 13.8893026], [98.1362032, 13.8892347], [98.1361029, 13.8892883], [98.1361414, 13.8893562], [98.1362417, 13.8893026]]]}}, {"type": "Feature", "properties": {"osm_id": 1564016061, "building": "yes"}, "geometry": {"type": "Polygon", "coordinates": [[[98.1363601, 13.8893908], [98.1363213, 13.8893232], [98.1362212, 13.8893771], [98.13626, 13.8894448], [98.1363601, 13.8893908]]]}}, {"type": "Feature", "properties": {"osm_id": 1564016062, "building": "yes"}, "geometry": {"type": "Polygon", "coordinates": [[[98.13599, 13.8891267], [98.1360622, 13.8890895], [98.1360399, 13.8890488], [98.1359677, 13.889086], [98.13599, 13.8891267]]]}}, {"type": "Feature", "properties": {"osm_id": 1564016063, "building": "yes"}, "geometry": {"type": "Polygon", "coordinates": [[[98.1369501, 13.8888122], [98.1368939, 13.8887573], [98.1368126, 13.8888356], [98.1368689, 13.8888905], [98.1369501, 13.8888122]]]}}, {"type": "Feature", "properties": {"osm_id": 1564018588, "building": "yes"}, "geometry": {"type": "Polygon", "coordinates": [[[98.1367812, 13.8891262], [98.1368577, 13.8891061], [98.136874, 13.8891648], [98.1367975, 13.8891848], [98.1367812, 13.8891262]]]}}, {"type": "Feature", "properties": {"osm_id": 1564018589, "building": "yes"}, "geometry": {"type": "Polygon", "coordinates": [[[98.1369652, 13.8888953], [98.1370418, 13.8888752], [98.1370581, 13.8889339], [98.1369816, 13.8889539], [98.1369652, 13.8888953]]]}}, {"type": "Feature", "properties": {"osm_id": 1564018590, "building": "yes"}, "geometry": {"type": "Polygon", "coordinates": [[[98.1370172, 13.8890277], [98.1370842, 13.8889822], [98.137057, 13.8889444], [98.13699, 13.88899], [98.1370172, 13.8890277]]]}}, {"type": "Feature", "properties": {"osm_id": 1564018591, "building": "yes"}, "geometry": {"type": "Polygon", "coordinates": [[[98.1377344, 13.8892012], [98.1378695, 13.8891283], [98.1378348, 13.8890677], [98.1376996, 13.8891406], [98.1377344, 13.8892012]]]}}, {"type": "Feature", "properties": {"osm_id": 1564018592, "building": "yes"}, "geometry": {"type": "Polygon", "coordinates": [[[98.1370389, 13.8891964], [98.1371154, 13.8891763], [98.1371317, 13.889235], [98.1370552, 13.889255], [98.1370389, 13.8891964]]]}}, {"type": "Feature", "properties": {"osm_id": 1564018593, "building": "yes"}, "geometry": {"type": "Polygon", "coordinates": [[[98.1371476, 13.8890167], [98.1372114, 13.8889669], [98.1371816, 13.888931], [98.1371179, 13.8889808], [98.1371476, 13.8890167]]]}}, {"type": "Feature", "properties": {"osm_id": 1564018594, "building": "yes"}, "geometry": {"type": "Polygon", "coordinates": [[[98.1368429, 13.8898719], [98.1368077, 13.8898023], [98.1367049, 13.8898513], [98.1367401, 13.8899209], [98.1368429, 13.8898719]]]}}, {"type": "Feature", "properties": {"osm_id": 1564018595, "building": "yes"}, "geometry": {"type": "Polygon", "coordinates": [[[98.1367734, 13.8897991], [98.1367459, 13.8897264], [98.1366384, 13.8897647], [98.136666, 13.8898374], [98.1367734, 13.8897991]]]}}, {"type": "Feature", "properties": {"osm_id": 1564018596, "building": "yes"}, "geometry": {"type": "Polygon", "coordinates": [[[98.137638, 13.8890258], [98.1377031, 13.8889819], [98.1377388, 13.8890319], [98.1376737, 13.8890757], [98.137638, 13.8890258]]]}}, {"type": "Feature", "properties": {"osm_id": 1564018597, "building": "yes"}, "geometry": {"type": "Polygon", "coordinates": [[[98.1373157, 13.8891508], [98.1373844, 13.8891125], [98.1374156, 13.8891652], [98.1373468, 13.8892035], [98.1373157, 13.8891508]]]}}, {"type": "Feature", "properties": {"osm_id": 1564018598, "building": "yes"}, "geometry": {"type": "Polygon", "coordinates": [[[98.1375405, 13.8893266], [98.1375869, 13.8893148], [98.1375679, 13.8892807], [98.1375295, 13.8892885], [98.1375405, 13.8893266]]]}}, {"type": "Feature", "properties": {"osm_id": 1564018599, "building": "yes"}, "geometry": {"type": "Polygon", "coordinates": [[[98.1383188, 13.8899567], [98.1384705, 13.889928], [98.1384568, 13.8898599], [98.138305, 13.8898887], [98.1383188, 13.8899567]]]}}, {"type": "Feature", "properties": {"osm_id": 1564018600, "building": "yes"}, "geometry": {"type": "Polygon", "coordinates": [[[98.137297, 13.8895962], [98.13728, 13.8895206], [98.1371681, 13.8895443], [98.1371852, 13.8896199], [98.137297, 13.8895962]]]}}, {"type": "Feature", "properties": {"osm_id": 1564018601, "building": "yes"}, "geometry": {"type": "Polygon", "coordinates": [[[98.1376158, 13.8895], [98.1377116, 13.8894692], [98.137696, 13.8894235], [98.1376002, 13.8894544], [98.1376158, 13.8895]]]}}, {"type": "Feature", "properties": {"osm_id": 1564018602, "building": "yes"}, "geometry": {"type": "Polygon", "coordinates": [[[98.1377502, 13.8896937], [98.137846, 13.8896628], [98.1378304, 13.8896172], [98.1377346, 13.8896481], [98.1377502, 13.8896937]]]}}, {"type": "Feature", "properties": {"osm_id": 1564018603, "building": "yes"}, "geometry": {"type": "Polygon", "coordinates": [[[98.1375038, 13.8889707], [98.1375743, 13.8889006], [98.1375389, 13.888867], [98.1374684, 13.8889371], [98.1375038, 13.8889707]]]}}, {"type": "Feature", "properties": {"osm_id": 1564018604, "building": "yes"}, "geometry": {"type": "Polygon", "coordinates": [[[98.1368437, 13.8900026], [98.1369416, 13.8899787], [98.1369295, 13.8899321], [98.1368316, 13.889956], [98.1368437, 13.8900026]]]}}, {"type": "Feature", "properties": {"osm_id": 1564018605, "building": "yes"}, "geometry": {"type": "Polygon", "coordinates": [[[98.1368697, 13.8900865], [98.1369676, 13.8900626], [98.1369555, 13.890016], [98.1368576, 13.8900399], [98.1368697, 13.8900865]]]}}, {"type": "Feature", "properties": {"osm_id": 1564018606, "building": "yes"}, "geometry": {"type": "Polygon", "coordinates": [[[98.1371866, 13.8902119], [98.1371696, 13.8901363], [98.1370577, 13.89016], [98.1370748, 13.8902356], [98.1371866, 13.8902119]]]}}, {"type": "Feature", "properties": {"osm_id": 1564018607, "building": "yes"}, "geometry": {"type": "Polygon", "coordinates": [[[98.1369908, 13.8902904], [98.1370673, 13.8902703], [98.1370836, 13.890329], [98.1370071, 13.890349], [98.1369908, 13.8902904]]]}}, {"type": "Feature", "properties": {"osm_id": 1564018608, "building": "yes"}, "geometry": {"type": "Polygon", "coordinates": [[[98.1378383, 13.8893288], [98.1379157, 13.8892659], [98.1378839, 13.889229], [98.1378065, 13.8892919], [98.1378383, 13.8893288]]]}}, {"type": "Feature", "properties": {"osm_id": 1564018609, "building": "yes"}, "geometry": {"type": "Polygon", "coordinates": [[[98.1372023, 13.8904084], [98.1371853, 13.8903328], [98.1370734, 13.8903565], [98.1370905, 13.8904321], [98.1372023, 13.8904084]]]}}, {"type": "Feature", "properties": {"osm_id": 1564018610, "building": "yes"}, "geometry": {"type": "Polygon", "coordinates": [[[98.1371361, 13.8904866], [98.137234, 13.8904628], [98.1372219, 13.8904161], [98.137124, 13.89044], [98.1371361, 13.8904866]]]}}, {"type": "Feature", "properties": {"osm_id": 1564018611, "building": "yes"}, "geometry": {"type": "Polygon", "coordinates": [[[98.1374628, 13.8903733], [98.1375607, 13.8903494], [98.1375486, 13.8903028], [98.1374507, 13.8903266], [98.1374628, 13.8903733]]]}}, {"type": "Feature", "properties": {"osm_id": 1564018612, "building": "yes"}, "geometry": {"type": "Polygon", "coordinates": [[[98.1374885, 13.8905066], [98.1375864, 13.8904827], [98.1375743, 13.8904361], [98.1374765, 13.89046], [98.1374885, 13.8905066]]]}}, {"type": "Feature", "properties": {"osm_id": 1564018613, "building": "yes"}, "geometry": {"type": "Polygon", "coordinates": [[[98.1372898, 13.8903313], [98.1373663, 13.8903112], [98.1373826, 13.8903699], [98.1373061, 13.8903899], [98.1372898, 13.8903313]]]}}, {"type": "Feature", "properties": {"osm_id": 1564018614, "building": "yes"}, "geometry": {"type": "Polygon", "coordinates": [[[98.1377662, 13.8902812], [98.1377405, 13.8901332], [98.1376701, 13.8901448], [98.1376958, 13.8902928], [98.1377662, 13.8902812]]]}}, {"type": "Feature", "properties": {"osm_id": 1564018615, "building": "yes"}, "geometry": {"type": "Polygon", "coordinates": [[[98.1382053, 13.8902036], [98.1381883, 13.890128], [98.1380764, 13.8901517], [98.1380935, 13.8902273], [98.1382053, 13.8902036]]]}}, {"type": "Feature", "properties": {"osm_id": 1564018616, "building": "yes"}, "geometry": {"type": "Polygon", "coordinates": [[[98.1379721, 13.8901063], [98.1380486, 13.8900862], [98.1380649, 13.8901449], [98.1379884, 13.8901649], [98.1379721, 13.8901063]]]}}, {"type": "Feature", "properties": {"osm_id": 1564018617, "building": "yes"}, "geometry": {"type": "Polygon", "coordinates": [[[98.1378372, 13.8905638], [98.1377967, 13.890419], [98.1377278, 13.8904372], [98.1377683, 13.8905821], [98.1378372, 13.8905638]]]}}, {"type": "Feature", "properties": {"osm_id": 1564018618, "building": "yes"}, "geometry": {"type": "Polygon", "coordinates": [[[98.1379831, 13.8909033], [98.1379426, 13.8907585], [98.1378737, 13.8907767], [98.1379142, 13.8909216], [98.1379831, 13.8909033]]]}}, {"type": "Feature", "properties": {"osm_id": 1564018619, "building": "yes"}, "geometry": {"type": "Polygon", "coordinates": [[[98.1383498, 13.8908012], [98.1385039, 13.8907897], [98.1384984, 13.8907206], [98.1383442, 13.890732], [98.1383498, 13.8908012]]]}}, {"type": "Feature", "properties": {"osm_id": 1564018620, "building": "yes"}, "geometry": {"type": "Polygon", "coordinates": [[[98.1383985, 13.890854], [98.1384993, 13.8908491], [98.1384969, 13.8908011], [98.1383961, 13.8908059], [98.1383985, 13.890854]]]}}, {"type": "Feature", "properties": {"osm_id": 1564018621, "building": "yes"}, "geometry": {"type": "Polygon", "coordinates": [[[98.1380744, 13.8904785], [98.1380574, 13.8904029], [98.1379455, 13.8904266], [98.1379626, 13.8905022], [98.1380744, 13.8904785]]]}}, {"type": "Feature", "properties": {"osm_id": 1564018622, "building": "yes"}, "geometry": {"type": "Polygon", "coordinates": [[[98.1382567, 13.8906274], [98.1383546, 13.8906035], [98.1383425, 13.8905569], [98.1382446, 13.8905808], [98.1382567, 13.8906274]]]}}, {"type": "Feature", "properties": {"osm_id": 1564018623, "building": "yes"}, "geometry": {"type": "Polygon", "coordinates": [[[98.1382622, 13.8905144], [98.1383423, 13.8904984], [98.1383327, 13.8904532], [98.1382526, 13.8904693], [98.1382622, 13.8905144]]]}}, {"type": "Feature", "properties": {"osm_id": 1564018624, "building": "yes"}, "geometry": {"type": "Polygon", "coordinates": [[[98.1382991, 13.8902809], [98.1382605, 13.8902109], [98.1382186, 13.8902327], [98.1382573, 13.8903027], [98.1382991, 13.8902809]]]}}, {"type": "Feature", "properties": {"osm_id": 1564018625, "building": "yes"}, "geometry": {"type": "Polygon", "coordinates": [[[98.1383662, 13.8904327], [98.1383492, 13.8903571], [98.1382373, 13.8903808], [98.1382544, 13.8904564], [98.1383662, 13.8904327]]]}}, {"type": "Feature", "properties": {"osm_id": 1564018626, "building": "yes"}, "geometry": {"type": "Polygon", "coordinates": [[[98.1381588, 13.890425], [98.1382353, 13.8904049], [98.1382516, 13.8904636], [98.1381751, 13.8904836], [98.1381588, 13.890425]]]}}, {"type": "Feature", "properties": {"osm_id": 1564018627, "building": "yes"}, "geometry": {"type": "Polygon", "coordinates": [[[98.1379166, 13.8912217], [98.1377644, 13.8912482], [98.1377771, 13.8913165], [98.1379293, 13.89129], [98.1379166, 13.8912217]]]}}, {"type": "Feature", "properties": {"osm_id": 1564018628, "building": "yes"}, "geometry": {"type": "Polygon", "coordinates": [[[98.1378772, 13.8913653], [98.1379733, 13.8913354], [98.1379582, 13.8912896], [98.1378621, 13.8913195], [98.1378772, 13.8913653]]]}}, {"type": "Feature", "properties": {"osm_id": 1564018629, "building": "yes"}, "geometry": {"type": "Polygon", "coordinates": [[[98.1375703, 13.8909904], [98.1376664, 13.8909604], [98.1376513, 13.8909147], [98.1375552, 13.8909446], [98.1375703, 13.8909904]]]}}, {"type": "Feature", "properties": {"osm_id": 1564018630, "building": "yes"}, "geometry": {"type": "Polygon", "coordinates": [[[98.1382071, 13.8916486], [98.1382509, 13.8917662], [98.1383149, 13.8917437], [98.138271, 13.8916261], [98.1382071, 13.8916486]]]}}, {"type": "Feature", "properties": {"osm_id": 1564018631, "building": "yes"}, "geometry": {"type": "Polygon", "coordinates": [[[98.1384549, 13.8911187], [98.1385314, 13.8910986], [98.1385477, 13.8911573], [98.1384712, 13.8911773], [98.1384549, 13.8911187]]]}}, {"type": "Feature", "properties": {"osm_id": 1564018632, "building": "yes"}, "geometry": {"type": "Polygon", "coordinates": [[[98.1382597, 13.8910332], [98.1383362, 13.8910131], [98.1383525, 13.8910718], [98.138276, 13.8910918], [98.1382597, 13.8910332]]]}}, {"type": "Feature", "properties": {"osm_id": 1564018633, "building": "yes"}, "geometry": {"type": "Polygon", "coordinates": [[[98.1384356, 13.8919289], [98.1385121, 13.8919088], [98.1385284, 13.8919675], [98.1384519, 13.8919875], [98.1384356, 13.8919289]]]}}, {"type": "Feature", "properties": {"osm_id": 1564018634, "building": "yes"}, "geometry": {"type": "Polygon", "coordinates": [[[98.1385703, 13.8910862], [98.1386664, 13.8910563], [98.1386513, 13.8910105], [98.1385551, 13.8910404], [98.1385703, 13.8910862]]]}}, {"type": "Feature", "properties": {"osm_id": 1564018635, "building": "yes"}, "geometry": {"type": "Polygon", "coordinates": [[[98.138339, 13.8912957], [98.1384155, 13.8912756], [98.1384318, 13.8913343], [98.1383553, 13.8913543], [98.138339, 13.8912957]]]}}, {"type": "Feature", "properties": {"osm_id": 1564018636, "building": "yes"}, "geometry": {"type": "Polygon", "coordinates": [[[98.1383812, 13.8912124], [98.1383596, 13.8911384], [98.1384198, 13.8911218], [98.1384414, 13.8911958], [98.1383812, 13.8912124]]]}}, {"type": "Feature", "properties": {"osm_id": 1564018637, "building": "yes"}, "geometry": {"type": "Polygon", "coordinates": [[[98.1386033, 13.89167], [98.1387285, 13.8916407], [98.1387126, 13.8915765], [98.1385873, 13.8916059], [98.1386033, 13.89167]]]}}, {"type": "Feature", "properties": {"osm_id": 1564018638, "building": "yes"}, "geometry": {"type": "Polygon", "coordinates": [[[98.1386861, 13.8912861], [98.1387822, 13.8912562], [98.1387671, 13.8912105], [98.138671, 13.8912403], [98.1386861, 13.8912861]]]}}, {"type": "Feature", "properties": {"osm_id": 1564018639, "building": "yes"}, "geometry": {"type": "Polygon", "coordinates": [[[98.1386153, 13.8911882], [98.1387114, 13.8911583], [98.1386963, 13.8911126], [98.1386002, 13.8911424], [98.1386153, 13.8911882]]]}}, {"type": "Feature", "properties": {"osm_id": 1564018640, "building": "yes"}, "geometry": {"type": "Polygon", "coordinates": [[[98.1383664, 13.8915069], [98.1384625, 13.891477], [98.1384474, 13.8914313], [98.1383513, 13.8914611], [98.1383664, 13.8915069]]]}}, {"type": "Feature", "properties": {"osm_id": 1564018641, "building": "yes"}, "geometry": {"type": "Polygon", "coordinates": [[[98.1386147, 13.891747], [98.1387141, 13.8917301], [98.1387055, 13.8916828], [98.1386061, 13.8916997], [98.1386147, 13.891747]]]}}, {"type": "Feature", "properties": {"osm_id": 1564018642, "building": "yes"}, "geometry": {"type": "Polygon", "coordinates": [[[98.1385695, 13.8921548], [98.1387237, 13.8921696], [98.1387288, 13.8921187], [98.1385747, 13.8921039], [98.1385695, 13.8921548]]]}}, {"type": "Feature", "properties": {"osm_id": 1564018643, "building": "yes"}, "geometry": {"type": "Polygon", "coordinates": [[[98.1386684, 13.8919267], [98.1388226, 13.8919414], [98.1388277, 13.8918905], [98.1386736, 13.8918758], [98.1386684, 13.8919267]]]}}, {"type": "Feature", "properties": {"osm_id": 1564018644, "building": "yes"}, "geometry": {"type": "Polygon", "coordinates": [[[98.1386743, 13.8920723], [98.1387749, 13.8920803], [98.138779, 13.8920324], [98.1386784, 13.8920244], [98.1386743, 13.8920723]]]}}, {"type": "Feature", "properties": {"osm_id": 1564018645, "building": "yes"}, "geometry": {"type": "Polygon", "coordinates": [[[98.1385829, 13.8922447], [98.1387104, 13.8922627], [98.1387202, 13.8921974], [98.1385926, 13.8921795], [98.1385829, 13.8922447]]]}}, {"type": "Feature", "properties": {"osm_id": 1564018646, "building": "yes"}, "geometry": {"type": "Polygon", "coordinates": [[[98.138772, 13.8917215], [98.1388681, 13.8916916], [98.138853, 13.8916458], [98.1387568, 13.8916757], [98.138772, 13.8917215]]]}}, {"type": "Feature", "properties": {"osm_id": 1564018647, "building": "yes"}, "geometry": {"type": "Polygon", "coordinates": [[[98.13873, 13.8915547], [98.1388297, 13.8915393], [98.1388219, 13.8914918], [98.1387222, 13.8915072], [98.13873, 13.8915547]]]}}, {"type": "Feature", "properties": {"osm_id": 1564018648, "building": "yes"}, "geometry": {"type": "Polygon", "coordinates": [[[98.1386598, 13.8914165], [98.138803, 13.8913887], [98.1387909, 13.8913298], [98.1386477, 13.8913576], [98.1386598, 13.8914165]]]}}, {"type": "Feature", "properties": {"osm_id": 1564018649, "building": "yes"}, "geometry": {"type": "Polygon", "coordinates": [[[98.1385735, 13.8913455], [98.1386254, 13.8913364], [98.1386165, 13.8912891], [98.1385647, 13.8912983], [98.1385735, 13.8913455]]]}}, {"type": "Feature", "properties": {"osm_id": 1564018650, "building": "yes"}, "geometry": {"type": "Polygon", "coordinates": [[[98.1386891, 13.8914859], [98.1387837, 13.8914742], [98.1387775, 13.8914276], [98.138683, 13.8914393], [98.1386891, 13.8914859]]]}}, {"type": "Feature", "properties": {"osm_id": 1564018651, "building": "yes"}, "geometry": {"type": "Polygon", "coordinates": [[[98.1385528, 13.891214], [98.1386046, 13.8912048], [98.1385958, 13.8911576], [98.1385439, 13.8911668], [98.1385528, 13.891214]]]}}, {"type": "Feature", "properties": {"osm_id": 1564018652, "building": "yes"}, "geometry": {"type": "Polygon", "coordinates": [[[98.1386622, 13.8918577], [98.1387141, 13.8918485], [98.1387052, 13.8918012], [98.1386533, 13.8918104], [98.1386622, 13.8918577]]]}}, {"type": "Feature", "properties": {"osm_id": 1564018653, "building": "yes"}, "geometry": {"type": "Polygon", "coordinates": [[[98.1390185, 13.8919468], [98.139146, 13.8919648], [98.1391557, 13.8918995], [98.1390282, 13.8918816], [98.1390185, 13.8919468]]]}}, {"type": "Feature", "properties": {"osm_id": 1564018654, "building": "yes"}, "geometry": {"type": "Polygon", "coordinates": [[[98.1389146, 13.8922639], [98.1390152, 13.892272], [98.1390193, 13.892224], [98.1389187, 13.892216], [98.1389146, 13.8922639]]]}}, {"type": "Feature", "properties": {"osm_id": 1564018655, "building": "yes"}, "geometry": {"type": "Polygon", "coordinates": [[[98.1392336, 13.8921597], [98.1393611, 13.8921777], [98.1393522, 13.892125], [98.1392433, 13.8920944], [98.1392336, 13.8921597]]]}}, {"type": "Feature", "properties": {"osm_id": 1564018656, "building": "yes"}, "geometry": {"type": "Polygon", "coordinates": [[[98.1388127, 13.89252], [98.1389092, 13.8925288], [98.1389027, 13.8925971], [98.1388061, 13.8925884], [98.1388127, 13.89252]]]}}, {"type": "Feature", "properties": {"osm_id": 1564018657, "building": "yes"}, "geometry": {"type": "Polygon", "coordinates": [[[98.1388491, 13.8926763], [98.1389777, 13.8926844], [98.1389821, 13.8926185], [98.1388535, 13.8926105], [98.1388491, 13.8926763]]]}}, {"type": "Feature", "properties": {"osm_id": 1564018658, "building": "yes"}, "geometry": {"type": "Polygon", "coordinates": [[[98.1390419, 13.8927803], [98.1389132, 13.8927861], [98.1389163, 13.8928519], [98.139045, 13.892846], [98.1390419, 13.8927803]]]}}, {"type": "Feature", "properties": {"osm_id": 1564018659, "building": "yes"}, "geometry": {"type": "Polygon", "coordinates": [[[98.1389087, 13.8930056], [98.1390627, 13.8929893], [98.1390569, 13.8929384], [98.138903, 13.8929548], [98.1389087, 13.8930056]]]}}, {"type": "Feature", "properties": {"osm_id": 1564018660, "building": "yes"}, "geometry": {"type": "Polygon", "coordinates": [[[98.1389931, 13.892585], [98.1390449, 13.8925758], [98.1390361, 13.8925285], [98.1389842, 13.8925377], [98.1389931, 13.892585]]]}}, {"type": "Feature", "properties": {"osm_id": 1564018661, "building": "yes"}, "geometry": {"type": "Polygon", "coordinates": [[[98.1389186, 13.8925845], [98.1389703, 13.8925943], [98.1389798, 13.8925471], [98.1389281, 13.8925374], [98.1389186, 13.8925845]]]}}, {"type": "Feature", "properties": {"osm_id": 1564018662, "building": "yes"}, "geometry": {"type": "Polygon", "coordinates": [[[98.1388072, 13.8927526], [98.1389078, 13.8927606], [98.1389119, 13.8927127], [98.1388113, 13.8927047], [98.1388072, 13.8927526]]]}}, {"type": "Feature", "properties": {"osm_id": 1564018663, "building": "yes"}, "geometry": {"type": "Polygon", "coordinates": [[[98.1391672, 13.8930179], [98.1392675, 13.8930065], [98.1392617, 13.8929588], [98.1391615, 13.8929701], [98.1391672, 13.8930179]]]}}, {"type": "Feature", "properties": {"osm_id": 1564018664, "building": "yes"}, "geometry": {"type": "Polygon", "coordinates": [[[98.1393687, 13.8933071], [98.139242, 13.8933302], [98.1392545, 13.8933949], [98.1393812, 13.8933718], [98.1393687, 13.8933071]]]}}, {"type": "Feature", "properties": {"osm_id": 1564018665, "building": "yes"}, "geometry": {"type": "Polygon", "coordinates": [[[98.1391816, 13.8936575], [98.139349, 13.8936369], [98.1393408, 13.8935741], [98.1391733, 13.8935947], [98.1391816, 13.8936575]]]}}, {"type": "Feature", "properties": {"osm_id": 1564018666, "building": "yes"}, "geometry": {"type": "Polygon", "coordinates": [[[98.1391935, 13.893562], [98.139322, 13.893554], [98.1393177, 13.8934882], [98.1391891, 13.8934962], [98.1391935, 13.893562]]]}}, {"type": "Feature", "properties": {"osm_id": 1564018667, "building": "yes"}, "geometry": {"type": "Polygon", "coordinates": [[[98.1392718, 13.8934703], [98.1394365, 13.893435], [98.1394225, 13.8933732], [98.1392577, 13.8934085], [98.1392718, 13.8934703]]]}}, {"type": "Feature", "properties": {"osm_id": 1564018668, "building": "yes"}, "geometry": {"type": "Polygon", "coordinates": [[[98.139857, 13.8941801], [98.1399856, 13.8941722], [98.1399813, 13.8941064], [98.1398527, 13.8941143], [98.139857, 13.8941801]]]}}, {"type": "Feature", "properties": {"osm_id": 1564018669, "building": "yes"}, "geometry": {"type": "Polygon", "coordinates": [[[98.1398538, 13.8940943], [98.1399674, 13.8940569], [98.1399567, 13.894013], [98.1398344, 13.8940526], [98.1398538, 13.8940943]]]}}, {"type": "Feature", "properties": {"osm_id": 1564018670, "building": "yes"}, "geometry": {"type": "Polygon", "coordinates": [[[98.1398354, 13.8940277], [98.1398873, 13.8940186], [98.1398784, 13.8939713], [98.1398265, 13.8939805], [98.1398354, 13.8940277]]]}}, {"type": "Feature", "properties": {"osm_id": 1564018671, "building": "yes"}, "geometry": {"type": "Polygon", "coordinates": [[[98.1394751, 13.8944009], [98.1396037, 13.894393], [98.1395994, 13.8943272], [98.1394707, 13.8943351], [98.1394751, 13.8944009]]]}}, {"type": "Feature", "properties": {"osm_id": 1564018672, "building": "yes"}, "geometry": {"type": "Polygon", "coordinates": [[[98.1394003, 13.8941435], [98.1395214, 13.8941009], [98.1394984, 13.8940389], [98.1393771, 13.8940814], [98.1394003, 13.8941435]]]}}, {"type": "Feature", "properties": {"osm_id": 1564018673, "building": "yes"}, "geometry": {"type": "Polygon", "coordinates": [[[98.1392968, 13.8938382], [98.1392785, 13.8937789], [98.1393522, 13.8937575], [98.1393705, 13.8938168], [98.1392968, 13.8938382]]]}}, {"type": "Feature", "properties": {"osm_id": 1564018674, "building": "yes"}, "geometry": {"type": "Polygon", "coordinates": [[[98.1398613, 13.8952416], [98.1399899, 13.8952337], [98.1399856, 13.8951679], [98.139857, 13.8951758], [98.1398613, 13.8952416]]]}}, {"type": "Feature", "properties": {"osm_id": 1564018675, "building": "yes"}, "geometry": {"type": "Polygon", "coordinates": [[[98.1399248, 13.8947026], [98.1400536, 13.8947056], [98.1400553, 13.8946397], [98.1399264, 13.8946367], [98.1399248, 13.8947026]]]}}, {"type": "Feature", "properties": {"osm_id": 1564018676, "building": "yes"}, "geometry": {"type": "Polygon", "coordinates": [[[98.1399371, 13.8946189], [98.1400659, 13.8946219], [98.1400675, 13.894556], [98.1399387, 13.894553], [98.1399371, 13.8946189]]]}}, {"type": "Feature", "properties": {"osm_id": 1564018677, "building": "yes"}, "geometry": {"type": "Polygon", "coordinates": [[[98.13976, 13.8946109], [98.1397834, 13.8947339], [98.1398502, 13.894722], [98.1398268, 13.8945989], [98.13976, 13.8946109]]]}}, {"type": "Feature", "properties": {"osm_id": 1564018678, "building": "yes"}, "geometry": {"type": "Polygon", "coordinates": [[[98.1396097, 13.8946061], [98.139633, 13.8947291], [98.1396998, 13.8947172], [98.1396765, 13.8945941], [98.1396097, 13.8946061]]]}}, {"type": "Feature", "properties": {"osm_id": 1564018679, "building": "yes"}, "geometry": {"type": "Polygon", "coordinates": [[[98.1396876, 13.8951389], [98.1397936, 13.8951149], [98.1397664, 13.8950384], [98.139764, 13.8950001], [98.1396974, 13.8950145], [98.1397098, 13.8950647], [98.1396752, 13.8950886], [98.1396876, 13.8951389]]]}}, {"type": "Feature", "properties": {"osm_id": 1564018680, "building": "yes"}, "geometry": {"type": "Polygon", "coordinates": [[[98.1398226, 13.8953648], [98.1399512, 13.8953568], [98.1399469, 13.895291], [98.1398182, 13.895299], [98.1398226, 13.8953648]]]}}, {"type": "Feature", "properties": {"osm_id": 1564018681, "building": "yes"}, "geometry": {"type": "Polygon", "coordinates": [[[98.1398547, 13.8955203], [98.1399832, 13.8955123], [98.1399789, 13.8954465], [98.1398503, 13.8954545], [98.1398547, 13.8955203]]]}}, {"type": "Feature", "properties": {"osm_id": 1564018682, "building": "yes"}, "geometry": {"type": "Polygon", "coordinates": [[[98.1399007, 13.8957255], [98.1398955, 13.8956638], [98.1399722, 13.8956577], [98.1399774, 13.8957194], [98.1399007, 13.8957255]]]}}, {"type": "Feature", "properties": {"osm_id": 1564018683, "building": "yes"}, "geometry": {"type": "Polygon", "coordinates": [[[98.139874, 13.895619], [98.1399546, 13.895592], [98.1399394, 13.8955492], [98.1398588, 13.8955762], [98.139874, 13.895619]]]}}, {"type": "Feature", "properties": {"osm_id": 1564018684, "building": "yes"}, "geometry": {"type": "Polygon", "coordinates": [[[98.1398965, 13.8958583], [98.1399892, 13.8958346], [98.1399767, 13.8957885], [98.139884, 13.8958122], [98.1398965, 13.8958583]]]}}, {"type": "Feature", "properties": {"osm_id": 1564018685, "building": "yes"}, "geometry": {"type": "Polygon", "coordinates": [[[98.140004, 13.8960006], [98.1401266, 13.8959622], [98.1401057, 13.8958994], [98.139983, 13.8959378], [98.140004, 13.8960006]]]}}, {"type": "Feature", "properties": {"osm_id": 1564018686, "building": "yes"}, "geometry": {"type": "Polygon", "coordinates": [[[98.1400508, 13.8962064], [98.1401734, 13.896168], [98.1401526, 13.8961052], [98.1400298, 13.8961436], [98.1400508, 13.8962064]]]}}, {"type": "Feature", "properties": {"osm_id": 1564018687, "building": "yes"}, "geometry": {"type": "Polygon", "coordinates": [[[98.1400779, 13.8963068], [98.1402005, 13.8962684], [98.1401797, 13.8962057], [98.1400569, 13.8962441], [98.1400779, 13.8963068]]]}}, {"type": "Feature", "properties": {"osm_id": 1564020270, "building": "yes"}, "geometry": {"type": "Polygon", "coordinates": [[[98.1401198, 13.8964274], [98.1402536, 13.8964239], [98.1402516, 13.8963538], [98.1401178, 13.8963574], [98.1401198, 13.8964274]]]}}, {"type": "Feature", "properties": {"osm_id": 1564020271, "building": "yes"}, "geometry": {"type": "Polygon", "coordinates": [[[98.1406391, 13.89624], [98.1406137, 13.8961124], [98.1405428, 13.8961258], [98.1405683, 13.8962534], [98.1406391, 13.89624]]]}}, {"type": "Feature", "properties": {"osm_id": 1564020272, "building": "yes"}, "geometry": {"type": "Polygon", "coordinates": [[[98.1407184, 13.8961796], [98.140693, 13.896052], [98.1406221, 13.8960653], [98.1406475, 13.8961929], [98.1407184, 13.8961796]]]}}, {"type": "Feature", "properties": {"osm_id": 1564020273, "building": "yes"}, "geometry": {"type": "Polygon", "coordinates": [[[98.1408133, 13.896536], [98.1407713, 13.8964125], [98.1407028, 13.8964345], [98.1407447, 13.8965579], [98.1408133, 13.896536]]]}}, {"type": "Feature", "properties": {"osm_id": 1564020274, "building": "yes"}, "geometry": {"type": "Polygon", "coordinates": [[[98.1407867, 13.896091], [98.1407247, 13.8961055], [98.1407067, 13.8960329], [98.1407687, 13.8960184], [98.1407867, 13.896091]]]}}, {"type": "Feature", "properties": {"osm_id": 1564020275, "building": "yes"}, "geometry": {"type": "Polygon", "coordinates": [[[98.1405536, 13.8962679], [98.140535, 13.8961766], [98.1404868, 13.8961859], [98.1405054, 13.8962771], [98.1405536, 13.8962679]]]}}, {"type": "Feature", "properties": {"osm_id": 1564020276, "building": "yes"}, "geometry": {"type": "Polygon", "coordinates": [[[98.1406159, 13.8965345], [98.1405973, 13.8964432], [98.1405491, 13.8964525], [98.1405677, 13.8965437], [98.1406159, 13.8965345]]]}}, {"type": "Feature", "properties": {"osm_id": 1564020277, "building": "yes"}, "geometry": {"type": "Polygon", "coordinates": [[[98.1409924, 13.8959106], [98.1409738, 13.8958193], [98.1409257, 13.8958285], [98.1409443, 13.8959198], [98.1409924, 13.8959106]]]}}, {"type": "Feature", "properties": {"osm_id": 1564020278, "building": "yes"}, "geometry": {"type": "Polygon", "coordinates": [[[98.140711, 13.8959967], [98.1407629, 13.8959876], [98.140754, 13.8959403], [98.1407021, 13.8959495], [98.140711, 13.8959967]]]}}, {"type": "Feature", "properties": {"osm_id": 1564020279, "building": "yes"}, "geometry": {"type": "Polygon", "coordinates": [[[98.1410348, 13.8958609], [98.1411581, 13.8958974], [98.1411779, 13.8958344], [98.1410545, 13.8957978], [98.1410348, 13.8958609]]]}}, {"type": "Feature", "properties": {"osm_id": 1564020280, "building": "yes"}, "geometry": {"type": "Polygon", "coordinates": [[[98.1413765, 13.8958642], [98.1413739, 13.8959892], [98.1414418, 13.8959906], [98.1414444, 13.8958653], [98.1413765, 13.8958642]]]}}, {"type": "Feature", "properties": {"osm_id": 1564020281, "building": "yes"}, "geometry": {"type": "Polygon", "coordinates": [[[98.1414405, 13.895666], [98.1415742, 13.8956594], [98.1415705, 13.8955894], [98.1414368, 13.895596], [98.1414405, 13.895666]]]}}, {"type": "Feature", "properties": {"osm_id": 1564020282, "building": "yes"}, "geometry": {"type": "Polygon", "coordinates": [[[98.1415791, 13.8963665], [98.1415537, 13.8962389], [98.1414828, 13.8962522], [98.1415083, 13.8963798], [98.1415791, 13.8963665]]]}}, {"type": "Feature", "properties": {"osm_id": 1564020283, "building": "yes"}, "geometry": {"type": "Polygon", "coordinates": [[[98.1414668, 13.8962169], [98.141532, 13.8961933], [98.1415027, 13.8961171], [98.1414376, 13.8961406], [98.1414668, 13.8962169]]]}}, {"type": "Feature", "properties": {"osm_id": 1564020284, "building": "yes"}, "geometry": {"type": "Polygon", "coordinates": [[[98.1402742, 13.896653], [98.1404041, 13.8966218], [98.1403868, 13.8965538], [98.1402568, 13.896585], [98.1402742, 13.896653]]]}}, {"type": "Feature", "properties": {"osm_id": 1564020285, "building": "yes"}, "geometry": {"type": "Polygon", "coordinates": [[[98.1404938, 13.8967883], [98.1405884, 13.8967734], [98.1405806, 13.8967264], [98.1404859, 13.8967412], [98.1404938, 13.8967883]]]}}, {"type": "Feature", "properties": {"osm_id": 1564020286, "building": "yes"}, "geometry": {"type": "Polygon", "coordinates": [[[98.1407167, 13.8966289], [98.1407686, 13.8966198], [98.1407597, 13.8965725], [98.1407078, 13.8965817], [98.1407167, 13.8966289]]]}}, {"type": "Feature", "properties": {"osm_id": 1564020287, "building": "yes"}, "geometry": {"type": "Polygon", "coordinates": [[[98.1406714, 13.8967141], [98.1407233, 13.896705], [98.1407144, 13.8966577], [98.1406625, 13.8966669], [98.1406714, 13.8967141]]]}}, {"type": "Feature", "properties": {"osm_id": 1564020288, "building": "yes"}, "geometry": {"type": "Polygon", "coordinates": [[[98.1406601, 13.8965629], [98.140712, 13.8965538], [98.1407031, 13.8965065], [98.1406512, 13.8965157], [98.1406601, 13.8965629]]]}}, {"type": "Feature", "properties": {"osm_id": 1564020289, "building": "yes"}, "geometry": {"type": "Polygon", "coordinates": [[[98.1403324, 13.8968433], [98.140427, 13.8968284], [98.1404192, 13.8967813], [98.1403245, 13.8967962], [98.1403324, 13.8968433]]]}}, {"type": "Feature", "properties": {"osm_id": 1564020290, "building": "yes"}, "geometry": {"type": "Polygon", "coordinates": [[[98.1403679, 13.8971812], [98.1405015, 13.8971729], [98.1404969, 13.897103], [98.1403633, 13.8971113], [98.1403679, 13.8971812]]]}}, {"type": "Feature", "properties": {"osm_id": 1564020291, "building": "yes"}, "geometry": {"type": "Polygon", "coordinates": [[[98.140292, 13.8972528], [98.1403439, 13.8972437], [98.140335, 13.8971964], [98.1402831, 13.8972056], [98.140292, 13.8972528]]]}}, {"type": "Feature", "properties": {"osm_id": 1564020292, "building": "yes"}, "geometry": {"type": "Polygon", "coordinates": [[[98.1413114, 13.8951382], [98.1412166, 13.895152], [98.1412239, 13.8951992], [98.1413187, 13.8951854], [98.1413114, 13.8951382]]]}}, {"type": "Feature", "properties": {"osm_id": 1564020293, "building": "yes"}, "geometry": {"type": "Polygon", "coordinates": [[[98.1411744, 13.8949804], [98.1412615, 13.8949641], [98.1412472, 13.894892], [98.1411601, 13.8949084], [98.1411744, 13.8949804]]]}}, {"type": "Feature", "properties": {"osm_id": 1564020294, "building": "yes"}, "geometry": {"type": "Polygon", "coordinates": [[[98.141152, 13.8947704], [98.1412391, 13.894754], [98.1412248, 13.894682], [98.1411376, 13.8946983], [98.141152, 13.8947704]]]}}, {"type": "Feature", "properties": {"osm_id": 1564020295, "building": "yes"}, "geometry": {"type": "Polygon", "coordinates": [[[98.1414502, 13.8949578], [98.1415388, 13.8949635], [98.1415438, 13.8948904], [98.1414552, 13.8948846], [98.1414502, 13.8949578]]]}}, {"type": "Feature", "properties": {"osm_id": 1564020296, "building": "yes"}, "geometry": {"type": "Polygon", "coordinates": [[[98.1416825, 13.8949943], [98.1416815, 13.8949081], [98.141606, 13.8949089], [98.1416069, 13.894995], [98.1416825, 13.8949943]]]}}, {"type": "Feature", "properties": {"osm_id": 1564020297, "building": "yes"}, "geometry": {"type": "Polygon", "coordinates": [[[98.1417438, 13.8948357], [98.141827, 13.8948409], [98.1418373, 13.8946842], [98.141754, 13.8946791], [98.1417438, 13.8948357]]]}}, {"type": "Feature", "properties": {"osm_id": 1564020298, "building": "yes"}, "geometry": {"type": "Polygon", "coordinates": [[[98.1418665, 13.8950218], [98.1418656, 13.8949356], [98.14179, 13.8949363], [98.141791, 13.8950225], [98.1418665, 13.8950218]]]}}, {"type": "Feature", "properties": {"osm_id": 1564020299, "building": "yes"}, "geometry": {"type": "Polygon", "coordinates": [[[98.1422429, 13.8948606], [98.1421481, 13.8948744], [98.1421554, 13.8949216], [98.1422502, 13.8949078], [98.1422429, 13.8948606]]]}}, {"type": "Feature", "properties": {"osm_id": 1564020300, "building": "yes"}, "geometry": {"type": "Polygon", "coordinates": [[[98.1420448, 13.8947847], [98.1421334, 13.8947904], [98.1421384, 13.8947172], [98.1420498, 13.8947115], [98.1420448, 13.8947847]]]}}, {"type": "Feature", "properties": {"osm_id": 1564020301, "building": "yes"}, "geometry": {"type": "Polygon", "coordinates": [[[98.1416214, 13.8947434], [98.1416733, 13.8947343], [98.1416644, 13.894687], [98.1416125, 13.8946962], [98.1416214, 13.8947434]]]}}, {"type": "Feature", "properties": {"osm_id": 1564020302, "building": "yes"}, "geometry": {"type": "Polygon", "coordinates": [[[98.1410071, 13.8946236], [98.141155, 13.8945766], [98.1411401, 13.8945323], [98.1409922, 13.8945793], [98.1410071, 13.8946236]]]}}, {"type": "Feature", "properties": {"osm_id": 1564020303, "building": "yes"}, "geometry": {"type": "Polygon", "coordinates": [[[98.1420497, 13.8950423], [98.1422196, 13.8950396], [98.1422337, 13.8949736], [98.1421969, 13.8949654], [98.1421686, 13.8950121], [98.1420496, 13.8950066], [98.1420497, 13.8950423]]]}}, {"type": "Feature", "properties": {"osm_id": 1564028277, "building": "yes"}, "geometry": {"type": "Polygon", "coordinates": [[[98.1402961, 13.8957363], [98.1404457, 13.8957227], [98.1404321, 13.8955823], [98.1402825, 13.8955959], [98.1402961, 13.8957363]]]}}, {"type": "Feature", "properties": {"osm_id": 1564028278, "building": "yes"}, "geometry": {"type": "Polygon", "coordinates": [[[98.1404246, 13.8977665], [98.1405532, 13.8977721], [98.1405563, 13.8977063], [98.1404275, 13.8977006], [98.1404246, 13.8977665]]]}}, {"type": "Feature", "properties": {"osm_id": 1564028279, "building": "yes"}, "geometry": {"type": "Polygon", "coordinates": [[[98.1403989, 13.8975799], [98.1404008, 13.897518], [98.1404778, 13.8975203], [98.1404759, 13.8975821], [98.1403989, 13.8975799]]]}}, {"type": "Feature", "properties": {"osm_id": 1564028280, "building": "yes"}, "geometry": {"type": "Polygon", "coordinates": [[[98.1404169, 13.8978514], [98.140545, 13.8978384], [98.1405379, 13.8977728], [98.1404097, 13.8977859], [98.1404169, 13.8978514]]]}}, {"type": "Feature", "properties": {"osm_id": 1564028281, "building": "yes"}, "geometry": {"type": "Polygon", "coordinates": [[[98.1407079, 13.8975862], [98.1407098, 13.8975243], [98.1407868, 13.8975266], [98.1407849, 13.8975885], [98.1407079, 13.8975862]]]}}, {"type": "Feature", "properties": {"osm_id": 1564028282, "building": "yes"}, "geometry": {"type": "Polygon", "coordinates": [[[98.1408234, 13.8981921], [98.1408278, 13.8982993], [98.1408859, 13.8982972], [98.1408815, 13.89819], [98.1408234, 13.8981921]]]}}, {"type": "Feature", "properties": {"osm_id": 1564028283, "building": "yes"}, "geometry": {"type": "Polygon", "coordinates": [[[98.1406429, 13.898265], [98.1406448, 13.8982031], [98.1407217, 13.8982054], [98.1407198, 13.8982672], [98.1406429, 13.898265]]]}}, {"type": "Feature", "properties": {"osm_id": 1564028284, "building": "yes"}, "geometry": {"type": "Polygon", "coordinates": [[[98.1404263, 13.8980076], [98.1404139, 13.8979469], [98.1404894, 13.8979323], [98.1405018, 13.8979931], [98.1404263, 13.8980076]]]}}, {"type": "Feature", "properties": {"osm_id": 1564028285, "building": "yes"}, "geometry": {"type": "Polygon", "coordinates": [[[98.1405979, 13.8979441], [98.1406259, 13.8980479], [98.1406821, 13.8980338], [98.1406542, 13.89793], [98.1405979, 13.8979441]]]}}, {"type": "Feature", "properties": {"osm_id": 1564028286, "building": "yes"}, "geometry": {"type": "Polygon", "coordinates": [[[98.1406838, 13.8979217], [98.1407012, 13.8980146], [98.1407524, 13.8980056], [98.1407351, 13.8979127], [98.1406838, 13.8979217]]]}}, {"type": "Feature", "properties": {"osm_id": 1564028287, "building": "yes"}, "geometry": {"type": "Polygon", "coordinates": [[[98.1407401, 13.8980808], [98.1406437, 13.8980932], [98.1406505, 13.8981433], [98.1407469, 13.8981309], [98.1407401, 13.8980808]]]}}, {"type": "Feature", "properties": {"osm_id": 1564028288, "building": "yes"}, "geometry": {"type": "Polygon", "coordinates": [[[98.1409002, 13.8981098], [98.1410275, 13.898091], [98.1410173, 13.8980259], [98.1408899, 13.8980447], [98.1409002, 13.8981098]]]}}, {"type": "Feature", "properties": {"osm_id": 1564028289, "building": "yes"}, "geometry": {"type": "Polygon", "coordinates": [[[98.1405664, 13.8978476], [98.1404375, 13.8978699], [98.140447, 13.8979219], [98.1405759, 13.8978995], [98.1405664, 13.8978476]]]}}, {"type": "Feature", "properties": {"osm_id": 1564028290, "building": "yes"}, "geometry": {"type": "Polygon", "coordinates": [[[98.1403934, 13.8981691], [98.1405216, 13.8981586], [98.140516, 13.8980929], [98.1403876, 13.8981034], [98.1403934, 13.8981691]]]}}, {"type": "Feature", "properties": {"osm_id": 1564028291, "building": "yes"}, "geometry": {"type": "Polygon", "coordinates": [[[98.1404459, 13.8982645], [98.1404502, 13.8983376], [98.140548, 13.8983321], [98.1405436, 13.898259], [98.1404459, 13.8982645]]]}}, {"type": "Feature", "properties": {"osm_id": 1564028292, "building": "yes"}, "geometry": {"type": "Polygon", "coordinates": [[[98.14049, 13.8984544], [98.1404919, 13.8983926], [98.1405689, 13.8983948], [98.1405669, 13.8984567], [98.14049, 13.8984544]]]}}, {"type": "Feature", "properties": {"osm_id": 1564028293, "building": "yes"}, "geometry": {"type": "Polygon", "coordinates": [[[98.1404626, 13.8986964], [98.1405381, 13.8986962], [98.1405376, 13.8986011], [98.1404622, 13.8986014], [98.1404626, 13.8986964]]]}}, {"type": "Feature", "properties": {"osm_id": 1564028294, "building": "yes"}, "geometry": {"type": "Polygon", "coordinates": [[[98.1406114, 13.8987291], [98.1406041, 13.8988361], [98.1406621, 13.89884], [98.1406694, 13.898733], [98.1406114, 13.8987291]]]}}, {"type": "Feature", "properties": {"osm_id": 1564028295, "building": "yes"}, "geometry": {"type": "Polygon", "coordinates": [[[98.1406212, 13.8985933], [98.1406138, 13.8987003], [98.1406718, 13.8987042], [98.1406792, 13.8985972], [98.1406212, 13.8985933]]]}}, {"type": "Feature", "properties": {"osm_id": 1564028296, "building": "yes"}, "geometry": {"type": "Polygon", "coordinates": [[[98.1407634, 13.898858], [98.1407852, 13.8987348], [98.1407183, 13.8987236], [98.1406964, 13.8988469], [98.1407634, 13.898858]]]}}, {"type": "Feature", "properties": {"osm_id": 1564028297, "building": "yes"}, "geometry": {"type": "Polygon", "coordinates": [[[98.1407242, 13.8986881], [98.1407261, 13.8986262], [98.140803, 13.8986284], [98.1408011, 13.8986903], [98.1407242, 13.8986881]]]}}, {"type": "Feature", "properties": {"osm_id": 1564028298, "building": "yes"}, "geometry": {"type": "Polygon", "coordinates": [[[98.1408105, 13.8987445], [98.1407839, 13.8988487], [98.1408403, 13.8988624], [98.1408669, 13.8987583], [98.1408105, 13.8987445]]]}}, {"type": "Feature", "properties": {"osm_id": 1564028299, "building": "yes"}, "geometry": {"type": "Polygon", "coordinates": [[[98.1409074, 13.8985977], [98.1409221, 13.8985374], [98.140997, 13.8985546], [98.1409824, 13.8986149], [98.1409074, 13.8985977]]]}}, {"type": "Feature", "properties": {"osm_id": 1564028300, "building": "yes"}, "geometry": {"type": "Polygon", "coordinates": [[[98.1409325, 13.8989086], [98.1409544, 13.8987854], [98.1408874, 13.8987742], [98.1408655, 13.8988974], [98.1409325, 13.8989086]]]}}, {"type": "Feature", "properties": {"osm_id": 1564028301, "building": "yes"}, "geometry": {"type": "Polygon", "coordinates": [[[98.1409782, 13.8987988], [98.1409723, 13.8989059], [98.1410303, 13.8989092], [98.1410363, 13.898802], [98.1409782, 13.8987988]]]}}, {"type": "Feature", "properties": {"osm_id": 1564028302, "building": "yes"}, "geometry": {"type": "Polygon", "coordinates": [[[98.1409179, 13.8986435], [98.1408911, 13.8987476], [98.1409475, 13.8987614], [98.1409743, 13.8986573], [98.1409179, 13.8986435]]]}}, {"type": "Feature", "properties": {"osm_id": 1564028303, "building": "yes"}, "geometry": {"type": "Polygon", "coordinates": [[[98.1410238, 13.898641], [98.1410178, 13.8987481], [98.1410758, 13.8987513], [98.1410818, 13.8986442], [98.1410238, 13.898641]]]}}, {"type": "Feature", "properties": {"osm_id": 1564028304, "building": "yes"}, "geometry": {"type": "Polygon", "coordinates": [[[98.1407474, 13.8994286], [98.1409293, 13.8993859], [98.1409167, 13.8993354], [98.1407214, 13.8993812], [98.1407474, 13.8994286]]]}}, {"type": "Feature", "properties": {"osm_id": 1564028305, "building": "yes"}, "geometry": {"type": "Polygon", "coordinates": [[[98.1405822, 13.8997008], [98.1406084, 13.8997726], [98.1407108, 13.8997373], [98.1406845, 13.8996655], [98.1405822, 13.8997008]]]}}, {"type": "Feature", "properties": {"osm_id": 1564028306, "building": "yes"}, "geometry": {"type": "Polygon", "coordinates": [[[98.1411214, 13.8988508], [98.14112, 13.8986789], [98.141159, 13.8986786], [98.1411604, 13.8988508], [98.1411214, 13.8988508]]]}}, {"type": "Feature", "properties": {"osm_id": 1564028307, "building": "yes"}, "geometry": {"type": "Polygon", "coordinates": [[[98.1412825, 13.8989163], [98.1412819, 13.8987914], [98.141214, 13.8987916], [98.1412146, 13.8989167], [98.1412825, 13.8989163]]]}}, {"type": "Feature", "properties": {"osm_id": 1564028308, "building": "yes"}, "geometry": {"type": "Polygon", "coordinates": [[[98.1413067, 13.8987894], [98.1413007, 13.8988965], [98.1413588, 13.8988997], [98.1413648, 13.8987926], [98.1413067, 13.8987894]]]}}, {"type": "Feature", "properties": {"osm_id": 1564028309, "building": "yes"}, "geometry": {"type": "Polygon", "coordinates": [[[98.1414649, 13.8989067], [98.1414638, 13.8987818], [98.1413958, 13.8987823], [98.1413969, 13.8989074], [98.1414649, 13.8989067]]]}}, {"type": "Feature", "properties": {"osm_id": 1564028310, "building": "yes"}, "geometry": {"type": "Polygon", "coordinates": [[[98.1416532, 13.8989037], [98.1416527, 13.8987787], [98.1415847, 13.898779], [98.1415853, 13.898904], [98.1416532, 13.8989037]]]}}, {"type": "Feature", "properties": {"osm_id": 1564028311, "building": "yes"}, "geometry": {"type": "Polygon", "coordinates": [[[98.1417018, 13.8989964], [98.1417773, 13.8989961], [98.1417767, 13.898901], [98.1417014, 13.8989013], [98.1417018, 13.8989964]]]}}, {"type": "Feature", "properties": {"osm_id": 1564028312, "building": "yes"}, "geometry": {"type": "Polygon", "coordinates": [[[98.1418022, 13.8988441], [98.1418005, 13.8989513], [98.1418586, 13.8989523], [98.1418603, 13.8988451], [98.1418022, 13.8988441]]]}}, {"type": "Feature", "properties": {"osm_id": 1564028313, "building": "yes"}, "geometry": {"type": "Polygon", "coordinates": [[[98.1419654, 13.8989352], [98.1419649, 13.8988103], [98.141897, 13.8988105], [98.1418975, 13.8989356], [98.1419654, 13.8989352]]]}}, {"type": "Feature", "properties": {"osm_id": 1564028314, "building": "yes"}, "geometry": {"type": "Polygon", "coordinates": [[[98.1422798, 13.8989302], [98.1422944, 13.8990834], [98.1421809, 13.8990935], [98.1421665, 13.8989403], [98.1422798, 13.8989302]]]}}, {"type": "Feature", "properties": {"osm_id": 1564028315, "building": "yes"}, "geometry": {"type": "Polygon", "coordinates": [[[98.1420038, 13.8990205], [98.1419825, 13.8988499], [98.1420212, 13.8988453], [98.1420426, 13.8990163], [98.1420038, 13.8990205]]]}}, {"type": "Feature", "properties": {"osm_id": 1564028316, "building": "yes"}, "geometry": {"type": "Polygon", "coordinates": [[[98.1424303, 13.899391], [98.1425058, 13.8993907], [98.1425053, 13.8992957], [98.1424299, 13.899296], [98.1424303, 13.899391]]]}}, {"type": "Feature", "properties": {"osm_id": 1564028317, "building": "yes"}, "geometry": {"type": "Polygon", "coordinates": [[[98.1425835, 13.899347], [98.1425198, 13.8993511], [98.1425148, 13.8992765], [98.1425785, 13.8992725], [98.1425835, 13.899347]]]}}, {"type": "Feature", "properties": {"osm_id": 1564032083, "building": "yes"}, "geometry": {"type": "Polygon", "coordinates": [[[98.1423293, 13.8975433], [98.142621, 13.8975087], [98.1426062, 13.8973914], [98.1423145, 13.8974259], [98.1423293, 13.8975433]]]}}, {"type": "Feature", "properties": {"osm_id": 1564032084, "building": "yes"}, "geometry": {"type": "Polygon", "coordinates": [[[98.1425711, 13.8977516], [98.1425653, 13.8976899], [98.142642, 13.8976832], [98.1426478, 13.8977448], [98.1425711, 13.8977516]]]}}, {"type": "Feature", "properties": {"osm_id": 1564032085, "building": "yes"}, "geometry": {"type": "Polygon", "coordinates": [[[98.1425598, 13.8975993], [98.1425541, 13.8975376], [98.1426307, 13.8975308], [98.1426366, 13.8975925], [98.1425598, 13.8975993]]]}}, {"type": "Feature", "properties": {"osm_id": 1564032086, "building": "yes"}, "geometry": {"type": "Polygon", "coordinates": [[[98.1423992, 13.8977733], [98.1423934, 13.8977116], [98.1424701, 13.8977049], [98.1424759, 13.8977666], [98.1423992, 13.8977733]]]}}, {"type": "Feature", "properties": {"osm_id": 1564032087, "building": "yes"}, "geometry": {"type": "Polygon", "coordinates": [[[98.1424615, 13.8996749], [98.142572, 13.899675], [98.1425722, 13.8996185], [98.1424617, 13.8996184], [98.1424615, 13.8996749]]]}}, {"type": "Feature", "properties": {"osm_id": 1564032088, "building": "yes"}, "geometry": {"type": "Polygon", "coordinates": [[[98.1416683, 13.899672], [98.1416952, 13.8997862], [98.1417515, 13.8997737], [98.1417246, 13.8996596], [98.1416683, 13.899672]]]}}, {"type": "Feature", "properties": {"osm_id": 1564032089, "building": "yes"}, "geometry": {"type": "Polygon", "coordinates": [[[98.1425403, 13.8997659], [98.1425403, 13.899883], [98.142598, 13.899883], [98.142598, 13.8997659], [98.1425403, 13.8997659]]]}}, {"type": "Feature", "properties": {"osm_id": 1564032091, "building": "yes"}, "geometry": {"type": "Polygon", "coordinates": [[[98.1425572, 13.8994224], [98.1424287, 13.8994279], [98.1424316, 13.8994938], [98.1425603, 13.8994883], [98.1425572, 13.8994224]]]}}, {"type": "Feature", "properties": {"osm_id": 1564032093, "building": "yes"}, "geometry": {"type": "Polygon", "coordinates": [[[98.1430388, 13.8988], [98.1431864, 13.898744], [98.1432278, 13.8988471], [98.1430801, 13.8989029], [98.1430388, 13.8988]]]}}, {"type": "Feature", "properties": {"osm_id": 1564034993, "building": "yes"}, "geometry": {"type": "Polygon", "coordinates": [[[98.1419153, 13.8995724], [98.1419259, 13.8994865], [98.1419968, 13.8994948], [98.1419862, 13.8995807], [98.1419153, 13.8995724]]]}}, {"type": "Feature", "properties": {"osm_id": 1564034994, "building": "yes"}, "geometry": {"type": "Polygon", "coordinates": [[[98.1427055, 13.899364], [98.1427902, 13.899357], [98.1427825, 13.8992688], [98.1426977, 13.8992758], [98.1427055, 13.899364]]]}}, {"type": "Feature", "properties": {"osm_id": 1564034995, "building": "yes"}, "geometry": {"type": "Polygon", "coordinates": [[[98.1426905, 13.899523], [98.1426812, 13.8994666], [98.142756, 13.8994548], [98.1427654, 13.8995112], [98.1426905, 13.899523]]]}}, {"type": "Feature", "properties": {"osm_id": 1564034996, "building": "yes"}, "geometry": {"type": "Polygon", "coordinates": [[[98.1428238, 13.8993056], [98.143079, 13.8992393], [98.1430541, 13.8991491], [98.1427989, 13.8992154], [98.1428238, 13.8993056]]]}}, {"type": "Feature", "properties": {"osm_id": 1564034997, "building": "yes"}, "geometry": {"type": "Polygon", "coordinates": [[[98.1427415, 13.8995917], [98.1428659, 13.8995771], [98.1428466, 13.8994521], [98.1427844, 13.8994626], [98.1427951, 13.8995313], [98.1427372, 13.8995375], [98.1427415, 13.8995917]]]}}, {"type": "Feature", "properties": {"osm_id": 1564034998, "building": "yes"}, "geometry": {"type": "Polygon", "coordinates": [[[98.1429522, 13.8995314], [98.1429395, 13.899436], [98.1429986, 13.8994286], [98.1430113, 13.899524], [98.1429522, 13.8995314]]]}}, {"type": "Feature", "properties": {"osm_id": 1564034999, "building": "yes"}, "geometry": {"type": "Polygon", "coordinates": [[[98.1427394, 13.8996644], [98.142838, 13.8996624], [98.1428369, 13.8996115], [98.1427382, 13.8996135], [98.1427394, 13.8996644]]]}}, {"type": "Feature", "properties": {"osm_id": 1564035000, "building": "yes"}, "geometry": {"type": "Polygon", "coordinates": [[[98.1427674, 13.8997652], [98.1428904, 13.8997486], [98.1428828, 13.8996961], [98.1427598, 13.8997128], [98.1427674, 13.8997652]]]}}, {"type": "Feature", "properties": {"osm_id": 1564035001, "building": "yes"}, "geometry": {"type": "Polygon", "coordinates": [[[98.1427749, 13.8998452], [98.1428856, 13.8998381], [98.1428823, 13.8997895], [98.1427716, 13.8997966], [98.1427749, 13.8998452]]]}}, {"type": "Feature", "properties": {"osm_id": 1564035002, "building": "yes"}, "geometry": {"type": "Polygon", "coordinates": [[[98.1429873, 13.8999896], [98.1429782, 13.8998694], [98.1430284, 13.8998658], [98.1430376, 13.899986], [98.1429873, 13.8999896]]]}}, {"type": "Feature", "properties": {"osm_id": 1564035003, "building": "yes"}, "geometry": {"type": "Polygon", "coordinates": [[[98.1430513, 13.8999827], [98.1430422, 13.8998625], [98.1430924, 13.8998589], [98.1431016, 13.8999791], [98.1430513, 13.8999827]]]}}, {"type": "Feature", "properties": {"osm_id": 1564035009, "building": "yes"}, "geometry": {"type": "Polygon", "coordinates": [[[98.1434291, 13.8998897], [98.1435082, 13.8998696], [98.1434743, 13.8997436], [98.1433951, 13.8997637], [98.1434291, 13.8998897]]]}}, {"type": "Feature", "properties": {"osm_id": 1564035017, "building": "yes"}, "geometry": {"type": "Polygon", "coordinates": [[[98.1436358, 13.9000886], [98.1437109, 13.900077], [98.1436967, 13.8999905], [98.1436216, 13.9000021], [98.1436358, 13.9000886]]]}}, {"type": "Feature", "properties": {"osm_id": 1564036051, "building": "yes"}, "geometry": {"type": "Polygon", "coordinates": [[[98.1486724, 13.9000206], [98.1485771, 13.8999854], [98.148596, 13.8999374], [98.1486912, 13.8999726], [98.1486724, 13.9000206]]]}}, {"type": "Feature", "properties": {"osm_id": 1564036052, "building": "yes"}, "geometry": {"type": "Polygon", "coordinates": [[[98.1487429, 13.8999102], [98.1486273, 13.8998653], [98.1486547, 13.8997989], [98.1487703, 13.8998438], [98.1487429, 13.8999102]]]}}, {"type": "Feature", "properties": {"osm_id": 1564036053, "building": "yes"}, "geometry": {"type": "Polygon", "coordinates": [[[98.1488114, 13.899757], [98.1486958, 13.8997121], [98.1487232, 13.8996457], [98.1488387, 13.8996906], [98.1488114, 13.899757]]]}}, {"type": "Feature", "properties": {"osm_id": 1564036054, "building": "yes"}, "geometry": {"type": "Polygon", "coordinates": [[[98.1488593, 13.8996523], [98.148764, 13.8996171], [98.1487829, 13.8995691], [98.1488781, 13.8996043], [98.1488593, 13.8996523]]]}}, {"type": "Feature", "properties": {"osm_id": 1564036055, "building": "yes"}, "geometry": {"type": "Polygon", "coordinates": [[[98.1489707, 13.8995069], [98.1488489, 13.8994821], [98.148864, 13.8994122], [98.1489858, 13.8994369], [98.1489707, 13.8995069]]]}}, {"type": "Feature", "properties": {"osm_id": 1564036056, "building": "yes"}, "geometry": {"type": "Polygon", "coordinates": [[[98.1489035, 13.899343], [98.1489638, 13.8993636], [98.1489764, 13.8993287], [98.1489162, 13.8993081], [98.1489035, 13.899343]]]}}, {"type": "Feature", "properties": {"osm_id": 1564036057, "building": "yes"}, "geometry": {"type": "Polygon", "coordinates": [[[98.1489063, 13.8992798], [98.1489666, 13.8993004], [98.1489793, 13.8992655], [98.148919, 13.8992449], [98.1489063, 13.8992798]]]}}, {"type": "Feature", "properties": {"osm_id": 1564036058, "building": "yes"}, "geometry": {"type": "Polygon", "coordinates": [[[98.1490858, 13.8991658], [98.1489905, 13.8991306], [98.1490094, 13.8990826], [98.1491046, 13.8991178], [98.1490858, 13.8991658]]]}}, {"type": "Feature", "properties": {"osm_id": 1564036059, "building": "yes"}, "geometry": {"type": "Polygon", "coordinates": [[[98.1491905, 13.8990476], [98.1490953, 13.8990124], [98.1491141, 13.8989644], [98.1492094, 13.8989996], [98.1491905, 13.8990476]]]}}, {"type": "Feature", "properties": {"osm_id": 1564036060, "building": "yes"}, "geometry": {"type": "Polygon", "coordinates": [[[98.1494162, 13.8989865], [98.1493845, 13.8990961], [98.1493514, 13.899087], [98.1493832, 13.8989775], [98.1494162, 13.8989865]]]}}, {"type": "Feature", "properties": {"osm_id": 1564036061, "building": "yes"}, "geometry": {"type": "Polygon", "coordinates": [[[98.1493955, 13.8991374], [98.1494228, 13.8991472], [98.1494696, 13.899024], [98.1494469, 13.8990155], [98.1493955, 13.8991374]]]}}, {"type": "Feature", "properties": {"osm_id": 1564036062, "building": "yes"}, "geometry": {"type": "Polygon", "coordinates": [[[98.1496818, 13.8989274], [98.1495888, 13.8988868], [98.1496105, 13.89884], [98.1497035, 13.8988805], [98.1496818, 13.8989274]]]}}, {"type": "Feature", "properties": {"osm_id": 1564036063, "building": "yes"}, "geometry": {"type": "Polygon", "coordinates": [[[98.1500423, 13.8992755], [98.1499493, 13.899235], [98.149971, 13.8991881], [98.150064, 13.8992287], [98.1500423, 13.8992755]]]}}, {"type": "Feature", "properties": {"osm_id": 1564036064, "building": "yes"}, "geometry": {"type": "Polygon", "coordinates": [[[98.1503225, 13.8994061], [98.1502295, 13.8993655], [98.1502512, 13.8993187], [98.1503442, 13.8993592], [98.1503225, 13.8994061]]]}}, {"type": "Feature", "properties": {"osm_id": 1564036065, "building": "yes"}, "geometry": {"type": "Polygon", "coordinates": [[[98.1499469, 13.8990625], [98.1500212, 13.8990976], [98.1500577, 13.8990249], [98.1499834, 13.8989897], [98.1499469, 13.8990625]]]}}, {"type": "Feature", "properties": {"osm_id": 1564036066, "building": "yes"}, "geometry": {"type": "Polygon", "coordinates": [[[98.1504595, 13.8991828], [98.1504301, 13.8992775], [98.1503794, 13.8992627], [98.1504089, 13.899168], [98.1504595, 13.8991828]]]}}, {"type": "Feature", "properties": {"osm_id": 1564036067, "building": "yes"}, "geometry": {"type": "Polygon", "coordinates": [[[98.1504555, 13.8996642], [98.1505112, 13.8996797], [98.1505484, 13.8995537], [98.1504926, 13.8995382], [98.1504555, 13.8996642]]]}}, {"type": "Feature", "properties": {"osm_id": 1564036068, "building": "yes"}, "geometry": {"type": "Polygon", "coordinates": [[[98.1501308, 13.8991462], [98.1501598, 13.899092], [98.1502242, 13.8991245], [98.1501952, 13.8991787], [98.1501308, 13.8991462]]]}}, {"type": "Feature", "properties": {"osm_id": 1564036069, "building": "yes"}, "geometry": {"type": "Polygon", "coordinates": [[[98.1506164, 13.8993636], [98.1506397, 13.8993021], [98.1506856, 13.8993185], [98.1506624, 13.8993799], [98.1506164, 13.8993636]]]}}, {"type": "Feature", "properties": {"osm_id": 1564036070, "building": "yes"}, "geometry": {"type": "Polygon", "coordinates": [[[98.1506968, 13.8994139], [98.1507201, 13.8993525], [98.150766, 13.8993688], [98.1507428, 13.8994303], [98.1506968, 13.8994139]]]}}, {"type": "Feature", "properties": {"osm_id": 1564036071, "building": "yes"}, "geometry": {"type": "Polygon", "coordinates": [[[98.150751, 13.8994375], [98.1507743, 13.899376], [98.1508202, 13.8993924], [98.1507969, 13.8994539], [98.150751, 13.8994375]]]}}, {"type": "Feature", "properties": {"osm_id": 1564036072, "building": "yes"}, "geometry": {"type": "Polygon", "coordinates": [[[98.1508052, 13.8994756], [98.1508285, 13.8994141], [98.1508744, 13.8994305], [98.1508511, 13.899492], [98.1508052, 13.8994756]]]}}, {"type": "Feature", "properties": {"osm_id": 1564036073, "building": "yes"}, "geometry": {"type": "Polygon", "coordinates": [[[98.1509023, 13.8995282], [98.1509256, 13.8994667], [98.1509715, 13.8994831], [98.1509482, 13.8995446], [98.1509023, 13.8995282]]]}}, {"type": "Feature", "properties": {"osm_id": 1564036074, "building": "yes"}, "geometry": {"type": "Polygon", "coordinates": [[[98.1509882, 13.8995536], [98.1510133, 13.8994962], [98.1510839, 13.8995253], [98.1510588, 13.8995826], [98.1509882, 13.8995536]]]}}, {"type": "Feature", "properties": {"osm_id": 1564056547, "building": "yes"}, "geometry": {"type": "Polygon", "coordinates": [[[98.1506535, 13.8999831], [98.1505428, 13.8999518], [98.1505561, 13.8999078], [98.1506667, 13.8999391], [98.1506535, 13.8999831]]]}}, {"type": "Feature", "properties": {"osm_id": 1564056548, "building": "yes"}, "geometry": {"type": "Polygon", "coordinates": [[[98.150554, 13.8970136], [98.15065, 13.8970025], [98.1506414, 13.8969327], [98.1505455, 13.8969439], [98.150554, 13.8970136]]]}}, {"type": "Feature", "properties": {"osm_id": 1564056549, "building": "yes"}, "geometry": {"type": "Polygon", "coordinates": [[[98.1502715, 13.896685], [98.1504133, 13.8966896], [98.150416, 13.8966098], [98.1502742, 13.8966052], [98.1502715, 13.896685]]]}}, {"type": "Feature", "properties": {"osm_id": 1564056550, "building": "yes"}, "geometry": {"type": "Polygon", "coordinates": [[[98.1490923, 13.8944067], [98.149175, 13.8943978], [98.149168, 13.8943363], [98.1490853, 13.8943453], [98.1490923, 13.8944067]]]}}, {"type": "Feature", "properties": {"osm_id": 1564056551, "building": "yes"}, "geometry": {"type": "Polygon", "coordinates": [[[98.1490568, 13.8942777], [98.1491603, 13.8942672], [98.1491539, 13.8942078], [98.1490504, 13.8942183], [98.1490568, 13.8942777]]]}}, {"type": "Feature", "properties": {"osm_id": 1564056552, "building": "yes"}, "geometry": {"type": "Polygon", "coordinates": [[[98.1490314, 13.8940565], [98.1491349, 13.894046], [98.1491285, 13.8939866], [98.149025, 13.8939971], [98.1490314, 13.8940565]]]}}, {"type": "Feature", "properties": {"osm_id": 1564056553, "building": "yes"}, "geometry": {"type": "Polygon", "coordinates": [[[98.1489826, 13.8935955], [98.1490861, 13.893585], [98.1490797, 13.8935256], [98.1489762, 13.8935362], [98.1489826, 13.8935955]]]}}, {"type": "Feature", "properties": {"osm_id": 1564056554, "building": "yes"}, "geometry": {"type": "Polygon", "coordinates": [[[98.1492502, 13.8937438], [98.1494527, 13.8937032], [98.1494344, 13.8936172], [98.1492319, 13.8936579], [98.1492502, 13.8937438]]]}}, {"type": "Feature", "properties": {"osm_id": 1564056555, "building": "yes"}, "geometry": {"type": "Polygon", "coordinates": [[[98.1494983, 13.8936686], [98.1494913, 13.8935941], [98.1495755, 13.8935867], [98.1495825, 13.8936611], [98.1494983, 13.8936686]]]}}, {"type": "Feature", "properties": {"osm_id": 1564056556, "building": "yes"}, "geometry": {"type": "Polygon", "coordinates": [[[98.1495564, 13.8933967], [98.1495417, 13.8933233], [98.1496247, 13.8933077], [98.1496394, 13.8933811], [98.1495564, 13.8933967]]]}}, {"type": "Feature", "properties": {"osm_id": 1564126682, "building": "yes"}, "geometry": {"type": "Polygon", "coordinates": [[[98.135073, 13.8835028], [98.1350012, 13.8835356], [98.1349747, 13.8834805], [98.1350464, 13.8834478], [98.135073, 13.8835028]]]}}, {"type": "Feature", "properties": {"osm_id": 1564126683, "building": "yes"}, "geometry": {"type": "Polygon", "coordinates": [[[98.1379616, 13.880687], [98.1378859, 13.8806623], [98.1378494, 13.8807677], [98.1379251, 13.8807924], [98.1379616, 13.880687]]]}}, {"type": "Feature", "properties": {"osm_id": 1564126684, "building": "yes"}, "geometry": {"type": "Polygon", "coordinates": [[[98.1382474, 13.8808427], [98.1381718, 13.880818], [98.1381353, 13.8809234], [98.1382109, 13.8809481], [98.1382474, 13.8808427]]]}}, {"type": "Feature", "properties": {"osm_id": 1564126685, "building": "yes"}, "geometry": {"type": "Polygon", "coordinates": [[[98.1383287, 13.8808933], [98.1382531, 13.8808685], [98.1382166, 13.8809739], [98.1382922, 13.8809986], [98.1383287, 13.8808933]]]}}, {"type": "Feature", "properties": {"osm_id": 1564126686, "building": "yes"}, "geometry": {"type": "Polygon", "coordinates": [[[98.1390646, 13.881332], [98.1389971, 13.881288], [98.1390512, 13.8812098], [98.1391187, 13.8812538], [98.1390646, 13.881332]]]}}, {"type": "Feature", "properties": {"osm_id": 1564126687, "building": "yes"}, "geometry": {"type": "Polygon", "coordinates": [[[98.1385595, 13.8810451], [98.1385911, 13.8809772], [98.1386572, 13.8810062], [98.1386256, 13.8810741], [98.1385595, 13.8810451]]]}}, {"type": "Feature", "properties": {"osm_id": 1564126688, "building": "yes"}, "geometry": {"type": "Polygon", "coordinates": [[[98.1384006, 13.880963], [98.1384389, 13.8808969], [98.1384822, 13.8809205], [98.1384439, 13.8809866], [98.1384006, 13.880963]]]}}, {"type": "Feature", "properties": {"osm_id": 1564126689, "building": "yes"}, "geometry": {"type": "Polygon", "coordinates": [[[98.1383795, 13.8809435], [98.1383349, 13.8809244], [98.1383663, 13.8808552], [98.138411, 13.8808743], [98.1383795, 13.8809435]]]}}, {"type": "Feature", "properties": {"osm_id": 1564126690, "building": "yes"}, "geometry": {"type": "Polygon", "coordinates": [[[98.1381359, 13.88078], [98.1380603, 13.8807553], [98.1380238, 13.8808606], [98.1380994, 13.8808854], [98.1381359, 13.88078]]]}}, {"type": "Feature", "properties": {"osm_id": 1564126691, "building": "yes"}, "geometry": {"type": "Polygon", "coordinates": [[[98.1392254, 13.8814083], [98.1392637, 13.8813422], [98.139307, 13.8813659], [98.1392687, 13.881432], [98.1392254, 13.8814083]]]}}, {"type": "Feature", "properties": {"osm_id": 1564126692, "building": "yes"}, "geometry": {"type": "Polygon", "coordinates": [[[98.1393731, 13.8815231], [98.1393062, 13.881495], [98.1393561, 13.881383], [98.139423, 13.8814111], [98.1393731, 13.8815231]]]}}, {"type": "Feature", "properties": {"osm_id": 1564126693, "building": "yes"}, "geometry": {"type": "Polygon", "coordinates": [[[98.1395984, 13.8817249], [98.1395367, 13.8816952], [98.1395886, 13.8815937], [98.1396503, 13.8816234], [98.1395984, 13.8817249]]]}}, {"type": "Feature", "properties": {"osm_id": 1564126694, "building": "yes"}, "geometry": {"type": "Polygon", "coordinates": [[[98.1396729, 13.8819423], [98.1395817, 13.8818872], [98.1396113, 13.8818298], [98.1396507, 13.8818418], [98.1396729, 13.8817915], [98.1397296, 13.881825], [98.1396729, 13.8819423]]]}}, {"type": "Feature", "properties": {"osm_id": 1564126695, "building": "yes"}, "geometry": {"type": "Polygon", "coordinates": [[[98.1393765, 13.8811084], [98.139309, 13.8810644], [98.139363, 13.8809862], [98.1394305, 13.8810302], [98.1393765, 13.8811084]]]}}, {"type": "Feature", "properties": {"osm_id": 1564126696, "building": "yes"}, "geometry": {"type": "Polygon", "coordinates": [[[98.1400323, 13.8821158], [98.1399814, 13.8820952], [98.1400219, 13.882001], [98.1400727, 13.8820216], [98.1400323, 13.8821158]]]}}, {"type": "Feature", "properties": {"osm_id": 1564126697, "building": "yes"}, "geometry": {"type": "Polygon", "coordinates": [[[98.1399165, 13.8820386], [98.1399274, 13.8819636], [98.1399766, 13.8819703], [98.1399657, 13.8820454], [98.1399165, 13.8820386]]]}}, {"type": "Feature", "properties": {"osm_id": 1564126698, "building": "yes"}, "geometry": {"type": "Polygon", "coordinates": [[[98.1409344, 13.8815884], [98.1411592, 13.8816264], [98.1411767, 13.8815288], [98.1409519, 13.8814908], [98.1409344, 13.8815884]]]}}, {"type": "Feature", "properties": {"osm_id": 1564126699, "building": "yes"}, "geometry": {"type": "Polygon", "coordinates": [[[98.1406932, 13.8816366], [98.1405271, 13.8815928], [98.140547, 13.8815218], [98.140713, 13.8815656], [98.1406932, 13.8816366]]]}}, {"type": "Feature", "properties": {"osm_id": 1564126700, "building": "yes"}, "geometry": {"type": "Polygon", "coordinates": [[[98.1403401, 13.8817939], [98.1401549, 13.8817531], [98.1401708, 13.8816851], [98.1403559, 13.8817259], [98.1403401, 13.8817939]]]}}, {"type": "Feature", "properties": {"osm_id": 1564126701, "building": "yes"}, "geometry": {"type": "Polygon", "coordinates": [[[98.1404694, 13.8819673], [98.1404937, 13.8818854], [98.1407516, 13.8819574], [98.1407273, 13.8820394], [98.1404694, 13.8819673]]]}}, {"type": "Feature", "properties": {"osm_id": 1564126702, "building": "yes"}, "geometry": {"type": "Polygon", "coordinates": [[[98.140705, 13.8819218], [98.1405195, 13.881864], [98.1405462, 13.8817832], [98.1407317, 13.8818411], [98.140705, 13.8819218]]]}}, {"type": "Feature", "properties": {"osm_id": 1564126703, "building": "yes"}, "geometry": {"type": "Polygon", "coordinates": [[[98.1404033, 13.8820208], [98.1405253, 13.8816304], [98.1405619, 13.8816412], [98.1404399, 13.8820316], [98.1404033, 13.8820208]]]}}, {"type": "Feature", "properties": {"osm_id": 1564126704, "building": "yes"}, "geometry": {"type": "Polygon", "coordinates": [[[98.1410693, 13.8818009], [98.1409979, 13.8817823], [98.1410095, 13.8817404], [98.1410809, 13.881759], [98.1410693, 13.8818009]]]}}, {"type": "Feature", "properties": {"osm_id": 1564126705, "building": "yes"}, "geometry": {"type": "Polygon", "coordinates": [[[98.1413282, 13.881747], [98.1413366, 13.881699], [98.1413, 13.8816929], [98.1412915, 13.8817409], [98.1413282, 13.881747]]]}}, {"type": "Feature", "properties": {"osm_id": 1564126706, "building": "yes"}, "geometry": {"type": "Polygon", "coordinates": [[[98.1411193, 13.882266], [98.1411749, 13.8820753], [98.1412224, 13.8820883], [98.1411668, 13.882279], [98.1411193, 13.882266]]]}}, {"type": "Feature", "properties": {"osm_id": 1564126707, "building": "yes"}, "geometry": {"type": "Polygon", "coordinates": [[[98.1407596, 13.8829504], [98.1405935, 13.8829066], [98.1406134, 13.8828356], [98.1407795, 13.8828794], [98.1407596, 13.8829504]]]}}, {"type": "Feature", "properties": {"osm_id": 1564126708, "building": "yes"}, "geometry": {"type": "Polygon", "coordinates": [[[98.14133, 13.8827188], [98.1412845, 13.8829028], [98.1411996, 13.882883], [98.1412451, 13.8826991], [98.14133, 13.8827188]]]}}, {"type": "Feature", "properties": {"osm_id": 1564126709, "building": "yes"}, "geometry": {"type": "Polygon", "coordinates": [[[98.1415452, 13.8828615], [98.1415411, 13.8827572], [98.1416346, 13.8827537], [98.1416387, 13.882858], [98.1415452, 13.8828615]]]}}, {"type": "Feature", "properties": {"osm_id": 1564126710, "building": "yes"}, "geometry": {"type": "Polygon", "coordinates": [[[98.1419611, 13.8827753], [98.1419813, 13.8829412], [98.141906, 13.8829498], [98.1418858, 13.8827839], [98.1419611, 13.8827753]]]}}, {"type": "Feature", "properties": {"osm_id": 1564126711, "building": "yes"}, "geometry": {"type": "Polygon", "coordinates": [[[98.141968, 13.8835691], [98.1420646, 13.8835663], [98.1420621, 13.8834855], [98.1419654, 13.8834884], [98.141968, 13.8835691]]]}}, {"type": "Feature", "properties": {"osm_id": 1564126712, "building": "yes"}, "geometry": {"type": "Polygon", "coordinates": [[[98.1423645, 13.8827467], [98.142363, 13.8829138], [98.1422872, 13.8829131], [98.1422887, 13.8827461], [98.1423645, 13.8827467]]]}}, {"type": "Feature", "properties": {"osm_id": 1564126713, "building": "yes"}, "geometry": {"type": "Polygon", "coordinates": [[[98.1418324, 13.8833357], [98.1419625, 13.8833252], [98.1419564, 13.883254], [98.1418263, 13.8832644], [98.1418324, 13.8833357]]]}}, {"type": "Feature", "properties": {"osm_id": 1564126714, "building": "yes"}, "geometry": {"type": "Polygon", "coordinates": [[[98.1420934, 13.883397], [98.1422286, 13.8834071], [98.1422341, 13.8833373], [98.1420989, 13.8833272], [98.1420934, 13.883397]]]}}, {"type": "Feature", "properties": {"osm_id": 1564126715, "building": "yes"}, "geometry": {"type": "Polygon", "coordinates": [[[98.1410655, 13.8830085], [98.1412139, 13.8830368], [98.1412257, 13.8829787], [98.1410773, 13.8829504], [98.1410655, 13.8830085]]]}}, {"type": "Feature", "properties": {"osm_id": 1564126716, "building": "yes"}, "geometry": {"type": "Polygon", "coordinates": [[[98.1414858, 13.883177], [98.1416032, 13.8831339], [98.1415863, 13.8830906], [98.1414689, 13.8831337], [98.1414858, 13.883177]]]}}, {"type": "Feature", "properties": {"osm_id": 1564126717, "building": "yes"}, "geometry": {"type": "Polygon", "coordinates": [[[98.1417825, 13.8829006], [98.1417768, 13.8828264], [98.1418284, 13.8828227], [98.141834, 13.8828969], [98.1417825, 13.8829006]]]}}, {"type": "Feature", "properties": {"osm_id": 1564126718, "building": "yes"}, "geometry": {"type": "Polygon", "coordinates": [[[98.1417239, 13.8827157], [98.1417319, 13.8827871], [98.1416874, 13.8827918], [98.1416795, 13.8827204], [98.1417239, 13.8827157]]]}}, {"type": "Feature", "properties": {"osm_id": 1564126719, "building": "yes"}, "geometry": {"type": "Polygon", "coordinates": [[[98.1417426, 13.8828463], [98.1417505, 13.8829177], [98.1417061, 13.8829224], [98.1416982, 13.8828509], [98.1417426, 13.8828463]]]}}, {"type": "Feature", "properties": {"osm_id": 1564126720, "building": "yes"}, "geometry": {"type": "Polygon", "coordinates": [[[98.1422362, 13.8828428], [98.1422316, 13.882721], [98.1421839, 13.8827227], [98.1421885, 13.8828445], [98.1422362, 13.8828428]]]}}, {"type": "Feature", "properties": {"osm_id": 1564126721, "building": "yes"}, "geometry": {"type": "Polygon", "coordinates": [[[98.1418583, 13.8825715], [98.1418527, 13.8824973], [98.1419042, 13.8824936], [98.1419099, 13.8825677], [98.1418583, 13.8825715]]]}}, {"type": "Feature", "properties": {"osm_id": 1564126722, "building": "yes"}, "geometry": {"type": "Polygon", "coordinates": [[[98.1420939, 13.8824895], [98.1420952, 13.8824151], [98.1421469, 13.882416], [98.1421456, 13.8824903], [98.1420939, 13.8824895]]]}}, {"type": "Feature", "properties": {"osm_id": 1564126723, "building": "yes"}, "geometry": {"type": "Polygon", "coordinates": [[[98.1425855, 13.882463], [98.1425564, 13.8823395], [98.1424846, 13.8823554], [98.1425137, 13.8824789], [98.1425855, 13.882463]]]}}, {"type": "Feature", "properties": {"osm_id": 1564126724, "building": "yes"}, "geometry": {"type": "Polygon", "coordinates": [[[98.14243, 13.8822864], [98.1424743, 13.8824478], [98.1424011, 13.8824668], [98.1423567, 13.8823053], [98.14243, 13.8822864]]]}}, {"type": "Feature", "properties": {"osm_id": 1564126725, "building": "yes"}, "geometry": {"type": "Polygon", "coordinates": [[[98.1432108, 13.8821159], [98.1432552, 13.8822773], [98.1431819, 13.8822963], [98.1431375, 13.8821349], [98.1432108, 13.8821159]]]}}, {"type": "Feature", "properties": {"osm_id": 1564126726, "building": "yes"}, "geometry": {"type": "Polygon", "coordinates": [[[98.1430117, 13.8822805], [98.1429787, 13.882163], [98.1429326, 13.8821752], [98.1429657, 13.8822927], [98.1430117, 13.8822805]]]}}, {"type": "Feature", "properties": {"osm_id": 1564126727, "building": "yes"}, "geometry": {"type": "Polygon", "coordinates": [[[98.1430397, 13.882298], [98.1430257, 13.8822249], [98.1430766, 13.8822157], [98.1430905, 13.8822889], [98.1430397, 13.882298]]]}}, {"type": "Feature", "properties": {"osm_id": 1564126728, "building": "yes"}, "geometry": {"type": "Polygon", "coordinates": [[[98.1430845, 13.8820514], [98.1430705, 13.8819783], [98.1431214, 13.8819691], [98.1431354, 13.8820422], [98.1430845, 13.8820514]]]}}, {"type": "Feature", "properties": {"osm_id": 1564126729, "building": "yes"}, "geometry": {"type": "Polygon", "coordinates": [[[98.1433194, 13.882218], [98.1433063, 13.8821447], [98.1433572, 13.8821362], [98.1433703, 13.8822094], [98.1433194, 13.882218]]]}}, {"type": "Feature", "properties": {"osm_id": 1564126730, "building": "yes"}, "geometry": {"type": "Polygon", "coordinates": [[[98.1435932, 13.8820982], [98.1435904, 13.8819715], [98.1435168, 13.8819731], [98.1435196, 13.8820998], [98.1435932, 13.8820982]]]}}, {"type": "Feature", "properties": {"osm_id": 1564126731, "building": "yes"}, "geometry": {"type": "Polygon", "coordinates": [[[98.1436721, 13.8819117], [98.1437394, 13.8820655], [98.1436696, 13.8820943], [98.1436023, 13.8819405], [98.1436721, 13.8819117]]]}}, {"type": "Feature", "properties": {"osm_id": 1564126732, "building": "yes"}, "geometry": {"type": "Polygon", "coordinates": [[[98.1437528, 13.8819678], [98.1437397, 13.8818945], [98.1437906, 13.8818859], [98.1438037, 13.8819592], [98.1437528, 13.8819678]]]}}, {"type": "Feature", "properties": {"osm_id": 1564126733, "building": "yes"}, "geometry": {"type": "Polygon", "coordinates": [[[98.1440924, 13.8817452], [98.1440318, 13.8816329], [98.1439666, 13.881666], [98.1440271, 13.8817783], [98.1440924, 13.8817452]]]}}, {"type": "Feature", "properties": {"osm_id": 1564126734, "building": "yes"}, "geometry": {"type": "Polygon", "coordinates": [[[98.1449367, 13.8813934], [98.1448761, 13.8812811], [98.1448109, 13.8813142], [98.1448715, 13.8814265], [98.1449367, 13.8813934]]]}}, {"type": "Feature", "properties": {"osm_id": 1564126735, "building": "yes"}, "geometry": {"type": "Polygon", "coordinates": [[[98.1425436, 13.8828797], [98.1426176, 13.8828819], [98.1426162, 13.8829252], [98.1425422, 13.882923], [98.1425436, 13.8828797]]]}}, {"type": "Feature", "properties": {"osm_id": 1564126736, "building": "yes"}, "geometry": {"type": "Polygon", "coordinates": [[[98.1426334, 13.8836127], [98.1425034, 13.8836008], [98.1424965, 13.883672], [98.1426265, 13.8836838], [98.1426334, 13.8836127]]]}}, {"type": "Feature", "properties": {"osm_id": 1564126737, "building": "yes"}, "geometry": {"type": "Polygon", "coordinates": [[[98.1429079, 13.8835863], [98.1428314, 13.8835816], [98.1428347, 13.8835315], [98.1429112, 13.8835362], [98.1429079, 13.8835863]]]}}, {"type": "Feature", "properties": {"osm_id": 1564126738, "building": "yes"}, "geometry": {"type": "Polygon", "coordinates": [[[98.1429924, 13.8839417], [98.143089, 13.8839388], [98.1430865, 13.883858], [98.1429898, 13.8838609], [98.1429924, 13.8839417]]]}}, {"type": "Feature", "properties": {"osm_id": 1564126739, "building": "yes"}, "geometry": {"type": "Polygon", "coordinates": [[[98.1431717, 13.8838945], [98.1432684, 13.8838916], [98.1432658, 13.8838109], [98.1431692, 13.8838138], [98.1431717, 13.8838945]]]}}, {"type": "Feature", "properties": {"osm_id": 1564126740, "building": "yes"}, "geometry": {"type": "Polygon", "coordinates": [[[98.1426104, 13.8841509], [98.1427456, 13.884161], [98.1427511, 13.8840912], [98.1426159, 13.8840811], [98.1426104, 13.8841509]]]}}, {"type": "Feature", "properties": {"osm_id": 1564126741, "building": "yes"}, "geometry": {"type": "Polygon", "coordinates": [[[98.1426141, 13.8840566], [98.1427494, 13.8840667], [98.1427549, 13.8839969], [98.1426197, 13.8839868], [98.1426141, 13.8840566]]]}}, {"type": "Feature", "properties": {"osm_id": 1564126742, "building": "yes"}, "geometry": {"type": "Polygon", "coordinates": [[[98.1427253, 13.883963], [98.1428602, 13.8839499], [98.142853, 13.8838802], [98.142718, 13.8838933], [98.1427253, 13.883963]]]}}, {"type": "Feature", "properties": {"osm_id": 1564126743, "building": "yes"}, "geometry": {"type": "Polygon", "coordinates": [[[98.1429322, 13.8840558], [98.1428568, 13.8840689], [98.1428477, 13.8840195], [98.1429231, 13.8840064], [98.1429322, 13.8840558]]]}}, {"type": "Feature", "properties": {"osm_id": 1564126744, "building": "yes"}, "geometry": {"type": "Polygon", "coordinates": [[[98.1431416, 13.8841969], [98.1430959, 13.8840782], [98.1430269, 13.8841032], [98.1430726, 13.884222], [98.1431416, 13.8841969]]]}}, {"type": "Feature", "properties": {"osm_id": 1564126745, "building": "yes"}, "geometry": {"type": "Polygon", "coordinates": [[[98.1426451, 13.8843885], [98.1427805, 13.8843806], [98.1427762, 13.8843107], [98.1426408, 13.8843186], [98.1426451, 13.8843885]]]}}, {"type": "Feature", "properties": {"osm_id": 1564126746, "building": "yes"}, "geometry": {"type": "Polygon", "coordinates": [[[98.1429672, 13.8844351], [98.1429493, 13.8843628], [98.1429995, 13.884351], [98.1430175, 13.8844233], [98.1429672, 13.8844351]]]}}, {"type": "Feature", "properties": {"osm_id": 1564126747, "building": "yes"}, "geometry": {"type": "Polygon", "coordinates": [[[98.1424583, 13.8845662], [98.1425937, 13.8845583], [98.1425894, 13.8844884], [98.142454, 13.8844963], [98.1424583, 13.8845662]]]}}, {"type": "Feature", "properties": {"osm_id": 1564126748, "building": "yes"}, "geometry": {"type": "Polygon", "coordinates": [[[98.1425067, 13.884696], [98.1426033, 13.8846932], [98.1426008, 13.8846124], [98.1425042, 13.8846153], [98.1425067, 13.884696]]]}}, {"type": "Feature", "properties": {"osm_id": 1564126749, "building": "yes"}, "geometry": {"type": "Polygon", "coordinates": [[[98.1424357, 13.884453], [98.1425324, 13.8844502], [98.1425298, 13.8843694], [98.1424332, 13.8843723], [98.1424357, 13.884453]]]}}, {"type": "Feature", "properties": {"osm_id": 1564126750, "building": "yes"}, "geometry": {"type": "Polygon", "coordinates": [[[98.1424049, 13.8839623], [98.1425401, 13.8839724], [98.1425457, 13.8839026], [98.1424105, 13.8838925], [98.1424049, 13.8839623]]]}}, {"type": "Feature", "properties": {"osm_id": 1564126751, "building": "yes"}, "geometry": {"type": "Polygon", "coordinates": [[[98.1419213, 13.8842653], [98.1419042, 13.8843959], [98.1419758, 13.8844048], [98.1419928, 13.8842742], [98.1419213, 13.8842653]]]}}, {"type": "Feature", "properties": {"osm_id": 1564126752, "building": "yes"}, "geometry": {"type": "Polygon", "coordinates": [[[98.1420329, 13.8842386], [98.1421592, 13.8842864], [98.1421854, 13.8842212], [98.1420591, 13.8841734], [98.1420329, 13.8842386]]]}}, {"type": "Feature", "properties": {"osm_id": 1564126753, "building": "yes"}, "geometry": {"type": "Polygon", "coordinates": [[[98.1417073, 13.8844392], [98.14173, 13.884569], [98.1418012, 13.8845573], [98.1417785, 13.8844275], [98.1417073, 13.8844392]]]}}, {"type": "Feature", "properties": {"osm_id": 1564126754, "building": "yes"}, "geometry": {"type": "Polygon", "coordinates": [[[98.1413604, 13.8839479], [98.1414535, 13.8839223], [98.1414307, 13.8838445], [98.1413377, 13.8838702], [98.1413604, 13.8839479]]]}}, {"type": "Feature", "properties": {"osm_id": 1564126755, "building": "yes"}, "geometry": {"type": "Polygon", "coordinates": [[[98.1401253, 13.883527], [98.1402426, 13.8835826], [98.1402749, 13.8835183], [98.1401576, 13.8834627], [98.1401253, 13.883527]]]}}, {"type": "Feature", "properties": {"osm_id": 1564126756, "building": "yes"}, "geometry": {"type": "Polygon", "coordinates": [[[98.1400054, 13.8834242], [98.1400525, 13.8833059], [98.1399838, 13.8832802], [98.1399367, 13.8833984], [98.1400054, 13.8834242]]]}}, {"type": "Feature", "properties": {"osm_id": 1564126757, "building": "yes"}, "geometry": {"type": "Polygon", "coordinates": [[[98.1408082, 13.8838321], [98.1408201, 13.8837108], [98.1407725, 13.8837064], [98.1407607, 13.8838278], [98.1408082, 13.8838321]]]}}, {"type": "Feature", "properties": {"osm_id": 1564126758, "building": "yes"}, "geometry": {"type": "Polygon", "coordinates": [[[98.1412103, 13.8842935], [98.141307, 13.8842906], [98.1413044, 13.8842098], [98.1412078, 13.8842127], [98.1412103, 13.8842935]]]}}, {"type": "Feature", "properties": {"osm_id": 1564126759, "building": "yes"}, "geometry": {"type": "Polygon", "coordinates": [[[98.1412327, 13.8843914], [98.1413294, 13.8843885], [98.1413268, 13.8843078], [98.1412302, 13.8843107], [98.1412327, 13.8843914]]]}}, {"type": "Feature", "properties": {"osm_id": 1564126760, "building": "yes"}, "geometry": {"type": "Polygon", "coordinates": [[[98.1413581, 13.8847123], [98.1414864, 13.8846696], [98.1414629, 13.8846034], [98.1413347, 13.8846461], [98.1413581, 13.8847123]]]}}, {"type": "Feature", "properties": {"osm_id": 1564126761, "building": "yes"}, "geometry": {"type": "Polygon", "coordinates": [[[98.1414126, 13.88477], [98.14153, 13.8847269], [98.1415131, 13.8846835], [98.1413957, 13.8847267], [98.1414126, 13.88477]]]}}, {"type": "Feature", "properties": {"osm_id": 1564126762, "building": "yes"}, "geometry": {"type": "Polygon", "coordinates": [[[98.1415864, 13.8849702], [98.1416818, 13.8849547], [98.141668, 13.884875], [98.1415727, 13.8848906], [98.1415864, 13.8849702]]]}}, {"type": "Feature", "properties": {"osm_id": 1564126763, "building": "yes"}, "geometry": {"type": "Polygon", "coordinates": [[[98.1417366, 13.8848793], [98.1417088, 13.88481], [98.141757, 13.8847918], [98.1417848, 13.8848611], [98.1417366, 13.8848793]]]}}, {"type": "Feature", "properties": {"osm_id": 1564126764, "building": "yes"}, "geometry": {"type": "Polygon", "coordinates": [[[98.1417977, 13.8847461], [98.1418449, 13.8848696], [98.1419125, 13.8848452], [98.1418654, 13.8847218], [98.1417977, 13.8847461]]]}}, {"type": "Feature", "properties": {"osm_id": 1564126765, "building": "yes"}, "geometry": {"type": "Polygon", "coordinates": [[[98.1419695, 13.884747], [98.1419519, 13.8846746], [98.1420022, 13.884663], [98.1420198, 13.8847354], [98.1419695, 13.884747]]]}}, {"type": "Feature", "properties": {"osm_id": 1564126766, "building": "yes"}, "geometry": {"type": "Polygon", "coordinates": [[[98.1421753, 13.8846957], [98.1422636, 13.8846576], [98.1422299, 13.8845838], [98.1421415, 13.8846219], [98.1421753, 13.8846957]]]}}, {"type": "Feature", "properties": {"osm_id": 1564126767, "building": "yes"}, "geometry": {"type": "Polygon", "coordinates": [[[98.1421365, 13.8847289], [98.1422096, 13.884718], [98.1422164, 13.8847609], [98.1421432, 13.8847718], [98.1421365, 13.8847289]]]}}, {"type": "Feature", "properties": {"osm_id": 1564126768, "building": "yes"}, "geometry": {"type": "Polygon", "coordinates": [[[98.1424843, 13.8847976], [98.1425809, 13.8847947], [98.1425784, 13.884714], [98.1424817, 13.8847169], [98.1424843, 13.8847976]]]}}, {"type": "Feature", "properties": {"osm_id": 1564130976, "building": "yes"}, "geometry": {"type": "Polygon", "coordinates": [[[98.1396547, 13.8830802], [98.1396397, 13.8830076], [98.1397331, 13.8829895], [98.1397443, 13.883033], [98.1396995, 13.8830802], [98.1396547, 13.8830802]]]}}, {"type": "Feature", "properties": {"osm_id": 1564130977, "building": "yes"}, "geometry": {"type": "Polygon", "coordinates": [[[98.1414381, 13.8819787], [98.1413877, 13.8819263], [98.1414203, 13.8818967], [98.1414708, 13.8819492], [98.1414381, 13.8819787]]]}}, {"type": "Feature", "properties": {"osm_id": 1564130978, "building": "yes"}, "geometry": {"type": "Polygon", "coordinates": [[[98.1446601, 13.8816846], [98.144558, 13.8816055], [98.1445121, 13.8816613], [98.1446142, 13.8817404], [98.1446601, 13.8816846]]]}}, {"type": "Feature", "properties": {"osm_id": 1564130979, "building": "yes"}, "geometry": {"type": "Polygon", "coordinates": [[[98.1453813, 13.8811758], [98.1453207, 13.8810635], [98.1452555, 13.8810966], [98.1453161, 13.8812089], [98.1453813, 13.8811758]]]}}, {"type": "Feature", "properties": {"osm_id": 1564130980, "building": "yes"}, "geometry": {"type": "Polygon", "coordinates": [[[98.1454766, 13.8810649], [98.1454372, 13.8810011], [98.1454815, 13.8809753], [98.1455209, 13.881039], [98.1454766, 13.8810649]]]}}, {"type": "Feature", "properties": {"osm_id": 1564130981, "building": "yes"}, "geometry": {"type": "Polygon", "coordinates": [[[98.1451571, 13.8812374], [98.1450965, 13.8811251], [98.1450313, 13.8811582], [98.1450919, 13.8812705], [98.1451571, 13.8812374]]]}}, {"type": "Feature", "properties": {"osm_id": 1564130982, "building": "yes"}, "geometry": {"type": "Polygon", "coordinates": [[[98.1458147, 13.8808965], [98.1457541, 13.8807842], [98.1456889, 13.8808173], [98.1457495, 13.8809296], [98.1458147, 13.8808965]]]}}, {"type": "Feature", "properties": {"osm_id": 1564130983, "building": "yes"}, "geometry": {"type": "Polygon", "coordinates": [[[98.1458782, 13.8808312], [98.1458176, 13.8807189], [98.1457524, 13.880752], [98.145813, 13.8808643], [98.1458782, 13.8808312]]]}}, {"type": "Feature", "properties": {"osm_id": 1564130984, "building": "yes"}, "geometry": {"type": "Polygon", "coordinates": [[[98.1456558, 13.8809993], [98.1456235, 13.8809276], [98.1456823, 13.8809027], [98.1457145, 13.8809744], [98.1456558, 13.8809993]]]}}, {"type": "Feature", "properties": {"osm_id": 1564130985, "building": "yes"}, "geometry": {"type": "Polygon", "coordinates": [[[98.1459003, 13.8814683], [98.1457713, 13.8814878], [98.1457825, 13.8815584], [98.1459116, 13.8815389], [98.1459003, 13.8814683]]]}}, {"type": "Feature", "properties": {"osm_id": 1564130986, "building": "yes"}, "geometry": {"type": "Polygon", "coordinates": [[[98.1457509, 13.8819906], [98.1456218, 13.8820101], [98.1456331, 13.8820807], [98.1457621, 13.8820612], [98.1457509, 13.8819906]]]}}, {"type": "Feature", "properties": {"osm_id": 1564130987, "building": "yes"}, "geometry": {"type": "Polygon", "coordinates": [[[98.1457558, 13.8818566], [98.1456845, 13.881884], [98.1456656, 13.8818374], [98.1457367, 13.88181], [98.1457558, 13.8818566]]]}}, {"type": "Feature", "properties": {"osm_id": 1564130988, "building": "yes"}, "geometry": {"type": "Polygon", "coordinates": [[[98.145599, 13.8804753], [98.1454711, 13.8805012], [98.1454861, 13.8805712], [98.145614, 13.8805452], [98.145599, 13.8804753]]]}}, {"type": "Feature", "properties": {"osm_id": 1564130989, "building": "yes"}, "geometry": {"type": "Polygon", "coordinates": [[[98.1455102, 13.8806649], [98.1454968, 13.8805878], [98.14556, 13.8805774], [98.1455734, 13.8806546], [98.1455102, 13.8806649]]]}}, {"type": "Feature", "properties": {"osm_id": 1564130990, "building": "yes"}, "geometry": {"type": "Polygon", "coordinates": [[[98.1453748, 13.8807192], [98.1453481, 13.8806495], [98.1453965, 13.8806319], [98.1454232, 13.8807017], [98.1453748, 13.8807192]]]}}, {"type": "Feature", "properties": {"osm_id": 1564130991, "building": "yes"}, "geometry": {"type": "Polygon", "coordinates": [[[98.1461106, 13.8822205], [98.1460995, 13.8821295], [98.1461962, 13.8821185], [98.1462072, 13.8822095], [98.1461106, 13.8822205]]]}}, {"type": "Feature", "properties": {"osm_id": 1564130992, "building": "yes"}, "geometry": {"type": "Polygon", "coordinates": [[[98.1458555, 13.882502], [98.1457265, 13.8825215], [98.1457377, 13.8825921], [98.1458667, 13.8825726], [98.1458555, 13.882502]]]}}, {"type": "Feature", "properties": {"osm_id": 1564130993, "building": "yes"}, "geometry": {"type": "Polygon", "coordinates": [[[98.146117, 13.882716], [98.145988, 13.8827355], [98.1459992, 13.882806], [98.1461283, 13.8827866], [98.146117, 13.882716]]]}}, {"type": "Feature", "properties": {"osm_id": 1564130994, "building": "yes"}, "geometry": {"type": "Polygon", "coordinates": [[[98.1457371, 13.8823826], [98.1456658, 13.8824099], [98.1456469, 13.8823633], [98.145718, 13.8823359], [98.1457371, 13.8823826]]]}}, {"type": "Feature", "properties": {"osm_id": 1564130995, "building": "yes"}, "geometry": {"type": "Polygon", "coordinates": [[[98.1460398, 13.8803045], [98.1459649, 13.8802006], [98.1459046, 13.8802415], [98.1459794, 13.8803454], [98.1460398, 13.8803045]]]}}, {"type": "Feature", "properties": {"osm_id": 1564130996, "building": "yes"}, "geometry": {"type": "Polygon", "coordinates": [[[98.146245, 13.8801975], [98.1462151, 13.8801249], [98.1462747, 13.8801018], [98.1463046, 13.8801744], [98.146245, 13.8801975]]]}}, {"type": "Feature", "properties": {"osm_id": 1564130997, "building": "yes"}, "geometry": {"type": "Polygon", "coordinates": [[[98.1458692, 13.8800753], [98.1458127, 13.879961], [98.1457464, 13.8799919], [98.1458029, 13.8801062], [98.1458692, 13.8800753]]]}}, {"type": "Feature", "properties": {"osm_id": 1564130998, "building": "yes"}, "geometry": {"type": "Polygon", "coordinates": [[[98.1453476, 13.8802442], [98.1452705, 13.880267], [98.1452518, 13.8802075], [98.1453289, 13.8801846], [98.1453476, 13.8802442]]]}}, {"type": "Feature", "properties": {"osm_id": 1564130999, "building": "yes"}, "geometry": {"type": "Polygon", "coordinates": [[[98.1461224, 13.8802246], [98.1460809, 13.8801576], [98.1461358, 13.8801255], [98.1461773, 13.8801925], [98.1461224, 13.8802246]]]}}, {"type": "Feature", "properties": {"osm_id": 1564131000, "building": "yes"}, "geometry": {"type": "Polygon", "coordinates": [[[98.1463536, 13.8801207], [98.1463269, 13.880051], [98.1463753, 13.8800335], [98.146402, 13.8801032], [98.1463536, 13.8801207]]]}}, {"type": "Feature", "properties": {"osm_id": 1564131001, "building": "yes"}, "geometry": {"type": "Polygon", "coordinates": [[[98.1466406, 13.8800108], [98.1466455, 13.8800889], [98.1465815, 13.8800926], [98.1465766, 13.8800145], [98.1466406, 13.8800108]]]}}, {"type": "Feature", "properties": {"osm_id": 1564131002, "building": "yes"}, "geometry": {"type": "Polygon", "coordinates": [[[98.1457419, 13.8801219], [98.1457024, 13.8800581], [98.1457468, 13.8800324], [98.1457862, 13.880096], [98.1457419, 13.8801219]]]}}, {"type": "Feature", "properties": {"osm_id": 1564131003, "building": "yes"}, "geometry": {"type": "Polygon", "coordinates": [[[98.1458645, 13.8805139], [98.1460878, 13.8804274], [98.1460646, 13.8803709], [98.1458413, 13.8804575], [98.1458645, 13.8805139]]]}}, {"type": "Feature", "properties": {"osm_id": 1564131004, "building": "yes"}, "geometry": {"type": "Polygon", "coordinates": [[[98.1461744, 13.880348], [98.1461502, 13.8802842], [98.1461942, 13.8802685], [98.1462184, 13.8803323], [98.1461744, 13.880348]]]}}, {"type": "Feature", "properties": {"osm_id": 1564131005, "building": "yes"}, "geometry": {"type": "Polygon", "coordinates": [[[98.1480306, 13.8805144], [98.1480511, 13.8803892], [98.1479785, 13.8803779], [98.1479579, 13.8805031], [98.1480306, 13.8805144]]]}}, {"type": "Feature", "properties": {"osm_id": 1564131006, "building": "yes"}, "geometry": {"type": "Polygon", "coordinates": [[[98.1480038, 13.8782579], [98.1478738, 13.8782466], [98.1478672, 13.8783177], [98.1479972, 13.878329], [98.1480038, 13.8782579]]]}}, {"type": "Feature", "properties": {"osm_id": 1564131007, "building": "yes"}, "geometry": {"type": "Polygon", "coordinates": [[[98.148422, 13.8782417], [98.1483454, 13.8782405], [98.1483462, 13.8781903], [98.1484228, 13.8781915], [98.148422, 13.8782417]]]}}, {"type": "Feature", "properties": {"osm_id": 1564131008, "building": "yes"}, "geometry": {"type": "Polygon", "coordinates": [[[98.1380465, 13.8895593], [98.1381982, 13.8895306], [98.1381845, 13.8894625], [98.1380327, 13.8894913], [98.1380465, 13.8895593]]]}}, {"type": "Feature", "properties": {"osm_id": 1564131009, "building": "yes"}, "geometry": {"type": "Polygon", "coordinates": [[[98.1381789, 13.8897023], [98.1382747, 13.8896715], [98.1382591, 13.8896258], [98.1381633, 13.8896567], [98.1381789, 13.8897023]]]}}, {"type": "Feature", "properties": {"osm_id": 1564131010, "building": "yes"}, "geometry": {"type": "Polygon", "coordinates": [[[98.137871, 13.8894429], [98.1379174, 13.8894311], [98.1378984, 13.889397], [98.13786, 13.8894048], [98.137871, 13.8894429]]]}}, {"type": "Feature", "properties": {"osm_id": 1564131011, "building": "yes"}, "geometry": {"type": "Polygon", "coordinates": [[[98.1382591, 13.8898152], [98.138179, 13.8898314], [98.1381888, 13.8898766], [98.1382689, 13.8898602], [98.1382591, 13.8898152]]]}}, {"type": "Feature", "properties": {"osm_id": 1564131012, "building": "yes"}, "geometry": {"type": "Polygon", "coordinates": [[[98.138377, 13.8900318], [98.1384728, 13.890001], [98.1384572, 13.8899553], [98.1383614, 13.8899862], [98.138377, 13.8900318]]]}}, {"type": "Feature", "properties": {"osm_id": 1564131013, "building": "yes"}, "geometry": {"type": "Polygon", "coordinates": [[[98.1383967, 13.8901363], [98.1385484, 13.8901076], [98.1385347, 13.8900395], [98.1383829, 13.8900683], [98.1383967, 13.8901363]]]}}, {"type": "Feature", "properties": {"osm_id": 1564131014, "building": "yes"}, "geometry": {"type": "Polygon", "coordinates": [[[98.1388785, 13.8898576], [98.1389577, 13.8898585], [98.1389569, 13.8899193], [98.1388777, 13.8899183], [98.1388785, 13.8898576]]]}}, {"type": "Feature", "properties": {"osm_id": 1564131015, "building": "yes"}, "geometry": {"type": "Polygon", "coordinates": [[[98.138661, 13.8905347], [98.1387619, 13.8905378], [98.1387634, 13.8904897], [98.1386625, 13.8904867], [98.138661, 13.8905347]]]}}, {"type": "Feature", "properties": {"osm_id": 1564131016, "building": "yes"}, "geometry": {"type": "Polygon", "coordinates": [[[98.1384902, 13.8903007], [98.1385667, 13.8902806], [98.138583, 13.8903393], [98.1385065, 13.8903593], [98.1384902, 13.8903007]]]}}, {"type": "Feature", "properties": {"osm_id": 1564131017, "building": "yes"}, "geometry": {"type": "Polygon", "coordinates": [[[98.1384414, 13.8902537], [98.1385393, 13.8902299], [98.1385272, 13.8901832], [98.1384293, 13.8902071], [98.1384414, 13.8902537]]]}}, {"type": "Feature", "properties": {"osm_id": 1564131018, "building": "yes"}, "geometry": {"type": "Polygon", "coordinates": [[[98.1387151, 13.8908509], [98.1387892, 13.8908174], [98.1387691, 13.8907755], [98.138695, 13.8908092], [98.1387151, 13.8908509]]]}}, {"type": "Feature", "properties": {"osm_id": 1564131019, "building": "yes"}, "geometry": {"type": "Polygon", "coordinates": [[[98.1388916, 13.8903394], [98.1388728, 13.8901905], [98.1388019, 13.890199], [98.1388207, 13.890348], [98.1388916, 13.8903394]]]}}, {"type": "Feature", "properties": {"osm_id": 1564131020, "building": "yes"}, "geometry": {"type": "Polygon", "coordinates": [[[98.1389233, 13.8901091], [98.1389102, 13.8900332], [98.138972, 13.8900232], [98.1389849, 13.8900991], [98.1389233, 13.8901091]]]}}, {"type": "Feature", "properties": {"osm_id": 1564131021, "building": "yes"}, "geometry": {"type": "Polygon", "coordinates": [[[98.1391951, 13.8900884], [98.1391781, 13.8900128], [98.1390662, 13.8900365], [98.1390833, 13.8901121], [98.1391951, 13.8900884]]]}}, {"type": "Feature", "properties": {"osm_id": 1564131022, "building": "yes"}, "geometry": {"type": "Polygon", "coordinates": [[[98.1399996, 13.8898216], [98.1399761, 13.8897263], [98.1399279, 13.8897376], [98.1399515, 13.8898329], [98.1399996, 13.8898216]]]}}, {"type": "Feature", "properties": {"osm_id": 1564131023, "building": "yes"}, "geometry": {"type": "Polygon", "coordinates": [[[98.1401369, 13.8900885], [98.140183, 13.8900772], [98.140164, 13.8900431], [98.1401275, 13.8900521], [98.1401369, 13.8900885]]]}}, {"type": "Feature", "properties": {"osm_id": 1564131024, "building": "yes"}, "geometry": {"type": "Polygon", "coordinates": [[[98.1389207, 13.8910896], [98.1390215, 13.8910853], [98.1390193, 13.8910373], [98.1389185, 13.8910416], [98.1389207, 13.8910896]]]}}, {"type": "Feature", "properties": {"osm_id": 1564131025, "building": "yes"}, "geometry": {"type": "Polygon", "coordinates": [[[98.13884, 13.8908661], [98.1387659, 13.8908999], [98.1387862, 13.8909416], [98.1388602, 13.8909078], [98.13884, 13.8908661]]]}}, {"type": "Feature", "properties": {"osm_id": 1564131026, "building": "yes"}, "geometry": {"type": "Polygon", "coordinates": [[[98.1390266, 13.8913406], [98.1391227, 13.8913107], [98.1391076, 13.891265], [98.1390115, 13.8912948], [98.1390266, 13.8913406]]]}}, {"type": "Feature", "properties": {"osm_id": 1564131027, "building": "yes"}, "geometry": {"type": "Polygon", "coordinates": [[[98.1391959, 13.8911034], [98.1392043, 13.8910057], [98.1391551, 13.8910017], [98.1391465, 13.8910993], [98.1391959, 13.8911034]]]}}, {"type": "Feature", "properties": {"osm_id": 1564131028, "building": "yes"}, "geometry": {"type": "Polygon", "coordinates": [[[98.1393097, 13.8909963], [98.1393151, 13.8910756], [98.1393625, 13.8910725], [98.1393571, 13.8909932], [98.1393097, 13.8909963]]]}}, {"type": "Feature", "properties": {"osm_id": 1564131029, "building": "yes"}, "geometry": {"type": "Polygon", "coordinates": [[[98.1395507, 13.8912218], [98.1395323, 13.8910728], [98.1394614, 13.8910811], [98.1394797, 13.8912302], [98.1395507, 13.8912218]]]}}, {"type": "Feature", "properties": {"osm_id": 1564131030, "building": "yes"}, "geometry": {"type": "Polygon", "coordinates": [[[98.1394614, 13.890821], [98.1395604, 13.8908017], [98.1395506, 13.8907546], [98.1394517, 13.8907738], [98.1394614, 13.890821]]]}}, {"type": "Feature", "properties": {"osm_id": 1564131031, "building": "yes"}, "geometry": {"type": "Polygon", "coordinates": [[[98.13943, 13.8906729], [98.1395065, 13.8906528], [98.1395228, 13.8907115], [98.1394463, 13.8907315], [98.13943, 13.8906729]]]}}, {"type": "Feature", "properties": {"osm_id": 1564131032, "building": "yes"}, "geometry": {"type": "Polygon", "coordinates": [[[98.1393698, 13.8903925], [98.1393878, 13.8902435], [98.1393169, 13.8902355], [98.1392988, 13.8903846], [98.1393698, 13.8903925]]]}}, {"type": "Feature", "properties": {"osm_id": 1564131033, "building": "yes"}, "geometry": {"type": "Polygon", "coordinates": [[[98.1396222, 13.8928723], [98.1396175, 13.8927744], [98.139568, 13.8927766], [98.1395727, 13.8928745], [98.1396222, 13.8928723]]]}}, {"type": "Feature", "properties": {"osm_id": 1564131034, "building": "yes"}, "geometry": {"type": "Polygon", "coordinates": [[[98.1392143, 13.8922213], [98.1392635, 13.8922394], [98.1392811, 13.8921945], [98.1392318, 13.8921763], [98.1392143, 13.8922213]]]}}, {"type": "Feature", "properties": {"osm_id": 1564131035, "building": "yes"}, "geometry": {"type": "Polygon", "coordinates": [[[98.1395895, 13.8902573], [98.13956, 13.8901636], [98.1395126, 13.8901778], [98.1395422, 13.8902715], [98.1395895, 13.8902573]]]}}, {"type": "Feature", "properties": {"osm_id": 1564131036, "building": "yes"}, "geometry": {"type": "Polygon", "coordinates": [[[98.1396746, 13.8902024], [98.1397213, 13.8901902], [98.1397023, 13.8901561], [98.1396639, 13.8901639], [98.1396746, 13.8902024]]]}}, {"type": "Feature", "properties": {"osm_id": 1564131037, "building": "yes"}, "geometry": {"type": "Polygon", "coordinates": [[[98.1392029, 13.890734], [98.1392062, 13.8908133], [98.1392537, 13.8908114], [98.1392503, 13.8907321], [98.1392029, 13.890734]]]}}, {"type": "Feature", "properties": {"osm_id": 1564131038, "building": "yes"}, "geometry": {"type": "Polygon", "coordinates": [[[98.140132, 13.8908227], [98.1401842, 13.8908113], [98.1401748, 13.8907707], [98.1401226, 13.8907821], [98.140132, 13.8908227]]]}}, {"type": "Feature", "properties": {"osm_id": 1564131669, "building": "yes"}, "geometry": {"type": "Polygon", "coordinates": [[[98.1508724, 13.8818548], [98.1508856, 13.8817287], [98.1508125, 13.8817214], [98.1507991, 13.8818475], [98.1508724, 13.8818548]]]}}, {"type": "Feature", "properties": {"osm_id": 1564131670, "building": "yes"}, "geometry": {"type": "Polygon", "coordinates": [[[98.1504604, 13.8815174], [98.1504737, 13.8813912], [98.1504005, 13.8813839], [98.1503872, 13.88151], [98.1504604, 13.8815174]]]}}, {"type": "Feature", "properties": {"osm_id": 1564131671, "building": "yes"}, "geometry": {"type": "Polygon", "coordinates": [[[98.1504519, 13.8812841], [98.1504651, 13.8811579], [98.1503919, 13.8811506], [98.1503786, 13.8812767], [98.1504519, 13.8812841]]]}}, {"type": "Feature", "properties": {"osm_id": 1564131672, "building": "yes"}, "geometry": {"type": "Polygon", "coordinates": [[[98.1503289, 13.8811082], [98.1501998, 13.8810892], [98.1501887, 13.8811598], [98.1503177, 13.8811789], [98.1503289, 13.8811082]]]}}, {"type": "Feature", "properties": {"osm_id": 1564131673, "building": "yes"}, "geometry": {"type": "Polygon", "coordinates": [[[98.1516335, 13.8809457], [98.1515044, 13.8809267], [98.1514933, 13.8809973], [98.1516224, 13.8810164], [98.1516335, 13.8809457]]]}}, {"type": "Feature", "properties": {"osm_id": 1564131674, "building": "yes"}, "geometry": {"type": "Polygon", "coordinates": [[[98.1512301, 13.8808374], [98.151101, 13.8808183], [98.1510899, 13.8808889], [98.1512189, 13.8809081], [98.1512301, 13.8808374]]]}}, {"type": "Feature", "properties": {"osm_id": 1564131675, "building": "yes"}, "geometry": {"type": "Polygon", "coordinates": [[[98.1509083, 13.8808666], [98.1507791, 13.8808475], [98.150768, 13.8809181], [98.1508971, 13.8809372], [98.1509083, 13.8808666]]]}}, {"type": "Feature", "properties": {"osm_id": 1564131676, "building": "yes"}, "geometry": {"type": "Polygon", "coordinates": [[[98.1510678, 13.8811976], [98.1509392, 13.8811751], [98.1509261, 13.8812454], [98.1510546, 13.8812679], [98.1510678, 13.8811976]]]}}, {"type": "Feature", "properties": {"osm_id": 1564131677, "building": "yes"}, "geometry": {"type": "Polygon", "coordinates": [[[98.1503479, 13.8810341], [98.150278, 13.8810294], [98.1502813, 13.880984], [98.1503511, 13.8809887], [98.1503479, 13.8810341]]]}}, {"type": "Feature", "properties": {"osm_id": 1564131678, "building": "yes"}, "geometry": {"type": "Polygon", "coordinates": [[[98.1504237, 13.8811188], [98.1503538, 13.881114], [98.1503571, 13.8810686], [98.150427, 13.8810734], [98.1504237, 13.8811188]]]}}, {"type": "Feature", "properties": {"osm_id": 1564131679, "building": "yes"}, "geometry": {"type": "Polygon", "coordinates": [[[98.1500277, 13.8810281], [98.1499578, 13.8810234], [98.1499611, 13.880978], [98.150031, 13.8809827], [98.1500277, 13.8810281]]]}}, {"type": "Feature", "properties": {"osm_id": 1564131680, "building": "yes"}, "geometry": {"type": "Polygon", "coordinates": [[[98.1498894, 13.8811333], [98.1498196, 13.8811286], [98.1498229, 13.8810832], [98.1498927, 13.8810879], [98.1498894, 13.8811333]]]}}, {"type": "Feature", "properties": {"osm_id": 1564131681, "building": "yes"}, "geometry": {"type": "Polygon", "coordinates": [[[98.1503803, 13.8807201], [98.150252, 13.8807443], [98.150266, 13.8808144], [98.1503942, 13.8807903], [98.1503803, 13.8807201]]]}}, {"type": "Feature", "properties": {"osm_id": 1564131682, "building": "yes"}, "geometry": {"type": "Polygon", "coordinates": [[[98.1495967, 13.8811803], [98.1497404, 13.8811921], [98.1497452, 13.881137], [98.1496015, 13.8811252], [98.1495967, 13.8811803]]]}}, {"type": "Feature", "properties": {"osm_id": 1564131683, "building": "yes"}, "geometry": {"type": "Polygon", "coordinates": [[[98.150043, 13.8808222], [98.1499126, 13.8808151], [98.1499084, 13.8808864], [98.1500388, 13.8808936], [98.150043, 13.8808222]]]}}, {"type": "Feature", "properties": {"osm_id": 1564131684, "building": "yes"}, "geometry": {"type": "Polygon", "coordinates": [[[98.149632, 13.8809019], [98.1497047, 13.8809068], [98.1497108, 13.8808214], [98.1496382, 13.8808165], [98.149632, 13.8809019]]]}}, {"type": "Feature", "properties": {"osm_id": 1564131685, "building": "yes"}, "geometry": {"type": "Polygon", "coordinates": [[[98.1495133, 13.8810964], [98.1496848, 13.8810939], [98.1496837, 13.8810218], [98.1495122, 13.8810243], [98.1495133, 13.8810964]]]}}, {"type": "Feature", "properties": {"osm_id": 1564131686, "building": "yes"}, "geometry": {"type": "Polygon", "coordinates": [[[98.149569, 13.8809776], [98.1497127, 13.8809893], [98.1497175, 13.8809342], [98.1495738, 13.8809224], [98.149569, 13.8809776]]]}}, {"type": "Feature", "properties": {"osm_id": 1564131687, "building": "yes"}, "geometry": {"type": "Polygon", "coordinates": [[[98.1500274, 13.8811209], [98.1499469, 13.8811215], [98.1499464, 13.8810592], [98.150027, 13.8810586], [98.1500274, 13.8811209]]]}}, {"type": "Feature", "properties": {"osm_id": 1564131688, "building": "yes"}, "geometry": {"type": "Polygon", "coordinates": [[[98.1500426, 13.880796], [98.1499728, 13.8807912], [98.149976, 13.8807459], [98.1500459, 13.8807506], [98.1500426, 13.880796]]]}}, {"type": "Feature", "properties": {"osm_id": 1564132596, "building": "yes"}, "geometry": {"type": "Polygon", "coordinates": [[[98.1494886, 13.8815388], [98.1493585, 13.8815493], [98.1493644, 13.8816205], [98.1494945, 13.8816101], [98.1494886, 13.8815388]]]}}, {"type": "Feature", "properties": {"osm_id": 1564132597, "building": "yes"}, "geometry": {"type": "Polygon", "coordinates": [[[98.1512533, 13.8846761], [98.1512448, 13.8846136], [98.1512331, 13.8845821], [98.1513243, 13.8845845], [98.1513366, 13.8846898], [98.1512533, 13.8846761]]]}}, {"type": "Feature", "properties": {"osm_id": 1564132598, "building": "yes"}, "geometry": {"type": "Polygon", "coordinates": [[[98.1355407, 13.8856318], [98.1355073, 13.8855615], [98.1354033, 13.8856081], [98.1354368, 13.8856784], [98.1355407, 13.8856318]]]}}, {"type": "Feature", "properties": {"osm_id": 1564132599, "building": "yes"}, "geometry": {"type": "Polygon", "coordinates": [[[98.134812, 13.8849252], [98.1349164, 13.8848922], [98.134896, 13.8848316], [98.1347917, 13.8848646], [98.134812, 13.8849252]]]}}, {"type": "Feature", "properties": {"osm_id": 1564132600, "building": "yes"}, "geometry": {"type": "Polygon", "coordinates": [[[98.1357775, 13.8882211], [98.1358497, 13.8881839], [98.1358274, 13.8881431], [98.1357552, 13.8881804], [98.1357775, 13.8882211]]]}}, {"type": "Feature", "properties": {"osm_id": 1564132601, "building": "yes"}, "geometry": {"type": "Polygon", "coordinates": [[[98.1360075, 13.8883339], [98.1360512, 13.8883148], [98.1360266, 13.8882842], [98.1359901, 13.8882982], [98.1360075, 13.8883339]]]}}, {"type": "Feature", "properties": {"osm_id": 1564132602, "building": "yes"}, "geometry": {"type": "Polygon", "coordinates": [[[98.1367319, 13.888852], [98.1367957, 13.8888022], [98.1367659, 13.8887663], [98.1367022, 13.8888161], [98.1367319, 13.888852]]]}}, {"type": "Feature", "properties": {"osm_id": 1564132603, "building": "yes"}, "geometry": {"type": "Polygon", "coordinates": [[[98.1407379, 13.8921435], [98.1408417, 13.8921258], [98.1408106, 13.8919539], [98.1407068, 13.8919715], [98.1407379, 13.8921435]]]}}, {"type": "Feature", "properties": {"osm_id": 1564132604, "building": "yes"}, "geometry": {"type": "Polygon", "coordinates": [[[98.1407537, 13.8924814], [98.1407346, 13.8923852], [98.1406859, 13.8923943], [98.1407051, 13.8924905], [98.1407537, 13.8924814]]]}}, {"type": "Feature", "properties": {"osm_id": 1564132605, "building": "yes"}, "geometry": {"type": "Polygon", "coordinates": [[[98.1407028, 13.892138], [98.1406872, 13.8920412], [98.1406382, 13.8920486], [98.1406539, 13.8921454], [98.1407028, 13.892138]]]}}, {"type": "Feature", "properties": {"osm_id": 1564132606, "building": "yes"}, "geometry": {"type": "Polygon", "coordinates": [[[98.1415338, 13.8923451], [98.1415107, 13.892222], [98.1414439, 13.8922339], [98.141467, 13.8923569], [98.1415338, 13.8923451]]]}}, {"type": "Feature", "properties": {"osm_id": 1564132607, "building": "yes"}, "geometry": {"type": "Polygon", "coordinates": [[[98.1418958, 13.8923007], [98.1418802, 13.8922039], [98.1418312, 13.8922113], [98.1418469, 13.8923081], [98.1418958, 13.8923007]]]}}, {"type": "Feature", "properties": {"osm_id": 1564132608, "building": "yes"}, "geometry": {"type": "Polygon", "coordinates": [[[98.1419092, 13.8919657], [98.1418936, 13.8918689], [98.1418446, 13.8918764], [98.1418603, 13.8919731], [98.1419092, 13.8919657]]]}}, {"type": "Feature", "properties": {"osm_id": 1564132609, "building": "yes"}, "geometry": {"type": "Polygon", "coordinates": [[[98.1422458, 13.8919083], [98.1422302, 13.8918115], [98.1421812, 13.8918189], [98.1421969, 13.8919157], [98.1422458, 13.8919083]]]}}, {"type": "Feature", "properties": {"osm_id": 1564132610, "building": "yes"}, "geometry": {"type": "Polygon", "coordinates": [[[98.1421669, 13.8919418], [98.1421513, 13.891845], [98.1421023, 13.8918524], [98.142118, 13.8919492], [98.1421669, 13.8919418]]]}}, {"type": "Feature", "properties": {"osm_id": 1564132611, "building": "yes"}, "geometry": {"type": "Polygon", "coordinates": [[[98.1413491, 13.8919901], [98.1414013, 13.8919787], [98.1413919, 13.8919381], [98.1413397, 13.8919495], [98.1413491, 13.8919901]]]}}, {"type": "Feature", "properties": {"osm_id": 1564132612, "building": "yes"}, "geometry": {"type": "Polygon", "coordinates": [[[98.141566, 13.8919805], [98.1416182, 13.8919691], [98.1416088, 13.8919285], [98.1415566, 13.8919399], [98.141566, 13.8919805]]]}}, {"type": "Feature", "properties": {"osm_id": 1564132613, "building": "yes"}, "geometry": {"type": "Polygon", "coordinates": [[[98.1416839, 13.8919652], [98.1416666, 13.8918901], [98.1417277, 13.8918769], [98.1417449, 13.891952], [98.1416839, 13.8919652]]]}}, {"type": "Feature", "properties": {"osm_id": 1564132614, "building": "yes"}, "geometry": {"type": "Polygon", "coordinates": [[[98.1423825, 13.8918848], [98.1423669, 13.891788], [98.1423179, 13.8917954], [98.1423336, 13.8918922], [98.1423825, 13.8918848]]]}}, {"type": "Feature", "properties": {"osm_id": 1564132615, "building": "yes"}, "geometry": {"type": "Polygon", "coordinates": [[[98.1420953, 13.8924784], [98.1419949, 13.8924885], [98.142, 13.8925364], [98.1421004, 13.8925263], [98.1420953, 13.8924784]]]}}, {"type": "Feature", "properties": {"osm_id": 1564132616, "building": "yes"}, "geometry": {"type": "Polygon", "coordinates": [[[98.142671, 13.8915417], [98.1425722, 13.8915619], [98.1425825, 13.891609], [98.1426812, 13.8915887], [98.142671, 13.8915417]]]}}, {"type": "Feature", "properties": {"osm_id": 1564132617, "building": "yes"}, "geometry": {"type": "Polygon", "coordinates": [[[98.1424585, 13.8924583], [98.1423297, 13.8924617], [98.1423317, 13.8925276], [98.1424604, 13.8925241], [98.1424585, 13.8924583]]]}}, {"type": "Feature", "properties": {"osm_id": 1564132618, "building": "yes"}, "geometry": {"type": "Polygon", "coordinates": [[[98.1423674, 13.8923381], [98.1422402, 13.8923578], [98.142251, 13.8924229], [98.1423782, 13.8924031], [98.1423674, 13.8923381]]]}}, {"type": "Feature", "properties": {"osm_id": 1564132619, "building": "yes"}, "geometry": {"type": "Polygon", "coordinates": [[[98.1423709, 13.8926342], [98.1422439, 13.892613], [98.1422324, 13.892678], [98.1423594, 13.8926992], [98.1423709, 13.8926342]]]}}, {"type": "Feature", "properties": {"osm_id": 1564132620, "building": "yes"}, "geometry": {"type": "Polygon", "coordinates": [[[98.1420654, 13.8926308], [98.141965, 13.8926408], [98.1419701, 13.8926887], [98.1420705, 13.8926786], [98.1420654, 13.8926308]]]}}, {"type": "Feature", "properties": {"osm_id": 1564132621, "building": "yes"}, "geometry": {"type": "Polygon", "coordinates": [[[98.1420953, 13.8927069], [98.1419949, 13.892717], [98.142, 13.8927649], [98.1421004, 13.8927547], [98.1420953, 13.8927069]]]}}, {"type": "Feature", "properties": {"osm_id": 1564132622, "building": "yes"}, "geometry": {"type": "Polygon", "coordinates": [[[98.1420318, 13.89291], [98.1419314, 13.8929201], [98.1419364, 13.892968], [98.1420368, 13.8929578], [98.1420318, 13.89291]]]}}, {"type": "Feature", "properties": {"osm_id": 1564132623, "building": "yes"}, "geometry": {"type": "Polygon", "coordinates": [[[98.142028, 13.8929971], [98.1419276, 13.8930071], [98.1419327, 13.893055], [98.1420331, 13.8930449], [98.142028, 13.8929971]]]}}, {"type": "Feature", "properties": {"osm_id": 1564132624, "building": "yes"}, "geometry": {"type": "Polygon", "coordinates": [[[98.1424315, 13.893204], [98.142334, 13.8931787], [98.1423212, 13.8932253], [98.1424188, 13.8932504], [98.1424315, 13.893204]]]}}, {"type": "Feature", "properties": {"osm_id": 1564132625, "building": "yes"}, "geometry": {"type": "Polygon", "coordinates": [[[98.1422952, 13.8931282], [98.1423474, 13.8931168], [98.142338, 13.8930762], [98.1422858, 13.8930876], [98.1422952, 13.8931282]]]}}, {"type": "Feature", "properties": {"osm_id": 1564132626, "building": "yes"}, "geometry": {"type": "Polygon", "coordinates": [[[98.1425082, 13.893295], [98.1425604, 13.8932836], [98.142551, 13.893243], [98.1424988, 13.8932544], [98.1425082, 13.893295]]]}}, {"type": "Feature", "properties": {"osm_id": 1564132627, "building": "yes"}, "geometry": {"type": "Polygon", "coordinates": [[[98.1423018, 13.8927633], [98.1423546, 13.8927714], [98.1423613, 13.8927303], [98.1423085, 13.8927222], [98.1423018, 13.8927633]]]}}, {"type": "Feature", "properties": {"osm_id": 1564132628, "building": "yes"}, "geometry": {"type": "Polygon", "coordinates": [[[98.1422451, 13.8929773], [98.1423671, 13.8929968], [98.1423791, 13.8929264], [98.1422571, 13.8929069], [98.1422451, 13.8929773]]]}}, {"type": "Feature", "properties": {"osm_id": 1564132629, "building": "yes"}, "geometry": {"type": "Polygon", "coordinates": [[[98.139999, 13.8933172], [98.1400512, 13.8933058], [98.1400418, 13.8932652], [98.1399896, 13.8932766], [98.139999, 13.8933172]]]}}, {"type": "Feature", "properties": {"osm_id": 1564132630, "building": "yes"}, "geometry": {"type": "Polygon", "coordinates": [[[98.1404151, 13.8935063], [98.1403994, 13.8934095], [98.1403504, 13.893417], [98.1403661, 13.8935137], [98.1404151, 13.8935063]]]}}, {"type": "Feature", "properties": {"osm_id": 1564133266, "building": "yes"}, "geometry": {"type": "Polygon", "coordinates": [[[98.142514, 13.8913255], [98.1425662, 13.8913141], [98.1425568, 13.8912735], [98.1425046, 13.8912849], [98.142514, 13.8913255]]]}}, {"type": "Feature", "properties": {"osm_id": 1564133267, "building": "yes"}, "geometry": {"type": "Polygon", "coordinates": [[[98.1441419, 13.8936758], [98.1440444, 13.8936505], [98.1440316, 13.8936971], [98.1441292, 13.8937222], [98.1441419, 13.8936758]]]}}, {"type": "Feature", "properties": {"osm_id": 1564133268, "building": "yes"}, "geometry": {"type": "Polygon", "coordinates": [[[98.1443371, 13.8935685], [98.1442396, 13.8935432], [98.1442268, 13.8935898], [98.1443244, 13.8936149], [98.1443371, 13.8935685]]]}}, {"type": "Feature", "properties": {"osm_id": 1564133269, "building": "yes"}, "geometry": {"type": "Polygon", "coordinates": [[[98.144277, 13.8921419], [98.1442841, 13.8922668], [98.1443519, 13.8922631], [98.1443448, 13.8921382], [98.144277, 13.8921419]]]}}, {"type": "Feature", "properties": {"osm_id": 1564133270, "building": "yes"}, "geometry": {"type": "Polygon", "coordinates": [[[98.1450281, 13.8922312], [98.1449926, 13.8923514], [98.1450579, 13.8923696], [98.1450934, 13.8922493], [98.1450281, 13.8922312]]]}}, {"type": "Feature", "properties": {"osm_id": 1564133271, "building": "yes"}, "geometry": {"type": "Polygon", "coordinates": [[[98.1449129, 13.8922358], [98.1449293, 13.8921391], [98.1448804, 13.8921313], [98.144864, 13.892228], [98.1449129, 13.8922358]]]}}, {"type": "Feature", "properties": {"osm_id": 1564133272, "building": "yes"}, "geometry": {"type": "Polygon", "coordinates": [[[98.1447665, 13.8922706], [98.1447829, 13.8921739], [98.144734, 13.892166], [98.1447176, 13.8922627], [98.1447665, 13.8922706]]]}}, {"type": "Feature", "properties": {"osm_id": 1564133273, "building": "yes"}, "geometry": {"type": "Polygon", "coordinates": [[[98.1445779, 13.8922214], [98.1446267, 13.8922211], [98.1446446, 13.8920944], [98.1445975, 13.8920952], [98.1445779, 13.8922214]]]}}, {"type": "Feature", "properties": {"osm_id": 1564133274, "building": "yes"}, "geometry": {"type": "Polygon", "coordinates": [[[98.1440394, 13.8946159], [98.1439521, 13.8945668], [98.1439272, 13.8946085], [98.1440146, 13.8946574], [98.1440394, 13.8946159]]]}}, {"type": "Feature", "properties": {"osm_id": 1564461728, "building": "yes"}, "geometry": {"type": "Polygon", "coordinates": [[[98.124555, 13.8731427], [98.1246279, 13.8731005], [98.1245992, 13.8730538], [98.1245263, 13.873096], [98.124555, 13.8731427]]]}}, {"type": "Feature", "properties": {"osm_id": 1564461729, "building": "yes"}, "geometry": {"type": "Polygon", "coordinates": [[[98.1296974, 13.8736408], [98.1298348, 13.8735596], [98.1297955, 13.8734969], [98.129658, 13.873578], [98.1296974, 13.8736408]]]}}, {"type": "Feature", "properties": {"osm_id": 1564461730, "building": "yes"}, "geometry": {"type": "Polygon", "coordinates": [[[98.1296651, 13.8737113], [98.1297313, 13.8737223], [98.1297407, 13.8736691], [98.1296744, 13.8736582], [98.1296651, 13.8737113]]]}}, {"type": "Feature", "properties": {"osm_id": 1564461731, "building": "yes"}, "geometry": {"type": "Polygon", "coordinates": [[[98.126806, 13.8639122], [98.1268097, 13.8638607], [98.1268533, 13.8638637], [98.1268496, 13.8639151], [98.126806, 13.8639122]]]}}, {"type": "Feature", "properties": {"osm_id": 1564461732, "building": "yes"}, "geometry": {"type": "Polygon", "coordinates": [[[98.1268687, 13.8641457], [98.1270098, 13.8641713], [98.1270307, 13.8640625], [98.1268897, 13.8640368], [98.1268687, 13.8641457]]]}}, {"type": "Feature", "properties": {"osm_id": 1564461733, "building": "yes"}, "geometry": {"type": "Polygon", "coordinates": [[[98.1200714, 13.8664837], [98.1201276, 13.8664722], [98.1201159, 13.8664179], [98.1200597, 13.8664293], [98.1200714, 13.8664837]]]}}, {"type": "Feature", "properties": {"osm_id": 1564461734, "building": "yes"}, "geometry": {"type": "Polygon", "coordinates": [[[98.120352, 13.8665389], [98.1203738, 13.8665211], [98.1203474, 13.8664906], [98.1203257, 13.8665083], [98.120352, 13.8665389]]]}}, {"type": "Feature", "properties": {"osm_id": 1564461735, "building": "yes"}, "geometry": {"type": "Polygon", "coordinates": [[[98.1219659, 13.8662509], [98.1220139, 13.8662311], [98.1219844, 13.8661638], [98.1219364, 13.8661836], [98.1219659, 13.8662509]]]}}, {"type": "Feature", "properties": {"osm_id": 1564461736, "building": "yes"}, "geometry": {"type": "Polygon", "coordinates": [[[98.1177147, 13.8681413], [98.1177354, 13.8680873], [98.1176603, 13.8680601], [98.1176396, 13.8681141], [98.1177147, 13.8681413]]]}}, {"type": "Feature", "properties": {"osm_id": 1564461737, "building": "yes"}, "geometry": {"type": "Polygon", "coordinates": [[[98.1176359, 13.8681884], [98.117652, 13.8681553], [98.1176214, 13.8681414], [98.1176054, 13.8681745], [98.1176359, 13.8681884]]]}}, {"type": "Feature", "properties": {"osm_id": 1564549416, "building": "yes"}, "geometry": {"type": "Polygon", "coordinates": [[[98.1271175, 13.8870602], [98.1271377, 13.8870911], [98.127182, 13.8870637], [98.1271617, 13.8870328], [98.1271175, 13.8870602]]]}}, {"type": "Feature", "properties": {"osm_id": 1564549417, "building": "yes"}, "geometry": {"type": "Polygon", "coordinates": [[[98.1198125, 13.8850611], [98.1198186, 13.8850988], [98.1199118, 13.8850845], [98.1199057, 13.8850468], [98.1198125, 13.8850611]]]}}, {"type": "Feature", "properties": {"osm_id": 1564549418, "building": "yes"}, "geometry": {"type": "Polygon", "coordinates": [[[98.1199975, 13.8851698], [98.1199589, 13.8852802], [98.12003, 13.8853036], [98.1200686, 13.8851932], [98.1199975, 13.8851698]]]}}, {"type": "Feature", "properties": {"osm_id": 1564829788, "building": "yes"}, "geometry": {"type": "Polygon", "coordinates": [[[98.1490915, 13.8908953], [98.1490969, 13.8908461], [98.1491843, 13.8908552], [98.1491788, 13.8909044], [98.1490915, 13.8908953]]]}}, {"type": "Feature", "properties": {"osm_id": 1564829789, "building": "yes"}, "geometry": {"type": "Polygon", "coordinates": [[[98.1493396, 13.8912768], [98.1492304, 13.8912436], [98.1492602, 13.8911512], [98.1493694, 13.8911844], [98.1493396, 13.8912768]]]}}, {"type": "Feature", "properties": {"osm_id": 1564829790, "building": "yes"}, "geometry": {"type": "Polygon", "coordinates": [[[98.1494302, 13.8911674], [98.1494412, 13.8911275], [98.1492861, 13.891087], [98.149275, 13.891127], [98.1494302, 13.8911674]]]}}, {"type": "Feature", "properties": {"osm_id": 1564829791, "building": "yes"}, "geometry": {"type": "Polygon", "coordinates": [[[98.1492183, 13.8913303], [98.1493202, 13.8913237], [98.1493174, 13.8912829], [98.1492155, 13.8912894], [98.1492183, 13.8913303]]]}}, {"type": "Feature", "properties": {"osm_id": 1564829792, "building": "yes"}, "geometry": {"type": "Polygon", "coordinates": [[[98.1490131, 13.8910139], [98.1491128, 13.8910353], [98.1491219, 13.8909953], [98.1490222, 13.8909739], [98.1490131, 13.8910139]]]}}, {"type": "Feature", "properties": {"osm_id": 1564829793, "building": "yes"}, "geometry": {"type": "Polygon", "coordinates": [[[98.1489868, 13.8909399], [98.149086, 13.8909638], [98.1490961, 13.890924], [98.148997, 13.8909002], [98.1489868, 13.8909399]]]}}, {"type": "Feature", "properties": {"osm_id": 1564829794, "building": "yes"}, "geometry": {"type": "Polygon", "coordinates": [[[98.1488594, 13.8910979], [98.1490447, 13.8911665], [98.1490682, 13.8911066], [98.148883, 13.8910379], [98.1488594, 13.8910979]]]}}, {"type": "Feature", "properties": {"osm_id": 1564829795, "building": "yes"}, "geometry": {"type": "Polygon", "coordinates": [[[98.1489628, 13.891316], [98.1489849, 13.8912484], [98.1488497, 13.8912067], [98.1488276, 13.8912743], [98.1489628, 13.891316]]]}}, {"type": "Feature", "properties": {"osm_id": 1564829796, "building": "yes"}, "geometry": {"type": "Polygon", "coordinates": [[[98.14857, 13.8921238], [98.148585, 13.8920544], [98.1484462, 13.892026], [98.1484311, 13.8920954], [98.14857, 13.8921238]]]}}, {"type": "Feature", "properties": {"osm_id": 1564829797, "building": "yes"}, "geometry": {"type": "Polygon", "coordinates": [[[98.1485238, 13.8919841], [98.1486257, 13.8919918], [98.148629, 13.891951], [98.1485271, 13.8919433], [98.1485238, 13.8919841]]]}}, {"type": "Feature", "properties": {"osm_id": 1564829798, "building": "yes"}, "geometry": {"type": "Polygon", "coordinates": [[[98.1482086, 13.891627], [98.1481661, 13.8916281], [98.1481701, 13.891784], [98.1482127, 13.8917829], [98.1482086, 13.891627]]]}}, {"type": "Feature", "properties": {"osm_id": 1564829799, "building": "yes"}, "geometry": {"type": "Polygon", "coordinates": [[[98.148427, 13.891784], [98.1484297, 13.8916849], [98.1483875, 13.8916838], [98.1483848, 13.8917829], [98.148427, 13.891784]]]}}, {"type": "Feature", "properties": {"osm_id": 1564829800, "building": "yes"}, "geometry": {"type": "Polygon", "coordinates": [[[98.1481942, 13.8919686], [98.1481212, 13.8919677], [98.1481195, 13.8921055], [98.1481925, 13.8921063], [98.1481942, 13.8919686]]]}}, {"type": "Feature", "properties": {"osm_id": 1564829801, "building": "yes"}, "geometry": {"type": "Polygon", "coordinates": [[[98.1477478, 13.8917612], [98.1477587, 13.8916536], [98.1478484, 13.8916622], [98.1478375, 13.8917697], [98.1477478, 13.8917612]]]}}, {"type": "Feature", "properties": {"osm_id": 1564829802, "building": "yes"}, "geometry": {"type": "Polygon", "coordinates": [[[98.1491551, 13.8914838], [98.1491711, 13.8914392], [98.1492599, 13.8914693], [98.1492439, 13.8915139], [98.1491551, 13.8914838]]]}}, {"type": "Feature", "properties": {"osm_id": 1564829803, "building": "yes"}, "geometry": {"type": "Polygon", "coordinates": [[[98.1492509, 13.8916275], [98.149273, 13.8915599], [98.1491378, 13.8915183], [98.1491157, 13.8915858], [98.1492509, 13.8916275]]]}}, {"type": "Feature", "properties": {"osm_id": 1564829804, "building": "yes"}, "geometry": {"type": "Polygon", "coordinates": [[[98.1490983, 13.8921364], [98.1489848, 13.8921221], [98.1489977, 13.892026], [98.1491112, 13.8920404], [98.1490983, 13.8921364]]]}}, {"type": "Feature", "properties": {"osm_id": 1564829805, "building": "yes"}, "geometry": {"type": "Polygon", "coordinates": [[[98.1488662, 13.8922668], [98.1489763, 13.8922827], [98.1489631, 13.8923692], [98.148853, 13.8923533], [98.1488662, 13.8922668]]]}}, {"type": "Feature", "properties": {"osm_id": 1564829806, "building": "yes"}, "geometry": {"type": "Polygon", "coordinates": [[[98.1488176, 13.8923735], [98.1489158, 13.8923958], [98.1489008, 13.8924578], [98.1488026, 13.8924355], [98.1488176, 13.8923735]]]}}, {"type": "Feature", "properties": {"osm_id": 1564829807, "building": "yes"}, "geometry": {"type": "Polygon", "coordinates": [[[98.1490279, 13.8917905], [98.1491719, 13.8918064], [98.1491815, 13.8917254], [98.1490374, 13.8917094], [98.1490279, 13.8917905]]]}}, {"type": "Feature", "properties": {"osm_id": 1564829808, "building": "yes"}, "geometry": {"type": "Polygon", "coordinates": [[[98.1489376, 13.8919596], [98.148941, 13.8919125], [98.1490348, 13.8919187], [98.1490314, 13.8919658], [98.1489376, 13.8919596]]]}}, {"type": "Feature", "properties": {"osm_id": 1564829809, "building": "yes"}, "geometry": {"type": "Polygon", "coordinates": [[[98.1487381, 13.891751], [98.1487387, 13.8916801], [98.1485968, 13.891679], [98.1485962, 13.8917498], [98.1487381, 13.891751]]]}}, {"type": "Feature", "properties": {"osm_id": 1564829810, "building": "yes"}, "geometry": {"type": "Polygon", "coordinates": [[[98.1487487, 13.8916604], [98.1487538, 13.8915896], [98.1486122, 13.8915802], [98.1486072, 13.8916509], [98.1487487, 13.8916604]]]}}, {"type": "Feature", "properties": {"osm_id": 1564829811, "building": "yes"}, "geometry": {"type": "Polygon", "coordinates": [[[98.1483169, 13.8916975], [98.1483679, 13.8916977], [98.1483675, 13.891783], [98.1483166, 13.8917828], [98.1483169, 13.8916975]]]}}, {"type": "Feature", "properties": {"osm_id": 1564829812, "building": "yes"}, "geometry": {"type": "Polygon", "coordinates": [[[98.148452, 13.8917287], [98.1484574, 13.8916795], [98.1485447, 13.8916886], [98.1485393, 13.8917378], [98.148452, 13.8917287]]]}}, {"type": "Feature", "properties": {"osm_id": 1564829813, "building": "yes"}, "geometry": {"type": "Polygon", "coordinates": [[[98.1476525, 13.8915909], [98.1476099, 13.8915886], [98.1476009, 13.8917443], [98.1476435, 13.8917466], [98.1476525, 13.8915909]]]}}, {"type": "Feature", "properties": {"osm_id": 1564829814, "building": "yes"}, "geometry": {"type": "Polygon", "coordinates": [[[98.1473216, 13.8919079], [98.1473144, 13.8920485], [98.1473984, 13.8920525], [98.1474056, 13.8919119], [98.1473216, 13.8919079]]]}}, {"type": "Feature", "properties": {"osm_id": 1564829815, "building": "yes"}, "geometry": {"type": "Polygon", "coordinates": [[[98.1474842, 13.8919205], [98.1474771, 13.8920611], [98.147561, 13.8920651], [98.1475682, 13.8919246], [98.1474842, 13.8919205]]]}}, {"type": "Feature", "properties": {"osm_id": 1564829816, "building": "yes"}, "geometry": {"type": "Polygon", "coordinates": [[[98.1471554, 13.8923214], [98.1471561, 13.8922505], [98.1470142, 13.8922492], [98.1470135, 13.8923201], [98.1471554, 13.8923214]]]}}, {"type": "Feature", "properties": {"osm_id": 1564829817, "building": "yes"}, "geometry": {"type": "Polygon", "coordinates": [[[98.147067, 13.8919528], [98.1470779, 13.8918452], [98.1471676, 13.8918538], [98.1471567, 13.8919614], [98.147067, 13.8919528]]]}}, {"type": "Feature", "properties": {"osm_id": 1564829818, "building": "yes"}, "geometry": {"type": "Polygon", "coordinates": [[[98.1474449, 13.8915443], [98.1474186, 13.8917321], [98.1474905, 13.8917417], [98.1475169, 13.8915538], [98.1474449, 13.8915443]]]}}, {"type": "Feature", "properties": {"osm_id": 1564829819, "building": "yes"}, "geometry": {"type": "Polygon", "coordinates": [[[98.1472709, 13.8915954], [98.1473218, 13.8915955], [98.1473215, 13.8916808], [98.1472705, 13.8916806], [98.1472709, 13.8915954]]]}}, {"type": "Feature", "properties": {"osm_id": 1564829820, "building": "yes"}, "geometry": {"type": "Polygon", "coordinates": [[[98.1480673, 13.8918004], [98.1481368, 13.8918029], [98.1481409, 13.8916938], [98.1480714, 13.8916913], [98.1480673, 13.8918004]]]}}, {"type": "Feature", "properties": {"osm_id": 1564829821, "building": "yes"}, "geometry": {"type": "Polygon", "coordinates": [[[98.1476927, 13.8921928], [98.1476502, 13.8921905], [98.1476412, 13.8923462], [98.1476837, 13.8923486], [98.1476927, 13.8921928]]]}}, {"type": "Feature", "properties": {"osm_id": 1564829822, "building": "yes"}, "geometry": {"type": "Polygon", "coordinates": [[[98.146756, 13.89224], [98.1467923, 13.8923763], [98.1468736, 13.8923559], [98.1468374, 13.8922196], [98.146756, 13.89224]]]}}, {"type": "Feature", "properties": {"osm_id": 1564829823, "building": "yes"}, "geometry": {"type": "Polygon", "coordinates": [[[98.1482313, 13.892453], [98.1482264, 13.8925204], [98.1483385, 13.8925281], [98.1483434, 13.8924607], [98.1482313, 13.892453]]]}}, {"type": "Feature", "properties": {"osm_id": 1564829824, "building": "yes"}, "geometry": {"type": "Polygon", "coordinates": [[[98.1484004, 13.8924846], [98.1483955, 13.892552], [98.1485077, 13.8925596], [98.1485126, 13.8924923], [98.1484004, 13.8924846]]]}}, {"type": "Feature", "properties": {"osm_id": 1564829825, "building": "yes"}, "geometry": {"type": "Polygon", "coordinates": [[[98.1487723, 13.8925783], [98.1487782, 13.8926456], [98.1488902, 13.8926364], [98.1488844, 13.8925692], [98.1487723, 13.8925783]]]}}, {"type": "Feature", "properties": {"osm_id": 1564829826, "building": "yes"}, "geometry": {"type": "Polygon", "coordinates": [[[98.1488089, 13.8927365], [98.1488002, 13.8926901], [98.1488928, 13.8926739], [98.1489014, 13.8927204], [98.1488089, 13.8927365]]]}}, {"type": "Feature", "properties": {"osm_id": 1564829827, "building": "yes"}, "geometry": {"type": "Polygon", "coordinates": [[[98.1494349, 13.8924078], [98.1494207, 13.8923382], [98.1492815, 13.8923649], [98.1492957, 13.8924345], [98.1494349, 13.8924078]]]}}, {"type": "Feature", "properties": {"osm_id": 1564829957, "building": "yes"}, "geometry": {"type": "Polygon", "coordinates": [[[98.148377, 13.8922705], [98.1483768, 13.8923117], [98.1485374, 13.8923129], [98.1485377, 13.8922715], [98.148377, 13.8922705]]]}}, {"type": "Feature", "properties": {"osm_id": 1564829958, "building": "yes"}, "geometry": {"type": "Polygon", "coordinates": [[[98.148509, 13.8923516], [98.1484069, 13.8923486], [98.1484056, 13.8923895], [98.1485077, 13.8923926], [98.148509, 13.8923516]]]}}, {"type": "Feature", "properties": {"osm_id": 1564829959, "building": "yes"}, "geometry": {"type": "Polygon", "coordinates": [[[98.1470431, 13.892232], [98.1472413, 13.8922387], [98.1472436, 13.8921746], [98.1470454, 13.8921678], [98.1470431, 13.892232]]]}}, {"type": "Feature", "properties": {"osm_id": 1564829960, "building": "yes"}, "geometry": {"type": "Polygon", "coordinates": [[[98.1483656, 13.8926492], [98.1484675, 13.8926569], [98.1484708, 13.8926161], [98.1483689, 13.8926084], [98.1483656, 13.8926492]]]}}, {"type": "Feature", "properties": {"osm_id": 1564830341, "building": "yes"}, "geometry": {"type": "Polygon", "coordinates": [[[98.1466561, 13.8922899], [98.1467071, 13.8922901], [98.1467067, 13.8923754], [98.1466558, 13.8923752], [98.1466561, 13.8922899]]]}}, {"type": "Feature", "properties": {"osm_id": 1564830342, "building": "yes"}, "geometry": {"type": "Polygon", "coordinates": [[[98.1470505, 13.8920601], [98.1471143, 13.892058], [98.1471118, 13.8919846], [98.1470479, 13.8919867], [98.1470505, 13.8920601]]]}}, {"type": "Feature", "properties": {"osm_id": 1564830343, "building": "yes"}, "geometry": {"type": "Polygon", "coordinates": [[[98.1471432, 13.8927067], [98.1471385, 13.8926394], [98.1470263, 13.8926469], [98.147031, 13.8927142], [98.1471432, 13.8927067]]]}}, {"type": "Feature", "properties": {"osm_id": 1564830344, "building": "yes"}, "geometry": {"type": "Polygon", "coordinates": [[[98.1473252, 13.8927004], [98.1473233, 13.8926384], [98.1472476, 13.8926406], [98.1472495, 13.8927026], [98.1473252, 13.8927004]]]}}, {"type": "Feature", "properties": {"osm_id": 1564830345, "building": "yes"}, "geometry": {"type": "Polygon", "coordinates": [[[98.146258, 13.8912816], [98.1462417, 13.8910666], [98.1463067, 13.891062], [98.146323, 13.891277], [98.146258, 13.8912816]]]}}, {"type": "Feature", "properties": {"osm_id": 1564853993, "building": "yes"}, "geometry": {"type": "Polygon", "coordinates": [[[98.1494493, 13.8909847], [98.1494918, 13.8910012], [98.1495342, 13.8909242], [98.1494125, 13.890883], [98.1493927, 13.8909215], [98.149455, 13.8909407], [98.1494493, 13.8909847]]]}}, {"type": "Feature", "properties": {"osm_id": 1564853994, "building": "yes"}, "geometry": {"type": "Polygon", "coordinates": [[[98.1492015, 13.8917886], [98.1492463, 13.8917879], [98.1492455, 13.8917352], [98.1492007, 13.8917359], [98.1492015, 13.8917886]]]}}, {"type": "Feature", "properties": {"osm_id": 1564853995, "building": "yes"}, "geometry": {"type": "Polygon", "coordinates": [[[98.1484, 13.8929252], [98.1485019, 13.8929329], [98.1485052, 13.8928921], [98.1484033, 13.8928844], [98.1484, 13.8929252]]]}}, {"type": "Feature", "properties": {"osm_id": 1564853996, "building": "yes"}, "geometry": {"type": "Polygon", "coordinates": [[[98.1483432, 13.8931367], [98.148537, 13.8931134], [98.1485281, 13.8930434], [98.1483343, 13.8930667], [98.1483432, 13.8931367]]]}}, {"type": "Feature", "properties": {"osm_id": 1564853997, "building": "yes"}, "geometry": {"type": "Polygon", "coordinates": [[[98.1482636, 13.8930756], [98.1483084, 13.8930749], [98.1483075, 13.8930221], [98.1482628, 13.8930228], [98.1482636, 13.8930756]]]}}, {"type": "Feature", "properties": {"osm_id": 1564858104, "building": "yes"}, "geometry": {"type": "Polygon", "coordinates": [[[98.1490166, 13.893009], [98.1490065, 13.8929396], [98.1488317, 13.8929634], [98.1488418, 13.8930328], [98.1490166, 13.893009]]]}}, {"type": "Feature", "properties": {"osm_id": 1564858105, "building": "yes"}, "geometry": {"type": "Polygon", "coordinates": [[[98.1487757, 13.8928492], [98.1488752, 13.8928267], [98.1488657, 13.8927868], [98.1487662, 13.8928093], [98.1487757, 13.8928492]]]}}, {"type": "Feature", "properties": {"osm_id": 1564858106, "building": "yes"}, "geometry": {"type": "Polygon", "coordinates": [[[98.1468604, 13.8917392], [98.1468743, 13.8916978], [98.1468227, 13.8916814], [98.1468088, 13.8917228], [98.1468604, 13.8917392]]]}}, {"type": "Feature", "properties": {"osm_id": 1564858107, "building": "yes"}, "geometry": {"type": "Polygon", "coordinates": [[[98.1468771, 13.8924487], [98.1468635, 13.8924073], [98.1468117, 13.8924231], [98.1468253, 13.8924646], [98.1468771, 13.8924487]]]}}, {"type": "Feature", "properties": {"osm_id": 1564858108, "building": "yes"}, "geometry": {"type": "Polygon", "coordinates": [[[98.1467809, 13.8930381], [98.1467805, 13.8929887], [98.1468684, 13.8929881], [98.1468687, 13.8930376], [98.1467809, 13.8930381]]]}}, {"type": "Feature", "properties": {"osm_id": 1564858109, "building": "yes"}, "geometry": {"type": "Polygon", "coordinates": [[[98.1465705, 13.8926602], [98.1464974, 13.8926621], [98.1465011, 13.8927998], [98.1465742, 13.892798], [98.1465705, 13.8926602]]]}}, {"type": "Feature", "properties": {"osm_id": 1564858110, "building": "yes"}, "geometry": {"type": "Polygon", "coordinates": [[[98.1467147, 13.8930509], [98.1467785, 13.8930488], [98.146776, 13.8929754], [98.1467121, 13.8929775], [98.1467147, 13.8930509]]]}}, {"type": "Feature", "properties": {"osm_id": 1564858111, "building": "yes"}, "geometry": {"type": "Polygon", "coordinates": [[[98.1471806, 13.8931009], [98.1471808, 13.8930343], [98.1470504, 13.8930339], [98.1470502, 13.8931005], [98.1471806, 13.8931009]]]}}, {"type": "Feature", "properties": {"osm_id": 1564858112, "building": "yes"}, "geometry": {"type": "Polygon", "coordinates": [[[98.1467442, 13.8933273], [98.1467584, 13.8932798], [98.1468428, 13.8933036], [98.1468285, 13.8933511], [98.1467442, 13.8933273]]]}}, {"type": "Feature", "properties": {"osm_id": 1564858113, "building": "yes"}, "geometry": {"type": "Polygon", "coordinates": [[[98.1467102, 13.8934154], [98.1468511, 13.8934487], [98.146871, 13.8933695], [98.1467302, 13.8933361], [98.1467102, 13.8934154]]]}}, {"type": "Feature", "properties": {"osm_id": 1564858114, "building": "yes"}, "geometry": {"type": "Polygon", "coordinates": [[[98.1467763, 13.8936275], [98.146787, 13.8935791], [98.1468729, 13.8935971], [98.1468622, 13.8936454], [98.1467763, 13.8936275]]]}}, {"type": "Feature", "properties": {"osm_id": 1564858115, "building": "yes"}, "geometry": {"type": "Polygon", "coordinates": [[[98.1471445, 13.8933102], [98.1471386, 13.8932439], [98.1470086, 13.8932548], [98.1470145, 13.8933211], [98.1471445, 13.8933102]]]}}, {"type": "Feature", "properties": {"osm_id": 1564858116, "building": "yes"}, "geometry": {"type": "Polygon", "coordinates": [[[98.1471141, 13.8937736], [98.1472027, 13.893733], [98.1471613, 13.8936477], [98.1470727, 13.8936883], [98.1471141, 13.8937736]]]}}, {"type": "Feature", "properties": {"osm_id": 1564858117, "building": "yes"}, "geometry": {"type": "Polygon", "coordinates": [[[98.1472382, 13.893815], [98.1472085, 13.8937601], [98.1471415, 13.8937944], [98.1471712, 13.8938493], [98.1472382, 13.893815]]]}}, {"type": "Feature", "properties": {"osm_id": 1564858118, "building": "yes"}, "geometry": {"type": "Polygon", "coordinates": [[[98.1484255, 13.8933128], [98.1485274, 13.8933205], [98.1485307, 13.8932797], [98.1484288, 13.893272], [98.1484255, 13.8933128]]]}}, {"type": "Feature", "properties": {"osm_id": 1564858119, "building": "yes"}, "geometry": {"type": "Polygon", "coordinates": [[[98.1488721, 13.8932708], [98.1489666, 13.893233], [98.1489505, 13.8931952], [98.148856, 13.893233], [98.1488721, 13.8932708]]]}}, {"type": "Feature", "properties": {"osm_id": 1564858120, "building": "yes"}, "geometry": {"type": "Polygon", "coordinates": [[[98.1483542, 13.8933257], [98.148399, 13.893325], [98.1483981, 13.8932722], [98.1483534, 13.8932729], [98.1483542, 13.8933257]]]}}, {"type": "Feature", "properties": {"osm_id": 1564858121, "building": "yes"}, "geometry": {"type": "Polygon", "coordinates": [[[98.1489116, 13.8933576], [98.1490111, 13.8933351], [98.1490016, 13.8932953], [98.1489021, 13.8933178], [98.1489116, 13.8933576]]]}}, {"type": "Feature", "properties": {"osm_id": 1564858122, "building": "yes"}, "geometry": {"type": "Polygon", "coordinates": [[[98.1489079, 13.8933916], [98.1489243, 13.8934572], [98.1490336, 13.8934316], [98.1490173, 13.8933661], [98.1489079, 13.8933916]]]}}, {"type": "Feature", "properties": {"osm_id": 1564858123, "building": "yes"}, "geometry": {"type": "Polygon", "coordinates": [[[98.148325, 13.8937137], [98.1483941, 13.8936907], [98.148348, 13.8935604], [98.148279, 13.8935834], [98.148325, 13.8937137]]]}}, {"type": "Feature", "properties": {"osm_id": 1564858124, "building": "yes"}, "geometry": {"type": "Polygon", "coordinates": [[[98.1490558, 13.8934032], [98.1490998, 13.893395], [98.1490895, 13.8933431], [98.1490456, 13.8933514], [98.1490558, 13.8934032]]]}}, {"type": "Feature", "properties": {"osm_id": 1564858125, "building": "yes"}, "geometry": {"type": "Polygon", "coordinates": [[[98.1488863, 13.8935336], [98.1490606, 13.893491], [98.1490499, 13.8934494], [98.1488755, 13.893492], [98.1488863, 13.8935336]]]}}, {"type": "Feature", "properties": {"osm_id": 1564858126, "building": "yes"}, "geometry": {"type": "Polygon", "coordinates": [[[98.148782, 13.8935289], [98.1488243, 13.8935147], [98.1488065, 13.8934648], [98.1487643, 13.893479], [98.148782, 13.8935289]]]}}, {"type": "Feature", "properties": {"osm_id": 1564858127, "building": "yes"}, "geometry": {"type": "Polygon", "coordinates": [[[98.1474382, 13.8940429], [98.1473806, 13.8940808], [98.1474437, 13.8941711], [98.1475012, 13.8941333], [98.1474382, 13.8940429]]]}}, {"type": "Feature", "properties": {"osm_id": 1564858128, "building": "yes"}, "geometry": {"type": "Polygon", "coordinates": [[[98.147618, 13.8940885], [98.1475889, 13.8940307], [98.1475408, 13.8940526], [98.1474608, 13.8939036], [98.1475627, 13.8938459], [98.1476788, 13.8940576], [98.147618, 13.8940885]]]}}, {"type": "Feature", "properties": {"osm_id": 1564858129, "building": "yes"}, "geometry": {"type": "Polygon", "coordinates": [[[98.1484875, 13.8936358], [98.1484727, 13.8935628], [98.1485627, 13.8935456], [98.1485775, 13.8936187], [98.1484875, 13.8936358]]]}}, {"type": "Feature", "properties": {"osm_id": 1564858130, "building": "yes"}, "geometry": {"type": "Polygon", "coordinates": [[[98.1484526, 13.8934452], [98.1484623, 13.8935121], [98.1485736, 13.8934968], [98.1485639, 13.89343], [98.1484526, 13.8934452]]]}}, {"type": "Feature", "properties": {"osm_id": 1564858131, "building": "yes"}, "geometry": {"type": "Polygon", "coordinates": [[[98.1481604, 13.8937643], [98.1482295, 13.8937413], [98.1481834, 13.893611], [98.1481144, 13.893634], [98.1481604, 13.8937643]]]}}, {"type": "Feature", "properties": {"osm_id": 1564858132, "building": "yes"}, "geometry": {"type": "Polygon", "coordinates": [[[98.1479038, 13.8937793], [98.1478378, 13.8938007], [98.1478736, 13.8939042], [98.1479395, 13.8938828], [98.1479038, 13.8937793]]]}}, {"type": "Feature", "properties": {"osm_id": 1564858133, "building": "yes"}, "geometry": {"type": "Polygon", "coordinates": [[[98.1478101, 13.8939691], [98.1478764, 13.8939395], [98.147817, 13.8938144], [98.1477507, 13.8938441], [98.1478101, 13.8939691]]]}}, {"type": "Feature", "properties": {"osm_id": 1564858134, "building": "yes"}, "geometry": {"type": "Polygon", "coordinates": [[[98.1472601, 13.8942485], [98.1473054, 13.8942258], [98.1473457, 13.8943016], [98.1473005, 13.8943243], [98.1472601, 13.8942485]]]}}, {"type": "Feature", "properties": {"osm_id": 1564858135, "building": "yes"}, "geometry": {"type": "Polygon", "coordinates": [[[98.1471813, 13.8943982], [98.147244, 13.8943618], [98.1471712, 13.8942436], [98.1471086, 13.89428], [98.1471813, 13.8943982]]]}}, {"type": "Feature", "properties": {"osm_id": 1564858136, "building": "yes"}, "geometry": {"type": "Polygon", "coordinates": [[[98.1469152, 13.8947707], [98.1469232, 13.8947045], [98.1467937, 13.8946896], [98.1467856, 13.8947558], [98.1469152, 13.8947707]]]}}, {"type": "Feature", "properties": {"osm_id": 1564858137, "building": "yes"}, "geometry": {"type": "Polygon", "coordinates": [[[98.1469656, 13.8946475], [98.1469743, 13.8945771], [98.1468334, 13.8945607], [98.1468247, 13.8946311], [98.1469656, 13.8946475]]]}}, {"type": "Feature", "properties": {"osm_id": 1564858138, "building": "yes"}, "geometry": {"type": "Polygon", "coordinates": [[[98.1470341, 13.8944843], [98.1470511, 13.8944441], [98.1470009, 13.894424], [98.1469839, 13.8944643], [98.1470341, 13.8944843]]]}}, {"type": "Feature", "properties": {"osm_id": 1564858139, "building": "yes"}, "geometry": {"type": "Polygon", "coordinates": [[[98.1469911, 13.8945448], [98.146995, 13.8945015], [98.1469409, 13.8944968], [98.146937, 13.8945401], [98.1469911, 13.8945448]]]}}, {"type": "Feature", "properties": {"osm_id": 1564858140, "building": "yes"}, "geometry": {"type": "Polygon", "coordinates": [[[98.1467457, 13.895007], [98.1467797, 13.8949786], [98.1467442, 13.8949386], [98.1467103, 13.8949671], [98.1467457, 13.895007]]]}}, {"type": "Feature", "properties": {"osm_id": 1564858141, "building": "yes"}, "geometry": {"type": "Polygon", "coordinates": [[[98.1470885, 13.8946255], [98.1471045, 13.8945849], [98.1470538, 13.8945661], [98.1470378, 13.8946067], [98.1470885, 13.8946255]]]}}, {"type": "Feature", "properties": {"osm_id": 1564858142, "building": "yes"}, "geometry": {"type": "Polygon", "coordinates": [[[98.1462544, 13.8952173], [98.1463228, 13.8952124], [98.1463132, 13.8950861], [98.1462448, 13.895091], [98.1462544, 13.8952173]]]}}, {"type": "Feature", "properties": {"osm_id": 1564858143, "building": "yes"}, "geometry": {"type": "Polygon", "coordinates": [[[98.1460226, 13.8953159], [98.1460891, 13.8952996], [98.1460572, 13.8951768], [98.1459907, 13.8951931], [98.1460226, 13.8953159]]]}}, {"type": "Feature", "properties": {"osm_id": 1564858144, "building": "yes"}, "geometry": {"type": "Polygon", "coordinates": [[[98.145448, 13.8955094], [98.1455134, 13.8954892], [98.1454739, 13.8953685], [98.1454085, 13.8953887], [98.145448, 13.8955094]]]}}, {"type": "Feature", "properties": {"osm_id": 1564858145, "building": "yes"}, "geometry": {"type": "Polygon", "coordinates": [[[98.145828, 13.8953839], [98.1458944, 13.8953671], [98.1458615, 13.8952446], [98.1457951, 13.8952614], [98.145828, 13.8953839]]]}}, {"type": "Feature", "properties": {"osm_id": 1564858146, "building": "yes"}, "geometry": {"type": "Polygon", "coordinates": [[[98.1451329, 13.8953913], [98.1452015, 13.8953891], [98.1451971, 13.8952625], [98.1451285, 13.8952647], [98.1451329, 13.8953913]]]}}, {"type": "Feature", "properties": {"osm_id": 1564858147, "building": "yes"}, "geometry": {"type": "Polygon", "coordinates": [[[98.1452622, 13.8954946], [98.1453124, 13.8954857], [98.145328, 13.8955697], [98.1452779, 13.8955785], [98.1452622, 13.8954946]]]}}, {"type": "Feature", "properties": {"osm_id": 1564858148, "building": "yes"}, "geometry": {"type": "Polygon", "coordinates": [[[98.145159, 13.8956154], [98.1452275, 13.8956132], [98.1452231, 13.8954866], [98.1451545, 13.8954889], [98.145159, 13.8956154]]]}}, {"type": "Feature", "properties": {"osm_id": 1564858149, "building": "yes"}, "geometry": {"type": "Polygon", "coordinates": [[[98.1456753, 13.8953367], [98.1457254, 13.8953279], [98.1457411, 13.8954118], [98.145691, 13.8954206], [98.1456753, 13.8953367]]]}}, {"type": "Feature", "properties": {"osm_id": 1564858150, "building": "yes"}, "geometry": {"type": "Polygon", "coordinates": [[[98.1449934, 13.8957961], [98.1450206, 13.895735], [98.1449008, 13.8956848], [98.1448736, 13.8957459], [98.1449934, 13.8957961]]]}}, {"type": "Feature", "properties": {"osm_id": 1564858151, "building": "yes"}, "geometry": {"type": "Polygon", "coordinates": [[[98.1448839, 13.8959972], [98.1448975, 13.8959319], [98.1447696, 13.8959068], [98.144756, 13.8959721], [98.1448839, 13.8959972]]]}}, {"type": "Feature", "properties": {"osm_id": 1564858152, "building": "yes"}, "geometry": {"type": "Polygon", "coordinates": [[[98.1428275, 13.8978938], [98.1427834, 13.8978859], [98.1427736, 13.8979377], [98.1428176, 13.8979456], [98.1428275, 13.8978938]]]}}, {"type": "Feature", "properties": {"osm_id": 1564858153, "building": "yes"}, "geometry": {"type": "Polygon", "coordinates": [[[98.1434812, 13.8967035], [98.1434372, 13.8966957], [98.1434273, 13.8967475], [98.1434714, 13.8967554], [98.1434812, 13.8967035]]]}}, {"type": "Feature", "properties": {"osm_id": 1564858154, "building": "yes"}, "geometry": {"type": "Polygon", "coordinates": [[[98.144554, 13.8965618], [98.1445596, 13.8964954], [98.1444296, 13.8964851], [98.144424, 13.8965515], [98.144554, 13.8965618]]]}}, {"type": "Feature", "properties": {"osm_id": 1564858155, "building": "yes"}, "geometry": {"type": "Polygon", "coordinates": [[[98.1445758, 13.8965278], [98.144578, 13.8964659], [98.144655, 13.8964686], [98.1446527, 13.8965304], [98.1445758, 13.8965278]]]}}, {"type": "Feature", "properties": {"osm_id": 1564858156, "building": "yes"}, "geometry": {"type": "Polygon", "coordinates": [[[98.1436716, 13.896812], [98.1436738, 13.8967501], [98.1437508, 13.8967528], [98.1437486, 13.8968146], [98.1436716, 13.896812]]]}}, {"type": "Feature", "properties": {"osm_id": 1564858157, "building": "yes"}, "geometry": {"type": "Polygon", "coordinates": [[[98.1445876, 13.8962597], [98.1446017, 13.8961945], [98.144474, 13.8961684], [98.1444599, 13.8962336], [98.1445876, 13.8962597]]]}}, {"type": "Feature", "properties": {"osm_id": 1564858158, "building": "yes"}, "geometry": {"type": "Polygon", "coordinates": [[[98.1446201, 13.896446], [98.1446342, 13.8963808], [98.1445066, 13.8963547], [98.1444924, 13.8964199], [98.1446201, 13.896446]]]}}, {"type": "Feature", "properties": {"osm_id": 1564858159, "building": "yes"}, "geometry": {"type": "Polygon", "coordinates": [[[98.1442955, 13.8962492], [98.1443017, 13.8962001], [98.1443889, 13.8962105], [98.1443827, 13.8962595], [98.1442955, 13.8962492]]]}}, {"type": "Feature", "properties": {"osm_id": 1564858160, "building": "yes"}, "geometry": {"type": "Polygon", "coordinates": [[[98.143671, 13.8969311], [98.1436202, 13.8969269], [98.1436278, 13.8968419], [98.1436785, 13.8968462], [98.143671, 13.8969311]]]}}, {"type": "Feature", "properties": {"osm_id": 1564858161, "building": "yes"}, "geometry": {"type": "Polygon", "coordinates": [[[98.1445196, 13.8966922], [98.1445377, 13.896628], [98.1444119, 13.8965946], [98.1443938, 13.8966589], [98.1445196, 13.8966922]]]}}, {"type": "Feature", "properties": {"osm_id": 1564858162, "building": "yes"}, "geometry": {"type": "Polygon", "coordinates": [[[98.1443988, 13.8968], [98.1444069, 13.8967511], [98.1444937, 13.8967647], [98.1444856, 13.8968135], [98.1443988, 13.8968]]]}}, {"type": "Feature", "properties": {"osm_id": 1564858163, "building": "yes"}, "geometry": {"type": "Polygon", "coordinates": [[[98.1442909, 13.8968672], [98.1443054, 13.8968069], [98.1443804, 13.8968239], [98.1443659, 13.8968841], [98.1442909, 13.8968672]]]}}, {"type": "Feature", "properties": {"osm_id": 1564858164, "building": "yes"}, "geometry": {"type": "Polygon", "coordinates": [[[98.1442548, 13.8969396], [98.1442656, 13.8968912], [98.1443515, 13.8969092], [98.1443408, 13.8969575], [98.1442548, 13.8969396]]]}}, {"type": "Feature", "properties": {"osm_id": 1564858165, "building": "yes"}, "geometry": {"type": "Polygon", "coordinates": [[[98.1437378, 13.8975732], [98.1437446, 13.8974806], [98.1439563, 13.8974953], [98.1439495, 13.8975879], [98.1437378, 13.8975732]]]}}, {"type": "Feature", "properties": {"osm_id": 1564858166, "building": "yes"}, "geometry": {"type": "Polygon", "coordinates": [[[98.1437285, 13.897222], [98.1439586, 13.8972539], [98.1439761, 13.8971349], [98.1437461, 13.897103], [98.1437285, 13.897222]]]}}, {"type": "Feature", "properties": {"osm_id": 1564858167, "building": "yes"}, "geometry": {"type": "Polygon", "coordinates": [[[98.1433784, 13.8972405], [98.1433276, 13.8972363], [98.1433351, 13.8971513], [98.1433858, 13.8971556], [98.1433784, 13.8972405]]]}}, {"type": "Feature", "properties": {"osm_id": 1564858168, "building": "yes"}, "geometry": {"type": "Polygon", "coordinates": [[[98.1432938, 13.8970101], [98.143243, 13.8970058], [98.1432506, 13.8969209], [98.1433013, 13.8969251], [98.1432938, 13.8970101]]]}}, {"type": "Feature", "properties": {"osm_id": 1564858169, "building": "yes"}, "geometry": {"type": "Polygon", "coordinates": [[[98.1432838, 13.8971333], [98.143233, 13.8971288], [98.143241, 13.8970439], [98.1432917, 13.8970483], [98.1432838, 13.8971333]]]}}, {"type": "Feature", "properties": {"osm_id": 1564858170, "building": "yes"}, "geometry": {"type": "Polygon", "coordinates": [[[98.1431783, 13.8973882], [98.1431969, 13.8973005], [98.1433357, 13.8973282], [98.1433171, 13.897416], [98.1431783, 13.8973882]]]}}, {"type": "Feature", "properties": {"osm_id": 1564858171, "building": "yes"}, "geometry": {"type": "Polygon", "coordinates": [[[98.1432206, 13.8972625], [98.1432269, 13.8971908], [98.1433046, 13.8971973], [98.1432983, 13.897269], [98.1432206, 13.8972625]]]}}, {"type": "Feature", "properties": {"osm_id": 1564858172, "building": "yes"}, "geometry": {"type": "Polygon", "coordinates": [[[98.1434748, 13.8975045], [98.143469, 13.8975537], [98.1433817, 13.897544], [98.1433875, 13.8974949], [98.1434748, 13.8975045]]]}}, {"type": "Feature", "properties": {"osm_id": 1564858173, "building": "yes"}, "geometry": {"type": "Polygon", "coordinates": [[[98.1435766, 13.8969602], [98.1435759, 13.8970097], [98.1434881, 13.8970085], [98.1434887, 13.8969591], [98.1435766, 13.8969602]]]}}, {"type": "Feature", "properties": {"osm_id": 1564858174, "building": "yes"}, "geometry": {"type": "Polygon", "coordinates": [[[98.1435268, 13.8971582], [98.1434827, 13.8971503], [98.1434728, 13.8972021], [98.1435169, 13.89721], [98.1435268, 13.8971582]]]}}, {"type": "Feature", "properties": {"osm_id": 1564858175, "building": "yes"}, "geometry": {"type": "Polygon", "coordinates": [[[98.1434143, 13.8974593], [98.1434228, 13.8973669], [98.1435846, 13.8973808], [98.1435761, 13.8974732], [98.1434143, 13.8974593]]]}}, {"type": "Feature", "properties": {"osm_id": 1564858176, "building": "yes"}, "geometry": {"type": "Polygon", "coordinates": [[[98.143964, 13.8974604], [98.1439718, 13.8973943], [98.1438422, 13.8973797], [98.1438344, 13.8974459], [98.143964, 13.8974604]]]}}, {"type": "Feature", "properties": {"osm_id": 1564858177, "building": "yes"}, "geometry": {"type": "Polygon", "coordinates": [[[98.1440106, 13.8975873], [98.1440967, 13.8975891], [98.1440997, 13.89746], [98.1440135, 13.8974581], [98.1440106, 13.8975873]]]}}, {"type": "Feature", "properties": {"osm_id": 1564858178, "building": "yes"}, "geometry": {"type": "Polygon", "coordinates": [[[98.1436387, 13.8979784], [98.1436603, 13.8979152], [98.1435365, 13.8978753], [98.1435149, 13.8979385], [98.1436387, 13.8979784]]]}}, {"type": "Feature", "properties": {"osm_id": 1564858179, "building": "yes"}, "geometry": {"type": "Polygon", "coordinates": [[[98.1434495, 13.8984228], [98.1433074, 13.8984058], [98.1433159, 13.8983388], [98.143458, 13.8983558], [98.1434495, 13.8984228]]]}}, {"type": "Feature", "properties": {"osm_id": 1564858180, "building": "yes"}, "geometry": {"type": "Polygon", "coordinates": [[[98.1434454, 13.8983239], [98.143481, 13.8982221], [98.1435485, 13.8982443], [98.1435129, 13.8983461], [98.1434454, 13.8983239]]]}}, {"type": "Feature", "properties": {"osm_id": 1564858181, "building": "yes"}, "geometry": {"type": "Polygon", "coordinates": [[[98.143187, 13.8986353], [98.1431892, 13.8985733], [98.1432662, 13.898576], [98.143264, 13.8986379], [98.143187, 13.8986353]]]}}, {"type": "Feature", "properties": {"osm_id": 1564858182, "building": "yes"}, "geometry": {"type": "Polygon", "coordinates": [[[98.1426443, 13.8987707], [98.1427097, 13.8987507], [98.1426706, 13.8986299], [98.1426051, 13.8986499], [98.1426443, 13.8987707]]]}}, {"type": "Feature", "properties": {"osm_id": 1564858183, "building": "yes"}, "geometry": {"type": "Polygon", "coordinates": [[[98.1429258, 13.8986897], [98.1429727, 13.8986703], [98.143007, 13.8987488], [98.1429602, 13.8987682], [98.1429258, 13.8986897]]]}}, {"type": "Feature", "properties": {"osm_id": 1564861608, "building": "yes"}, "geometry": {"type": "Polygon", "coordinates": [[[98.1441053, 13.8987429], [98.1440811, 13.898606], [98.1441497, 13.8985946], [98.1441739, 13.8987315], [98.1441053, 13.8987429]]]}}, {"type": "Feature", "properties": {"osm_id": 1564861609, "building": "yes"}, "geometry": {"type": "Polygon", "coordinates": [[[98.1437183, 13.8987643], [98.1435755, 13.8987541], [98.1435806, 13.8986868], [98.1437233, 13.898697], [98.1437183, 13.8987643]]]}}, {"type": "Feature", "properties": {"osm_id": 1564861610, "building": "yes"}, "geometry": {"type": "Polygon", "coordinates": [[[98.1438745, 13.8983153], [98.1438797, 13.8982489], [98.1437496, 13.8982392], [98.1437443, 13.8983056], [98.1438745, 13.8983153]]]}}, {"type": "Feature", "properties": {"osm_id": 1564861611, "building": "yes"}, "geometry": {"type": "Polygon", "coordinates": [[[98.1439816, 13.8987284], [98.1439756, 13.8986667], [98.1440523, 13.8986597], [98.1440582, 13.8987213], [98.1439816, 13.8987284]]]}}, {"type": "Feature", "properties": {"osm_id": 1564861612, "building": "yes"}, "geometry": {"type": "Polygon", "coordinates": [[[98.14351, 13.8988546], [98.143504, 13.898793], [98.1435807, 13.898786], [98.1435867, 13.8988475], [98.14351, 13.8988546]]]}}, {"type": "Feature", "properties": {"osm_id": 1564861613, "building": "yes"}, "geometry": {"type": "Polygon", "coordinates": [[[98.1437846, 13.8985976], [98.1438027, 13.8985334], [98.1436769, 13.8985], [98.1436588, 13.8985643], [98.1437417, 13.8985862], [98.1437846, 13.8985976]]]}}, {"type": "Feature", "properties": {"osm_id": 1564861614, "building": "yes"}, "geometry": {"type": "Polygon", "coordinates": [[[98.1437949, 13.8984891], [98.1438077, 13.8984237], [98.1436795, 13.8984001], [98.1436668, 13.8984656], [98.1437949, 13.8984891]]]}}, {"type": "Feature", "properties": {"osm_id": 1564861615, "building": "yes"}, "geometry": {"type": "Polygon", "coordinates": [[[98.1437377, 13.8983999], [98.1437485, 13.8983515], [98.1438344, 13.8983695], [98.1438237, 13.8984178], [98.1437377, 13.8983999]]]}}, {"type": "Feature", "properties": {"osm_id": 1564861616, "building": "yes"}, "geometry": {"type": "Polygon", "coordinates": [[[98.1448013, 13.8977618], [98.1448509, 13.8977501], [98.1448717, 13.897833], [98.1448222, 13.8978447], [98.1448013, 13.8977618]]]}}, {"type": "Feature", "properties": {"osm_id": 1564861617, "building": "yes"}, "geometry": {"type": "Polygon", "coordinates": [[[98.1435779, 13.8986182], [98.1437361, 13.8986295], [98.1437392, 13.8985884], [98.1435979, 13.8985784], [98.1435779, 13.8986182]]]}}, {"type": "Feature", "properties": {"osm_id": 1564861618, "building": "yes"}, "geometry": {"type": "Polygon", "coordinates": [[[98.1436965, 13.8986407], [98.1436907, 13.8986899], [98.1436034, 13.8986802], [98.1436092, 13.8986311], [98.1436965, 13.8986407]]]}}, {"type": "Feature", "properties": {"osm_id": 1564861619, "building": "yes"}, "geometry": {"type": "Polygon", "coordinates": [[[98.1441742, 13.8985994], [98.1442391, 13.8985846], [98.1442593, 13.8986684], [98.1441944, 13.8986831], [98.1441742, 13.8985994]]]}}, {"type": "Feature", "properties": {"osm_id": 1564861620, "building": "yes"}, "geometry": {"type": "Polygon", "coordinates": [[[98.1444501, 13.8977768], [98.1444404, 13.8977279], [98.1445541, 13.8977067], [98.1445638, 13.8977556], [98.1444501, 13.8977768]]]}}, {"type": "Feature", "properties": {"osm_id": 1564861621, "building": "yes"}, "geometry": {"type": "Polygon", "coordinates": [[[98.1451158, 13.8978932], [98.1450649, 13.8978964], [98.1450592, 13.8978113], [98.14511, 13.8978081], [98.1451158, 13.8978932]]]}}, {"type": "Feature", "properties": {"osm_id": 1564861622, "building": "yes"}, "geometry": {"type": "Polygon", "coordinates": [[[98.1449934, 13.8977882], [98.1449248, 13.8977898], [98.1449279, 13.8979163], [98.1449965, 13.8979147], [98.1449934, 13.8977882]]]}}, {"type": "Feature", "properties": {"osm_id": 1564861623, "building": "yes"}, "geometry": {"type": "Polygon", "coordinates": [[[98.1448643, 13.8980624], [98.1449128, 13.8980472], [98.1449399, 13.8981283], [98.1448915, 13.8981436], [98.1448643, 13.8980624]]]}}, {"type": "Feature", "properties": {"osm_id": 1564861624, "building": "yes"}, "geometry": {"type": "Polygon", "coordinates": [[[98.1447443, 13.8977839], [98.1447674, 13.897905], [98.144798, 13.8978995], [98.1447731, 13.897769], [98.1447443, 13.8977839]]]}}, {"type": "Feature", "properties": {"osm_id": 1564861625, "building": "yes"}, "geometry": {"type": "Polygon", "coordinates": [[[98.1447667, 13.8979266], [98.1448152, 13.8979114], [98.1448423, 13.8979925], [98.1447939, 13.8980078], [98.1447667, 13.8979266]]]}}, {"type": "Feature", "properties": {"osm_id": 1564861626, "building": "yes"}, "geometry": {"type": "Polygon", "coordinates": [[[98.1445255, 13.8985297], [98.1444446, 13.898406], [98.1445112, 13.898365], [98.1445921, 13.8984887], [98.1445255, 13.8985297]]]}}, {"type": "Feature", "properties": {"osm_id": 1564861627, "building": "yes"}, "geometry": {"type": "Polygon", "coordinates": [[[98.1447337, 13.8983108], [98.1446868, 13.8982177], [98.1447589, 13.8981835], [98.1448058, 13.8982766], [98.1447337, 13.8983108]]]}}, {"type": "Feature", "properties": {"osm_id": 1564861628, "building": "yes"}, "geometry": {"type": "Polygon", "coordinates": [[[98.1447764, 13.8981428], [98.144823, 13.8981226], [98.1448589, 13.8982005], [98.1448125, 13.8982207], [98.1447764, 13.8981428]]]}}, {"type": "Feature", "properties": {"osm_id": 1564861629, "building": "yes"}, "geometry": {"type": "Polygon", "coordinates": [[[98.1449891, 13.89807], [98.1450912, 13.8980187], [98.1450514, 13.8979442], [98.1449494, 13.8979955], [98.1449891, 13.89807]]]}}, {"type": "Feature", "properties": {"osm_id": 1564861630, "building": "yes"}, "geometry": {"type": "Polygon", "coordinates": [[[98.1448528, 13.8972086], [98.1448709, 13.8971444], [98.1447451, 13.897111], [98.144727, 13.8971753], [98.1448528, 13.8972086]]]}}, {"type": "Feature", "properties": {"osm_id": 1564861631, "building": "yes"}, "geometry": {"type": "Polygon", "coordinates": [[[98.1447071, 13.8973319], [98.1447252, 13.8972677], [98.1445994, 13.8972343], [98.1445813, 13.8972986], [98.1447071, 13.8973319]]]}}, {"type": "Feature", "properties": {"osm_id": 1564861632, "building": "yes"}, "geometry": {"type": "Polygon", "coordinates": [[[98.1446884, 13.8974335], [98.1447065, 13.8973693], [98.1445807, 13.8973359], [98.1445626, 13.8974002], [98.1446884, 13.8974335]]]}}, {"type": "Feature", "properties": {"osm_id": 1564861633, "building": "yes"}, "geometry": {"type": "Polygon", "coordinates": [[[98.1446249, 13.8975858], [98.144643, 13.8975216], [98.1445172, 13.8974882], [98.1444991, 13.8975525], [98.1446249, 13.8975858]]]}}, {"type": "Feature", "properties": {"osm_id": 1564861634, "building": "yes"}, "geometry": {"type": "Polygon", "coordinates": [[[98.144849, 13.8973131], [98.1447806, 13.8973083], [98.1447712, 13.8974345], [98.1448397, 13.8974393], [98.144849, 13.8973131]]]}}, {"type": "Feature", "properties": {"osm_id": 1564861635, "building": "yes"}, "geometry": {"type": "Polygon", "coordinates": [[[98.1448688, 13.8970926], [98.1448741, 13.8970263], [98.144744, 13.8970167], [98.1447388, 13.8970831], [98.1448688, 13.8970926]]]}}, {"type": "Feature", "properties": {"osm_id": 1564861636, "building": "yes"}, "geometry": {"type": "Polygon", "coordinates": [[[98.1449062, 13.8969222], [98.1449114, 13.8968558], [98.1447814, 13.8968462], [98.1447762, 13.8969127], [98.1449062, 13.8969222]]]}}, {"type": "Feature", "properties": {"osm_id": 1564861637, "building": "yes"}, "geometry": {"type": "Polygon", "coordinates": [[[98.1456799, 13.8968854], [98.1456845, 13.896819], [98.1455544, 13.8968104], [98.1455498, 13.8968769], [98.1456799, 13.8968854]]]}}, {"type": "Feature", "properties": {"osm_id": 1564861638, "building": "yes"}, "geometry": {"type": "Polygon", "coordinates": [[[98.1449047, 13.8966517], [98.1449128, 13.8966028], [98.1449996, 13.8966164], [98.1449915, 13.8966652], [98.1449047, 13.8966517]]]}}, {"type": "Feature", "properties": {"osm_id": 1564861639, "building": "yes"}, "geometry": {"type": "Polygon", "coordinates": [[[98.1448325, 13.8967994], [98.1448381, 13.8967377], [98.1449148, 13.8967443], [98.1449092, 13.8968059], [98.1448325, 13.8967994]]]}}, {"type": "Feature", "properties": {"osm_id": 1564861640, "building": "yes"}, "geometry": {"type": "Polygon", "coordinates": [[[98.1448035, 13.8972213], [98.1447594, 13.8972134], [98.1447495, 13.8972652], [98.1447936, 13.8972731], [98.1448035, 13.8972213]]]}}, {"type": "Feature", "properties": {"osm_id": 1564861641, "building": "yes"}, "geometry": {"type": "Polygon", "coordinates": [[[98.1451173, 13.8964258], [98.1451314, 13.8963606], [98.1450038, 13.8963345], [98.1449896, 13.8963997], [98.1451173, 13.8964258]]]}}, {"type": "Feature", "properties": {"osm_id": 1564861642, "building": "yes"}, "geometry": {"type": "Polygon", "coordinates": [[[98.1450727, 13.8965723], [98.1450906, 13.8964902], [98.144935, 13.8964582], [98.1449171, 13.8965404], [98.1450727, 13.8965723]]]}}, {"type": "Feature", "properties": {"osm_id": 1564861643, "building": "yes"}, "geometry": {"type": "Polygon", "coordinates": [[[98.1455431, 13.8957696], [98.1455933, 13.8957607], [98.1456089, 13.8958447], [98.1455588, 13.8958535], [98.1455431, 13.8957696]]]}}, {"type": "Feature", "properties": {"osm_id": 1564861644, "building": "yes"}, "geometry": {"type": "Polygon", "coordinates": [[[98.1454819, 13.8959516], [98.1455486, 13.8959369], [98.1455065, 13.8957564], [98.1454398, 13.8957711], [98.1454819, 13.8959516]]]}}, {"type": "Feature", "properties": {"osm_id": 1564861645, "building": "yes"}, "geometry": {"type": "Polygon", "coordinates": [[[98.1461419, 13.8956853], [98.1462073, 13.8956654], [98.1461684, 13.8955445], [98.1461029, 13.8955644], [98.1461419, 13.8956853]]]}}, {"type": "Feature", "properties": {"osm_id": 1564861646, "building": "yes"}, "geometry": {"type": "Polygon", "coordinates": [[[98.1465033, 13.8954032], [98.1465534, 13.8953944], [98.1465691, 13.8954783], [98.146519, 13.8954871], [98.1465033, 13.8954032]]]}}, {"type": "Feature", "properties": {"osm_id": 1564861647, "building": "yes"}, "geometry": {"type": "Polygon", "coordinates": [[[98.1459218, 13.8957325], [98.1459872, 13.8957123], [98.1459477, 13.8955916], [98.1458823, 13.8956118], [98.1459218, 13.8957325]]]}}, {"type": "Feature", "properties": {"osm_id": 1564861648, "building": "yes"}, "geometry": {"type": "Polygon", "coordinates": [[[98.145811, 13.8957964], [98.1458779, 13.8957817], [98.1458492, 13.8956582], [98.1457823, 13.8956729], [98.145811, 13.8957964]]]}}, {"type": "Feature", "properties": {"osm_id": 1564861649, "building": "yes"}, "geometry": {"type": "Polygon", "coordinates": [[[98.1456743, 13.8958012], [98.1457345, 13.8957807], [98.1457096, 13.8957114], [98.1456492, 13.8957319], [98.1456743, 13.8958012]]]}}, {"type": "Feature", "properties": {"osm_id": 1564861650, "building": "yes"}, "geometry": {"type": "Polygon", "coordinates": [[[98.1460373, 13.895707], [98.1461027, 13.8956871], [98.1460638, 13.8955663], [98.1459983, 13.8955861], [98.1460373, 13.895707]]]}}, {"type": "Feature", "properties": {"osm_id": 1564861651, "building": "yes"}, "geometry": {"type": "Polygon", "coordinates": [[[98.1462982, 13.8956083], [98.1463424, 13.895601], [98.1463333, 13.895549], [98.1462891, 13.8955563], [98.1462982, 13.8956083]]]}}, {"type": "Feature", "properties": {"osm_id": 1564861652, "building": "yes"}, "geometry": {"type": "Polygon", "coordinates": [[[98.1465874, 13.895335], [98.1466384, 13.895337], [98.1466349, 13.8954222], [98.146584, 13.8954203], [98.1465874, 13.895335]]]}}, {"type": "Feature", "properties": {"osm_id": 1564861653, "building": "yes"}, "geometry": {"type": "Polygon", "coordinates": [[[98.1471388, 13.8953271], [98.1470521, 13.8952636], [98.1471586, 13.8951266], [98.1472453, 13.89519], [98.1471388, 13.8953271]]]}}, {"type": "Feature", "properties": {"osm_id": 1564861654, "building": "yes"}, "geometry": {"type": "Polygon", "coordinates": [[[98.1467572, 13.8957122], [98.1467862, 13.8956518], [98.146668, 13.8955982], [98.146639, 13.8956586], [98.1467572, 13.8957122]]]}}, {"type": "Feature", "properties": {"osm_id": 1564861655, "building": "yes"}, "geometry": {"type": "Polygon", "coordinates": [[[98.1468793, 13.8954385], [98.1469167, 13.8953826], [98.1468075, 13.8953135], [98.14677, 13.8953693], [98.1468793, 13.8954385]]]}}, {"type": "Feature", "properties": {"osm_id": 1564861656, "building": "yes"}, "geometry": {"type": "Polygon", "coordinates": [[[98.1468968, 13.895088], [98.1468443, 13.895045], [98.1467601, 13.8951416], [98.1468125, 13.8951847], [98.1468968, 13.895088]]]}}, {"type": "Feature", "properties": {"osm_id": 1564861657, "building": "yes"}, "geometry": {"type": "Polygon", "coordinates": [[[98.1471417, 13.895135], [98.1470867, 13.895095], [98.1470084, 13.8951962], [98.1470633, 13.8952363], [98.1471417, 13.895135]]]}}, {"type": "Feature", "properties": {"osm_id": 1564861658, "building": "yes"}, "geometry": {"type": "Polygon", "coordinates": [[[98.1476693, 13.8945321], [98.1477356, 13.8945025], [98.1476762, 13.8943774], [98.1476099, 13.8944071], [98.1476693, 13.8945321]]]}}, {"type": "Feature", "properties": {"osm_id": 1564861659, "building": "yes"}, "geometry": {"type": "Polygon", "coordinates": [[[98.1479577, 13.894107], [98.1478903, 13.8941238], [98.1479184, 13.8942295], [98.1479857, 13.8942127], [98.1479577, 13.894107]]]}}, {"type": "Feature", "properties": {"osm_id": 1564861660, "building": "yes"}, "geometry": {"type": "Polygon", "coordinates": [[[98.1482753, 13.8947721], [98.148256, 13.8946684], [98.1484301, 13.8946379], [98.1484493, 13.8947417], [98.1482753, 13.8947721]]]}}, {"type": "Feature", "properties": {"osm_id": 1564861661, "building": "yes"}, "geometry": {"type": "Polygon", "coordinates": [[[98.1484133, 13.894845], [98.1484053, 13.8948022], [98.1483519, 13.8948116], [98.1483599, 13.8948544], [98.1484133, 13.894845]]]}}, {"type": "Feature", "properties": {"osm_id": 1564861662, "building": "yes"}, "geometry": {"type": "Polygon", "coordinates": [[[98.148119, 13.8942503], [98.1481904, 13.8942354], [98.1481604, 13.8941008], [98.1480891, 13.8941157], [98.148119, 13.8942503]]]}}, {"type": "Feature", "properties": {"osm_id": 1564861663, "building": "yes"}, "geometry": {"type": "Polygon", "coordinates": [[[98.1474019, 13.8946264], [98.1473417, 13.8946603], [98.1473982, 13.8947546], [98.1474583, 13.8947208], [98.1474019, 13.8946264]]]}}, {"type": "Feature", "properties": {"osm_id": 1564861664, "building": "yes"}, "geometry": {"type": "Polygon", "coordinates": [[[98.1478017, 13.8941929], [98.1478466, 13.8943774], [98.1479173, 13.8943612], [98.1478724, 13.8941767], [98.1478017, 13.8941929]]]}}, {"type": "Feature", "properties": {"osm_id": 1564861665, "building": "yes"}, "geometry": {"type": "Polygon", "coordinates": [[[98.1480023, 13.8941142], [98.148027, 13.8942105], [98.1480679, 13.8942006], [98.1480432, 13.8941043], [98.1480023, 13.8941142]]]}}, {"type": "Feature", "properties": {"osm_id": 1564861666, "building": "yes"}, "geometry": {"type": "Polygon", "coordinates": [[[98.1484763, 13.8940312], [98.1485486, 13.8940209], [98.1485279, 13.8938846], [98.1484557, 13.8938949], [98.1484763, 13.8940312]]]}}, {"type": "Feature", "properties": {"osm_id": 1564861667, "building": "yes"}, "geometry": {"type": "Polygon", "coordinates": [[[98.1483503, 13.8941062], [98.1484176, 13.8940934], [98.1483925, 13.8939692], [98.1483252, 13.893982], [98.1483503, 13.8941062]]]}}, {"type": "Feature", "properties": {"osm_id": 1564861668, "building": "yes"}, "geometry": {"type": "Polygon", "coordinates": [[[98.1481648, 13.8944298], [98.1481755, 13.8944965], [98.1482866, 13.8944797], [98.1482759, 13.894413], [98.1481648, 13.8944298]]]}}, {"type": "Feature", "properties": {"osm_id": 1564861669, "building": "yes"}, "geometry": {"type": "Polygon", "coordinates": [[[98.1487116, 13.8942768], [98.1487215, 13.8943756], [98.1487634, 13.8943716], [98.1487535, 13.8942729], [98.1487116, 13.8942768]]]}}, {"type": "Feature", "properties": {"osm_id": 1564861670, "building": "yes"}, "geometry": {"type": "Polygon", "coordinates": [[[98.1488948, 13.894467], [98.1489396, 13.8944663], [98.1489387, 13.8944135], [98.148894, 13.8944142], [98.1488948, 13.894467]]]}}, {"type": "Feature", "properties": {"osm_id": 1564861671, "building": "yes"}, "geometry": {"type": "Polygon", "coordinates": [[[98.1488137, 13.8946509], [98.1489771, 13.8946197], [98.1489608, 13.8945393], [98.1487974, 13.8945706], [98.1488137, 13.8946509]]]}}, {"type": "Feature", "properties": {"osm_id": 1564861672, "building": "yes"}, "geometry": {"type": "Polygon", "coordinates": [[[98.148878, 13.8941087], [98.148868, 13.8940428], [98.148739, 13.894061], [98.1487489, 13.8941269], [98.148878, 13.8941087]]]}}, {"type": "Feature", "properties": {"osm_id": 1564861673, "building": "yes"}, "geometry": {"type": "Polygon", "coordinates": [[[98.1488593, 13.8940253], [98.1488494, 13.8939594], [98.1487203, 13.8939776], [98.1487302, 13.8940435], [98.1488593, 13.8940253]]]}}, {"type": "Feature", "properties": {"osm_id": 1564861674, "building": "yes"}, "geometry": {"type": "Polygon", "coordinates": [[[98.1486108, 13.8939188], [98.1486831, 13.8939085], [98.1486624, 13.8937722], [98.1485902, 13.8937825], [98.1486108, 13.8939188]]]}}, {"type": "Feature", "properties": {"osm_id": 1564861675, "building": "yes"}, "geometry": {"type": "Polygon", "coordinates": [[[98.1487435, 13.8938654], [98.1488119, 13.893853], [98.1487911, 13.8937457], [98.1487228, 13.8937582], [98.1487435, 13.8938654]]]}}, {"type": "Feature", "properties": {"osm_id": 1564861676, "building": "yes"}, "geometry": {"type": "Polygon", "coordinates": [[[98.1485897, 13.8940703], [98.1486589, 13.8940627], [98.1486461, 13.8939543], [98.148577, 13.8939619], [98.1485897, 13.8940703]]]}}, {"type": "Feature", "properties": {"osm_id": 1564861677, "building": "yes"}, "geometry": {"type": "Polygon", "coordinates": [[[98.1487806, 13.8942624], [98.1488914, 13.8942522], [98.1488828, 13.8941646], [98.148772, 13.8941748], [98.1487806, 13.8942624]]]}}, {"type": "Feature", "properties": {"osm_id": 1564861678, "building": "yes"}, "geometry": {"type": "Polygon", "coordinates": [[[98.1478237, 13.8960123], [98.1478185, 13.8959458], [98.1476885, 13.8959551], [98.1476935, 13.8960216], [98.1478237, 13.8960123]]]}}, {"type": "Feature", "properties": {"osm_id": 1564861679, "building": "yes"}, "geometry": {"type": "Polygon", "coordinates": [[[98.147467, 13.8956926], [98.1474516, 13.8955883], [98.1476267, 13.895564], [98.147642, 13.8956684], [98.147467, 13.8956926]]]}}, {"type": "Feature", "properties": {"osm_id": 1564861680, "building": "yes"}, "geometry": {"type": "Polygon", "coordinates": [[[98.1474801, 13.8953922], [98.1477765, 13.895391], [98.1477759, 13.8952608], [98.1474795, 13.8952621], [98.1474801, 13.8953922]]]}}, {"type": "Feature", "properties": {"osm_id": 1564861681, "building": "yes"}, "geometry": {"type": "Polygon", "coordinates": [[[98.147737, 13.8956282], [98.1478347, 13.8956209], [98.1478273, 13.8955269], [98.1477297, 13.8955342], [98.147737, 13.8956282]]]}}, {"type": "Feature", "properties": {"osm_id": 1564861682, "building": "yes"}, "geometry": {"type": "Polygon", "coordinates": [[[98.1477182, 13.8954822], [98.1478009, 13.8954733], [98.1477939, 13.8954118], [98.1477112, 13.8954208], [98.1477182, 13.8954822]]]}}, {"type": "Feature", "properties": {"osm_id": 1564861683, "building": "yes"}, "geometry": {"type": "Polygon", "coordinates": [[[98.1477602, 13.8958074], [98.147805, 13.8958067], [98.1478041, 13.8957539], [98.1477594, 13.8957546], [98.1477602, 13.8958074]]]}}, {"type": "Feature", "properties": {"osm_id": 1564861684, "building": "yes"}, "geometry": {"type": "Polygon", "coordinates": [[[98.1475899, 13.8957058], [98.147522, 13.8957156], [98.147541, 13.8958409], [98.147609, 13.8958312], [98.1475899, 13.8957058]]]}}, {"type": "Feature", "properties": {"osm_id": 1564861685, "building": "yes"}, "geometry": {"type": "Polygon", "coordinates": [[[98.147403, 13.8955233], [98.1473345, 13.8955352], [98.1473545, 13.8956427], [98.1474229, 13.8956308], [98.147403, 13.8955233]]]}}, {"type": "Feature", "properties": {"osm_id": 1564863021, "building": "yes"}, "geometry": {"type": "Polygon", "coordinates": [[[98.1449452, 13.8975901], [98.1449679, 13.8974235], [98.1450487, 13.8974338], [98.145026, 13.8976005], [98.1449452, 13.8975901]]]}}, {"type": "Feature", "properties": {"osm_id": 1564863022, "building": "yes"}, "geometry": {"type": "Polygon", "coordinates": [[[98.1450435, 13.8976059], [98.1451115, 13.8976132], [98.1451327, 13.8974293], [98.1450647, 13.897422], [98.1450435, 13.8976059]]]}}, {"type": "Feature", "properties": {"osm_id": 1564863023, "building": "yes"}, "geometry": {"type": "Polygon", "coordinates": [[[98.1451742, 13.8976023], [98.1452422, 13.8976096], [98.1452635, 13.8974257], [98.1451955, 13.8974183], [98.1451742, 13.8976023]]]}}, {"type": "Feature", "properties": {"osm_id": 1564863024, "building": "yes"}, "geometry": {"type": "Polygon", "coordinates": [[[98.1452415, 13.897711], [98.1453095, 13.8977184], [98.1453307, 13.8975345], [98.1452628, 13.8975271], [98.1452415, 13.897711]]]}}, {"type": "Feature", "properties": {"osm_id": 1564863025, "building": "yes"}, "geometry": {"type": "Polygon", "coordinates": [[[98.1454787, 13.8974679], [98.1455416, 13.8974947], [98.1455941, 13.8973787], [98.1455313, 13.897352], [98.1454787, 13.8974679]]]}}, {"type": "Feature", "properties": {"osm_id": 1564863026, "building": "yes"}, "geometry": {"type": "Polygon", "coordinates": [[[98.1457984, 13.8973265], [98.1457881, 13.8973923], [98.1459171, 13.8974114], [98.1459273, 13.8973455], [98.1457984, 13.8973265]]]}}, {"type": "Feature", "properties": {"osm_id": 1564863027, "building": "yes"}, "geometry": {"type": "Polygon", "coordinates": [[[98.1459964, 13.8970182], [98.1459861, 13.8970841], [98.1461151, 13.8971031], [98.1461254, 13.8970372], [98.1459964, 13.8970182]]]}}, {"type": "Feature", "properties": {"osm_id": 1564863028, "building": "yes"}, "geometry": {"type": "Polygon", "coordinates": [[[98.1454435, 13.8972213], [98.1454332, 13.8972871], [98.1455621, 13.8973062], [98.1455724, 13.8972403], [98.1454435, 13.8972213]]]}}, {"type": "Feature", "properties": {"osm_id": 1564863029, "building": "yes"}, "geometry": {"type": "Polygon", "coordinates": [[[98.1469068, 13.8973236], [98.1469743, 13.8973357], [98.1469979, 13.8972111], [98.1469304, 13.8971991], [98.1469068, 13.8973236]]]}}, {"type": "Feature", "properties": {"osm_id": 1564863030, "building": "yes"}, "geometry": {"type": "Polygon", "coordinates": [[[98.1467348, 13.8976203], [98.1468028, 13.8976207], [98.1468039, 13.8974698], [98.1467359, 13.8974693], [98.1467348, 13.8976203]]]}}, {"type": "Feature", "properties": {"osm_id": 1564863031, "building": "yes"}, "geometry": {"type": "Polygon", "coordinates": [[[98.145458, 13.8975611], [98.1453646, 13.8975321], [98.1453908, 13.8973907], [98.1454692, 13.8974052], [98.1454468, 13.8974777], [98.145489, 13.8974969], [98.145458, 13.8975611]]]}}, {"type": "Feature", "properties": {"osm_id": 1564863032, "building": "yes"}, "geometry": {"type": "Polygon", "coordinates": [[[98.1452376, 13.8972456], [98.1452563, 13.8971296], [98.1453609, 13.8971368], [98.1453422, 13.8972166], [98.1452974, 13.8972093], [98.1452862, 13.8972565], [98.1452376, 13.8972456]]]}}, {"type": "Feature", "properties": {"osm_id": 1564863033, "building": "yes"}, "geometry": {"type": "Polygon", "coordinates": [[[98.1456986, 13.8970907], [98.1457115, 13.8970254], [98.1455834, 13.8970015], [98.1455706, 13.897067], [98.1456986, 13.8970907]]]}}, {"type": "Feature", "properties": {"osm_id": 1564863034, "building": "yes"}, "geometry": {"type": "Polygon", "coordinates": [[[98.1455903, 13.8972177], [98.1456031, 13.8971523], [98.1454751, 13.8971285], [98.1454622, 13.8971939], [98.1455903, 13.8972177]]]}}, {"type": "Feature", "properties": {"osm_id": 1564863035, "building": "yes"}, "geometry": {"type": "Polygon", "coordinates": [[[98.1450245, 13.8971753], [98.1450301, 13.8971136], [98.1451068, 13.8971202], [98.1451012, 13.8971818], [98.1450245, 13.8971753]]]}}, {"type": "Feature", "properties": {"osm_id": 1564863036, "building": "yes"}, "geometry": {"type": "Polygon", "coordinates": [[[98.1449694, 13.8972418], [98.1449253, 13.8972339], [98.1449154, 13.8972857], [98.1449595, 13.8972936], [98.1449694, 13.8972418]]]}}, {"type": "Feature", "properties": {"osm_id": 1564863037, "building": "yes"}, "geometry": {"type": "Polygon", "coordinates": [[[98.1466295, 13.8971715], [98.146727, 13.8971813], [98.1467371, 13.8970876], [98.1466397, 13.8970778], [98.1466295, 13.8971715]]]}}, {"type": "Feature", "properties": {"osm_id": 1564863038, "building": "yes"}, "geometry": {"type": "Polygon", "coordinates": [[[98.1468463, 13.8970137], [98.1467784, 13.8970041], [98.1467595, 13.8971294], [98.1468275, 13.8971391], [98.1468463, 13.8970137]]]}}, {"type": "Feature", "properties": {"osm_id": 1564863039, "building": "yes"}, "geometry": {"type": "Polygon", "coordinates": [[[98.1466403, 13.8969853], [98.1466451, 13.8969341], [98.1467605, 13.8969442], [98.1467557, 13.8969954], [98.1466403, 13.8969853]]]}}, {"type": "Feature", "properties": {"osm_id": 1564863040, "building": "yes"}, "geometry": {"type": "Polygon", "coordinates": [[[98.145702, 13.8978201], [98.1457692, 13.8978322], [98.1458042, 13.8976503], [98.145737, 13.8976382], [98.145702, 13.8978201]]]}}, {"type": "Feature", "properties": {"osm_id": 1564863041, "building": "yes"}, "geometry": {"type": "Polygon", "coordinates": [[[98.1462271, 13.8979429], [98.1461763, 13.897939], [98.1461832, 13.8978539], [98.146234, 13.8978578], [98.1462271, 13.8979429]]]}}, {"type": "Feature", "properties": {"osm_id": 1564863042, "building": "yes"}, "geometry": {"type": "Polygon", "coordinates": [[[98.1464129, 13.8977475], [98.1463621, 13.8977425], [98.146371, 13.8976576], [98.1464217, 13.8976626], [98.1464129, 13.8977475]]]}}, {"type": "Feature", "properties": {"osm_id": 1564863673, "building": "yes"}, "geometry": {"type": "Polygon", "coordinates": [[[98.1459898, 13.8977382], [98.1459214, 13.8977334], [98.145912, 13.8978596], [98.1459805, 13.8978644], [98.1459898, 13.8977382]]]}}, {"type": "Feature", "properties": {"osm_id": 1564863674, "building": "yes"}, "geometry": {"type": "Polygon", "coordinates": [[[98.147057, 13.8979744], [98.1469894, 13.8979629], [98.1469668, 13.8980875], [98.1470345, 13.8980991], [98.147057, 13.8979744]]]}}, {"type": "Feature", "properties": {"osm_id": 1564863675, "building": "yes"}, "geometry": {"type": "Polygon", "coordinates": [[[98.1470644, 13.8977786], [98.1469969, 13.8977671], [98.1469743, 13.8978917], [98.1470419, 13.8979032], [98.1470644, 13.8977786]]]}}, {"type": "Feature", "properties": {"osm_id": 1564863676, "building": "yes"}, "geometry": {"type": "Polygon", "coordinates": [[[98.1477693, 13.8979778], [98.1477008, 13.8979794], [98.147704, 13.8981059], [98.1477727, 13.8981043], [98.1477693, 13.8979778]]]}}, {"type": "Feature", "properties": {"osm_id": 1564863677, "building": "yes"}, "geometry": {"type": "Polygon", "coordinates": [[[98.1459933, 13.8978615], [98.1460612, 13.8978696], [98.1460803, 13.8977181], [98.1460124, 13.89771], [98.1459933, 13.8978615]]]}}, {"type": "Feature", "properties": {"osm_id": 1564863678, "building": "yes"}, "geometry": {"type": "Polygon", "coordinates": [[[98.146155, 13.8978401], [98.1462237, 13.8978408], [98.1462249, 13.8977141], [98.1461563, 13.8977135], [98.146155, 13.8978401]]]}}, {"type": "Feature", "properties": {"osm_id": 1564863679, "building": "yes"}, "geometry": {"type": "Polygon", "coordinates": [[[98.1462484, 13.8978945], [98.1463171, 13.8978952], [98.1463183, 13.8977685], [98.1462497, 13.8977679], [98.1462484, 13.8978945]]]}}, {"type": "Feature", "properties": {"osm_id": 1564863680, "building": "yes"}, "geometry": {"type": "Polygon", "coordinates": [[[98.1463778, 13.8979665], [98.1463252, 13.8979606], [98.1463384, 13.8978489], [98.146391, 13.8978547], [98.1463778, 13.8979665]]]}}, {"type": "Feature", "properties": {"osm_id": 1564863681, "building": "yes"}, "geometry": {"type": "Polygon", "coordinates": [[[98.1465467, 13.897763], [98.1464773, 13.8977462], [98.1464444, 13.8978737], [98.1465137, 13.8978906], [98.1465467, 13.897763]]]}}, {"type": "Feature", "properties": {"osm_id": 1564863682, "building": "yes"}, "geometry": {"type": "Polygon", "coordinates": [[[98.1482545, 13.8981489], [98.1481733, 13.8981438], [98.1481603, 13.898341], [98.1482415, 13.8983461], [98.1482545, 13.8981489]]]}}, {"type": "Feature", "properties": {"osm_id": 1564863683, "building": "yes"}, "geometry": {"type": "Polygon", "coordinates": [[[98.1481574, 13.8981344], [98.1480762, 13.8981293], [98.1480631, 13.8983265], [98.1481443, 13.8983316], [98.1481574, 13.8981344]]]}}, {"type": "Feature", "properties": {"osm_id": 1564863684, "building": "yes"}, "geometry": {"type": "Polygon", "coordinates": [[[98.1469614, 13.8979533], [98.1468795, 13.8979394], [98.1468544, 13.8980777], [98.1469363, 13.8980917], [98.1469614, 13.8979533]]]}}, {"type": "Feature", "properties": {"osm_id": 1564863685, "building": "yes"}, "geometry": {"type": "Polygon", "coordinates": [[[98.1466916, 13.8980028], [98.146639, 13.8979969], [98.1466522, 13.8978851], [98.1467048, 13.897891], [98.1466916, 13.8980028]]]}}, {"type": "Feature", "properties": {"osm_id": 1564863686, "building": "yes"}, "geometry": {"type": "Polygon", "coordinates": [[[98.1468034, 13.8980705], [98.1467506, 13.8980675], [98.1467571, 13.8979552], [98.14681, 13.8979582], [98.1468034, 13.8980705]]]}}, {"type": "Feature", "properties": {"osm_id": 1564863687, "building": "yes"}, "geometry": {"type": "Polygon", "coordinates": [[[98.1468752, 13.8977133], [98.1468207, 13.8977042], [98.1467861, 13.8978989], [98.1468406, 13.8979081], [98.1468752, 13.8977133]]]}}, {"type": "Feature", "properties": {"osm_id": 1564863688, "building": "yes"}, "geometry": {"type": "Polygon", "coordinates": [[[98.1468061, 13.8976916], [98.1467516, 13.8976824], [98.146717, 13.8978772], [98.1467715, 13.8978863], [98.1468061, 13.8976916]]]}}, {"type": "Feature", "properties": {"osm_id": 1564863689, "building": "yes"}, "geometry": {"type": "Polygon", "coordinates": [[[98.1476702, 13.8977891], [98.1475871, 13.8977845], [98.147579, 13.8979247], [98.147662, 13.8979293], [98.1476702, 13.8977891]]]}}, {"type": "Feature", "properties": {"osm_id": 1564863690, "building": "yes"}, "geometry": {"type": "Polygon", "coordinates": [[[98.1472894, 13.8979307], [98.1472342, 13.8979269], [98.1472201, 13.8981241], [98.1472752, 13.8981278], [98.1472894, 13.8979307]]]}}, {"type": "Feature", "properties": {"osm_id": 1564863691, "building": "yes"}, "geometry": {"type": "Polygon", "coordinates": [[[98.1473365, 13.8981263], [98.1472857, 13.8981224], [98.1472926, 13.8980373], [98.1473434, 13.8980412], [98.1473365, 13.8981263]]]}}, {"type": "Feature", "properties": {"osm_id": 1564863692, "building": "yes"}, "geometry": {"type": "Polygon", "coordinates": [[[98.1474731, 13.8980574], [98.1474047, 13.8980525], [98.147395, 13.8981786], [98.1474635, 13.8981836], [98.1474731, 13.8980574]]]}}, {"type": "Feature", "properties": {"osm_id": 1564863693, "building": "yes"}, "geometry": {"type": "Polygon", "coordinates": [[[98.1476493, 13.8981412], [98.1475985, 13.8981362], [98.1476074, 13.8980513], [98.1476581, 13.8980563], [98.1476493, 13.8981412]]]}}, {"type": "Feature", "properties": {"osm_id": 1564863694, "building": "yes"}, "geometry": {"type": "Polygon", "coordinates": [[[98.1475035, 13.8978706], [98.1474349, 13.897869], [98.1474319, 13.8979955], [98.1475006, 13.8979971], [98.1475035, 13.8978706]]]}}, {"type": "Feature", "properties": {"osm_id": 1564863695, "building": "yes"}, "geometry": {"type": "Polygon", "coordinates": [[[98.1471064, 13.8980736], [98.1471083, 13.8979867], [98.1471941, 13.8979884], [98.1471922, 13.8980754], [98.1471064, 13.8980736]]]}}, {"type": "Feature", "properties": {"osm_id": 1564863696, "building": "yes"}, "geometry": {"type": "Polygon", "coordinates": [[[98.1479482, 13.8979853], [98.1478974, 13.8979803], [98.1479063, 13.8978954], [98.147957, 13.8979004], [98.1479482, 13.8979853]]]}}, {"type": "Feature", "properties": {"osm_id": 1564863697, "building": "yes"}, "geometry": {"type": "Polygon", "coordinates": [[[98.1480263, 13.8981014], [98.1479748, 13.8981031], [98.1479807, 13.8982775], [98.1480322, 13.8982758], [98.1480263, 13.8981014]]]}}, {"type": "Feature", "properties": {"osm_id": 1564863698, "building": "yes"}, "geometry": {"type": "Polygon", "coordinates": [[[98.1484265, 13.897757], [98.1484237, 13.8977075], [98.1485115, 13.897703], [98.1485142, 13.8977524], [98.1484265, 13.897757]]]}}, {"type": "Feature", "properties": {"osm_id": 1564863699, "building": "yes"}, "geometry": {"type": "Polygon", "coordinates": [[[98.148342, 13.8981893], [98.1482738, 13.8981821], [98.1482596, 13.8983078], [98.1483278, 13.8983151], [98.148342, 13.8981893]]]}}, {"type": "Feature", "properties": {"osm_id": 1564863700, "building": "yes"}, "geometry": {"type": "Polygon", "coordinates": [[[98.148455, 13.8981533], [98.1483718, 13.8981527], [98.1483708, 13.8982931], [98.148454, 13.8982937], [98.148455, 13.8981533]]]}}, {"type": "Feature", "properties": {"osm_id": 1564863701, "building": "yes"}, "geometry": {"type": "Polygon", "coordinates": [[[98.1485416, 13.8982569], [98.1484732, 13.8982519], [98.1484635, 13.8983781], [98.148532, 13.898383], [98.1485416, 13.8982569]]]}}, {"type": "Feature", "properties": {"osm_id": 1564863702, "building": "yes"}, "geometry": {"type": "Polygon", "coordinates": [[[98.1485796, 13.8981303], [98.1485288, 13.8981253], [98.1485377, 13.8980404], [98.1485884, 13.8980454], [98.1485796, 13.8981303]]]}}, {"type": "Feature", "properties": {"osm_id": 1564863703, "building": "yes"}, "geometry": {"type": "Polygon", "coordinates": [[[98.1486874, 13.8979817], [98.1487082, 13.8979366], [98.1487885, 13.8979715], [98.1487676, 13.8980166], [98.1486874, 13.8979817]]]}}, {"type": "Feature", "properties": {"osm_id": 1564863704, "building": "yes"}, "geometry": {"type": "Polygon", "coordinates": [[[98.149011, 13.8978547], [98.14902, 13.8977887], [98.1488908, 13.8977721], [98.1488818, 13.8978381], [98.149011, 13.8978547]]]}}, {"type": "Feature", "properties": {"osm_id": 1564864535, "building": "yes"}, "geometry": {"type": "Polygon", "coordinates": [[[98.1476488, 13.8984497], [98.1475656, 13.8984501], [98.1475666, 13.8986287], [98.1476498, 13.8986282], [98.1476488, 13.8984497]]]}}, {"type": "Feature", "properties": {"osm_id": 1564864536, "building": "yes"}, "geometry": {"type": "Polygon", "coordinates": [[[98.1477308, 13.8986195], [98.147678, 13.8986165], [98.1476845, 13.8985042], [98.1477374, 13.8985072], [98.1477308, 13.8986195]]]}}, {"type": "Feature", "properties": {"osm_id": 1564864537, "building": "yes"}, "geometry": {"type": "Polygon", "coordinates": [[[98.1471417, 13.8983586], [98.1470599, 13.898373], [98.1470855, 13.8985112], [98.1471674, 13.8984969], [98.1471417, 13.8983586]]]}}, {"type": "Feature", "properties": {"osm_id": 1564864538, "building": "yes"}, "geometry": {"type": "Polygon", "coordinates": [[[98.1472407, 13.898514], [98.1471889, 13.8985241], [98.1471658, 13.8984139], [98.1472177, 13.8984037], [98.1472407, 13.898514]]]}}, {"type": "Feature", "properties": {"osm_id": 1564864539, "building": "yes"}, "geometry": {"type": "Polygon", "coordinates": [[[98.1464492, 13.8982301], [98.1463806, 13.8982303], [98.1463809, 13.8983568], [98.1464495, 13.8983566], [98.1464492, 13.8982301]]]}}, {"type": "Feature", "properties": {"osm_id": 1564864540, "building": "yes"}, "geometry": {"type": "Polygon", "coordinates": [[[98.146022, 13.8983074], [98.1460903, 13.8983049], [98.1460833, 13.89812], [98.146015, 13.8981225], [98.146022, 13.8983074]]]}}, {"type": "Feature", "properties": {"osm_id": 1564864541, "building": "yes"}, "geometry": {"type": "Polygon", "coordinates": [[[98.1474532, 13.8985578], [98.1474369, 13.8984723], [98.1475212, 13.898457], [98.1475376, 13.8985426], [98.1474532, 13.8985578]]]}}, {"type": "Feature", "properties": {"osm_id": 1564864542, "building": "yes"}, "geometry": {"type": "Polygon", "coordinates": [[[98.1463038, 13.8981332], [98.1462358, 13.8981251], [98.1462197, 13.8982506], [98.1462879, 13.8982588], [98.1463038, 13.8981332]]]}}, {"type": "Feature", "properties": {"osm_id": 1564864543, "building": "yes"}, "geometry": {"type": "Polygon", "coordinates": [[[98.1465462, 13.8982558], [98.146478, 13.8982635], [98.1464931, 13.8983892], [98.1465613, 13.8983815], [98.1465462, 13.8982558]]]}}, {"type": "Feature", "properties": {"osm_id": 1564864544, "building": "yes"}, "geometry": {"type": "Polygon", "coordinates": [[[98.1466587, 13.8982547], [98.1465911, 13.8982654], [98.1466121, 13.8983903], [98.1466798, 13.8983795], [98.1466587, 13.8982547]]]}}, {"type": "Feature", "properties": {"osm_id": 1565075648, "building": "yes"}, "geometry": {"type": "Polygon", "coordinates": [[[98.1676623, 13.8512906], [98.1676462, 13.8512354], [98.1677427, 13.8512312], [98.1677588, 13.8512604], [98.167761, 13.8512958], [98.1677374, 13.8513124], [98.1677352, 13.8512916], [98.1676623, 13.8512906]]]}}, {"type": "Feature", "properties": {"osm_id": 1565075741, "building": "yes"}, "geometry": {"type": "Polygon", "coordinates": [[[98.1677916, 13.851429], [98.1677808, 13.8513061], [98.1678238, 13.8513311], [98.1678774, 13.851304], [98.1678903, 13.8514144], [98.1677916, 13.851429]]]}}, {"type": "Feature", "properties": {"osm_id": 1565075780, "building": "yes"}, "geometry": {"type": "Polygon", "coordinates": [[[98.1680555, 13.8512561], [98.1680555, 13.8511352], [98.1681199, 13.8511331], [98.1681306, 13.8512561], [98.1680555, 13.8512561]]]}}, {"type": "Feature", "properties": {"osm_id": 1565075884, "building": "yes"}, "geometry": {"type": "Polygon", "coordinates": [[[98.1678667, 13.8516123], [98.167871, 13.8515061], [98.1679504, 13.851504], [98.1679611, 13.8516123], [98.1678667, 13.8516123]]]}}, {"type": "Feature", "properties": {"osm_id": 1565075985, "building": "yes"}, "geometry": {"type": "Polygon", "coordinates": [[[98.1680727, 13.8516019], [98.1680705, 13.8515519], [98.1680448, 13.851529], [98.1679997, 13.8515186], [98.167974, 13.8514727], [98.1680512, 13.8514602], [98.1681006, 13.8514602], [98.1681199, 13.851454], [98.1681521, 13.8514873], [98.1681628, 13.8514519], [98.1682443, 13.8514456], [98.1682529, 13.8515748], [98.1681735, 13.8515644], [98.1681735, 13.8515373], [98.1681521, 13.8515373], [98.1681177, 13.8515498], [98.1681306, 13.8516102], [98.1680727, 13.8516019]]]}}, {"type": "Feature", "properties": {"osm_id": 1565076021, "building": "yes"}, "geometry": {"type": "Polygon", "coordinates": [[[98.1682765, 13.8515561], [98.168283, 13.8514456], [98.1683108, 13.8514165], [98.1683581, 13.8514186], [98.1683559, 13.851554], [98.1682765, 13.8515561]]]}}, {"type": "Feature", "properties": {"osm_id": 1565076238, "building": "yes"}, "geometry": {"type": "Polygon", "coordinates": [[[98.1683988, 13.8515561], [98.1684031, 13.8515248], [98.1683817, 13.8515186], [98.1683795, 13.8514248], [98.1684053, 13.8514206], [98.1684031, 13.8513894], [98.1684739, 13.8513956], [98.1684718, 13.8514727], [98.1684889, 13.8515248], [98.1684525, 13.8515415], [98.1684568, 13.8515727], [98.1683988, 13.8515561]]]}}, {"type": "Feature", "properties": {"osm_id": 1565076553, "building": "yes"}, "geometry": {"type": "Polygon", "coordinates": [[[98.1684889, 13.8515248], [98.168517, 13.8514467], [98.168575, 13.8514467], [98.1685535, 13.8513926], [98.1686179, 13.8513821], [98.1686243, 13.8514884], [98.1685836, 13.851503], [98.1684889, 13.8515248]]]}}, {"type": "Feature", "properties": {"osm_id": 1565076829, "building": "yes"}, "geometry": {"type": "Polygon", "coordinates": [[[98.1685137, 13.851245], [98.1685073, 13.8511325], [98.1685717, 13.8511158], [98.1685996, 13.8512241], [98.1685137, 13.851245]]]}}, {"type": "Feature", "properties": {"osm_id": 1565076885, "building": "yes"}, "geometry": {"type": "Polygon", "coordinates": [[[98.1686629, 13.8512265], [98.168664, 13.8511588], [98.1686339, 13.8511609], [98.1686168, 13.8510921], [98.1686533, 13.8510421], [98.168694, 13.851038], [98.1687198, 13.851064], [98.1687395, 13.8512172], [98.1686629, 13.8512265]]]}}, {"type": "Feature", "properties": {"osm_id": 1565077547, "building": "yes"}, "geometry": {"type": "Polygon", "coordinates": [[[98.168704, 13.8514157], [98.1687007, 13.8513669], [98.1688262, 13.8513471], [98.1688498, 13.8513763], [98.1688326, 13.8514075], [98.168704, 13.8514157]]]}}, {"type": "Feature", "properties": {"osm_id": 1565094763, "building": "yes"}, "geometry": {"type": "Polygon", "coordinates": [[[98.1432939, 13.89932], [98.1434213, 13.8992925], [98.1433704, 13.8990506], [98.1432883, 13.8990698], [98.1433279, 13.8992375], [98.1432798, 13.899254], [98.1432939, 13.89932]]]}}, {"type": "Feature", "properties": {"osm_id": 1565094764, "building": "yes"}, "geometry": {"type": "Polygon", "coordinates": [[[98.1438066, 13.8991577], [98.143783, 13.8990206], [98.1438516, 13.8990095], [98.1438751, 13.8991465], [98.1438066, 13.8991577]]]}}, {"type": "Feature", "properties": {"osm_id": 1565094765, "building": "yes"}, "geometry": {"type": "Polygon", "coordinates": [[[98.1436122, 13.8990676], [98.143643, 13.899219], [98.1436834, 13.8992113], [98.1436526, 13.8990598], [98.1436122, 13.8990676]]]}}, {"type": "Feature", "properties": {"osm_id": 1565094766, "building": "yes"}, "geometry": {"type": "Polygon", "coordinates": [[[98.1435356, 13.8992414], [98.1435087, 13.8990723], [98.1435795, 13.8990617], [98.1436063, 13.8992308], [98.1435356, 13.8992414]]]}}, {"type": "Feature", "properties": {"osm_id": 1565094767, "building": "yes"}, "geometry": {"type": "Polygon", "coordinates": [[[98.1439198, 13.8991082], [98.1438962, 13.8989711], [98.1439648, 13.89896], [98.1439884, 13.899097], [98.1439198, 13.8991082]]]}}, {"type": "Feature", "properties": {"osm_id": 1565094768, "building": "yes"}, "geometry": {"type": "Polygon", "coordinates": [[[98.1434968, 13.8991369], [98.1434646, 13.8990275], [98.1434331, 13.8990362], [98.1434654, 13.8991457], [98.1434968, 13.8991369]]]}}, {"type": "Feature", "properties": {"osm_id": 1565094769, "building": "yes"}, "geometry": {"type": "Polygon", "coordinates": [[[98.1434198, 13.8991598], [98.1433975, 13.8990731], [98.1434325, 13.8990646], [98.1434549, 13.8991513], [98.1434198, 13.8991598]]]}}, {"type": "Feature", "properties": {"osm_id": 1565094770, "building": "yes"}, "geometry": {"type": "Polygon", "coordinates": [[[98.1437144, 13.8991457], [98.1437822, 13.8991356], [98.1437624, 13.8990104], [98.1436946, 13.8990207], [98.1437144, 13.8991457]]]}}, {"type": "Feature", "properties": {"osm_id": 1565094771, "building": "yes"}, "geometry": {"type": "Polygon", "coordinates": [[[98.1438939, 13.8992799], [98.1438439, 13.8992896], [98.1438265, 13.899206], [98.1438765, 13.8991963], [98.1438939, 13.8992799]]]}}, {"type": "Feature", "properties": {"osm_id": 1565094772, "building": "yes"}, "geometry": {"type": "Polygon", "coordinates": [[[98.1440161, 13.8990972], [98.1439925, 13.8989601], [98.1440611, 13.898949], [98.1440846, 13.899086], [98.1440161, 13.8990972]]]}}, {"type": "Feature", "properties": {"osm_id": 1565094773, "building": "yes"}, "geometry": {"type": "Polygon", "coordinates": [[[98.1442549, 13.8988252], [98.1442739, 13.8989785], [98.1443148, 13.8989737], [98.1442958, 13.8988204], [98.1442549, 13.8988252]]]}}, {"type": "Feature", "properties": {"osm_id": 1565094774, "building": "yes"}, "geometry": {"type": "Polygon", "coordinates": [[[98.1443351, 13.8988281], [98.1443626, 13.8990108], [98.1444028, 13.899005], [98.1443753, 13.8988223], [98.1443351, 13.8988281]]]}}, {"type": "Feature", "properties": {"osm_id": 1565094775, "building": "yes"}, "geometry": {"type": "Polygon", "coordinates": [[[98.1447291, 13.8988476], [98.1447239, 13.8987851], [98.1448345, 13.8987764], [98.1448397, 13.8988389], [98.1447291, 13.8988476]]]}}, {"type": "Feature", "properties": {"osm_id": 1565094776, "building": "yes"}, "geometry": {"type": "Polygon", "coordinates": [[[98.1448192, 13.8984467], [98.1448693, 13.8984291], [98.1449041, 13.8985229], [98.144854, 13.8985404], [98.1448192, 13.8984467]]]}}, {"type": "Feature", "properties": {"osm_id": 1565094777, "building": "yes"}, "geometry": {"type": "Polygon", "coordinates": [[[98.1447465, 13.8985503], [98.1447948, 13.8985315], [98.1448351, 13.8986296], [98.1447868, 13.8986483], [98.1447465, 13.8985503]]]}}, {"type": "Feature", "properties": {"osm_id": 1565094778, "building": "yes"}, "geometry": {"type": "Polygon", "coordinates": [[[98.1457334, 13.8981294], [98.1456652, 13.8981365], [98.145679, 13.8982623], [98.1457473, 13.8982552], [98.1457334, 13.8981294]]]}}, {"type": "Feature", "properties": {"osm_id": 1565094779, "building": "yes"}, "geometry": {"type": "Polygon", "coordinates": [[[98.1449361, 13.8989007], [98.1449361, 13.8988238], [98.1450012, 13.8988238], [98.1450012, 13.8989007], [98.1449361, 13.8989007]]]}}, {"type": "Feature", "properties": {"osm_id": 1565094780, "building": "yes"}, "geometry": {"type": "Polygon", "coordinates": [[[98.1451178, 13.8988455], [98.1451186, 13.8987426], [98.1452061, 13.8987432], [98.1452053, 13.8988461], [98.1451178, 13.8988455]]]}}, {"type": "Feature", "properties": {"osm_id": 1565094781, "building": "yes"}, "geometry": {"type": "Polygon", "coordinates": [[[98.1451222, 13.8985883], [98.1451068, 13.898501], [98.1451681, 13.8984907], [98.1451836, 13.898578], [98.1451222, 13.8985883]]]}}, {"type": "Feature", "properties": {"osm_id": 1565094782, "building": "yes"}, "geometry": {"type": "Polygon", "coordinates": [[[98.1450663, 13.898193], [98.145119, 13.8981853], [98.1451344, 13.8982838], [98.1450816, 13.8982916], [98.1450663, 13.898193]]]}}, {"type": "Feature", "properties": {"osm_id": 1565094783, "building": "yes"}, "geometry": {"type": "Polygon", "coordinates": [[[98.1452159, 13.8980643], [98.1452797, 13.8980685], [98.145273, 13.8981647], [98.1452092, 13.8981605], [98.1452159, 13.8980643]]]}}, {"type": "Feature", "properties": {"osm_id": 1565094784, "building": "yes"}, "geometry": {"type": "Polygon", "coordinates": [[[98.1449732, 13.8984803], [98.1449461, 13.8983966], [98.1450694, 13.8983589], [98.1450965, 13.8984427], [98.1449732, 13.8984803]]]}}, {"type": "Feature", "properties": {"osm_id": 1565094785, "building": "yes"}, "geometry": {"type": "Polygon", "coordinates": [[[98.1454712, 13.8981835], [98.1453523, 13.8981697], [98.1453806, 13.8979883], [98.1454571, 13.8980048], [98.1454457, 13.8980405], [98.1454967, 13.8980543], [98.1454712, 13.8981835]]]}}, {"type": "Feature", "properties": {"osm_id": 1565094786, "building": "yes"}, "geometry": {"type": "Polygon", "coordinates": [[[98.1457774, 13.8984174], [98.1457796, 13.8984794], [98.1456804, 13.8984828], [98.1456782, 13.8984207], [98.1457774, 13.8984174]]]}}, {"type": "Feature", "properties": {"osm_id": 1565094787, "building": "yes"}, "geometry": {"type": "Polygon", "coordinates": [[[98.1457553, 13.8985655], [98.1457541, 13.8986172], [98.1456515, 13.898615], [98.1456527, 13.8985632], [98.1457553, 13.8985655]]]}}, {"type": "Feature", "properties": {"osm_id": 1565094788, "building": "yes"}, "geometry": {"type": "Polygon", "coordinates": [[[98.1458068, 13.8986814], [98.1456162, 13.8986855], [98.1456142, 13.8986392], [98.1458076, 13.8986324], [98.1458068, 13.8986814]]]}}, {"type": "Feature", "properties": {"osm_id": 1565094789, "building": "yes"}, "geometry": {"type": "Polygon", "coordinates": [[[98.1457011, 13.8987208], [98.1457, 13.8987874], [98.1458303, 13.8987895], [98.1458314, 13.8987229], [98.1457011, 13.8987208]]]}}, {"type": "Feature", "properties": {"osm_id": 1565094790, "building": "yes"}, "geometry": {"type": "Polygon", "coordinates": [[[98.1445887, 13.8992571], [98.1445858, 13.8991558], [98.1446847, 13.8991531], [98.1446876, 13.8992544], [98.1445887, 13.8992571]]]}}, {"type": "Feature", "properties": {"osm_id": 1565094791, "building": "yes"}, "geometry": {"type": "Polygon", "coordinates": [[[98.144986, 13.8993745], [98.1448956, 13.8993771], [98.1448919, 13.8992516], [98.1449823, 13.8992491], [98.144986, 13.8993745]]]}}, {"type": "Feature", "properties": {"osm_id": 1565094792, "building": "yes"}, "geometry": {"type": "Polygon", "coordinates": [[[98.1458253, 13.8988407], [98.1458232, 13.898892], [98.1457021, 13.8988873], [98.1457042, 13.898836], [98.1458253, 13.8988407]]]}}, {"type": "Feature", "properties": {"osm_id": 1565094793, "building": "yes"}, "geometry": {"type": "Polygon", "coordinates": [[[98.1457371, 13.899065], [98.1457216, 13.8989777], [98.1457829, 13.8989675], [98.1457984, 13.8990548], [98.1457371, 13.899065]]]}}, {"type": "Feature", "properties": {"osm_id": 1565094794, "building": "yes"}, "geometry": {"type": "Polygon", "coordinates": [[[98.1458478, 13.8991607], [98.1457568, 13.8991683], [98.1457515, 13.8991081], [98.1458425, 13.8991006], [98.1458478, 13.8991607]]]}}, {"type": "Feature", "properties": {"osm_id": 1565094795, "building": "yes"}, "geometry": {"type": "Polygon", "coordinates": [[[98.1457966, 13.8992947], [98.1458064, 13.8992327], [98.145916, 13.899249], [98.1459062, 13.899311], [98.1457966, 13.8992947]]]}}, {"type": "Feature", "properties": {"osm_id": 1565094796, "building": "yes"}, "geometry": {"type": "Polygon", "coordinates": [[[98.145747, 13.8993772], [98.1457451, 13.8993311], [98.1459047, 13.8993248], [98.1459066, 13.899371], [98.145747, 13.8993772]]]}}, {"type": "Feature", "properties": {"osm_id": 1565094797, "building": "yes"}, "geometry": {"type": "Polygon", "coordinates": [[[98.1457775, 13.8994382], [98.1457755, 13.8993921], [98.1459351, 13.8993858], [98.145937, 13.899432], [98.1457775, 13.8994382]]]}}, {"type": "Feature", "properties": {"osm_id": 1565094798, "building": "yes"}, "geometry": {"type": "Polygon", "coordinates": [[[98.1459214, 13.8996032], [98.1458305, 13.8996108], [98.1458252, 13.8995506], [98.1459161, 13.8995431], [98.1459214, 13.8996032]]]}}, {"type": "Feature", "properties": {"osm_id": 1565094799, "building": "yes"}, "geometry": {"type": "Polygon", "coordinates": [[[98.1458676, 13.8997269], [98.1457767, 13.8997345], [98.1457714, 13.8996743], [98.1458623, 13.8996667], [98.1458676, 13.8997269]]]}}, {"type": "Feature", "properties": {"osm_id": 1565094800, "building": "yes"}, "geometry": {"type": "Polygon", "coordinates": [[[98.1459439, 13.8999416], [98.1459464, 13.8999929], [98.1458253, 13.8999983], [98.1458228, 13.899947], [98.1459439, 13.8999416]]]}}, {"type": "Feature", "properties": {"osm_id": 1565094801, "building": "yes"}, "geometry": {"type": "Polygon", "coordinates": [[[98.1455527, 13.8996458], [98.1456288, 13.8996672], [98.1456106, 13.899728], [98.1455345, 13.8997065], [98.1455527, 13.8996458]]]}}, {"type": "Feature", "properties": {"osm_id": 1565094802, "building": "yes"}, "geometry": {"type": "Polygon", "coordinates": [[[98.1458832, 13.8998475], [98.1458866, 13.8998992], [98.1457841, 13.8999055], [98.1457807, 13.8998539], [98.1458832, 13.8998475]]]}}, {"type": "Feature", "properties": {"osm_id": 1565094808, "building": "yes"}, "geometry": {"type": "Polygon", "coordinates": [[[98.1446758, 13.8998427], [98.1446808, 13.8997911], [98.144783, 13.8998004], [98.144778, 13.899852], [98.1446758, 13.8998427]]]}}, {"type": "Feature", "properties": {"osm_id": 1565094811, "building": "yes"}, "geometry": {"type": "Polygon", "coordinates": [[[98.1435981, 13.8995126], [98.1435942, 13.8993737], [98.1436637, 13.8993719], [98.1436675, 13.8995107], [98.1435981, 13.8995126]]]}}, {"type": "Feature", "properties": {"osm_id": 1565094812, "building": "yes"}, "geometry": {"type": "Polygon", "coordinates": [[[98.1436958, 13.8994644], [98.1436879, 13.8993879], [98.1437528, 13.8993816], [98.1437606, 13.8994581], [98.1436958, 13.8994644]]]}}, {"type": "Feature", "properties": {"osm_id": 1565094813, "building": "yes"}, "geometry": {"type": "Polygon", "coordinates": [[[98.1435398, 13.8998578], [98.1435224, 13.8997827], [98.143586, 13.8997688], [98.1436034, 13.8998439], [98.1435398, 13.8998578]]]}}, {"type": "Feature", "properties": {"osm_id": 1565094814, "building": "yes"}, "geometry": {"type": "Polygon", "coordinates": [[[98.143778, 13.899808], [98.1437271, 13.8998048], [98.1437328, 13.8997197], [98.1437836, 13.8997229], [98.143778, 13.899808]]]}}, {"type": "Feature", "properties": {"osm_id": 1565094815, "building": "yes"}, "geometry": {"type": "Polygon", "coordinates": [[[98.143863, 13.8997997], [98.1438121, 13.8997965], [98.1438178, 13.8997114], [98.1438686, 13.8997146], [98.143863, 13.8997997]]]}}, {"type": "Feature", "properties": {"osm_id": 1565094816, "building": "yes"}, "geometry": {"type": "Polygon", "coordinates": [[[98.1436352, 13.8995452], [98.1437016, 13.8995504], [98.1436944, 13.8996362], [98.143628, 13.8996309], [98.1436352, 13.8995452]]]}}, {"type": "Feature", "properties": {"osm_id": 1565094817, "building": "yes"}, "geometry": {"type": "Polygon", "coordinates": [[[98.1435167, 13.8995466], [98.1435224, 13.8996784], [98.1435721, 13.8996764], [98.1435664, 13.8995445], [98.1435167, 13.8995466]]]}}, {"type": "Feature", "properties": {"osm_id": 1565094818, "building": "yes"}, "geometry": {"type": "Polygon", "coordinates": [[[98.1440152, 13.8996368], [98.1439245, 13.8996265], [98.1439317, 13.8995666], [98.1440224, 13.8995768], [98.1440152, 13.8996368]]]}}, {"type": "Feature", "properties": {"osm_id": 1565094819, "building": "yes"}, "geometry": {"type": "Polygon", "coordinates": [[[98.1440077, 13.8998919], [98.1440752, 13.8999034], [98.1440978, 13.8997787], [98.1440302, 13.8997672], [98.1440077, 13.8998919]]]}}, {"type": "Feature", "properties": {"osm_id": 1565094820, "building": "yes"}, "geometry": {"type": "Polygon", "coordinates": [[[98.1439834, 13.8997718], [98.1439162, 13.8997583], [98.1438899, 13.8998823], [98.1439571, 13.8998958], [98.1439834, 13.8997718]]]}}, {"type": "Feature", "properties": {"osm_id": 1565094821, "building": "yes"}, "geometry": {"type": "Polygon", "coordinates": [[[98.1442038, 13.8996572], [98.1442166, 13.8995918], [98.1440885, 13.8995681], [98.1440757, 13.8996336], [98.1441601, 13.8996491], [98.1442038, 13.8996572]]]}}, {"type": "Feature", "properties": {"osm_id": 1565094822, "building": "yes"}, "geometry": {"type": "Polygon", "coordinates": [[[98.1442193, 13.8994803], [98.1442104, 13.8995291], [98.1441239, 13.8995141], [98.1441328, 13.8994654], [98.1442193, 13.8994803]]]}}, {"type": "Feature", "properties": {"osm_id": 1565094823, "building": "yes"}, "geometry": {"type": "Polygon", "coordinates": [[[98.1442966, 13.8996916], [98.1442637, 13.8997929], [98.1442023, 13.8997741], [98.1442352, 13.8996728], [98.1442966, 13.8996916]]]}}, {"type": "Feature", "properties": {"osm_id": 1565094824, "building": "yes"}, "geometry": {"type": "Polygon", "coordinates": [[[98.1442462, 13.8999187], [98.1441375, 13.8999071], [98.1441445, 13.899845], [98.1442533, 13.8998566], [98.1442462, 13.8999187]]]}}, {"type": "Feature", "properties": {"osm_id": 1565094825, "building": "yes"}, "geometry": {"type": "Polygon", "coordinates": [[[98.1445852, 13.8998871], [98.1444592, 13.8998783], [98.1444638, 13.8998173], [98.1445897, 13.8998261], [98.1445852, 13.8998871]]]}}, {"type": "Feature", "properties": {"osm_id": 1565094826, "building": "yes"}, "geometry": {"type": "Polygon", "coordinates": [[[98.1443163, 13.8999106], [98.1443175, 13.8998302], [98.1444338, 13.8998318], [98.1444326, 13.8999122], [98.1443163, 13.8999106]]]}}, {"type": "Feature", "properties": {"osm_id": 1565094827, "building": "yes"}, "geometry": {"type": "Polygon", "coordinates": [[[98.1444949, 13.8997801], [98.1444874, 13.8996413], [98.1445568, 13.8996378], [98.1445643, 13.8997765], [98.1444949, 13.8997801]]]}}, {"type": "Feature", "properties": {"osm_id": 1565094828, "building": "yes"}, "geometry": {"type": "Polygon", "coordinates": [[[98.1443644, 13.8997651], [98.1443721, 13.8996768], [98.1444341, 13.8996819], [98.1444264, 13.8997702], [98.1443644, 13.8997651]]]}}, {"type": "Feature", "properties": {"osm_id": 1565094829, "building": "yes"}, "geometry": {"type": "Polygon", "coordinates": [[[98.1443017, 13.9000267], [98.1441925, 13.9000201], [98.1441964, 13.8999578], [98.1443056, 13.8999643], [98.1443017, 13.9000267]]]}}, {"type": "Feature", "properties": {"osm_id": 1565095490, "building": "yes"}, "geometry": {"type": "Polygon", "coordinates": [[[98.1463103, 13.8997346], [98.1463553, 13.8997197], [98.1464065, 13.8998666], [98.1463614, 13.8998814], [98.1463103, 13.8997346]]]}}, {"type": "Feature", "properties": {"osm_id": 1565095491, "building": "yes"}, "geometry": {"type": "Polygon", "coordinates": [[[98.1464813, 13.8997431], [98.1464658, 13.8996558], [98.1465272, 13.8996456], [98.1465426, 13.8997329], [98.1464813, 13.8997431]]]}}, {"type": "Feature", "properties": {"osm_id": 1565095497, "building": "yes"}, "geometry": {"type": "Polygon", "coordinates": [[[98.1471617, 13.8994846], [98.1472303, 13.8994881], [98.1472372, 13.8993618], [98.1471687, 13.8993583], [98.1471617, 13.8994846]]]}}, {"type": "Feature", "properties": {"osm_id": 1565125298, "building": "yes"}, "geometry": {"type": "Polygon", "coordinates": [[[98.145848, 13.8982537], [98.1458429, 13.8982123], [98.1459568, 13.8981992], [98.1459618, 13.8982406], [98.145848, 13.8982537]]]}}, {"type": "Feature", "properties": {"osm_id": 1565125299, "building": "yes"}, "geometry": {"type": "Polygon", "coordinates": [[[98.1459725, 13.8983448], [98.1459796, 13.8983938], [98.1458925, 13.8984057], [98.1458855, 13.8983567], [98.1459725, 13.8983448]]]}}, {"type": "Feature", "properties": {"osm_id": 1565125300, "building": "yes"}, "geometry": {"type": "Polygon", "coordinates": [[[98.1468468, 13.8983312], [98.146796, 13.8983273], [98.1468029, 13.8982422], [98.1468537, 13.8982461], [98.1468468, 13.8983312]]]}}, {"type": "Feature", "properties": {"osm_id": 1565125301, "building": "yes"}, "geometry": {"type": "Polygon", "coordinates": [[[98.1467687, 13.8983555], [98.1467158, 13.8983588], [98.1467084, 13.8982466], [98.1467613, 13.8982432], [98.1467687, 13.8983555]]]}}, {"type": "Feature", "properties": {"osm_id": 1565125302, "building": "yes"}, "geometry": {"type": "Polygon", "coordinates": [[[98.146858, 13.8984489], [98.146807, 13.8984492], [98.1468065, 13.8983638], [98.1468574, 13.8983635], [98.146858, 13.8984489]]]}}, {"type": "Feature", "properties": {"osm_id": 1565125303, "building": "yes"}, "geometry": {"type": "Polygon", "coordinates": [[[98.1458673, 13.8983222], [98.1458626, 13.898271], [98.145978, 13.8982608], [98.1459828, 13.898312], [98.1458673, 13.8983222]]]}}, {"type": "Feature", "properties": {"osm_id": 1565125304, "building": "yes"}, "geometry": {"type": "Polygon", "coordinates": [[[98.1461227, 13.8985166], [98.1461131, 13.8984507], [98.1459841, 13.8984683], [98.1459937, 13.8985343], [98.1461227, 13.8985166]]]}}, {"type": "Feature", "properties": {"osm_id": 1565125305, "building": "yes"}, "geometry": {"type": "Polygon", "coordinates": [[[98.1461631, 13.8986507], [98.1461583, 13.8985845], [98.1459682, 13.8985974], [98.145973, 13.8986636], [98.1461631, 13.8986507]]]}}, {"type": "Feature", "properties": {"osm_id": 1565125306, "building": "yes"}, "geometry": {"type": "Polygon", "coordinates": [[[98.1469896, 13.8986978], [98.1469746, 13.8986328], [98.1468474, 13.8986604], [98.1468624, 13.8987255], [98.1469896, 13.8986978]]]}}, {"type": "Feature", "properties": {"osm_id": 1565125307, "building": "yes"}, "geometry": {"type": "Polygon", "coordinates": [[[98.1462245, 13.8985779], [98.1461797, 13.8985793], [98.1461813, 13.8986319], [98.1462262, 13.8986305], [98.1462245, 13.8985779]]]}}, {"type": "Feature", "properties": {"osm_id": 1565125308, "building": "yes"}, "geometry": {"type": "Polygon", "coordinates": [[[98.1469953, 13.8987943], [98.1469969, 13.8987508], [98.1469427, 13.8987488], [98.146941, 13.8987923], [98.1469953, 13.8987943]]]}}, {"type": "Feature", "properties": {"osm_id": 1565125309, "building": "yes"}, "geometry": {"type": "Polygon", "coordinates": [[[98.1460246, 13.8991679], [98.1460197, 13.8991284], [98.1461586, 13.8991122], [98.1461634, 13.8991517], [98.1460246, 13.8991679]]]}}, {"type": "Feature", "properties": {"osm_id": 1565125310, "building": "yes"}, "geometry": {"type": "Polygon", "coordinates": [[[98.1460394, 13.8992347], [98.1460345, 13.8991952], [98.1461733, 13.899179], [98.1461782, 13.8992185], [98.1460394, 13.8992347]]]}}, {"type": "Feature", "properties": {"osm_id": 1565125311, "building": "yes"}, "geometry": {"type": "Polygon", "coordinates": [[[98.1462115, 13.899623], [98.1461883, 13.8995604], [98.1460656, 13.8996029], [98.1460888, 13.8996657], [98.1462115, 13.899623]]]}}, {"type": "Feature", "properties": {"osm_id": 1565125312, "building": "yes"}, "geometry": {"type": "Polygon", "coordinates": [[[98.146312, 13.8993641], [98.1463636, 13.8993525], [98.1463899, 13.8994621], [98.1463384, 13.8994737], [98.146312, 13.8993641]]]}}, {"type": "Feature", "properties": {"osm_id": 1565125313, "building": "yes"}, "geometry": {"type": "Polygon", "coordinates": [[[98.1468709, 13.8988223], [98.1468034, 13.898834], [98.1468261, 13.8989585], [98.1468938, 13.8989469], [98.1468709, 13.8988223]]]}}, {"type": "Feature", "properties": {"osm_id": 1565125314, "building": "yes"}, "geometry": {"type": "Polygon", "coordinates": [[[98.146558, 13.8992914], [98.1464918, 13.8993087], [98.1465253, 13.8994309], [98.1465917, 13.8994137], [98.146558, 13.8992914]]]}}, {"type": "Feature", "properties": {"osm_id": 1565125315, "building": "yes"}, "geometry": {"type": "Polygon", "coordinates": [[[98.146455, 13.8994006], [98.1464057, 13.8994129], [98.1463838, 13.8993302], [98.1464332, 13.8993179], [98.146455, 13.8994006]]]}}, {"type": "Feature", "properties": {"osm_id": 1565125316, "building": "yes"}, "geometry": {"type": "Polygon", "coordinates": [[[98.146882, 13.8991228], [98.1468158, 13.89914], [98.1468493, 13.8992622], [98.1469157, 13.899245], [98.146882, 13.8991228]]]}}, {"type": "Feature", "properties": {"osm_id": 1565125317, "building": "yes"}, "geometry": {"type": "Polygon", "coordinates": [[[98.147189, 13.8991699], [98.1471376, 13.8991826], [98.147109, 13.8990736], [98.1471603, 13.8990609], [98.147189, 13.8991699]]]}}, {"type": "Feature", "properties": {"osm_id": 1565125318, "building": "yes"}, "geometry": {"type": "Polygon", "coordinates": [[[98.147265, 13.8991298], [98.1472249, 13.899138], [98.1471961, 13.8990052], [98.1472362, 13.898997], [98.147265, 13.8991298]]]}}, {"type": "Feature", "properties": {"osm_id": 1565125319, "building": "yes"}, "geometry": {"type": "Polygon", "coordinates": [[[98.1473197, 13.8989791], [98.1472535, 13.8989963], [98.147287, 13.8991185], [98.1473534, 13.8991013], [98.1473197, 13.8989791]]]}}, {"type": "Feature", "properties": {"osm_id": 1565125320, "building": "yes"}, "geometry": {"type": "Polygon", "coordinates": [[[98.1474917, 13.8989636], [98.1474245, 13.8989766], [98.1474498, 13.8991007], [98.1475172, 13.8990877], [98.1474917, 13.8989636]]]}}, {"type": "Feature", "properties": {"osm_id": 1565125321, "building": "yes"}, "geometry": {"type": "Polygon", "coordinates": [[[98.1476054, 13.8989865], [98.1475382, 13.8989995], [98.1475636, 13.8991236], [98.147631, 13.8991106], [98.1476054, 13.8989865]]]}}, {"type": "Feature", "properties": {"osm_id": 1565125322, "building": "yes"}, "geometry": {"type": "Polygon", "coordinates": [[[98.147782, 13.8989931], [98.1477293, 13.8989988], [98.1477165, 13.898887], [98.1477691, 13.8988813], [98.147782, 13.8989931]]]}}, {"type": "Feature", "properties": {"osm_id": 1565125323, "building": "yes"}, "geometry": {"type": "Polygon", "coordinates": [[[98.148039, 13.8985536], [98.1479709, 13.8985467], [98.1479571, 13.8986724], [98.1480255, 13.8986794], [98.148039, 13.8985536]]]}}, {"type": "Feature", "properties": {"osm_id": 1565125324, "building": "yes"}, "geometry": {"type": "Polygon", "coordinates": [[[98.1478979, 13.8985126], [98.1478295, 13.89851], [98.1478228, 13.8986768], [98.1478912, 13.8986794], [98.1478979, 13.8985126]]]}}, {"type": "Feature", "properties": {"osm_id": 1565125325, "building": "yes"}, "geometry": {"type": "Polygon", "coordinates": [[[98.1480521, 13.8986938], [98.1480652, 13.8986077], [98.1481501, 13.8986198], [98.1481371, 13.8987059], [98.1480521, 13.8986938]]]}}, {"type": "Feature", "properties": {"osm_id": 1565125326, "building": "yes"}, "geometry": {"type": "Polygon", "coordinates": [[[98.1483093, 13.8986778], [98.1483286, 13.8985929], [98.1484123, 13.8986106], [98.1483931, 13.8986957], [98.1483093, 13.8986778]]]}}, {"type": "Feature", "properties": {"osm_id": 1565125327, "building": "yes"}, "geometry": {"type": "Polygon", "coordinates": [[[98.1483186, 13.8985878], [98.1482517, 13.8985731], [98.1482228, 13.8986964], [98.1482897, 13.8987112], [98.1483186, 13.8985878]]]}}, {"type": "Feature", "properties": {"osm_id": 1565125328, "building": "yes"}, "geometry": {"type": "Polygon", "coordinates": [[[98.1483658, 13.8987814], [98.1483004, 13.8987615], [98.1482612, 13.8988821], [98.1483268, 13.8989021], [98.1483658, 13.8987814]]]}}, {"type": "Feature", "properties": {"osm_id": 1565125329, "building": "yes"}, "geometry": {"type": "Polygon", "coordinates": [[[98.1473763, 13.898395], [98.147308, 13.8984009], [98.1473195, 13.8985269], [98.1473879, 13.8985211], [98.1473763, 13.898395]]]}}, {"type": "Feature", "properties": {"osm_id": 1565125330, "building": "yes"}, "geometry": {"type": "Polygon", "coordinates": [[[98.1484576, 13.8988642], [98.1483928, 13.8988422], [98.1483498, 13.8989617], [98.1484147, 13.8989837], [98.1484576, 13.8988642]]]}}, {"type": "Feature", "properties": {"osm_id": 1565125331, "building": "yes"}, "geometry": {"type": "Polygon", "coordinates": [[[98.1484444, 13.898986], [98.1484637, 13.8989011], [98.1485475, 13.8989189], [98.1485283, 13.899004], [98.1484444, 13.898986]]]}}, {"type": "Feature", "properties": {"osm_id": 1565125332, "building": "yes"}, "geometry": {"type": "Polygon", "coordinates": [[[98.1486495, 13.8989266], [98.1485807, 13.8988999], [98.1485337, 13.8990138], [98.1486025, 13.8990405], [98.1486495, 13.8989266]]]}}, {"type": "Feature", "properties": {"osm_id": 1565125333, "building": "yes"}, "geometry": {"type": "Polygon", "coordinates": [[[98.1489462, 13.8988145], [98.1489009, 13.8988005], [98.1488601, 13.8989244], [98.1489055, 13.8989385], [98.1489462, 13.8988145]]]}}, {"type": "Feature", "properties": {"osm_id": 1565125334, "building": "yes"}, "geometry": {"type": "Polygon", "coordinates": [[[98.1488429, 13.8989685], [98.148823, 13.8990161], [98.1487155, 13.8989741], [98.1487354, 13.8989265], [98.1488429, 13.8989685]]]}}, {"type": "Feature", "properties": {"osm_id": 1565125335, "building": "yes"}, "geometry": {"type": "Polygon", "coordinates": [[[98.1495405, 13.8991044], [98.1495105, 13.899199], [98.1494599, 13.8991839], [98.14949, 13.8990893], [98.1495405, 13.8991044]]]}}, {"type": "Feature", "properties": {"osm_id": 1565128187, "building": "yes"}, "geometry": {"type": "Polygon", "coordinates": [[[98.1482512, 13.8988694], [98.1482614, 13.898827], [98.1482087, 13.8988149], [98.1481984, 13.8988573], [98.1482512, 13.8988694]]]}}, {"type": "Feature", "properties": {"osm_id": 1565128188, "building": "yes"}, "geometry": {"type": "Polygon", "coordinates": [[[98.1469437, 13.8995803], [98.1468939, 13.8995929], [98.1468577, 13.8994584], [98.1469075, 13.8994458], [98.1469437, 13.8995803]]]}}, {"type": "Feature", "properties": {"osm_id": 1565128189, "building": "yes"}, "geometry": {"type": "Polygon", "coordinates": [[[98.1472924, 13.8995367], [98.1472521, 13.8995295], [98.1472775, 13.899396], [98.1473178, 13.8994033], [98.1472924, 13.8995367]]]}}, {"type": "Feature", "properties": {"osm_id": 1565128190, "building": "yes"}, "geometry": {"type": "Polygon", "coordinates": [[[98.1473499, 13.89936], [98.1473515, 13.8993165], [98.1472973, 13.8993145], [98.1472956, 13.899358], [98.1473499, 13.89936]]]}}, {"type": "Feature", "properties": {"osm_id": 1565128191, "building": "yes"}, "geometry": {"type": "Polygon", "coordinates": [[[98.1467562, 13.8996403], [98.14669, 13.8996576], [98.1467235, 13.8997798], [98.1467899, 13.8997626], [98.1467562, 13.8996403]]]}}, {"type": "Feature", "properties": {"osm_id": 1565128192, "building": "yes"}, "geometry": {"type": "Polygon", "coordinates": [[[98.1461512, 13.899848], [98.1461346, 13.8997847], [98.1462342, 13.8997599], [98.1462509, 13.8998232], [98.1461512, 13.899848]]]}}, {"type": "Feature", "properties": {"osm_id": 1565128194, "building": "yes"}, "geometry": {"type": "Polygon", "coordinates": [[[98.146669, 13.8997621], [98.1466259, 13.8997723], [98.1466106, 13.8997115], [98.1466538, 13.8997013], [98.146669, 13.8997621]]]}}, {"type": "Feature", "properties": {"osm_id": 1565128195, "building": "yes"}, "geometry": {"type": "Polygon", "coordinates": [[[98.1471394, 13.8997271], [98.1471465, 13.8997935], [98.1472761, 13.8997805], [98.1472691, 13.8997143], [98.1471394, 13.8997271]]]}}, {"type": "Feature", "properties": {"osm_id": 1565128196, "building": "yes"}, "geometry": {"type": "Polygon", "coordinates": [[[98.146074, 13.9000395], [98.1460574, 13.8999762], [98.146157, 13.8999514], [98.1461737, 13.9000147], [98.146074, 13.9000395]]]}}, {"type": "Feature", "properties": {"osm_id": 1565128199, "building": "yes"}, "geometry": {"type": "Polygon", "coordinates": [[[98.1472125, 13.8999551], [98.1472173, 13.9000071], [98.1473228, 13.8999979], [98.147318, 13.8999459], [98.1472125, 13.8999551]]]}}, {"type": "Feature", "properties": {"osm_id": 1565128216, "building": "yes"}, "geometry": {"type": "Polygon", "coordinates": [[[98.1475111, 13.8999575], [98.1475056, 13.9000095], [98.147611, 13.90002], [98.1476165, 13.8999681], [98.1475111, 13.8999575]]]}}, {"type": "Feature", "properties": {"osm_id": 1565128217, "building": "yes"}, "geometry": {"type": "Polygon", "coordinates": [[[98.1474563, 13.8998291], [98.1474403, 13.8998939], [98.1475671, 13.8999234], [98.1475831, 13.8998587], [98.1474563, 13.8998291]]]}}, {"type": "Feature", "properties": {"osm_id": 1565128218, "building": "yes"}, "geometry": {"type": "Polygon", "coordinates": [[[98.1474654, 13.8997086], [98.1474514, 13.899759], [98.1475537, 13.8997858], [98.1475677, 13.8997354], [98.1474654, 13.8997086]]]}}, {"type": "Feature", "properties": {"osm_id": 1565128219, "building": "yes"}, "geometry": {"type": "Polygon", "coordinates": [[[98.1476322, 13.8995825], [98.1476166, 13.8996296], [98.1475329, 13.8996035], [98.1475485, 13.8995564], [98.1476322, 13.8995825]]]}}, {"type": "Feature", "properties": {"osm_id": 1565128220, "building": "yes"}, "geometry": {"type": "Polygon", "coordinates": [[[98.1475813, 13.8994107], [98.1475673, 13.8994611], [98.1476695, 13.8994879], [98.1476836, 13.8994375], [98.1475813, 13.8994107]]]}}, {"type": "Feature", "properties": {"osm_id": 1565128221, "building": "yes"}, "geometry": {"type": "Polygon", "coordinates": [[[98.1475091, 13.8993631], [98.1475102, 13.8992762], [98.1475958, 13.899277], [98.1475949, 13.8993641], [98.1475091, 13.8993631]]]}}, {"type": "Feature", "properties": {"osm_id": 1565128222, "building": "yes"}, "geometry": {"type": "Polygon", "coordinates": [[[98.1477843, 13.8993045], [98.1477161, 13.8992975], [98.1477024, 13.8994233], [98.1477707, 13.8994303], [98.1477843, 13.8993045]]]}}, {"type": "Feature", "properties": {"osm_id": 1565128223, "building": "yes"}, "geometry": {"type": "Polygon", "coordinates": [[[98.1478662, 13.8993782], [98.1478153, 13.8993766], [98.1478181, 13.8992913], [98.1478691, 13.8992929], [98.1478662, 13.8993782]]]}}, {"type": "Feature", "properties": {"osm_id": 1565128224, "building": "yes"}, "geometry": {"type": "Polygon", "coordinates": [[[98.1480031, 13.8992895], [98.1479216, 13.8992854], [98.1479148, 13.8994137], [98.1479963, 13.8994178], [98.1480031, 13.8992895]]]}}, {"type": "Feature", "properties": {"osm_id": 1565128225, "building": "yes"}, "geometry": {"type": "Polygon", "coordinates": [[[98.1480572, 13.8995295], [98.1480043, 13.8995274], [98.148009, 13.899415], [98.1480619, 13.8994171], [98.1480572, 13.8995295]]]}}, {"type": "Feature", "properties": {"osm_id": 1565128226, "building": "yes"}, "geometry": {"type": "Polygon", "coordinates": [[[98.1481122, 13.899229], [98.1480439, 13.8992241], [98.1480313, 13.8993905], [98.1480995, 13.8993954], [98.1481122, 13.899229]]]}}, {"type": "Feature", "properties": {"osm_id": 1565128227, "building": "yes"}, "geometry": {"type": "Polygon", "coordinates": [[[98.1482357, 13.8993504], [98.1483043, 13.8993538], [98.1483112, 13.8992275], [98.1482427, 13.899224], [98.1482357, 13.8993504]]]}}, {"type": "Feature", "properties": {"osm_id": 1565128229, "building": "yes"}, "geometry": {"type": "Polygon", "coordinates": [[[98.1482843, 13.8994627], [98.1482162, 13.8994558], [98.1482025, 13.8995816], [98.1482708, 13.8995886], [98.1482843, 13.8994627]]]}}, {"type": "Feature", "properties": {"osm_id": 1565128230, "building": "yes"}, "geometry": {"type": "Polygon", "coordinates": [[[98.148212, 13.8992612], [98.148159, 13.8992527], [98.1481417, 13.8993541], [98.1481948, 13.8993626], [98.148212, 13.8992612]]]}}, {"type": "Feature", "properties": {"osm_id": 1565128231, "building": "yes"}, "geometry": {"type": "Polygon", "coordinates": [[[98.1486103, 13.8993392], [98.1485619, 13.8993241], [98.1485888, 13.8992428], [98.1486373, 13.899258], [98.1486103, 13.8993392]]]}}, {"type": "Feature", "properties": {"osm_id": 1565128232, "building": "yes"}, "geometry": {"type": "Polygon", "coordinates": [[[98.1484449, 13.8995446], [98.1484558, 13.8994989], [98.1485807, 13.8995271], [98.1485697, 13.8995728], [98.1484449, 13.8995446]]]}}, {"type": "Feature", "properties": {"osm_id": 1565128233, "building": "yes"}, "geometry": {"type": "Polygon", "coordinates": [[[98.1486275, 13.8993566], [98.1486524, 13.8992731], [98.1487348, 13.899296], [98.14871, 13.8993797], [98.1486275, 13.8993566]]]}}, {"type": "Feature", "properties": {"osm_id": 1565128234, "building": "yes"}, "geometry": {"type": "Polygon", "coordinates": [[[98.1485694, 13.8992244], [98.1485081, 13.899204], [98.1484762, 13.8992943], [98.1485374, 13.8993148], [98.1485694, 13.8992244]]]}}, {"type": "Feature", "properties": {"osm_id": 1565128235, "building": "yes"}, "geometry": {"type": "Polygon", "coordinates": [[[98.1483983, 13.8992318], [98.1483338, 13.8992259], [98.1483245, 13.899321], [98.1483891, 13.8993269], [98.1483983, 13.8992318]]]}}, {"type": "Feature", "properties": {"osm_id": 1565128238, "building": "yes"}, "geometry": {"type": "Polygon", "coordinates": [[[98.1482281, 13.899968], [98.1482026, 13.90003], [98.1483237, 13.9000769], [98.1483491, 13.900015], [98.1482281, 13.899968]]]}}, {"type": "Feature", "properties": {"osm_id": 1565128239, "building": "yes"}, "geometry": {"type": "Polygon", "coordinates": [[[98.1482821, 13.899837], [98.1482642, 13.8998862], [98.1483641, 13.8999205], [98.148382, 13.8998712], [98.1482821, 13.899837]]]}}, {"type": "Feature", "properties": {"osm_id": 1565128240, "building": "yes"}, "geometry": {"type": "Polygon", "coordinates": [[[98.148335, 13.8997481], [98.148318, 13.8997976], [98.1484184, 13.8998302], [98.1484355, 13.8997807], [98.148335, 13.8997481]]]}}, {"type": "Feature", "properties": {"osm_id": 1565128241, "building": "yes"}, "geometry": {"type": "Polygon", "coordinates": [[[98.1484227, 13.8996339], [98.1484087, 13.8996843], [98.148511, 13.8997111], [98.148525, 13.8996607], [98.1484227, 13.8996339]]]}}, {"type": "Feature", "properties": {"osm_id": 1565128243, "building": "yes"}, "geometry": {"type": "Polygon", "coordinates": [[[98.1483588, 13.8999274], [98.1483437, 13.899968], [98.1482831, 13.8999467], [98.1482981, 13.8999062], [98.1483588, 13.8999274]]]}}, {"type": "Feature", "properties": {"osm_id": 1565128244, "building": "yes"}, "geometry": {"type": "Polygon", "coordinates": [[[98.1484275, 13.8999628], [98.1484124, 13.9000034], [98.1483517, 13.8999821], [98.1483668, 13.8999416], [98.1484275, 13.8999628]]]}}, {"type": "Feature", "properties": {"osm_id": 1565309113, "building": "yes"}, "geometry": {"type": "Polygon", "coordinates": [[[98.1540661, 13.8749561], [98.1542213, 13.8749066], [98.154197, 13.874835], [98.1540418, 13.8748845], [98.1540661, 13.8749561]]]}}, {"type": "Feature", "properties": {"osm_id": 1565309114, "building": "yes"}, "geometry": {"type": "Polygon", "coordinates": [[[98.1544219, 13.8749586], [98.1545286, 13.8749613], [98.1545319, 13.8748377], [98.1544252, 13.874835], [98.1544219, 13.8749586]]]}}, {"type": "Feature", "properties": {"osm_id": 1565309115, "building": "yes"}, "geometry": {"type": "Polygon", "coordinates": [[[98.1544965, 13.8746755], [98.1546271, 13.87468], [98.1546291, 13.8746252], [98.1544985, 13.8746207], [98.1544965, 13.8746755]]]}}, {"type": "Feature", "properties": {"osm_id": 1565309116, "building": "yes"}, "geometry": {"type": "Polygon", "coordinates": [[[98.1545107, 13.8745867], [98.1546019, 13.8745868], [98.1546019, 13.8745313], [98.1545107, 13.8745314], [98.1545107, 13.8745867]]]}}, {"type": "Feature", "properties": {"osm_id": 1565309117, "building": "yes"}, "geometry": {"type": "Polygon", "coordinates": [[[98.1543951, 13.8744372], [98.1542849, 13.8744247], [98.1542925, 13.8743625], [98.1544026, 13.874375], [98.1543951, 13.8744372]]]}}, {"type": "Feature", "properties": {"osm_id": 1565309118, "building": "yes"}, "geometry": {"type": "Polygon", "coordinates": [[[98.1536631, 13.8750456], [98.1537265, 13.8750335], [98.1537542, 13.8751705], [98.1536907, 13.8751826], [98.1536631, 13.8750456]]]}}, {"type": "Feature", "properties": {"osm_id": 1565309119, "building": "yes"}, "geometry": {"type": "Polygon", "coordinates": [[[98.154007, 13.8751038], [98.154022, 13.8751776], [98.1538666, 13.8752074], [98.1538516, 13.8751335], [98.154007, 13.8751038]]]}}, {"type": "Feature", "properties": {"osm_id": 1565309120, "building": "yes"}, "geometry": {"type": "Polygon", "coordinates": [[[98.1532163, 13.8750323], [98.1533012, 13.8750162], [98.1533252, 13.8751351], [98.1532404, 13.8751513], [98.1532163, 13.8750323]]]}}, {"type": "Feature", "properties": {"osm_id": 1565309121, "building": "yes"}, "geometry": {"type": "Polygon", "coordinates": [[[98.153395, 13.875044], [98.1534543, 13.8750317], [98.1534903, 13.8751952], [98.153431, 13.8752075], [98.153395, 13.875044]]]}}, {"type": "Feature", "properties": {"osm_id": 1565309122, "building": "yes"}, "geometry": {"type": "Polygon", "coordinates": [[[98.1525985, 13.8747013], [98.1526003, 13.8746128], [98.1524108, 13.8746092], [98.152409, 13.8746976], [98.1525985, 13.8747013]]]}}, {"type": "Feature", "properties": {"osm_id": 1565309123, "building": "yes"}, "geometry": {"type": "Polygon", "coordinates": [[[98.1522635, 13.874601], [98.1523638, 13.8746002], [98.1523646, 13.8746906], [98.1522642, 13.8746915], [98.1522635, 13.874601]]]}}, {"type": "Feature", "properties": {"osm_id": 1565309124, "building": "yes"}, "geometry": {"type": "Polygon", "coordinates": [[[98.1525697, 13.8745679], [98.1524522, 13.8745704], [98.1524509, 13.8745139], [98.1525684, 13.8745113], [98.1525697, 13.8745679]]]}}, {"type": "Feature", "properties": {"osm_id": 1565309125, "building": "yes"}, "geometry": {"type": "Polygon", "coordinates": [[[98.1525905, 13.8741435], [98.1526905, 13.8741219], [98.1527064, 13.8741911], [98.1526064, 13.8742128], [98.1525905, 13.8741435]]]}}, {"type": "Feature", "properties": {"osm_id": 1565309126, "building": "yes"}, "geometry": {"type": "Polygon", "coordinates": [[[98.153067, 13.8742681], [98.1532016, 13.8742895], [98.1532126, 13.8742243], [98.153078, 13.8742029], [98.153067, 13.8742681]]]}}, {"type": "Feature", "properties": {"osm_id": 1565309127, "building": "yes"}, "geometry": {"type": "Polygon", "coordinates": [[[98.1529842, 13.8731532], [98.1533164, 13.8731579], [98.1533189, 13.8729904], [98.1529868, 13.8729857], [98.1529842, 13.8731532]]]}}, {"type": "Feature", "properties": {"osm_id": 1565309128, "building": "yes"}, "geometry": {"type": "Polygon", "coordinates": [[[98.1532761, 13.8728837], [98.1530306, 13.8728808], [98.1530322, 13.8727513], [98.1532777, 13.8727542], [98.1532761, 13.8728837]]]}}, {"type": "Feature", "properties": {"osm_id": 1565309129, "building": "yes"}, "geometry": {"type": "Polygon", "coordinates": [[[98.1529898, 13.8728212], [98.153011, 13.8721247], [98.1529563, 13.8721231], [98.1529498, 13.8723359], [98.1527041, 13.8723289], [98.152702, 13.8723976], [98.152938, 13.8724043], [98.1529254, 13.8728193], [98.1529898, 13.8728212]]]}}, {"type": "Feature", "properties": {"osm_id": 1565309130, "building": "yes"}, "geometry": {"type": "Polygon", "coordinates": [[[98.1528929, 13.8725171], [98.1528971, 13.8724167], [98.1527003, 13.872409], [98.1526961, 13.8725094], [98.1528929, 13.8725171]]]}}, {"type": "Feature", "properties": {"osm_id": 1565309131, "building": "yes"}, "geometry": {"type": "Polygon", "coordinates": [[[98.1528161, 13.8721389], [98.1529319, 13.8721402], [98.1529296, 13.8723209], [98.1528139, 13.8723195], [98.1528161, 13.8721389]]]}}, {"type": "Feature", "properties": {"osm_id": 1565309132, "building": "yes"}, "geometry": {"type": "Polygon", "coordinates": [[[98.152551, 13.8723065], [98.1527316, 13.8723099], [98.1527347, 13.8721539], [98.1526753, 13.8721527], [98.1526737, 13.8722312], [98.1525525, 13.8722289], [98.152551, 13.8723065]]]}}, {"type": "Feature", "properties": {"osm_id": 1565309133, "building": "yes"}, "geometry": {"type": "Polygon", "coordinates": [[[98.1529594, 13.8721077], [98.153017, 13.8721079], [98.1530173, 13.8720232], [98.1529597, 13.872023], [98.1529594, 13.8721077]]]}}, {"type": "Feature", "properties": {"osm_id": 1565309134, "building": "yes"}, "geometry": {"type": "Polygon", "coordinates": [[[98.1529581, 13.8720135], [98.1530296, 13.8720155], [98.1530324, 13.871925], [98.1529609, 13.8719229], [98.1529581, 13.8720135]]]}}, {"type": "Feature", "properties": {"osm_id": 1565309135, "building": "yes"}, "geometry": {"type": "Polygon", "coordinates": [[[98.1532238, 13.8725253], [98.1532291, 13.8724001], [98.1530218, 13.8723917], [98.1530165, 13.872517], [98.1532238, 13.8725253]]]}}, {"type": "Feature", "properties": {"osm_id": 1565309136, "building": "yes"}, "geometry": {"type": "Polygon", "coordinates": [[[98.1531491, 13.8723158], [98.1531443, 13.8723728], [98.1530329, 13.8723639], [98.1530377, 13.8723069], [98.1531491, 13.8723158]]]}}, {"type": "Feature", "properties": {"osm_id": 1565309137, "building": "yes"}, "geometry": {"type": "Polygon", "coordinates": [[[98.1531412, 13.8722371], [98.1531375, 13.8722894], [98.1530157, 13.8722812], [98.1530194, 13.8722289], [98.1531412, 13.8722371]]]}}, {"type": "Feature", "properties": {"osm_id": 1565309138, "building": "yes"}, "geometry": {"type": "Polygon", "coordinates": [[[98.1525695, 13.8726412], [98.1527311, 13.8726448], [98.1527264, 13.872846], [98.1525083, 13.8728411], [98.15251, 13.872768], [98.1525496, 13.8727689], [98.152549, 13.8727945], [98.1526241, 13.8727962], [98.1526258, 13.8727282], [98.1525674, 13.8727269], [98.1525695, 13.8726412]]]}}, {"type": "Feature", "properties": {"osm_id": 1565309139, "building": "yes"}, "geometry": {"type": "Polygon", "coordinates": [[[98.1523853, 13.8728437], [98.1524573, 13.8728424], [98.1524556, 13.8727449], [98.1523836, 13.8727462], [98.1523853, 13.8728437]]]}}, {"type": "Feature", "properties": {"osm_id": 1565309140, "building": "yes"}, "geometry": {"type": "Polygon", "coordinates": [[[98.1525694, 13.8730016], [98.1526439, 13.8730013], [98.1526437, 13.8729389], [98.1525691, 13.8729392], [98.1525694, 13.8730016]]]}}, {"type": "Feature", "properties": {"osm_id": 1565309141, "building": "yes"}, "geometry": {"type": "Polygon", "coordinates": [[[98.1527289, 13.8720808], [98.1528047, 13.8720784], [98.1528026, 13.872011], [98.1527296, 13.8720104], [98.1527289, 13.8720808]]]}}, {"type": "Feature", "properties": {"osm_id": 1565309142, "building": "yes"}, "geometry": {"type": "Polygon", "coordinates": [[[98.1527301, 13.8719517], [98.1528031, 13.8719523], [98.1528026, 13.872011], [98.1527296, 13.8720104], [98.1527301, 13.8719517]]]}}, {"type": "Feature", "properties": {"osm_id": 1565309143, "building": "yes"}, "geometry": {"type": "Polygon", "coordinates": [[[98.1528227, 13.8719041], [98.1529408, 13.8718987], [98.1529373, 13.871826], [98.1528192, 13.8718314], [98.1528227, 13.8719041]]]}}, {"type": "Feature", "properties": {"osm_id": 1565309144, "building": "yes"}, "geometry": {"type": "Polygon", "coordinates": [[[98.152912, 13.8717702], [98.1530034, 13.8717677], [98.153001, 13.8716859], [98.1529096, 13.8716884], [98.152912, 13.8717702]]]}}, {"type": "Feature", "properties": {"osm_id": 1565309145, "building": "yes"}, "geometry": {"type": "Polygon", "coordinates": [[[98.1522781, 13.8725136], [98.1524069, 13.8725025], [98.1524008, 13.8724363], [98.152272, 13.8724474], [98.1522781, 13.8725136]]]}}, {"type": "Feature", "properties": {"osm_id": 1565309146, "building": "yes"}, "geometry": {"type": "Polygon", "coordinates": [[[98.1542317, 13.8738894], [98.1543602, 13.8738923], [98.1543632, 13.8737681], [98.1542346, 13.8737652], [98.1542317, 13.8738894]]]}}, {"type": "Feature", "properties": {"osm_id": 1565309147, "building": "yes"}, "geometry": {"type": "Polygon", "coordinates": [[[98.1543051, 13.873691], [98.154362, 13.8736871], [98.154355, 13.8735906], [98.1542981, 13.8735945], [98.1543051, 13.873691]]]}}, {"type": "Feature", "properties": {"osm_id": 1565309148, "building": "yes"}, "geometry": {"type": "Polygon", "coordinates": [[[98.1553684, 13.8746711], [98.1555591, 13.8746866], [98.155565, 13.8746174], [98.1553743, 13.8746019], [98.1553684, 13.8746711]]]}}, {"type": "Feature", "properties": {"osm_id": 1565309149, "building": "yes"}, "geometry": {"type": "Polygon", "coordinates": [[[98.155744, 13.874716], [98.1558778, 13.8747336], [98.1558875, 13.8746642], [98.1557537, 13.8746465], [98.155744, 13.874716]]]}}, {"type": "Feature", "properties": {"osm_id": 1565309150, "building": "yes"}, "geometry": {"type": "Polygon", "coordinates": [[[98.1557771, 13.8745675], [98.1559234, 13.8745895], [98.1559371, 13.8745039], [98.1557908, 13.8744819], [98.1557771, 13.8745675]]]}}, {"type": "Feature", "properties": {"osm_id": 1565309151, "building": "yes"}, "geometry": {"type": "Polygon", "coordinates": [[[98.1558609, 13.8744051], [98.1560251, 13.8744386], [98.1560414, 13.8743629], [98.1558772, 13.8743294], [98.1558609, 13.8744051]]]}}, {"type": "Feature", "properties": {"osm_id": 1565309152, "building": "yes"}, "geometry": {"type": "Polygon", "coordinates": [[[98.1557017, 13.8744671], [98.1557593, 13.8744655], [98.1557579, 13.8744183], [98.1557003, 13.8744199], [98.1557017, 13.8744671]]]}}, {"type": "Feature", "properties": {"osm_id": 1565309153, "building": "yes"}, "geometry": {"type": "Polygon", "coordinates": [[[98.15578, 13.8740958], [98.1557784, 13.8741544], [98.1556984, 13.8741525], [98.1557, 13.8740938], [98.15578, 13.8740958]]]}}, {"type": "Feature", "properties": {"osm_id": 1565309154, "building": "yes"}, "geometry": {"type": "Polygon", "coordinates": [[[98.1560311, 13.8737958], [98.1562902, 13.8738519], [98.1563102, 13.8737647], [98.1560512, 13.8737086], [98.1560311, 13.8737958]]]}}, {"type": "Feature", "properties": {"osm_id": 1565309155, "building": "yes"}, "geometry": {"type": "Polygon", "coordinates": [[[98.1562274, 13.8745798], [98.1564569, 13.8746258], [98.156473, 13.8745503], [98.1562434, 13.8745043], [98.1562274, 13.8745798]]]}}, {"type": "Feature", "properties": {"osm_id": 1565309156, "building": "yes"}, "geometry": {"type": "Polygon", "coordinates": [[[98.1558245, 13.8753654], [98.1560508, 13.8754298], [98.156063, 13.8753894], [98.1558367, 13.875325], [98.1558245, 13.8753654]]]}}, {"type": "Feature", "properties": {"osm_id": 1565309157, "building": "yes"}, "geometry": {"type": "Polygon", "coordinates": [[[98.1556491, 13.8749229], [98.1557154, 13.8749263], [98.1557183, 13.874873], [98.1556519, 13.8748697], [98.1556491, 13.8749229]]]}}, {"type": "Feature", "properties": {"osm_id": 1565309158, "building": "yes"}, "geometry": {"type": "Polygon", "coordinates": [[[98.1560778, 13.8753779], [98.1560936, 13.8753274], [98.1559135, 13.8752743], [98.1558977, 13.8753248], [98.1560778, 13.8753779]]]}}, {"type": "Feature", "properties": {"osm_id": 1565309159, "building": "yes"}, "geometry": {"type": "Polygon", "coordinates": [[[98.155994, 13.875283], [98.1560222, 13.8752159], [98.155907, 13.8751701], [98.1558787, 13.8752372], [98.155994, 13.875283]]]}}, {"type": "Feature", "properties": {"osm_id": 1565309160, "building": "yes"}, "geometry": {"type": "Polygon", "coordinates": [[[98.155394, 13.8750959], [98.1555717, 13.875105], [98.155575, 13.8750436], [98.1553973, 13.8750346], [98.155394, 13.8750959]]]}}, {"type": "Feature", "properties": {"osm_id": 1565309161, "building": "yes"}, "geometry": {"type": "Polygon", "coordinates": [[[98.1555966, 13.8750896], [98.1556713, 13.8750995], [98.1556791, 13.8750446], [98.1556043, 13.8750346], [98.1555966, 13.8750896]]]}}, {"type": "Feature", "properties": {"osm_id": 1565309162, "building": "yes"}, "geometry": {"type": "Polygon", "coordinates": [[[98.1553466, 13.8752543], [98.155347, 13.875202], [98.1552387, 13.8752011], [98.1552382, 13.8752534], [98.1553354, 13.8752542], [98.1553466, 13.8752543]]]}}, {"type": "Feature", "properties": {"osm_id": 1565309163, "building": "yes"}, "geometry": {"type": "Polygon", "coordinates": [[[98.155404, 13.8755482], [98.1554088, 13.8754903], [98.1552936, 13.8754813], [98.1552888, 13.8755392], [98.155404, 13.8755482]]]}}, {"type": "Feature", "properties": {"osm_id": 1565309164, "building": "yes"}, "geometry": {"type": "Polygon", "coordinates": [[[98.1553233, 13.8756601], [98.1553241, 13.8756063], [98.1551065, 13.8756032], [98.1551057, 13.875657], [98.1553233, 13.8756601]]]}}, {"type": "Feature", "properties": {"osm_id": 1565309165, "building": "yes"}, "geometry": {"type": "Polygon", "coordinates": [[[98.1552101, 13.8758776], [98.1552293, 13.8758147], [98.1550841, 13.875773], [98.1550578, 13.8758591], [98.1551841, 13.8758953], [98.1551958, 13.8758988], [98.1552101, 13.8758776]]]}}, {"type": "Feature", "properties": {"osm_id": 1565309166, "building": "yes"}, "geometry": {"type": "Polygon", "coordinates": [[[98.1551713, 13.8759502], [98.1551841, 13.8758953], [98.1550281, 13.8758611], [98.1550153, 13.875916], [98.1551713, 13.8759502]]]}}, {"type": "Feature", "properties": {"osm_id": 1565309167, "building": "yes"}, "geometry": {"type": "Polygon", "coordinates": [[[98.1549694, 13.8758124], [98.1549669, 13.8757597], [98.1548977, 13.8757628], [98.1549002, 13.8758156], [98.1549694, 13.8758124]]]}}, {"type": "Feature", "properties": {"osm_id": 1565309168, "building": "yes"}, "geometry": {"type": "Polygon", "coordinates": [[[98.1551333, 13.8760719], [98.1551466, 13.876026], [98.1550602, 13.8760023], [98.1550469, 13.8760482], [98.1551333, 13.8760719]]]}}, {"type": "Feature", "properties": {"osm_id": 1565309169, "building": "yes"}, "geometry": {"type": "Polygon", "coordinates": [[[98.1549998, 13.8760754], [98.154978, 13.8761262], [98.1549021, 13.8760955], [98.1549239, 13.8760448], [98.1549998, 13.8760754]]]}}, {"type": "Feature", "properties": {"osm_id": 1565316724, "building": "yes"}, "geometry": {"type": "Polygon", "coordinates": [[[98.1573933, 13.8735199], [98.1573827, 13.8735413], [98.1573649, 13.8736004], [98.157349, 13.8736524], [98.1571779, 13.8735984], [98.1572222, 13.8734659], [98.1573933, 13.8735199]]]}}, {"type": "Feature", "properties": {"osm_id": 1565316725, "building": "yes"}, "geometry": {"type": "Polygon", "coordinates": [[[98.1574748, 13.8736316], [98.1574926, 13.8735724], [98.1573827, 13.8735413], [98.1573649, 13.8736004], [98.1574748, 13.8736316]]]}}, {"type": "Feature", "properties": {"osm_id": 1565316726, "building": "yes"}, "geometry": {"type": "Polygon", "coordinates": [[[98.1574593, 13.873796], [98.1574962, 13.8738096], [98.1575131, 13.8737666], [98.1574762, 13.8737529], [98.1574593, 13.873796]]]}}, {"type": "Feature", "properties": {"osm_id": 1565316727, "building": "yes"}, "geometry": {"type": "Polygon", "coordinates": [[[98.156919, 13.8724765], [98.1569323, 13.8724161], [98.156841, 13.8723972], [98.1568277, 13.8724576], [98.156919, 13.8724765]]]}}, {"type": "Feature", "properties": {"osm_id": 1565316815, "building": "yes"}, "geometry": {"type": "Polygon", "coordinates": [[[98.1570055, 13.8717343], [98.1570595, 13.871637], [98.1569411, 13.8715752], [98.1568872, 13.8716724], [98.1570055, 13.8717343]]]}}, {"type": "Feature", "properties": {"osm_id": 1565318527, "building": "yes"}, "geometry": {"type": "Polygon", "coordinates": [[[98.1583536, 13.8728441], [98.1583667, 13.8727911], [98.1582886, 13.8727729], [98.1582755, 13.8728259], [98.1583536, 13.8728441]]]}}, {"type": "Feature", "properties": {"osm_id": 1565318528, "building": "yes"}, "geometry": {"type": "Polygon", "coordinates": [[[98.1587803, 13.8727381], [98.1587984, 13.8726814], [98.1586856, 13.8726476], [98.1586675, 13.8727043], [98.1587803, 13.8727381]]]}}, {"type": "Feature", "properties": {"osm_id": 1565318529, "building": "yes"}, "geometry": {"type": "Polygon", "coordinates": [[[98.1583794, 13.8726313], [98.1584783, 13.8726447], [98.1584902, 13.872562], [98.1583913, 13.8725486], [98.1583794, 13.8726313]]]}}, {"type": "Feature", "properties": {"osm_id": 1565318530, "building": "yes"}, "geometry": {"type": "Polygon", "coordinates": [[[98.1521907, 13.8691887], [98.152209, 13.8692805], [98.1520938, 13.8693021], [98.1520971, 13.8693187], [98.1519465, 13.869347], [98.1519425, 13.8693271], [98.151869, 13.8693409], [98.1518514, 13.8692525], [98.1521907, 13.8691887]]]}}, {"type": "Feature", "properties": {"osm_id": 1565318531, "building": "yes"}, "geometry": {"type": "Polygon", "coordinates": [[[98.1580437, 13.8706594], [98.1580554, 13.8706023], [98.1579212, 13.8705764], [98.1579095, 13.8706335], [98.1580437, 13.8706594]]]}}, {"type": "Feature", "properties": {"osm_id": 1565318532, "building": "yes"}, "geometry": {"type": "Polygon", "coordinates": [[[98.1579536, 13.8709155], [98.1579921, 13.8708577], [98.1579061, 13.8708036], [98.1578676, 13.8708614], [98.1579536, 13.8709155]]]}}, {"type": "Feature", "properties": {"osm_id": 1565318533, "building": "yes"}, "geometry": {"type": "Polygon", "coordinates": [[[98.1580959, 13.8704968], [98.1581168, 13.8704494], [98.1579683, 13.8703877], [98.1579306, 13.8704733], [98.1580195, 13.8705102], [98.1580364, 13.870472], [98.1580959, 13.8704968]]]}}, {"type": "Feature", "properties": {"osm_id": 1565318534, "building": "yes"}, "geometry": {"type": "Polygon", "coordinates": [[[98.1596105, 13.8752266], [98.159617, 13.8751325], [98.1594613, 13.8751223], [98.1594548, 13.8752163], [98.1596105, 13.8752266]]]}}, {"type": "Feature", "properties": {"osm_id": 1565318535, "building": "yes"}, "geometry": {"type": "Polygon", "coordinates": [[[98.1561668, 13.8777516], [98.1561582, 13.8776813], [98.1559918, 13.8777006], [98.1560004, 13.8777708], [98.1561668, 13.8777516]]]}}, {"type": "Feature", "properties": {"osm_id": 1565318536, "building": "yes"}, "geometry": {"type": "Polygon", "coordinates": [[[98.1563141, 13.8779067], [98.1563175, 13.8777848], [98.1562276, 13.8777825], [98.1562242, 13.8779043], [98.1563141, 13.8779067]]]}}, {"type": "Feature", "properties": {"osm_id": 1565318537, "building": "yes"}, "geometry": {"type": "Polygon", "coordinates": [[[98.1565203, 13.8779254], [98.1565239, 13.8777863], [98.1564356, 13.8777842], [98.156432, 13.8779233], [98.1565203, 13.8779254]]]}}, {"type": "Feature", "properties": {"osm_id": 1565318538, "building": "yes"}, "geometry": {"type": "Polygon", "coordinates": [[[98.1554286, 13.8784642], [98.1554828, 13.8784555], [98.1554621, 13.8783337], [98.1554079, 13.8783424], [98.1554286, 13.8784642]]]}}, {"type": "Feature", "properties": {"osm_id": 1565318539, "building": "yes"}, "geometry": {"type": "Polygon", "coordinates": [[[98.1553919, 13.8781088], [98.1554427, 13.878088], [98.1554126, 13.8780187], [98.1553618, 13.8780395], [98.1553919, 13.8781088]]]}}, {"type": "Feature", "properties": {"osm_id": 1565318540, "building": "yes"}, "geometry": {"type": "Polygon", "coordinates": [[[98.1552342, 13.8778483], [98.1553115, 13.8778476], [98.1553109, 13.8777869], [98.1552336, 13.8777876], [98.1552342, 13.8778483]]]}}, {"type": "Feature", "properties": {"osm_id": 1565318541, "building": "yes"}, "geometry": {"type": "Polygon", "coordinates": [[[98.1550888, 13.8776258], [98.1551924, 13.8776208], [98.1551846, 13.8774673], [98.155081, 13.8774723], [98.1550888, 13.8776258]]]}}, {"type": "Feature", "properties": {"osm_id": 1565318542, "building": "yes"}, "geometry": {"type": "Polygon", "coordinates": [[[98.1546218, 13.8787766], [98.1547964, 13.8787383], [98.1547766, 13.878653], [98.1546019, 13.8786913], [98.1546218, 13.8787766]]]}}, {"type": "Feature", "properties": {"osm_id": 1565318543, "building": "yes"}, "geometry": {"type": "Polygon", "coordinates": [[[98.1544028, 13.8787958], [98.1544154, 13.8787265], [98.1543033, 13.8787072], [98.1542906, 13.8787765], [98.1544028, 13.8787958]]]}}, {"type": "Feature", "properties": {"osm_id": 1565318544, "building": "yes"}, "geometry": {"type": "Polygon", "coordinates": [[[98.1542583, 13.8792588], [98.1542745, 13.8792167], [98.154135, 13.8791659], [98.1541188, 13.879208], [98.1542583, 13.8792588]]]}}, {"type": "Feature", "properties": {"osm_id": 1565318545, "building": "yes"}, "geometry": {"type": "Polygon", "coordinates": [[[98.1538397, 13.8796165], [98.1539048, 13.8795064], [98.1538371, 13.8794686], [98.1537719, 13.8795787], [98.1538397, 13.8796165]]]}}, {"type": "Feature", "properties": {"osm_id": 1565318546, "building": "yes"}, "geometry": {"type": "Polygon", "coordinates": [[[98.1535286, 13.8797824], [98.1535435, 13.8797422], [98.1533448, 13.8796724], [98.1533298, 13.8797126], [98.1535286, 13.8797824]]]}}, {"type": "Feature", "properties": {"osm_id": 1565318547, "building": "yes"}, "geometry": {"type": "Polygon", "coordinates": [[[98.1535128, 13.879653], [98.1534957, 13.8797049], [98.1533414, 13.879657], [98.1533585, 13.8796051], [98.1535128, 13.879653]]]}}, {"type": "Feature", "properties": {"osm_id": 1565318548, "building": "yes"}, "geometry": {"type": "Polygon", "coordinates": [[[98.1533111, 13.8796761], [98.1533278, 13.8795883], [98.1532792, 13.8795796], [98.1532625, 13.8796674], [98.1533111, 13.8796761]]]}}, {"type": "Feature", "properties": {"osm_id": 1565318549, "building": "yes"}, "geometry": {"type": "Polygon", "coordinates": [[[98.153183, 13.8796586], [98.1532534, 13.8796645], [98.1532626, 13.87956], [98.1531922, 13.8795541], [98.153183, 13.8796586]]]}}, {"type": "Feature", "properties": {"osm_id": 1565318550, "building": "yes"}, "geometry": {"type": "Polygon", "coordinates": [[[98.1531688, 13.8796561], [98.1531644, 13.8795129], [98.1530819, 13.8795153], [98.153083, 13.8795376], [98.1530848, 13.8795857], [98.1530863, 13.8796585], [98.1531688, 13.8796561]]]}}, {"type": "Feature", "properties": {"osm_id": 1565318551, "building": "yes"}, "geometry": {"type": "Polygon", "coordinates": [[[98.1530339, 13.8796508], [98.1530734, 13.8796486], [98.153071, 13.8796066], [98.1530314, 13.8796088], [98.1530339, 13.8796508]]]}}, {"type": "Feature", "properties": {"osm_id": 1565318552, "building": "yes"}, "geometry": {"type": "Polygon", "coordinates": [[[98.1530204, 13.8795398], [98.153083, 13.8795376], [98.1530848, 13.8795857], [98.1530222, 13.879588], [98.1530204, 13.8795398]]]}}, {"type": "Feature", "properties": {"osm_id": 1565318553, "building": "yes"}, "geometry": {"type": "Polygon", "coordinates": [[[98.1526373, 13.8797128], [98.1525631, 13.8797238], [98.1525913, 13.8799017], [98.1526664, 13.8798873], [98.1526373, 13.8797128]]]}}, {"type": "Feature", "properties": {"osm_id": 1565318554, "building": "yes"}, "geometry": {"type": "Polygon", "coordinates": [[[98.1526664, 13.8798873], [98.1526754, 13.8799315], [98.1525892, 13.8799481], [98.1525801, 13.8799039], [98.1525913, 13.8799017], [98.1526664, 13.8798873]]]}}, {"type": "Feature", "properties": {"osm_id": 1565318555, "building": "yes"}, "geometry": {"type": "Polygon", "coordinates": [[[98.1532564, 13.8803153], [98.1532734, 13.8802223], [98.1530911, 13.8801908], [98.153074, 13.8802837], [98.1532564, 13.8803153]]]}}, {"type": "Feature", "properties": {"osm_id": 1565318556, "building": "yes"}, "geometry": {"type": "Polygon", "coordinates": [[[98.1530423, 13.8802814], [98.1530494, 13.8800626], [98.1529751, 13.8800603], [98.1529699, 13.8801977], [98.152968, 13.8802791], [98.1530423, 13.8802814]]]}}, {"type": "Feature", "properties": {"osm_id": 1565318557, "building": "yes"}, "geometry": {"type": "Polygon", "coordinates": [[[98.1529699, 13.8801977], [98.1528883, 13.8801987], [98.1528862, 13.8800368], [98.1529678, 13.8800358], [98.1529699, 13.8801977]]]}}, {"type": "Feature", "properties": {"osm_id": 1565318558, "building": "yes"}, "geometry": {"type": "Polygon", "coordinates": [[[98.1528195, 13.8802574], [98.1528725, 13.8802551], [98.1528685, 13.8801682], [98.1528155, 13.8801705], [98.1528186, 13.8802236], [98.1528195, 13.8802574]]]}}, {"type": "Feature", "properties": {"osm_id": 1565318559, "building": "yes"}, "geometry": {"type": "Polygon", "coordinates": [[[98.1528722, 13.8801462], [98.1528645, 13.8800676], [98.1528033, 13.8800739], [98.1528116, 13.8801518], [98.1528722, 13.8801462]]]}}, {"type": "Feature", "properties": {"osm_id": 1565318560, "building": "yes"}, "geometry": {"type": "Polygon", "coordinates": [[[98.1527307, 13.8802326], [98.1528158, 13.8802239], [98.1528033, 13.8800739], [98.1527159, 13.8800833], [98.1527307, 13.8802326]]]}}, {"type": "Feature", "properties": {"osm_id": 1565318561, "building": "yes"}, "geometry": {"type": "Polygon", "coordinates": [[[98.1526968, 13.8800264], [98.1527657, 13.8800129], [98.1527744, 13.880055], [98.1527055, 13.8800684], [98.1526968, 13.8800264]]]}}, {"type": "Feature", "properties": {"osm_id": 1565318562, "building": "yes"}, "geometry": {"type": "Polygon", "coordinates": [[[98.1527638, 13.8803353], [98.152813, 13.8803521], [98.1527929, 13.8804076], [98.1527437, 13.8803907], [98.1527638, 13.8803353]]]}}, {"type": "Feature", "properties": {"osm_id": 1565318563, "building": "yes"}, "geometry": {"type": "Polygon", "coordinates": [[[98.1530865, 13.8805362], [98.1531884, 13.8805563], [98.1532011, 13.8804957], [98.1530993, 13.8804755], [98.1530865, 13.8805362]]]}}, {"type": "Feature", "properties": {"osm_id": 1565318564, "building": "yes"}, "geometry": {"type": "Polygon", "coordinates": [[[98.1520526, 13.8797621], [98.1521226, 13.8797599], [98.1521199, 13.8796766], [98.1520498, 13.8796787], [98.1520526, 13.8797621]]]}}, {"type": "Feature", "properties": {"osm_id": 1565318565, "building": "yes"}, "geometry": {"type": "Polygon", "coordinates": [[[98.1524579, 13.8793815], [98.152529, 13.8793795], [98.1525248, 13.8792344], [98.1524243, 13.8792372], [98.1524276, 13.8793515], [98.152457, 13.8793507], [98.1524579, 13.8793815]]]}}, {"type": "Feature", "properties": {"osm_id": 1565318566, "building": "yes"}, "geometry": {"type": "Polygon", "coordinates": [[[98.1524644, 13.8792041], [98.1524647, 13.8791129], [98.1524058, 13.8791127], [98.1524055, 13.8792039], [98.1524644, 13.8792041]]]}}, {"type": "Feature", "properties": {"osm_id": 1565318567, "building": "yes"}, "geometry": {"type": "Polygon", "coordinates": [[[98.1524121, 13.8790008], [98.1523916, 13.8788984], [98.1524513, 13.8788871], [98.1524718, 13.8789896], [98.1524121, 13.8790008]]]}}, {"type": "Feature", "properties": {"osm_id": 1565318568, "building": "yes"}, "geometry": {"type": "Polygon", "coordinates": [[[98.1522836, 13.8793881], [98.1523436, 13.8793775], [98.1523131, 13.8792144], [98.1522531, 13.879225], [98.1522836, 13.8793881]]]}}, {"type": "Feature", "properties": {"osm_id": 1565318569, "building": "yes"}, "geometry": {"type": "Polygon", "coordinates": [[[98.1528941, 13.8785663], [98.1529024, 13.8785015], [98.1527667, 13.878485], [98.1527583, 13.8785498], [98.1528941, 13.8785663]]]}}, {"type": "Feature", "properties": {"osm_id": 1565318570, "building": "yes"}, "geometry": {"type": "Polygon", "coordinates": [[[98.1526706, 13.8785648], [98.1526793, 13.8784405], [98.1526051, 13.8784357], [98.1525965, 13.8785599], [98.1526706, 13.8785648]]]}}, {"type": "Feature", "properties": {"osm_id": 1565318571, "building": "yes"}, "geometry": {"type": "Polygon", "coordinates": [[[98.153251, 13.8785166], [98.1533342, 13.8785044], [98.1533123, 13.8783635], [98.1532291, 13.8783757], [98.153251, 13.8785166]]]}}, {"type": "Feature", "properties": {"osm_id": 1565318572, "building": "yes"}, "geometry": {"type": "Polygon", "coordinates": [[[98.1533723, 13.8784924], [98.1534638, 13.8784765], [98.1534392, 13.8783431], [98.1533477, 13.878359], [98.1533723, 13.8784924]]]}}, {"type": "Feature", "properties": {"osm_id": 1565318573, "building": "yes"}, "geometry": {"type": "Polygon", "coordinates": [[[98.1534634, 13.8787772], [98.1536192, 13.8787021], [98.1536442, 13.8787668], [98.1534836, 13.8788338], [98.1534634, 13.8787772]]]}}, {"type": "Feature", "properties": {"osm_id": 1565318574, "building": "yes"}, "geometry": {"type": "Polygon", "coordinates": [[[98.1532701, 13.8791296], [98.1532552, 13.8790508], [98.1534432, 13.8790155], [98.1534587, 13.8790947], [98.1532701, 13.8791296]]]}}, {"type": "Feature", "properties": {"osm_id": 1565318575, "building": "yes"}, "geometry": {"type": "Polygon", "coordinates": [[[98.1531671, 13.8790706], [98.1532552, 13.8790508], [98.1532387, 13.8789814], [98.1531506, 13.8790012], [98.1531671, 13.8790706]]]}}, {"type": "Feature", "properties": {"osm_id": 1565318576, "building": "yes"}, "geometry": {"type": "Polygon", "coordinates": [[[98.1537165, 13.8789427], [98.1537519, 13.8788346], [98.153654, 13.8788043], [98.1536185, 13.8789124], [98.1537165, 13.8789427]]]}}, {"type": "Feature", "properties": {"osm_id": 1565318577, "building": "yes"}, "geometry": {"type": "Polygon", "coordinates": [[[98.1536983, 13.8787666], [98.1537709, 13.8787349], [98.1537453, 13.8786797], [98.1536728, 13.8787114], [98.1536983, 13.8787666]]]}}, {"type": "Feature", "properties": {"osm_id": 1565318578, "building": "yes"}, "geometry": {"type": "Polygon", "coordinates": [[[98.1520262, 13.8786267], [98.1520351, 13.8785424], [98.1518782, 13.8785268], [98.1518693, 13.8786111], [98.1520262, 13.8786267]]]}}, {"type": "Feature", "properties": {"osm_id": 1565318579, "building": "yes"}, "geometry": {"type": "Polygon", "coordinates": [[[98.1520822, 13.878658], [98.1521539, 13.8786584], [98.1521534, 13.8787368], [98.1520818, 13.8787364], [98.1520822, 13.878658]]]}}, {"type": "Feature", "properties": {"osm_id": 1565318580, "building": "yes"}, "geometry": {"type": "Polygon", "coordinates": [[[98.1545406, 13.8758984], [98.154645, 13.8758879], [98.1546272, 13.8757218], [98.1545228, 13.8757323], [98.1545406, 13.8758984]]]}}, {"type": "Feature", "properties": {"osm_id": 1565421021, "building": "yes"}, "geometry": {"type": "Polygon", "coordinates": [[[98.1327423, 13.8581742], [98.1327294, 13.8580889], [98.1328263, 13.8580751], [98.1328391, 13.8581604], [98.1327423, 13.8581742]]]}}, {"type": "Feature", "properties": {"osm_id": 1565421022, "building": "yes"}, "geometry": {"type": "Polygon", "coordinates": [[[98.1502546, 13.8557552], [98.1502186, 13.8557053], [98.1502548, 13.8556806], [98.1502909, 13.8557305], [98.1502546, 13.8557552]]]}}, {"type": "Feature", "properties": {"osm_id": 1565421023, "building": "yes"}, "geometry": {"type": "Polygon", "coordinates": [[[98.1519101, 13.8493222], [98.1518112, 13.8493245], [98.1518098, 13.8492683], [98.1519088, 13.849266], [98.1519101, 13.8493222]]]}}, {"type": "Feature", "properties": {"osm_id": 1565421024, "building": "yes"}, "geometry": {"type": "Polygon", "coordinates": [[[98.1517828, 13.8490317], [98.1516883, 13.849003], [98.1517056, 13.8489494], [98.1518001, 13.8489781], [98.1517828, 13.8490317]]]}}, {"type": "Feature", "properties": {"osm_id": 1565421025, "building": "yes"}, "geometry": {"type": "Polygon", "coordinates": [[[98.1459714, 13.8431129], [98.1459807, 13.8430246], [98.1460494, 13.8430314], [98.146036, 13.8431586], [98.1459673, 13.8431517], [98.1459714, 13.8431129]]]}}, {"type": "Feature", "properties": {"osm_id": 1565421027, "building": "yes"}, "geometry": {"type": "Polygon", "coordinates": [[[98.1461099, 13.8431637], [98.1460626, 13.8431504], [98.1460715, 13.8431205], [98.1461189, 13.8431339], [98.1461099, 13.8431637]]]}}, {"type": "Feature", "properties": {"osm_id": 1565421028, "building": "yes"}, "geometry": {"type": "Polygon", "coordinates": [[[98.134609, 13.849782], [98.1346025, 13.8497266], [98.1346573, 13.8497206], [98.1346638, 13.8497759], [98.134609, 13.849782]]]}}, {"type": "Feature", "properties": {"osm_id": 1565491054, "building": "yes"}, "geometry": {"type": "Polygon", "coordinates": [[[98.1527887, 13.8793306], [98.1527821, 13.8792667], [98.1526256, 13.8792819], [98.1526322, 13.8793458], [98.1527887, 13.8793306]]]}}, {"type": "Feature", "properties": {"osm_id": 1565491055, "building": "yes"}, "geometry": {"type": "Polygon", "coordinates": [[[98.1527554, 13.879205], [98.152763, 13.8792559], [98.1526152, 13.8792767], [98.1526076, 13.8792258], [98.1527554, 13.879205]]]}}, {"type": "Feature", "properties": {"osm_id": 1565491056, "building": "yes"}, "geometry": {"type": "Polygon", "coordinates": [[[98.1521179, 13.8804663], [98.1520742, 13.8802767], [98.1520023, 13.8802946], [98.1520516, 13.8804807], [98.1521179, 13.8804663]]]}}, {"type": "Feature", "properties": {"osm_id": 1565491057, "building": "yes"}, "geometry": {"type": "Polygon", "coordinates": [[[98.1518874, 13.8802583], [98.1519873, 13.8802552], [98.1519902, 13.8803449], [98.1518903, 13.880348], [98.1518874, 13.8802583]]]}}, {"type": "Feature", "properties": {"osm_id": 1565491058, "building": "yes"}, "geometry": {"type": "Polygon", "coordinates": [[[98.151878, 13.8804732], [98.1518834, 13.8803221], [98.1518192, 13.8803199], [98.1518137, 13.880471], [98.151878, 13.8804732]]]}}, {"type": "Feature", "properties": {"osm_id": 1565491059, "building": "yes"}, "geometry": {"type": "Polygon", "coordinates": [[[98.1520202, 13.8804648], [98.1519987, 13.8803458], [98.1519006, 13.8803625], [98.1519221, 13.8804815], [98.1520202, 13.8804648]]]}}, {"type": "Feature", "properties": {"osm_id": 1565491060, "building": "yes"}, "geometry": {"type": "Polygon", "coordinates": [[[98.1526695, 13.8801901], [98.1526641, 13.8801402], [98.1526009, 13.8801466], [98.1526062, 13.8801965], [98.1526695, 13.8801901]]]}}, {"type": "Feature", "properties": {"osm_id": 1565491061, "building": "yes"}, "geometry": {"type": "Polygon", "coordinates": [[[98.1522391, 13.8800548], [98.1522388, 13.8799978], [98.1521696, 13.8799981], [98.1521699, 13.8800551], [98.1522391, 13.8800548]]]}}, {"type": "Feature", "properties": {"osm_id": 1565491062, "building": "yes"}, "geometry": {"type": "Polygon", "coordinates": [[[98.1519867, 13.8800905], [98.1519794, 13.8800451], [98.1519031, 13.8800566], [98.1519103, 13.880102], [98.1519867, 13.8800905]]]}}, {"type": "Feature", "properties": {"osm_id": 1565491063, "building": "yes"}, "geometry": {"type": "Polygon", "coordinates": [[[98.1519111, 13.8798594], [98.1519746, 13.8798576], [98.1519732, 13.8798128], [98.1519097, 13.8798146], [98.1519111, 13.8798594]]]}}, {"type": "Feature", "properties": {"osm_id": 1565491064, "building": "yes"}, "geometry": {"type": "Polygon", "coordinates": [[[98.1519358, 13.8792013], [98.1519336, 13.8791646], [98.1518816, 13.8791676], [98.1518838, 13.8792043], [98.1519358, 13.8792013]]]}}, {"type": "Feature", "properties": {"osm_id": 1565491065, "building": "yes"}, "geometry": {"type": "Polygon", "coordinates": [[[98.1534784, 13.8808513], [98.1535949, 13.8808342], [98.1535681, 13.8806621], [98.1534517, 13.8806792], [98.1534784, 13.8808513]]]}}, {"type": "Feature", "properties": {"osm_id": 1565491066, "building": "yes"}, "geometry": {"type": "Polygon", "coordinates": [[[98.1536963, 13.8807313], [98.1536926, 13.8806671], [98.1536293, 13.8806705], [98.153633, 13.8807347], [98.1536963, 13.8807313]]]}}, {"type": "Feature", "properties": {"osm_id": 1565491067, "building": "yes"}, "geometry": {"type": "Polygon", "coordinates": [[[98.1539325, 13.8806479], [98.1539301, 13.880579], [98.1537658, 13.8805844], [98.1537682, 13.8806534], [98.1539325, 13.8806479]]]}}, {"type": "Feature", "properties": {"osm_id": 1565491068, "building": "yes"}, "geometry": {"type": "Polygon", "coordinates": [[[98.1540253, 13.8806726], [98.1540241, 13.8806199], [98.1539501, 13.8806239], [98.1539531, 13.8806755], [98.1540253, 13.8806726]]]}}, {"type": "Feature", "properties": {"osm_id": 1565491069, "building": "yes"}, "geometry": {"type": "Polygon", "coordinates": [[[98.1540241, 13.8807045], [98.1540244, 13.8807581], [98.1539492, 13.8807586], [98.1539489, 13.880705], [98.1540241, 13.8807045]]]}}, {"type": "Feature", "properties": {"osm_id": 1565491070, "building": "yes"}, "geometry": {"type": "Polygon", "coordinates": [[[98.1537454, 13.8806771], [98.1537455, 13.8807123], [98.1537039, 13.8807124], [98.1537038, 13.8806772], [98.1537454, 13.8806771]]]}}, {"type": "Feature", "properties": {"osm_id": 1565491071, "building": "yes"}, "geometry": {"type": "Polygon", "coordinates": [[[98.1537635, 13.8807271], [98.1537639, 13.8807522], [98.1536974, 13.8807531], [98.153697, 13.880728], [98.1537635, 13.8807271]]]}}, {"type": "Feature", "properties": {"osm_id": 1565491072, "building": "yes"}, "geometry": {"type": "Polygon", "coordinates": [[[98.1536721, 13.8802595], [98.1536745, 13.8803197], [98.1535859, 13.8803231], [98.1535835, 13.8802629], [98.1536721, 13.8802595]]]}}, {"type": "Feature", "properties": {"osm_id": 1565491073, "building": "yes"}, "geometry": {"type": "Polygon", "coordinates": [[[98.1537346, 13.8803064], [98.1537355, 13.8802527], [98.153689, 13.880252], [98.1536881, 13.8803057], [98.1537346, 13.8803064]]]}}, {"type": "Feature", "properties": {"osm_id": 1565491074, "building": "yes"}, "geometry": {"type": "Polygon", "coordinates": [[[98.1535178, 13.8801861], [98.1535187, 13.8802933], [98.1534664, 13.8802937], [98.1534654, 13.8801865], [98.1535178, 13.8801861]]]}}, {"type": "Feature", "properties": {"osm_id": 1565491075, "building": "yes"}, "geometry": {"type": "Polygon", "coordinates": [[[98.154136, 13.88011], [98.1541375, 13.8801572], [98.1540347, 13.8801604], [98.1540331, 13.8801132], [98.154136, 13.88011]]]}}, {"type": "Feature", "properties": {"osm_id": 1565491076, "building": "yes"}, "geometry": {"type": "Polygon", "coordinates": [[[98.15401, 13.880106], [98.1540129, 13.8801626], [98.1539234, 13.8801669], [98.1539205, 13.8801103], [98.15401, 13.880106]]]}}, {"type": "Feature", "properties": {"osm_id": 1565491077, "building": "yes"}, "geometry": {"type": "Polygon", "coordinates": [[[98.1543567, 13.8802134], [98.1544299, 13.8802073], [98.1544244, 13.8801447], [98.1543512, 13.8801507], [98.1543567, 13.8802134]]]}}, {"type": "Feature", "properties": {"osm_id": 1565491078, "building": "yes"}, "geometry": {"type": "Polygon", "coordinates": [[[98.1541688, 13.880394], [98.1542482, 13.8803937], [98.1542479, 13.8803199], [98.1541686, 13.8803202], [98.1541688, 13.880394]]]}}, {"type": "Feature", "properties": {"osm_id": 1565499045, "building": "yes"}, "geometry": {"type": "Polygon", "coordinates": [[[98.1538839, 13.8798676], [98.1538983, 13.8798133], [98.1537714, 13.8797817], [98.153757, 13.879836], [98.1538839, 13.8798676]]]}}, {"type": "Feature", "properties": {"osm_id": 1565499046, "building": "yes"}, "geometry": {"type": "Polygon", "coordinates": [[[98.1540127, 13.8795069], [98.1540058, 13.8795553], [98.1539086, 13.8795423], [98.1539155, 13.8794939], [98.1540127, 13.8795069]]]}}, {"type": "Feature", "properties": {"osm_id": 1565499047, "building": "yes"}, "geometry": {"type": "Polygon", "coordinates": [[[98.1540794, 13.8796519], [98.1541518, 13.879658], [98.1541581, 13.8795875], [98.1540857, 13.8795814], [98.1540794, 13.8796519]]]}}, {"type": "Feature", "properties": {"osm_id": 1565499048, "building": "yes"}, "geometry": {"type": "Polygon", "coordinates": [[[98.1544992, 13.8790328], [98.1545003, 13.8789838], [98.1544363, 13.8789839], [98.1544369, 13.8790315], [98.1544992, 13.8790328]]]}}, {"type": "Feature", "properties": {"osm_id": 1565499049, "building": "yes"}, "geometry": {"type": "Polygon", "coordinates": [[[98.1545457, 13.8790237], [98.1545447, 13.8789847], [98.1545069, 13.8789856], [98.154508, 13.8790246], [98.1545457, 13.8790237]]]}}, {"type": "Feature", "properties": {"osm_id": 1565499050, "building": "yes"}, "geometry": {"type": "Polygon", "coordinates": [[[98.1542595, 13.8791061], [98.1542753, 13.8790507], [98.1541948, 13.879029], [98.1541789, 13.8790843], [98.1542595, 13.8791061]]]}}, {"type": "Feature", "properties": {"osm_id": 1565499051, "building": "yes"}, "geometry": {"type": "Polygon", "coordinates": [[[98.153999, 13.8785339], [98.1540064, 13.8785007], [98.15396, 13.878491], [98.1539526, 13.8785242], [98.153999, 13.8785339]]]}}, {"type": "Feature", "properties": {"osm_id": 1565499052, "building": "yes"}, "geometry": {"type": "Polygon", "coordinates": [[[98.1547701, 13.8785838], [98.1548304, 13.8785692], [98.1547924, 13.8784209], [98.1547321, 13.8784354], [98.1547701, 13.8785838]]]}}, {"type": "Feature", "properties": {"osm_id": 1565499053, "building": "yes"}, "geometry": {"type": "Polygon", "coordinates": [[[98.154858, 13.8784712], [98.1548276, 13.8784777], [98.1548419, 13.8785417], [98.1549002, 13.8785294], [98.1548939, 13.8785009], [98.154866, 13.8785068], [98.154858, 13.8784712]]]}}, {"type": "Feature", "properties": {"osm_id": 1565499054, "building": "yes"}, "geometry": {"type": "Polygon", "coordinates": [[[98.1547624, 13.8781995], [98.1547631, 13.8782574], [98.154629, 13.8782589], [98.1546283, 13.8782009], [98.1547624, 13.8781995]]]}}, {"type": "Feature", "properties": {"osm_id": 1565499055, "building": "yes"}, "geometry": {"type": "Polygon", "coordinates": [[[98.1546429, 13.8783159], [98.1546508, 13.8783871], [98.1545582, 13.8783968], [98.1545503, 13.8783257], [98.1546429, 13.8783159]]]}}, {"type": "Feature", "properties": {"osm_id": 1565499056, "building": "yes"}, "geometry": {"type": "Polygon", "coordinates": [[[98.1546169, 13.8781731], [98.1546781, 13.8781662], [98.1546727, 13.8781205], [98.1546115, 13.8781274], [98.1546169, 13.8781731]]]}}, {"type": "Feature", "properties": {"osm_id": 1565499057, "building": "yes"}, "geometry": {"type": "Polygon", "coordinates": [[[98.1556377, 13.8785021], [98.1556814, 13.8784918], [98.1556356, 13.8783092], [98.155592, 13.8783195], [98.1556377, 13.8785021]]]}}, {"type": "Feature", "properties": {"osm_id": 1565499058, "building": "yes"}, "geometry": {"type": "Polygon", "coordinates": [[[98.1547074, 13.8796749], [98.1548146, 13.8796732], [98.1548116, 13.8796575], [98.1548129, 13.8795437], [98.1547051, 13.8795449], [98.1547074, 13.8796749]]]}}, {"type": "Feature", "properties": {"osm_id": 1565499059, "building": "yes"}, "geometry": {"type": "Polygon", "coordinates": [[[98.1549111, 13.8796587], [98.1549125, 13.8795445], [98.1548667, 13.8795446], [98.1548129, 13.8795437], [98.1548116, 13.8796575], [98.1549111, 13.8796587]]]}}, {"type": "Feature", "properties": {"osm_id": 1565499060, "building": "yes"}, "geometry": {"type": "Polygon", "coordinates": [[[98.1548667, 13.8795446], [98.1548663, 13.8792888], [98.1549684, 13.8792886], [98.1549689, 13.8795444], [98.1549125, 13.8795445], [98.1548667, 13.8795446]]]}}, {"type": "Feature", "properties": {"osm_id": 1565499061, "building": "yes"}, "geometry": {"type": "Polygon", "coordinates": [[[98.1559461, 13.8773958], [98.1560427, 13.877398], [98.1560412, 13.877414], [98.1560414, 13.8774505], [98.1559448, 13.8774482], [98.1559461, 13.8773958]]]}}, {"type": "Feature", "properties": {"osm_id": 1565499062, "building": "yes"}, "geometry": {"type": "Polygon", "coordinates": [[[98.156088, 13.8774663], [98.1560877, 13.8774136], [98.1560412, 13.877414], [98.1560414, 13.8774505], [98.1560415, 13.8774667], [98.156088, 13.8774663]]]}}, {"type": "Feature", "properties": {"osm_id": 1565499063, "building": "yes"}, "geometry": {"type": "Polygon", "coordinates": [[[98.1559349, 13.8772763], [98.1561274, 13.8772892], [98.1561234, 13.877345], [98.155931, 13.8773321], [98.1559349, 13.8772763]]]}}, {"type": "Feature", "properties": {"osm_id": 1565499064, "building": "yes"}, "geometry": {"type": "Polygon", "coordinates": [[[98.1561865, 13.8773429], [98.1561881, 13.8772985], [98.1561333, 13.8772966], [98.1561317, 13.877341], [98.1561865, 13.8773429]]]}}, {"type": "Feature", "properties": {"osm_id": 1565499065, "building": "yes"}, "geometry": {"type": "Polygon", "coordinates": [[[98.1556175, 13.876498], [98.1556774, 13.8765003], [98.1556706, 13.8766696], [98.1556107, 13.8766673], [98.1556175, 13.876498]]]}}, {"type": "Feature", "properties": {"osm_id": 1565499066, "building": "yes"}, "geometry": {"type": "Polygon", "coordinates": [[[98.1555265, 13.876609], [98.155566, 13.876617], [98.1555554, 13.8766665], [98.1555159, 13.8766585], [98.1555265, 13.876609]]]}}, {"type": "Feature", "properties": {"osm_id": 1565499067, "building": "yes"}, "geometry": {"type": "Polygon", "coordinates": [[[98.1553039, 13.8766566], [98.155367, 13.8766681], [98.1553585, 13.8767121], [98.1552953, 13.8767006], [98.1553039, 13.8766566]]]}}, {"type": "Feature", "properties": {"osm_id": 1565499068, "building": "yes"}, "geometry": {"type": "Polygon", "coordinates": [[[98.1556429, 13.8769511], [98.1556955, 13.8769532], [98.1556933, 13.8770036], [98.1556407, 13.8770015], [98.1556429, 13.8769511]]]}}, {"type": "Feature", "properties": {"osm_id": 1565499069, "building": "yes"}, "geometry": {"type": "Polygon", "coordinates": [[[98.1557062, 13.8770852], [98.1557615, 13.8770821], [98.1557653, 13.8771463], [98.1557099, 13.8771493], [98.1557062, 13.8770852]]]}}, {"type": "Feature", "properties": {"osm_id": 1565499070, "building": "yes"}, "geometry": {"type": "Polygon", "coordinates": [[[98.1563757, 13.8765995], [98.1563812, 13.8765645], [98.156478, 13.8765789], [98.1564724, 13.8766139], [98.1563757, 13.8765995]]]}}, {"type": "Feature", "properties": {"osm_id": 1565499071, "building": "yes"}, "geometry": {"type": "Polygon", "coordinates": [[[98.1559399, 13.8766634], [98.1559389, 13.8767106], [98.1560103, 13.8767119], [98.1560112, 13.8766647], [98.1559399, 13.8766634]]]}}, {"type": "Feature", "properties": {"osm_id": 1565504395, "building": "yes"}, "geometry": {"type": "Polygon", "coordinates": [[[98.1565811, 13.8760389], [98.1566084, 13.8759793], [98.1564882, 13.8759274], [98.1564609, 13.8759871], [98.1565811, 13.8760389]]]}}, {"type": "Feature", "properties": {"osm_id": 1565504396, "building": "yes"}, "geometry": {"type": "Polygon", "coordinates": [[[98.1555284, 13.8772734], [98.1555326, 13.8772218], [98.1554734, 13.8772174], [98.1554693, 13.8772689], [98.1555284, 13.8772734]]]}}, {"type": "Feature", "properties": {"osm_id": 1565504397, "building": "yes"}, "geometry": {"type": "Polygon", "coordinates": [[[98.1544499, 13.879359], [98.1545267, 13.8793475], [98.1545154, 13.8792768], [98.1544386, 13.8792883], [98.1544499, 13.879359]]]}}, {"type": "Feature", "properties": {"osm_id": 1565504398, "building": "yes"}, "geometry": {"type": "Polygon", "coordinates": [[[98.155989, 13.8601947], [98.1561148, 13.8601933], [98.1561159, 13.8602875], [98.1559902, 13.8602889], [98.155989, 13.8601947]]]}}, {"type": "Feature", "properties": {"osm_id": 1565504399, "building": "yes"}, "geometry": {"type": "Polygon", "coordinates": [[[98.155962, 13.8592667], [98.1564994, 13.8593961], [98.1564732, 13.8594986], [98.1562932, 13.8594553], [98.156277, 13.8594804], [98.1561913, 13.85946], [98.1561913, 13.8594333], [98.1559352, 13.8593716], [98.155962, 13.8592667]]]}}, {"type": "Feature", "properties": {"osm_id": 1565504400, "building": "yes"}, "geometry": {"type": "Polygon", "coordinates": [[[98.1586008, 13.8607102], [98.1586333, 13.8606231], [98.1585112, 13.8605801], [98.1584787, 13.8606672], [98.1586008, 13.8607102]]]}}, {"type": "Feature", "properties": {"osm_id": 1565504401, "building": "yes"}, "geometry": {"type": "Polygon", "coordinates": [[[98.158353, 13.8606372], [98.1584417, 13.8606617], [98.1584562, 13.860612], [98.1583675, 13.8605876], [98.158353, 13.8606372]]]}}, {"type": "Feature", "properties": {"osm_id": 1565504402, "building": "yes"}, "geometry": {"type": "Polygon", "coordinates": [[[98.1586127, 13.8604599], [98.1586298, 13.8603888], [98.1585232, 13.8603646], [98.1585061, 13.8604357], [98.1586127, 13.8604599]]]}}, {"type": "Feature", "properties": {"osm_id": 1565504403, "building": "yes"}, "geometry": {"type": "Polygon", "coordinates": [[[98.1585471, 13.8603232], [98.1587222, 13.8603796], [98.1587456, 13.8603111], [98.1585705, 13.8602547], [98.1585471, 13.8603232]]]}}, {"type": "Feature", "properties": {"osm_id": 1565504404, "building": "yes"}, "geometry": {"type": "Polygon", "coordinates": [[[98.1588148, 13.860196], [98.1588374, 13.8601323], [98.1586833, 13.8600809], [98.1586607, 13.8601447], [98.1588148, 13.860196]]]}}, {"type": "Feature", "properties": {"osm_id": 1565504405, "building": "yes"}, "geometry": {"type": "Polygon", "coordinates": [[[98.1585788, 13.8601019], [98.1586354, 13.8601187], [98.1586515, 13.8600673], [98.1585949, 13.8600506], [98.1585788, 13.8601019]]]}}, {"type": "Feature", "properties": {"osm_id": 1565504406, "building": "yes"}, "geometry": {"type": "Polygon", "coordinates": [[[98.1587996, 13.8600639], [98.1588317, 13.8599747], [98.1586854, 13.859925], [98.1586749, 13.8599542], [98.1586474, 13.8599449], [98.1586258, 13.8600048], [98.1587996, 13.8600639]]]}}, {"type": "Feature", "properties": {"osm_id": 1565504407, "building": "yes"}, "geometry": {"type": "Polygon", "coordinates": [[[98.1589293, 13.8599318], [98.1589439, 13.8598697], [98.1587894, 13.8598353], [98.1587747, 13.8598974], [98.1589293, 13.8599318]]]}}, {"type": "Feature", "properties": {"osm_id": 1565504408, "building": "yes"}, "geometry": {"type": "Polygon", "coordinates": [[[98.1589678, 13.8598525], [98.1589755, 13.8598023], [98.1588596, 13.8597858], [98.158852, 13.859836], [98.1589678, 13.8598525]]]}}, {"type": "Feature", "properties": {"osm_id": 1565504409, "building": "yes"}, "geometry": {"type": "Polygon", "coordinates": [[[98.1588605, 13.8597705], [98.1590255, 13.8597989], [98.1590363, 13.8597399], [98.1588713, 13.8597115], [98.1588605, 13.8597705]]]}}, {"type": "Feature", "properties": {"osm_id": 1565504410, "building": "yes"}, "geometry": {"type": "Polygon", "coordinates": [[[98.1590586, 13.8596963], [98.1590931, 13.8596091], [98.1589486, 13.8595551], [98.158914, 13.8596423], [98.1590586, 13.8596963]]]}}, {"type": "Feature", "properties": {"osm_id": 1565504411, "building": "yes"}, "geometry": {"type": "Polygon", "coordinates": [[[98.1590946, 13.8595611], [98.1591248, 13.859478], [98.1589811, 13.8594288], [98.1589509, 13.8595119], [98.1590946, 13.8595611]]]}}, {"type": "Feature", "properties": {"osm_id": 1565504412, "building": "yes"}, "geometry": {"type": "Polygon", "coordinates": [[[98.1591388, 13.8594657], [98.1591634, 13.8593941], [98.159059, 13.8593603], [98.1590344, 13.8594318], [98.1591388, 13.8594657]]]}}, {"type": "Feature", "properties": {"osm_id": 1565504413, "building": "yes"}, "geometry": {"type": "Polygon", "coordinates": [[[98.1593702, 13.8594785], [98.1595158, 13.8595029], [98.159503, 13.8595751], [98.1593574, 13.8595507], [98.1593702, 13.8594785]]]}}, {"type": "Feature", "properties": {"osm_id": 1565504414, "building": "yes"}, "geometry": {"type": "Polygon", "coordinates": [[[98.1597145, 13.8595972], [98.1598227, 13.859611], [98.1598328, 13.8595366], [98.1597246, 13.8595227], [98.1597145, 13.8595972]]]}}, {"type": "Feature", "properties": {"osm_id": 1565504415, "building": "yes"}, "geometry": {"type": "Polygon", "coordinates": [[[98.159674, 13.8597177], [98.1597341, 13.8597231], [98.1597211, 13.8598602], [98.159661, 13.8598548], [98.159674, 13.8597177]]]}}, {"type": "Feature", "properties": {"osm_id": 1565504416, "building": "yes"}, "geometry": {"type": "Polygon", "coordinates": [[[98.1593024, 13.8596347], [98.159498, 13.8596778], [98.1594801, 13.8597547], [98.1592844, 13.8597116], [98.1593024, 13.8596347]]]}}, {"type": "Feature", "properties": {"osm_id": 1565504417, "building": "yes"}, "geometry": {"type": "Polygon", "coordinates": [[[98.1592349, 13.8597617], [98.1593936, 13.859816], [98.1593626, 13.8599015], [98.1592039, 13.8598472], [98.1592349, 13.8597617]]]}}, {"type": "Feature", "properties": {"osm_id": 1565504418, "building": "yes"}, "geometry": {"type": "Polygon", "coordinates": [[[98.1591434, 13.8599598], [98.1593171, 13.8600177], [98.1592938, 13.8600835], [98.1591201, 13.8600257], [98.1591434, 13.8599598]]]}}, {"type": "Feature", "properties": {"osm_id": 1565504419, "building": "yes"}, "geometry": {"type": "Polygon", "coordinates": [[[98.1592617, 13.8602229], [98.1592886, 13.8601404], [98.1591063, 13.8600845], [98.1590795, 13.860167], [98.1592617, 13.8602229]]]}}, {"type": "Feature", "properties": {"osm_id": 1565504420, "building": "yes"}, "geometry": {"type": "Polygon", "coordinates": [[[98.1589337, 13.8604378], [98.1589499, 13.8603843], [98.1590751, 13.8604201], [98.1590588, 13.8604736], [98.1589337, 13.8604378]]]}}, {"type": "Feature", "properties": {"osm_id": 1565504421, "building": "yes"}, "geometry": {"type": "Polygon", "coordinates": [[[98.1588687, 13.8607637], [98.1589979, 13.8607806], [98.1589879, 13.8608527], [98.1588587, 13.8608358], [98.1588687, 13.8607637]]]}}, {"type": "Feature", "properties": {"osm_id": 1565504422, "building": "yes"}, "geometry": {"type": "Polygon", "coordinates": [[[98.1589066, 13.8605997], [98.158936, 13.8605216], [98.1590614, 13.8605661], [98.159032, 13.8606442], [98.1589066, 13.8605997]]]}}, {"type": "Feature", "properties": {"osm_id": 1565504423, "building": "yes"}, "geometry": {"type": "Polygon", "coordinates": [[[98.1590302, 13.8607281], [98.1590458, 13.8606761], [98.1589335, 13.8606443], [98.1589179, 13.8606963], [98.1590302, 13.8607281]]]}}, {"type": "Feature", "properties": {"osm_id": 1565504424, "building": "yes"}, "geometry": {"type": "Polygon", "coordinates": [[[98.1586731, 13.8610093], [98.1587986, 13.8610107], [98.1587995, 13.8609262], [98.1586741, 13.8609249], [98.1586731, 13.8610093]]]}}, {"type": "Feature", "properties": {"osm_id": 1565504425, "building": "yes"}, "geometry": {"type": "Polygon", "coordinates": [[[98.1586667, 13.8610841], [98.1588153, 13.8610784], [98.1588194, 13.8611798], [98.1587481, 13.8611825], [98.1587463, 13.8611378], [98.158669, 13.8611408], [98.1586667, 13.8610841]]]}}, {"type": "Feature", "properties": {"osm_id": 1565504426, "building": "yes"}, "geometry": {"type": "Polygon", "coordinates": [[[98.158638, 13.8612389], [98.1587451, 13.8612503], [98.1587369, 13.8613231], [98.1586298, 13.8613117], [98.158638, 13.8612389]]]}}, {"type": "Feature", "properties": {"osm_id": 1565504427, "building": "yes"}, "geometry": {"type": "Polygon", "coordinates": [[[98.1583877, 13.8613051], [98.1583953, 13.8612374], [98.1582083, 13.8612176], [98.1582007, 13.8612853], [98.1583877, 13.8613051]]]}}, {"type": "Feature", "properties": {"osm_id": 1565504428, "building": "yes"}, "geometry": {"type": "Polygon", "coordinates": [[[98.158338, 13.8614337], [98.158344, 13.8613447], [98.1582308, 13.8613375], [98.1582248, 13.8614265], [98.158338, 13.8614337]]]}}, {"type": "Feature", "properties": {"osm_id": 1565504429, "building": "yes"}, "geometry": {"type": "Polygon", "coordinates": [[[98.1580597, 13.8616784], [98.1580805, 13.8615955], [98.1579796, 13.8615716], [98.1579588, 13.8616545], [98.1580597, 13.8616784]]]}}, {"type": "Feature", "properties": {"osm_id": 1565507016, "building": "yes"}, "geometry": {"type": "Polygon", "coordinates": [[[98.1600392, 13.8597104], [98.1601241, 13.8597319], [98.1601511, 13.8596315], [98.1600662, 13.85961], [98.1600392, 13.8597104]]]}}, {"type": "Feature", "properties": {"osm_id": 1565507017, "building": "yes"}, "geometry": {"type": "Polygon", "coordinates": [[[98.1603568, 13.8594713], [98.1606038, 13.859534], [98.160584, 13.8596077], [98.1603369, 13.8595449], [98.1603568, 13.8594713]]]}}, {"type": "Feature", "properties": {"osm_id": 1565507018, "building": "yes"}, "geometry": {"type": "Polygon", "coordinates": [[[98.1616467, 13.8596641], [98.1617607, 13.8596488], [98.1618457, 13.860245], [98.1617315, 13.8602603], [98.1616467, 13.8596641]]]}}, {"type": "Feature", "properties": {"osm_id": 1565507019, "building": "yes"}, "geometry": {"type": "Polygon", "coordinates": [[[98.1611361, 13.8610198], [98.161106, 13.8608388], [98.1610114, 13.8608536], [98.1610414, 13.8610346], [98.1611361, 13.8610198]]]}}, {"type": "Feature", "properties": {"osm_id": 1565507020, "building": "yes"}, "geometry": {"type": "Polygon", "coordinates": [[[98.1581835, 13.861615], [98.1583139, 13.8616331], [98.1583055, 13.8616901], [98.1583349, 13.8616942], [98.1583247, 13.8617633], [98.1581649, 13.8617412], [98.1581835, 13.861615]]]}}, {"type": "Feature", "properties": {"osm_id": 1565507021, "building": "yes"}, "geometry": {"type": "Polygon", "coordinates": [[[98.158332, 13.8617591], [98.1583698, 13.8617641], [98.1583781, 13.8617042], [98.1583404, 13.8616992], [98.158332, 13.8617591]]]}}, {"type": "Feature", "properties": {"osm_id": 1565507022, "building": "yes"}, "geometry": {"type": "Polygon", "coordinates": [[[98.158015, 13.8618239], [98.1580243, 13.8617465], [98.1581994, 13.8617638], [98.1581912, 13.861842], [98.158015, 13.8618239]]]}}, {"type": "Feature", "properties": {"osm_id": 1565507023, "building": "yes"}, "geometry": {"type": "Polygon", "coordinates": [[[98.1579351, 13.8618276], [98.158015, 13.8618239], [98.1580115, 13.8617525], [98.1579316, 13.8617562], [98.1579351, 13.8618276]]]}}, {"type": "Feature", "properties": {"osm_id": 1565507024, "building": "yes"}, "geometry": {"type": "Polygon", "coordinates": [[[98.158242, 13.8620994], [98.1582524, 13.8620444], [98.1581109, 13.862019], [98.1581005, 13.8620741], [98.158242, 13.8620994]]]}}, {"type": "Feature", "properties": {"osm_id": 1565507025, "building": "yes"}, "geometry": {"type": "Polygon", "coordinates": [[[98.1581005, 13.8620741], [98.1582367, 13.8621188], [98.1582116, 13.8621909], [98.1580753, 13.8621461], [98.1581005, 13.8620741]]]}}, {"type": "Feature", "properties": {"osm_id": 1565507026, "building": "yes"}, "geometry": {"type": "Polygon", "coordinates": [[[98.1580662, 13.8621662], [98.1581992, 13.8622108], [98.158178, 13.8622704], [98.158045, 13.8622258], [98.1580662, 13.8621662]]]}}, {"type": "Feature", "properties": {"osm_id": 1565507027, "building": "yes"}, "geometry": {"type": "Polygon", "coordinates": [[[98.1579893, 13.8623408], [98.1578026, 13.8622749], [98.1577778, 13.8623411], [98.1579646, 13.8624069], [98.1579893, 13.8623408]]]}}, {"type": "Feature", "properties": {"osm_id": 1565507028, "building": "yes"}, "geometry": {"type": "Polygon", "coordinates": [[[98.1586787, 13.8619055], [98.1586846, 13.8615044], [98.1588346, 13.8615065], [98.1588327, 13.8616348], [98.1589145, 13.8616359], [98.1589133, 13.8617138], [98.1588457, 13.8617129], [98.1588441, 13.8618221], [98.1589118, 13.861823], [98.1589106, 13.8619077], [98.1586787, 13.8619055]]]}}, {"type": "Feature", "properties": {"osm_id": 1565507029, "building": "yes"}, "geometry": {"type": "Polygon", "coordinates": [[[98.1591967, 13.8616009], [98.1592043, 13.8615234], [98.1593506, 13.8615368], [98.159343, 13.8616144], [98.1591967, 13.8616009]]]}}, {"type": "Feature", "properties": {"osm_id": 1565507030, "building": "yes"}, "geometry": {"type": "Polygon", "coordinates": [[[98.1596715, 13.8616622], [98.159677, 13.8615739], [98.159832, 13.8615831], [98.1598265, 13.8616713], [98.1596715, 13.8616622]]]}}, {"type": "Feature", "properties": {"osm_id": 1565507031, "building": "yes"}, "geometry": {"type": "Polygon", "coordinates": [[[98.1585522, 13.8619044], [98.1586787, 13.8619055], [98.1589106, 13.8619077], [98.1591201, 13.8619095], [98.159197, 13.86191], [98.1595097, 13.8619132], [98.1595069, 13.8619667], [98.15933, 13.8619646], [98.1592105, 13.8619642], [98.1592018, 13.861962], [98.1591463, 13.8619613], [98.1591328, 13.8619611], [98.1590543, 13.8619604], [98.1590421, 13.8619624], [98.158947, 13.8619607], [98.1585517, 13.8619582], [98.1585522, 13.8619044]]]}}, {"type": "Feature", "properties": {"osm_id": 1565507032, "building": "yes"}, "geometry": {"type": "Polygon", "coordinates": [[[98.1591201, 13.8619095], [98.1591209, 13.8618097], [98.1591978, 13.8618103], [98.159197, 13.86191], [98.1591201, 13.8619095]]]}}, {"type": "Feature", "properties": {"osm_id": 1565507033, "building": "yes"}, "geometry": {"type": "Polygon", "coordinates": [[[98.1591435, 13.8617789], [98.1592884, 13.8617789], [98.1592884, 13.8618267], [98.1593558, 13.8618267], [98.1593558, 13.8617033], [98.1591435, 13.8617033], [98.1591435, 13.8617789]]]}}, {"type": "Feature", "properties": {"osm_id": 1565507034, "building": "yes"}, "geometry": {"type": "Polygon", "coordinates": [[[98.1595097, 13.8619132], [98.1595114, 13.8618807], [98.1596932, 13.8618896], [98.1596861, 13.8620253], [98.1595044, 13.8620164], [98.1595069, 13.8619667], [98.1595097, 13.8619132]]]}}, {"type": "Feature", "properties": {"osm_id": 1565507035, "building": "yes"}, "geometry": {"type": "Polygon", "coordinates": [[[98.1594243, 13.8621223], [98.1595089, 13.8621243], [98.1595061, 13.8622389], [98.1594215, 13.862237], [98.1594243, 13.8621223]]]}}, {"type": "Feature", "properties": {"osm_id": 1565507036, "building": "yes"}, "geometry": {"type": "Polygon", "coordinates": [[[98.1595931, 13.8621562], [98.1597141, 13.8621522], [98.1597165, 13.8622212], [98.1595955, 13.8622252], [98.1595931, 13.8621562]]]}}, {"type": "Feature", "properties": {"osm_id": 1565507037, "building": "yes"}, "geometry": {"type": "Polygon", "coordinates": [[[98.1593292, 13.8621916], [98.15933, 13.8619646], [98.1592105, 13.8619642], [98.1592096, 13.8621912], [98.1593292, 13.8621916]]]}}, {"type": "Feature", "properties": {"osm_id": 1565507038, "building": "yes"}, "geometry": {"type": "Polygon", "coordinates": [[[98.1592018, 13.861962], [98.1591962, 13.8623794], [98.1591447, 13.8623787], [98.1591451, 13.8623039], [98.1591456, 13.8622745], [98.1591468, 13.8622159], [98.1590371, 13.8622141], [98.1590381, 13.8621755], [98.1591434, 13.8621768], [98.1591463, 13.8619613], [98.1592018, 13.861962]]]}}, {"type": "Feature", "properties": {"osm_id": 1565507039, "building": "yes"}, "geometry": {"type": "Polygon", "coordinates": [[[98.1591328, 13.8619611], [98.1591309, 13.8621652], [98.1590524, 13.8621645], [98.1590543, 13.8619604], [98.1591328, 13.8619611]]]}}, {"type": "Feature", "properties": {"osm_id": 1565507040, "building": "yes"}, "geometry": {"type": "Polygon", "coordinates": [[[98.1590421, 13.8619624], [98.1590381, 13.8621755], [98.1590371, 13.8622141], [98.1590361, 13.8622725], [98.1589888, 13.8622715], [98.1589862, 13.8624066], [98.1588592, 13.8624044], [98.158864, 13.8621504], [98.1589434, 13.8621518], [98.158947, 13.8619607], [98.1590421, 13.8619624]]]}}, {"type": "Feature", "properties": {"osm_id": 1565507041, "building": "yes"}, "geometry": {"type": "Polygon", "coordinates": [[[98.1590361, 13.8622725], [98.1590833, 13.8622735], [98.1591456, 13.8622745], [98.1591468, 13.8622159], [98.1590371, 13.8622141], [98.1590361, 13.8622725]]]}}, {"type": "Feature", "properties": {"osm_id": 1565507042, "building": "yes"}, "geometry": {"type": "Polygon", "coordinates": [[[98.1590828, 13.8623029], [98.1590833, 13.8622735], [98.1591456, 13.8622745], [98.1591451, 13.8623039], [98.1590828, 13.8623029]]]}}, {"type": "Feature", "properties": {"osm_id": 1565507043, "building": "yes"}, "geometry": {"type": "Polygon", "coordinates": [[[98.1593129, 13.8625751], [98.1593984, 13.8625754], [98.1593989, 13.8624124], [98.1593135, 13.8624121], [98.1593129, 13.8625751]]]}}, {"type": "Feature", "properties": {"osm_id": 1565507044, "building": "yes"}, "geometry": {"type": "Polygon", "coordinates": [[[98.1594153, 13.8625592], [98.1594859, 13.8625585], [98.1594847, 13.8624435], [98.1594141, 13.8624442], [98.1594153, 13.8625592]]]}}, {"type": "Feature", "properties": {"osm_id": 1565507045, "building": "yes"}, "geometry": {"type": "Polygon", "coordinates": [[[98.1591764, 13.862504], [98.159245, 13.8625057], [98.1592434, 13.8625673], [98.1591748, 13.8625656], [98.1591764, 13.862504]]]}}, {"type": "Feature", "properties": {"osm_id": 1565507046, "building": "yes"}, "geometry": {"type": "Polygon", "coordinates": [[[98.1596597, 13.8627478], [98.159723, 13.8627427], [98.1597135, 13.8626323], [98.1596502, 13.8626375], [98.1596597, 13.8627478]]]}}, {"type": "Feature", "properties": {"osm_id": 1565507047, "building": "yes"}, "geometry": {"type": "Polygon", "coordinates": [[[98.1593602, 13.8626771], [98.1594841, 13.8626765], [98.1594837, 13.8625979], [98.1593598, 13.8625985], [98.1593602, 13.8626771]]]}}, {"type": "Feature", "properties": {"osm_id": 1565507048, "building": "yes"}, "geometry": {"type": "Polygon", "coordinates": [[[98.1597815, 13.8620918], [98.1597804, 13.8620199], [98.1599041, 13.8620183], [98.1599051, 13.8620901], [98.1597815, 13.8620918]]]}}, {"type": "Feature", "properties": {"osm_id": 1565507049, "building": "yes"}, "geometry": {"type": "Polygon", "coordinates": [[[98.1603094, 13.8617779], [98.1603018, 13.8616453], [98.1601045, 13.8616559], [98.160112, 13.8617885], [98.1603094, 13.8617779]]]}}, {"type": "Feature", "properties": {"osm_id": 1565507050, "building": "yes"}, "geometry": {"type": "Polygon", "coordinates": [[[98.1597684, 13.8624003], [98.1597684, 13.8623272], [98.1598464, 13.8623272], [98.1598464, 13.8624003], [98.1597684, 13.8624003]]]}}, {"type": "Feature", "properties": {"osm_id": 1565508069, "building": "yes"}, "geometry": {"type": "Polygon", "coordinates": [[[98.1581176, 13.8627642], [98.1581532, 13.8627067], [98.158284, 13.862783], [98.1582484, 13.8628405], [98.1581176, 13.8627642]]]}}, {"type": "Feature", "properties": {"osm_id": 1565508070, "building": "yes"}, "geometry": {"type": "Polygon", "coordinates": [[[98.1579811, 13.8628746], [98.1581442, 13.8629384], [98.1581063, 13.8630297], [98.1579432, 13.8629659], [98.1579811, 13.8628746]]]}}, {"type": "Feature", "properties": {"osm_id": 1565508071, "building": "yes"}, "geometry": {"type": "Polygon", "coordinates": [[[98.158082, 13.8631683], [98.1581204, 13.8630778], [98.15794, 13.8630056], [98.1579016, 13.8630963], [98.158082, 13.8631683]]]}}, {"type": "Feature", "properties": {"osm_id": 1565508072, "building": "yes"}, "geometry": {"type": "Polygon", "coordinates": [[[98.1586241, 13.8633782], [98.158651, 13.8632884], [98.1584901, 13.8632429], [98.1584632, 13.8633327], [98.1586241, 13.8633782]]]}}, {"type": "Feature", "properties": {"osm_id": 1565508073, "building": "yes"}, "geometry": {"type": "Polygon", "coordinates": [[[98.1578536, 13.8633485], [98.1578771, 13.8632882], [98.1577605, 13.8632454], [98.157737, 13.8633057], [98.1578536, 13.8633485]]]}}, {"type": "Feature", "properties": {"osm_id": 1565508074, "building": "yes"}, "geometry": {"type": "Polygon", "coordinates": [[[98.157642, 13.8630829], [98.1576716, 13.8629951], [98.1575288, 13.8629497], [98.1574992, 13.8630375], [98.157642, 13.8630829]]]}}, {"type": "Feature", "properties": {"osm_id": 1565508075, "building": "yes"}, "geometry": {"type": "Polygon", "coordinates": [[[98.1573696, 13.8630681], [98.1574946, 13.8631004], [98.1574702, 13.8631893], [98.1573452, 13.8631571], [98.1573696, 13.8630681]]]}}, {"type": "Feature", "properties": {"osm_id": 1565508076, "building": "yes"}, "geometry": {"type": "Polygon", "coordinates": [[[98.157547, 13.8632515], [98.1575646, 13.863208], [98.1574862, 13.8631782], [98.1574687, 13.8632217], [98.157547, 13.8632515]]]}}, {"type": "Feature", "properties": {"osm_id": 1565508077, "building": "yes"}, "geometry": {"type": "Polygon", "coordinates": [[[98.1572322, 13.8633046], [98.1573574, 13.8633362], [98.1573334, 13.8634259], [98.1572081, 13.8633943], [98.1572322, 13.8633046]]]}}, {"type": "Feature", "properties": {"osm_id": 1565508078, "building": "yes"}, "geometry": {"type": "Polygon", "coordinates": [[[98.1573859, 13.8634563], [98.1574108, 13.8633924], [98.1574723, 13.8634151], [98.1574474, 13.863479], [98.1573859, 13.8634563]]]}}, {"type": "Feature", "properties": {"osm_id": 1565508079, "building": "yes"}, "geometry": {"type": "Polygon", "coordinates": [[[98.1576868, 13.862984], [98.1577126, 13.8629003], [98.1575718, 13.8628593], [98.1575459, 13.862943], [98.1576868, 13.862984]]]}}, {"type": "Feature", "properties": {"osm_id": 1565508080, "building": "yes"}, "geometry": {"type": "Polygon", "coordinates": [[[98.1577281, 13.8627858], [98.1576997, 13.8628802], [98.1575651, 13.862842], [98.1575936, 13.8627476], [98.1577281, 13.8627858]]]}}, {"type": "Feature", "properties": {"osm_id": 1565508081, "building": "yes"}, "geometry": {"type": "Polygon", "coordinates": [[[98.1579085, 13.8635267], [98.1580067, 13.8635648], [98.1579357, 13.8637372], [98.1578375, 13.8636991], [98.1579085, 13.8635267]]]}}, {"type": "Feature", "properties": {"osm_id": 1565508082, "building": "yes"}, "geometry": {"type": "Polygon", "coordinates": [[[98.158187, 13.8638912], [98.1582052, 13.8638095], [98.1582912, 13.8638275], [98.1582729, 13.8639093], [98.158187, 13.8638912]]]}}, {"type": "Feature", "properties": {"osm_id": 1565508083, "building": "yes"}, "geometry": {"type": "Polygon", "coordinates": [[[98.1571581, 13.8636716], [98.1572814, 13.863689], [98.1572743, 13.8637365], [98.157151, 13.8637191], [98.1571581, 13.8636716]]]}}, {"type": "Feature", "properties": {"osm_id": 1565508084, "building": "yes"}, "geometry": {"type": "Polygon", "coordinates": [[[98.1572696, 13.8638132], [98.1572761, 13.8637602], [98.1571319, 13.8637435], [98.1571253, 13.8637966], [98.1572696, 13.8638132]]]}}, {"type": "Feature", "properties": {"osm_id": 1565508085, "building": "yes"}, "geometry": {"type": "Polygon", "coordinates": [[[98.1572771, 13.8638909], [98.1572834, 13.863829], [98.1571323, 13.8638145], [98.157126, 13.8638763], [98.1572031, 13.8638843], [98.1572771, 13.8638909]]]}}, {"type": "Feature", "properties": {"osm_id": 1565508086, "building": "yes"}, "geometry": {"type": "Polygon", "coordinates": [[[98.1572031, 13.8639462], [98.1572031, 13.8638843], [98.1570823, 13.8638842], [98.1570822, 13.8639461], [98.1572031, 13.8639462]]]}}, {"type": "Feature", "properties": {"osm_id": 1565508087, "building": "yes"}, "geometry": {"type": "Polygon", "coordinates": [[[98.1572159, 13.8642248], [98.1572147, 13.8641452], [98.1570294, 13.8641478], [98.1570306, 13.8642273], [98.1572159, 13.8642248]]]}}, {"type": "Feature", "properties": {"osm_id": 1565508088, "building": "yes"}, "geometry": {"type": "Polygon", "coordinates": [[[98.1572433, 13.8643649], [98.1572391, 13.864449], [98.1571725, 13.8644503], [98.1571048, 13.8644426], [98.1571091, 13.8643585], [98.1572433, 13.8643649]]]}}, {"type": "Feature", "properties": {"osm_id": 1565508089, "building": "yes"}, "geometry": {"type": "Polygon", "coordinates": [[[98.1571723, 13.8644969], [98.1571725, 13.8644503], [98.1570758, 13.8644498], [98.1570755, 13.8644964], [98.1571723, 13.8644969]]]}}, {"type": "Feature", "properties": {"osm_id": 1565508090, "building": "yes"}, "geometry": {"type": "Polygon", "coordinates": [[[98.157545, 13.8638777], [98.1576934, 13.8638757], [98.1576951, 13.8639958], [98.1575467, 13.8639978], [98.157545, 13.8638777]]]}}, {"type": "Feature", "properties": {"osm_id": 1565508091, "building": "yes"}, "geometry": {"type": "Polygon", "coordinates": [[[98.1574868, 13.8641948], [98.157677, 13.8642002], [98.1576744, 13.864288], [98.1574842, 13.8642827], [98.1574868, 13.8641948]]]}}, {"type": "Feature", "properties": {"osm_id": 1565508092, "building": "yes"}, "geometry": {"type": "Polygon", "coordinates": [[[98.1574942, 13.8645062], [98.157655, 13.8645201], [98.1576466, 13.8646107], [98.1574858, 13.8645968], [98.1574942, 13.8645062]]]}}, {"type": "Feature", "properties": {"osm_id": 1565508093, "building": "yes"}, "geometry": {"type": "Polygon", "coordinates": [[[98.1574186, 13.8644864], [98.1574812, 13.8644914], [98.157476, 13.8645538], [98.1574133, 13.8645488], [98.1574186, 13.8644864]]]}}, {"type": "Feature", "properties": {"osm_id": 1565508094, "building": "yes"}, "geometry": {"type": "Polygon", "coordinates": [[[98.1575066, 13.8646183], [98.1576666, 13.8646255], [98.157664, 13.8646782], [98.1575041, 13.864671], [98.1575066, 13.8646183]]]}}, {"type": "Feature", "properties": {"osm_id": 1565508095, "building": "yes"}, "geometry": {"type": "Polygon", "coordinates": [[[98.1574834, 13.8647018], [98.1576303, 13.8647146], [98.157623, 13.864793], [98.1576185, 13.8647926], [98.1574805, 13.8647805], [98.1574733, 13.8647825], [98.1574765, 13.8647731], [98.1574811, 13.8647287], [98.1574834, 13.8647018]]]}}, {"type": "Feature", "properties": {"osm_id": 1565508096, "building": "yes"}, "geometry": {"type": "Polygon", "coordinates": [[[98.1573671, 13.8647625], [98.1573716, 13.8647181], [98.1574811, 13.8647287], [98.1574765, 13.8647731], [98.1573671, 13.8647625]]]}}, {"type": "Feature", "properties": {"osm_id": 1565508097, "building": "yes"}, "geometry": {"type": "Polygon", "coordinates": [[[98.1574776, 13.8648096], [98.1576155, 13.8648226], [98.1576185, 13.8647926], [98.1574805, 13.8647805], [98.1574776, 13.8648096]]]}}, {"type": "Feature", "properties": {"osm_id": 1565508098, "building": "yes"}, "geometry": {"type": "Polygon", "coordinates": [[[98.1575153, 13.864824], [98.1576157, 13.8648281], [98.1576135, 13.864834], [98.1576116, 13.8649071], [98.1575119, 13.8649024], [98.1575153, 13.864824]]]}}, {"type": "Feature", "properties": {"osm_id": 1565508099, "building": "yes"}, "geometry": {"type": "Polygon", "coordinates": [[[98.1576721, 13.8649086], [98.1576739, 13.8648355], [98.1576135, 13.864834], [98.1576116, 13.8649071], [98.1576721, 13.8649086]]]}}, {"type": "Feature", "properties": {"osm_id": 1565508100, "building": "yes"}, "geometry": {"type": "Polygon", "coordinates": [[[98.1577278, 13.8649632], [98.1577284, 13.8649202], [98.1576471, 13.8649191], [98.1576465, 13.8649621], [98.1577278, 13.8649632]]]}}, {"type": "Feature", "properties": {"osm_id": 1565508101, "building": "yes"}, "geometry": {"type": "Polygon", "coordinates": [[[98.1574289, 13.8651507], [98.1574375, 13.8650685], [98.1575694, 13.8650814], [98.1575608, 13.8651637], [98.1574289, 13.8651507]]]}}, {"type": "Feature", "properties": {"osm_id": 1565508102, "building": "yes"}, "geometry": {"type": "Polygon", "coordinates": [[[98.1573993, 13.8651858], [98.1574003, 13.8651196], [98.1573413, 13.8651188], [98.1573403, 13.8651849], [98.1573993, 13.8651858]]]}}, {"type": "Feature", "properties": {"osm_id": 1565508103, "building": "yes"}, "geometry": {"type": "Polygon", "coordinates": [[[98.1571341, 13.8652595], [98.1571471, 13.8651911], [98.1569926, 13.8651635], [98.1569796, 13.865232], [98.1571341, 13.8652595]]]}}, {"type": "Feature", "properties": {"osm_id": 1565508104, "building": "yes"}, "geometry": {"type": "Polygon", "coordinates": [[[98.1569857, 13.8652756], [98.1569978, 13.8652422], [98.1568889, 13.8652052], [98.1568768, 13.8652386], [98.1569857, 13.8652756]]]}}, {"type": "Feature", "properties": {"osm_id": 1565508105, "building": "yes"}, "geometry": {"type": "Polygon", "coordinates": [[[98.1569684, 13.8653204], [98.1571239, 13.8653688], [98.1570983, 13.8654465], [98.1569427, 13.8653981], [98.1569684, 13.8653204]]]}}, {"type": "Feature", "properties": {"osm_id": 1565508106, "building": "yes"}, "geometry": {"type": "Polygon", "coordinates": [[[98.1574042, 13.8654312], [98.1575521, 13.8654444], [98.1575446, 13.8655236], [98.1573968, 13.8655105], [98.1574042, 13.8654312]]]}}, {"type": "Feature", "properties": {"osm_id": 1565508107, "building": "yes"}, "geometry": {"type": "Polygon", "coordinates": [[[98.1572784, 13.8656387], [98.157458, 13.8656432], [98.1574551, 13.8657487], [98.1572756, 13.8657442], [98.1572784, 13.8656387]]]}}, {"type": "Feature", "properties": {"osm_id": 1565508108, "building": "yes"}, "geometry": {"type": "Polygon", "coordinates": [[[98.1574385, 13.8657694], [98.1575941, 13.8657846], [98.1575841, 13.8658805], [98.1574286, 13.8658653], [98.1574385, 13.8657694]]]}}, {"type": "Feature", "properties": {"osm_id": 1565509321, "building": "yes"}, "geometry": {"type": "Polygon", "coordinates": [[[98.1569099, 13.8655561], [98.157096, 13.865607], [98.157078, 13.865669], [98.1570021, 13.8656482], [98.1569938, 13.8656769], [98.1568835, 13.8656467], [98.1569099, 13.8655561]]]}}, {"type": "Feature", "properties": {"osm_id": 1565509322, "building": "yes"}, "geometry": {"type": "Polygon", "coordinates": [[[98.1568043, 13.8656168], [98.1568644, 13.8656306], [98.1568833, 13.8655529], [98.1568232, 13.8655391], [98.1568043, 13.8656168]]]}}, {"type": "Feature", "properties": {"osm_id": 1565509323, "building": "yes"}, "geometry": {"type": "Polygon", "coordinates": [[[98.1568747, 13.8657376], [98.15688, 13.8656781], [98.156824, 13.8656734], [98.1568187, 13.8657328], [98.1568747, 13.8657376]]]}}, {"type": "Feature", "properties": {"osm_id": 1565509324, "building": "yes"}, "geometry": {"type": "Polygon", "coordinates": [[[98.1569094, 13.8657608], [98.1569203, 13.8657064], [98.1571084, 13.8657419], [98.1570975, 13.8657963], [98.1569094, 13.8657608]]]}}, {"type": "Feature", "properties": {"osm_id": 1565509325, "building": "yes"}, "geometry": {"type": "Polygon", "coordinates": [[[98.1570467, 13.8658425], [98.1571271, 13.8658506], [98.1571318, 13.8658063], [98.1570515, 13.8657981], [98.1570467, 13.8658425]]]}}, {"type": "Feature", "properties": {"osm_id": 1565509326, "building": "yes"}, "geometry": {"type": "Polygon", "coordinates": [[[98.1574177, 13.8660368], [98.157431, 13.8659734], [98.1576217, 13.8660112], [98.1576084, 13.8660745], [98.1574177, 13.8660368]]]}}, {"type": "Feature", "properties": {"osm_id": 1565509327, "building": "yes"}, "geometry": {"type": "Polygon", "coordinates": [[[98.1573166, 13.8660891], [98.157497, 13.8661233], [98.1574816, 13.8661994], [98.1573013, 13.8661652], [98.1573166, 13.8660891]]]}}, {"type": "Feature", "properties": {"osm_id": 1565509328, "building": "yes"}, "geometry": {"type": "Polygon", "coordinates": [[[98.1573505, 13.8662025], [98.1574923, 13.8662292], [98.1574739, 13.8663215], [98.1573321, 13.8662948], [98.1573505, 13.8662025]]]}}, {"type": "Feature", "properties": {"osm_id": 1565509329, "building": "yes"}, "geometry": {"type": "Polygon", "coordinates": [[[98.1573401, 13.866316], [98.1574945, 13.8663471], [98.1574773, 13.8664274], [98.1573229, 13.8663963], [98.1573401, 13.866316]]]}}, {"type": "Feature", "properties": {"osm_id": 1565509330, "building": "yes"}, "geometry": {"type": "Polygon", "coordinates": [[[98.1573177, 13.866534], [98.1574742, 13.8665237], [98.1574806, 13.8666152], [98.1573241, 13.8666255], [98.1573177, 13.866534]]]}}, {"type": "Feature", "properties": {"osm_id": 1565509331, "building": "yes"}, "geometry": {"type": "Polygon", "coordinates": [[[98.157346, 13.8666849], [98.1575117, 13.8666852], [98.1575115, 13.8667813], [98.1573459, 13.8667811], [98.157346, 13.8666849]]]}}, {"type": "Feature", "properties": {"osm_id": 1565509332, "building": "yes"}, "geometry": {"type": "Polygon", "coordinates": [[[98.1573874, 13.86682], [98.1575029, 13.8668156], [98.1575069, 13.8669145], [98.1573914, 13.8669189], [98.1573874, 13.86682]]]}}, {"type": "Feature", "properties": {"osm_id": 1565509333, "building": "yes"}, "geometry": {"type": "Polygon", "coordinates": [[[98.1573431, 13.8669881], [98.1575177, 13.866983], [98.1575205, 13.8670754], [98.1573459, 13.8670805], [98.1573431, 13.8669881]]]}}, {"type": "Feature", "properties": {"osm_id": 1565509334, "building": "yes"}, "geometry": {"type": "Polygon", "coordinates": [[[98.1568927, 13.8663341], [98.1570857, 13.8663185], [98.1570925, 13.8663975], [98.1568995, 13.8664131], [98.1568927, 13.8663341]]]}}, {"type": "Feature", "properties": {"osm_id": 1565509335, "building": "yes"}, "geometry": {"type": "Polygon", "coordinates": [[[98.1570899, 13.866469], [98.1570816, 13.8664066], [98.1569383, 13.8664245], [98.1569466, 13.8664869], [98.1570899, 13.866469]]]}}, {"type": "Feature", "properties": {"osm_id": 1565509336, "building": "yes"}, "geometry": {"type": "Polygon", "coordinates": [[[98.1568772, 13.8665874], [98.1570318, 13.8665672], [98.1570412, 13.8666352], [98.1568866, 13.8666554], [98.1568772, 13.8665874]]]}}, {"type": "Feature", "properties": {"osm_id": 1565509337, "building": "yes"}, "geometry": {"type": "Polygon", "coordinates": [[[98.1568935, 13.8667492], [98.1570514, 13.8667534], [98.1570493, 13.8668271], [98.1568915, 13.866823], [98.1568935, 13.8667492]]]}}, {"type": "Feature", "properties": {"osm_id": 1565509338, "building": "yes"}, "geometry": {"type": "Polygon", "coordinates": [[[98.1568128, 13.8668109], [98.1568752, 13.8668105], [98.1568748, 13.8667433], [98.1568123, 13.8667437], [98.1568128, 13.8668109]]]}}, {"type": "Feature", "properties": {"osm_id": 1565509339, "building": "yes"}, "geometry": {"type": "Polygon", "coordinates": [[[98.1569582, 13.8669533], [98.1570852, 13.8669601], [98.1570816, 13.8670242], [98.1569546, 13.8670174], [98.1569582, 13.8669533]]]}}, {"type": "Feature", "properties": {"osm_id": 1565509340, "building": "yes"}, "geometry": {"type": "Polygon", "coordinates": [[[98.1570685, 13.8670897], [98.1570687, 13.8670353], [98.156886, 13.8670347], [98.1568858, 13.8670891], [98.1570685, 13.8670897]]]}}, {"type": "Feature", "properties": {"osm_id": 1565509341, "building": "yes"}, "geometry": {"type": "Polygon", "coordinates": [[[98.1570797, 13.8671047], [98.1568893, 13.8670999], [98.1568876, 13.8671598], [98.1569367, 13.867161], [98.1569361, 13.8671811], [98.156999, 13.8671827], [98.1569996, 13.8671612], [98.1570781, 13.8671632], [98.1570797, 13.8671047]]]}}, {"type": "Feature", "properties": {"osm_id": 1565509342, "building": "yes"}, "geometry": {"type": "Polygon", "coordinates": [[[98.1570059, 13.8673903], [98.1571318, 13.86739], [98.157132, 13.8674676], [98.1570061, 13.8674679], [98.1570059, 13.8673903]]]}}, {"type": "Feature", "properties": {"osm_id": 1565509343, "building": "yes"}, "geometry": {"type": "Polygon", "coordinates": [[[98.1564759, 13.8673827], [98.1565963, 13.8673764], [98.1566009, 13.8674578], [98.1564804, 13.8674642], [98.1564759, 13.8673827]]]}}, {"type": "Feature", "properties": {"osm_id": 1565509344, "building": "yes"}, "geometry": {"type": "Polygon", "coordinates": [[[98.1566157, 13.8676366], [98.156689, 13.8676351], [98.156691, 13.8677255], [98.1566177, 13.867727], [98.1566157, 13.8676366]]]}}, {"type": "Feature", "properties": {"osm_id": 1565509345, "building": "yes"}, "geometry": {"type": "Polygon", "coordinates": [[[98.156959, 13.8675587], [98.1569602, 13.8674895], [98.1571049, 13.8674918], [98.1571037, 13.867561], [98.156959, 13.8675587]]]}}, {"type": "Feature", "properties": {"osm_id": 1565509346, "building": "yes"}, "geometry": {"type": "Polygon", "coordinates": [[[98.1570183, 13.8675774], [98.1571372, 13.8675784], [98.1571367, 13.8676354], [98.1570157, 13.8676362], [98.1570183, 13.8675774]]]}}, {"type": "Feature", "properties": {"osm_id": 1565509347, "building": "yes"}, "geometry": {"type": "Polygon", "coordinates": [[[98.1570154, 13.8676897], [98.1570157, 13.8676362], [98.1569153, 13.8676355], [98.1569149, 13.867689], [98.1570154, 13.8676897]]]}}, {"type": "Feature", "properties": {"osm_id": 1565509348, "building": "yes"}, "geometry": {"type": "Polygon", "coordinates": [[[98.1573994, 13.8672322], [98.1575226, 13.8672249], [98.1575283, 13.8673145], [98.157405, 13.8673218], [98.1573994, 13.8672322]]]}}, {"type": "Feature", "properties": {"osm_id": 1565509349, "building": "yes"}, "geometry": {"type": "Polygon", "coordinates": [[[98.1574128, 13.8673502], [98.1576009, 13.867357], [98.1575977, 13.8674394], [98.1574096, 13.8674326], [98.1574128, 13.8673502]]]}}, {"type": "Feature", "properties": {"osm_id": 1565509350, "building": "yes"}, "geometry": {"type": "Polygon", "coordinates": [[[98.1574233, 13.8675155], [98.157534, 13.8675161], [98.1575335, 13.8675911], [98.1574229, 13.8675905], [98.1574233, 13.8675155]]]}}, {"type": "Feature", "properties": {"osm_id": 1565509351, "building": "yes"}, "geometry": {"type": "Polygon", "coordinates": [[[98.1574322, 13.867636], [98.1575176, 13.8676392], [98.1575148, 13.8677095], [98.1574294, 13.8677064], [98.1574322, 13.867636]]]}}, {"type": "Feature", "properties": {"osm_id": 1565509352, "building": "yes"}, "geometry": {"type": "Polygon", "coordinates": [[[98.1574314, 13.867775], [98.1575468, 13.8677738], [98.1575476, 13.8678505], [98.1574322, 13.8678517], [98.1574314, 13.867775]]]}}, {"type": "Feature", "properties": {"osm_id": 1565509353, "building": "yes"}, "geometry": {"type": "Polygon", "coordinates": [[[98.1574868, 13.8678919], [98.157645, 13.8678814], [98.1576509, 13.8679651], [98.1574927, 13.8679756], [98.1574868, 13.8678919]]]}}, {"type": "Feature", "properties": {"osm_id": 1565509354, "building": "yes"}, "geometry": {"type": "Polygon", "coordinates": [[[98.1573727, 13.8678988], [98.1574438, 13.8678976], [98.1574449, 13.8679622], [98.1573738, 13.8679633], [98.1573727, 13.8678988]]]}}, {"type": "Feature", "properties": {"osm_id": 1565509355, "building": "yes"}, "geometry": {"type": "Polygon", "coordinates": [[[98.1575251, 13.868038], [98.1576271, 13.8680386], [98.1576258, 13.8682389], [98.1575238, 13.8682383], [98.1575251, 13.868038]]]}}, {"type": "Feature", "properties": {"osm_id": 1565509356, "building": "yes"}, "geometry": {"type": "Polygon", "coordinates": [[[98.1576522, 13.8682267], [98.1577619, 13.8682267], [98.157762, 13.8680287], [98.1576522, 13.8680287], [98.1576522, 13.8682267]]]}}, {"type": "Feature", "properties": {"osm_id": 1565509357, "building": "yes"}, "geometry": {"type": "Polygon", "coordinates": [[[98.1569351, 13.8677745], [98.156934, 13.8677192], [98.1568541, 13.8677206], [98.1568552, 13.8677759], [98.1569351, 13.8677745]]]}}, {"type": "Feature", "properties": {"osm_id": 1565509358, "building": "yes"}, "geometry": {"type": "Polygon", "coordinates": [[[98.1569664, 13.8679938], [98.1571787, 13.8679623], [98.1571636, 13.8678661], [98.1569513, 13.8678975], [98.1569664, 13.8679938]]]}}, {"type": "Feature", "properties": {"osm_id": 1565509359, "building": "yes"}, "geometry": {"type": "Polygon", "coordinates": [[[98.1564613, 13.8677728], [98.1565547, 13.867765], [98.1565711, 13.8679503], [98.1564777, 13.8679581], [98.1564613, 13.8677728]]]}}, {"type": "Feature", "properties": {"osm_id": 1565509360, "building": "yes"}, "geometry": {"type": "Polygon", "coordinates": [[[98.1554675, 13.8679617], [98.1555826, 13.8679267], [98.1554213, 13.8674271], [98.1553061, 13.8674622], [98.1554675, 13.8679617]]]}}, {"type": "Feature", "properties": {"osm_id": 1565511547, "building": "yes"}, "geometry": {"type": "Polygon", "coordinates": [[[98.1570149, 13.8681727], [98.157221, 13.8681487], [98.1572297, 13.8682196], [98.1570236, 13.8682436], [98.1570149, 13.8681727]]]}}, {"type": "Feature", "properties": {"osm_id": 1565511548, "building": "yes"}, "geometry": {"type": "Polygon", "coordinates": [[[98.1570421, 13.8683246], [98.1570352, 13.8682593], [98.1571713, 13.8682458], [98.1571782, 13.8683111], [98.1570421, 13.8683246]]]}}, {"type": "Feature", "properties": {"osm_id": 1565511549, "building": "yes"}, "geometry": {"type": "Polygon", "coordinates": [[[98.1570737, 13.8684349], [98.1570647, 13.8683408], [98.1572129, 13.8683274], [98.1572219, 13.8684215], [98.1570737, 13.8684349]]]}}, {"type": "Feature", "properties": {"osm_id": 1565511550, "building": "yes"}, "geometry": {"type": "Polygon", "coordinates": [[[98.1569881, 13.8684117], [98.1569806, 13.8683415], [98.1568266, 13.868357], [98.1568341, 13.8684271], [98.1569881, 13.8684117]]]}}, {"type": "Feature", "properties": {"osm_id": 1565511551, "building": "yes"}, "geometry": {"type": "Polygon", "coordinates": [[[98.1569793, 13.8685234], [98.1571516, 13.8685052], [98.1571591, 13.8685725], [98.1569868, 13.8685907], [98.1569793, 13.8685234]]]}}, {"type": "Feature", "properties": {"osm_id": 1565511552, "building": "yes"}, "geometry": {"type": "Polygon", "coordinates": [[[98.157412, 13.8685491], [98.1575752, 13.8685573], [98.1575725, 13.8686087], [98.1574093, 13.8686005], [98.157412, 13.8685491]]]}}, {"type": "Feature", "properties": {"osm_id": 1565511553, "building": "yes"}, "geometry": {"type": "Polygon", "coordinates": [[[98.1576159, 13.8686124], [98.1577083, 13.8686085], [98.1577056, 13.868548], [98.1576132, 13.8685518], [98.1576159, 13.8686124]]]}}, {"type": "Feature", "properties": {"osm_id": 1565511554, "building": "yes"}, "geometry": {"type": "Polygon", "coordinates": [[[98.1576116, 13.8687209], [98.157612, 13.8686491], [98.1577094, 13.8686496], [98.157709, 13.8687215], [98.1576116, 13.8687209]]]}}, {"type": "Feature", "properties": {"osm_id": 1565511555, "building": "yes"}, "geometry": {"type": "Polygon", "coordinates": [[[98.1573879, 13.8686401], [98.1575918, 13.8686347], [98.1575948, 13.8687416], [98.1573909, 13.8687471], [98.1573879, 13.8686401]]]}}, {"type": "Feature", "properties": {"osm_id": 1565511556, "building": "yes"}, "geometry": {"type": "Polygon", "coordinates": [[[98.1567817, 13.8687621], [98.156848, 13.8687485], [98.1568684, 13.8688425], [98.1568022, 13.8688561], [98.1567817, 13.8687621]]]}}, {"type": "Feature", "properties": {"osm_id": 1565511557, "building": "yes"}, "geometry": {"type": "Polygon", "coordinates": [[[98.1569566, 13.8689469], [98.1571517, 13.8689047], [98.157181, 13.8690323], [98.1569769, 13.8690766], [98.1569505, 13.8689617], [98.1569566, 13.8689469]]]}}, {"type": "Feature", "properties": {"osm_id": 1565511558, "building": "yes"}, "geometry": {"type": "Polygon", "coordinates": [[[98.1571984, 13.8689648], [98.1572566, 13.8689482], [98.1572387, 13.868889], [98.1571805, 13.8689056], [98.1571984, 13.8689648]]]}}, {"type": "Feature", "properties": {"osm_id": 1565511559, "building": "yes"}, "geometry": {"type": "Polygon", "coordinates": [[[98.1574729, 13.8688803], [98.1576093, 13.8688769], [98.1576113, 13.8689558], [98.157475, 13.8689592], [98.1574729, 13.8688803]]]}}, {"type": "Feature", "properties": {"osm_id": 1565511560, "building": "yes"}, "geometry": {"type": "Polygon", "coordinates": [[[98.1574528, 13.8689888], [98.1576424, 13.8689695], [98.1576519, 13.8690583], [98.1574623, 13.8690776], [98.1574528, 13.8689888]]]}}, {"type": "Feature", "properties": {"osm_id": 1565511561, "building": "yes"}, "geometry": {"type": "Polygon", "coordinates": [[[98.1577975, 13.8689337], [98.1578703, 13.8689311], [98.1578751, 13.8690561], [98.1578023, 13.8690588], [98.1577975, 13.8689337]]]}}, {"type": "Feature", "properties": {"osm_id": 1565511562, "building": "yes"}, "geometry": {"type": "Polygon", "coordinates": [[[98.1580674, 13.8688884], [98.1581543, 13.8688958], [98.1581422, 13.8690292], [98.1580554, 13.8690218], [98.1580674, 13.8688884]]]}}, {"type": "Feature", "properties": {"osm_id": 1565511563, "building": "yes"}, "geometry": {"type": "Polygon", "coordinates": [[[98.158177, 13.8690909], [98.15827, 13.8690927], [98.1582747, 13.8688666], [98.1581817, 13.8688648], [98.158177, 13.8690909]]]}}, {"type": "Feature", "properties": {"osm_id": 1565511564, "building": "yes"}, "geometry": {"type": "Polygon", "coordinates": [[[98.1583113, 13.8690807], [98.1583784, 13.8690911], [98.1583902, 13.8690189], [98.1583232, 13.8690085], [98.1583113, 13.8690807]]]}}, {"type": "Feature", "properties": {"osm_id": 1565511565, "building": "yes"}, "geometry": {"type": "Polygon", "coordinates": [[[98.1584692, 13.8690081], [98.1585428, 13.8690243], [98.1585854, 13.8688421], [98.1585118, 13.8688258], [98.1584692, 13.8690081]]]}}, {"type": "Feature", "properties": {"osm_id": 1565511566, "building": "yes"}, "geometry": {"type": "Polygon", "coordinates": [[[98.1585562, 13.8691071], [98.1586603, 13.8691318], [98.1587058, 13.8689514], [98.1586017, 13.8689266], [98.1585562, 13.8691071]]]}}, {"type": "Feature", "properties": {"osm_id": 1565511567, "building": "yes"}, "geometry": {"type": "Polygon", "coordinates": [[[98.158737, 13.8691747], [98.1587767, 13.8690529], [98.158871, 13.8690819], [98.1588313, 13.8692037], [98.158737, 13.8691747]]]}}, {"type": "Feature", "properties": {"osm_id": 1565511568, "building": "yes"}, "geometry": {"type": "Polygon", "coordinates": [[[98.1588671, 13.8692248], [98.1589126, 13.8691263], [98.158975, 13.8691535], [98.1589295, 13.869252], [98.1588671, 13.8692248]]]}}, {"type": "Feature", "properties": {"osm_id": 1565511569, "building": "yes"}, "geometry": {"type": "Polygon", "coordinates": [[[98.1578163, 13.8692589], [98.1579071, 13.8692372], [98.1579466, 13.8693923], [98.1578558, 13.8694141], [98.1578163, 13.8692589]]]}}, {"type": "Feature", "properties": {"osm_id": 1565511570, "building": "yes"}, "geometry": {"type": "Polygon", "coordinates": [[[98.1581247, 13.8693492], [98.1582347, 13.8693561], [98.1582428, 13.8692353], [98.1581328, 13.8692284], [98.1581247, 13.8693492]]]}}, {"type": "Feature", "properties": {"osm_id": 1565511571, "building": "yes"}, "geometry": {"type": "Polygon", "coordinates": [[[98.158317, 13.8692442], [98.1584152, 13.8692639], [98.1583776, 13.8694415], [98.1582794, 13.8694218], [98.158317, 13.8692442]]]}}, {"type": "Feature", "properties": {"osm_id": 1565511572, "building": "yes"}, "geometry": {"type": "Polygon", "coordinates": [[[98.1577015, 13.8693696], [98.15777, 13.8693481], [98.1578011, 13.8694416], [98.1577326, 13.8694631], [98.1577015, 13.8693696]]]}}, {"type": "Feature", "properties": {"osm_id": 1565511573, "building": "yes"}, "geometry": {"type": "Polygon", "coordinates": [[[98.157516, 13.8692864], [98.1575832, 13.8692709], [98.1576205, 13.8694239], [98.1575534, 13.8694394], [98.157516, 13.8692864]]]}}, {"type": "Feature", "properties": {"osm_id": 1565511574, "building": "yes"}, "geometry": {"type": "Polygon", "coordinates": [[[98.1585404, 13.8695725], [98.1586725, 13.8695909], [98.1586615, 13.8696652], [98.1585294, 13.8696468], [98.1585404, 13.8695725]]]}}, {"type": "Feature", "properties": {"osm_id": 1565511575, "building": "yes"}, "geometry": {"type": "Polygon", "coordinates": [[[98.1586539, 13.8697741], [98.1586635, 13.8696868], [98.1585217, 13.8696721], [98.158512, 13.8697593], [98.1586539, 13.8697741]]]}}, {"type": "Feature", "properties": {"osm_id": 1565511576, "building": "yes"}, "geometry": {"type": "Polygon", "coordinates": [[[98.1584375, 13.8697727], [98.1584964, 13.8697602], [98.1584668, 13.8696286], [98.1584078, 13.8696411], [98.1584375, 13.8697727]]]}}, {"type": "Feature", "properties": {"osm_id": 1565511577, "building": "yes"}, "geometry": {"type": "Polygon", "coordinates": [[[98.1584171, 13.8696261], [98.1583859, 13.869632], [98.1583737, 13.8695708], [98.1584049, 13.869565], [98.1584171, 13.8696261]]]}}, {"type": "Feature", "properties": {"osm_id": 1565511578, "building": "yes"}, "geometry": {"type": "Polygon", "coordinates": [[[98.1590699, 13.8694268], [98.1592208, 13.8694671], [98.1592412, 13.8693953], [98.1590902, 13.869355], [98.1590699, 13.8694268]]]}}, {"type": "Feature", "properties": {"osm_id": 1565511579, "building": "yes"}, "geometry": {"type": "Polygon", "coordinates": [[[98.1592512, 13.8694361], [98.1593378, 13.8694534], [98.1593218, 13.8695287], [98.1592352, 13.8695114], [98.1592512, 13.8694361]]]}}, {"type": "Feature", "properties": {"osm_id": 1565511580, "building": "yes"}, "geometry": {"type": "Polygon", "coordinates": [[[98.1592997, 13.8693704], [98.1593322, 13.8692989], [98.1592084, 13.8692458], [98.1591758, 13.8693174], [98.1592997, 13.8693704]]]}}, {"type": "Feature", "properties": {"osm_id": 1565511581, "building": "yes"}, "geometry": {"type": "Polygon", "coordinates": [[[98.1592162, 13.869225], [98.1592437, 13.8691611], [98.1593851, 13.8692183], [98.1593576, 13.8692823], [98.1592162, 13.869225]]]}}, {"type": "Feature", "properties": {"osm_id": 1565511582, "building": "yes"}, "geometry": {"type": "Polygon", "coordinates": [[[98.1594188, 13.8692219], [98.1594613, 13.869179], [98.1593861, 13.8691089], [98.1593241, 13.8690509], [98.1592816, 13.8690938], [98.1594188, 13.8692219]]]}}, {"type": "Feature", "properties": {"osm_id": 1565511583, "building": "yes"}, "geometry": {"type": "Polygon", "coordinates": [[[98.1593861, 13.8691089], [98.1594245, 13.8690461], [98.1595555, 13.8691215], [98.1595171, 13.8691844], [98.1593861, 13.8691089]]]}}, {"type": "Feature", "properties": {"osm_id": 1565511584, "building": "yes"}, "geometry": {"type": "Polygon", "coordinates": [[[98.1594339, 13.8689906], [98.1595327, 13.8690703], [98.1595918, 13.8690012], [98.1595625, 13.8689757], [98.1595209, 13.8689435], [98.1594929, 13.8689216], [98.1594339, 13.8689906]]]}}, {"type": "Feature", "properties": {"osm_id": 1565511585, "building": "yes"}, "geometry": {"type": "Polygon", "coordinates": [[[98.1595209, 13.8689435], [98.1595555, 13.8689012], [98.1595972, 13.8689334], [98.1595625, 13.8689757], [98.1595209, 13.8689435]]]}}, {"type": "Feature", "properties": {"osm_id": 1565511586, "building": "yes"}, "geometry": {"type": "Polygon", "coordinates": [[[98.1592023, 13.869012], [98.1592929, 13.8689138], [98.1591759, 13.8688121], [98.1590854, 13.8689103], [98.1592023, 13.869012]]]}}, {"type": "Feature", "properties": {"osm_id": 1565511587, "building": "yes"}, "geometry": {"type": "Polygon", "coordinates": [[[98.1591419, 13.8692667], [98.1591561, 13.8692304], [98.1592016, 13.8692471], [98.1591873, 13.8692835], [98.1591419, 13.8692667]]]}}, {"type": "Feature", "properties": {"osm_id": 1565515187, "building": "yes"}, "geometry": {"type": "Polygon", "coordinates": [[[98.1592447, 13.8687444], [98.1592781, 13.8686707], [98.1594369, 13.8687386], [98.1594035, 13.8688123], [98.1592447, 13.8687444]]]}}, {"type": "Feature", "properties": {"osm_id": 1565515188, "building": "yes"}, "geometry": {"type": "Polygon", "coordinates": [[[98.1592676, 13.8686561], [98.1594371, 13.8686877], [98.1594512, 13.8686165], [98.1592817, 13.8685849], [98.1592676, 13.8686561]]]}}, {"type": "Feature", "properties": {"osm_id": 1565515189, "building": "yes"}, "geometry": {"type": "Polygon", "coordinates": [[[98.1593578, 13.8685732], [98.1593733, 13.8685052], [98.1594773, 13.8685275], [98.1594619, 13.8685955], [98.1593578, 13.8685732]]]}}, {"type": "Feature", "properties": {"osm_id": 1565515190, "building": "yes"}, "geometry": {"type": "Polygon", "coordinates": [[[98.1593467, 13.8685822], [98.1593615, 13.8685046], [98.15929, 13.8684917], [98.1592752, 13.8685693], [98.1593467, 13.8685822]]]}}, {"type": "Feature", "properties": {"osm_id": 1565515191, "building": "yes"}, "geometry": {"type": "Polygon", "coordinates": [[[98.1594153, 13.8683031], [98.1594231, 13.868223], [98.15955, 13.8682346], [98.1595422, 13.8683147], [98.1594153, 13.8683031]]]}}, {"type": "Feature", "properties": {"osm_id": 1565515192, "building": "yes"}, "geometry": {"type": "Polygon", "coordinates": [[[98.1593527, 13.868265], [98.1593522, 13.8682144], [98.1594106, 13.8682138], [98.1594112, 13.8682644], [98.1593527, 13.868265]]]}}, {"type": "Feature", "properties": {"osm_id": 1565515193, "building": "yes"}, "geometry": {"type": "Polygon", "coordinates": [[[98.1597197, 13.8682812], [98.1597272, 13.8681766], [98.1598772, 13.8681868], [98.1598696, 13.8682914], [98.1597197, 13.8682812]]]}}, {"type": "Feature", "properties": {"osm_id": 1565515194, "building": "yes"}, "geometry": {"type": "Polygon", "coordinates": [[[98.1596481, 13.8686142], [98.1596591, 13.868505], [98.159786, 13.8685171], [98.159775, 13.8686262], [98.1596481, 13.8686142]]]}}, {"type": "Feature", "properties": {"osm_id": 1565515195, "building": "yes"}, "geometry": {"type": "Polygon", "coordinates": [[[98.1599101, 13.8684433], [98.159946, 13.8682699], [98.1600476, 13.8682897], [98.1600116, 13.8684631], [98.1599101, 13.8684433]]]}}, {"type": "Feature", "properties": {"osm_id": 1565515196, "building": "yes"}, "geometry": {"type": "Polygon", "coordinates": [[[98.1602306, 13.8686292], [98.1602719, 13.8684892], [98.1603345, 13.8685066], [98.1602931, 13.8686466], [98.1602306, 13.8686292]]]}}, {"type": "Feature", "properties": {"osm_id": 1565515197, "building": "yes"}, "geometry": {"type": "Polygon", "coordinates": [[[98.1604418, 13.8685306], [98.1604893, 13.8684611], [98.1606021, 13.8685338], [98.1605545, 13.8686033], [98.1604418, 13.8685306]]]}}, {"type": "Feature", "properties": {"osm_id": 1565515198, "building": "yes"}, "geometry": {"type": "Polygon", "coordinates": [[[98.1599336, 13.8688322], [98.1599894, 13.8688275], [98.1599991, 13.8689368], [98.1599433, 13.8689415], [98.1599336, 13.8688322]]]}}, {"type": "Feature", "properties": {"osm_id": 1565515199, "building": "yes"}, "geometry": {"type": "Polygon", "coordinates": [[[98.1599375, 13.8690179], [98.1599349, 13.8689784], [98.1599978, 13.8689744], [98.1599991, 13.8689916], [98.1600007, 13.8690139], [98.1599375, 13.8690179]]]}}, {"type": "Feature", "properties": {"osm_id": 1565515200, "building": "yes"}, "geometry": {"type": "Polygon", "coordinates": [[[98.1599991, 13.8689916], [98.1600378, 13.8689888], [98.1600343, 13.8689438], [98.1599957, 13.8689466], [98.1599978, 13.8689744], [98.1599991, 13.8689916]]]}}, {"type": "Feature", "properties": {"osm_id": 1565515201, "building": "yes"}, "geometry": {"type": "Polygon", "coordinates": [[[98.1601371, 13.8689487], [98.1601498, 13.8688134], [98.1602359, 13.868821], [98.160235, 13.86883], [98.1602293, 13.8688909], [98.1602232, 13.8689563], [98.1601371, 13.8689487]]]}}, {"type": "Feature", "properties": {"osm_id": 1565515202, "building": "yes"}, "geometry": {"type": "Polygon", "coordinates": [[[98.1602293, 13.8688909], [98.1602613, 13.8688937], [98.1602669, 13.8688328], [98.160235, 13.86883], [98.1602293, 13.8688909]]]}}, {"type": "Feature", "properties": {"osm_id": 1565515203, "building": "yes"}, "geometry": {"type": "Polygon", "coordinates": [[[98.1601747, 13.869132], [98.160217, 13.8690575], [98.1603781, 13.8691436], [98.1603358, 13.8692182], [98.1601747, 13.869132]]]}}, {"type": "Feature", "properties": {"osm_id": 1565515204, "building": "yes"}, "geometry": {"type": "Polygon", "coordinates": [[[98.1589928, 13.8696897], [98.1590205, 13.8696222], [98.1591707, 13.8696802], [98.1591429, 13.8697478], [98.1589928, 13.8696897]]]}}, {"type": "Feature", "properties": {"osm_id": 1565515205, "building": "yes"}, "geometry": {"type": "Polygon", "coordinates": [[[98.1589647, 13.8698758], [98.1590071, 13.8698071], [98.1588527, 13.8697174], [98.1588103, 13.8697861], [98.1589647, 13.8698758]]]}}, {"type": "Feature", "properties": {"osm_id": 1565515206, "building": "yes"}, "geometry": {"type": "Polygon", "coordinates": [[[98.1583795, 13.8699368], [98.1584383, 13.8698695], [98.1585493, 13.8699611], [98.1584917, 13.870028], [98.1583795, 13.8699368]]]}}, {"type": "Feature", "properties": {"osm_id": 1565515207, "building": "yes"}, "geometry": {"type": "Polygon", "coordinates": [[[98.1584696, 13.8700641], [98.1584917, 13.870028], [98.1583737, 13.86996], [98.1583517, 13.8699961], [98.1584696, 13.8700641]]]}}, {"type": "Feature", "properties": {"osm_id": 1565515208, "building": "yes"}, "geometry": {"type": "Polygon", "coordinates": [[[98.1580753, 13.8697062], [98.1581818, 13.8697062], [98.1581818, 13.869844], [98.1580753, 13.869844], [98.1580753, 13.8697062]]]}}, {"type": "Feature", "properties": {"osm_id": 1565515209, "building": "yes"}, "geometry": {"type": "Polygon", "coordinates": [[[98.1582275, 13.8697134], [98.1582914, 13.8697111], [98.1582965, 13.8698394], [98.1582326, 13.8698417], [98.1582275, 13.8697134]]]}}, {"type": "Feature", "properties": {"osm_id": 1565515210, "building": "yes"}, "geometry": {"type": "Polygon", "coordinates": [[[98.1579714, 13.8697308], [98.1580459, 13.8697193], [98.1580705, 13.8698696], [98.157996, 13.8698811], [98.1579714, 13.8697308]]]}}, {"type": "Feature", "properties": {"osm_id": 1565515211, "building": "yes"}, "geometry": {"type": "Polygon", "coordinates": [[[98.1578468, 13.8697532], [98.1579519, 13.8697396], [98.157974, 13.8699005], [98.1578689, 13.8699141], [98.1578468, 13.8697532]]]}}, {"type": "Feature", "properties": {"osm_id": 1565515212, "building": "yes"}, "geometry": {"type": "Polygon", "coordinates": [[[98.1577268, 13.8698332], [98.1578335, 13.869816], [98.1578574, 13.8699553], [98.1577507, 13.8699726], [98.1577268, 13.8698332]]]}}, {"type": "Feature", "properties": {"osm_id": 1565515213, "building": "yes"}, "geometry": {"type": "Polygon", "coordinates": [[[98.1577456, 13.8701721], [98.1578288, 13.8701641], [98.1578403, 13.8702772], [98.1577571, 13.8702852], [98.1577456, 13.8701721]]]}}, {"type": "Feature", "properties": {"osm_id": 1565515214, "building": "yes"}, "geometry": {"type": "Polygon", "coordinates": [[[98.158388, 13.8701612], [98.1584214, 13.8700978], [98.1583029, 13.8700387], [98.1582469, 13.8701446], [98.1583654, 13.8702038], [98.158388, 13.8701612]]]}}, {"type": "Feature", "properties": {"osm_id": 1565515215, "building": "yes"}, "geometry": {"type": "Polygon", "coordinates": [[[98.1586573, 13.8701669], [98.1586942, 13.8700922], [98.1588039, 13.8701433], [98.158767, 13.870218], [98.1586573, 13.8701669]]]}}, {"type": "Feature", "properties": {"osm_id": 1565515216, "building": "yes"}, "geometry": {"type": "Polygon", "coordinates": [[[98.1587993, 13.8698845], [98.1588236, 13.8698293], [98.1589247, 13.8698713], [98.1589004, 13.8699265], [98.1587993, 13.8698845]]]}}, {"type": "Feature", "properties": {"osm_id": 1565515217, "building": "yes"}, "geometry": {"type": "Polygon", "coordinates": [[[98.1587549, 13.8700417], [98.1587744, 13.8699703], [98.1594742, 13.8701534], [98.1594689, 13.8702198], [98.1594512, 13.8702165], [98.1592347, 13.8701686], [98.1587549, 13.8700417]]]}}, {"type": "Feature", "properties": {"osm_id": 1565515218, "building": "yes"}, "geometry": {"type": "Polygon", "coordinates": [[[98.1592347, 13.8701686], [98.159199, 13.8703211], [98.1593106, 13.8703481], [98.1594153, 13.8703689], [98.1594512, 13.8702165], [98.1592347, 13.8701686]]]}}, {"type": "Feature", "properties": {"osm_id": 1565515219, "building": "yes"}, "geometry": {"type": "Polygon", "coordinates": [[[98.1593106, 13.8703481], [98.1592988, 13.8704039], [98.1594035, 13.8704248], [98.1594153, 13.8703689], [98.1593106, 13.8703481]]]}}, {"type": "Feature", "properties": {"osm_id": 1565515220, "building": "yes"}, "geometry": {"type": "Polygon", "coordinates": [[[98.1594316, 13.8704976], [98.1594463, 13.8703661], [98.1596474, 13.8703873], [98.1596327, 13.8705187], [98.1594316, 13.8704976]]]}}, {"type": "Feature", "properties": {"osm_id": 1565515221, "building": "yes"}, "geometry": {"type": "Polygon", "coordinates": [[[98.1595642, 13.8705797], [98.1595692, 13.8705226], [98.1597455, 13.8705373], [98.1597405, 13.8705944], [98.1596979, 13.8705922], [98.1596062, 13.8705851], [98.1595642, 13.8705797]]]}}, {"type": "Feature", "properties": {"osm_id": 1565515222, "building": "yes"}, "geometry": {"type": "Polygon", "coordinates": [[[98.1595974, 13.870659], [98.1596062, 13.8705851], [98.1596979, 13.8705922], [98.1596921, 13.8706631], [98.1595974, 13.870659]]]}}, {"type": "Feature", "properties": {"osm_id": 1565515223, "building": "yes"}, "geometry": {"type": "Polygon", "coordinates": [[[98.1597259, 13.8706787], [98.1597262, 13.8707313], [98.1596796, 13.8707315], [98.1596797, 13.8707619], [98.1596122, 13.8707621], [98.1596118, 13.8706792], [98.1597259, 13.8706787]]]}}, {"type": "Feature", "properties": {"osm_id": 1565515224, "building": "yes"}, "geometry": {"type": "Polygon", "coordinates": [[[98.1594822, 13.870739], [98.1595972, 13.8707393], [98.1595974, 13.870659], [98.1594824, 13.8706588], [98.1594822, 13.870739]]]}}, {"type": "Feature", "properties": {"osm_id": 1565515225, "building": "yes"}, "geometry": {"type": "Polygon", "coordinates": [[[98.1593699, 13.8706199], [98.1594602, 13.8706105], [98.1594652, 13.8706553], [98.1593749, 13.8706648], [98.1593699, 13.8706199]]]}}, {"type": "Feature", "properties": {"osm_id": 1565515226, "building": "yes"}, "geometry": {"type": "Polygon", "coordinates": [[[98.1596511, 13.8703405], [98.1596569, 13.8702826], [98.1596642, 13.8702513], [98.1595135, 13.8702401], [98.1595213, 13.8701413], [98.1594754, 13.8701379], [98.1594742, 13.8701534], [98.1594689, 13.8702198], [98.1594609, 13.8703215], [98.1596511, 13.8703405]]]}}, {"type": "Feature", "properties": {"osm_id": 1565515227, "building": "yes"}, "geometry": {"type": "Polygon", "coordinates": [[[98.1597047, 13.8703455], [98.1597104, 13.8702876], [98.1596569, 13.8702826], [98.1596511, 13.8703405], [98.1597047, 13.8703455]]]}}, {"type": "Feature", "properties": {"osm_id": 1565515228, "building": "yes"}, "geometry": {"type": "Polygon", "coordinates": [[[98.159461, 13.8701301], [98.1594709, 13.870055], [98.1596584, 13.8700784], [98.1596484, 13.8701535], [98.159461, 13.8701301]]]}}, {"type": "Feature", "properties": {"osm_id": 1565515229, "building": "yes"}, "geometry": {"type": "Polygon", "coordinates": [[[98.159444, 13.8700426], [98.1596738, 13.8700599], [98.1596842, 13.8699321], [98.1595721, 13.8699243], [98.1594544, 13.8699128], [98.159444, 13.8700426]]]}}, {"type": "Feature", "properties": {"osm_id": 1565515230, "building": "yes"}, "geometry": {"type": "Polygon", "coordinates": [[[98.1595721, 13.8699243], [98.1595791, 13.8698311], [98.1597142, 13.8698406], [98.1597073, 13.8699337], [98.1596842, 13.8699321], [98.1595721, 13.8699243]]]}}, {"type": "Feature", "properties": {"osm_id": 1565515231, "building": "yes"}, "geometry": {"type": "Polygon", "coordinates": [[[98.1594708, 13.8697962], [98.159557, 13.8698153], [98.1595756, 13.869736], [98.1594894, 13.8697169], [98.1594708, 13.8697962]]]}}, {"type": "Feature", "properties": {"osm_id": 1565515232, "building": "yes"}, "geometry": {"type": "Polygon", "coordinates": [[[98.1596621, 13.8698277], [98.1597128, 13.8698294], [98.1597148, 13.8697723], [98.1596641, 13.8697706], [98.1596621, 13.8698277]]]}}, {"type": "Feature", "properties": {"osm_id": 1565515233, "building": "yes"}, "geometry": {"type": "Polygon", "coordinates": [[[98.1599433, 13.8699794], [98.1599451, 13.869891], [98.1600405, 13.8698928], [98.1600387, 13.8699812], [98.1599433, 13.8699794]]]}}, {"type": "Feature", "properties": {"osm_id": 1565515234, "building": "yes"}, "geometry": {"type": "Polygon", "coordinates": [[[98.1600122, 13.8701591], [98.1600156, 13.8700941], [98.1601049, 13.8700985], [98.1601015, 13.8701635], [98.1600122, 13.8701591]]]}}, {"type": "Feature", "properties": {"osm_id": 1565515235, "building": "yes"}, "geometry": {"type": "Polygon", "coordinates": [[[98.1602453, 13.8702786], [98.1602567, 13.8701947], [98.1603178, 13.8702025], [98.1603064, 13.8702864], [98.1602453, 13.8702786]]]}}, {"type": "Feature", "properties": {"osm_id": 1565515236, "building": "yes"}, "geometry": {"type": "Polygon", "coordinates": [[[98.1601462, 13.8702881], [98.1602215, 13.870301], [98.1602416, 13.8701899], [98.1601663, 13.870177], [98.1601462, 13.8702881]]]}}, {"type": "Feature", "properties": {"osm_id": 1565585656, "building": "yes"}, "geometry": {"type": "Polygon", "coordinates": [[[98.1468477, 13.8654635], [98.1468366, 13.8653884], [98.146937, 13.8653777], [98.1469434, 13.8654458], [98.1468477, 13.8654635]]]}}, {"type": "Feature", "properties": {"osm_id": 1565585657, "building": "yes"}, "geometry": {"type": "Polygon", "coordinates": [[[98.1467468, 13.8651341], [98.1467321, 13.8650655], [98.1468478, 13.8650421], [98.1468625, 13.8651108], [98.1467468, 13.8651341]]]}}, {"type": "Feature", "properties": {"osm_id": 1565585658, "building": "yes"}, "geometry": {"type": "Polygon", "coordinates": [[[98.1465905, 13.8654786], [98.1466219, 13.8655364], [98.1464722, 13.8655721], [98.1464566, 13.8655106], [98.1465905, 13.8654786]]]}}, {"type": "Feature", "properties": {"osm_id": 1565585659, "building": "yes"}, "geometry": {"type": "Polygon", "coordinates": [[[98.146821, 13.8652886], [98.1468985, 13.8652723], [98.1468833, 13.8652041], [98.1468058, 13.8652204], [98.146821, 13.8652886]]]}}, {"type": "Feature", "properties": {"osm_id": 1565585660, "building": "yes"}, "geometry": {"type": "Polygon", "coordinates": [[[98.1465483, 13.8654306], [98.1465272, 13.865369], [98.1466466, 13.8653305], [98.1466677, 13.8653921], [98.1465483, 13.8654306]]]}}, {"type": "Feature", "properties": {"osm_id": 1565585661, "building": "yes"}, "geometry": {"type": "Polygon", "coordinates": [[[98.1464328, 13.8653169], [98.1465879, 13.8652833], [98.1465728, 13.8652174], [98.1464176, 13.865251], [98.1464328, 13.8653169]]]}}, {"type": "Feature", "properties": {"osm_id": 1565585662, "building": "yes"}, "geometry": {"type": "Polygon", "coordinates": [[[98.1464574, 13.8654471], [98.1464425, 13.865404], [98.1465088, 13.8653824], [98.1465237, 13.8654254], [98.1464574, 13.8654471]]]}}, {"type": "Feature", "properties": {"osm_id": 1565585663, "building": "yes"}, "geometry": {"type": "Polygon", "coordinates": [[[98.147195, 13.8659412], [98.1472556, 13.8659597], [98.1472836, 13.8658738], [98.147223, 13.8658552], [98.147195, 13.8659412]]]}}, {"type": "Feature", "properties": {"osm_id": 1565585664, "building": "yes"}, "geometry": {"type": "Polygon", "coordinates": [[[98.1470098, 13.866222], [98.1470768, 13.8662309], [98.1470935, 13.8661121], [98.1470265, 13.8661032], [98.1470098, 13.866222]]]}}, {"type": "Feature", "properties": {"osm_id": 1565585665, "building": "yes"}, "geometry": {"type": "Polygon", "coordinates": [[[98.1470888, 13.8662235], [98.147164, 13.8662335], [98.1471815, 13.8661093], [98.1471062, 13.8660994], [98.1470888, 13.8662235]]]}}, {"type": "Feature", "properties": {"osm_id": 1565585666, "building": "yes"}, "geometry": {"type": "Polygon", "coordinates": [[[98.1472328, 13.8662919], [98.1472535, 13.8661782], [98.1473331, 13.8661919], [98.1473124, 13.8663056], [98.1472328, 13.8662919]]]}}, {"type": "Feature", "properties": {"osm_id": 1565585667, "building": "yes"}, "geometry": {"type": "Polygon", "coordinates": [[[98.1475323, 13.8663174], [98.1475545, 13.8662007], [98.1476385, 13.8662157], [98.1476164, 13.8663324], [98.1475323, 13.8663174]]]}}, {"type": "Feature", "properties": {"osm_id": 1565585668, "building": "yes"}, "geometry": {"type": "Polygon", "coordinates": [[[98.1473202, 13.8659686], [98.1473993, 13.8659577], [98.1474066, 13.8658829], [98.1473537, 13.8658522], [98.1473202, 13.8659686]]]}}, {"type": "Feature", "properties": {"osm_id": 1565585669, "building": "yes"}, "geometry": {"type": "Polygon", "coordinates": [[[98.1474856, 13.8659614], [98.1475147, 13.8658208], [98.1476, 13.8658375], [98.14757, 13.8659821], [98.1474946, 13.8659674], [98.1474856, 13.8659614]]]}}, {"type": "Feature", "properties": {"osm_id": 1565585670, "building": "yes"}, "geometry": {"type": "Polygon", "coordinates": [[[98.1477409, 13.8659906], [98.1478084, 13.8659965], [98.1478169, 13.8659034], [98.1477494, 13.8658976], [98.1477409, 13.8659906]]]}}, {"type": "Feature", "properties": {"osm_id": 1565585671, "building": "yes"}, "geometry": {"type": "Polygon", "coordinates": [[[98.1477033, 13.8663193], [98.1476431, 13.8662945], [98.1476949, 13.8661762], [98.1477551, 13.866201], [98.1477033, 13.8663193]]]}}, {"type": "Feature", "properties": {"osm_id": 1565585672, "building": "yes"}, "geometry": {"type": "Polygon", "coordinates": [[[98.1477375, 13.8663238], [98.1478056, 13.8663464], [98.1478379, 13.8662549], [98.1477934, 13.86624], [98.1477375, 13.8663238]]]}}, {"type": "Feature", "properties": {"osm_id": 1565585673, "building": "yes"}, "geometry": {"type": "Polygon", "coordinates": [[[98.1479062, 13.8664155], [98.1479633, 13.866271], [98.1478817, 13.8662407], [98.1478247, 13.8663852], [98.1479062, 13.8664155]]]}}, {"type": "Feature", "properties": {"osm_id": 1565585674, "building": "yes"}, "geometry": {"type": "Polygon", "coordinates": [[[98.1480361, 13.8663828], [98.1481055, 13.8664036], [98.1481408, 13.8662924], [98.1480714, 13.8662716], [98.1480361, 13.8663828]]]}}, {"type": "Feature", "properties": {"osm_id": 1565585675, "building": "yes"}, "geometry": {"type": "Polygon", "coordinates": [[[98.1481511, 13.8664213], [98.1481905, 13.8662981], [98.1482337, 13.8663111], [98.1481943, 13.8664343], [98.1481511, 13.8664213]]]}}, {"type": "Feature", "properties": {"osm_id": 1565585676, "building": "yes"}, "geometry": {"type": "Polygon", "coordinates": [[[98.1482767, 13.8664481], [98.1482279, 13.8664341], [98.1482568, 13.8663391], [98.1483055, 13.8663531], [98.1482767, 13.8664481]]]}}, {"type": "Feature", "properties": {"osm_id": 1565585677, "building": "yes"}, "geometry": {"type": "Polygon", "coordinates": [[[98.1483144, 13.8661602], [98.1483788, 13.8661753], [98.1484109, 13.8660458], [98.1483213, 13.8660249], [98.1482939, 13.8661352], [98.1483144, 13.8661602]]]}}, {"type": "Feature", "properties": {"osm_id": 1565585678, "building": "yes"}, "geometry": {"type": "Polygon", "coordinates": [[[98.1478365, 13.8660427], [98.147923, 13.866062], [98.1479562, 13.8659222], [98.1478698, 13.8659029], [98.1478365, 13.8660427]]]}}, {"type": "Feature", "properties": {"osm_id": 1565585679, "building": "yes"}, "geometry": {"type": "Polygon", "coordinates": [[[98.1481067, 13.8661189], [98.1481678, 13.8661217], [98.1481742, 13.8659899], [98.1481131, 13.8659871], [98.1481067, 13.8661189]]]}}, {"type": "Feature", "properties": {"osm_id": 1565585680, "building": "yes"}, "geometry": {"type": "Polygon", "coordinates": [[[98.1481808, 13.8660839], [98.148224, 13.8660862], [98.1482289, 13.8659972], [98.1481857, 13.865995], [98.1481808, 13.8660839]]]}}, {"type": "Feature", "properties": {"osm_id": 1565585681, "building": "yes"}, "geometry": {"type": "Polygon", "coordinates": [[[98.1484044, 13.8661712], [98.148462, 13.8661862], [98.1484942, 13.8660692], [98.1484367, 13.8660542], [98.1484044, 13.8661712]]]}}, {"type": "Feature", "properties": {"osm_id": 1565585682, "building": "yes"}, "geometry": {"type": "Polygon", "coordinates": [[[98.1484812, 13.8662126], [98.1485202, 13.8662212], [98.1485417, 13.8661293], [98.1485027, 13.8661207], [98.1484812, 13.8662126]]]}}, {"type": "Feature", "properties": {"osm_id": 1565585683, "building": "yes"}, "geometry": {"type": "Polygon", "coordinates": [[[98.1486873, 13.8662005], [98.1487337, 13.8660823], [98.1486563, 13.8660536], [98.1486098, 13.8661718], [98.1486873, 13.8662005]]]}}, {"type": "Feature", "properties": {"osm_id": 1565585684, "building": "yes"}, "geometry": {"type": "Polygon", "coordinates": [[[98.1487893, 13.8662566], [98.1487207, 13.8662451], [98.1487379, 13.8661479], [98.1488066, 13.8661594], [98.1487893, 13.8662566]]]}}, {"type": "Feature", "properties": {"osm_id": 1565635154, "building": "yes"}, "geometry": {"type": "Polygon", "coordinates": [[[98.1561004, 13.8621044], [98.1561906, 13.8620966], [98.1561776, 13.8619548], [98.1560874, 13.8619626], [98.1561004, 13.8621044]]]}}, {"type": "Feature", "properties": {"osm_id": 1565635155, "building": "yes"}, "geometry": {"type": "Polygon", "coordinates": [[[98.1565447, 13.8621295], [98.1566594, 13.8620868], [98.1565755, 13.8618743], [98.1564607, 13.8619171], [98.1565447, 13.8621295]]]}}, {"type": "Feature", "properties": {"osm_id": 1565635156, "building": "yes"}, "geometry": {"type": "Polygon", "coordinates": [[[98.156651, 13.8622768], [98.15674, 13.8622781], [98.1567381, 13.8624117], [98.156649, 13.8624105], [98.156651, 13.8622768]]]}}, {"type": "Feature", "properties": {"osm_id": 1565635157, "building": "yes"}, "geometry": {"type": "Polygon", "coordinates": [[[98.1568039, 13.862376], [98.156746, 13.8623733], [98.1567412, 13.8624703], [98.1567991, 13.862473], [98.1568039, 13.862376]]]}}, {"type": "Feature", "properties": {"osm_id": 1565635158, "building": "yes"}, "geometry": {"type": "Polygon", "coordinates": [[[98.1570401, 13.8618576], [98.1571424, 13.8618504], [98.1571565, 13.8620406], [98.1570542, 13.8620477], [98.1570401, 13.8618576]]]}}, {"type": "Feature", "properties": {"osm_id": 1565635159, "building": "yes"}, "geometry": {"type": "Polygon", "coordinates": [[[98.1572649, 13.8618351], [98.1573032, 13.8618332], [98.1573061, 13.8618889], [98.1572678, 13.8618908], [98.1572649, 13.8618351]]]}}, {"type": "Feature", "properties": {"osm_id": 1565635160, "building": "yes"}, "geometry": {"type": "Polygon", "coordinates": [[[98.1572522, 13.8620797], [98.1573406, 13.8620777], [98.1573379, 13.8619781], [98.1572687, 13.8619783], [98.1572498, 13.8619804], [98.1572522, 13.8620797]]]}}, {"type": "Feature", "properties": {"osm_id": 1565635161, "building": "yes"}, "geometry": {"type": "Polygon", "coordinates": [[[98.1574316, 13.8620237], [98.1574324, 13.8619173], [98.1573584, 13.8619168], [98.1573576, 13.8620232], [98.1574316, 13.8620237]]]}}, {"type": "Feature", "properties": {"osm_id": 1565635162, "building": "yes"}, "geometry": {"type": "Polygon", "coordinates": [[[98.1572687, 13.8619783], [98.1572685, 13.8619103], [98.1573377, 13.8619101], [98.1573379, 13.8619781], [98.1572687, 13.8619783]]]}}, {"type": "Feature", "properties": {"osm_id": 1565635163, "building": "yes"}, "geometry": {"type": "Polygon", "coordinates": [[[98.1563671, 13.8652871], [98.1564541, 13.86532], [98.1564058, 13.8654403], [98.1563189, 13.8654074], [98.1563671, 13.8652871]]]}}, {"type": "Feature", "properties": {"osm_id": 1565635164, "building": "yes"}, "geometry": {"type": "Polygon", "coordinates": [[[98.1564571, 13.8654587], [98.1565331, 13.8654867], [98.156567, 13.8653999], [98.1564911, 13.8653719], [98.1564571, 13.8654587]]]}}, {"type": "Feature", "properties": {"osm_id": 1565635165, "building": "yes"}, "geometry": {"type": "Polygon", "coordinates": [[[98.1561424, 13.8652356], [98.156205, 13.8651373], [98.1563427, 13.8652198], [98.1563062, 13.8652772], [98.1562481, 13.8652423], [98.1562219, 13.8652834], [98.1561424, 13.8652356]]]}}, {"type": "Feature", "properties": {"osm_id": 1565635166, "building": "yes"}, "geometry": {"type": "Polygon", "coordinates": [[[98.1575309, 13.8701957], [98.1576142, 13.8701777], [98.1576417, 13.8702973], [98.1575584, 13.8703153], [98.1575309, 13.8701957]]]}}, {"type": "Feature", "properties": {"osm_id": 1565635167, "building": "yes"}, "geometry": {"type": "Polygon", "coordinates": [[[98.1570497, 13.8701756], [98.1571304, 13.8701537], [98.1570959, 13.8700335], [98.1570151, 13.8700554], [98.1570497, 13.8701756]]]}}, {"type": "Feature", "properties": {"osm_id": 1565635168, "building": "yes"}, "geometry": {"type": "Polygon", "coordinates": [[[98.1572706, 13.8701516], [98.1573683, 13.8701259], [98.1573264, 13.8699756], [98.1572287, 13.8700012], [98.1572706, 13.8701516]]]}}, {"type": "Feature", "properties": {"osm_id": 1565635169, "building": "yes"}, "geometry": {"type": "Polygon", "coordinates": [[[98.1583288, 13.8727435], [98.1583871, 13.872752], [98.1583974, 13.8726858], [98.158339, 13.8726773], [98.1583288, 13.8727435]]]}}, {"type": "Feature", "properties": {"osm_id": 1565635170, "building": "yes"}, "geometry": {"type": "Polygon", "coordinates": [[[98.1562834, 13.8735609], [98.1562889, 13.8735162], [98.1563434, 13.8735226], [98.1563379, 13.8735672], [98.1562834, 13.8735609]]]}}, {"type": "Feature", "properties": {"osm_id": 1565635171, "building": "yes"}, "geometry": {"type": "Polygon", "coordinates": [[[98.1605777, 13.8697127], [98.1607208, 13.8697472], [98.160745, 13.8696526], [98.1606019, 13.8696181], [98.1605777, 13.8697127]]]}}, {"type": "Feature", "properties": {"osm_id": 1565635172, "building": "yes"}, "geometry": {"type": "Polygon", "coordinates": [[[98.1606304, 13.8694631], [98.1607243, 13.8694871], [98.1607414, 13.8694241], [98.1606475, 13.8694001], [98.1606304, 13.8694631]]]}}, {"type": "Feature", "properties": {"osm_id": 1565635173, "building": "yes"}, "geometry": {"type": "Polygon", "coordinates": [[[98.1606648, 13.8692727], [98.1607021, 13.8691831], [98.1608839, 13.8692543], [98.1608465, 13.869344], [98.1606648, 13.8692727]]]}}, {"type": "Feature", "properties": {"osm_id": 1565635174, "building": "yes"}, "geometry": {"type": "Polygon", "coordinates": [[[98.1607589, 13.8693658], [98.1607706, 13.8693331], [98.1608186, 13.8693492], [98.1608069, 13.869382], [98.1607589, 13.8693658]]]}}, {"type": "Feature", "properties": {"osm_id": 1565635175, "building": "yes"}, "geometry": {"type": "Polygon", "coordinates": [[[98.1607711, 13.8690973], [98.1608086, 13.8690083], [98.1609673, 13.8690714], [98.1609298, 13.8691604], [98.1607711, 13.8690973]]]}}, {"type": "Feature", "properties": {"osm_id": 1565635176, "building": "yes"}, "geometry": {"type": "Polygon", "coordinates": [[[98.1608207, 13.8689601], [98.1609198, 13.8689905], [98.1609613, 13.868863], [98.1608623, 13.8688326], [98.1608207, 13.8689601]]]}}, {"type": "Feature", "properties": {"osm_id": 1565635177, "building": "yes"}, "geometry": {"type": "Polygon", "coordinates": [[[98.1607137, 13.8686443], [98.1608047, 13.8685766], [98.1608979, 13.8686947], [98.1608069, 13.8687624], [98.1607137, 13.8686443]]]}}, {"type": "Feature", "properties": {"osm_id": 1565635178, "building": "yes"}, "geometry": {"type": "Polygon", "coordinates": [[[98.1608774, 13.8685846], [98.1609178, 13.8685098], [98.1610537, 13.8685789], [98.1610133, 13.8686537], [98.1608774, 13.8685846]]]}}, {"type": "Feature", "properties": {"osm_id": 1565635179, "building": "yes"}, "geometry": {"type": "Polygon", "coordinates": [[[98.1609511, 13.8685181], [98.1609772, 13.8684595], [98.1610863, 13.8685053], [98.1610601, 13.8685639], [98.1609511, 13.8685181]]]}}, {"type": "Feature", "properties": {"osm_id": 1565635180, "building": "yes"}, "geometry": {"type": "Polygon", "coordinates": [[[98.1610165, 13.8684419], [98.1610875, 13.8683357], [98.161226, 13.8684229], [98.1611839, 13.8684859], [98.1611085, 13.8684384], [98.1610796, 13.8684816], [98.1610165, 13.8684419]]]}}, {"type": "Feature", "properties": {"osm_id": 1565635181, "building": "yes"}, "geometry": {"type": "Polygon", "coordinates": [[[98.1612049, 13.8682527], [98.161327, 13.868356], [98.1612622, 13.8684281], [98.1611402, 13.8683248], [98.1612049, 13.8682527]]]}}, {"type": "Feature", "properties": {"osm_id": 1565635182, "building": "yes"}, "geometry": {"type": "Polygon", "coordinates": [[[98.1613463, 13.868179], [98.1613837, 13.8681142], [98.1615258, 13.8681914], [98.1614884, 13.8682562], [98.1614556, 13.8682393], [98.1614006, 13.8682101], [98.1613463, 13.868179]]]}}, {"type": "Feature", "properties": {"osm_id": 1565635183, "building": "yes"}, "geometry": {"type": "Polygon", "coordinates": [[[98.1613833, 13.8682408], [98.1614006, 13.8682101], [98.1614556, 13.8682393], [98.1614383, 13.86827], [98.1613833, 13.8682408]]]}}, {"type": "Feature", "properties": {"osm_id": 1565635184, "building": "yes"}, "geometry": {"type": "Polygon", "coordinates": [[[98.1614536, 13.8681025], [98.1614896, 13.8680468], [98.1615603, 13.8680898], [98.1615243, 13.8681455], [98.1614536, 13.8681025]]]}}, {"type": "Feature", "properties": {"osm_id": 1565635185, "building": "yes"}, "geometry": {"type": "Polygon", "coordinates": [[[98.1615458, 13.8679949], [98.1616402, 13.868051], [98.1616241, 13.8680766], [98.1615296, 13.8680206], [98.1615458, 13.8679949]]]}}, {"type": "Feature", "properties": {"osm_id": 1565635186, "building": "yes"}, "geometry": {"type": "Polygon", "coordinates": [[[98.1615468, 13.8679783], [98.1615813, 13.8679229], [98.1617056, 13.8679958], [98.1616712, 13.8680511], [98.1615468, 13.8679783]]]}}, {"type": "Feature", "properties": {"osm_id": 1565635187, "building": "yes"}, "geometry": {"type": "Polygon", "coordinates": [[[98.1617652, 13.8678095], [98.1618175, 13.8677437], [98.1619423, 13.8678374], [98.16189, 13.8679031], [98.1617652, 13.8678095]]]}}, {"type": "Feature", "properties": {"osm_id": 1565635188, "building": "yes"}, "geometry": {"type": "Polygon", "coordinates": [[[98.1619325, 13.8676651], [98.1619727, 13.8676062], [98.1621286, 13.8677038], [98.1620881, 13.8677641], [98.1619325, 13.8676651]]]}}, {"type": "Feature", "properties": {"osm_id": 1565635189, "building": "yes"}, "geometry": {"type": "Polygon", "coordinates": [[[98.1620881, 13.8677641], [98.162033, 13.8678457], [98.1618774, 13.8677467], [98.1619325, 13.8676651], [98.1620881, 13.8677641]]]}}, {"type": "Feature", "properties": {"osm_id": 1565635190, "building": "yes"}, "geometry": {"type": "Polygon", "coordinates": [[[98.1620766, 13.8675582], [98.1621271, 13.867491], [98.1621695, 13.8675203], [98.1621956, 13.8675335], [98.1622735, 13.8675929], [98.1622245, 13.86766], [98.1620766, 13.8675582]]]}}, {"type": "Feature", "properties": {"osm_id": 1565635191, "building": "yes"}, "geometry": {"type": "Polygon", "coordinates": [[[98.1621271, 13.867491], [98.1621562, 13.8674514], [98.1621986, 13.8674807], [98.1621695, 13.8675203], [98.1621271, 13.867491]]]}}, {"type": "Feature", "properties": {"osm_id": 1565635192, "building": "yes"}, "geometry": {"type": "Polygon", "coordinates": [[[98.1623006, 13.8675895], [98.1623509, 13.8675005], [98.1622459, 13.8674445], [98.1621956, 13.8675335], [98.1623006, 13.8675895]]]}}, {"type": "Feature", "properties": {"osm_id": 1565635193, "building": "yes"}, "geometry": {"type": "Polygon", "coordinates": [[[98.1618617, 13.867369], [98.161893, 13.8672924], [98.1620632, 13.867358], [98.1620319, 13.8674346], [98.1618617, 13.867369]]]}}, {"type": "Feature", "properties": {"osm_id": 1565635194, "building": "yes"}, "geometry": {"type": "Polygon", "coordinates": [[[98.1616631, 13.8674812], [98.1617173, 13.8674061], [98.161848, 13.867495], [98.1618142, 13.8675418], [98.1617404, 13.8674916], [98.16172, 13.8675199], [98.1616631, 13.8674812]]]}}, {"type": "Feature", "properties": {"osm_id": 1565635195, "building": "yes"}, "geometry": {"type": "Polygon", "coordinates": [[[98.1615642, 13.8674877], [98.1615721, 13.8674484], [98.1616544, 13.8674642], [98.1616464, 13.8675034], [98.1615642, 13.8674877]]]}}, {"type": "Feature", "properties": {"osm_id": 1565635196, "building": "yes"}, "geometry": {"type": "Polygon", "coordinates": [[[98.1612374, 13.867811], [98.1612825, 13.8677511], [98.1613867, 13.8678251], [98.1613416, 13.867885], [98.1612755, 13.8678376], [98.1612374, 13.867811]]]}}, {"type": "Feature", "properties": {"osm_id": 1565635197, "building": "yes"}, "geometry": {"type": "Polygon", "coordinates": [[[98.1612426, 13.867901], [98.1612755, 13.8678376], [98.161219, 13.86781], [98.161188, 13.8678865], [98.1612426, 13.867901]]]}}, {"type": "Feature", "properties": {"osm_id": 1565635198, "building": "yes"}, "geometry": {"type": "Polygon", "coordinates": [[[98.161298, 13.8680484], [98.1613387, 13.8679953], [98.161188, 13.8678865], [98.1611473, 13.8679396], [98.161298, 13.8680484]]]}}, {"type": "Feature", "properties": {"osm_id": 1565635199, "building": "yes"}, "geometry": {"type": "Polygon", "coordinates": [[[98.1611809, 13.8680565], [98.1612086, 13.8680071], [98.1611422, 13.8679721], [98.1611145, 13.8680215], [98.1611809, 13.8680565]]]}}, {"type": "Feature", "properties": {"osm_id": 1565635200, "building": "yes"}, "geometry": {"type": "Polygon", "coordinates": [[[98.1611689, 13.8680643], [98.1610569, 13.8679974], [98.1610139, 13.8680653], [98.1611129, 13.8681249], [98.161126, 13.8681321], [98.1611689, 13.8680643]]]}}, {"type": "Feature", "properties": {"osm_id": 1565635201, "building": "yes"}, "geometry": {"type": "Polygon", "coordinates": [[[98.1610835, 13.8681768], [98.1611129, 13.8681249], [98.1610143, 13.8680722], [98.1609849, 13.8681241], [98.1610835, 13.8681768]]]}}, {"type": "Feature", "properties": {"osm_id": 1565635202, "building": "yes"}, "geometry": {"type": "Polygon", "coordinates": [[[98.1609678, 13.8682491], [98.1610014, 13.868206], [98.1609455, 13.8681649], [98.1609119, 13.868208], [98.1609678, 13.8682491]]]}}, {"type": "Feature", "properties": {"osm_id": 1565635203, "building": "yes"}, "geometry": {"type": "Polygon", "coordinates": [[[98.1607797, 13.8682768], [98.1608421, 13.8682098], [98.1609646, 13.8683172], [98.1609022, 13.8683843], [98.1607797, 13.8682768]]]}}, {"type": "Feature", "properties": {"osm_id": 1565635204, "building": "yes"}, "geometry": {"type": "Polygon", "coordinates": [[[98.1606695, 13.8683495], [98.1607081, 13.8683084], [98.1607993, 13.8684002], [98.1607605, 13.8684364], [98.1607485, 13.8684238], [98.1606695, 13.8683495]]]}}, {"type": "Feature", "properties": {"osm_id": 1565635205, "building": "yes"}, "geometry": {"type": "Polygon", "coordinates": [[[98.1606986, 13.8684738], [98.1607485, 13.8684238], [98.1606695, 13.8683495], [98.1606196, 13.8683995], [98.1606986, 13.8684738]]]}}, {"type": "Feature", "properties": {"osm_id": 1565643088, "building": "yes"}, "geometry": {"type": "Polygon", "coordinates": [[[98.1622166, 13.8671877], [98.1622656, 13.8671379], [98.1621631, 13.8670426], [98.162114, 13.8670924], [98.1622166, 13.8671877]]]}}, {"type": "Feature", "properties": {"osm_id": 1565643089, "building": "yes"}, "geometry": {"type": "Polygon", "coordinates": [[[98.1622318, 13.86709], [98.1622662, 13.8670274], [98.1623715, 13.8670819], [98.1623371, 13.8671446], [98.1622318, 13.86709]]]}}, {"type": "Feature", "properties": {"osm_id": 1565643090, "building": "yes"}, "geometry": {"type": "Polygon", "coordinates": [[[98.1623698, 13.8670345], [98.1623937, 13.8670021], [98.1624682, 13.867054], [98.1624442, 13.8670864], [98.1623698, 13.8670345]]]}}, {"type": "Feature", "properties": {"osm_id": 1565643091, "building": "yes"}, "geometry": {"type": "Polygon", "coordinates": [[[98.1624214, 13.8669933], [98.1624536, 13.8669457], [98.1625661, 13.8670174], [98.1625339, 13.867065], [98.1624214, 13.8669933]]]}}, {"type": "Feature", "properties": {"osm_id": 1565643092, "building": "yes"}, "geometry": {"type": "Polygon", "coordinates": [[[98.1624303, 13.8669049], [98.1624496, 13.8668816], [98.1624889, 13.8669124], [98.1624696, 13.8669357], [98.1624303, 13.8669049]]]}}, {"type": "Feature", "properties": {"osm_id": 1565643093, "building": "yes"}, "geometry": {"type": "Polygon", "coordinates": [[[98.16249, 13.8668676], [98.1625555, 13.86679], [98.1626964, 13.8669021], [98.162631, 13.8669797], [98.16249, 13.8668676]]]}}, {"type": "Feature", "properties": {"osm_id": 1565643094, "building": "yes"}, "geometry": {"type": "Polygon", "coordinates": [[[98.1627235, 13.8668474], [98.1627569, 13.8667554], [98.1628759, 13.8667962], [98.1628425, 13.8668882], [98.1627235, 13.8668474]]]}}, {"type": "Feature", "properties": {"osm_id": 1565643095, "building": "yes"}, "geometry": {"type": "Polygon", "coordinates": [[[98.1627712, 13.8666917], [98.1627973, 13.8666202], [98.1629216, 13.8666629], [98.1628954, 13.8667345], [98.1627712, 13.8666917]]]}}, {"type": "Feature", "properties": {"osm_id": 1565643096, "building": "yes"}, "geometry": {"type": "Polygon", "coordinates": [[[98.1628641, 13.8665449], [98.1628931, 13.8664642], [98.1630635, 13.866522], [98.1630345, 13.8666026], [98.1628641, 13.8665449]]]}}, {"type": "Feature", "properties": {"osm_id": 1565643097, "building": "yes"}, "geometry": {"type": "Polygon", "coordinates": [[[98.163235, 13.8666334], [98.1632578, 13.8665506], [98.1634407, 13.8665981], [98.1634179, 13.8666809], [98.163235, 13.8666334]]]}}, {"type": "Feature", "properties": {"osm_id": 1565643098, "building": "yes"}, "geometry": {"type": "Polygon", "coordinates": [[[98.162962, 13.866297], [98.1629744, 13.8662301], [98.1631481, 13.8662605], [98.1631358, 13.8663273], [98.162962, 13.866297]]]}}, {"type": "Feature", "properties": {"osm_id": 1565643099, "building": "yes"}, "geometry": {"type": "Polygon", "coordinates": [[[98.1629095, 13.8664191], [98.1629303, 13.8663333], [98.1630922, 13.8663703], [98.1630713, 13.8664561], [98.1629095, 13.8664191]]]}}, {"type": "Feature", "properties": {"osm_id": 1565643100, "building": "yes"}, "geometry": {"type": "Polygon", "coordinates": [[[98.163106, 13.8659475], [98.1631236, 13.8658858], [98.1632922, 13.8659311], [98.1632746, 13.8659928], [98.163106, 13.8659475]]]}}, {"type": "Feature", "properties": {"osm_id": 1565643101, "building": "yes"}, "geometry": {"type": "Polygon", "coordinates": [[[98.163144, 13.8657676], [98.1631608, 13.8656892], [98.1633745, 13.8657323], [98.1633578, 13.8658107], [98.163144, 13.8657676]]]}}, {"type": "Feature", "properties": {"osm_id": 1565643102, "building": "yes"}, "geometry": {"type": "Polygon", "coordinates": [[[98.1632012, 13.8656319], [98.1631975, 13.865569], [98.1633444, 13.8655608], [98.1633481, 13.8656236], [98.1632012, 13.8656319]]]}}, {"type": "Feature", "properties": {"osm_id": 1565643103, "building": "yes"}, "geometry": {"type": "Polygon", "coordinates": [[[98.1632286, 13.8655146], [98.1632266, 13.8654203], [98.1630727, 13.8654234], [98.1630747, 13.8655177], [98.1632286, 13.8655146]]]}}, {"type": "Feature", "properties": {"osm_id": 1565643104, "building": "yes"}, "geometry": {"type": "Polygon", "coordinates": [[[98.1630301, 13.8652958], [98.1631969, 13.8652758], [98.1632072, 13.8653572], [98.1630404, 13.8653771], [98.1630301, 13.8652958]]]}}, {"type": "Feature", "properties": {"osm_id": 1565643105, "building": "yes"}, "geometry": {"type": "Polygon", "coordinates": [[[98.1630627, 13.8652123], [98.1632071, 13.8652039], [98.163211, 13.8652661], [98.1630665, 13.8652746], [98.1630627, 13.8652123]]]}}, {"type": "Feature", "properties": {"osm_id": 1565643106, "building": "yes"}, "geometry": {"type": "Polygon", "coordinates": [[[98.1634896, 13.8659627], [98.1636283, 13.8659656], [98.1636288, 13.866056], [98.1634877, 13.8660468], [98.1634896, 13.8659627]]]}}, {"type": "Feature", "properties": {"osm_id": 1565643107, "building": "yes"}, "geometry": {"type": "Polygon", "coordinates": [[[98.163551, 13.8657195], [98.1636758, 13.86572], [98.1636756, 13.8657784], [98.1635496, 13.8657767], [98.1635498, 13.8657409], [98.163551, 13.8657195]]]}}, {"type": "Feature", "properties": {"osm_id": 1565643108, "building": "yes"}, "geometry": {"type": "Polygon", "coordinates": [[[98.1635033, 13.8657764], [98.1635496, 13.8657767], [98.1635498, 13.8657409], [98.1635036, 13.8657406], [98.1635033, 13.8657764]]]}}, {"type": "Feature", "properties": {"osm_id": 1565643109, "building": "yes"}, "geometry": {"type": "Polygon", "coordinates": [[[98.1634231, 13.8654903], [98.1635852, 13.8654366], [98.1636094, 13.8655055], [98.1634473, 13.8655592], [98.1634231, 13.8654903]]]}}, {"type": "Feature", "properties": {"osm_id": 1565643110, "building": "yes"}, "geometry": {"type": "Polygon", "coordinates": [[[98.1633726, 13.8653889], [98.1635291, 13.8653366], [98.1635498, 13.8653949], [98.1633933, 13.8654473], [98.1633726, 13.8653889]]]}}, {"type": "Feature", "properties": {"osm_id": 1565643111, "building": "yes"}, "geometry": {"type": "Polygon", "coordinates": [[[98.1633657, 13.8653684], [98.1635061, 13.8653164], [98.1634736, 13.8652336], [98.1633332, 13.8652856], [98.1633657, 13.8653684]]]}}, {"type": "Feature", "properties": {"osm_id": 1565643112, "building": "yes"}, "geometry": {"type": "Polygon", "coordinates": [[[98.1634177, 13.8651549], [98.1634111, 13.865082], [98.163491, 13.8650751], [98.1634976, 13.865148], [98.1634177, 13.8651549]]]}}, {"type": "Feature", "properties": {"osm_id": 1565643113, "building": "yes"}, "geometry": {"type": "Polygon", "coordinates": [[[98.1634215, 13.865053], [98.1634185, 13.8649927], [98.1634923, 13.8649893], [98.1634953, 13.8650496], [98.1634215, 13.865053]]]}}, {"type": "Feature", "properties": {"osm_id": 1565643114, "building": "yes"}, "geometry": {"type": "Polygon", "coordinates": [[[98.1634874, 13.8649211], [98.1635001, 13.8648516], [98.1636883, 13.8648842], [98.1636755, 13.8649537], [98.1634874, 13.8649211]]]}}, {"type": "Feature", "properties": {"osm_id": 1565643115, "building": "yes"}, "geometry": {"type": "Polygon", "coordinates": [[[98.1635272, 13.8646613], [98.1635355, 13.8645838], [98.163675, 13.864598], [98.1636666, 13.8646755], [98.1635272, 13.8646613]]]}}, {"type": "Feature", "properties": {"osm_id": 1565643116, "building": "yes"}, "geometry": {"type": "Polygon", "coordinates": [[[98.163359, 13.8646157], [98.1633605, 13.8645531], [98.1632364, 13.8645502], [98.1632348, 13.8646129], [98.163359, 13.8646157]]]}}, {"type": "Feature", "properties": {"osm_id": 1565643117, "building": "yes"}, "geometry": {"type": "Polygon", "coordinates": [[[98.163225, 13.8647095], [98.1633475, 13.864709], [98.1633478, 13.8647839], [98.1632253, 13.8647844], [98.163225, 13.8647095]]]}}, {"type": "Feature", "properties": {"osm_id": 1565643118, "building": "yes"}, "geometry": {"type": "Polygon", "coordinates": [[[98.1631326, 13.8650407], [98.1631149, 13.8649102], [98.1632029, 13.864899], [98.1632206, 13.8650295], [98.1631326, 13.8650407]]]}}, {"type": "Feature", "properties": {"osm_id": 1565643119, "building": "yes"}, "geometry": {"type": "Polygon", "coordinates": [[[98.1630126, 13.8650721], [98.1631148, 13.8650526], [98.1630862, 13.8649108], [98.162984, 13.8649303], [98.1630126, 13.8650721]]]}}, {"type": "Feature", "properties": {"osm_id": 1565643120, "building": "yes"}, "geometry": {"type": "Polygon", "coordinates": [[[98.162849, 13.865022], [98.1629452, 13.8650187], [98.1629401, 13.8648792], [98.1628439, 13.8648825], [98.162849, 13.865022]]]}}, {"type": "Feature", "properties": {"osm_id": 1565643121, "building": "yes"}, "geometry": {"type": "Polygon", "coordinates": [[[98.162793, 13.8645058], [98.1628948, 13.8644815], [98.1629221, 13.8645896], [98.1628203, 13.8646139], [98.162793, 13.8645058]]]}}, {"type": "Feature", "properties": {"osm_id": 1565643122, "building": "yes"}, "geometry": {"type": "Polygon", "coordinates": [[[98.1639504, 13.8652721], [98.1639536, 13.8651401], [98.164062, 13.8651426], [98.1640588, 13.8652746], [98.1639504, 13.8652721]]]}}, {"type": "Feature", "properties": {"osm_id": 1565643737, "building": "yes"}, "geometry": {"type": "Polygon", "coordinates": [[[98.1623895, 13.8648726], [98.1623975, 13.8647842], [98.1622456, 13.8647712], [98.1622376, 13.8648596], [98.1623895, 13.8648726]]]}}, {"type": "Feature", "properties": {"osm_id": 1565643738, "building": "yes"}, "geometry": {"type": "Polygon", "coordinates": [[[98.1623159, 13.8650243], [98.1623182, 13.8649834], [98.1623747, 13.8649864], [98.1623724, 13.8650273], [98.1623159, 13.8650243]]]}}, {"type": "Feature", "properties": {"osm_id": 1565643739, "building": "yes"}, "geometry": {"type": "Polygon", "coordinates": [[[98.1622258, 13.8647158], [98.1620875, 13.864702], [98.1620783, 13.864789], [98.1622167, 13.8648027], [98.1622258, 13.8647158]]]}}, {"type": "Feature", "properties": {"osm_id": 1565643740, "building": "yes"}, "geometry": {"type": "Polygon", "coordinates": [[[98.1619638, 13.8650546], [98.1620649, 13.8650489], [98.1620534, 13.8648588], [98.1619523, 13.8648646], [98.1619638, 13.8650546]]]}}, {"type": "Feature", "properties": {"osm_id": 1565643741, "building": "yes"}, "geometry": {"type": "Polygon", "coordinates": [[[98.1616433, 13.865089], [98.1616413, 13.8650208], [98.1617853, 13.8650167], [98.1617873, 13.8650849], [98.1616433, 13.865089]]]}}, {"type": "Feature", "properties": {"osm_id": 1565643742, "building": "yes"}, "geometry": {"type": "Polygon", "coordinates": [[[98.1616254, 13.8648794], [98.1617743, 13.8648794], [98.1617734, 13.864934], [98.1616271, 13.864934], [98.1616254, 13.8648794]]]}}, {"type": "Feature", "properties": {"osm_id": 1565643743, "building": "yes"}, "geometry": {"type": "Polygon", "coordinates": [[[98.1616254, 13.8648794], [98.1616254, 13.8648166], [98.1617743, 13.8648166], [98.1617743, 13.8648794], [98.1616254, 13.8648794]]]}}, {"type": "Feature", "properties": {"osm_id": 1565643744, "building": "yes"}, "geometry": {"type": "Polygon", "coordinates": [[[98.161583, 13.8647989], [98.1615843, 13.8646832], [98.1617449, 13.864685], [98.1617436, 13.8648006], [98.161583, 13.8647989]]]}}, {"type": "Feature", "properties": {"osm_id": 1565643745, "building": "yes"}, "geometry": {"type": "Polygon", "coordinates": [[[98.1618467, 13.8647849], [98.1618545, 13.8647026], [98.1620044, 13.8647159], [98.1619966, 13.8647982], [98.1618467, 13.8647849]]]}}, {"type": "Feature", "properties": {"osm_id": 1565643746, "building": "yes"}, "geometry": {"type": "Polygon", "coordinates": [[[98.1621506, 13.8644765], [98.1622601, 13.8644943], [98.1622711, 13.864431], [98.1621616, 13.8644131], [98.1621506, 13.8644765]]]}}, {"type": "Feature", "properties": {"osm_id": 1565643747, "building": "yes"}, "geometry": {"type": "Polygon", "coordinates": [[[98.1620811, 13.8641035], [98.1620765, 13.864034], [98.1621762, 13.8640278], [98.1621808, 13.8640973], [98.1620811, 13.8641035]]]}}, {"type": "Feature", "properties": {"osm_id": 1565643748, "building": "yes"}, "geometry": {"type": "Polygon", "coordinates": [[[98.1616257, 13.8643882], [98.1617381, 13.864391], [98.1617359, 13.8644728], [98.1616236, 13.8644701], [98.1616257, 13.8643882]]]}}, {"type": "Feature", "properties": {"osm_id": 1565643749, "building": "yes"}, "geometry": {"type": "Polygon", "coordinates": [[[98.1616368, 13.864633], [98.161636, 13.864578], [98.1617061, 13.8645771], [98.1617069, 13.864632], [98.1616368, 13.864633]]]}}, {"type": "Feature", "properties": {"osm_id": 1565643750, "building": "yes"}, "geometry": {"type": "Polygon", "coordinates": [[[98.161536, 13.8647729], [98.1615302, 13.8646805], [98.1614185, 13.864687], [98.1614242, 13.8647794], [98.161536, 13.8647729]]]}}, {"type": "Feature", "properties": {"osm_id": 1565643751, "building": "yes"}, "geometry": {"type": "Polygon", "coordinates": [[[98.1610848, 13.8646366], [98.1612542, 13.8646392], [98.1612528, 13.864727], [98.1610834, 13.8647244], [98.1610848, 13.8646366]]]}}, {"type": "Feature", "properties": {"osm_id": 1565643752, "building": "yes"}, "geometry": {"type": "Polygon", "coordinates": [[[98.1606436, 13.8649866], [98.160653, 13.8649004], [98.160837, 13.8649194], [98.1608276, 13.8650056], [98.1606436, 13.8649866]]]}}, {"type": "Feature", "properties": {"osm_id": 1565643753, "building": "yes"}, "geometry": {"type": "Polygon", "coordinates": [[[98.1606933, 13.8648734], [98.1606989, 13.8648303], [98.1607826, 13.8648404], [98.1607771, 13.8648836], [98.1606933, 13.8648734]]]}}, {"type": "Feature", "properties": {"osm_id": 1565643754, "building": "yes"}, "geometry": {"type": "Polygon", "coordinates": [[[98.1611226, 13.8652368], [98.1611175, 13.8651157], [98.1610554, 13.8651181], [98.1610552, 13.8651417], [98.1610587, 13.8652009], [98.1610605, 13.8652393], [98.1611226, 13.8652368]]]}}, {"type": "Feature", "properties": {"osm_id": 1565643755, "building": "yes"}, "geometry": {"type": "Polygon", "coordinates": [[[98.1610176, 13.8652032], [98.1610587, 13.8652009], [98.1610552, 13.8651417], [98.161014, 13.865144], [98.1610176, 13.8652032]]]}}, {"type": "Feature", "properties": {"osm_id": 1565643756, "building": "yes"}, "geometry": {"type": "Polygon", "coordinates": [[[98.1608444, 13.8650844], [98.1608473, 13.8650339], [98.1608983, 13.8650367], [98.1608954, 13.8650872], [98.1608444, 13.8650844]]]}}, {"type": "Feature", "properties": {"osm_id": 1565643757, "building": "yes"}, "geometry": {"type": "Polygon", "coordinates": [[[98.1608857, 13.8652826], [98.1608826, 13.8652181], [98.1609482, 13.8652151], [98.1609514, 13.8652796], [98.1608857, 13.8652826]]]}}, {"type": "Feature", "properties": {"osm_id": 1565643758, "building": "yes"}, "geometry": {"type": "Polygon", "coordinates": [[[98.1606637, 13.8651639], [98.1606632, 13.865115], [98.1607479, 13.8651142], [98.1607484, 13.8651631], [98.1606637, 13.8651639]]]}}, {"type": "Feature", "properties": {"osm_id": 1565643759, "building": "yes"}, "geometry": {"type": "Polygon", "coordinates": [[[98.1607016, 13.8654083], [98.160701, 13.8653474], [98.1607359, 13.8653471], [98.1607364, 13.8653696], [98.1607369, 13.865408], [98.1607016, 13.8654083]]]}}, {"type": "Feature", "properties": {"osm_id": 1565643760, "building": "yes"}, "geometry": {"type": "Polygon", "coordinates": [[[98.1607364, 13.8653696], [98.1607874, 13.8653686], [98.1607857, 13.8652946], [98.1607348, 13.8652957], [98.1607359, 13.8653471], [98.1607364, 13.8653696]]]}}, {"type": "Feature", "properties": {"osm_id": 1565643761, "building": "yes"}, "geometry": {"type": "Polygon", "coordinates": [[[98.1609403, 13.8659297], [98.1609967, 13.8659217], [98.1609837, 13.8658353], [98.1609273, 13.8658433], [98.1609403, 13.8659297]]]}}, {"type": "Feature", "properties": {"osm_id": 1565643762, "building": "yes"}, "geometry": {"type": "Polygon", "coordinates": [[[98.1608722, 13.8657976], [98.160865, 13.8657486], [98.1609178, 13.8657413], [98.160925, 13.8657903], [98.1608722, 13.8657976]]]}}, {"type": "Feature", "properties": {"osm_id": 1565643763, "building": "yes"}, "geometry": {"type": "Polygon", "coordinates": [[[98.1606462, 13.8658619], [98.160646, 13.8658004], [98.1606944, 13.8658002], [98.1606946, 13.8658617], [98.1606462, 13.8658619]]]}}, {"type": "Feature", "properties": {"osm_id": 1565643764, "building": "yes"}, "geometry": {"type": "Polygon", "coordinates": [[[98.1605991, 13.8657494], [98.1606029, 13.865685], [98.1606786, 13.8656892], [98.1606748, 13.8657536], [98.1605991, 13.8657494]]]}}, {"type": "Feature", "properties": {"osm_id": 1565643765, "building": "yes"}, "geometry": {"type": "Polygon", "coordinates": [[[98.1604645, 13.8659451], [98.1604665, 13.8658859], [98.1605137, 13.8658888], [98.1605131, 13.8659467], [98.1604645, 13.8659451]]]}}, {"type": "Feature", "properties": {"osm_id": 1565643766, "building": "yes"}, "geometry": {"type": "Polygon", "coordinates": [[[98.1605785, 13.8658896], [98.1605793, 13.8658275], [98.1605145, 13.8658267], [98.1605137, 13.8658888], [98.1605785, 13.8658896]]]}}, {"type": "Feature", "properties": {"osm_id": 1565643767, "building": "yes"}, "geometry": {"type": "Polygon", "coordinates": [[[98.1606864, 13.8655258], [98.1607468, 13.8655209], [98.1607513, 13.8655726], [98.1606908, 13.8655775], [98.1606864, 13.8655258]]]}}, {"type": "Feature", "properties": {"osm_id": 1565644564, "building": "yes"}, "geometry": {"type": "Polygon", "coordinates": [[[98.1624112, 13.8650887], [98.1624122, 13.8650355], [98.1624795, 13.8650366], [98.1624785, 13.8650899], [98.1624112, 13.8650887]]]}}, {"type": "Feature", "properties": {"osm_id": 1565645425, "building": "yes"}, "geometry": {"type": "Polygon", "coordinates": [[[98.163682, 13.8637234], [98.1636929, 13.8636558], [98.1638063, 13.863673], [98.1637954, 13.8637406], [98.163682, 13.8637234]]]}}, {"type": "Feature", "properties": {"osm_id": 1565645426, "building": "yes"}, "geometry": {"type": "Polygon", "coordinates": [[[98.1636991, 13.8639123], [98.1637036, 13.863804], [98.1638215, 13.8638087], [98.1638169, 13.863917], [98.1636991, 13.8639123]]]}}, {"type": "Feature", "properties": {"osm_id": 1565645427, "building": "yes"}, "geometry": {"type": "Polygon", "coordinates": [[[98.1642951, 13.8639899], [98.1642951, 13.8638464], [98.1641922, 13.8638537], [98.1641922, 13.8639826], [98.1642951, 13.8639899]]]}}, {"type": "Feature", "properties": {"osm_id": 1565645428, "building": "yes"}, "geometry": {"type": "Polygon", "coordinates": [[[98.1641175, 13.8637524], [98.1641816, 13.8637311], [98.1641356, 13.8636009], [98.1640715, 13.8636223], [98.1640771, 13.8636531], [98.1641175, 13.8637524]]]}}, {"type": "Feature", "properties": {"osm_id": 1565645429, "building": "yes"}, "geometry": {"type": "Polygon", "coordinates": [[[98.1640298, 13.8636717], [98.1640771, 13.8636531], [98.1640565, 13.8636038], [98.1640092, 13.8636224], [98.1640298, 13.8636717]]]}}, {"type": "Feature", "properties": {"osm_id": 1565645430, "building": "yes"}, "geometry": {"type": "Polygon", "coordinates": [[[98.1644715, 13.8638822], [98.1645466, 13.8638768], [98.1645373, 13.8637555], [98.1644622, 13.863761], [98.1644715, 13.8638822]]]}}, {"type": "Feature", "properties": {"osm_id": 1565645431, "building": "yes"}, "geometry": {"type": "Polygon", "coordinates": [[[98.1645495, 13.8634282], [98.1646074, 13.8633794], [98.1646914, 13.8634733], [98.1646336, 13.8635221], [98.1645495, 13.8634282]]]}}, {"type": "Feature", "properties": {"osm_id": 1565645432, "building": "yes"}, "geometry": {"type": "Polygon", "coordinates": [[[98.1646487, 13.8636645], [98.1647007, 13.8636496], [98.1647302, 13.8637467], [98.1646783, 13.8637616], [98.1646487, 13.8636645]]]}}, {"type": "Feature", "properties": {"osm_id": 1565645433, "building": "yes"}, "geometry": {"type": "Polygon", "coordinates": [[[98.1647823, 13.8636282], [98.1648375, 13.8635911], [98.1649154, 13.8637001], [98.164898, 13.863718], [98.1648603, 13.8637372], [98.1647823, 13.8636282]]]}}, {"type": "Feature", "properties": {"osm_id": 1565645434, "building": "yes"}, "geometry": {"type": "Polygon", "coordinates": [[[98.1647918, 13.8637016], [98.164749, 13.8637209], [98.1647874, 13.8638013], [98.1648303, 13.863782], [98.1647918, 13.8637016]]]}}, {"type": "Feature", "properties": {"osm_id": 1565645435, "building": "yes"}, "geometry": {"type": "Polygon", "coordinates": [[[98.1646731, 13.8633131], [98.1647338, 13.8632777], [98.1648022, 13.863388], [98.1647415, 13.8634235], [98.1646731, 13.8633131]]]}}, {"type": "Feature", "properties": {"osm_id": 1565645436, "building": "yes"}, "geometry": {"type": "Polygon", "coordinates": [[[98.1649459, 13.8633978], [98.1650312, 13.8633452], [98.1649516, 13.8632235], [98.1648681, 13.863275], [98.1648789, 13.8632914], [98.1648348, 13.8633187], [98.1648751, 13.8633803], [98.1649174, 13.8633542], [98.1649459, 13.8633978]]]}}, {"type": "Feature", "properties": {"osm_id": 1565645437, "building": "yes"}, "geometry": {"type": "Polygon", "coordinates": [[[98.1649154, 13.8635729], [98.1649797, 13.8635308], [98.1650539, 13.8636377], [98.1649897, 13.8636798], [98.1649154, 13.8635729]]]}}, {"type": "Feature", "properties": {"osm_id": 1565645438, "building": "yes"}, "geometry": {"type": "Polygon", "coordinates": [[[98.1641401, 13.8639962], [98.1641434, 13.8639518], [98.1641776, 13.8639542], [98.1641743, 13.8639986], [98.1641401, 13.8639962]]]}}, {"type": "Feature", "properties": {"osm_id": 1565645439, "building": "yes"}, "geometry": {"type": "Polygon", "coordinates": [[[98.165078, 13.8635801], [98.1650432, 13.8635968], [98.1650796, 13.8636683], [98.1651144, 13.8636516], [98.165078, 13.8635801]]]}}, {"type": "Feature", "properties": {"osm_id": 1565645440, "building": "yes"}, "geometry": {"type": "Polygon", "coordinates": [[[98.1648777, 13.863795], [98.1649285, 13.8637608], [98.164898, 13.863718], [98.1648472, 13.8637522], [98.1648777, 13.863795]]]}}, {"type": "Feature", "properties": {"osm_id": 1565645441, "building": "yes"}, "geometry": {"type": "Polygon", "coordinates": [[[98.164668, 13.8641996], [98.164769, 13.8642017], [98.1647711, 13.8641043], [98.1646702, 13.8641022], [98.164668, 13.8641996]]]}}, {"type": "Feature", "properties": {"osm_id": 1565645442, "building": "yes"}, "geometry": {"type": "Polygon", "coordinates": [[[98.1650292, 13.8641209], [98.1651206, 13.8641414], [98.1650861, 13.8642861], [98.1649946, 13.8642655], [98.1650292, 13.8641209]]]}}, {"type": "Feature", "properties": {"osm_id": 1565645443, "building": "yes"}, "geometry": {"type": "Polygon", "coordinates": [[[98.1652164, 13.8641536], [98.1653095, 13.8641726], [98.1652799, 13.8643087], [98.1651868, 13.8642896], [98.1652164, 13.8641536]]]}}, {"type": "Feature", "properties": {"osm_id": 1565645444, "building": "yes"}, "geometry": {"type": "Polygon", "coordinates": [[[98.1651074, 13.8638782], [98.1651752, 13.8638906], [98.165198, 13.8637721], [98.1651302, 13.8637598], [98.1651074, 13.8638782]]]}}, {"type": "Feature", "properties": {"osm_id": 1565645445, "building": "yes"}, "geometry": {"type": "Polygon", "coordinates": [[[98.1651871, 13.8636932], [98.1652205, 13.8636166], [98.1653394, 13.8636654], [98.165306, 13.863742], [98.1651871, 13.8636932]]]}}, {"type": "Feature", "properties": {"osm_id": 1565645446, "building": "yes"}, "geometry": {"type": "Polygon", "coordinates": [[[98.1651978, 13.8635411], [98.1652484, 13.8635774], [98.1653235, 13.8634785], [98.1652729, 13.8634422], [98.1651978, 13.8635411]]]}}, {"type": "Feature", "properties": {"osm_id": 1565645447, "building": "yes"}, "geometry": {"type": "Polygon", "coordinates": [[[98.1652014, 13.863461], [98.1652741, 13.8633982], [98.1652399, 13.8633913], [98.1651827, 13.8634406], [98.1652014, 13.863461]]]}}, {"type": "Feature", "properties": {"osm_id": 1565645448, "building": "yes"}, "geometry": {"type": "Polygon", "coordinates": [[[98.1653402, 13.8633959], [98.1653561, 13.8633773], [98.1653757, 13.8633358], [98.1655043, 13.863389], [98.1654665, 13.863452], [98.1653402, 13.8633959]]]}}, {"type": "Feature", "properties": {"osm_id": 1565645449, "building": "yes"}, "geometry": {"type": "Polygon", "coordinates": [[[98.1653561, 13.8633773], [98.1652994, 13.863352], [98.1653191, 13.8633105], [98.1653757, 13.8633358], [98.1653561, 13.8633773]]]}}, {"type": "Feature", "properties": {"osm_id": 1565645450, "building": "yes"}, "geometry": {"type": "Polygon", "coordinates": [[[98.1650225, 13.8645635], [98.1651137, 13.8645625], [98.1651124, 13.8644569], [98.1650213, 13.8644579], [98.1650225, 13.8645635]]]}}, {"type": "Feature", "properties": {"osm_id": 1565645451, "building": "yes"}, "geometry": {"type": "Polygon", "coordinates": [[[98.1654018, 13.8645465], [98.1654396, 13.8644578], [98.1655518, 13.8645029], [98.165514, 13.8645915], [98.1654018, 13.8645465]]]}}, {"type": "Feature", "properties": {"osm_id": 1565645452, "building": "yes"}, "geometry": {"type": "Polygon", "coordinates": [[[98.1655212, 13.8640818], [98.1655493, 13.8639482], [98.1656406, 13.8639663], [98.1656126, 13.8640999], [98.1655212, 13.8640818]]]}}, {"type": "Feature", "properties": {"osm_id": 1565645453, "building": "yes"}, "geometry": {"type": "Polygon", "coordinates": [[[98.1656958, 13.8641054], [98.1657854, 13.8641363], [98.1657337, 13.8642775], [98.1656441, 13.8642466], [98.1656958, 13.8641054]]]}}, {"type": "Feature", "properties": {"osm_id": 1565645454, "building": "yes"}, "geometry": {"type": "Polygon", "coordinates": [[[98.1656614, 13.8637543], [98.1656601, 13.863686], [98.1657581, 13.8636843], [98.1657594, 13.8637526], [98.1656614, 13.8637543]]]}}, {"type": "Feature", "properties": {"osm_id": 1565645455, "building": "yes"}, "geometry": {"type": "Polygon", "coordinates": [[[98.1653576, 13.8646243], [98.1653745, 13.8645751], [98.1654684, 13.8646055], [98.1654515, 13.8646547], [98.1653576, 13.8646243]]]}}, {"type": "Feature", "properties": {"osm_id": 1565645456, "building": "yes"}, "geometry": {"type": "Polygon", "coordinates": [[[98.1658093, 13.8640079], [98.1658446, 13.8639082], [98.1659993, 13.8639425], [98.1659687, 13.864057], [98.1658093, 13.8640079]]]}}, {"type": "Feature", "properties": {"osm_id": 1565645457, "building": "yes"}, "geometry": {"type": "Polygon", "coordinates": [[[98.1657818, 13.8642279], [98.1658567, 13.864255], [98.1658939, 13.8641578], [98.1658189, 13.8641308], [98.1657818, 13.8642279]]]}}, {"type": "Feature", "properties": {"osm_id": 1565645458, "building": "yes"}, "geometry": {"type": "Polygon", "coordinates": [[[98.1659938, 13.8641248], [98.1660309, 13.8640312], [98.1661712, 13.8640837], [98.1661341, 13.8641772], [98.1659938, 13.8641248]]]}}, {"type": "Feature", "properties": {"osm_id": 1565645459, "building": "yes"}, "geometry": {"type": "Polygon", "coordinates": [[[98.1662074, 13.8632308], [98.1662862, 13.863258], [98.1663415, 13.8631068], [98.1662627, 13.8630797], [98.1662074, 13.8632308]]]}}, {"type": "Feature", "properties": {"osm_id": 1565645460, "building": "yes"}, "geometry": {"type": "Polygon", "coordinates": [[[98.1662057, 13.8637606], [98.1662269, 13.8637121], [98.1662873, 13.863737], [98.1662662, 13.8637854], [98.1662057, 13.8637606]]]}}, {"type": "Feature", "properties": {"osm_id": 1565645461, "building": "yes"}, "geometry": {"type": "Polygon", "coordinates": [[[98.1666998, 13.8633651], [98.1666033, 13.8633255], [98.1665576, 13.8634303], [98.1666541, 13.86347], [98.1666998, 13.8633651]]]}}, {"type": "Feature", "properties": {"osm_id": 1565645462, "building": "yes"}, "geometry": {"type": "Polygon", "coordinates": [[[98.1652839, 13.8631609], [98.1653592, 13.863089], [98.1652597, 13.8629909], [98.1651845, 13.8630628], [98.1652839, 13.8631609]]]}}, {"type": "Feature", "properties": {"osm_id": 1565645463, "building": "yes"}, "geometry": {"type": "Polygon", "coordinates": [[[98.1654093, 13.8632925], [98.165441, 13.8632235], [98.1655634, 13.8632765], [98.1655317, 13.8633454], [98.1654093, 13.8632925]]]}}, {"type": "Feature", "properties": {"osm_id": 1565645464, "building": "yes"}, "geometry": {"type": "Polygon", "coordinates": [[[98.1654668, 13.8632115], [98.1655924, 13.8632654], [98.1656196, 13.8632058], [98.165494, 13.8631518], [98.1654668, 13.8632115]]]}}, {"type": "Feature", "properties": {"osm_id": 1565645465, "building": "yes"}, "geometry": {"type": "Polygon", "coordinates": [[[98.1656354, 13.8632209], [98.1656488, 13.8631538], [98.1657479, 13.8631725], [98.1657345, 13.8632396], [98.1656354, 13.8632209]]]}}, {"type": "Feature", "properties": {"osm_id": 1565645466, "building": "yes"}, "geometry": {"type": "Polygon", "coordinates": [[[98.1656276, 13.8631629], [98.1656979, 13.8630935], [98.165631, 13.8630331], [98.1655626, 13.8630937], [98.1656276, 13.8631629]]]}}, {"type": "Feature", "properties": {"osm_id": 1565645467, "building": "yes"}, "geometry": {"type": "Polygon", "coordinates": [[[98.165714, 13.863], [98.1657449, 13.8629821], [98.1657931, 13.8630607], [98.1657571, 13.8630703], [98.165714, 13.863]]]}}, {"type": "Feature", "properties": {"osm_id": 1565645468, "building": "yes"}, "geometry": {"type": "Polygon", "coordinates": [[[98.1656979, 13.8630935], [98.1657394, 13.8630673], [98.1657011, 13.8630102], [98.1656597, 13.8630363], [98.1656979, 13.8630935]]]}}, {"type": "Feature", "properties": {"osm_id": 1565645469, "building": "yes"}, "geometry": {"type": "Polygon", "coordinates": [[[98.1658191, 13.8629296], [98.1658949, 13.8629012], [98.1659378, 13.8630092], [98.165862, 13.8630376], [98.1658191, 13.8629296]]]}}, {"type": "Feature", "properties": {"osm_id": 1565645470, "building": "yes"}, "geometry": {"type": "Polygon", "coordinates": [[[98.1659817, 13.8628169], [98.1660914, 13.8627872], [98.1661269, 13.8629106], [98.1660172, 13.8629403], [98.1659817, 13.8628169]]]}}, {"type": "Feature", "properties": {"osm_id": 1565645471, "building": "yes"}, "geometry": {"type": "Polygon", "coordinates": [[[98.1663013, 13.8626772], [98.1663992, 13.8626609], [98.1664231, 13.8627963], [98.1663252, 13.8628126], [98.1663013, 13.8626772]]]}}, {"type": "Feature", "properties": {"osm_id": 1565645472, "building": "yes"}, "geometry": {"type": "Polygon", "coordinates": [[[98.166661, 13.8626136], [98.1667287, 13.8626163], [98.1667226, 13.8627605], [98.1666549, 13.8627578], [98.166661, 13.8626136]]]}}, {"type": "Feature", "properties": {"osm_id": 1565645473, "building": "yes"}, "geometry": {"type": "Polygon", "coordinates": [[[98.1662804, 13.86289], [98.1662802, 13.8628219], [98.1663603, 13.8628216], [98.1663606, 13.8628896], [98.1662804, 13.86289]]]}}, {"type": "Feature", "properties": {"osm_id": 1565645474, "building": "yes"}, "geometry": {"type": "Polygon", "coordinates": [[[98.1672064, 13.8626035], [98.1672539, 13.8625424], [98.167363, 13.8626222], [98.1673155, 13.8626833], [98.1672064, 13.8626035]]]}}, {"type": "Feature", "properties": {"osm_id": 1565646953, "building": "yes"}, "geometry": {"type": "Polygon", "coordinates": [[[98.1673505, 13.8627287], [98.1673816, 13.8626679], [98.1675502, 13.8627491], [98.1675191, 13.8628099], [98.1673505, 13.8627287]]]}}, {"type": "Feature", "properties": {"osm_id": 1565646954, "building": "yes"}, "geometry": {"type": "Polygon", "coordinates": [[[98.1672677, 13.8625399], [98.1673017, 13.8624883], [98.1674317, 13.8625688], [98.1673977, 13.8626205], [98.1672677, 13.8625399]]]}}, {"type": "Feature", "properties": {"osm_id": 1565646955, "building": "yes"}, "geometry": {"type": "Polygon", "coordinates": [[[98.1673547, 13.8625035], [98.1673814, 13.8624579], [98.1674937, 13.8625199], [98.167467, 13.8625656], [98.1673547, 13.8625035]]]}}, {"type": "Feature", "properties": {"osm_id": 1565646956, "building": "yes"}, "geometry": {"type": "Polygon", "coordinates": [[[98.1676303, 13.8623803], [98.1676853, 13.862297], [98.1677883, 13.862361], [98.1677332, 13.8624444], [98.1676303, 13.8623803]]]}}, {"type": "Feature", "properties": {"osm_id": 1565646957, "building": "yes"}, "geometry": {"type": "Polygon", "coordinates": [[[98.1678005, 13.8622459], [98.1678393, 13.8621922], [98.1679686, 13.8622803], [98.1679297, 13.8623341], [98.1678005, 13.8622459]]]}}, {"type": "Feature", "properties": {"osm_id": 1565646958, "building": "yes"}, "geometry": {"type": "Polygon", "coordinates": [[[98.1674905, 13.8625984], [98.1675086, 13.8625537], [98.1675805, 13.8625812], [98.1675623, 13.8626259], [98.1674905, 13.8625984]]]}}, {"type": "Feature", "properties": {"osm_id": 1565646959, "building": "yes"}, "geometry": {"type": "Polygon", "coordinates": [[[98.1679722, 13.8620756], [98.1680025, 13.8620224], [98.1681696, 13.8621118], [98.1681407, 13.8621647], [98.1679722, 13.8620756]]]}}, {"type": "Feature", "properties": {"osm_id": 1565646960, "building": "yes"}, "geometry": {"type": "Polygon", "coordinates": [[[98.1681407, 13.8621647], [98.1681135, 13.8622131], [98.1679252, 13.8621135], [98.1679523, 13.8620651], [98.1679722, 13.8620756], [98.1681407, 13.8621647]]]}}, {"type": "Feature", "properties": {"osm_id": 1565646961, "building": "yes"}, "geometry": {"type": "Polygon", "coordinates": [[[98.1680664, 13.8619811], [98.1680994, 13.8619118], [98.1682127, 13.8619627], [98.1681798, 13.8620319], [98.168142, 13.8620143], [98.1680853, 13.8619914], [98.1680664, 13.8619811]]]}}, {"type": "Feature", "properties": {"osm_id": 1565646962, "building": "yes"}, "geometry": {"type": "Polygon", "coordinates": [[[98.1680707, 13.8620255], [98.1680853, 13.8619914], [98.168142, 13.8620143], [98.1681275, 13.8620484], [98.1680707, 13.8620255]]]}}, {"type": "Feature", "properties": {"osm_id": 1565646963, "building": "yes"}, "geometry": {"type": "Polygon", "coordinates": [[[98.1681527, 13.8617833], [98.1681656, 13.8617902], [98.1682411, 13.861843], [98.1682534, 13.8618539], [98.1682821, 13.8618153], [98.1681814, 13.8617448], [98.1681527, 13.8617833]]]}}, {"type": "Feature", "properties": {"osm_id": 1565646964, "building": "yes"}, "geometry": {"type": "Polygon", "coordinates": [[[98.168144, 13.8618192], [98.1681656, 13.8617902], [98.1682411, 13.861843], [98.1682195, 13.861872], [98.168144, 13.8618192]]]}}, {"type": "Feature", "properties": {"osm_id": 1565646965, "building": "yes"}, "geometry": {"type": "Polygon", "coordinates": [[[98.168265, 13.8617219], [98.1683136, 13.8616803], [98.168392, 13.8617666], [98.1683434, 13.8618081], [98.168265, 13.8617219]]]}}, {"type": "Feature", "properties": {"osm_id": 1565646966, "building": "yes"}, "geometry": {"type": "Polygon", "coordinates": [[[98.1680376, 13.8617219], [98.1679977, 13.8617871], [98.1678972, 13.8617291], [98.1679371, 13.861664], [98.1680376, 13.8617219]]]}}, {"type": "Feature", "properties": {"osm_id": 1565646967, "building": "yes"}, "geometry": {"type": "Polygon", "coordinates": [[[98.1676634, 13.8618925], [98.1677398, 13.8619436], [98.1678509, 13.8617871], [98.1677744, 13.861736], [98.1676634, 13.8618925]]]}}, {"type": "Feature", "properties": {"osm_id": 1565646968, "building": "yes"}, "geometry": {"type": "Polygon", "coordinates": [[[98.1678413, 13.861763], [98.1678642, 13.8617219], [98.1679441, 13.8617641], [98.1679212, 13.8618051], [98.1678413, 13.861763]]]}}, {"type": "Feature", "properties": {"osm_id": 1565646969, "building": "yes"}, "geometry": {"type": "Polygon", "coordinates": [[[98.1679382, 13.8614611], [98.1680023, 13.8613837], [98.1680952, 13.8614562], [98.1680312, 13.8615336], [98.1679382, 13.8614611]]]}}, {"type": "Feature", "properties": {"osm_id": 1565646970, "building": "yes"}, "geometry": {"type": "Polygon", "coordinates": [[[98.1685687, 13.8622101], [98.168589, 13.8621693], [98.1686354, 13.8621911], [98.1686151, 13.8622318], [98.1685687, 13.8622101]]]}}, {"type": "Feature", "properties": {"osm_id": 1565646971, "building": "yes"}, "geometry": {"type": "Polygon", "coordinates": [[[98.168492, 13.8621714], [98.1685461, 13.8621919], [98.1685229, 13.8622496], [98.1684688, 13.8622291], [98.168492, 13.8621714]]]}}, {"type": "Feature", "properties": {"osm_id": 1565646972, "building": "yes"}, "geometry": {"type": "Polygon", "coordinates": [[[98.1683806, 13.8620614], [98.1684025, 13.8619964], [98.1683618, 13.8619834], [98.1683439, 13.8620366], [98.1683806, 13.8620614]]]}}, {"type": "Feature", "properties": {"osm_id": 1565646973, "building": "yes"}, "geometry": {"type": "Polygon", "coordinates": [[[98.168694, 13.8616813], [98.1687353, 13.8616221], [98.1688661, 13.8617082], [98.1687974, 13.8618065], [98.1687397, 13.8617685], [98.168767, 13.8617294], [98.168694, 13.8616813]]]}}, {"type": "Feature", "properties": {"osm_id": 1565646974, "building": "yes"}, "geometry": {"type": "Polygon", "coordinates": [[[98.1688049, 13.8616275], [98.1688423, 13.8615739], [98.1689599, 13.8616514], [98.1689225, 13.8617049], [98.1688049, 13.8616275]]]}}, {"type": "Feature", "properties": {"osm_id": 1565646975, "building": "yes"}, "geometry": {"type": "Polygon", "coordinates": [[[98.168867, 13.8617223], [98.1688864, 13.8616929], [98.1689747, 13.8617478], [98.1689553, 13.8617771], [98.168867, 13.8617223]]]}}, {"type": "Feature", "properties": {"osm_id": 1565646976, "building": "yes"}, "geometry": {"type": "Polygon", "coordinates": [[[98.1687089, 13.8612169], [98.1688592, 13.8612934], [98.168815, 13.8613751], [98.1686647, 13.8612986], [98.1687089, 13.8612169]]]}}, {"type": "Feature", "properties": {"osm_id": 1565646977, "building": "yes"}, "geometry": {"type": "Polygon", "coordinates": [[[98.1690338, 13.8614377], [98.1690961, 13.8613675], [98.1691847, 13.8614415], [98.1691224, 13.8615117], [98.1690338, 13.8614377]]]}}, {"type": "Feature", "properties": {"osm_id": 1565646978, "building": "yes"}, "geometry": {"type": "Polygon", "coordinates": [[[98.1687968, 13.8610683], [98.1688506, 13.8609609], [98.1690267, 13.8610441], [98.1689728, 13.8611515], [98.1687968, 13.8610683]]]}}, {"type": "Feature", "properties": {"osm_id": 1565646979, "building": "yes"}, "geometry": {"type": "Polygon", "coordinates": [[[98.1691577, 13.8609839], [98.1692093, 13.8609102], [98.1691218, 13.8608523], [98.1690701, 13.8609261], [98.1691577, 13.8609839]]]}}, {"type": "Feature", "properties": {"osm_id": 1565646980, "building": "yes"}, "geometry": {"type": "Polygon", "coordinates": [[[98.1693503, 13.8610391], [98.16938, 13.8609643], [98.1694952, 13.8610073], [98.1694656, 13.8610821], [98.1693503, 13.8610391]]]}}, {"type": "Feature", "properties": {"osm_id": 1565646981, "building": "yes"}, "geometry": {"type": "Polygon", "coordinates": [[[98.1689833, 13.8607171], [98.1689964, 13.8606684], [98.1691121, 13.8606978], [98.1690989, 13.8607465], [98.1689833, 13.8607171]]]}}, {"type": "Feature", "properties": {"osm_id": 1565646982, "building": "yes"}, "geometry": {"type": "Polygon", "coordinates": [[[98.1691999, 13.8607425], [98.1692491, 13.8606563], [98.1693946, 13.8607345], [98.1693454, 13.8608207], [98.1691999, 13.8607425]]]}}, {"type": "Feature", "properties": {"osm_id": 1565646983, "building": "yes"}, "geometry": {"type": "Polygon", "coordinates": [[[98.1693074, 13.8606581], [98.1693469, 13.8605945], [98.169491, 13.8606789], [98.1694516, 13.8607425], [98.1693074, 13.8606581]]]}}, {"type": "Feature", "properties": {"osm_id": 1565646984, "building": "yes"}, "geometry": {"type": "Polygon", "coordinates": [[[98.1692784, 13.8605181], [98.1693225, 13.8604578], [98.1694196, 13.8605249], [98.1693754, 13.8605852], [98.1692784, 13.8605181]]]}}, {"type": "Feature", "properties": {"osm_id": 1565646985, "building": "yes"}, "geometry": {"type": "Polygon", "coordinates": [[[98.1694915, 13.8606487], [98.1695248, 13.8606171], [98.1694591, 13.8605626], [98.1694274, 13.8605995], [98.1694915, 13.8606487]]]}}, {"type": "Feature", "properties": {"osm_id": 1565646986, "building": "yes"}, "geometry": {"type": "Polygon", "coordinates": [[[98.169562, 13.8606493], [98.1695844, 13.8606265], [98.1694709, 13.8605215], [98.1694485, 13.8605442], [98.169562, 13.8606493]]]}}, {"type": "Feature", "properties": {"osm_id": 1565646987, "building": "yes"}, "geometry": {"type": "Polygon", "coordinates": [[[98.1695861, 13.8606026], [98.1696294, 13.8605528], [98.1695257, 13.8604679], [98.1694824, 13.8605177], [98.1695861, 13.8606026]]]}}, {"type": "Feature", "properties": {"osm_id": 1565646988, "building": "yes"}, "geometry": {"type": "Polygon", "coordinates": [[[98.1694318, 13.8612466], [98.1694303, 13.8611703], [98.1695353, 13.8611684], [98.1695367, 13.8612447], [98.1694318, 13.8612466]]]}}, {"type": "Feature", "properties": {"osm_id": 1565646989, "building": "yes"}, "geometry": {"type": "Polygon", "coordinates": [[[98.1695118, 13.860876], [98.1695551, 13.8607934], [98.16967, 13.8608503], [98.1696266, 13.8609329], [98.1695118, 13.860876]]]}}, {"type": "Feature", "properties": {"osm_id": 1565646990, "building": "yes"}, "geometry": {"type": "Polygon", "coordinates": [[[98.1697626, 13.8610156], [98.1698453, 13.8610499], [98.1698967, 13.860933], [98.169814, 13.8608987], [98.1697626, 13.8610156]]]}}, {"type": "Feature", "properties": {"osm_id": 1565646991, "building": "yes"}, "geometry": {"type": "Polygon", "coordinates": [[[98.1696757, 13.8608379], [98.1697392, 13.8608697], [98.1697644, 13.8608222], [98.1697017, 13.8607902], [98.1696757, 13.8608379]]]}}, {"type": "Feature", "properties": {"osm_id": 1565646992, "building": "yes"}, "geometry": {"type": "Polygon", "coordinates": [[[98.1697017, 13.8607902], [98.1697422, 13.8607003], [98.1698925, 13.8607642], [98.1698521, 13.860854], [98.1697017, 13.8607902]]]}}, {"type": "Feature", "properties": {"osm_id": 1565646993, "building": "yes"}, "geometry": {"type": "Polygon", "coordinates": [[[98.1698006, 13.8606951], [98.1698442, 13.8606053], [98.1699943, 13.8606738], [98.1699507, 13.8607636], [98.1698006, 13.8606951]]]}}, {"type": "Feature", "properties": {"osm_id": 1565646994, "building": "yes"}, "geometry": {"type": "Polygon", "coordinates": [[[98.1699005, 13.8606177], [98.1699452, 13.8605249], [98.1700826, 13.8605873], [98.1700379, 13.8606801], [98.1699005, 13.8606177]]]}}, {"type": "Feature", "properties": {"osm_id": 1565646995, "building": "yes"}, "geometry": {"type": "Polygon", "coordinates": [[[98.1701254, 13.8605338], [98.1701658, 13.8604265], [98.170395, 13.8605078], [98.1703785, 13.8605424], [98.1703438, 13.8606177], [98.1702457, 13.8605707], [98.1701254, 13.8605338]]]}}, {"type": "Feature", "properties": {"osm_id": 1565646996, "building": "yes"}, "geometry": {"type": "Polygon", "coordinates": [[[98.1702457, 13.8605707], [98.1702177, 13.8606277], [98.1703175, 13.8606737], [98.1703438, 13.8606177], [98.1702457, 13.8605707]]]}}, {"type": "Feature", "properties": {"osm_id": 1565646997, "building": "yes"}, "geometry": {"type": "Polygon", "coordinates": [[[98.1703175, 13.8606737], [98.1703042, 13.8606993], [98.1704399, 13.8607657], [98.1704832, 13.8606837], [98.1703438, 13.8606177], [98.1703175, 13.8606737]]]}}, {"type": "Feature", "properties": {"osm_id": 1565646998, "building": "yes"}, "geometry": {"type": "Polygon", "coordinates": [[[98.1703438, 13.8606177], [98.1703785, 13.8605424], [98.1705109, 13.860602], [98.1705217, 13.8606069], [98.1704832, 13.8606837], [98.1703438, 13.8606177]]]}}, {"type": "Feature", "properties": {"osm_id": 1565646999, "building": "yes"}, "geometry": {"type": "Polygon", "coordinates": [[[98.170525, 13.860635], [98.1705627, 13.860531], [98.1707746, 13.8606033], [98.1707669, 13.860623], [98.1707425, 13.8606914], [98.1707369, 13.8607074], [98.170655, 13.860679], [98.1705699, 13.860649], [98.170525, 13.860635]]]}}, {"type": "Feature", "properties": {"osm_id": 1565647000, "building": "yes"}, "geometry": {"type": "Polygon", "coordinates": [[[98.1707425, 13.8606914], [98.1708013, 13.8607111], [98.1708257, 13.8606428], [98.1707669, 13.860623], [98.1707425, 13.8606914]]]}}, {"type": "Feature", "properties": {"osm_id": 1565647001, "building": "yes"}, "geometry": {"type": "Polygon", "coordinates": [[[98.170551, 13.8606996], [98.1705699, 13.860649], [98.170655, 13.860679], [98.1706361, 13.8607295], [98.170551, 13.8606996]]]}}, {"type": "Feature", "properties": {"osm_id": 1565647002, "building": "yes"}, "geometry": {"type": "Polygon", "coordinates": [[[98.170395, 13.8605078], [98.1704092, 13.8604781], [98.1704627, 13.8605013], [98.1705416, 13.8605378], [98.1705109, 13.860602], [98.1703785, 13.8605424], [98.170395, 13.8605078]]]}}, {"type": "Feature", "properties": {"osm_id": 1565647003, "building": "yes"}, "geometry": {"type": "Polygon", "coordinates": [[[98.1700557, 13.8603407], [98.1700699, 13.8602783], [98.1705311, 13.8603803], [98.1705862, 13.8603911], [98.1706635, 13.8604057], [98.1706489, 13.8604675], [98.1704817, 13.8604287], [98.1704627, 13.8605013], [98.1704092, 13.8604781], [98.1704274, 13.8604146], [98.1700557, 13.8603407]]]}}, {"type": "Feature", "properties": {"osm_id": 1565647004, "building": "yes"}, "geometry": {"type": "Polygon", "coordinates": [[[98.1705311, 13.8603803], [98.1705361, 13.8603318], [98.1705917, 13.8603372], [98.1705862, 13.8603911], [98.1705311, 13.8603803]]]}}, {"type": "Feature", "properties": {"osm_id": 1565647005, "building": "yes"}, "geometry": {"type": "Polygon", "coordinates": [[[98.1706586, 13.8604745], [98.1706635, 13.8604057], [98.1707737, 13.8604131], [98.1707688, 13.860482], [98.1706586, 13.8604745]]]}}, {"type": "Feature", "properties": {"osm_id": 1565647006, "building": "yes"}, "geometry": {"type": "Polygon", "coordinates": [[[98.1709318, 13.8604001], [98.1709344, 13.8603467], [98.1710109, 13.8603501], [98.1710086, 13.8604062], [98.1709318, 13.8604001]]]}}, {"type": "Feature", "properties": {"osm_id": 1565647007, "building": "yes"}, "geometry": {"type": "Polygon", "coordinates": [[[98.1709344, 13.8603467], [98.1709365, 13.8603006], [98.1710131, 13.860304], [98.1710109, 13.8603501], [98.1709344, 13.8603467]]]}}, {"type": "Feature", "properties": {"osm_id": 1565647008, "building": "yes"}, "geometry": {"type": "Polygon", "coordinates": [[[98.170822, 13.8605999], [98.1708441, 13.8605337], [98.1709179, 13.860557], [98.1708958, 13.8606232], [98.170822, 13.8605999]]]}}, {"type": "Feature", "properties": {"osm_id": 1565647009, "building": "yes"}, "geometry": {"type": "Polygon", "coordinates": [[[98.1704805, 13.8607901], [98.170519, 13.8607141], [98.1706354, 13.8607697], [98.1705969, 13.8608458], [98.1704805, 13.8607901]]]}}, {"type": "Feature", "properties": {"osm_id": 1565647010, "building": "yes"}, "geometry": {"type": "Polygon", "coordinates": [[[98.1706077, 13.8608855], [98.1706381, 13.8608369], [98.17069, 13.8608675], [98.1706596, 13.8609161], [98.1706077, 13.8608855]]]}}, {"type": "Feature", "properties": {"osm_id": 1565647011, "building": "yes"}, "geometry": {"type": "Polygon", "coordinates": [[[98.1701631, 13.8602632], [98.1701785, 13.8601786], [98.1702437, 13.860192], [98.1703314, 13.8602087], [98.1703166, 13.8602896], [98.1701631, 13.8602632]]]}}, {"type": "Feature", "properties": {"osm_id": 1565647012, "building": "yes"}, "geometry": {"type": "Polygon", "coordinates": [[[98.1702437, 13.860192], [98.1702612, 13.8601059], [98.1704238, 13.8601369], [98.1704064, 13.860223], [98.1703314, 13.8602087], [98.1702437, 13.860192]]]}}, {"type": "Feature", "properties": {"osm_id": 1565647013, "building": "yes"}, "geometry": {"type": "Polygon", "coordinates": [[[98.1703587, 13.8600748], [98.170369, 13.8600214], [98.1705205, 13.860049], [98.1705102, 13.8601025], [98.1703587, 13.8600748]]]}}, {"type": "Feature", "properties": {"osm_id": 1565647014, "building": "yes"}, "geometry": {"type": "Polygon", "coordinates": [[[98.1698442, 13.8600081], [98.1698667, 13.8599429], [98.170022, 13.8599882], [98.1700532, 13.8600036], [98.1700307, 13.8600688], [98.1698442, 13.8600081]]]}}, {"type": "Feature", "properties": {"osm_id": 1565647015, "building": "yes"}, "geometry": {"type": "Polygon", "coordinates": [[[98.1698652, 13.8599262], [98.1698923, 13.8598615], [98.1700491, 13.8599235], [98.170022, 13.8599882], [98.1698652, 13.8599262]]]}}, {"type": "Feature", "properties": {"osm_id": 1565647016, "building": "yes"}, "geometry": {"type": "Polygon", "coordinates": [[[98.1700185, 13.8598304], [98.1700514, 13.8597599], [98.170199, 13.8598248], [98.1701661, 13.8598953], [98.1700185, 13.8598304]]]}}, {"type": "Feature", "properties": {"osm_id": 1565647017, "building": "yes"}, "geometry": {"type": "Polygon", "coordinates": [[[98.1700942, 13.8596428], [98.170115, 13.8595691], [98.1702855, 13.8596144], [98.1702648, 13.8596881], [98.1700942, 13.8596428]]]}}, {"type": "Feature", "properties": {"osm_id": 1565647018, "building": "yes"}, "geometry": {"type": "Polygon", "coordinates": [[[98.1704164, 13.8597782], [98.1704426, 13.859639], [98.1705897, 13.8596652], [98.1705635, 13.8598043], [98.1704164, 13.8597782]]]}}, {"type": "Feature", "properties": {"osm_id": 1565647019, "building": "yes"}, "geometry": {"type": "Polygon", "coordinates": [[[98.1704981, 13.8594885], [98.1705261, 13.859412], [98.1706663, 13.8594604], [98.170617, 13.8595296], [98.1704981, 13.8594885]]]}}, {"type": "Feature", "properties": {"osm_id": 1565647020, "building": "yes"}, "geometry": {"type": "Polygon", "coordinates": [[[98.1703114, 13.8595774], [98.1703323, 13.8594942], [98.1701633, 13.8594542], [98.1701424, 13.8595374], [98.1703114, 13.8595774]]]}}, {"type": "Feature", "properties": {"osm_id": 1565647021, "building": "yes"}, "geometry": {"type": "Polygon", "coordinates": [[[98.1700155, 13.861414], [98.1700393, 13.861386], [98.1700765, 13.8614159], [98.1700527, 13.8614438], [98.1700155, 13.861414]]]}}, {"type": "Feature", "properties": {"osm_id": 1565648104, "building": "yes"}, "geometry": {"type": "Polygon", "coordinates": [[[98.1674799, 13.8622592], [98.1675037, 13.8622122], [98.1674015, 13.8621633], [98.1673777, 13.8622104], [98.1674799, 13.8622592]]]}}, {"type": "Feature", "properties": {"osm_id": 1565648105, "building": "yes"}, "geometry": {"type": "Polygon", "coordinates": [[[98.167327, 13.8623587], [98.1673796, 13.8622914], [98.1672382, 13.8621872], [98.1671855, 13.8622545], [98.167327, 13.8623587]]]}}, {"type": "Feature", "properties": {"osm_id": 1565648106, "building": "yes"}, "geometry": {"type": "Polygon", "coordinates": [[[98.1671961, 13.8624019], [98.167234, 13.8623454], [98.167107, 13.8622648], [98.167069, 13.8623213], [98.1671961, 13.8624019]]]}}, {"type": "Feature", "properties": {"osm_id": 1565648107, "building": "yes"}, "geometry": {"type": "Polygon", "coordinates": [[[98.1670381, 13.8624651], [98.1671239, 13.8624148], [98.1670446, 13.8622874], [98.1669588, 13.8623377], [98.1670381, 13.8624651]]]}}, {"type": "Feature", "properties": {"osm_id": 1565648108, "building": "yes"}, "geometry": {"type": "Polygon", "coordinates": [[[98.1665954, 13.8624588], [98.1666872, 13.8624548], [98.1666751, 13.8623105], [98.1665877, 13.8623174], [98.1665954, 13.8624588]]]}}, {"type": "Feature", "properties": {"osm_id": 1565648109, "building": "yes"}, "geometry": {"type": "Polygon", "coordinates": [[[98.1665229, 13.8624739], [98.1665954, 13.8624588], [98.1665648, 13.8623208], [98.1664924, 13.8623358], [98.1665229, 13.8624739]]]}}, {"type": "Feature", "properties": {"osm_id": 1565648110, "building": "yes"}, "geometry": {"type": "Polygon", "coordinates": [[[98.1664414, 13.8624576], [98.1664945, 13.8624384], [98.166454, 13.862333], [98.1664009, 13.8623522], [98.1664414, 13.8624576]]]}}, {"type": "Feature", "properties": {"osm_id": 1565648111, "building": "yes"}, "geometry": {"type": "Polygon", "coordinates": [[[98.1662994, 13.8625118], [98.1663683, 13.8624856], [98.166296, 13.8623062], [98.166227, 13.8623324], [98.1662337, 13.8623488], [98.1662909, 13.8624908], [98.1662994, 13.8625118]]]}}, {"type": "Feature", "properties": {"osm_id": 1565648112, "building": "yes"}, "geometry": {"type": "Polygon", "coordinates": [[[98.1662909, 13.8624908], [98.1662301, 13.8625129], [98.1662211, 13.8624897], [98.1661803, 13.8623831], [98.1661751, 13.8623701], [98.1662337, 13.8623488], [98.1662994, 13.8625118], [98.1662909, 13.8624908]]]}}, {"type": "Feature", "properties": {"osm_id": 1565648113, "building": "yes"}, "geometry": {"type": "Polygon", "coordinates": [[[98.1662211, 13.8624897], [98.1661596, 13.8625118], [98.1661189, 13.8624052], [98.1661803, 13.8623831], [98.1662211, 13.8624897]]]}}, {"type": "Feature", "properties": {"osm_id": 1565648114, "building": "yes"}, "geometry": {"type": "Polygon", "coordinates": [[[98.165682, 13.8626977], [98.1657812, 13.8626534], [98.1657282, 13.8625417], [98.165629, 13.862586], [98.165682, 13.8626977]]]}}, {"type": "Feature", "properties": {"osm_id": 1565648115, "building": "yes"}, "geometry": {"type": "Polygon", "coordinates": [[[98.1657313, 13.862796], [98.1656646, 13.8628506], [98.1655932, 13.8627682], [98.16566, 13.8627136], [98.1657313, 13.862796]]]}}, {"type": "Feature", "properties": {"osm_id": 1565648116, "building": "yes"}, "geometry": {"type": "Polygon", "coordinates": [[[98.1654599, 13.8627396], [98.165509, 13.8627019], [98.1656359, 13.8628575], [98.1655868, 13.8628952], [98.1654599, 13.8627396]]]}}, {"type": "Feature", "properties": {"osm_id": 1565648117, "building": "yes"}, "geometry": {"type": "Polygon", "coordinates": [[[98.1650077, 13.8628717], [98.1650493, 13.8628054], [98.1649655, 13.862756], [98.164924, 13.8628222], [98.1650077, 13.8628717]]]}}, {"type": "Feature", "properties": {"osm_id": 1565648118, "building": "yes"}, "geometry": {"type": "Polygon", "coordinates": [[[98.1649255, 13.8627172], [98.164954, 13.8626722], [98.1650942, 13.8627559], [98.1650657, 13.8628009], [98.1649255, 13.8627172]]]}}, {"type": "Feature", "properties": {"osm_id": 1565648119, "building": "yes"}, "geometry": {"type": "Polygon", "coordinates": [[[98.1650189, 13.8625605], [98.1650577, 13.8625093], [98.1651749, 13.8625932], [98.1651361, 13.8626444], [98.1650189, 13.8625605]]]}}, {"type": "Feature", "properties": {"osm_id": 1565648120, "building": "yes"}, "geometry": {"type": "Polygon", "coordinates": [[[98.165071, 13.8624694], [98.1651034, 13.8624274], [98.1652097, 13.8625049], [98.1651772, 13.8625469], [98.165071, 13.8624694]]]}}, {"type": "Feature", "properties": {"osm_id": 1565648121, "building": "yes"}, "geometry": {"type": "Polygon", "coordinates": [[[98.1651815, 13.8623783], [98.1652298, 13.8623197], [98.1653279, 13.8623961], [98.1652797, 13.8624546], [98.1651815, 13.8623783]]]}}, {"type": "Feature", "properties": {"osm_id": 1565648122, "building": "yes"}, "geometry": {"type": "Polygon", "coordinates": [[[98.1653546, 13.8621386], [98.1653958, 13.8620757], [98.1655017, 13.862141], [98.1654605, 13.862204], [98.1653546, 13.8621386]]]}}, {"type": "Feature", "properties": {"osm_id": 1565648123, "building": "yes"}, "geometry": {"type": "Polygon", "coordinates": [[[98.1654067, 13.8620608], [98.1654436, 13.8619969], [98.165581, 13.8620716], [98.1655441, 13.8621355], [98.1654067, 13.8620608]]]}}, {"type": "Feature", "properties": {"osm_id": 1565648124, "building": "yes"}, "geometry": {"type": "Polygon", "coordinates": [[[98.165477, 13.8619755], [98.1655085, 13.8619041], [98.1656182, 13.8619498], [98.1655868, 13.8620211], [98.165477, 13.8619755]]]}}, {"type": "Feature", "properties": {"osm_id": 1565648125, "building": "yes"}, "geometry": {"type": "Polygon", "coordinates": [[[98.1655953, 13.8617089], [98.1656266, 13.8616302], [98.1657178, 13.8616644], [98.1656865, 13.8617431], [98.1655953, 13.8617089]]]}}, {"type": "Feature", "properties": {"osm_id": 1565648126, "building": "yes"}, "geometry": {"type": "Polygon", "coordinates": [[[98.1659036, 13.86126], [98.166039, 13.8612916], [98.1660541, 13.8612304], [98.1659187, 13.8611989], [98.1659036, 13.86126]]]}}, {"type": "Feature", "properties": {"osm_id": 1565648127, "building": "yes"}, "geometry": {"type": "Polygon", "coordinates": [[[98.1659036, 13.86126], [98.165891, 13.8613134], [98.1660252, 13.8613457], [98.166039, 13.8612916], [98.1659036, 13.86126]]]}}, {"type": "Feature", "properties": {"osm_id": 1565648128, "building": "yes"}, "geometry": {"type": "Polygon", "coordinates": [[[98.1658812, 13.8611431], [98.1659728, 13.8611652], [98.1659903, 13.8610969], [98.1658987, 13.8610748], [98.1658812, 13.8611431]]]}}, {"type": "Feature", "properties": {"osm_id": 1565648129, "building": "yes"}, "geometry": {"type": "Polygon", "coordinates": [[[98.1659592, 13.8610171], [98.1659706, 13.8609471], [98.1660742, 13.8609629], [98.1660628, 13.861033], [98.1659592, 13.8610171]]]}}, {"type": "Feature", "properties": {"osm_id": 1565648130, "building": "yes"}, "geometry": {"type": "Polygon", "coordinates": [[[98.1659971, 13.8608891], [98.1660179, 13.8608207], [98.1661314, 13.8608533], [98.1661105, 13.8609217], [98.1659971, 13.8608891]]]}}, {"type": "Feature", "properties": {"osm_id": 1565648131, "building": "yes"}, "geometry": {"type": "Polygon", "coordinates": [[[98.1660305, 13.860777], [98.1660407, 13.860731], [98.1661019, 13.8607439], [98.1660916, 13.8607899], [98.1660305, 13.860777]]]}}, {"type": "Feature", "properties": {"osm_id": 1565648132, "building": "yes"}, "geometry": {"type": "Polygon", "coordinates": [[[98.1660088, 13.8605641], [98.1660267, 13.8604882], [98.1661705, 13.8605201], [98.1661526, 13.860596], [98.1660088, 13.8605641]]]}}, {"type": "Feature", "properties": {"osm_id": 1565648133, "building": "yes"}, "geometry": {"type": "Polygon", "coordinates": [[[98.1660163, 13.8604629], [98.166031, 13.8603725], [98.166145, 13.86039], [98.1661303, 13.8604803], [98.1660163, 13.8604629]]]}}, {"type": "Feature", "properties": {"osm_id": 1565648134, "building": "yes"}, "geometry": {"type": "Polygon", "coordinates": [[[98.1660313, 13.8603379], [98.1660369, 13.8602546], [98.1661519, 13.8602619], [98.1661463, 13.8603451], [98.1660313, 13.8603379]]]}}, {"type": "Feature", "properties": {"osm_id": 1565648135, "building": "yes"}, "geometry": {"type": "Polygon", "coordinates": [[[98.1659282, 13.8602531], [98.1660167, 13.8602538], [98.1660171, 13.8602101], [98.1659286, 13.8602094], [98.1659282, 13.8602531]]]}}, {"type": "Feature", "properties": {"osm_id": 1565648136, "building": "yes"}, "geometry": {"type": "Polygon", "coordinates": [[[98.1650172, 13.8610379], [98.1650693, 13.8610592], [98.1650904, 13.8610105], [98.1650383, 13.8609892], [98.1650172, 13.8610379]]]}}, {"type": "Feature", "properties": {"osm_id": 1565648137, "building": "yes"}, "geometry": {"type": "Polygon", "coordinates": [[[98.1653209, 13.8616304], [98.165357, 13.8615693], [98.1654419, 13.8616167], [98.1654058, 13.8616778], [98.1653209, 13.8616304]]]}}, {"type": "Feature", "properties": {"osm_id": 1565648138, "building": "yes"}, "geometry": {"type": "Polygon", "coordinates": [[[98.1655847, 13.8613466], [98.1656196, 13.8612562], [98.1654547, 13.8612531], [98.1654529, 13.8613441], [98.1655847, 13.8613466]]]}}, {"type": "Feature", "properties": {"osm_id": 1565648139, "building": "yes"}, "geometry": {"type": "Polygon", "coordinates": [[[98.1650296, 13.8620692], [98.1650809, 13.8620201], [98.1651867, 13.8621243], [98.1651353, 13.8621734], [98.1650296, 13.8620692]]]}}, {"type": "Feature", "properties": {"osm_id": 1565648140, "building": "yes"}, "geometry": {"type": "Polygon", "coordinates": [[[98.1649597, 13.8622261], [98.1649971, 13.8621719], [98.1650897, 13.8622321], [98.1650522, 13.8622864], [98.1649597, 13.8622261]]]}}, {"type": "Feature", "properties": {"osm_id": 1565648141, "building": "yes"}, "geometry": {"type": "Polygon", "coordinates": [[[98.1649998, 13.8624016], [98.1650631, 13.8623127], [98.1649777, 13.8622554], [98.1649144, 13.8623444], [98.1649998, 13.8624016]]]}}, {"type": "Feature", "properties": {"osm_id": 1565648142, "building": "yes"}, "geometry": {"type": "Polygon", "coordinates": [[[98.1648723, 13.8625043], [98.1649203, 13.8624396], [98.1647837, 13.8623441], [98.1647067, 13.8624481], [98.1647529, 13.8624804], [98.164782, 13.8624412], [98.1648723, 13.8625043]]]}}, {"type": "Feature", "properties": {"osm_id": 1565648143, "building": "yes"}, "geometry": {"type": "Polygon", "coordinates": [[[98.16473, 13.8625656], [98.1647815, 13.8624819], [98.1648947, 13.8625477], [98.1648432, 13.8626313], [98.16473, 13.8625656]]]}}, {"type": "Feature", "properties": {"osm_id": 1565648144, "building": "yes"}, "geometry": {"type": "Polygon", "coordinates": [[[98.1644738, 13.8627379], [98.1645725, 13.8626501], [98.1645235, 13.8625982], [98.1644248, 13.862686], [98.1644738, 13.8627379]]]}}, {"type": "Feature", "properties": {"osm_id": 1565648145, "building": "yes"}, "geometry": {"type": "Polygon", "coordinates": [[[98.1642431, 13.8624632], [98.1643192, 13.8625118], [98.1644025, 13.8623886], [98.1643263, 13.8623401], [98.1642431, 13.8624632]]]}}, {"type": "Feature", "properties": {"osm_id": 1565648146, "building": "yes"}, "geometry": {"type": "Polygon", "coordinates": [[[98.1642116, 13.8625118], [98.1642739, 13.8625498], [98.1642947, 13.8625177], [98.1642431, 13.8624632], [98.1642116, 13.8625118]]]}}, {"type": "Feature", "properties": {"osm_id": 1565648147, "building": "yes"}, "geometry": {"type": "Polygon", "coordinates": [[[98.1644216, 13.8622288], [98.1645056, 13.8621626], [98.1646026, 13.8622785], [98.1645185, 13.8623447], [98.1644216, 13.8622288]]]}}, {"type": "Feature", "properties": {"osm_id": 1565648148, "building": "yes"}, "geometry": {"type": "Polygon", "coordinates": [[[98.1645573, 13.8621122], [98.1646476, 13.8621335], [98.1646721, 13.8620358], [98.1645819, 13.8620144], [98.1645573, 13.8621122]]]}}, {"type": "Feature", "properties": {"osm_id": 1565648149, "building": "yes"}, "geometry": {"type": "Polygon", "coordinates": [[[98.1643599, 13.8619629], [98.164418, 13.8620093], [98.1645152, 13.8618946], [98.164457, 13.8618481], [98.1643599, 13.8619629]]]}}, {"type": "Feature", "properties": {"osm_id": 1565648150, "building": "yes"}, "geometry": {"type": "Polygon", "coordinates": [[[98.1642824, 13.8619881], [98.1644256, 13.8618083], [98.1643694, 13.861766], [98.1642261, 13.8619459], [98.1642824, 13.8619881]]]}}, {"type": "Feature", "properties": {"osm_id": 1565648151, "building": "yes"}, "geometry": {"type": "Polygon", "coordinates": [[[98.1638537, 13.8621505], [98.1639155, 13.8621805], [98.1639956, 13.8620246], [98.1639338, 13.8619947], [98.1638905, 13.8620841], [98.1638537, 13.8621505]]]}}, {"type": "Feature", "properties": {"osm_id": 1565648152, "building": "yes"}, "geometry": {"type": "Polygon", "coordinates": [[[98.1639811, 13.8622109], [98.1640162, 13.8621637], [98.1641429, 13.8622526], [98.1641079, 13.8622997], [98.1639811, 13.8622109]]]}}, {"type": "Feature", "properties": {"osm_id": 1565648153, "building": "yes"}, "geometry": {"type": "Polygon", "coordinates": [[[98.1640685, 13.8621718], [98.1641257, 13.8622154], [98.1641827, 13.8621448], [98.1641256, 13.8621013], [98.1640685, 13.8621718]]]}}, {"type": "Feature", "properties": {"osm_id": 1565648154, "building": "yes"}, "geometry": {"type": "Polygon", "coordinates": [[[98.1637883, 13.8620412], [98.1638905, 13.8620841], [98.1639445, 13.861963], [98.1638423, 13.8619201], [98.1637883, 13.8620412]]]}}, {"type": "Feature", "properties": {"osm_id": 1565648155, "building": "yes"}, "geometry": {"type": "Polygon", "coordinates": [[[98.1635842, 13.8617869], [98.1636783, 13.8618164], [98.1636183, 13.8619966], [98.1635158, 13.861992], [98.1635842, 13.8617869]]]}}, {"type": "Feature", "properties": {"osm_id": 1565648156, "building": "yes"}, "geometry": {"type": "Polygon", "coordinates": [[[98.1638146, 13.8617023], [98.1638982, 13.8617424], [98.1639693, 13.8616026], [98.1638857, 13.8615625], [98.1638146, 13.8617023]]]}}, {"type": "Feature", "properties": {"osm_id": 1565648157, "building": "yes"}, "geometry": {"type": "Polygon", "coordinates": [[[98.1636747, 13.8616096], [98.1637533, 13.8616414], [98.163809, 13.8615116], [98.1637304, 13.8614798], [98.1636747, 13.8616096]]]}}, {"type": "Feature", "properties": {"osm_id": 1565648158, "building": "yes"}, "geometry": {"type": "Polygon", "coordinates": [[[98.1635858, 13.8615557], [98.1636625, 13.861592], [98.1637106, 13.8614964], [98.1636339, 13.8614601], [98.1635858, 13.8615557]]]}}, {"type": "Feature", "properties": {"osm_id": 1565648159, "building": "yes"}, "geometry": {"type": "Polygon", "coordinates": [[[98.1632115, 13.8612397], [98.1632977, 13.8612934], [98.1633664, 13.8611892], [98.1632802, 13.8611356], [98.1632115, 13.8612397]]]}}, {"type": "Feature", "properties": {"osm_id": 1565648160, "building": "yes"}, "geometry": {"type": "Polygon", "coordinates": [[[98.1629828, 13.8615494], [98.1630793, 13.8615772], [98.1631208, 13.8614419], [98.1630242, 13.861414], [98.1629828, 13.8615494]]]}}, {"type": "Feature", "properties": {"osm_id": 1565648161, "building": "yes"}, "geometry": {"type": "Polygon", "coordinates": [[[98.1626915, 13.8615976], [98.1627253, 13.8615456], [98.162858, 13.8616134], [98.1628184, 13.8616767], [98.1626915, 13.8615976]]]}}, {"type": "Feature", "properties": {"osm_id": 1565648162, "building": "yes"}, "geometry": {"type": "Polygon", "coordinates": [[[98.1625665, 13.8617865], [98.1625992, 13.8617169], [98.1627261, 13.861773], [98.1626934, 13.8618427], [98.1625665, 13.8617865]]]}}, {"type": "Feature", "properties": {"osm_id": 1565648163, "building": "yes"}, "geometry": {"type": "Polygon", "coordinates": [[[98.1653738, 13.8615338], [98.1654006, 13.8614935], [98.1654666, 13.861535], [98.1654398, 13.8615752], [98.1653738, 13.8615338]]]}}, {"type": "Feature", "properties": {"osm_id": 1565648164, "building": "yes"}, "geometry": {"type": "Polygon", "coordinates": [[[98.1657063, 13.8617601], [98.1657424, 13.8617018], [98.1658076, 13.86174], [98.1657715, 13.8617982], [98.1657063, 13.8617601]]]}}, {"type": "Feature", "properties": {"osm_id": 1565648165, "building": "yes"}, "geometry": {"type": "Polygon", "coordinates": [[[98.1617802, 13.8628437], [98.1617995, 13.8627794], [98.1619694, 13.8628276], [98.1619526, 13.8628832], [98.1618959, 13.8628671], [98.1618798, 13.8629206], [98.1618174, 13.8629028], [98.1618309, 13.8628581], [98.1617802, 13.8628437]]]}}, {"type": "Feature", "properties": {"osm_id": 1565648166, "building": "yes"}, "geometry": {"type": "Polygon", "coordinates": [[[98.1629308, 13.86296], [98.1630232, 13.8629484], [98.1629957, 13.8627413], [98.1629033, 13.8627529], [98.1629308, 13.86296]]]}}, {"type": "Feature", "properties": {"osm_id": 1565654909, "building": "yes"}, "geometry": {"type": "Polygon", "coordinates": [[[98.1527146, 13.8817202], [98.1527214, 13.8817986], [98.1528838, 13.8817838], [98.1528626, 13.8817104], [98.1527146, 13.8817202]]]}}, {"type": "Feature", "properties": {"osm_id": 1565654910, "building": "yes"}, "geometry": {"type": "Polygon", "coordinates": [[[98.1528696, 13.881901], [98.1528723, 13.8819326], [98.1529607, 13.8819295], [98.1529607, 13.8818871], [98.1528696, 13.881901]]]}}, {"type": "Feature", "properties": {"osm_id": 1565654911, "building": "yes"}, "geometry": {"type": "Polygon", "coordinates": [[[98.1526362, 13.8820851], [98.1526351, 13.8821298], [98.1527442, 13.8821116], [98.1527396, 13.8820546], [98.1526362, 13.8820851]]]}}, {"type": "Feature", "properties": {"osm_id": 1565654912, "building": "yes"}, "geometry": {"type": "Polygon", "coordinates": [[[98.1529583, 13.8822047], [98.1529492, 13.882268], [98.15306, 13.8822637], [98.1530635, 13.8822079], [98.1529583, 13.8822047]]]}}, {"type": "Feature", "properties": {"osm_id": 1565654913, "building": "yes"}, "geometry": {"type": "Polygon", "coordinates": [[[98.1528621, 13.8814693], [98.1528558, 13.8815104], [98.1530257, 13.8815195], [98.1530275, 13.8814714], [98.1528621, 13.8814693]]]}}, {"type": "Feature", "properties": {"osm_id": 1565654914, "building": "yes"}, "geometry": {"type": "Polygon", "coordinates": [[[98.153249, 13.8823541], [98.1532348, 13.8824017], [98.153353, 13.8824363], [98.1533641, 13.8823825], [98.153249, 13.8823541]]]}}, {"type": "Feature", "properties": {"osm_id": 1565654915, "building": "yes"}, "geometry": {"type": "Polygon", "coordinates": [[[98.1529719, 13.8816645], [98.1529713, 13.8817244], [98.153117, 13.8817067], [98.1531141, 13.8816415], [98.1529719, 13.8816645]]]}}, {"type": "Feature", "properties": {"osm_id": 1565654916, "building": "yes"}, "geometry": {"type": "Polygon", "coordinates": [[[98.1532504, 13.8827339], [98.1533321, 13.8827437], [98.1533418, 13.8826183], [98.1532666, 13.8826229], [98.1532504, 13.8827339]]]}}, {"type": "Feature", "properties": {"osm_id": 1565654917, "building": "yes"}, "geometry": {"type": "Polygon", "coordinates": [[[98.1533704, 13.8826831], [98.1534435, 13.8826783], [98.1534363, 13.8825776], [98.1533638, 13.8825892], [98.1533704, 13.8826831]]]}}, {"type": "Feature", "properties": {"osm_id": 1565654918, "building": "yes"}, "geometry": {"type": "Polygon", "coordinates": [[[98.1535532, 13.88231], [98.1536217, 13.8823093], [98.1536151, 13.8822042], [98.1535456, 13.882205], [98.1535532, 13.88231]]]}}, {"type": "Feature", "properties": {"osm_id": 1565654919, "building": "yes"}, "geometry": {"type": "Polygon", "coordinates": [[[98.1533266, 13.8820818], [98.1533278, 13.8821225], [98.1534245, 13.8821131], [98.1534227, 13.882065], [98.1533266, 13.8820818]]]}}, {"type": "Feature", "properties": {"osm_id": 1565654920, "building": "yes"}, "geometry": {"type": "Polygon", "coordinates": [[[98.1537889, 13.8818423], [98.1538606, 13.8818238], [98.1538307, 13.8817154], [98.1537576, 13.8817411], [98.1537889, 13.8818423]]]}}, {"type": "Feature", "properties": {"osm_id": 1565654921, "building": "yes"}, "geometry": {"type": "Polygon", "coordinates": [[[98.1530381, 13.8828054], [98.1531454, 13.8828613], [98.153166, 13.8828042], [98.1530496, 13.8827604], [98.1530381, 13.8828054]]]}}, {"type": "Feature", "properties": {"osm_id": 1565654922, "building": "yes"}, "geometry": {"type": "Polygon", "coordinates": [[[98.1532582, 13.8822965], [98.1532538, 13.8823407], [98.1533478, 13.882357], [98.153368, 13.8822765], [98.1532627, 13.8822647], [98.1532582, 13.8822965]]]}}, {"type": "Feature", "properties": {"osm_id": 1565654923, "building": "yes"}, "geometry": {"type": "Polygon", "coordinates": [[[98.152724, 13.8819029], [98.152731, 13.8819634], [98.1528161, 13.8819593], [98.1528136, 13.8818905], [98.152724, 13.8819029]]]}}, {"type": "Feature", "properties": {"osm_id": 1565654924, "building": "yes"}, "geometry": {"type": "Polygon", "coordinates": [[[98.1525415, 13.8815816], [98.152691, 13.8815838], [98.1526859, 13.8815154], [98.1525575, 13.8815047], [98.1525415, 13.8815816]]]}}, {"type": "Feature", "properties": {"osm_id": 1565654925, "building": "yes"}, "geometry": {"type": "Polygon", "coordinates": [[[98.1537842, 13.8816244], [98.153869, 13.8816195], [98.1538606, 13.8815192], [98.1537774, 13.8815262], [98.1537842, 13.8816244]]]}}, {"type": "Feature", "properties": {"osm_id": 1565654926, "building": "yes"}, "geometry": {"type": "Polygon", "coordinates": [[[98.1539417, 13.8815821], [98.1540152, 13.8815834], [98.1540095, 13.8814617], [98.1539314, 13.8814802], [98.1539417, 13.8815821]]]}}, {"type": "Feature", "properties": {"osm_id": 1565654927, "building": "yes"}, "geometry": {"type": "Polygon", "coordinates": [[[98.1536602, 13.8818295], [98.1537304, 13.8818271], [98.1537018, 13.881715], [98.15363, 13.8817243], [98.1536602, 13.8818295]]]}}, {"type": "Feature", "properties": {"osm_id": 1565654928, "building": "yes"}, "geometry": {"type": "Polygon", "coordinates": [[[98.1541577, 13.8820122], [98.1542256, 13.8820116], [98.1542098, 13.8818861], [98.1541487, 13.8818866], [98.1541577, 13.8820122]]]}}, {"type": "Feature", "properties": {"osm_id": 1565654929, "building": "yes"}, "geometry": {"type": "Polygon", "coordinates": [[[98.1543032, 13.8819806], [98.1543829, 13.8819806], [98.154376, 13.8818855], [98.1542976, 13.8819009], [98.1543032, 13.8819806]]]}}, {"type": "Feature", "properties": {"osm_id": 1565654930, "building": "yes"}, "geometry": {"type": "Polygon", "coordinates": [[[98.1544386, 13.8815459], [98.1544386, 13.8815878], [98.1545763, 13.8815947], [98.1545763, 13.8815425], [98.1544386, 13.8815459]]]}}, {"type": "Feature", "properties": {"osm_id": 1565654931, "building": "yes"}, "geometry": {"type": "Polygon", "coordinates": [[[98.1539732, 13.8818149], [98.1540221, 13.8818172], [98.1540038, 13.8816883], [98.1539573, 13.8816959], [98.1539732, 13.8818149]]]}}, {"type": "Feature", "properties": {"osm_id": 1565654932, "building": "yes"}, "geometry": {"type": "Polygon", "coordinates": [[[98.153707, 13.8819981], [98.1537694, 13.8819992], [98.1537596, 13.8819221], [98.1536894, 13.8819324], [98.153707, 13.8819981]]]}}, {"type": "Feature", "properties": {"osm_id": 1565654933, "building": "yes"}, "geometry": {"type": "Polygon", "coordinates": [[[98.1539764, 13.8819894], [98.1540358, 13.8819948], [98.1540229, 13.8818918], [98.1539624, 13.8819014], [98.1539764, 13.8819894]]]}}, {"type": "Feature", "properties": {"osm_id": 1565654934, "building": "yes"}, "geometry": {"type": "Polygon", "coordinates": [[[98.1538125, 13.8822919], [98.1538974, 13.8822831], [98.153879, 13.8822067], [98.1537986, 13.882216], [98.1538125, 13.8822919]]]}}, {"type": "Feature", "properties": {"osm_id": 1565654935, "building": "yes"}, "geometry": {"type": "Polygon", "coordinates": [[[98.1541058, 13.881446], [98.1541069, 13.8814989], [98.1542527, 13.8814941], [98.1542399, 13.8814344], [98.1541058, 13.881446]]]}}, {"type": "Feature", "properties": {"osm_id": 1565654936, "building": "yes"}, "geometry": {"type": "Polygon", "coordinates": [[[98.1540819, 13.8816059], [98.1542018, 13.8816024], [98.1542018, 13.8815121], [98.154098, 13.8815143], [98.1540819, 13.8816059]]]}}, {"type": "Feature", "properties": {"osm_id": 1565654937, "building": "yes"}, "geometry": {"type": "Polygon", "coordinates": [[[98.1542354, 13.8816074], [98.1542815, 13.8816079], [98.154281, 13.8815862], [98.1542354, 13.8815845], [98.1542354, 13.8816074]]]}}, {"type": "Feature", "properties": {"osm_id": 1565654938, "building": "yes"}, "geometry": {"type": "Polygon", "coordinates": [[[98.1541265, 13.8809198], [98.1541276, 13.8809692], [98.1542456, 13.8809664], [98.1542387, 13.88089], [98.1541265, 13.8809198]]]}}, {"type": "Feature", "properties": {"osm_id": 1565654939, "building": "yes"}, "geometry": {"type": "Polygon", "coordinates": [[[98.1545047, 13.8810501], [98.1545027, 13.8811242], [98.1545822, 13.8811214], [98.154581, 13.8810499], [98.1545047, 13.8810501]]]}}, {"type": "Feature", "properties": {"osm_id": 1565654940, "building": "yes"}, "geometry": {"type": "Polygon", "coordinates": [[[98.1544402, 13.8814163], [98.1544462, 13.8814725], [98.1545593, 13.8814718], [98.1545554, 13.8814073], [98.1544402, 13.8814163]]]}}, {"type": "Feature", "properties": {"osm_id": 1565654941, "building": "yes"}, "geometry": {"type": "Polygon", "coordinates": [[[98.1529419, 13.8809506], [98.1530803, 13.8809783], [98.1530846, 13.8809489], [98.1529534, 13.8809098], [98.1529419, 13.8809506]]]}}, {"type": "Feature", "properties": {"osm_id": 1565654942, "building": "yes"}, "geometry": {"type": "Polygon", "coordinates": [[[98.152941, 13.8811096], [98.1530834, 13.8811216], [98.153084, 13.8810828], [98.152953, 13.8810653], [98.152941, 13.8811096]]]}}, {"type": "Feature", "properties": {"osm_id": 1565655803, "building": "yes"}, "geometry": {"type": "Polygon", "coordinates": [[[98.1734234, 13.8834487], [98.1734795, 13.8834494], [98.173478, 13.8834071], [98.1734198, 13.8834078], [98.1734234, 13.8834487]]]}}, {"type": "Feature", "properties": {"osm_id": 1565655804, "building": "yes"}, "geometry": {"type": "Polygon", "coordinates": [[[98.1732007, 13.8857583], [98.1732626, 13.8857583], [98.1732655, 13.8857014], [98.1732036, 13.8857052], [98.1732007, 13.8857583]]]}}, {"type": "Feature", "properties": {"osm_id": 1565655805, "building": "yes"}, "geometry": {"type": "Polygon", "coordinates": [[[98.173375, 13.8855794], [98.1733663, 13.8856119], [98.1733996, 13.8856119], [98.1734057, 13.8855694], [98.173375, 13.8855794]]]}}, {"type": "Feature", "properties": {"osm_id": 1565655806, "building": "yes"}, "geometry": {"type": "Polygon", "coordinates": [[[98.1735164, 13.8855462], [98.1735686, 13.8855444], [98.1735686, 13.8854958], [98.173511, 13.8854943], [98.1735164, 13.8855462]]]}}, {"type": "Feature", "properties": {"osm_id": 1565655807, "building": "yes"}, "geometry": {"type": "Polygon", "coordinates": [[[98.1720989, 13.8860923], [98.1721812, 13.886103], [98.1721812, 13.8860639], [98.1721226, 13.8860543], [98.1720989, 13.8860923]]]}}, {"type": "Feature", "properties": {"osm_id": 1565655808, "building": "yes"}, "geometry": {"type": "Polygon", "coordinates": [[[98.1703747, 13.8859261], [98.1704559, 13.8859237], [98.1704486, 13.8858393], [98.1703658, 13.8858361], [98.1703747, 13.8859261]]]}}, {"type": "Feature", "properties": {"osm_id": 1565655809, "building": "yes"}, "geometry": {"type": "Polygon", "coordinates": [[[98.1721465, 13.8895522], [98.1721903, 13.8895531], [98.1721903, 13.8895159], [98.1721478, 13.8895142], [98.1721465, 13.8895522]]]}}, {"type": "Feature", "properties": {"osm_id": 1565655810, "building": "yes"}, "geometry": {"type": "Polygon", "coordinates": [[[98.1731509, 13.8905775], [98.1732228, 13.8905817], [98.1732174, 13.8905432], [98.1731702, 13.8905424], [98.1731509, 13.8905775]]]}}, {"type": "Feature", "properties": {"osm_id": 1565655811, "building": "yes"}, "geometry": {"type": "Polygon", "coordinates": [[[98.1727196, 13.8912219], [98.1727695, 13.8912404], [98.1727893, 13.8911965], [98.172742, 13.8911747], [98.1727196, 13.8912219]]]}}, {"type": "Feature", "properties": {"osm_id": 1565655812, "building": "yes"}, "geometry": {"type": "Polygon", "coordinates": [[[98.1734004, 13.8916618], [98.1734605, 13.8916719], [98.1734681, 13.8916186], [98.1734154, 13.8916125], [98.1734004, 13.8916618]]]}}, {"type": "Feature", "properties": {"osm_id": 1565655813, "building": "yes"}, "geometry": {"type": "Polygon", "coordinates": [[[98.1728523, 13.8937649], [98.1729171, 13.8937704], [98.1729171, 13.8937346], [98.1728596, 13.8937163], [98.1728523, 13.8937649]]]}}, {"type": "Feature", "properties": {"osm_id": 1565655814, "building": "yes"}, "geometry": {"type": "Polygon", "coordinates": [[[98.173095, 13.8938669], [98.1731673, 13.8938669], [98.1731645, 13.8938272], [98.1730767, 13.8938146], [98.173095, 13.8938669]]]}}, {"type": "Feature", "properties": {"osm_id": 1565655815, "building": "yes"}, "geometry": {"type": "Polygon", "coordinates": [[[98.1719841, 13.8953418], [98.1720451, 13.8953473], [98.1720526, 13.8952857], [98.1719809, 13.8952869], [98.1719841, 13.8953418]]]}}, {"type": "Feature", "properties": {"osm_id": 1565655816, "building": "yes"}, "geometry": {"type": "Polygon", "coordinates": [[[98.1723411, 13.8959999], [98.1724135, 13.8959833], [98.1724064, 13.895945], [98.1723595, 13.895945], [98.1723411, 13.8959999]]]}}, {"type": "Feature", "properties": {"osm_id": 1565655817, "building": "yes"}, "geometry": {"type": "Polygon", "coordinates": [[[98.1714074, 13.8956741], [98.1714813, 13.8956751], [98.1714778, 13.8956209], [98.171397, 13.8956265], [98.1714074, 13.8956741]]]}}, {"type": "Feature", "properties": {"osm_id": 1565655818, "building": "yes"}, "geometry": {"type": "Polygon", "coordinates": [[[98.1713277, 13.8946536], [98.1714096, 13.8946519], [98.1714038, 13.8945838], [98.171318, 13.8945857], [98.1713277, 13.8946536]]]}}, {"type": "Feature", "properties": {"osm_id": 1565655819, "building": "yes"}, "geometry": {"type": "Polygon", "coordinates": [[[98.1708031, 13.8955337], [98.1708779, 13.8955374], [98.1708793, 13.8954809], [98.1708187, 13.8954809], [98.1708031, 13.8955337]]]}}, {"type": "Feature", "properties": {"osm_id": 1565655820, "building": "yes"}, "geometry": {"type": "Polygon", "coordinates": [[[98.1722666, 13.8973547], [98.1723455, 13.8973556], [98.1723428, 13.8973241], [98.1722732, 13.8973112], [98.1722666, 13.8973547]]]}}]}