bid,source,src_id,area_m2,overlap,overlap_outwash,dist_m,landslide,f_veg,f_soil,f_grey,f_dark,status,status_auto,note,reach,site,flight
TBY-B0000,OSM,1370879260,111.2,0.0,0.0,500.0,,0.012,0.373,0.598,0.017,clear,clear,,,Tha Byar,
TBY-B0001,OSM,1370879261,235.3,0.0,0.0,724.8,,0.61,0.015,0.374,0.0,clear,clear,,,Tha Byar,
TBY-B0002,OSM,1370881756,112.6,0.0,0.0,514.8,,0.382,0.164,0.454,0.0,clear,clear,,,Tha Byar,
TBY-B0003,OSM,1370881757,104.0,0.0,0.0,492.2,,0.306,0.353,0.341,0.0,clear,clear,,,Tha Byar,
TBY-B0004,OSM,1370881758,63.3,0.0,0.0,529.2,,0.011,0.502,0.486,0.0,clear,clear,,,Tha Byar,
TBY-B0005,OSM,1370881759,117.2,0.0,0.0,516.0,,0.057,0.022,0.919,0.002,clear,clear,,,Tha Byar,
TBY-B0006,OSM,1370881760,76.5,0.0,0.0,546.4,,0.087,0.09,0.809,0.014,clear,clear,,,Tha Byar,
TBY-B0007,OSM,1370881761,124.7,0.0,0.0,556.0,,0.215,0.466,0.317,0.003,clear,clear,,,Tha Byar,
TBY-B0008,OSM,1370881762,148.3,0.0,0.0,541.2,,0.193,0.377,0.427,0.003,clear,clear,,,Tha Byar,
TBY-B0009,OSM,1370881763,205.5,0.0,0.0,614.3,,0.395,0.384,0.217,0.004,clear,clear,,,Tha Byar,
TBY-B0010,OSM,1370881764,83.7,0.0,0.0,578.5,,0.009,0.131,0.86,0.0,clear,clear,,,Tha Byar,
TBY-B0011,OSM,1370881765,75.3,0.0,0.0,593.8,,0.017,0.351,0.632,0.0,clear,clear,,,Tha Byar,
TBY-B0012,OSM,1370881766,85.7,0.0,0.0,633.2,,0.164,0.116,0.72,0.0,clear,clear,,,Tha Byar,
TBY-B0013,OSM,1370881767,73.4,0.0,0.0,639.4,,0.115,0.09,0.793,0.002,clear,clear,,,Tha Byar,
TBY-B0014,OSM,1370881768,228.9,0.0,0.0,602.1,,0.604,0.084,0.311,0.001,clear,clear,,,Tha Byar,
TBY-B0015,OSM,1370881769,134.7,0.0,0.0,632.9,,0.01,0.921,0.069,0.0,clear,clear,,,Tha Byar,
TBY-B0016,OSM,1370881770,209.8,0.0,0.0,652.3,,0.192,0.508,0.301,0.0,clear,clear,,,Tha Byar,
TBY-B0017,OSM,1370881771,161.5,0.0,0.0,702.2,,0.446,0.486,0.067,0.001,clear,clear,,,Tha Byar,
TBY-B0018,OSM,1370881772,189.1,0.0,0.0,709.5,,0.398,0.197,0.395,0.011,clear,clear,,,Tha Byar,
TBY-B0023,VIDA/microsoft,002200000000000006ee,106.2,0.0,0.369,331.1,,0.021,0.024,0.911,0.044,outwash,outwash,,,Tha Byar,
TBY-B0024,VIDA/microsoft,00220000000000000990,90.2,0.0,0.346,135.0,,0.022,0.038,0.686,0.254,outwash,outwash,,,Tha Byar,
TBY-B0026,VIDA/microsoft,00220000000000000e87,104.0,0.0,0.0,120.1,,0.184,0.293,0.5,0.023,clear,clear,,,Tha Byar,
TBY-B0029,VIDA/microsoft,002200000000000017bd,31.7,0.0,0.0,347.9,,0.516,0.321,0.163,0.0,clear,clear,,,Tha Byar,
TBY-B0030,VIDA/microsoft,00220000000000001c47,52.2,0.0,0.0,567.5,,0.062,0.003,0.936,0.0,clear,clear,,,Tha Byar,
TBY-B0031,VIDA/microsoft,00220000000000001c53,53.1,0.0,0.004,294.8,,0.373,0.014,0.582,0.031,clear,clear,,,Tha Byar,
TBY-B0032,VIDA/microsoft,00220000000000001d6d,149.5,0.0,0.375,274.4,,0.005,0.083,0.884,0.028,outwash,outwash,,,Tha Byar,
TBY-B0033,VIDA/microsoft,002200000000000021a2,139.3,0.0,0.099,191.0,,0.075,0.04,0.696,0.189,clear,clear,,,Tha Byar,
TBY-B0034,VIDA/microsoft,0022000000000000273e,115.3,0.0,0.0,106.1,,0.001,0.028,0.964,0.007,clear,clear,,,Tha Byar,
TBY-B0035,VIDA/microsoft,0022000000000000295b,29.0,0.0,0.0,742.1,,0.0,0.0,1.0,0.0,clear,clear,,,Tha Byar,
TBY-B0036,VIDA/microsoft,00220000000000002f14,189.3,0.0,0.238,296.5,,0.187,0.011,0.752,0.049,clear,clear,,,Tha Byar,
TBY-B0037,VIDA/microsoft,00220000000000003082,79.9,0.0,0.0,15.3,,0.039,0.54,0.34,0.082,clear,clear,,,Tha Byar,
TBY-B0038,VIDA/microsoft,00220000000000003287,48.7,0.0,0.0,859.3,,1.0,0.0,0.0,0.0,clear,clear,,,Tha Byar,
TBY-B0039,VIDA/microsoft,00220000000000003b64,26.7,0.0,0.0,23.5,,0.963,0.0,0.026,0.011,clear,clear,,A,Tha Byar,
TBY-B0040,VIDA/microsoft,002200000000000044dc,60.1,1.0,0.0,0.0,TB-01,0.0,0.989,0.011,0.0,destroyed,destroyed,,,Tha Byar,
TBY-B0042,VIDA/microsoft,00220000000000004e8a,50.9,0.0,0.072,327.5,,0.869,0.0,0.049,0.081,clear,clear,,,Tha Byar,
TBY-B0043,VIDA/microsoft,00220000000000004f42,83.4,0.0,0.0,438.3,,0.117,0.045,0.83,0.008,clear,clear,,,Tha Byar,
TBY-B0044,VIDA/microsoft,0022000000000000543c,123.8,0.0,0.099,155.5,,0.229,0.726,0.044,0.001,clear,clear,,,Tha Byar,
TBY-B0046,VIDA/microsoft,00220000000000005a3d,33.3,0.0,0.0,324.6,,0.649,0.075,0.23,0.046,clear,clear,,,Tha Byar,
TBY-B0047,VIDA/microsoft,00220000000000005d20,76.4,0.0,0.0,817.1,,0.022,0.084,0.894,0.0,clear,clear,,,Tha Byar,
TBY-B0048,VIDA/microsoft,00220000000000005f9c,68.2,0.0,0.0,407.6,,0.001,0.0,0.999,0.0,clear,clear,,,Tha Byar,
TBY-B0049,VIDA/microsoft,00220000000000006605,118.4,0.0,0.378,303.8,,0.0,0.17,0.826,0.004,outwash,outwash,,,Tha Byar,
TBY-B0050,VIDA/microsoft,00220000000000006762,112.7,0.0,0.45,326.5,,0.019,0.019,0.929,0.033,outwash,outwash,,,Tha Byar,
TBY-B0051,VIDA/microsoft,00220000000000006905,23.8,0.0,0.0,553.0,,1.0,0.0,0.0,0.0,clear,clear,,,Tha Byar,
TBY-B0052,VIDA/microsoft,00220000000000006947,352.5,0.0,0.0,177.1,,0.002,0.201,0.789,0.008,clear,clear,,,Tha Byar,
TBY-B0053,VIDA/microsoft,00220000000000006bc4,47.0,0.0,0.0,504.3,,0.036,0.343,0.62,0.001,clear,clear,,,Tha Byar,
TBY-B0054,VIDA/microsoft,00220000000000006ce5,50.4,0.0,0.226,73.8,,0.008,0.148,0.841,0.002,clear,clear,,,Tha Byar,
TBY-B0055,VIDA/microsoft,00220000000000006f9f,51.5,0.0,0.188,17.3,,0.0,1.0,0.0,0.0,clear,clear,,,Tha Byar,
TBY-B0056,VIDA/microsoft,00220000000000007264,118.7,0.0,0.424,335.8,,0.09,0.506,0.4,0.004,outwash,outwash,,,Tha Byar,
TBY-B0058,VIDA/microsoft,00220000000000007bdd,17.4,0.0,0.0,399.0,,0.893,0.0,0.107,0.0,clear,clear,,,Tha Byar,
TBY-B0059,VIDA/microsoft,00220000000000007dfa,115.0,0.0,0.413,210.4,,0.05,0.017,0.747,0.185,outwash,outwash,,,Tha Byar,
TBY-B0060,VIDA/microsoft,00220000000000007f16,72.6,0.0,0.0,696.5,,0.049,0.436,0.515,0.0,clear,clear,,,Tha Byar,
TBY-B0061,VIDA/microsoft,00220000000000007fd6,23.1,0.0,0.061,282.5,,0.269,0.219,0.287,0.225,clear,clear,,,Tha Byar,
TBY-B0062,VIDA/microsoft,0022000000000000875d,86.4,0.0,0.0,99.2,,0.0,0.0,1.0,0.0,clear,clear,,,Tha Byar,
TBY-B0063,VIDA/microsoft,00220000000000008ab9,54.8,0.0,0.0,444.7,,1.0,0.0,0.0,0.0,clear,clear,,,Tha Byar,
TBY-B0064,VIDA/microsoft,00220000000000009424,71.9,0.0,0.0,770.2,,0.41,0.177,0.412,0.0,clear,clear,,,Tha Byar,
TBY-B0065,VIDA/microsoft,002200000000000095f6,100.8,0.0,0.192,409.1,,0.042,0.015,0.942,0.0,clear,clear,,,Tha Byar,
TBY-B0066,VIDA/microsoft,002200000000000098c3,113.6,0.0,0.563,212.0,,0.039,0.956,0.005,0.0,destroyed,outwash,Chip review: a dark roof on 10 Jan 2026; only sand at the toe of the debris fan on 5 Oct.,,Tha Byar,
TBY-B0067,VIDA/microsoft,00220000000000009ce3,132.6,0.0,0.0,756.7,,0.998,0.001,0.001,0.0,clear,clear,,,Tha Byar,
TBY-B0068,VIDA/microsoft,0022000000000000a3be,85.7,0.0,0.229,322.5,,0.402,0.497,0.093,0.008,clear,clear,,,Tha Byar,
TBY-B0069,VIDA/microsoft,0022000000000000a77b,123.5,0.0,0.574,312.9,,0.007,0.007,0.901,0.086,outwash,outwash,,,Tha Byar,
TBY-B0070,VIDA/microsoft,0022000000000000acc6,70.0,0.0,0.0,477.4,,0.0,0.06,0.94,0.0,clear,clear,,,Tha Byar,
TBY-B0071,VIDA/microsoft,0022000000000000b86b,84.0,0.0,0.261,452.2,,0.028,0.009,0.96,0.003,clear,clear,,,Tha Byar,
TBY-B0072,VIDA/microsoft,0022000000000000bbe4,147.1,0.0,0.0,599.6,,0.099,0.033,0.868,0.0,clear,clear,,,Tha Byar,
TBY-B0073,VIDA/microsoft,0022000000000000bc2d,82.2,0.0,0.0,593.9,,0.193,0.0,0.807,0.0,clear,clear,,,Tha Byar,
TBY-B0074,VIDA/microsoft,0022000000000000bea5,76.1,0.0,0.0,863.5,,0.58,0.0,0.419,0.001,clear,clear,,,Tha Byar,
TBY-B0075,VIDA/microsoft,0022000000000000c52d,162.3,0.0,0.0,557.8,,0.082,0.112,0.806,0.0,clear,clear,,,Tha Byar,
TBY-B0076,VIDA/microsoft,0022000000000000ca2e,56.7,0.0,0.244,336.4,,0.623,0.01,0.367,0.0,clear,clear,,,Tha Byar,
TBY-B0077,VIDA/microsoft,0022000000000000cb1e,59.9,0.0,0.0,11.1,,0.001,0.136,0.863,0.0,clear,clear,,,Tha Byar,
TBY-B0078,VIDA/microsoft,0022000000000000cd31,26.6,0.0,0.0,755.7,,0.198,0.417,0.385,0.0,clear,clear,,,Tha Byar,
TBY-B0079,VIDA/microsoft,0022000000000000ceca,61.4,0.0,0.0,299.8,,0.002,0.007,0.988,0.003,clear,clear,,,Tha Byar,
TBY-B0080,VIDA/microsoft,0022000000000000d07d,87.6,0.0,0.632,316.3,,0.018,0.042,0.94,0.0,outwash,outwash,,,Tha Byar,
TBY-B0081,VIDA/microsoft,0022000000000000d4fe,117.5,0.0,0.278,271.7,,0.0,0.121,0.834,0.045,clear,clear,,,Tha Byar,
TBY-B0082,VIDA/microsoft,0022000000000000d83a,106.0,0.0,0.576,255.1,,0.007,0.012,0.981,0.0,outwash,outwash,,,Tha Byar,
TBY-B0083,VIDA/microsoft,0022000000000000e2aa,87.4,0.0,0.0,40.5,,0.0,0.011,0.986,0.002,clear,clear,,,Tha Byar,
TBY-B0084,VIDA/microsoft,0022000000000000e384,41.9,0.0,0.451,442.2,,0.0,0.52,0.48,0.0,outwash,outwash,,,Tha Byar,
TBY-B0085,VIDA/microsoft,0022000000000000e80f,61.9,0.0,0.0,457.5,,0.533,0.217,0.249,0.0,clear,clear,,,Tha Byar,
TBY-B0086,VIDA/microsoft,0022000000000000eb10,22.5,0.0,0.224,25.9,,0.928,0.035,0.034,0.003,clear,clear,,,Tha Byar,
TBY-B0087,VIDA/microsoft,0022000000000000ed10,87.4,0.0,0.0,581.8,,0.668,0.134,0.198,0.0,clear,clear,,,Tha Byar,
TBY-B0088,VIDA/microsoft,0022000000000000f661,103.0,1.0,0.0,0.0,TB-01,0.03,0.636,0.334,0.0,damaged,damaged,,,Tha Byar,
TBY-B0089,VIDA/microsoft,0022000000000000fe4e,72.0,0.0,0.0,471.5,,0.0,0.189,0.811,0.0,clear,clear,,,Tha Byar,
TBY-B0091,VIDA/microsoft,002200000000000106dc,102.4,0.0,0.6,116.9,,0.021,0.075,0.875,0.029,outwash,outwash,,,Tha Byar,
TBY-B0092,VIDA/microsoft,002200000000000107f2,26.2,0.0,0.0,865.3,,0.561,0.003,0.427,0.008,clear,clear,,,Tha Byar,
TBY-B0093,VIDA/microsoft,00220000000000011554,164.1,0.0,0.0,188.1,,0.077,0.0,0.878,0.045,clear,clear,,,Tha Byar,
TBY-B0094,VIDA/microsoft,00220000000000011a91,22.6,0.0,0.0,488.0,,0.989,0.011,0.0,0.0,clear,clear,,,Tha Byar,
TBY-B0095,VIDA/microsoft,00220000000000011d8e,41.7,0.0,0.0,217.0,,1.0,0.0,0.0,0.0,clear,clear,,,Tha Byar,
TBY-B0096,VIDA/microsoft,002200000000000120b2,72.0,0.0,0.0,576.4,,0.349,0.0,0.651,0.0,clear,clear,,,Tha Byar,
TBY-B0097,VIDA/microsoft,0022000000000001221e,33.2,0.0,0.0,580.8,,1.0,0.0,0.0,0.0,clear,clear,,,Tha Byar,
TBY-B0098,VIDA/microsoft,00220000000000012254,86.6,0.0,0.0,303.7,,0.201,0.265,0.468,0.066,clear,clear,,,Tha Byar,
TBY-B0099,VIDA/microsoft,00220000000000012837,92.5,0.0,0.0,748.2,,0.201,0.003,0.792,0.003,clear,clear,,,Tha Byar,
TBY-B0100,VIDA/microsoft,00220000000000012947,106.4,0.0,0.532,303.9,,0.0,0.002,0.998,0.0,outwash,outwash,,,Tha Byar,
TBY-B0101,VIDA/microsoft,00220000000000012c2d,36.4,0.0,0.002,471.6,,0.852,0.039,0.108,0.002,clear,clear,,,Tha Byar,
TBY-B0102,VIDA/microsoft,00220000000000012cdb,113.6,0.0,0.0,598.2,,0.476,0.158,0.366,0.0,clear,clear,,,Tha Byar,
TBY-B0103,VIDA/microsoft,00220000000000013629,150.0,0.0,0.457,230.5,,0.018,0.11,0.847,0.025,outwash,outwash,,,Tha Byar,
TBY-B0104,VIDA/microsoft,00220000000000013727,144.0,0.0,0.243,404.1,,0.008,0.0,0.985,0.007,clear,clear,,,Tha Byar,
TBY-B0105,VIDA/microsoft,00220000000000013dcc,85.0,0.0,0.0,442.0,,0.068,0.004,0.928,0.0,clear,clear,,,Tha Byar,
TBY-B0106,VIDA/microsoft,00220000000000014d3a,84.1,0.0,0.0,232.2,,0.035,0.074,0.892,0.0,clear,clear,,,Tha Byar,
TBY-B0107,VIDA/microsoft,00220000000000015160,73.1,0.0,0.0,454.8,,0.092,0.026,0.88,0.003,clear,clear,,,Tha Byar,
TBY-B0108,VIDA/microsoft,00220000000000015438,70.0,0.0,0.0,417.4,,0.0,0.698,0.301,0.0,clear,clear,,,Tha Byar,
TBY-B0109,VIDA/microsoft,0022000000000001543b,106.9,0.0,0.0,34.5,,0.53,0.125,0.331,0.015,clear,clear,,,Tha Byar,
TBY-B0110,VIDA/microsoft,0022000000000001584c,77.0,0.0,0.497,73.8,,0.008,0.061,0.897,0.035,outwash,outwash,,,Tha Byar,
TBY-B0111,VIDA/microsoft,00220000000000015aa3,56.6,0.0,0.0,572.8,,0.544,0.0,0.454,0.001,clear,clear,,,Tha Byar,
TBY-B0112,VIDA/microsoft,00220000000000015b62,74.3,0.0,0.0,592.4,,0.0,0.003,0.997,0.0,clear,clear,,,Tha Byar,
TBY-B0113,VIDA/microsoft,00220000000000015c89,102.5,0.0,0.0,433.8,,0.003,0.024,0.949,0.024,clear,clear,,,Tha Byar,
TBY-B0114,VIDA/microsoft,00220000000000016862,32.6,0.0,0.0,105.9,,0.0,0.0,1.0,0.0,clear,clear,,,Tha Byar,
TBY-B0115,VIDA/microsoft,00220000000000016944,76.5,0.0,0.0,214.2,,0.001,0.064,0.927,0.008,clear,clear,,,Tha Byar,
TBY-B0116,VIDA/microsoft,00220000000000016e20,116.9,0.0,0.0,501.4,,0.005,0.089,0.899,0.007,clear,clear,,,Tha Byar,
TBY-B0117,VIDA/microsoft,00220000000000016ec3,65.5,0.0,0.0,641.9,,0.442,0.376,0.182,0.0,clear,clear,,,Tha Byar,
TBY-B0120,VIDA/microsoft,00220000000000017742,110.5,0.0,0.0,479.8,,0.0,0.0,0.987,0.012,clear,clear,,,Tha Byar,
TBY-B0121,VIDA/microsoft,00220000000000017af7,112.7,0.0,0.0,273.3,,0.169,0.094,0.719,0.018,clear,clear,,,Tha Byar,
TBY-B0123,VIDA/microsoft,0022000000000001837f,62.7,0.0,0.0,72.3,,0.055,0.0,0.944,0.001,clear,clear,,,Tha Byar,
TBY-B0125,VIDA/microsoft,00220000000000018b7e,27.8,0.0,0.273,196.3,,0.169,0.826,0.001,0.004,clear,clear,,,Tha Byar,
TBY-B0126,VIDA/microsoft,00220000000000018dc9,107.9,0.0,0.0,643.4,,0.0,0.0,1.0,0.0,clear,clear,,,Tha Byar,
TBY-B0127,VIDA/microsoft,00220000000000018ee0,41.1,0.0,0.0,722.9,,0.998,0.0,0.001,0.001,clear,clear,,,Tha Byar,
TBY-B0128,VIDA/microsoft,00220000000000019149,57.2,0.0,0.0,655.7,,0.767,0.218,0.015,0.0,clear,clear,,,Tha Byar,
TBY-B0130,VIDA/microsoft,0022000000000001958d,155.2,0.0,0.0,477.5,,0.374,0.0,0.619,0.008,clear,clear,,,Tha Byar,
TBY-B0131,VIDA/microsoft,0022000000000001959c,59.2,0.0,0.0,11.0,,0.0,0.0,1.0,0.0,clear,clear,,,Tha Byar,
TBY-B0132,VIDA/microsoft,0022000000000001a0a4,66.8,0.0,0.0,453.1,,0.411,0.004,0.584,0.0,clear,clear,,,Tha Byar,
TBY-B0133,VIDA/microsoft,0022000000000001a3b3,123.2,0.0,0.049,420.0,,0.527,0.077,0.396,0.0,clear,clear,,,Tha Byar,
TBY-B0134,VIDA/microsoft,0022000000000001a79a,54.8,0.0,0.0,425.7,,0.004,0.005,0.988,0.003,clear,clear,,,Tha Byar,
TBY-B0135,VIDA/microsoft,0022000000000001a8eb,62.3,0.0,0.0,182.4,,0.125,0.148,0.712,0.015,clear,clear,,,Tha Byar,
TBY-B0136,VIDA/microsoft,0022000000000001ad11,67.4,1.0,0.0,0.0,TB-01,0.001,0.079,0.898,0.022,damaged,damaged,,,Tha Byar,
TBY-B0137,VIDA/microsoft,0022000000000001b71d,35.5,0.0,0.092,209.4,,0.984,0.011,0.004,0.001,clear,clear,,,Tha Byar,
TBY-B0138,VIDA/microsoft,0022000000000001ba24,60.0,0.0,0.414,287.0,,0.106,0.0,0.875,0.019,outwash,outwash,,,Tha Byar,
TBY-B0139,VIDA/microsoft,0022000000000001ba36,84.5,0.0,0.595,309.5,,0.003,0.058,0.904,0.035,outwash,outwash,,,Tha Byar,
TBY-B0140,VIDA/microsoft,0022000000000001ba6a,67.3,0.0,0.0,99.5,,0.001,0.104,0.882,0.013,clear,clear,,,Tha Byar,
TBY-B0141,VIDA/microsoft,0022000000000001c543,68.9,0.0,0.0,395.3,,0.216,0.03,0.753,0.001,clear,clear,,,Tha Byar,
TBY-B0142,VIDA/microsoft,0022000000000001c766,100.6,0.0,0.0,502.8,,0.156,0.0,0.771,0.074,clear,clear,,,Tha Byar,
TBY-B0143,VIDA/microsoft,0022000000000001cf07,17.3,0.0,0.0,491.7,,0.291,0.421,0.288,0.0,clear,clear,,,Tha Byar,
TBY-B0144,VIDA/microsoft,0022000000000001d2a7,60.3,0.0,0.0,341.1,,0.035,0.0,0.965,0.0,clear,clear,,,Tha Byar,
TBY-B0145,VIDA/microsoft,0022000000000001d72b,99.2,0.0,0.0,471.1,,0.017,0.042,0.94,0.001,clear,clear,,,Tha Byar,
TBY-B0146,VIDA/microsoft,0022000000000001db6e,65.0,0.0,0.657,366.0,,0.0,0.017,0.972,0.011,outwash,outwash,,,Tha Byar,
TBY-B0147,VIDA/microsoft,0022000000000001dce0,320.4,0.0,0.0,156.6,,0.009,0.009,0.977,0.005,clear,clear,,,Tha Byar,
TBY-B0148,VIDA/microsoft,0022000000000001dd36,76.6,0.283,0.0,0.0,TB-01,0.045,0.45,0.492,0.013,edge,edge,,,Tha Byar,
TBY-B0149,VIDA/microsoft,0022000000000001e1b9,101.1,0.0,0.5,201.3,,0.149,0.063,0.756,0.032,outwash,outwash,,,Tha Byar,
TBY-B0150,VIDA/microsoft,0022000000000001e923,62.8,0.0,0.257,242.2,,0.634,0.144,0.18,0.041,clear,clear,,,Tha Byar,
TBY-B0151,VIDA/microsoft,0022000000000001ea75,143.1,0.0,0.425,446.1,,0.409,0.076,0.497,0.017,outwash,outwash,,,Tha Byar,
TBY-B0152,VIDA/microsoft,0022000000000001ebb5,54.9,0.0,0.0,67.1,,0.932,0.015,0.051,0.002,clear,clear,,B,Tha Byar,
TBY-B0153,VIDA/microsoft,0022000000000001f347,22.9,0.0,0.0,473.5,,0.039,0.893,0.068,0.0,clear,clear,,,Tha Byar,
TBY-B0154,VIDA/microsoft,0022000000000001f685,60.2,0.0,0.659,177.1,,0.0,0.001,0.999,0.0,outwash,outwash,,,Tha Byar,
TBY-B0155,VIDA/microsoft,0022000000000001f990,55.2,0.0,0.0,567.8,,0.378,0.451,0.17,0.0,clear,clear,,,Tha Byar,
TBY-B0156,VIDA/microsoft,0022000000000001fa74,112.5,0.0,0.0,35.8,,0.001,0.011,0.969,0.02,clear,clear,,,Tha Byar,
TBY-B0157,VIDA/microsoft,002200000000000201ae,129.1,0.0,0.0,399.8,,0.036,0.003,0.953,0.007,clear,clear,,,Tha Byar,
TBY-B0158,VIDA/microsoft,0022000000000002038d,78.4,0.0,0.0,834.8,,0.203,0.0,0.797,0.0,clear,clear,,,Tha Byar,
TBY-B0160,VIDA/microsoft,00220000000000020674,182.0,0.0,0.349,419.2,,0.013,0.009,0.977,0.002,outwash,outwash,,,Tha Byar,
TBY-B0161,VIDA/microsoft,00220000000000020aeb,92.7,0.0,0.0,12.4,,0.004,0.935,0.061,0.0,clear,clear,,,Tha Byar,
TBY-B0162,VIDA/microsoft,002200000000000216d1,127.1,0.0,0.0,558.3,,0.211,0.251,0.539,0.0,clear,clear,,,Tha Byar,
TBY-B0163,VIDA/microsoft,00220000000000021762,39.3,0.0,0.0,356.9,,0.016,0.002,0.895,0.086,clear,clear,,,Tha Byar,
TBY-B0164,VIDA/microsoft,002200000000000219e9,98.2,0.0,0.438,229.4,,0.0,0.0,0.999,0.001,outwash,outwash,,,Tha Byar,
TBY-B0165,VIDA/microsoft,002200000000000222db,161.3,0.0,0.0,103.2,,0.032,0.005,0.942,0.021,clear,clear,,,Tha Byar,
TBY-B0166,VIDA/microsoft,002200000000000222f6,24.0,0.0,0.038,258.2,,0.994,0.0,0.006,0.0,clear,clear,,,Tha Byar,
TBY-B0167,VIDA/microsoft,002200000000000225bd,42.3,0.0,0.0,6.2,TB-01,0.058,0.507,0.427,0.009,edge,edge,,,Tha Byar,
TBY-B0168,VIDA/microsoft,00220000000000022da6,57.0,0.0,0.0,520.4,,0.1,0.512,0.383,0.005,clear,clear,,,Tha Byar,
TBY-B0169,VIDA/microsoft,00220000000000022f74,79.7,0.0,0.448,243.7,,0.005,0.096,0.896,0.003,outwash,outwash,,,Tha Byar,
TBY-B0170,VIDA/microsoft,002200000000000231d0,65.2,0.0,0.0,569.1,,0.0,0.0,1.0,0.0,clear,clear,,,Tha Byar,
TBY-B0171,VIDA/microsoft,00220000000000023393,37.9,0.0,0.0,585.5,,0.406,0.0,0.594,0.0,clear,clear,,,Tha Byar,
TBY-B0172,VIDA/microsoft,00220000000000023549,147.8,0.0,0.0,580.3,,0.0,0.0,1.0,0.0,clear,clear,,,Tha Byar,
TBY-B0173,VIDA/microsoft,002200000000000236cf,130.6,0.0,0.336,461.1,,0.001,0.0,0.984,0.015,outwash,outwash,,,Tha Byar,
TBY-B0174,VIDA/microsoft,00220000000000023aa0,130.2,0.0,0.0,434.7,,0.01,0.195,0.795,0.0,clear,clear,,,Tha Byar,
TBY-B0175,VIDA/microsoft,00220000000000023e8a,49.0,0.0,0.639,185.3,,0.018,0.667,0.315,0.0,outwash,outwash,,,Tha Byar,
TBY-B0176,VIDA/microsoft,00220000000000024536,90.1,0.0,0.0,69.2,,0.002,0.12,0.871,0.007,clear,clear,,,Tha Byar,
TBY-B0177,VIDA/microsoft,00220000000000024570,90.7,0.0,0.0,397.1,,0.783,0.002,0.212,0.003,clear,clear,,,Tha Byar,
TBY-B0178,VIDA/microsoft,002200000000000249bc,104.2,0.0,0.0,649.1,,0.03,0.827,0.133,0.011,clear,clear,,,Tha Byar,
TBY-B0179,VIDA/microsoft,00220000000000024eb1,88.7,0.0,0.0,741.0,,0.47,0.08,0.442,0.007,clear,clear,,,Tha Byar,
TBY-B0180,VIDA/microsoft,00220000000000024fbe,118.7,0.0,0.0,591.6,,0.469,0.001,0.53,0.0,clear,clear,,,Tha Byar,
TBY-B0181,VIDA/microsoft,002200000000000253af,38.8,0.0,0.0,568.6,,0.342,0.092,0.564,0.001,clear,clear,,,Tha Byar,
TBY-B0182,VIDA/microsoft,002200000000000256c2,144.5,0.0,0.149,295.2,,0.085,0.386,0.509,0.021,clear,clear,,,Tha Byar,
TBY-B0183,VIDA/microsoft,002200000000000258f5,29.2,0.0,0.0,254.7,,0.558,0.0,0.442,0.0,clear,clear,,,Tha Byar,
TBY-B0184,VIDA/microsoft,00220000000000025f6d,64.4,0.0,0.0,470.4,,0.017,0.226,0.757,0.0,clear,clear,,,Tha Byar,
TBY-B0186,VIDA/microsoft,002200000000000266ee,93.3,0.0,0.0,117.3,,0.03,0.033,0.937,0.0,clear,clear,,,Tha Byar,
TBY-B0187,VIDA/microsoft,002200000000000267c8,27.9,0.0,0.0,67.8,,0.0,0.284,0.715,0.001,clear,clear,,,Tha Byar,
TBY-B0189,VIDA/microsoft,00220000000000026cca,52.2,0.0,0.0,74.6,,0.262,0.0,0.705,0.034,clear,clear,,,Tha Byar,
TBY-B0190,VIDA/microsoft,00220000000000026dfb,78.0,0.0,0.0,580.9,,0.0,0.0,1.0,0.0,clear,clear,,,Tha Byar,
TBY-B0191,VIDA/microsoft,0022000000000002707e,86.2,0.0,0.0,510.9,,0.025,0.452,0.492,0.031,clear,clear,,,Tha Byar,
TBY-B0192,VIDA/microsoft,00220000000000027138,47.0,0.0,0.0,183.4,,0.003,0.0,0.997,0.0,clear,clear,,,Tha Byar,
TBY-B0193,VIDA/microsoft,0022000000000002729a,135.6,0.0,0.558,198.3,,0.007,0.0,0.987,0.006,outwash,outwash,,,Tha Byar,
TBY-B0194,VIDA/microsoft,00220000000000027875,124.5,0.0,0.0,513.4,,0.967,0.0,0.032,0.0,clear,clear,,,Tha Byar,
TBY-B0195,VIDA/microsoft,00220000000000027fb0,69.8,0.0,0.0,813.2,,0.49,0.0,0.51,0.0,clear,clear,,,Tha Byar,
TBY-B0197,VIDA/microsoft,00220000000000028625,38.7,0.0,0.0,709.6,,0.176,0.0,0.762,0.062,clear,clear,,,Tha Byar,
TBY-B0198,VIDA/microsoft,0022000000000002906a,94.5,0.0,0.0,554.3,,0.0,0.008,0.992,0.0,clear,clear,,,Tha Byar,
TBY-B0199,VIDA/microsoft,00220000000000029c11,76.0,0.0,0.0,750.3,,0.0,0.005,0.995,0.0,clear,clear,,,Tha Byar,
TBY-B0200,VIDA/microsoft,00220000000000029ebc,61.4,0.0,0.645,163.1,,0.0,0.005,0.995,0.0,outwash,outwash,,,Tha Byar,
TBY-B0201,VIDA/microsoft,00220000000000029ffd,65.9,0.0,0.0,468.4,,0.623,0.197,0.18,0.0,clear,clear,,,Tha Byar,
TBY-B0202,VIDA/microsoft,0022000000000002a0af,102.9,0.0,0.27,253.2,,0.023,0.095,0.874,0.007,clear,clear,,,Tha Byar,
TBY-B0203,VIDA/microsoft,0022000000000002a25d,100.8,0.0,0.506,311.8,,0.004,0.023,0.973,0.0,outwash,outwash,,,Tha Byar,
TBY-B0204,VIDA/microsoft,0022000000000002a528,38.5,0.0,0.0,454.6,,1.0,0.0,0.0,0.0,clear,clear,,,Tha Byar,
TBY-B0205,VIDA/microsoft,0022000000000002a565,86.0,0.0,0.0,419.0,,0.002,0.001,0.996,0.0,clear,clear,,,Tha Byar,
TBY-B0206,VIDA/microsoft,0022000000000002ae9d,18.6,0.0,0.0,422.5,,1.0,0.0,0.0,0.0,clear,clear,,,Tha Byar,
TBY-B0207,VIDA/microsoft,0022000000000002b028,85.2,0.0,0.0,536.3,,0.166,0.189,0.644,0.0,clear,clear,,,Tha Byar,
TBY-B0208,VIDA/microsoft,0022000000000002b103,73.7,0.0,0.0,383.2,,0.251,0.064,0.686,0.0,clear,clear,,,Tha Byar,
TBY-B0209,VIDA/microsoft,0022000000000002b231,41.7,0.0,0.0,491.2,,0.235,0.194,0.57,0.0,clear,clear,,,Tha Byar,
TBY-B0211,VIDA/microsoft,0022000000000002b84b,130.5,0.0,0.623,321.0,,0.0,0.004,0.992,0.003,outwash,outwash,,,Tha Byar,
TBY-B0212,VIDA/microsoft,0022000000000002b977,53.2,0.0,0.295,158.6,,0.056,0.0,0.915,0.029,clear,clear,,,Tha Byar,
TBY-B0213,VIDA/microsoft,0022000000000002bac6,53.4,0.0,0.0,790.5,,0.16,0.03,0.81,0.0,clear,clear,,,Tha Byar,
TBY-B0214,VIDA/microsoft,0022000000000002bcc9,85.3,0.0,0.585,191.2,,0.0,0.019,0.981,0.0,outwash,outwash,,,Tha Byar,
TBY-B0215,VIDA/microsoft,0022000000000002be15,21.5,0.0,0.0,420.7,,0.001,0.077,0.847,0.074,clear,clear,,,Tha Byar,
TBY-B0216,VIDA/microsoft,0022000000000002be7a,82.6,0.0,0.0,185.0,,0.046,0.324,0.63,0.0,clear,clear,,,Tha Byar,
TBY-B0217,VIDA/microsoft,0022000000000002c0fb,71.7,0.0,0.346,443.4,,0.373,0.022,0.587,0.018,outwash,outwash,,,Tha Byar,
TBY-B0218,VIDA/microsoft,0022000000000002c838,43.9,0.0,0.0,89.4,,0.0,0.0,1.0,0.0,clear,clear,,,Tha Byar,
TBY-B0219,VIDA/microsoft,0022000000000002c8a7,86.4,0.0,0.21,430.2,,0.011,0.005,0.945,0.039,clear,clear,,,Tha Byar,
TBY-B0220,VIDA/microsoft,0022000000000002ca4e,172.0,0.0,0.0,479.2,,0.047,0.019,0.929,0.006,clear,clear,,,Tha Byar,
TBY-B0221,VIDA/microsoft,0022000000000002cd48,17.6,1.0,0.0,0.0,TB-01,0.006,0.05,0.666,0.278,damaged,damaged,,,Tha Byar,
TBY-B0222,VIDA/microsoft,0022000000000002d023,145.4,0.0,0.359,268.5,,0.02,0.021,0.874,0.085,outwash,outwash,,,Tha Byar,
TBY-B0224,VIDA/microsoft,0022000000000002d75f,99.3,0.0,0.0,444.4,,0.071,0.337,0.592,0.0,clear,clear,,,Tha Byar,
TBY-B0225,VIDA/microsoft,0022000000000002e149,34.0,0.0,0.0,543.5,,0.0,0.3,0.698,0.002,clear,clear,,,Tha Byar,
TBY-B0226,VIDA/microsoft,0022000000000002e90c,69.4,0.0,0.0,38.2,,0.001,0.697,0.301,0.0,clear,clear,,,Tha Byar,
TBY-B0227,VIDA/microsoft,0022000000000002f483,95.0,0.0,0.0,428.0,,0.562,0.404,0.034,0.0,clear,clear,,,Tha Byar,
TBY-B0228,VIDA/microsoft,0022000000000002f7d5,132.9,0.0,0.0,612.9,,0.492,0.003,0.505,0.0,clear,clear,,,Tha Byar,
TBY-B0229,VIDA/microsoft,0022000000000002fa8e,32.2,0.0,0.571,89.3,,0.0,0.051,0.949,0.0,outwash,outwash,,,Tha Byar,
TBY-B0230,VIDA/microsoft,002200000000000303bd,56.9,0.784,0.0,0.0,TB-01,0.014,0.09,0.817,0.079,damaged,damaged,,,Tha Byar,
TBY-B0232,VIDA/microsoft,00220000000000030db5,55.4,0.0,0.0,88.6,,0.008,0.0,0.989,0.003,clear,clear,,,Tha Byar,
TBY-B0233,VIDA/microsoft,00220000000000031182,39.6,0.0,0.213,300.3,,0.0,0.02,0.456,0.525,clear,clear,,,Tha Byar,
TBY-B0234,VIDA/microsoft,002200000000000318e4,86.9,0.0,0.0,726.3,,0.031,0.0,0.962,0.007,clear,clear,,,Tha Byar,
TBY-B0235,VIDA/microsoft,00220000000000031cb2,76.1,0.0,0.163,413.0,,0.297,0.01,0.683,0.01,clear,clear,,,Tha Byar,
TBY-B0236,VIDA/microsoft,00220000000000031d04,61.8,0.0,0.0,332.7,,0.022,0.095,0.828,0.055,clear,clear,,,Tha Byar,
TBY-B0237,VIDA/microsoft,002200000000000323cc,54.7,0.0,0.315,170.7,,0.004,0.201,0.795,0.0,outwash,outwash,,,Tha Byar,
TBY-B0238,VIDA/microsoft,00220000000000032511,98.0,0.0,0.587,264.6,,0.0,0.846,0.113,0.041,outwash,outwash,,,Tha Byar,
TBY-B0239,VIDA/microsoft,00220000000000032828,75.2,0.0,0.0,672.7,,0.0,0.0,1.0,0.0,clear,clear,,,Tha Byar,
TBY-B0240,VIDA/microsoft,0022000000000003299c,19.0,0.0,0.0,754.9,,0.219,0.0,0.781,0.0,clear,clear,,,Tha Byar,
TBY-B0242,VIDA/microsoft,002200000000000330d6,98.6,0.0,0.0,47.1,,0.0,0.0,0.998,0.002,clear,clear,,,Tha Byar,
TBY-B0243,VIDA/microsoft,00220000000000033579,147.5,0.0,0.0,341.4,,0.811,0.176,0.012,0.0,clear,clear,,,Tha Byar,
TBY-B0244,VIDA/microsoft,00220000000000033583,56.9,0.0,0.296,266.5,,0.751,0.031,0.166,0.052,clear,clear,,,Tha Byar,
TBY-B0246,VIDA/microsoft,00220000000000034083,109.9,0.0,0.548,239.9,,0.001,0.139,0.859,0.0,outwash,outwash,,,Tha Byar,
TBY-B0247,VIDA/microsoft,002200000000000341ed,169.2,0.0,0.269,303.6,,0.063,0.004,0.9,0.032,clear,clear,,,Tha Byar,
TBY-B0248,VIDA/microsoft,002200000000000346d3,65.3,0.0,0.0,488.8,,0.907,0.085,0.007,0.0,clear,clear,,,Tha Byar,
TBY-B0249,VIDA/microsoft,00220000000000034d32,62.1,0.0,0.099,297.9,,0.81,0.0,0.171,0.019,clear,clear,,,Tha Byar,
TBY-B0250,VIDA/microsoft,002200000000000354b1,21.7,0.0,0.0,32.3,,0.028,0.51,0.46,0.002,clear,clear,,,Tha Byar,
TBY-B0251,VIDA/microsoft,0022000000000003574c,82.0,0.0,0.207,276.4,,0.021,0.643,0.336,0.0,clear,clear,,,Tha Byar,
TBY-B0252,VIDA/microsoft,002200000000000358bb,77.7,0.0,0.0,454.6,,0.725,0.266,0.009,0.0,clear,clear,,,Tha Byar,
TBY-B0253,VIDA/microsoft,002200000000000358cf,92.9,0.0,0.0,554.8,,0.102,0.032,0.866,0.0,clear,clear,,,Tha Byar,
TBY-B0254,VIDA/microsoft,00220000000000035ea8,130.0,0.0,0.0,667.7,,0.103,0.489,0.404,0.004,clear,clear,,,Tha Byar,
TBY-B0255,VIDA/microsoft,0022000000000003607b,182.1,0.0,0.0,326.4,,0.003,0.18,0.817,0.001,clear,clear,,,Tha Byar,
TBY-B0256,VIDA/microsoft,002200000000000368c5,126.5,0.0,0.201,343.3,,0.404,0.0,0.556,0.04,clear,clear,,,Tha Byar,
TBY-B0257,VIDA/microsoft,00220000000000036c70,150.5,0.0,0.588,257.4,,0.022,0.028,0.948,0.002,outwash,outwash,,,Tha Byar,
TBY-B0258,VIDA/microsoft,00220000000000036ce3,66.3,0.0,0.0,659.9,,0.0,0.0,1.0,0.0,clear,clear,,,Tha Byar,
TBY-B0259,VIDA/microsoft,00220000000000037056,69.7,0.0,0.0,342.9,,0.466,0.008,0.143,0.383,clear,clear,,,Tha Byar,
TBY-B0261,VIDA/microsoft,00220000000000037ce5,114.0,0.0,0.423,291.4,,0.037,0.228,0.676,0.059,outwash,outwash,,,Tha Byar,
TBY-B0262,VIDA/microsoft,00220000000000038078,45.8,0.0,0.0,591.2,,0.946,0.0,0.054,0.0,clear,clear,,,Tha Byar,
TBY-B0263,VIDA/microsoft,0022000000000003838d,59.0,0.0,0.554,228.0,,0.028,0.365,0.59,0.017,outwash,outwash,,,Tha Byar,
TBY-B0264,VIDA/microsoft,002200000000000385a2,62.2,0.0,0.0,605.4,,0.022,0.094,0.88,0.004,clear,clear,,,Tha Byar,
TBY-B0265,VIDA/microsoft,002200000000000386c8,66.8,0.0,0.386,185.9,,0.391,0.0,0.609,0.0,outwash,outwash,,,Tha Byar,
TBY-B0266,VIDA/microsoft,0022000000000003874a,79.3,0.0,0.0,364.5,,0.001,0.489,0.51,0.0,clear,clear,,,Tha Byar,
TBY-B0267,VIDA/microsoft,00220000000000038b6f,23.5,0.0,0.0,604.5,,1.0,0.0,0.0,0.0,clear,clear,,B,Tha Byar,
TBY-B0268,VIDA/microsoft,00220000000000038b70,88.1,0.0,0.0,550.4,,0.277,0.054,0.669,0.0,clear,clear,,,Tha Byar,
TBY-B0269,VIDA/microsoft,002200000000000396b8,70.0,0.0,0.261,223.0,,0.009,0.7,0.287,0.003,clear,clear,,,Tha Byar,
TBY-B0270,VIDA/microsoft,00220000000000039850,77.4,0.0,0.0,700.4,,0.003,0.023,0.971,0.003,clear,clear,,,Tha Byar,
TBY-B0271,VIDA/microsoft,0022000000000003998f,24.1,0.0,0.0,506.1,,0.201,0.65,0.149,0.0,clear,clear,,,Tha Byar,
TBY-B0272,VIDA/microsoft,00220000000000039e02,92.8,0.0,0.0,776.5,,0.025,0.12,0.855,0.0,clear,clear,,,Tha Byar,
NMT-B0000,OSM,508572596,90.2,0.0,0.0,38.2,,0.004,0.0,0.996,0.0,clear,clear,,A,Ngone Min Taung,
NMT-B0001,OSM,508572597,365.7,0.0,0.0,36.6,,0.0,0.362,0.638,0.0,clear,clear,,A,Ngone Min Taung,
NMT-B0002,OSM,508572599,295.6,0.0,0.0,74.8,,0.002,0.249,0.749,0.0,clear,clear,,A,Ngone Min Taung,
NMT-B0004,OSM,508851110,84.6,0.0,0.0,565.2,,0.898,0.0,0.102,0.0,clear,clear,,,Ngone Min Taung,
NMT-B0005,OSM,508851111,47.5,0.0,0.0,575.9,,0.584,0.0,0.416,0.0,clear,clear,,,Ngone Min Taung,
NMT-B0010,OSM,508853204,55.7,0.0,0.0,339.0,,0.973,0.0,0.027,0.0,clear,clear,,,Ngone Min Taung,
NMT-B0016,OSM,1563992814,445.0,0.365,0.0,0.0,NM-01,0.626,0.001,0.373,0.0,damaged,damaged,,A,Ngone Min Taung,
NMT-B0017,OSM,1563992818,109.9,0.0,0.0,56.5,,0.835,0.0,0.165,0.0,clear,clear,,A,Ngone Min Taung,
NMT-B0018,OSM,1563992819,145.6,0.0,0.0,52.4,,0.001,0.319,0.68,0.0,clear,clear,,A,Ngone Min Taung,
NMT-B0019,OSM,1563993072,47.0,0.0,0.0,31.2,,0.016,0.0,0.984,0.0,clear,clear,,A,Ngone Min Taung,
NMT-B0020,OSM,1563993568,25.4,0.0,0.0,47.2,,0.252,0.709,0.039,0.0,clear,clear,,A,Ngone Min Taung,
NMT-B0021,OSM,1563993571,58.4,0.0,0.0,17.6,,0.058,0.694,0.247,0.001,clear,clear,,A,Ngone Min Taung,
NMT-B0022,OSM,1563993572,24.4,0.0,0.0,22.9,,0.07,0.0,0.93,0.0,clear,clear,,A,Ngone Min Taung,
NMT-B0023,OSM,1564000251,236.0,0.0,0.0,44.6,,0.164,0.0,0.836,0.0,clear,clear,,A,Ngone Min Taung,
NMT-B0024,OSM,1564000252,245.7,0.0,0.0,167.6,,0.391,0.031,0.577,0.0,clear,clear,,B,Ngone Min Taung,
NMT-B0025,OSM,1564000253,57.9,0.0,0.0,234.0,,0.132,0.0,0.868,0.0,clear,clear,,B,Ngone Min Taung,
NMT-B0026,OSM,1564000254,58.0,0.0,0.0,244.5,,0.122,0.0,0.878,0.0,clear,clear,,B,Ngone Min Taung,
NMT-B0027,OSM,1564000255,58.0,0.0,0.0,202.7,,0.0,0.011,0.989,0.0,clear,clear,,,Ngone Min Taung,
NMT-B0028,OSM,1564000256,57.9,0.0,0.0,241.3,,0.0,0.0,1.0,0.0,clear,clear,,,Ngone Min Taung,
NMT-B0029,OSM,1564000257,116.7,0.0,0.0,294.0,,0.073,0.009,0.918,0.001,clear,clear,,B,Ngone Min Taung,
NMT-B0030,OSM,1564000258,116.7,0.0,0.0,301.7,,0.129,0.073,0.798,0.0,clear,clear,,B,Ngone Min Taung,
NMT-B0031,OSM,1564000259,116.7,0.0,0.0,317.1,,0.207,0.01,0.783,0.0,clear,clear,,,Ngone Min Taung,
NMT-B0032,OSM,1564000260,116.7,0.0,0.0,331.4,,0.291,0.0,0.709,0.0,clear,clear,,,Ngone Min Taung,
NMT-B0033,OSM,1564000261,116.7,0.0,0.0,310.4,,0.382,0.0,0.618,0.0,clear,clear,,,Ngone Min Taung,
NMT-B0034,OSM,1564000262,116.7,0.0,0.0,298.6,,0.415,0.0,0.585,0.0,clear,clear,,,Ngone Min Taung,
NMT-B0035,OSM,1564000263,116.7,0.0,0.0,335.0,,0.156,0.0,0.844,0.0,clear,clear,,,Ngone Min Taung,
NMT-B0036,OSM,1564000264,116.9,0.0,0.0,308.7,,0.149,0.0,0.85,0.001,clear,clear,,,Ngone Min Taung,
NMT-B0037,OSM,1564000265,116.8,0.0,0.0,322.1,,0.376,0.0,0.624,0.0,clear,clear,,,Ngone Min Taung,
NMT-B0038,OSM,1564000266,116.7,0.0,0.0,296.4,,0.319,0.0,0.681,0.0,clear,clear,,,Ngone Min Taung,
NMT-B0039,OSM,1564000267,116.7,0.0,0.0,344.5,,0.038,0.021,0.94,0.0,clear,clear,,,Ngone Min Taung,
NMT-B0040,OSM,1564000268,131.7,0.0,0.0,320.6,,0.287,0.008,0.705,0.0,clear,clear,,,Ngone Min Taung,
NMT-B0041,OSM,1564000269,116.8,0.0,0.0,311.3,,0.094,0.0,0.906,0.0,clear,clear,,,Ngone Min Taung,
NMT-B0042,OSM,1564000270,116.7,0.0,0.0,293.6,,0.173,0.13,0.697,0.0,clear,clear,,,Ngone Min Taung,
NMT-B0043,OSM,1564000271,116.8,0.0,0.0,328.2,,0.021,0.0,0.979,0.0,clear,clear,,,Ngone Min Taung,
NMT-B0044,OSM,1564000272,116.7,0.0,0.0,336.8,,0.038,0.0,0.962,0.0,clear,clear,,,Ngone Min Taung,
NMT-B0045,OSM,1564000273,116.7,0.0,0.0,360.6,,0.174,0.0,0.826,0.0,clear,clear,,,Ngone Min Taung,
NMT-B0046,OSM,1564000274,40.8,0.0,0.0,352.6,,0.018,0.0,0.982,0.0,clear,clear,,,Ngone Min Taung,
NMT-B0047,OSM,1564000275,40.8,0.0,0.0,347.3,,0.168,0.021,0.81,0.0,clear,clear,,,Ngone Min Taung,
NMT-B0048,OSM,1564000276,132.2,0.0,0.0,353.2,,0.194,0.001,0.804,0.0,clear,clear,,,Ngone Min Taung,
NMT-B0049,OSM,1564000277,40.7,0.0,0.0,351.3,,0.044,0.0,0.956,0.0,clear,clear,,,Ngone Min Taung,
NMT-B0050,OSM,1564000278,116.8,0.0,0.0,376.3,,0.04,0.0,0.96,0.0,clear,clear,,,Ngone Min Taung,
NMT-B0051,OSM,1564000279,116.9,0.0,0.0,364.2,,0.041,0.0,0.959,0.0,clear,clear,,,Ngone Min Taung,
NMT-B0052,OSM,1564000280,116.8,0.0,0.0,375.3,,0.031,0.0,0.969,0.0,clear,clear,,,Ngone Min Taung,
NMT-B0053,OSM,1564000281,116.6,0.0,0.0,401.1,,0.066,0.254,0.68,0.0,clear,clear,,,Ngone Min Taung,
NMT-B0054,OSM,1564000282,129.2,0.0,0.0,383.9,,0.999,0.0,0.001,0.0,clear,clear,,,Ngone Min Taung,
NMT-B0055,OSM,1564000283,116.7,0.0,0.0,396.7,,0.222,0.0,0.778,0.0,clear,clear,,,Ngone Min Taung,
NMT-B0056,OSM,1564000284,116.7,0.0,0.0,419.3,,1.0,0.0,0.0,0.0,clear,clear,,,Ngone Min Taung,
NMT-B0057,OSM,1564000285,116.8,0.0,0.0,417.4,,0.126,0.0,0.874,0.0,clear,clear,,,Ngone Min Taung,
NMT-B0058,OSM,1564000286,116.7,0.0,0.0,431.4,,0.969,0.0,0.031,0.0,clear,clear,,,Ngone Min Taung,
NMT-B0059,OSM,1564000287,40.8,0.0,0.0,389.9,,0.039,0.0,0.961,0.0,clear,clear,,,Ngone Min Taung,
NMT-B0060,OSM,1564000288,116.7,0.0,0.0,379.5,,0.851,0.0,0.149,0.0,clear,clear,,,Ngone Min Taung,
NMT-B0061,OSM,1564000289,116.7,0.0,0.0,465.4,,0.667,0.0,0.333,0.0,clear,clear,,,Ngone Min Taung,
NMT-B0062,OSM,1564000290,116.7,0.0,0.0,459.5,,0.687,0.0,0.313,0.0,clear,clear,,,Ngone Min Taung,
NMT-B0063,OSM,1564000291,105.3,0.0,0.0,450.0,,0.282,0.03,0.688,0.0,clear,clear,,,Ngone Min Taung,
NMT-B0064,OSM,1564000292,116.8,0.0,0.0,496.1,,0.881,0.0,0.119,0.0,clear,clear,,,Ngone Min Taung,
NMT-B0065,OSM,1564000293,129.2,0.0,0.0,506.8,,0.544,0.0,0.456,0.0,clear,clear,,,Ngone Min Taung,
NMT-B0066,OSM,1564000294,116.7,0.0,0.0,489.7,,0.807,0.0,0.193,0.0,clear,clear,,,Ngone Min Taung,
NMT-B0067,OSM,1564000295,116.8,0.0,0.0,498.5,,0.433,0.0,0.567,0.0,clear,clear,,,Ngone Min Taung,
NMT-B0068,OSM,1564000296,116.8,0.0,0.0,447.4,,0.99,0.0,0.01,0.0,clear,clear,,,Ngone Min Taung,
NMT-B0069,OSM,1564000297,116.8,0.0,0.0,438.6,,0.458,0.0,0.542,0.0,clear,clear,,,Ngone Min Taung,
NMT-B0070,OSM,1564000298,84.3,0.0,0.0,444.0,,1.0,0.0,0.0,0.0,clear,clear,,,Ngone Min Taung,
NMT-B0071,OSM,1564000299,84.3,0.0,0.0,444.2,,1.0,0.0,0.0,0.0,clear,clear,,,Ngone Min Taung,
NMT-B0072,OSM,1564000300,70.1,0.0,0.0,506.5,,0.054,0.008,0.938,0.0,clear,clear,,,Ngone Min Taung,
NMT-B0073,OSM,1564000301,124.0,0.0,0.0,482.7,,0.466,0.002,0.532,0.0,clear,clear,,,Ngone Min Taung,
NMT-B0074,OSM,1564000302,116.7,0.0,0.0,510.0,,0.679,0.001,0.32,0.0,clear,clear,,,Ngone Min Taung,
NMT-B0075,OSM,1564000303,116.7,0.0,0.0,521.1,,0.445,0.049,0.507,0.0,clear,clear,,,Ngone Min Taung,
NMT-B0076,OSM,1564000304,116.7,0.0,0.0,529.9,,0.282,0.0,0.718,0.0,clear,clear,,,Ngone Min Taung,
NMT-B0077,OSM,1564000305,116.8,0.0,0.0,510.2,,0.332,0.0,0.668,0.0,clear,clear,,,Ngone Min Taung,
NMT-B0078,OSM,1564000306,103.5,0.0,0.0,489.1,,0.784,0.0,0.216,0.0,clear,clear,,,Ngone Min Taung,
NMT-B0079,OSM,1564000307,71.7,0.0,0.0,537.7,,0.051,0.0,0.949,0.0,clear,clear,,,Ngone Min Taung,
NMT-B0080,OSM,1564000308,116.8,0.0,0.0,515.8,,0.195,0.0,0.805,0.0,clear,clear,,,Ngone Min Taung,
NMT-B0081,OSM,1564000309,116.8,0.0,0.0,527.6,,0.288,0.0,0.712,0.0,clear,clear,,,Ngone Min Taung,
NMT-B0082,OSM,1564000310,70.2,0.0,0.0,462.1,,0.995,0.0,0.005,0.0,clear,clear,,,Ngone Min Taung,
NMT-B0083,OSM,1564000311,84.3,0.0,0.0,452.0,,1.0,0.0,0.0,0.0,clear,clear,,,Ngone Min Taung,
NMT-B0084,OSM,1564000312,70.1,0.0,0.0,523.8,,0.136,0.017,0.847,0.0,clear,clear,,,Ngone Min Taung,
NMT-B0085,OSM,1564000313,116.8,0.0,0.0,545.1,,1.0,0.0,0.0,0.0,clear,clear,,,Ngone Min Taung,
NMT-B0090,OSM,1564000318,116.7,0.0,0.0,560.0,,1.0,0.0,0.0,0.0,clear,clear,,,Ngone Min Taung,
NMT-B0091,OSM,1564000319,70.1,0.0,0.0,544.7,,1.0,0.0,0.0,0.0,clear,clear,,,Ngone Min Taung,
NMT-B0098,OSM,1564002125,33.4,0.0,0.0,558.1,,1.0,0.0,0.0,0.0,clear,clear,,,Ngone Min Taung,
NMT-B0108,OSM,1564002135,24.0,0.0,0.0,560.1,,1.0,0.0,0.0,0.0,clear,clear,,,Ngone Min Taung,
NMT-B0112,OSM,1564005128,82.0,0.0,0.0,282.9,,1.0,0.0,0.0,0.0,clear,clear,,,Ngone Min Taung,
NMT-B0113,OSM,1564005129,82.0,0.0,0.0,244.5,,1.0,0.0,0.0,0.0,clear,clear,,,Ngone Min Taung,
NMT-B0114,OSM,1564005130,82.0,0.0,0.0,217.6,,0.992,0.0,0.008,0.0,clear,clear,,,Ngone Min Taung,
NMT-B0116,OSM,1564005137,97.5,0.0,0.0,241.5,,0.995,0.0,0.005,0.0,clear,clear,,,Ngone Min Taung,
NMT-B0117,OSM,1564005138,101.6,0.0,0.0,176.9,,0.954,0.0,0.046,0.0,clear,clear,,,Ngone Min Taung,
NMT-B0118,OSM,1564005139,101.6,0.0,0.0,182.3,,0.655,0.0,0.345,0.0,clear,clear,,,Ngone Min Taung,
NMT-B0119,OSM,1564005140,101.6,0.0,0.0,193.9,,0.965,0.0,0.035,0.0,clear,clear,,,Ngone Min Taung,
NMT-B0120,OSM,1564005141,101.6,0.0,0.0,166.5,,0.991,0.0,0.009,0.0,clear,clear,,,Ngone Min Taung,
NMT-B0121,OSM,1564005142,101.5,0.0,0.0,155.7,,1.0,0.0,0.0,0.0,clear,clear,,,Ngone Min Taung,
NMT-B0122,OSM,1564005143,101.6,0.0,0.0,134.8,,0.953,0.0,0.047,0.0,clear,clear,,,Ngone Min Taung,
NMT-B0123,OSM,1564005144,95.7,0.0,0.0,105.5,,1.0,0.0,0.0,0.0,clear,clear,,,Ngone Min Taung,
NMT-B0127,OSM,1564005152,95.6,0.0,0.0,30.3,,0.299,0.251,0.45,0.0,clear,clear,,,Ngone Min Taung,
NMT-B0128,OSM,1564005153,101.6,0.0,0.0,195.8,,0.956,0.0,0.044,0.0,clear,clear,,,Ngone Min Taung,
NMT-B0134,OSM,1564549419,7.2,0.0,0.0,51.7,,0.0,0.0,1.0,0.0,clear,clear,,A,Ngone Min Taung,
NMT-B0135,OSM,1564549420,18.9,0.0,0.0,55.4,,0.99,0.0,0.01,0.0,clear,clear,,A,Ngone Min Taung,
NMT-B0136,OSM,1564549421,106.9,0.0,0.0,30.6,,0.099,0.0,0.901,0.0,clear,clear,,A,Ngone Min Taung,
NMT-B0137,OSM,1564549422,22.9,0.0,0.0,19.6,,0.598,0.0,0.402,0.0,clear,clear,,,Ngone Min Taung,
NMT-B0138,OSM,1564549423,49.0,0.0,0.0,10.3,,0.132,0.0,0.868,0.0,clear,clear,,A,Ngone Min Taung,
NMT-B0139,OSM,1564549424,60.5,0.0,0.0,24.8,,0.172,0.021,0.808,0.0,clear,clear,,,Ngone Min Taung,
NMT-B0140,OSM,1564549425,12.8,0.0,0.0,36.0,,0.0,0.0,1.0,0.0,clear,clear,,A,Ngone Min Taung,
NMT-B0141,OSM,1564549426,16.2,0.0,0.0,49.7,,0.026,0.0,0.974,0.0,clear,clear,,A,Ngone Min Taung,
NMT-B0142,OSM,1564549427,63.0,0.0,0.0,22.4,,0.412,0.0,0.588,0.0,clear,clear,,A,Ngone Min Taung,
NMT-B0143,OSM,1564549428,33.0,0.0,0.0,22.7,,0.965,0.0,0.035,0.0,clear,clear,,A,Ngone Min Taung,
NMT-B0144,OSM,1564549429,121.0,0.0,0.0,30.7,,0.07,0.0,0.93,0.0,clear,clear,,A,Ngone Min Taung,
NMT-B0145,OSM,1564549430,19.1,0.0,0.0,41.7,,0.017,0.0,0.983,0.0,clear,clear,,A,Ngone Min Taung,
NMT-B0146,OSM,1564549431,40.6,0.0,0.0,45.5,,0.0,0.0,1.0,0.0,clear,clear,,A,Ngone Min Taung,
NMT-B0147,OSM,1564549432,161.1,0.0,0.0,62.6,,0.599,0.14,0.261,0.0,clear,clear,,A,Ngone Min Taung,
NMT-B0148,OSM,1564549433,33.4,0.0,0.0,57.7,,0.0,0.0,1.0,0.0,clear,clear,,A,Ngone Min Taung,
NMT-B0149,OSM,1564549434,46.2,0.0,0.0,51.1,,0.0,0.0,1.0,0.0,clear,clear,,A,Ngone Min Taung,
NMT-B0150,VIDA/microsoft,002200000000000008c4,39.5,0.0,0.0,84.7,,0.0,0.235,0.765,0.0,clear,clear,,,Ngone Min Taung,
NMT-B0151,VIDA/microsoft,002200000000000009cc,109.6,0.0,0.0,518.7,,0.393,0.067,0.54,0.0,clear,clear,,,Ngone Min Taung,
NMT-B0152,VIDA/microsoft,002200000000000009d6,27.3,0.0,0.0,539.6,,1.0,0.0,0.0,0.0,clear,clear,,,Ngone Min Taung,
NMT-B0153,VIDA/microsoft,00220000000000000a7d,110.4,0.0,0.0,482.4,,0.576,0.0,0.424,0.0,clear,clear,,,Ngone Min Taung,
NMT-B0154,VIDA/microsoft,00220000000000000f04,123.0,0.0,0.0,500.5,,0.944,0.0,0.056,0.0,clear,clear,,,Ngone Min Taung,
NMT-B0155,VIDA/microsoft,00220000000000001852,98.9,0.0,0.0,530.5,,0.885,0.0,0.115,0.0,clear,clear,,,Ngone Min Taung,
NMT-B0156,VIDA/microsoft,0022000000000000350d,63.1,0.0,0.0,259.8,,1.0,0.0,0.0,0.0,clear,clear,,,Ngone Min Taung,
NMT-B0157,VIDA/microsoft,002200000000000035a6,108.9,0.0,0.0,392.4,,0.708,0.003,0.282,0.006,clear,clear,,,Ngone Min Taung,
NMT-B0158,VIDA/microsoft,00220000000000003b23,41.7,0.0,0.0,27.8,,0.237,0.0,0.763,0.0,clear,clear,,,Ngone Min Taung,
NMT-B0159,VIDA/microsoft,00220000000000003e28,30.6,0.0,0.0,593.8,,0.741,0.0,0.259,0.0,clear,clear,,,Ngone Min Taung,
NMT-B0160,VIDA/microsoft,00220000000000004261,67.7,0.0,0.0,374.9,,0.109,0.0,0.891,0.0,clear,clear,,,Ngone Min Taung,
NMT-B0161,VIDA/microsoft,002200000000000042f3,113.6,0.0,0.0,436.6,,0.147,0.0,0.853,0.0,clear,clear,,,Ngone Min Taung,
NMT-B0162,VIDA/microsoft,002200000000000054b5,130.3,0.0,0.0,278.3,,0.132,0.0,0.868,0.0,clear,clear,,,Ngone Min Taung,
NMT-B0163,VIDA/microsoft,00220000000000006087,20.4,0.0,0.0,428.9,,0.997,0.0,0.003,0.0,clear,clear,,,Ngone Min Taung,
NMT-B0165,VIDA/microsoft,00220000000000006b78,111.1,0.0,0.0,414.5,,0.965,0.0,0.035,0.0,clear,clear,,,Ngone Min Taung,
NMT-B0166,VIDA/microsoft,00220000000000007015,66.4,0.0,0.0,494.8,,1.0,0.0,0.0,0.0,clear,clear,,,Ngone Min Taung,
NMT-B0168,VIDA/microsoft,00220000000000007d96,114.6,0.0,0.0,403.8,,0.023,0.596,0.381,0.0,clear,clear,,,Ngone Min Taung,
NMT-B0169,VIDA/microsoft,002200000000000089ca,83.1,0.0,0.0,472.6,,0.411,0.0,0.589,0.0,clear,clear,,,Ngone Min Taung,
NMT-B0170,VIDA/microsoft,00220000000000008d71,45.8,0.0,0.0,61.9,,0.01,0.0,0.99,0.0,clear,clear,,A,Ngone Min Taung,
NMT-B0171,VIDA/microsoft,0022000000000000a793,73.8,0.0,0.0,341.5,,0.021,0.0,0.979,0.0,clear,clear,,,Ngone Min Taung,
NMT-B0172,VIDA/microsoft,0022000000000000b0a7,153.2,0.0,0.0,499.3,,0.668,0.0,0.332,0.0,clear,clear,,,Ngone Min Taung,
NMT-B0173,VIDA/microsoft,0022000000000000b109,384.3,0.0,0.0,541.3,,0.927,0.0,0.073,0.0,clear,clear,,,Ngone Min Taung,
NMT-B0174,VIDA/microsoft,0022000000000000b749,57.5,0.0,0.0,231.5,,0.147,0.0,0.853,0.0,clear,clear,,B,Ngone Min Taung,
NMT-B0175,VIDA/microsoft,0022000000000000b890,32.2,0.0,0.0,570.9,,1.0,0.0,0.0,0.0,clear,clear,,,Ngone Min Taung,
NMT-B0176,VIDA/microsoft,0022000000000000ba0f,36.6,0.0,0.0,377.7,,0.0,0.0,1.0,0.0,clear,clear,,,Ngone Min Taung,
NMT-B0177,VIDA/microsoft,0022000000000000c279,77.5,0.0,0.0,77.3,,0.268,0.01,0.714,0.008,clear,clear,,,Ngone Min Taung,
NMT-B0178,VIDA/microsoft,0022000000000000c35b,30.9,0.0,0.0,492.7,,0.196,0.0,0.804,0.0,clear,clear,,,Ngone Min Taung,
NMT-B0179,VIDA/microsoft,0022000000000000ce6d,28.5,0.0,0.0,463.8,,0.613,0.0,0.387,0.0,clear,clear,,,Ngone Min Taung,
NMT-B0180,VIDA/microsoft,0022000000000000d8ca,130.8,0.0,0.0,427.3,,0.081,0.003,0.916,0.0,clear,clear,,,Ngone Min Taung,
NMT-B0181,VIDA/microsoft,0022000000000000dcff,89.2,0.0,0.0,86.1,,0.603,0.0,0.397,0.0,clear,clear,,A,Ngone Min Taung,
NMT-B0182,VIDA/microsoft,0022000000000000e26b,119.2,0.0,0.0,520.2,,0.656,0.0,0.344,0.0,clear,clear,,,Ngone Min Taung,
NMT-B0184,VIDA/microsoft,0022000000000000ec62,51.2,0.0,0.0,558.2,,0.886,0.0,0.114,0.0,clear,clear,,,Ngone Min Taung,
NMT-B0185,VIDA/microsoft,0022000000000000f0a3,78.0,0.0,0.0,557.2,,0.955,0.0,0.045,0.0,clear,clear,,,Ngone Min Taung,
NMT-B0186,VIDA/microsoft,0022000000000000fe8d,156.0,0.0,0.0,528.9,,0.878,0.0,0.122,0.0,clear,clear,,,Ngone Min Taung,
NMT-B0187,VIDA/microsoft,0022000000000001011b,100.5,0.0,0.0,434.9,,0.023,0.0,0.977,0.0,clear,clear,,,Ngone Min Taung,
NMT-B0189,VIDA/microsoft,00220000000000010438,68.4,0.0,0.0,457.2,,0.997,0.0,0.003,0.0,clear,clear,,,Ngone Min Taung,
NMT-B0191,VIDA/microsoft,002200000000000110a7,78.3,0.0,0.0,522.9,,0.959,0.0,0.041,0.0,clear,clear,,,Ngone Min Taung,
NMT-B0192,VIDA/microsoft,002200000000000112de,27.9,0.0,0.0,624.0,,0.102,0.0,0.898,0.0,clear,clear,,,Ngone Min Taung,
NMT-B0193,VIDA/microsoft,00220000000000011330,90.9,0.0,0.0,199.9,,0.24,0.003,0.756,0.001,clear,clear,,,Ngone Min Taung,
NMT-B0194,VIDA/microsoft,00220000000000011fd7,120.8,0.0,0.0,395.7,,0.977,0.0,0.023,0.0,clear,clear,,,Ngone Min Taung,
NMT-B0195,VIDA/microsoft,002200000000000122c4,42.1,0.0,0.0,467.5,,0.282,0.038,0.68,0.0,clear,clear,,,Ngone Min Taung,
NMT-B0196,VIDA/microsoft,0022000000000001268e,72.0,0.0,0.0,596.7,,0.766,0.0,0.234,0.0,clear,clear,,,Ngone Min Taung,
NMT-B0197,VIDA/microsoft,00220000000000012ae9,120.2,0.0,0.0,452.7,,0.536,0.001,0.464,0.0,clear,clear,,,Ngone Min Taung,
NMT-B0198,VIDA/microsoft,002200000000000130f6,87.4,0.0,0.0,567.3,,0.992,0.0,0.008,0.0,clear,clear,,,Ngone Min Taung,
NMT-B0199,VIDA/microsoft,00220000000000013181,126.5,0.0,0.0,425.1,,0.438,0.118,0.443,0.0,clear,clear,,,Ngone Min Taung,
NMT-B0200,VIDA/microsoft,002200000000000133a3,34.4,0.0,0.0,578.9,,0.827,0.0,0.173,0.0,clear,clear,,,Ngone Min Taung,
NMT-B0201,VIDA/microsoft,0022000000000001375e,100.3,0.0,0.0,479.5,,1.0,0.0,0.0,0.0,clear,clear,,,Ngone Min Taung,
NMT-B0202,VIDA/microsoft,00220000000000013795,51.4,0.0,0.0,270.9,,0.214,0.296,0.49,0.0,clear,clear,,B,Ngone Min Taung,
NMT-B0203,VIDA/microsoft,002200000000000139be,84.2,0.0,0.0,506.9,,1.0,0.0,0.0,0.0,clear,clear,,,Ngone Min Taung,
NMT-B0204,VIDA/microsoft,0022000000000001426f,34.8,0.0,0.0,546.2,,1.0,0.0,0.0,0.0,clear,clear,,,Ngone Min Taung,
NMT-B0206,VIDA/microsoft,00220000000000014dfe,102.5,0.0,0.0,290.8,,0.232,0.0,0.761,0.006,clear,clear,,B,Ngone Min Taung,
NMT-B0207,VIDA/microsoft,00220000000000015169,94.6,0.0,0.0,576.2,,0.996,0.0,0.004,0.0,clear,clear,,,Ngone Min Taung,
NMT-B0208,VIDA/microsoft,00220000000000015448,124.7,0.0,0.0,404.8,,0.996,0.0,0.004,0.0,clear,clear,,,Ngone Min Taung,
NMT-B0209,VIDA/microsoft,002200000000000156ff,86.8,0.0,0.0,536.4,,0.271,0.0,0.729,0.0,clear,clear,,,Ngone Min Taung,
NMT-B0210,VIDA/microsoft,002200000000000157b4,138.7,0.0,0.0,620.7,,0.011,0.228,0.761,0.0,clear,clear,,,Ngone Min Taung,
NMT-B0211,VIDA/microsoft,002200000000000160bd,42.6,0.0,0.0,480.2,,0.973,0.0,0.027,0.0,clear,clear,,,Ngone Min Taung,
NMT-B0212,VIDA/microsoft,00220000000000016219,125.0,0.0,0.0,317.7,,0.144,0.0,0.855,0.0,clear,clear,,,Ngone Min Taung,
NMT-B0213,VIDA/microsoft,002200000000000165ab,100.4,0.0,0.0,317.7,,0.078,0.01,0.912,0.0,clear,clear,,,Ngone Min Taung,
NMT-B0214,VIDA/microsoft,00220000000000016695,28.8,0.0,0.0,243.6,,1.0,0.0,0.0,0.0,clear,clear,,,Ngone Min Taung,
NMT-B0215,VIDA/microsoft,00220000000000016999,136.0,0.0,0.0,303.0,,0.225,0.0,0.775,0.0,clear,clear,,,Ngone Min Taung,
NMT-B0216,VIDA/microsoft,00220000000000016f99,214.1,0.0,0.0,62.5,,0.248,0.056,0.695,0.0,clear,clear,,A,Ngone Min Taung,
NMT-B0218,VIDA/microsoft,002200000000000176e0,111.0,0.0,0.0,350.1,,0.003,0.0,0.995,0.002,clear,clear,,B,Ngone Min Taung,
NMT-B0220,VIDA/microsoft,002200000000000180f7,150.4,0.0,0.0,364.4,,0.256,0.004,0.74,0.0,clear,clear,,,Ngone Min Taung,
NMT-B0221,VIDA/microsoft,00220000000000018bd9,103.3,0.0,0.0,563.6,,1.0,0.0,0.0,0.0,clear,clear,,,Ngone Min Taung,
NMT-B0223,VIDA/microsoft,00220000000000019077,162.1,0.0,0.0,539.1,,0.291,0.0,0.709,0.0,clear,clear,,,Ngone Min Taung,
NMT-B0225,VIDA/microsoft,00220000000000019e20,85.7,0.0,0.0,385.4,,0.638,0.0,0.362,0.0,clear,clear,,,Ngone Min Taung,
NMT-B0226,VIDA/microsoft,0022000000000001a097,94.0,0.0,0.0,622.3,,0.0,0.002,0.998,0.0,clear,clear,,,Ngone Min Taung,
NMT-B0227,VIDA/microsoft,0022000000000001ab4a,81.6,0.0,0.0,481.1,,0.241,0.143,0.616,0.0,clear,clear,,,Ngone Min Taung,
NMT-B0228,VIDA/microsoft,0022000000000001aede,117.4,0.0,0.0,442.9,,0.074,0.0,0.926,0.0,clear,clear,,,Ngone Min Taung,
NMT-B0229,VIDA/microsoft,0022000000000001b1e6,132.9,0.0,0.0,486.3,,0.998,0.0,0.002,0.0,clear,clear,,,Ngone Min Taung,
NMT-B0230,VIDA/microsoft,0022000000000001b38e,17.0,0.0,0.0,35.9,,1.0,0.0,0.0,0.0,clear,clear,,,Ngone Min Taung,
NMT-B0231,VIDA/microsoft,0022000000000001d19b,132.0,0.0,0.0,597.8,,0.993,0.0,0.007,0.0,clear,clear,,,Ngone Min Taung,
NMT-B0233,VIDA/microsoft,0022000000000001d3d1,23.0,0.0,0.0,454.0,,1.0,0.0,0.0,0.0,clear,clear,,,Ngone Min Taung,
NMT-B0234,VIDA/microsoft,0022000000000001d970,24.4,0.0,0.0,76.5,,0.899,0.003,0.098,0.0,clear,clear,,,Ngone Min Taung,
NMT-B0235,VIDA/microsoft,0022000000000001d9b4,66.8,0.0,0.0,26.0,,0.428,0.0,0.572,0.0,clear,clear,,,Ngone Min Taung,
NMT-B0236,VIDA/microsoft,0022000000000001db15,103.7,0.0,0.0,468.6,,0.097,0.0,0.903,0.0,clear,clear,,,Ngone Min Taung,
NMT-B0237,VIDA/microsoft,0022000000000001dfd0,21.1,0.0,0.0,288.0,,1.0,0.0,0.0,0.0,clear,clear,,,Ngone Min Taung,
NMT-B0238,VIDA/microsoft,0022000000000001e8ed,170.1,0.0,0.0,537.0,,0.286,0.0,0.714,0.0,clear,clear,,,Ngone Min Taung,
NMT-B0239,VIDA/microsoft,0022000000000001e922,109.7,0.0,0.0,542.1,,0.941,0.0,0.059,0.0,clear,clear,,,Ngone Min Taung,
NMT-B0240,VIDA/microsoft,0022000000000001eda6,96.5,0.0,0.0,447.8,,0.771,0.0,0.229,0.0,clear,clear,,,Ngone Min Taung,
NMT-B0241,VIDA/microsoft,0022000000000001eebf,85.5,0.0,0.0,444.6,,0.459,0.0,0.541,0.0,clear,clear,,,Ngone Min Taung,
NMT-B0242,VIDA/microsoft,0022000000000001f946,129.5,0.0,0.0,533.0,,0.691,0.0,0.309,0.0,clear,clear,,,Ngone Min Taung,
NMT-B0243,VIDA/microsoft,00220000000000020383,74.8,0.0,0.0,410.8,,1.0,0.0,0.0,0.0,clear,clear,,,Ngone Min Taung,
NMT-B0245,VIDA/microsoft,00220000000000021959,38.0,0.0,0.0,530.5,,0.37,0.0,0.63,0.0,clear,clear,,,Ngone Min Taung,
NMT-B0246,VIDA/microsoft,00220000000000021db7,151.4,0.0,0.0,491.5,,0.125,0.062,0.813,0.0,clear,clear,,,Ngone Min Taung,
NMT-B0247,VIDA/microsoft,00220000000000021e0c,114.5,0.0,0.0,453.3,,0.209,0.0,0.791,0.0,clear,clear,,,Ngone Min Taung,
NMT-B0248,VIDA/microsoft,00220000000000022283,117.5,0.0,0.0,612.3,,0.604,0.012,0.384,0.0,clear,clear,,,Ngone Min Taung,
NMT-B0249,VIDA/microsoft,0022000000000002262d,23.8,0.0,0.0,398.5,,0.373,0.0,0.627,0.0,clear,clear,,,Ngone Min Taung,
NMT-B0250,VIDA/microsoft,00220000000000022abe,99.8,0.0,0.0,520.5,,0.087,0.0,0.913,0.0,clear,clear,,,Ngone Min Taung,
NMT-B0251,VIDA/microsoft,00220000000000023285,98.5,0.0,0.0,539.5,,0.689,0.028,0.283,0.0,clear,clear,,,Ngone Min Taung,
NMT-B0252,VIDA/microsoft,0022000000000002367e,62.5,0.0,0.0,354.5,,0.006,0.058,0.936,0.0,clear,clear,,,Ngone Min Taung,
NMT-B0253,VIDA/microsoft,00220000000000023b79,42.0,0.0,0.0,474.5,,1.0,0.0,0.0,0.0,clear,clear,,,Ngone Min Taung,
NMT-B0254,VIDA/microsoft,002200000000000243a5,36.6,0.0,0.0,425.8,,1.0,0.0,0.0,0.0,clear,clear,,,Ngone Min Taung,
NMT-B0255,VIDA/microsoft,00220000000000024ec3,85.5,0.0,0.0,503.7,,1.0,0.0,0.0,0.0,clear,clear,,,Ngone Min Taung,
NMT-B0256,VIDA/microsoft,0022000000000002584c,98.4,0.0,0.0,317.8,,0.009,0.0,0.991,0.0,clear,clear,,,Ngone Min Taung,
NMT-B0257,VIDA/microsoft,00220000000000025ef0,55.6,0.0,0.0,461.0,,1.0,0.0,0.0,0.0,clear,clear,,,Ngone Min Taung,
NMT-B0259,VIDA/microsoft,0022000000000002659b,143.0,0.0,0.0,508.4,,0.159,0.207,0.633,0.0,clear,clear,,,Ngone Min Taung,
NMT-B0260,VIDA/microsoft,00220000000000026b53,56.3,0.0,0.0,71.5,,0.437,0.025,0.537,0.001,clear,clear,,A,Ngone Min Taung,
NMT-B0261,VIDA/microsoft,0022000000000002762a,125.0,0.0,0.0,484.9,,0.535,0.0,0.465,0.0,clear,clear,,,Ngone Min Taung,
NMT-B0262,VIDA/microsoft,00220000000000027e62,122.7,0.0,0.0,474.2,,0.139,0.0,0.861,0.0,clear,clear,,,Ngone Min Taung,
NMT-B0263,VIDA/microsoft,00220000000000028c89,135.6,0.0,0.0,573.4,,0.773,0.0,0.227,0.0,clear,clear,,,Ngone Min Taung,
NMT-B0264,VIDA/microsoft,002200000000000294ad,90.5,0.0,0.0,592.1,,0.855,0.0,0.145,0.0,clear,clear,,,Ngone Min Taung,
NMT-B0265,VIDA/microsoft,00220000000000029833,105.1,0.0,0.0,554.9,,1.0,0.0,0.0,0.0,clear,clear,,,Ngone Min Taung,
NMT-B0267,VIDA/microsoft,0022000000000002afd9,82.7,0.0,0.0,627.0,,0.757,0.0,0.243,0.0,clear,clear,,,Ngone Min Taung,
NMT-B0268,VIDA/microsoft,0022000000000002b0b8,110.5,0.0,0.0,459.7,,0.998,0.0,0.002,0.0,clear,clear,,,Ngone Min Taung,
NMT-B0269,VIDA/microsoft,0022000000000002b1b4,135.0,0.0,0.0,434.8,,0.748,0.0,0.252,0.0,clear,clear,,,Ngone Min Taung,
NMT-B0270,VIDA/microsoft,0022000000000002bd74,134.8,0.0,0.0,367.1,,0.586,0.0,0.414,0.0,clear,clear,,,Ngone Min Taung,
NMT-B0272,VIDA/microsoft,0022000000000002ca3f,108.5,0.0,0.0,578.4,,0.895,0.0,0.105,0.0,clear,clear,,,Ngone Min Taung,
NMT-B0273,VIDA/microsoft,0022000000000002cdcb,36.7,0.0,0.0,568.9,,1.0,0.0,0.0,0.0,clear,clear,,,Ngone Min Taung,
NMT-B0274,VIDA/microsoft,0022000000000002cdeb,32.2,0.0,0.0,487.6,,1.0,0.0,0.0,0.0,clear,clear,,,Ngone Min Taung,
NMT-B0275,VIDA/microsoft,0022000000000002cfaa,73.7,0.0,0.0,292.4,,0.728,0.0,0.272,0.0,clear,clear,,,Ngone Min Taung,
NMT-B0276,VIDA/microsoft,0022000000000002d3e6,23.7,0.0,0.0,363.7,,0.038,0.0,0.962,0.0,clear,clear,,,Ngone Min Taung,
NMT-B0277,VIDA/microsoft,0022000000000002dc7e,104.4,0.0,0.0,126.3,,1.0,0.0,0.0,0.0,clear,clear,,,Ngone Min Taung,
NMT-B0278,VIDA/microsoft,0022000000000002e1cb,67.4,0.0,0.0,501.4,,0.114,0.0,0.885,0.001,clear,clear,,,Ngone Min Taung,
NMT-B0279,VIDA/microsoft,0022000000000002ed30,76.0,0.0,0.0,334.1,,0.006,0.0,0.994,0.0,clear,clear,,,Ngone Min Taung,
NMT-B0280,VIDA/microsoft,0022000000000002f37a,152.9,0.0,0.0,537.8,,0.406,0.0,0.594,0.0,clear,clear,,,Ngone Min Taung,
NMT-B0281,VIDA/microsoft,0022000000000002f47d,36.6,0.0,0.0,525.9,,0.991,0.0,0.009,0.0,clear,clear,,,Ngone Min Taung,
NMT-B0282,VIDA/microsoft,002200000000000304df,91.5,0.0,0.0,341.6,,0.006,0.691,0.303,0.0,clear,clear,,,Ngone Min Taung,
NMT-B0283,VIDA/microsoft,00220000000000030987,47.3,0.0,0.0,552.2,,0.219,0.0,0.781,0.0,clear,clear,,,Ngone Min Taung,
NMT-B0284,VIDA/microsoft,00220000000000030dce,43.6,0.0,0.0,523.7,,0.987,0.0,0.013,0.0,clear,clear,,,Ngone Min Taung,
NMT-B0286,VIDA/microsoft,00220000000000030f64,94.0,0.0,0.0,481.2,,0.743,0.0,0.257,0.0,clear,clear,,,Ngone Min Taung,
NMT-B0287,VIDA/microsoft,00220000000000031b01,93.6,0.0,0.0,604.0,,0.974,0.0,0.026,0.0,clear,clear,,,Ngone Min Taung,
NMT-B0288,VIDA/microsoft,00220000000000031b7f,68.4,0.0,0.0,377.1,,0.4,0.066,0.533,0.0,clear,clear,,,Ngone Min Taung,
NMT-B0289,VIDA/microsoft,002200000000000321ae,63.2,0.0,0.0,618.6,,0.412,0.002,0.585,0.0,clear,clear,,,Ngone Min Taung,
NMT-B0290,VIDA/microsoft,002200000000000321be,149.0,0.0,0.0,551.0,,0.101,0.0,0.899,0.0,clear,clear,,,Ngone Min Taung,
NMT-B0291,VIDA/microsoft,00220000000000032220,56.4,0.0,0.0,613.5,,0.86,0.0,0.14,0.0,clear,clear,,,Ngone Min Taung,
NMT-B0292,VIDA/microsoft,00220000000000032385,149.1,0.0,0.0,537.7,,0.403,0.0,0.597,0.0,clear,clear,,,Ngone Min Taung,
NMT-B0293,VIDA/microsoft,00220000000000032aa1,19.8,0.0,0.0,297.6,,0.463,0.0,0.51,0.027,clear,clear,,,Ngone Min Taung,
NMT-B0294,VIDA/microsoft,002200000000000332f4,134.4,0.0,0.0,61.9,,0.213,0.0,0.781,0.006,clear,clear,,A,Ngone Min Taung,
NMT-B0295,VIDA/microsoft,00220000000000033954,44.9,0.0,0.0,600.0,,1.0,0.0,0.0,0.0,clear,clear,,,Ngone Min Taung,
NMT-B0296,VIDA/microsoft,00220000000000033b93,123.2,0.0,0.0,566.0,,0.625,0.0,0.375,0.0,clear,clear,,,Ngone Min Taung,
NMT-B0297,VIDA/microsoft,00220000000000035072,52.5,0.0,0.0,191.5,,0.456,0.0,0.544,0.0,clear,clear,,,Ngone Min Taung,
NMT-B0298,VIDA/microsoft,002200000000000357b7,116.0,0.0,0.0,504.2,,0.798,0.0,0.202,0.0,clear,clear,,,Ngone Min Taung,
NMT-B0299,VIDA/microsoft,002200000000000358d4,138.8,0.0,0.0,531.4,,0.04,0.137,0.823,0.0,clear,clear,,,Ngone Min Taung,
NMT-B0300,VIDA/microsoft,002200000000000359c5,77.4,0.0,0.0,487.4,,0.778,0.0,0.222,0.0,clear,clear,,,Ngone Min Taung,
NMT-B0301,VIDA/microsoft,00220000000000035b28,85.9,0.0,0.0,239.1,,0.641,0.229,0.13,0.0,clear,clear,,,Ngone Min Taung,
NMT-B0302,VIDA/microsoft,00220000000000035b8a,83.5,0.0,0.0,412.7,,0.007,0.0,0.993,0.0,clear,clear,,,Ngone Min Taung,
NMT-B0303,VIDA/microsoft,00220000000000035f48,34.5,0.0,0.0,419.5,,1.0,0.0,0.0,0.0,clear,clear,,,Ngone Min Taung,
NMT-B0304,VIDA/microsoft,00220000000000036297,73.1,0.0,0.0,443.9,,1.0,0.0,0.0,0.0,clear,clear,,,Ngone Min Taung,
NMT-B0305,VIDA/microsoft,00220000000000036758,80.1,0.0,0.0,529.9,,0.928,0.0,0.072,0.0,clear,clear,,,Ngone Min Taung,
NMT-B0306,VIDA/microsoft,00220000000000036946,19.8,0.0,0.0,563.8,,1.0,0.0,0.0,0.0,clear,clear,,,Ngone Min Taung,
NMT-B0307,VIDA/microsoft,00220000000000036c50,99.1,0.0,0.0,531.6,,0.487,0.0,0.513,0.0,clear,clear,,,Ngone Min Taung,
NMT-B0308,VIDA/microsoft,00220000000000037568,41.1,0.0,0.0,239.1,,0.004,0.0,0.996,0.0,clear,clear,,,Ngone Min Taung,
NMT-B0309,VIDA/microsoft,0022000000000003847a,78.5,0.0,0.0,572.9,,0.084,0.671,0.245,0.0,clear,clear,,,Ngone Min Taung,
NMT-B0310,VIDA/microsoft,00220000000000038a41,92.5,0.0,0.0,605.7,,0.939,0.0,0.061,0.0,clear,clear,,,Ngone Min Taung,
NMT-B0311,VIDA/microsoft,00220000000000038c6b,103.0,0.0,0.0,516.2,,0.591,0.0,0.409,0.0,clear,clear,,,Ngone Min Taung,
NMT-B0312,VIDA/microsoft,00220000000000038ed7,19.6,0.0,0.0,106.5,,1.0,0.0,0.0,0.0,clear,clear,,,Ngone Min Taung,
NMT-B0313,VIDA/microsoft,002200000000000391b0,149.6,0.0,0.0,562.2,,1.0,0.0,0.0,0.0,clear,clear,,,Ngone Min Taung,
KDNH-B0002,OSM,1564013198,101.4,0.0,0.0,167.4,,0.124,0.002,0.871,0.004,clear,clear,,B,Ka Det Nge Htein,
KDNH-B0003,OSM,1564013199,118.9,0.0,0.0,157.0,,0.038,0.048,0.908,0.006,clear,clear,,B,Ka Det Nge Htein,
KDNH-B0004,OSM,1564013200,101.6,0.0,0.0,135.7,,0.581,0.087,0.33,0.001,clear,clear,,B,Ka Det Nge Htein,
KDNH-B0005,OSM,1564013201,101.6,0.0,0.0,64.2,,0.009,0.014,0.977,0.0,clear,clear,,B,Ka Det Nge Htein,
KDNH-B0006,OSM,1564013202,101.5,0.0,0.0,95.9,,0.966,0.017,0.017,0.0,clear,clear,,B,Ka Det Nge Htein,
KDNH-B0007,OSM,1564013203,87.0,0.0,0.0,106.1,,0.003,0.923,0.052,0.022,clear,clear,,A,Ka Det Nge Htein,
KDNH-B0008,OSM,1564013204,45.8,0.0,0.0,85.4,,0.218,0.228,0.544,0.011,clear,clear,,A,Ka Det Nge Htein,
KDNH-B0009,OSM,1564013205,45.8,0.0,0.0,72.2,,0.0,0.309,0.656,0.035,clear,clear,,A,Ka Det Nge Htein,
KDNH-B0010,OSM,1564013206,47.4,0.998,0.0,0.0,KD-04,0.022,0.777,0.17,0.03,destroyed,destroyed,,A,Ka Det Nge Htein,
KDNH-B0011,OSM,1564013207,47.4,0.0,0.0,15.8,,0.0,0.021,0.979,0.0,clear,clear,,A,Ka Det Nge Htein,
KDNH-B0012,OSM,1564013208,47.4,0.0,0.0,56.5,,0.287,0.003,0.705,0.004,clear,clear,,A,Ka Det Nge Htein,
KDNH-B0013,OSM,1564013209,47.4,0.0,0.0,6.6,KD-04,0.0,0.003,0.994,0.003,edge,edge,,A,Ka Det Nge Htein,
KDNH-B0014,OSM,1564013210,45.8,0.0,0.0,21.8,,0.0,0.008,0.992,0.0,clear,clear,,A,Ka Det Nge Htein,
KDNH-B0015,OSM,1564013211,122.9,1.0,0.0,0.0,KD-01,0.0,0.973,0.027,0.0,destroyed,destroyed,,A,Ka Det Nge Htein,
KDNH-B0016,OSM,1564013212,45.8,0.0,0.0,76.8,,0.0,0.0,0.999,0.001,clear,clear,,A,Ka Det Nge Htein,
KDNH-B0017,OSM,1564013213,155.5,1.0,0.0,0.0,KD-01,0.0,0.974,0.026,0.0,destroyed,destroyed,Roof gone; wreckage and fallen trees on the footprint at the debris edge by the monastery school,A,Ka Det Nge Htein,
KDNH-B0018,OSM,1564013214,155.5,0.016,0.0,0.0,KD-01,0.012,0.914,0.063,0.011,edge,edge,,A,Ka Det Nge Htein,
KDNH-B0019,OSM,1564013215,106.0,0.004,0.0,0.0,KD-01,0.043,0.393,0.556,0.008,edge,edge,,A,Ka Det Nge Htein,
KDNH-B0020,OSM,1564013216,276.8,0.0,0.0,13.8,,0.0,0.001,0.999,0.0,clear,clear,,A,Ka Det Nge Htein,
KDNH-B0021,OSM,1564013217,276.8,0.0,0.0,3.1,KD-01,0.963,0.001,0.031,0.005,edge,edge,,A,Ka Det Nge Htein,
KDNH-B0022,OSM,1564013218,302.3,0.0,0.0,28.5,,0.006,0.0,0.964,0.03,clear,clear,,A,Ka Det Nge Htein,
KDNH-B0023,OSM,1564013219,81.9,0.0,0.0,42.5,,0.741,0.043,0.215,0.001,clear,clear,,A,Ka Det Nge Htein,
KDNH-B0024,OSM,1564013220,106.0,0.0,0.0,20.9,,0.117,0.125,0.757,0.002,clear,clear,,B,Ka Det Nge Htein,
KDNH-B0025,OSM,1564013221,57.5,0.0,0.0,50.8,,0.011,0.089,0.9,0.0,clear,clear,,A,Ka Det Nge Htein,
KDNH-B0026,OSM,1564013222,105.9,0.0,0.0,71.7,,0.085,0.388,0.496,0.031,clear,clear,,B,Ka Det Nge Htein,
KDNH-B0027,OSM,1564013223,105.9,0.0,0.0,72.5,,0.178,0.125,0.679,0.018,clear,clear,,B,Ka Det Nge Htein,
KDNH-B0028,OSM,1564013224,105.9,0.0,0.0,65.8,,0.005,0.091,0.903,0.001,clear,clear,,B,Ka Det Nge Htein,
KDNH-B0029,OSM,1564013225,105.9,0.0,0.0,60.9,,0.003,0.079,0.917,0.001,clear,clear,,B,Ka Det Nge Htein,
KDNH-B0030,OSM,1564013226,105.9,0.0,0.0,60.1,,0.027,0.015,0.949,0.009,clear,clear,,B,Ka Det Nge Htein,
KDNH-B0031,OSM,1564013227,106.0,0.0,0.0,49.1,,0.013,0.053,0.935,0.0,clear,clear,,B,Ka Det Nge Htein,
KDNH-B0032,OSM,1564013228,105.9,0.0,0.0,119.6,,0.176,0.389,0.432,0.003,clear,clear,,B,Ka Det Nge Htein,
KDNH-B0033,OSM,1564013229,106.0,0.0,0.0,101.4,,0.0,0.0,1.0,0.0,clear,clear,,B,Ka Det Nge Htein,
KDNH-B0034,OSM,1564013230,105.9,0.0,0.0,80.8,,0.128,0.053,0.801,0.018,clear,clear,,B,Ka Det Nge Htein,
KDNH-B0035,OSM,1564013231,105.8,0.0,0.0,110.7,,0.024,0.004,0.956,0.017,clear,clear,,B,Ka Det Nge Htein,
KDNH-B0036,OSM,1564013232,57.5,0.0,0.0,91.7,,0.286,0.204,0.457,0.053,clear,clear,,B,Ka Det Nge Htein,
KDNH-B0040,OSM,1564016003,83.6,0.0,0.0,204.0,,0.018,0.3,0.682,0.0,clear,clear,,B,Ka Det Nge Htein,
KDNH-B0041,OSM,1564016004,83.6,0.0,0.0,198.6,,0.145,0.0,0.855,0.0,clear,clear,,B,Ka Det Nge Htein,
KDNH-B0042,OSM,1564016005,57.5,0.0,0.0,191.9,,0.0,0.0,1.0,0.0,clear,clear,,B,Ka Det Nge Htein,
KDNH-B0043,OSM,1564016006,83.6,0.0,0.0,180.1,,0.0,0.0,1.0,0.0,clear,clear,,B,Ka Det Nge Htein,
KDNH-B0044,OSM,1564016007,45.3,0.0,0.0,176.4,,0.003,0.006,0.981,0.009,clear,clear,,B,Ka Det Nge Htein,
KDNH-B0045,OSM,1564016008,83.6,0.0,0.0,148.2,,0.002,0.048,0.944,0.006,clear,clear,,B,Ka Det Nge Htein,
KDNH-B0046,OSM,1564016009,83.6,0.0,0.0,138.4,,0.047,0.696,0.257,0.001,clear,clear,,B,Ka Det Nge Htein,
KDNH-B0047,OSM,1564016010,57.6,0.0,0.0,167.8,,0.085,0.023,0.864,0.027,clear,clear,,B,Ka Det Nge Htein,
KDNH-B0048,OSM,1564016011,83.6,0.0,0.0,132.1,,0.0,0.0,1.0,0.0,clear,clear,,B,Ka Det Nge Htein,
KDNH-B0049,OSM,1564016012,83.6,0.0,0.0,119.3,,0.003,0.004,0.985,0.008,clear,clear,,B,Ka Det Nge Htein,
KDNH-B0050,OSM,1564016013,83.6,0.0,0.0,116.7,,0.061,0.692,0.246,0.0,clear,clear,,B,Ka Det Nge Htein,
KDNH-B0051,OSM,1564016014,83.6,0.0,0.0,99.2,,0.156,0.004,0.831,0.009,clear,clear,,B,Ka Det Nge Htein,
KDNH-B0052,OSM,1564016015,83.6,0.0,0.0,91.8,,0.143,0.114,0.737,0.006,clear,clear,,B,Ka Det Nge Htein,
KDNH-B0053,OSM,1564016016,83.6,0.0,0.0,135.0,,0.003,0.062,0.933,0.001,clear,clear,,B,Ka Det Nge Htein,
KDNH-B0054,OSM,1564016017,83.6,0.0,0.0,139.0,,0.004,0.065,0.925,0.005,clear,clear,,B,Ka Det Nge Htein,
KDNH-B0055,OSM,1564016018,156.0,0.0,0.0,197.7,,0.628,0.057,0.253,0.062,clear,clear,,B,Ka Det Nge Htein,
KDNH-B0056,OSM,1564016019,106.0,0.0,0.0,4.5,KD-01,0.025,0.069,0.903,0.003,edge,edge,,B,Ka Det Nge Htein,
KDNH-B0057,OSM,1564016020,106.0,0.938,0.0,0.0,KD-01,0.03,0.031,0.925,0.013,damaged,damaged,,B,Ka Det Nge Htein,
KDNH-B0058,OSM,1564016021,106.0,1.0,0.0,0.0,KD-01,0.0,0.044,0.956,0.0,destroyed,damaged,"No roof left; footprint under pale sand (sand reads as grey, not soil)",B,Ka Det Nge Htein,
KDNH-B0059,OSM,1564016022,105.9,1.0,0.0,0.0,KD-01,0.0,0.811,0.189,0.0,destroyed,destroyed,,B,Ka Det Nge Htein,
KDNH-B0060,OSM,1564016023,105.9,1.0,0.0,0.0,KD-01,0.0,0.779,0.221,0.0,destroyed,destroyed,,B,Ka Det Nge Htein,
KDNH-B0061,OSM,1564016024,106.0,1.0,0.0,0.0,KD-01,0.0,1.0,0.0,0.0,destroyed,destroyed,,B,Ka Det Nge Htein,
KDNH-B0062,OSM,1564016025,105.9,1.0,0.0,0.0,KD-01,0.0,0.862,0.138,0.0,destroyed,destroyed,,B,Ka Det Nge Htein,
KDNH-B0063,OSM,1564016026,106.0,1.0,0.0,0.0,KD-01,0.0,0.546,0.454,0.0,destroyed,damaged,No roof left; footprint under pale sand,B,Ka Det Nge Htein,
KDNH-B0064,OSM,1564016027,106.0,1.0,0.0,0.0,KD-01,0.0,0.838,0.162,0.0,destroyed,destroyed,,B,Ka Det Nge Htein,
KDNH-B0065,OSM,1564016028,155.5,1.0,0.0,0.0,KD-01,0.0,0.309,0.691,0.0,destroyed,damaged,No roof left; footprint under pale sand,A,Ka Det Nge Htein,
KDNH-B0066,OSM,1564016029,105.9,1.0,0.0,0.0,KD-01,0.0,0.993,0.007,0.0,destroyed,destroyed,,A,Ka Det Nge Htein,
KDNH-B0067,OSM,1564016030,105.9,1.0,0.0,0.0,KD-01,0.003,0.158,0.84,0.0,destroyed,damaged,No roof left; only scattered debris on sand,B,Ka Det Nge Htein,
KDNH-B0068,OSM,1564016031,57.6,1.0,0.0,0.0,KD-01,0.0,0.999,0.001,0.0,destroyed,destroyed,,A,Ka Det Nge Htein,
KDNH-B0069,OSM,1564016032,106.0,0.0,0.0,6.2,KD-01,0.092,0.014,0.894,0.0,edge,edge,,A,Ka Det Nge Htein,
KDNH-B0070,OSM,1564016033,105.9,0.0,0.0,29.0,,0.0,0.0,1.0,0.0,clear,clear,,A,Ka Det Nge Htein,
KDNH-B0071,OSM,1564016034,105.9,1.0,0.0,0.0,KD-01,0.007,0.568,0.424,0.002,destroyed,damaged,"No roof left; timber on sand, the house beside it still stands",A,Ka Det Nge Htein,
KDNH-B0072,OSM,1564016035,105.9,1.0,0.0,0.0,KD-01,0.0,0.559,0.441,0.0,destroyed,damaged,No roof left; footprint under sand and timber,A,Ka Det Nge Htein,
KDNH-B0073,OSM,1564016036,57.6,0.0,0.0,14.6,,0.271,0.066,0.65,0.013,clear,clear,,A,Ka Det Nge Htein,
KDNH-B0074,OSM,1564016037,105.9,0.0,0.0,5.4,KD-01,0.0,0.683,0.316,0.0,edge,edge,,B,Ka Det Nge Htein,
KDNH-B0075,OSM,1564016038,105.9,0.596,0.0,0.0,KD-01,0.002,0.933,0.063,0.002,destroyed,destroyed,,B,Ka Det Nge Htein,
KDNH-B0076,OSM,1564016039,45.1,1.0,0.0,0.0,KD-01,0.0,0.001,0.999,0.0,destroyed,damaged,No roof left; footprint under pale sand,B,Ka Det Nge Htein,
KDNH-B0077,OSM,1564016040,105.9,0.0,0.0,17.2,,0.004,0.648,0.301,0.047,clear,clear,,A,Ka Det Nge Htein,
KDNH-B0078,OSM,1564016041,128.2,0.0,0.0,20.3,,0.0,0.955,0.043,0.003,clear,clear,,B,Ka Det Nge Htein,
KDNH-B0079,OSM,1564016042,105.9,0.0,0.0,62.1,,0.0,0.005,0.995,0.0,clear,clear,,A,Ka Det Nge Htein,
KDNH-B0080,OSM,1564016043,57.5,0.0,0.0,34.7,,0.0,0.235,0.748,0.017,clear,clear,,A,Ka Det Nge Htein,
KDNH-B0081,OSM,1564016044,45.1,0.0,0.0,73.7,,0.082,0.0,0.918,0.0,clear,clear,,B,Ka Det Nge Htein,
KDNH-B0082,OSM,1564016045,128.1,0.0,0.0,83.1,,0.1,0.056,0.841,0.003,clear,clear,,B,Ka Det Nge Htein,
KDNH-B0083,OSM,1564016046,106.0,0.0,0.0,97.0,,0.004,0.0,0.996,0.0,clear,clear,,B,Ka Det Nge Htein,
KDNH-B0084,OSM,1564016047,128.3,0.0,0.0,71.9,,0.012,0.171,0.807,0.011,clear,clear,,B,Ka Det Nge Htein,
KDNH-B0085,OSM,1564016048,57.6,0.0,0.0,20.5,,0.0,0.05,0.95,0.0,clear,clear,,B,Ka Det Nge Htein,
KDNH-B0086,OSM,1564016049,20.1,0.0,0.0,65.9,,0.0,0.0,1.0,0.0,clear,clear,,B,Ka Det Nge Htein,
KDNH-B0087,OSM,1564016050,128.2,0.0,0.0,114.6,,0.033,0.0,0.964,0.002,clear,clear,,B,Ka Det Nge Htein,
KDNH-B0088,OSM,1564016051,57.6,0.0,0.0,104.9,,0.0,0.0,1.0,0.0,clear,clear,,B,Ka Det Nge Htein,
KDNH-B0089,OSM,1564016052,45.1,0.0,0.0,114.1,,0.0,0.0,1.0,0.0,clear,clear,,B,Ka Det Nge Htein,
KDNH-B0090,OSM,1564016053,106.0,0.0,0.0,108.7,,0.015,0.041,0.937,0.008,clear,clear,,A,Ka Det Nge Htein,
KDNH-B0091,OSM,1564016054,57.5,0.0,0.0,123.1,,0.024,0.024,0.953,0.0,clear,clear,,B,Ka Det Nge Htein,
KDNH-B0092,OSM,1564016055,128.2,0.0,0.0,94.2,,0.0,0.162,0.809,0.029,clear,clear,,B,Ka Det Nge Htein,
KDNH-B0093,OSM,1564016056,105.9,0.0,0.0,100.4,,0.0,0.103,0.897,0.0,clear,clear,,A,Ka Det Nge Htein,
KDNH-B0094,OSM,1564016057,57.5,0.0,0.0,82.7,,0.0,0.012,0.987,0.0,clear,clear,,A,Ka Det Nge Htein,
KDNH-B0095,OSM,1564016058,45.1,0.0,0.0,72.3,,0.0,0.002,0.993,0.005,clear,clear,,A,Ka Det Nge Htein,
KDNH-B0096,OSM,1564016059,106.1,0.0,0.0,67.6,,0.32,0.015,0.662,0.003,clear,clear,,A,Ka Det Nge Htein,
KDNH-B0097,OSM,1564016060,106.1,0.0,0.0,125.6,,0.009,0.762,0.153,0.076,clear,clear,,B,Ka Det Nge Htein,
KDNH-B0098,OSM,1564016061,105.9,0.0,0.0,139.3,,0.032,0.005,0.955,0.008,clear,clear,,B,Ka Det Nge Htein,
KDNH-B0099,OSM,1564016062,45.0,0.0,0.0,111.3,,0.0,0.978,0.022,0.0,clear,clear,,A,Ka Det Nge Htein,
KDNH-B0100,OSM,1564016063,105.9,0.0,0.0,159.9,,0.0,0.814,0.186,0.0,clear,clear,,B,Ka Det Nge Htein,
KDNH-B0101,OSM,1564018588,57.5,0.0,0.0,178.6,,0.12,0.419,0.461,0.0,clear,clear,,B,Ka Det Nge Htein,
KDNH-B0102,OSM,1564018589,57.6,0.0,0.0,175.4,,0.0,0.059,0.941,0.0,clear,clear,,B,Ka Det Nge Htein,
KDNH-B0103,OSM,1564018590,45.0,0.0,0.0,183.2,,0.0,0.525,0.472,0.003,clear,clear,,B,Ka Det Nge Htein,
KDNH-B0104,OSM,1564018591,128.2,0.0,0.0,219.9,,0.01,0.0,0.99,0.0,clear,clear,,,Ka Det Nge Htein,
KDNH-B0105,OSM,1564018592,57.5,0.0,0.0,179.2,,0.06,0.06,0.88,0.0,clear,clear,,B,Ka Det Nge Htein,
KDNH-B0106,OSM,1564018593,45.1,0.0,0.0,184.3,,0.002,0.0,0.998,0.0,clear,clear,,B,Ka Det Nge Htein,
KDNH-B0107,OSM,1564018594,106.1,0.0,0.0,98.4,,0.016,0.647,0.328,0.01,clear,clear,,B,Ka Det Nge Htein,
KDNH-B0108,OSM,1564018595,106.0,0.0,0.0,105.1,,0.014,0.957,0.03,0.0,clear,clear,,B,Ka Det Nge Htein,
KDNH-B0109,OSM,1564018596,57.6,0.0,0.0,209.5,,0.0,0.082,0.918,0.0,clear,clear,,,Ka Det Nge Htein,
KDNH-B0110,OSM,1564018597,57.6,0.0,0.0,197.6,,0.048,0.0,0.952,0.0,clear,clear,,B,Ka Det Nge Htein,
KDNH-B0111,OSM,1564018598,20.1,0.0,0.0,196.5,,0.0,0.0,1.0,0.0,clear,clear,,B,Ka Det Nge Htein,
KDNH-B0112,OSM,1564018599,128.1,0.0,0.0,214.8,,0.019,0.219,0.762,0.0,clear,clear,,,Ka Det Nge Htein,
KDNH-B0113,OSM,1564018600,105.9,0.0,0.0,148.7,,0.021,0.056,0.922,0.0,clear,clear,,B,Ka Det Nge Htein,
KDNH-B0114,OSM,1564018601,58.0,0.0,0.0,185.9,,0.0,0.11,0.89,0.0,clear,clear,,B,Ka Det Nge Htein,
KDNH-B0115,OSM,1564018602,58.0,0.0,0.0,180.2,,0.0,0.129,0.871,0.0,clear,clear,,,Ka Det Nge Htein,
KDNH-B0116,OSM,1564018603,58.0,0.0,0.0,190.2,,0.0,0.982,0.018,0.0,clear,clear,,,Ka Det Nge Htein,
KDNH-B0117,OSM,1564018604,58.0,0.0,0.0,94.3,,0.002,0.051,0.947,0.0,clear,clear,,B,Ka Det Nge Htein,
KDNH-B0118,OSM,1564018605,58.0,0.0,0.0,87.2,,0.002,0.001,0.997,0.0,clear,clear,,B,Ka Det Nge Htein,
KDNH-B0119,OSM,1564018606,105.9,0.0,0.0,86.1,,0.007,0.004,0.979,0.01,clear,clear,,B,Ka Det Nge Htein,
KDNH-B0120,OSM,1564018607,57.5,0.0,0.0,72.1,,0.258,0.095,0.641,0.006,clear,clear,,B,Ka Det Nge Htein,
KDNH-B0121,OSM,1564018608,58.0,0.0,0.0,215.9,,0.0,0.002,0.998,0.0,clear,clear,,,Ka Det Nge Htein,
KDNH-B0122,OSM,1564018609,105.9,0.0,0.0,73.3,,0.002,0.048,0.949,0.001,clear,clear,,B,Ka Det Nge Htein,
KDNH-B0123,OSM,1564018610,58.0,0.0,0.0,74.3,,0.001,0.011,0.988,0.0,clear,clear,,B,Ka Det Nge Htein,
KDNH-B0124,OSM,1564018611,58.0,0.0,0.0,111.5,,0.0,0.0,1.0,0.0,clear,clear,,B,Ka Det Nge Htein,
KDNH-B0125,OSM,1564018612,57.9,0.0,0.0,108.6,,0.0,0.04,0.959,0.002,clear,clear,,B,Ka Det Nge Htein,
KDNH-B0126,OSM,1564018613,57.5,0.0,0.0,95.6,,0.572,0.308,0.114,0.007,clear,clear,,B,Ka Det Nge Htein,
KDNH-B0127,OSM,1564018614,128.1,0.0,0.0,138.1,,0.06,0.467,0.47,0.003,clear,clear,,B,Ka Det Nge Htein,
KDNH-B0128,OSM,1564018615,105.9,0.0,0.0,180.6,,0.043,0.089,0.858,0.01,clear,clear,,,Ka Det Nge Htein,
KDNH-B0129,OSM,1564018616,57.5,0.0,0.0,172.7,,0.27,0.006,0.691,0.032,clear,clear,,,Ka Det Nge Htein,
KDNH-B0130,OSM,1564018617,128.1,0.0,0.0,135.5,,0.0,0.038,0.962,0.0,clear,clear,,B,Ka Det Nge Htein,
KDNH-B0131,OSM,1564018618,128.1,0.0,0.0,145.1,,0.098,0.611,0.283,0.008,clear,clear,,B,Ka Det Nge Htein,
KDNH-B0132,OSM,1564018619,128.2,0.0,0.0,196.1,,0.034,0.02,0.943,0.002,clear,clear,,,Ka Det Nge Htein,
KDNH-B0133,OSM,1564018620,58.0,0.0,0.0,201.5,,0.0,0.0,1.0,0.0,clear,clear,,,Ka Det Nge Htein,
KDNH-B0134,OSM,1564018621,105.9,0.0,0.0,158.3,,0.002,0.164,0.833,0.0,clear,clear,,B,Ka Det Nge Htein,
KDNH-B0135,OSM,1564018622,58.0,0.0,0.0,186.8,,0.008,0.015,0.977,0.0,clear,clear,,,Ka Det Nge Htein,
KDNH-B0136,OSM,1564018623,45.1,0.0,0.0,189.7,,0.0,0.0,1.0,0.0,clear,clear,,,Ka Det Nge Htein,
KDNH-B0137,OSM,1564018624,45.1,0.0,0.0,193.1,,0.0,0.525,0.475,0.0,clear,clear,,,Ka Det Nge Htein,
KDNH-B0138,OSM,1564018625,105.9,0.0,0.0,190.2,,0.0,0.175,0.825,0.0,clear,clear,,,Ka Det Nge Htein,
KDNH-B0139,OSM,1564018626,57.5,0.0,0.0,180.9,,0.145,0.004,0.851,0.0,clear,clear,,,Ka Det Nge Htein,
KDNH-B0140,OSM,1564018627,128.3,0.0,0.0,141.9,,0.178,0.229,0.586,0.007,clear,clear,,B,Ka Det Nge Htein,
KDNH-B0141,OSM,1564018628,58.0,0.0,0.0,154.5,,0.0,0.02,0.979,0.001,clear,clear,,B,Ka Det Nge Htein,
KDNH-B0142,OSM,1564018629,57.9,0.0,0.0,111.7,,0.001,0.245,0.755,0.0,clear,clear,,B,Ka Det Nge Htein,
KDNH-B0143,OSM,1564018630,101.7,0.0,0.0,203.5,,0.189,0.081,0.725,0.004,clear,clear,,B,Ka Det Nge Htein,
KDNH-B0144,OSM,1564018631,57.5,0.0,0.0,210.7,,0.0,0.0,1.0,0.0,clear,clear,,,Ka Det Nge Htein,
KDNH-B0145,OSM,1564018632,57.5,0.0,0.0,188.4,,0.137,0.084,0.779,0.0,clear,clear,,,Ka Det Nge Htein,
KDNH-B0146,OSM,1564018634,58.0,0.0,0.0,220.2,,0.287,0.0,0.713,0.0,clear,clear,,,Ka Det Nge Htein,
KDNH-B0147,OSM,1564018635,57.5,0.0,0.0,202.7,,0.024,0.009,0.956,0.012,clear,clear,,,Ka Det Nge Htein,
KDNH-B0148,OSM,1564018636,57.5,0.0,0.0,200.9,,0.0,0.024,0.958,0.018,clear,clear,,,Ka Det Nge Htein,
KDNH-B0150,OSM,1564018638,57.9,0.0,0.0,236.1,,0.0,0.749,0.251,0.0,clear,clear,,,Ka Det Nge Htein,
KDNH-B0151,OSM,1564018639,57.9,0.0,0.0,226.6,,0.104,0.091,0.805,0.001,clear,clear,,,Ka Det Nge Htein,
KDNH-B0152,OSM,1564018640,57.9,0.0,0.0,209.5,,0.0,0.0,1.0,0.0,clear,clear,,B,Ka Det Nge Htein,
KDNH-B0156,OSM,1564018648,104.8,0.0,0.0,236.6,,0.042,0.0,0.958,0.0,clear,clear,,,Ka Det Nge Htein,
KDNH-B0157,OSM,1564018649,30.2,0.0,0.0,226.3,,0.116,0.0,0.884,0.0,clear,clear,,,Ka Det Nge Htein,
KDNH-B0158,OSM,1564018650,53.5,0.0,0.0,242.8,,0.032,0.37,0.566,0.032,clear,clear,,,Ka Det Nge Htein,
KDNH-B0159,OSM,1564018651,30.2,0.0,0.0,221.1,,0.01,0.005,0.948,0.038,clear,clear,,,Ka Det Nge Htein,
KDNH-B0160,OSM,1564126682,57.6,0.0,0.0,206.3,,0.445,0.0,0.554,0.001,clear,clear,,B,Ka Det Nge Htein,
KDNH-B0161,OSM,1564131008,128.1,0.0,0.0,214.1,,0.139,0.031,0.829,0.001,clear,clear,,,Ka Det Nge Htein,
KDNH-B0162,OSM,1564131009,58.0,0.0,0.0,215.9,,0.0,0.285,0.713,0.002,clear,clear,,,Ka Det Nge Htein,
KDNH-B0163,OSM,1564131010,20.1,0.0,0.0,209.0,,0.023,0.056,0.918,0.003,clear,clear,,,Ka Det Nge Htein,
KDNH-B0164,OSM,1564131011,45.1,0.0,0.0,206.6,,0.0,0.073,0.927,0.0,clear,clear,,,Ka Det Nge Htein,
KDNH-B0165,OSM,1564131012,58.0,0.0,0.0,217.1,,0.0,0.953,0.047,0.0,clear,clear,,,Ka Det Nge Htein,
KDNH-B0166,OSM,1564131013,128.1,0.0,0.0,214.8,,0.045,0.106,0.842,0.008,clear,clear,,,Ka Det Nge Htein,
KDNH-B0167,OSM,1564131014,57.5,0.0,0.0,271.9,,0.0,0.03,0.97,0.0,clear,clear,,,Ka Det Nge Htein,
KDNH-B0168,OSM,1564131015,58.0,0.0,0.0,232.1,,0.011,0.022,0.967,0.0,clear,clear,,,Ka Det Nge Htein,
KDNH-B0169,OSM,1564131016,57.5,0.0,0.0,219.0,,0.008,0.0,0.992,0.0,clear,clear,,,Ka Det Nge Htein,
KDNH-B0170,OSM,1564131017,58.0,0.0,0.0,215.3,,0.0,0.04,0.96,0.0,clear,clear,,,Ka Det Nge Htein,
KDNH-B0171,OSM,1564131018,45.1,0.0,0.0,233.8,,0.0,0.019,0.981,0.0,clear,clear,,,Ka Det Nge Htein,
KDNH-B0172,OSM,1564131019,128.1,0.0,0.0,252.5,,0.0,0.899,0.085,0.016,clear,clear,,,Ka Det Nge Htein,
KDNH-B0173,OSM,1564131020,57.5,0.0,0.0,269.8,,0.248,0.0,0.752,0.0,clear,clear,,,Ka Det Nge Htein,
KDNH-B0174,OSM,1564131021,105.9,0.0,0.0,286.3,,0.004,0.007,0.989,0.0,clear,clear,,,Ka Det Nge Htein,
KDNH-B0175,OSM,1564131022,58.0,0.0,0.0,385.0,,0.0,0.0,1.0,0.0,clear,clear,,,Ka Det Nge Htein,
KDNH-B0176,OSM,1564131023,19.1,0.0,0.0,397.5,,0.0,0.0,1.0,0.0,clear,clear,,,Ka Det Nge Htein,
KDNH-B0177,OSM,1564131024,57.9,0.0,0.0,259.3,,0.0,0.012,0.988,0.0,clear,clear,,,Ka Det Nge Htein,
KDNH-B0178,OSM,1564131025,45.1,0.0,0.0,241.7,,0.319,0.115,0.565,0.001,clear,clear,,,Ka Det Nge Htein,
KDNH-B0179,OSM,1564131026,57.9,0.0,0.0,273.4,,0.001,0.0,0.998,0.001,clear,clear,,,Ka Det Nge Htein,
KDNH-B0180,OSM,1564131027,57.9,0.0,0.0,284.3,,0.0,0.0,1.0,0.0,clear,clear,,,Ka Det Nge Htein,
KDNH-B0181,OSM,1564131028,45.1,0.0,0.0,301.0,,0.074,0.301,0.583,0.043,clear,clear,,,Ka Det Nge Htein,
KDNH-B0183,OSM,1564131030,58.0,0.0,0.0,315.6,,0.0,0.383,0.617,0.0,clear,clear,,,Ka Det Nge Htein,
KDNH-B0184,OSM,1564131031,57.5,0.0,0.0,313.6,,0.019,0.025,0.955,0.0,clear,clear,,,Ka Det Nge Htein,
KDNH-B0185,OSM,1564131032,128.1,0.0,0.0,302.7,,0.058,0.031,0.91,0.0,clear,clear,,,Ka Det Nge Htein,
KDNH-B0186,OSM,1564131035,58.0,0.0,0.0,329.6,,0.0,0.0,1.0,0.0,clear,clear,,,Ka Det Nge Htein,
KDNH-B0187,OSM,1564131036,20.2,0.0,0.0,345.9,,0.0,0.011,0.989,0.0,clear,clear,,,Ka Det Nge Htein,
KDNH-B0188,OSM,1564131037,45.0,0.0,0.0,288.8,,0.0,0.0,1.0,0.0,clear,clear,,,Ka Det Nge Htein,
KDNH-B0190,OSM,1564132598,106.0,0.0,0.0,14.2,,0.791,0.059,0.142,0.008,clear,clear,,B,Ka Det Nge Htein,
KDNH-B0191,OSM,1564132599,83.6,0.0,0.0,99.5,,0.074,0.01,0.887,0.03,clear,clear,,B,Ka Det Nge Htein,
KDNH-B0192,OSM,1564132600,45.1,0.0,0.0,77.8,,0.115,0.181,0.704,0.0,clear,clear,,B,Ka Det Nge Htein,
KDNH-B0193,OSM,1564132601,20.0,0.0,0.0,95.3,,0.0,0.0,1.0,0.0,clear,clear,,B,Ka Det Nge Htein,
KDNH-B0194,OSM,1564132602,45.1,0.0,0.0,158.5,,0.0,0.0,1.0,0.0,clear,clear,,B,Ka Det Nge Htein,
KDNH-B0195,VIDA/microsoft,00220000000000000054,46.4,0.24,0.0,0.0,KD-01,0.0,0.936,0.064,0.0,destroyed,edge,Roof gone under sand at the edge of the corridor,A,Ka Det Nge Htein,
KDNH-B0197,VIDA/microsoft,00220000000000002f36,67.1,0.0,0.0,144.5,,0.256,0.0,0.743,0.001,clear,clear,,B,Ka Det Nge Htein,
KDNH-B0199,VIDA/microsoft,002200000000000062d3,97.4,0.0,0.0,57.9,,0.0,0.079,0.895,0.025,clear,clear,,B,Ka Det Nge Htein,
KDNH-B0200,VIDA/microsoft,002200000000000068ff,118.6,0.0,0.0,128.3,,0.073,0.314,0.544,0.07,clear,clear,,B,Ka Det Nge Htein,
KDNH-B0201,VIDA/microsoft,00220000000000007586,75.0,0.657,0.0,0.0,KD-01,0.088,0.03,0.837,0.045,damaged,damaged,,B,Ka Det Nge Htein,
KDNH-B0202,VIDA/microsoft,0022000000000000774f,17.8,0.0,0.0,7.6,KD-01,0.258,0.642,0.099,0.001,edge,edge,,B,Ka Det Nge Htein,
KDNH-B0203,VIDA/microsoft,00220000000000007802,56.8,0.0,0.0,197.2,,0.938,0.035,0.026,0.001,clear,clear,,,Ka Det Nge Htein,
KDNH-B0204,VIDA/microsoft,002200000000000078c9,21.9,1.0,0.0,0.0,KD-01,0.0,0.335,0.665,0.0,destroyed,damaged,Small structure gone; footprint under sand,B,Ka Det Nge Htein,
KDNH-B0205,VIDA/microsoft,00220000000000007edc,33.9,0.0,0.0,17.2,,1.0,0.0,0.0,0.0,clear,clear,,B,Ka Det Nge Htein,
KDNH-B0206,VIDA/microsoft,0022000000000000894f,47.7,0.0,0.0,76.6,,0.417,0.0,0.583,0.0,clear,clear,,B,Ka Det Nge Htein,
KDNH-B0207,VIDA/microsoft,002200000000000089ec,42.2,0.0,0.0,145.6,,0.951,0.049,0.0,0.0,clear,clear,,B,Ka Det Nge Htein,
KDNH-B0209,VIDA/microsoft,00220000000000008b86,36.2,0.0,0.0,81.2,,0.577,0.403,0.016,0.005,clear,clear,,A,Ka Det Nge Htein,
KDNH-B0210,VIDA/microsoft,002200000000000097f7,73.6,1.0,0.0,0.0,KD-01,0.0,0.717,0.283,0.0,destroyed,destroyed,,B,Ka Det Nge Htein,
KDNH-B0211,VIDA/microsoft,002200000000000097fc,54.6,0.0,0.0,131.3,,0.999,0.001,0.0,0.0,clear,clear,,B,Ka Det Nge Htein,
KDNH-B0212,VIDA/microsoft,00220000000000009cfc,45.0,0.0,0.0,57.5,,0.086,0.906,0.008,0.0,clear,clear,,A,Ka Det Nge Htein,
KDNH-B0213,VIDA/microsoft,00220000000000009f1d,31.3,0.0,0.0,214.5,,0.467,0.176,0.33,0.027,clear,clear,,,Ka Det Nge Htein,
KDNH-B0214,VIDA/microsoft,0022000000000000bc5a,29.2,0.0,0.0,93.1,,0.224,0.776,0.0,0.0,clear,clear,,B,Ka Det Nge Htein,
KDNH-B0215,VIDA/microsoft,0022000000000000da68,53.0,0.0,0.0,30.5,,0.982,0.011,0.005,0.002,clear,clear,,A,Ka Det Nge Htein,
KDNH-B0216,VIDA/microsoft,0022000000000000f281,82.9,1.0,0.0,0.0,KD-01,0.0,0.414,0.586,0.0,destroyed,damaged,No roof left; footprint under pale sand,A,Ka Det Nge Htein,
KDNH-B0217,VIDA/microsoft,00220000000000010919,18.5,0.0,0.0,106.3,,0.691,0.295,0.014,0.0,clear,clear,,B,Ka Det Nge Htein,
KDNH-B0218,VIDA/microsoft,00220000000000011693,82.0,0.0,0.0,40.5,,0.284,0.078,0.625,0.014,clear,clear,,A,Ka Det Nge Htein,
KDNH-B0219,VIDA/microsoft,002200000000000117e4,78.2,0.0,0.0,107.3,,0.424,0.323,0.242,0.011,clear,clear,,B,Ka Det Nge Htein,
KDNH-B0220,VIDA/microsoft,00220000000000011992,81.3,0.0,0.0,90.1,,0.047,0.67,0.2,0.084,clear,clear,,B,Ka Det Nge Htein,
KDNH-B0221,VIDA/microsoft,002200000000000134db,92.5,0.0,0.0,183.1,,0.313,0.485,0.172,0.03,clear,clear,,B,Ka Det Nge Htein,
KDNH-B0223,VIDA/microsoft,00220000000000014474,100.9,0.0,0.0,29.2,,0.08,0.211,0.674,0.035,clear,clear,,A,Ka Det Nge Htein,
KDNH-B0224,VIDA/microsoft,002200000000000149f8,22.7,0.0,0.0,24.1,,0.167,0.086,0.72,0.026,clear,clear,,A,Ka Det Nge Htein,
KDNH-B0225,VIDA/microsoft,00220000000000015b0f,45.7,0.0,0.0,181.4,,0.0,0.0,1.0,0.0,clear,clear,,B,Ka Det Nge Htein,
KDNH-B0226,VIDA/microsoft,00220000000000016328,88.9,0.0,0.0,208.8,,0.332,0.597,0.039,0.032,clear,clear,,,Ka Det Nge Htein,
KDNH-B0227,VIDA/microsoft,00220000000000018fce,67.3,0.0,0.0,20.1,,0.267,0.077,0.631,0.025,clear,clear,,A,Ka Det Nge Htein,
KDNH-B0228,VIDA/microsoft,00220000000000019093,155.4,1.0,0.0,0.0,KD-01,0.0,0.962,0.038,0.0,destroyed,destroyed,,A,Ka Det Nge Htein,
KDNH-B0229,VIDA/microsoft,0022000000000001b38f,105.2,0.0,0.0,60.3,,0.187,0.505,0.294,0.014,clear,clear,,A,Ka Det Nge Htein,
KDNH-B0230,VIDA/microsoft,0022000000000001b7d1,77.0,0.0,0.0,289.5,,0.101,0.143,0.737,0.02,clear,clear,,,Ka Det Nge Htein,
KDNH-B0231,VIDA/microsoft,0022000000000001c0a8,56.8,0.0,0.0,74.7,,0.0,0.613,0.387,0.0,clear,clear,,A,Ka Det Nge Htein,
KDNH-B0232,VIDA/microsoft,0022000000000001c33c,54.7,0.0,0.0,315.6,,0.912,0.088,0.0,0.0,clear,clear,,,Ka Det Nge Htein,
KDNH-B0233,VIDA/microsoft,0022000000000001c39e,22.5,0.0,0.0,4.2,KD-01,0.308,0.407,0.266,0.019,edge,edge,,A,Ka Det Nge Htein,
KDNH-B0234,VIDA/microsoft,0022000000000001c3ee,29.7,0.0,0.0,115.8,,0.624,0.0,0.376,0.0,clear,clear,,B,Ka Det Nge Htein,
KDNH-B0235,VIDA/microsoft,0022000000000001d859,34.9,0.0,0.0,19.2,,0.0,0.767,0.233,0.0,clear,clear,,A,Ka Det Nge Htein,
KDNH-B0236,VIDA/microsoft,0022000000000001da33,134.9,0.0,0.0,65.7,,0.045,0.267,0.682,0.006,clear,clear,,B,Ka Det Nge Htein,
KDNH-B0237,VIDA/microsoft,0022000000000001e8bf,84.6,0.0,0.0,265.6,,0.072,0.162,0.745,0.02,clear,clear,,,Ka Det Nge Htein,
KDNH-B0238,VIDA/microsoft,0022000000000001edc6,64.0,0.0,0.0,245.5,,0.203,0.797,0.0,0.0,clear,clear,,,Ka Det Nge Htein,
KDNH-B0239,VIDA/microsoft,00220000000000021e6f,147.3,0.0,0.0,155.6,,0.409,0.094,0.464,0.033,clear,clear,,B,Ka Det Nge Htein,
KDNH-B0240,VIDA/microsoft,00220000000000022d52,61.5,0.0,0.0,36.2,,0.0,0.014,0.956,0.029,clear,clear,,B,Ka Det Nge Htein,
KDNH-B0241,VIDA/microsoft,002200000000000237c4,114.0,1.0,0.0,0.0,KD-01,0.0,0.781,0.219,0.0,destroyed,destroyed,,B,Ka Det Nge Htein,
KDNH-B0242,VIDA/microsoft,00220000000000024458,70.0,0.0,0.0,139.6,,0.0,0.043,0.955,0.003,clear,clear,,B,Ka Det Nge Htein,
KDNH-B0243,VIDA/microsoft,0022000000000002473c,41.2,0.0,0.0,287.3,,0.395,0.048,0.541,0.016,clear,clear,,,Ka Det Nge Htein,
KDNH-B0244,VIDA/microsoft,00220000000000024f1c,95.6,1.0,0.0,0.0,KD-01,0.0,0.151,0.849,0.0,destroyed,damaged,No roof left; footprint under pale sand,B,Ka Det Nge Htein,
KDNH-B0245,VIDA/microsoft,0022000000000002745b,84.0,0.0,0.0,7.0,KD-01,0.064,0.626,0.246,0.065,edge,edge,,B,Ka Det Nge Htein,
KDNH-B0247,VIDA/microsoft,0022000000000002cbb6,35.4,0.0,0.0,88.3,,0.0,0.076,0.924,0.0,clear,clear,,B,Ka Det Nge Htein,
KDNH-B0248,VIDA/microsoft,0022000000000002ceb5,70.2,0.0,0.0,101.2,,0.062,0.185,0.692,0.062,clear,clear,,B,Ka Det Nge Htein,
KDNH-B0249,VIDA/microsoft,0022000000000002da51,31.1,0.0,0.0,191.7,,0.001,0.079,0.911,0.009,clear,clear,,B,Ka Det Nge Htein,
KDNH-B0250,VIDA/microsoft,0022000000000002f115,35.9,0.0,0.0,204.1,,0.412,0.203,0.374,0.011,clear,clear,,,Ka Det Nge Htein,
KDNH-B0251,VIDA/microsoft,002200000000000302e9,98.3,0.0,0.0,48.2,,0.009,0.124,0.834,0.032,clear,clear,,A,Ka Det Nge Htein,
KDNH-B0253,VIDA/microsoft,00220000000000032659,222.1,0.0,0.0,190.4,,0.228,0.0,0.763,0.009,clear,clear,,B,Ka Det Nge Htein,
KDNH-B0254,VIDA/microsoft,002200000000000340de,84.1,0.0,0.0,168.3,,0.052,0.09,0.839,0.019,clear,clear,,B,Ka Det Nge Htein,
KDNH-B0256,VIDA/microsoft,0022000000000003486f,60.0,0.0,0.0,126.6,,0.662,0.132,0.191,0.015,clear,clear,,B,Ka Det Nge Htein,
KDNH-B0258,VIDA/microsoft,002200000000000363ff,58.4,0.0,0.0,121.3,,0.0,0.221,0.776,0.002,clear,clear,,B,Ka Det Nge Htein,
KDNH-B0259,VIDA/microsoft,00220000000000036e50,61.2,0.0,0.0,46.5,,0.752,0.033,0.139,0.075,clear,clear,,B,Ka Det Nge Htein,
KDNH-B0260,VIDA/microsoft,00220000000000037e1c,29.7,0.0,0.0,70.4,,0.371,0.609,0.019,0.001,clear,clear,,B,Ka Det Nge Htein,
KDNH-B0261,VIDA/microsoft,00220000000000039404,78.2,0.0,0.0,181.5,,0.059,0.01,0.92,0.011,clear,clear,,B,Ka Det Nge Htein,
KDNH-B0262,VIDA/microsoft,00220000000000039418,88.5,0.0,0.0,22.8,,0.224,0.12,0.616,0.04,clear,clear,,B,Ka Det Nge Htein,
KDNH-B0263,VIDA/microsoft,002200000000000397b5,28.0,0.0,0.0,52.9,,0.201,0.619,0.171,0.01,clear,clear,,B,Ka Det Nge Htein,
B0148,OSM,505434305,186.4,0.0,,57.6,,0.053,0.021,0.925,0.001,clear,clear,,B,Taw Kye,landslide
B0149,OSM,505434306,104.8,0.0,,64.0,,0.384,0.024,0.593,0.0,clear,clear,,B,Taw Kye,landslide
B0151,OSM,505434308,123.1,0.0,,102.4,,0.357,0.471,0.172,0.0,clear,clear,,A,Taw Kye,plan2
B0152,OSM,505434309,81.9,0.0,,118.9,,0.027,0.065,0.896,0.013,clear,clear,,A,Taw Kye,plan2
B0153,OSM,505434310,79.6,0.0,,118.5,,0.0,0.0,1.0,0.0,clear,clear,,A,Taw Kye,plan2
B0154,OSM,505434311,80.4,0.0,,125.8,,0.099,0.018,0.872,0.011,clear,clear,,A,Taw Kye,plan2
B0155,OSM,505434312,76.8,0.0,,131.4,,0.715,0.173,0.112,0.0,clear,clear,,A,Taw Kye,plan2
B0156,OSM,505434313,97.6,0.0,,131.5,,0.016,0.0,0.98,0.004,clear,clear,,A,Taw Kye,plan2
B0157,OSM,505434314,72.1,0.0,,81.7,,0.02,0.566,0.414,0.0,clear,clear,,A,Taw Kye,plan2
B0158,OSM,505434317,244.7,0.0,,78.0,,0.265,0.041,0.685,0.008,clear,clear,,A,Taw Kye,plan2
B0159,OSM,505434318,276.1,0.0,,92.4,,0.0,0.009,0.991,0.0,clear,clear,,A,Taw Kye,plan2
B0160,OSM,505434319,276.1,0.0,,72.3,,0.009,0.073,0.915,0.004,clear,clear,,A,Taw Kye,plan2
B0161,OSM,505434320,99.7,0.0,,23.1,,0.003,0.881,0.113,0.002,clear,clear,,B,Taw Kye,landslide
B0162,OSM,505435618,63.7,0.0,,8.1,LS-05,0.022,0.005,0.887,0.087,edge,edge,,A,Taw Kye,landslide
B0163,OSM,505435619,56.1,0.0,,19.0,,0.031,0.049,0.917,0.002,clear,clear,,A,Taw Kye,landslide
B0164,OSM,505435620,45.2,0.0,,38.9,,0.115,0.011,0.812,0.062,clear,clear,,A,Taw Kye,landslide
B0165,OSM,505435621,99.2,0.0,,32.5,,0.201,0.0,0.772,0.027,clear,clear,,A,Taw Kye,landslide
B0166,OSM,505435622,83.8,0.0,,59.6,,0.116,0.0,0.874,0.01,clear,clear,,A,Taw Kye,landslide
B0167,OSM,505435623,42.1,0.0,,52.6,,0.036,0.586,0.33,0.048,clear,clear,,A,Taw Kye,landslide
B0168,OSM,505435624,52.0,0.0,,76.3,,0.608,0.219,0.173,0.0,clear,clear,,A,Taw Kye,landslide
B0169,OSM,505435625,55.1,0.0,,54.0,,0.187,0.086,0.682,0.045,clear,clear,,A,Taw Kye,landslide
B0170,OSM,505435626,39.2,0.0,,40.1,,0.0,0.0,1.0,0.0,clear,clear,,A,Taw Kye,landslide
B0171,OSM,505435627,24.6,0.0,,27.8,,0.0,1.0,0.0,0.0,clear,clear,,A,Taw Kye,landslide
B0172,OSM,505435628,69.3,0.0,,22.6,,0.09,0.0,0.91,0.0,clear,clear,,B,Taw Kye,landslide
B0173,OSM,505435629,82.2,0.0,,35.4,,0.0,0.697,0.294,0.009,clear,clear,,A,Taw Kye,landslide
B0174,OSM,505435630,54.0,0.0,,39.6,,0.069,0.091,0.819,0.021,clear,clear,,B,Taw Kye,landslide
B0175,OSM,505435631,119.9,0.0,,51.5,,0.581,0.06,0.357,0.002,clear,clear,,A,Taw Kye,plan2
B0176,OSM,505435632,113.4,0.0,,26.7,,0.158,0.0,0.827,0.015,clear,clear,,A,Taw Kye,plan2
B0177,OSM,505435633,59.9,0.0,,9.0,LS-03,0.0,0.218,0.782,0.0,edge,edge,,A,Taw Kye,plan2
B0178,OSM,505435634,59.5,0.0,,33.8,,0.0,0.237,0.763,0.0,clear,clear,,A,Taw Kye,plan2
B0179,OSM,505435635,126.1,0.0,,25.3,,0.0,0.003,0.997,0.001,clear,clear,,A,Taw Kye,plan2
B0180,OSM,505435636,98.4,0.0,,20.3,,0.0,0.009,0.99,0.0,clear,clear,,A,Taw Kye,plan2
B0181,OSM,505435637,106.5,0.0,,0.2,LS-03,0.61,0.184,0.185,0.02,edge,edge,,A,Taw Kye,plan2
B0182,OSM,505435638,112.7,0.0,,5.5,LS-03,0.002,0.437,0.493,0.068,edge,edge,,A,Taw Kye,plan2
B0183,OSM,505435639,93.1,0.724,,0.0,LS-03,0.0,0.864,0.125,0.01,destroyed,destroyed,,A,Taw Kye,plan2
B0184,OSM,505435640,64.0,1.0,,0.0,LS-03,0.032,0.968,0.0,0.0,destroyed,destroyed,,A,Taw Kye,plan2
B0185,OSM,505435641,111.9,1.0,,0.0,LS-03,0.001,0.999,0.0,0.0,destroyed,destroyed,,A,Taw Kye,plan2
B0186,OSM,505435642,32.5,1.0,,0.0,LS-03,0.018,0.982,0.0,0.0,destroyed,destroyed,,A,Taw Kye,plan2
B0187,OSM,505435643,90.6,1.0,,0.0,LS-03,0.013,0.986,0.0,0.001,destroyed,destroyed,,A,Taw Kye,plan2
B0188,OSM,505435645,107.3,0.991,,0.0,LS-03,0.007,0.99,0.003,0.0,destroyed,destroyed,,A,Taw Kye,plan2
B0189,OSM,505435646,104.4,1.0,,0.0,LS-03,0.0,1.0,0.0,0.0,destroyed,destroyed,,A,Taw Kye,plan2
B0190,OSM,505435648,107.4,1.0,,0.0,LS-03,0.0,1.0,0.0,0.0,destroyed,destroyed,,A,Taw Kye,plan2
B0191,OSM,505435649,140.9,1.0,,0.0,LS-03,0.0,0.999,0.001,0.0,destroyed,destroyed,,A,Taw Kye,plan2
B0192,OSM,505435651,102.7,0.0,,26.2,,0.321,0.0,0.678,0.001,clear,clear,,A,Taw Kye,plan2
B0193,OSM,505435652,64.3,0.0,,27.2,,0.0,0.0,1.0,0.0,clear,clear,,A,Taw Kye,plan2
B0194,OSM,505435654,77.2,0.0,,25.9,,0.008,0.0,0.979,0.013,clear,clear,,A,Taw Kye,plan2
B0195,OSM,505435655,64.8,0.0,,2.4,LS-03,0.009,0.03,0.961,0.0,edge,edge,,A,Taw Kye,plan2
B0196,OSM,505435657,117.0,0.747,,0.0,LS-03,0.036,0.077,0.887,0.001,damaged,damaged,,A,Taw Kye,plan2
B0197,OSM,505435658,61.0,0.385,,0.0,LS-03,0.63,0.186,0.181,0.002,destroyed,damaged,no roof left; fallen trees and debris cover the footprint,A,Taw Kye,plan2
B0198,OSM,505435660,73.1,0.985,,0.0,LS-03,0.001,0.992,0.007,0.0,destroyed,destroyed,,A,Taw Kye,plan2
B0199,OSM,505435661,62.5,1.0,,0.0,LS-03,0.0,0.962,0.038,0.0,destroyed,destroyed,,A,Taw Kye,plan2
B0200,OSM,505435662,70.0,0.748,,0.0,LS-03,0.251,0.253,0.493,0.003,destroyed,damaged,roof displaced off the footprint; debris and trees in its place,A,Taw Kye,plan2
B0201,OSM,505435664,67.4,1.0,,0.0,LS-03,0.0,0.856,0.136,0.008,destroyed,destroyed,,A,Taw Kye,plan2
B0202,OSM,505435666,107.8,1.0,,0.0,LS-03,0.002,0.923,0.07,0.005,damaged,destroyed,"red roof still on the footprint, tilted, debris and sheets piled against it",A,Taw Kye,plan2
B0203,OSM,505435667,89.2,1.0,,0.0,LS-03,0.0,1.0,0.0,0.0,destroyed,destroyed,,A,Taw Kye,plan2
B0204,OSM,505435668,59.8,1.0,,0.0,LS-03,0.0,1.0,0.0,0.0,destroyed,destroyed,,A,Taw Kye,plan2
B0205,OSM,505435669,77.6,1.0,,0.0,LS-03,0.017,0.982,0.001,0.001,destroyed,destroyed,,A,Taw Kye,plan2
B0206,OSM,505435670,46.3,1.0,,0.0,LS-03,0.008,0.431,0.549,0.012,destroyed,damaged,collapsed; pile of metal sheets and timber,A,Taw Kye,plan2
B0207,OSM,505435671,94.5,0.718,,0.0,LS-03,0.002,0.076,0.871,0.051,damaged,damaged,,A,Taw Kye,plan2
B0208,OSM,505435672,113.9,0.0,,3.7,LS-03,0.0,0.0,0.994,0.006,edge,edge,,A,Taw Kye,plan2
B0209,OSM,505435673,60.2,0.225,,0.0,LS-03,0.025,0.148,0.758,0.069,destroyed,edge,collapsed; crumpled roof sheets,A,Taw Kye,plan2
B0210,OSM,505435674,75.2,0.0,,9.1,LS-03,0.0,0.788,0.212,0.0,edge,edge,,A,Taw Kye,plan2
B0211,OSM,505435675,65.8,0.0,,16.9,,0.029,0.574,0.247,0.15,clear,clear,,A,Taw Kye,plan2
B0212,OSM,505435676,121.6,0.0,,15.3,,0.004,0.322,0.645,0.029,clear,clear,,A,Taw Kye,plan2
B0213,OSM,505435677,101.9,0.0,,22.6,,0.096,0.539,0.35,0.015,clear,clear,,A,Taw Kye,plan2
B0214,OSM,505435678,73.5,0.0,,29.4,,0.0,0.855,0.139,0.006,clear,clear,,A,Taw Kye,plan2
B0215,OSM,505435679,72.4,0.0,,40.0,,0.0,0.08,0.915,0.005,clear,clear,,B,Taw Kye,plan2
B0216,OSM,505435680,80.5,0.0,,56.4,,0.0,0.076,0.919,0.006,clear,clear,,B,Taw Kye,plan2
B0217,OSM,505435681,59.7,0.0,,63.9,,0.0,0.0,1.0,0.0,clear,clear,,B,Taw Kye,plan2
B0218,OSM,505435682,125.5,0.0,,72.9,,0.004,0.057,0.937,0.003,clear,clear,,B,Taw Kye,plan2
B0219,OSM,505435683,151.9,0.0,,86.5,,0.179,0.191,0.621,0.009,clear,clear,,B,Taw Kye,plan2
B0220,OSM,505435684,88.3,0.0,,117.7,,0.0,0.0,1.0,0.0,clear,clear,,,Taw Kye,plan2
B0221,OSM,505435685,72.2,0.0,,75.3,,0.001,0.333,0.666,0.0,clear,clear,,,Taw Kye,plan2
B0222,OSM,505435686,94.7,0.0,,36.2,,0.013,0.854,0.132,0.0,clear,clear,,,Taw Kye,plan2
B0223,OSM,505435687,123.4,0.0,,66.3,,0.006,0.318,0.665,0.011,clear,clear,,,Taw Kye,plan2
B0224,OSM,505435688,128.7,0.0,,78.5,,0.006,0.088,0.896,0.011,clear,clear,,,Taw Kye,plan2
B0225,OSM,505435689,91.7,0.0,,88.6,,0.007,0.816,0.177,0.0,clear,clear,,,Taw Kye,plan2
B0226,OSM,505435690,142.0,0.0,,94.8,,0.081,0.033,0.88,0.006,clear,clear,,,Taw Kye,plan2
B0227,OSM,505435691,86.0,0.0,,41.3,,0.0,0.985,0.014,0.001,clear,clear,,,Taw Kye,plan2
B0228,OSM,505435692,77.2,0.0,,6.1,LS-01,0.0,0.819,0.18,0.001,edge,edge,,,Taw Kye,plan2
B0229,OSM,505435693,42.6,0.0,,37.7,,0.254,0.433,0.313,0.0,clear,clear,,B,Taw Kye,plan2
B0230,OSM,505435694,63.8,0.0,,91.0,,0.302,0.002,0.695,0.0,clear,clear,,B,Taw Kye,plan2
B0231,OSM,505435695,48.7,0.0,,64.7,,0.632,0.3,0.068,0.0,clear,clear,,B,Taw Kye,plan2
B0232,OSM,505435696,99.7,0.0,,127.4,,0.307,0.068,0.625,0.001,clear,clear,,A,Taw Kye,plan2
B0233,OSM,505435697,77.9,0.0,,106.6,,0.494,0.102,0.403,0.001,clear,clear,,A,Taw Kye,plan2
B0234,OSM,505435698,63.8,0.0,,135.7,,1.0,0.0,0.0,0.0,clear,clear,,B,Taw Kye,plan2
B0235,OSM,505435699,97.0,0.0,,108.9,,0.356,0.0,0.636,0.007,clear,clear,,A,Taw Kye,plan2
B0236,OSM,505435700,79.9,0.0,,99.1,,0.006,0.488,0.496,0.01,clear,clear,,B,Taw Kye,plan2
B0237,OSM,505435701,75.4,0.0,,91.1,,0.134,0.0,0.866,0.0,clear,clear,,B,Taw Kye,plan2
B0238,OSM,505435702,82.3,0.0,,70.0,,0.0,0.434,0.564,0.002,clear,clear,,B,Taw Kye,plan2
B0239,OSM,505435703,83.3,0.0,,80.1,,0.003,0.079,0.918,0.0,clear,clear,,B,Taw Kye,plan2
B0240,OSM,505435704,72.9,0.0,,93.7,,0.017,0.486,0.497,0.0,clear,clear,,B,Taw Kye,plan2
B0241,OSM,505435705,69.3,0.0,,93.7,,0.954,0.005,0.042,0.0,clear,clear,,A,Taw Kye,plan2
B0242,OSM,505435706,82.6,0.0,,89.4,,0.007,0.883,0.107,0.003,clear,clear,,A,Taw Kye,plan2
B0243,OSM,505435707,85.4,0.0,,78.8,,0.0,0.982,0.018,0.0,clear,clear,,A,Taw Kye,plan2
B0244,OSM,505435708,58.9,0.0,,76.8,,0.797,0.203,0.0,0.0,clear,clear,,A,Taw Kye,plan2
B0245,OSM,505435709,99.7,0.0,,65.4,,0.088,0.0,0.912,0.0,clear,clear,,A,Taw Kye,plan2
B0246,OSM,505435710,121.2,0.0,,56.0,,0.018,0.54,0.442,0.0,clear,clear,,A,Taw Kye,plan2
B0247,OSM,505435711,59.1,0.0,,36.1,,0.003,0.423,0.572,0.003,clear,clear,,A,Taw Kye,plan2
B0248,OSM,505435712,71.6,0.0,,27.6,,0.01,0.0,0.99,0.0,clear,clear,,A,Taw Kye,plan2
B0249,OSM,505435713,79.1,0.0,,18.7,,0.034,0.193,0.765,0.008,clear,clear,,A,Taw Kye,plan2
B0250,OSM,505435714,196.0,0.0,,7.6,LS-03,0.013,0.011,0.973,0.002,edge,edge,,A,Taw Kye,plan2
B0251,OSM,505435715,127.6,0.0,,11.2,,0.0,0.693,0.303,0.004,clear,clear,,A,Taw Kye,plan2
B0252,OSM,505435716,76.1,0.0,,9.2,LS-03,0.0,0.003,0.996,0.0,edge,edge,,A,Taw Kye,plan2
B0253,OSM,505435717,77.8,0.0,,39.8,,0.005,0.0,0.993,0.002,clear,clear,,,Taw Kye,plan2
B0254,OSM,505435718,97.7,0.0,,60.9,,0.0,0.0,1.0,0.0,clear,clear,,,Taw Kye,plan2
B0255,OSM,505435719,100.9,0.0,,79.8,,0.049,0.024,0.927,0.0,clear,clear,,B,Taw Kye,plan2
B0256,OSM,505435720,99.3,0.0,,63.4,,0.019,0.767,0.113,0.101,clear,clear,,,Taw Kye,plan2
B0257,OSM,505435721,90.5,0.0,,14.8,,0.0,0.002,0.914,0.084,clear,clear,,A,Taw Kye,plan2
B0258,OSM,505435722,85.0,0.0,,36.0,,0.001,0.037,0.952,0.01,clear,clear,,,Taw Kye,plan2
B0259,OSM,505435723,100.9,0.0,,19.5,,0.003,0.0,0.996,0.001,clear,clear,,A,Taw Kye,plan2
B0260,OSM,505435724,117.2,0.0,,30.2,,0.02,0.677,0.191,0.113,clear,clear,,A,Taw Kye,plan2
B0261,OSM,505435725,95.5,0.0,,78.2,,0.012,0.053,0.926,0.009,clear,clear,,B,Taw Kye,plan2
B0262,OSM,505435726,66.1,0.0,,64.8,,0.948,0.038,0.012,0.002,clear,clear,,B,Taw Kye,plan2
B0263,OSM,505435727,42.5,0.0,,63.2,,0.802,0.061,0.129,0.009,clear,clear,,B,Taw Kye,plan2
B0264,OSM,505435728,104.5,0.0,,60.1,,0.012,0.025,0.96,0.003,clear,clear,,B,Taw Kye,plan2
B0265,OSM,505435729,53.7,0.0,,74.7,,0.0,0.852,0.148,0.0,clear,clear,,,Taw Kye,plan2
B0266,OSM,505435730,61.3,0.0,,83.7,,0.0,0.0,1.0,0.0,clear,clear,,,Taw Kye,plan2
B0267,OSM,505435731,135.8,0.0,,97.1,,0.064,0.022,0.914,0.001,clear,clear,,,Taw Kye,plan2
B0268,OSM,505435732,72.1,0.0,,112.0,,0.0,0.076,0.924,0.0,clear,clear,,,Taw Kye,plan2
B0269,OSM,505435733,98.4,0.0,,124.5,,0.007,0.0,0.993,0.0,clear,clear,,,Taw Kye,plan2
B0270,OSM,505435734,113.3,0.0,,119.5,,0.042,0.218,0.739,0.001,clear,clear,,,Taw Kye,plan2
B0271,OSM,505435735,105.9,0.0,,111.3,,0.002,0.018,0.949,0.03,clear,clear,,,Taw Kye,plan2
B0272,OSM,505435736,71.6,0.0,,99.9,,0.311,0.377,0.31,0.002,clear,clear,,,Taw Kye,plan2
B0273,OSM,505435737,126.2,0.0,,86.8,,0.077,0.215,0.675,0.032,clear,clear,,,Taw Kye,plan2
B0274,OSM,505435738,99.5,0.0,,64.5,,0.0,0.646,0.354,0.0,clear,clear,,,Taw Kye,plan2
B0275,OSM,505435739,67.5,0.0,,55.0,,0.011,0.871,0.11,0.008,clear,clear,,,Taw Kye,plan2
B0276,OSM,505435740,159.1,0.0,,36.3,,0.051,0.526,0.423,0.0,clear,clear,,,Taw Kye,plan2
B0277,OSM,505435741,131.4,0.0,,76.6,,0.003,0.028,0.964,0.005,clear,clear,,,Taw Kye,plan2
B0278,OSM,505435742,76.4,0.0,,72.3,,0.0,0.0,1.0,0.0,clear,clear,,,Taw Kye,plan2
B0279,OSM,505435743,85.5,0.0,,60.3,,0.369,0.626,0.005,0.001,clear,clear,,,Taw Kye,plan2
B0280,OSM,505435744,80.8,0.0,,49.3,,0.117,0.014,0.869,0.0,clear,clear,,,Taw Kye,plan2
B0281,OSM,505435745,77.2,0.0,,47.6,,0.157,0.008,0.828,0.007,clear,clear,,,Taw Kye,plan2
B0282,OSM,505435746,94.7,0.0,,67.3,,0.406,0.078,0.511,0.005,clear,clear,,,Taw Kye,plan2
B0309,OSM,508566855,60.1,0.783,,0.0,LS-07,0.225,0.086,0.662,0.027,destroyed,damaged,no structure; debris and scattered sheets,A,Taw Kye,landslide
B0310,OSM,508566856,80.7,0.91,,0.0,LS-04,0.18,0.132,0.685,0.003,damaged,damaged,,A,Taw Kye,landslide
B0311,OSM,508566857,101.7,0.879,,0.0,LS-04,0.088,0.085,0.828,0.0,damaged,damaged,,A,Taw Kye,landslide
B0312,OSM,508566858,131.3,0.0,,104.6,,0.015,0.0,0.985,0.0,clear,clear,,A,Taw Kye,plan2
B0313,OSM,508566859,80.2,0.016,,0.0,LS-05,0.359,0.029,0.452,0.16,edge,edge,,A,Taw Kye,landslide
B0314,OSM,508572816,205.5,0.0,,64.7,,0.15,0.009,0.834,0.007,clear,clear,,A,Taw Kye,plan2
B0315,OSM,508572818,69.0,0.0,,55.2,,0.058,0.528,0.413,0.0,clear,clear,,B,Taw Kye,landslide
B0316,OSM,508572820,47.3,0.991,,0.0,LS-08,0.004,0.312,0.685,0.0,destroyed,damaged,footprint under bouldery debris,A,Taw Kye,landslide
B0317,OSM,508572822,100.9,0.0,,6.4,LS-08,0.238,0.18,0.46,0.123,edge,edge,,A,Taw Kye,landslide
B0318,OSM,508572824,124.2,0.0,,15.2,,0.472,0.0,0.445,0.083,clear,clear,,A,Taw Kye,landslide
B0319,OSM,508856986,40.5,0.0,,81.8,,0.999,0.0,0.0,0.0,clear,clear,,A,Taw Kye,plan2
B0320,OSM,508856987,27.1,0.0,,16.0,,0.952,0.0,0.048,0.0,clear,clear,,A,Taw Kye,plan2
B0321,OSM,508856988,47.6,0.376,,0.0,LS-04,0.526,0.0,0.473,0.0,edge,damaged,"small intact structure on grass at the outline margin, not in debris",A,Taw Kye,plan2
B0322,OSM,508856989,49.5,0.125,,0.0,LS-04,0.866,0.056,0.079,0.0,edge,edge,,A,Taw Kye,plan2
B0367,OSM,1564259568,143.3,0.0,,44.0,,0.233,0.36,0.208,0.199,clear,clear,,A,Taw Kye,landslide
B0368,OSM,1564259569,108.3,0.0,,39.1,,0.015,0.363,0.575,0.048,clear,clear,,A,Taw Kye,landslide
B0369,OSM,1564259570,112.3,0.0,,38.7,,0.003,0.734,0.103,0.161,clear,clear,,A,Taw Kye,landslide
B0370,OSM,1564259571,150.1,0.0,,50.7,,0.531,0.171,0.273,0.025,clear,clear,,A,Taw Kye,landslide
B0371,OSM,1564259572,99.9,0.0,,35.4,,0.076,0.125,0.738,0.062,clear,clear,,A,Taw Kye,landslide
B0372,OSM,1564259573,149.4,0.806,,0.0,LS-08,0.082,0.09,0.807,0.02,damaged,damaged,,A,Taw Kye,landslide
B0373,OSM,1564259574,130.5,0.81,,0.0,LS-08,0.159,0.247,0.58,0.013,damaged,damaged,,A,Taw Kye,landslide
B0374,OSM,1564259575,107.9,1.0,,0.0,LS-07,0.0,0.883,0.116,0.0,destroyed,destroyed,,A,Taw Kye,landslide
B0377,OSM,1564259578,55.6,0.754,,0.0,LS-07,0.257,0.659,0.03,0.054,destroyed,destroyed,,A,Taw Kye,landslide
B0378,OSM,1564259579,112.8,0.896,,0.0,LS-07,0.073,0.001,0.853,0.073,damaged,damaged,,A,Taw Kye,landslide
B0379,OSM,1564259580,59.3,0.75,,0.0,LS-07,0.243,0.754,0.003,0.0,destroyed,destroyed,,A,Taw Kye,landslide
B0380,OSM,1564259581,137.7,0.896,,0.0,LS-07,0.069,0.518,0.331,0.082,damaged,damaged,,A,Taw Kye,landslide
B0381,OSM,1564259582,151.0,1.0,,0.0,LS-07,0.0,0.571,0.416,0.013,damaged,damaged,,A,Taw Kye,landslide
B0382,OSM,1564259583,152.3,1.0,,0.0,LS-07,0.0,1.0,0.0,0.0,destroyed,destroyed,,A,Taw Kye,landslide
B0383,OSM,1564259584,212.4,1.0,,0.0,LS-07,0.0,0.987,0.0,0.013,destroyed,destroyed,,A,Taw Kye,landslide
B0384,OSM,1564259585,70.1,0.0,,28.5,,0.007,0.117,0.874,0.002,clear,clear,,A,Taw Kye,landslide
B0385,OSM,1564259586,65.4,0.0,,52.5,,0.0,0.002,0.948,0.05,clear,clear,,A,Taw Kye,landslide
B0386,OSM,1564467289,86.8,0.0,,106.8,,0.001,0.052,0.931,0.015,clear,clear,,A,Taw Kye,plan2
B0387,OSM,1564467290,62.9,0.0,,66.1,,0.0,0.0,1.0,0.0,clear,clear,,,Taw Kye,plan2
B0388,OSM,1564467291,79.7,0.0,,21.6,,0.04,0.015,0.936,0.01,clear,clear,,,Taw Kye,plan2
B0389,OSM,1564467292,77.1,0.0,,15.2,,0.031,0.118,0.847,0.004,clear,clear,,,Taw Kye,plan2
B0390,OSM,1564468459,130.7,0.0,,25.5,,0.001,0.003,0.994,0.002,clear,clear,,,Taw Kye,plan2
B0391,OSM,1564468460,79.4,0.0,,23.9,,0.0,0.057,0.941,0.001,clear,clear,,,Taw Kye,plan2
B0392,OSM,1564468461,145.2,0.0,,10.4,,0.012,0.068,0.914,0.006,clear,clear,,,Taw Kye,plan2
B0393,OSM,1564468462,151.7,0.0,,3.7,LS-01,0.007,0.214,0.772,0.007,edge,edge,,,Taw Kye,plan2
B0396,OSM,1564469584,96.6,0.0,,44.8,,0.09,0.4,0.505,0.005,clear,clear,,,Taw Kye,plan2
B0397,OSM,1564469585,76.0,0.0,,38.9,,0.068,0.487,0.436,0.009,clear,clear,,A,Taw Kye,plan2
B0398,OSM,1564469586,112.6,0.0,,64.1,,0.012,0.015,0.973,0.0,clear,clear,,B,Taw Kye,plan2
B0399,OSM,1564469587,77.7,0.0,,63.7,,0.031,0.682,0.25,0.038,clear,clear,,B,Taw Kye,plan2
B0400,OSM,1564469588,105.3,0.0,,39.6,,0.993,0.002,0.005,0.0,clear,clear,,,Taw Kye,plan2
B0401,OSM,1564469589,97.0,0.0,,61.4,,0.001,0.0,0.999,0.0,clear,clear,,B,Taw Kye,plan2
B0402,OSM,1564469590,121.9,0.0,,42.5,,0.047,0.104,0.824,0.025,clear,clear,,A,Taw Kye,plan2
B0403,OSM,1564469591,55.8,0.0,,47.1,,0.0,0.004,0.996,0.0,clear,clear,,A,Taw Kye,plan2
B0404,OSM,1564469592,106.4,1.0,,0.0,LS-03,0.0,0.731,0.269,0.0,destroyed,destroyed,,A,Taw Kye,plan2
B0405,OSM,1564469593,131.4,1.0,,0.0,LS-03,0.003,0.997,0.0,0.0,destroyed,destroyed,,A,Taw Kye,plan2
B0406,OSM,1564469594,135.3,1.0,,0.0,LS-03,0.0,0.999,0.0,0.0,destroyed,destroyed,,A,Taw Kye,plan2
B0407,OSM,1564470304,75.4,0.0,,109.5,,0.082,0.0,0.917,0.001,clear,clear,,,Taw Kye,plan2
B0408,OSM,1564470305,78.2,0.0,,95.5,,0.235,0.249,0.506,0.01,clear,clear,,,Taw Kye,plan2
B0409,OSM,1564470306,66.3,0.0,,85.7,,0.124,0.014,0.862,0.0,clear,clear,,,Taw Kye,plan2
B0410,OSM,1564472446,62.4,0.0,,101.0,,0.102,0.037,0.859,0.002,clear,clear,,B,Taw Kye,plan2
B0411,OSM,1564472447,85.8,0.0,,83.6,,0.0,0.023,0.974,0.003,clear,clear,,B,Taw Kye,plan2
B0412,OSM,1564472448,132.5,0.0,,90.7,,0.003,0.836,0.145,0.016,clear,clear,,,Taw Kye,plan2
B0413,OSM,1564472449,72.2,0.0,,117.7,,0.016,0.856,0.124,0.004,clear,clear,,B,Taw Kye,plan2
B0414,OSM,1564472450,58.3,0.0,,109.2,,0.183,0.004,0.791,0.022,clear,clear,,,Taw Kye,plan2
B0415,OSM,1564472451,144.6,0.0,,45.2,,0.006,0.121,0.862,0.011,clear,clear,,B,Taw Kye,plan2
B0416,OSM,1564472452,60.8,0.0,,122.6,,0.069,0.342,0.575,0.014,clear,clear,,A,Taw Kye,plan2
B0417,OSM,1564472930,154.0,0.0,,123.0,,0.169,0.001,0.831,0.0,clear,clear,,A,Taw Kye,plan2
B0420,OSM,1564472933,65.3,0.0,,30.8,,0.076,0.042,0.881,0.001,clear,clear,,A,Taw Kye,landslide
B0421,OSM,1564472934,79.6,0.0,,15.7,,0.002,0.007,0.968,0.022,clear,clear,,A,Taw Kye,landslide
B0422,OSM,1564472935,111.8,0.0,,21.4,,0.243,0.043,0.703,0.01,clear,clear,,B,Taw Kye,landslide
B0423,OSM,1564472936,104.6,0.0,,23.3,,0.027,0.061,0.89,0.022,clear,clear,,B,Taw Kye,landslide
B0424,OSM,1564472937,69.8,0.0,,64.7,,0.0,0.001,0.999,0.0,clear,clear,,A,Taw Kye,landslide
B0425,OSM,1564472938,160.1,0.0,,26.6,,0.045,0.16,0.794,0.001,clear,clear,,A,Taw Kye,landslide
B0426,OSM,1564472939,90.8,0.0,,26.2,,0.321,0.312,0.297,0.069,clear,clear,,A,Taw Kye,landslide
B0427,OSM,1564472940,121.6,0.0,,8.1,LS-08,0.342,0.2,0.272,0.185,edge,edge,,A,Taw Kye,landslide
B0428,OSM,1564472941,61.5,0.0,,9.3,LS-03,0.053,0.275,0.652,0.02,destroyed,edge,collapsed; timber and sheet debris,A,Taw Kye,plan2
B0429,OSM,1564473826,163.2,0.0,,50.6,,0.003,0.14,0.857,0.001,clear,clear,,,Taw Kye,plan2
B0430,OSM,1564473827,189.0,0.0,,32.9,,0.088,0.667,0.234,0.011,clear,clear,,A,Taw Kye,plan2
B0431,OSM,1564473828,334.3,0.125,,0.0,LS-01,0.084,0.287,0.564,0.065,edge,edge,,B,Taw Kye,plan2
B0445,VIDA/microsoft,00220000000000000ff8,42.2,1.0,,0.0,LS-03,0.0,1.0,0.0,0.0,destroyed,destroyed,,A,Taw Kye,plan2
B0449,VIDA/microsoft,00220000000000002f69,20.0,0.0,,2.2,LS-05,0.116,0.497,0.188,0.199,edge,edge,,A,Taw Kye,landslide
B0452,VIDA/microsoft,002200000000000040da,63.8,0.0,,6.4,LS-03,0.005,0.013,0.981,0.001,edge,edge,,A,Taw Kye,plan2
B0454,VIDA/microsoft,00220000000000007027,126.1,0.0,,53.3,,0.011,0.19,0.793,0.005,clear,clear,,B,Taw Kye,plan2
B0459,VIDA/microsoft,00220000000000008f8e,109.9,0.0,,44.4,,0.086,0.657,0.234,0.024,clear,clear,,,Taw Kye,plan2
B0462,VIDA/microsoft,0022000000000000a82b,63.0,0.0,,40.0,,0.411,0.01,0.566,0.013,clear,clear,,A,Taw Kye,landslide
B0464,VIDA/microsoft,0022000000000000b711,37.9,0.0,,95.5,,0.224,0.019,0.757,0.0,clear,clear,,A,Taw Kye,plan2
B0468,VIDA/microsoft,0022000000000000cb67,19.5,0.0,,116.4,,0.296,0.689,0.015,0.0,clear,clear,,,Taw Kye,plan2
B0469,VIDA/microsoft,0022000000000000cd3c,43.6,0.0,,25.6,,0.098,0.536,0.365,0.001,clear,clear,,A,Taw Kye,landslide
B0470,VIDA/microsoft,0022000000000000d155,56.9,0.0,,32.2,,0.218,0.002,0.781,0.0,clear,clear,,A,Taw Kye,plan2
B0472,VIDA/microsoft,0022000000000000dfb7,71.6,0.0,,1.8,LS-03,0.111,0.67,0.213,0.006,edge,edge,,A,Taw Kye,plan2
B0475,VIDA/microsoft,0022000000000000f760,67.3,0.0,,72.4,,0.248,0.556,0.195,0.001,clear,clear,,,Taw Kye,plan2
B0480,VIDA/microsoft,002200000000000111ed,46.5,0.0,,90.0,,0.869,0.0,0.008,0.124,clear,clear,,,Taw Kye,plan2
B0483,VIDA/microsoft,00220000000000011b76,113.1,0.04,,0.0,LS-03,0.093,0.16,0.668,0.078,damaged,edge,partly collapsed; crumpled roof sheets between standing houses,A,Taw Kye,plan2
B0484,VIDA/microsoft,00220000000000011e2b,43.0,0.0,,18.5,,0.681,0.0,0.298,0.021,clear,clear,,A,Taw Kye,plan2
B0489,VIDA/microsoft,002200000000000162b2,126.1,0.0,,97.6,,0.357,0.363,0.276,0.004,clear,clear,,,Taw Kye,plan2
B0490,VIDA/microsoft,00220000000000017cd2,63.8,0.0,,96.5,,0.265,0.561,0.161,0.013,clear,clear,,A,Taw Kye,plan2
B0492,VIDA/microsoft,002200000000000194ae,53.2,1.0,,0.0,LS-03,0.0,1.0,0.0,0.0,destroyed,destroyed,,A,Taw Kye,plan2
B0497,VIDA/microsoft,0022000000000001b3aa,91.5,0.0,,41.8,,0.307,0.034,0.657,0.001,clear,clear,,A,Taw Kye,plan2
B0498,VIDA/microsoft,0022000000000001c305,59.5,0.0,,38.1,,0.548,0.001,0.429,0.023,clear,clear,,A,Taw Kye,plan2
B0501,VIDA/microsoft,0022000000000001e564,36.4,0.768,,0.0,LS-04,0.143,0.0,0.836,0.02,damaged,damaged,,A,Taw Kye,landslide
B0504,VIDA/microsoft,0022000000000001f7b1,103.5,1.0,,0.0,LS-03,0.076,0.902,0.021,0.001,destroyed,destroyed,,A,Taw Kye,plan2
B0507,VIDA/microsoft,00220000000000021bcb,20.9,0.0,,47.9,,0.199,0.437,0.336,0.028,clear,clear,,A,Taw Kye,landslide
B0512,VIDA/microsoft,00220000000000023ef3,20.0,0.107,,0.0,LS-04,0.883,0.015,0.028,0.074,edge,edge,,A,Taw Kye,landslide
B0519,VIDA/microsoft,00220000000000025bb6,107.7,0.0,,43.8,,0.111,0.245,0.644,0.0,clear,clear,,B,Taw Kye,plan2
B0524,VIDA/microsoft,00220000000000026ac3,18.5,0.0,,74.9,,0.0,0.474,0.526,0.0,clear,clear,,A,Taw Kye,landslide
B0528,VIDA/microsoft,0022000000000002869e,37.3,0.0,,90.9,,0.11,0.019,0.753,0.118,clear,clear,,B,Taw Kye,plan2
B0529,VIDA/microsoft,002200000000000289ba,81.3,1.0,,0.0,LS-03,0.002,0.942,0.046,0.011,destroyed,destroyed,,A,Taw Kye,plan2
B0531,VIDA/microsoft,00220000000000028bd8,72.9,1.0,,0.0,LS-03,0.0,0.914,0.086,0.0,destroyed,destroyed,,A,Taw Kye,plan2
B0532,VIDA/microsoft,00220000000000029796,34.6,0.0,,68.7,,0.869,0.0,0.13,0.0,clear,clear,,A,Taw Kye,plan2
B0539,VIDA/microsoft,0022000000000002f31f,98.2,0.0,,60.7,,0.005,0.812,0.181,0.001,clear,clear,,,Taw Kye,plan2
B0549,VIDA/microsoft,0022000000000003486d,77.1,1.0,,0.0,LS-03,0.0,0.997,0.003,0.0,destroyed,destroyed,,A,Taw Kye,plan2
