{"type":"FeatureCollection","totalFeatures":9,"features":[{"type":"Feature","id":"mmr_rdsl_mimu_250k.1338","geometry":{"type":"MultiLineString","coordinates":[[[97.77522960000005,15.869432200000062],[97.77668980000004,15.868707700000073],[97.77712970000005,15.86838780000005],[97.77803090000003,15.86733520000007],[97.77837430000005,15.86678820000003],[97.77953890000003,15.862735000000043],[97.78269800000004,15.857252200000062],[97.78693960000004,15.849916300000075],[97.78704420000008,15.849696900000026],[97.78708660000007,15.849431700000025],[97.78697880000004,15.847973800000034],[97.78701310000008,15.847310700000037],[97.78688220000004,15.847014000000058],[97.78673850000007,15.846817900000076],[97.78536950000006,15.845930300000077],[97.78502610000004,15.845176800000047],[97.78385316500004,15.842749053000034],[97.78325830000006,15.841517800000076],[97.78324090000007,15.840960600000074],[97.78328910000005,15.840339800000038],[97.78357360000007,15.83930010000006],[97.78357830000004,15.838874600000054],[97.78341900000004,15.838449900000057],[97.77997390000007,15.83440950000005],[97.77978350000006,15.83396410000006],[97.77965890000007,15.833141300000023],[97.77874980000007,15.831273700000054],[97.77576070000003,15.826598400000023],[97.77540670000008,15.826046100000042],[97.77474340000003,15.825563500000044],[97.76639010000008,15.819485800000052],[97.76596100000006,15.819114200000058],[97.76562840000008,15.818660000000023],[97.76533870000009,15.818030300000032],[97.76511290000008,15.81516890000006],[97.76458190000005,15.80781950000005],[97.76441120000004,15.805457600000068],[97.76418380000007,15.80073260000006],[97.76420840000009,15.799941300000057],[97.76440050000008,15.79956960000004],[97.76494390000005,15.79881400000005],[97.76547440000007,15.798292100000026],[97.76604740000005,15.797380000000032],[97.76795660000005,15.794885800000031],[97.77060870000008,15.791420600000038],[97.77156570000005,15.790644800000052],[97.77221860000009,15.790339700000061],[97.77602140000005,15.789665600000035],[97.77753320000005,15.789167300000031],[97.77793440000005,15.788867000000039],[97.78372790000009,15.782386000000031],[97.78563770000005,15.780229700000064],[97.78591290000008,15.779748100000063],[97.78714510000003,15.775744200000076],[97.78762250000005,15.774361200000044],[97.78853450000008,15.772606000000053],[97.78910310000003,15.771676700000057],[97.78987560000007,15.770778500000063],[97.79156380000006,15.769181700000047],[97.79312910000004,15.767437800000039],[97.79427440000006,15.766617500000052],[97.79498250000006,15.766142500000058],[97.79978360000007,15.76385490000007],[97.80094150000008,15.762864700000023],[97.80406180000006,15.760788300000058],[97.80526890000004,15.760030500000028],[97.80669840000007,15.759133100000042],[97.80692050000005,15.758840900000052],[97.80714850000004,15.75835920000003],[97.80749450000008,15.757894600000043],[97.80758240000006,15.75750370000003],[97.80755080000006,15.756483600000024],[97.80758200000008,15.756048500000077],[97.80762480000004,15.75544990000003],[97.80775120800007,15.753983768000069],[97.80776050000009,15.753876000000048],[97.80787100000003,15.752593300000058],[97.80831680000006,15.75101090000004],[97.80834100000004,15.750079500000027],[97.80828090000006,15.749664900000028],[97.80804060000008,15.749306000000047],[97.80787860000004,15.74894880000005],[97.80752340000004,15.748676700000033],[97.80736590000004,15.748420300000078],[97.80737590000007,15.748174800000072],[97.80775950000003,15.747140100000024],[97.80804060000008,15.746005800000034],[97.80831390000009,15.744291700000076],[97.81040040000005,15.739261100000022],[97.81057790000006,15.738878900000032],[97.81263840000008,15.734440600000028],[97.81549010000003,15.728254800000059],[97.81575120000008,15.727518800000041],[97.81745370000004,15.711716200000069],[97.81813910000005,15.705354600000078],[97.81786710000006,15.70294240000004],[97.81794220000006,15.702446700000053],[97.81816750000007,15.70193020000005],[97.82121020000005,15.69719770000006],[97.82154550000007,15.695824500000072],[97.82145970000005,15.694129100000055],[97.82005040000007,15.686899200000028],[97.81998660000005,15.684767700000066],[97.81939970000008,15.683099500000026],[97.81948420000003,15.680196400000057],[97.81910520000008,15.677613000000065],[97.81945930000006,15.67516850000004],[97.81960890000005,15.674798700000053],[97.82098970000004,15.672000300000036],[97.82227240000003,15.667939500000045],[97.82230990000005,15.667602800000054],[97.82225950000009,15.667317600000047],[97.82133610000005,15.665120400000035],[97.82118450000007,15.664476300000047],[97.82096610000008,15.663022500000068],[97.82045380000005,15.660604400000068],[97.82042490000003,15.660155600000053],[97.82080300000007,15.655081100000075],[97.82080890000003,15.655006800000024],[97.82099400000004,15.652669400000036],[97.82110710000006,15.651555200000075],[97.82148530000006,15.647830000000056],[97.82153890000006,15.647301800000037],[97.82155780000005,15.645487700000047],[97.82132810000007,15.643406900000059],[97.82132730000006,15.643240400000025],[97.82132610000008,15.643006600000035],[97.82162490000007,15.641478600000028],[97.82179390000005,15.640946500000041],[97.82195850000005,15.640573000000074],[97.82236090000004,15.639958800000045],[97.82448300000004,15.637656900000025],[97.82666640000008,15.635458800000038],[97.82692220000007,15.635104500000068],[97.83271580000007,15.624059400000021],[97.83620800000006,15.617845900000077],[97.83898150000005,15.613127500000076],[97.84278210000008,15.606808800000067],[97.84727480000004,15.600045500000022],[97.85094410000005,15.595385000000022],[97.85778800000008,15.58779160000006],[97.85804120000006,15.587284700000055],[97.85874130000008,15.585643100000027],[97.86034200000006,15.581867900000077],[97.86135050000007,15.577723700000035],[97.86141490000006,15.577351700000065],[97.86131840000007,15.577103600000044],[97.86082480000005,15.576276800000073],[97.85771350000005,15.571822500000053],[97.85634020000003,15.570447900000033],[97.85596470000007,15.570158500000048],[97.85453830000006,15.56938340000005],[97.85389450000008,15.568877000000043],[97.85345160000008,15.568471500000044],[97.85304700000006,15.567223300000023],[97.85296110000007,15.56643790000004],[97.85306200000008,15.560721300000068],[97.85334440000008,15.559293500000024],[97.85209210000005,15.553497700000037],[97.85178100000007,15.552712100000065],[97.85068660000007,15.550644900000066],[97.85053640000007,15.549280500000066],[97.85063300000007,15.54844330000003],[97.85105010000007,15.547206200000062],[97.85158780000006,15.545611200000053],[97.85306840000004,15.539533300000073],[97.85431720000008,15.535833800000034],[97.85454150000004,15.535320600000034],[97.85471640000009,15.534752000000026],[97.85481880000003,15.534158700000035],[97.85488160000006,15.531294800000069],[97.85580920000007,15.52441600000003],[97.85583590000005,15.523221400000068],[97.85487090000004,15.517566800000054],[97.85420770000007,15.514013000000034],[97.85413050000005,15.513745200000074],[97.85410690000003,15.513000900000065],[97.85417180000007,15.512799500000028],[97.85428010000004,15.512463800000035],[97.85489650000005,15.511506500000053],[97.85680140000005,15.509763000000078],[97.85755030000007,15.509197000000029],[97.85827290000003,15.508615500000076],[97.85973250000006,15.507299400000022],[97.86159850000007,15.505667500000072],[97.86238990000004,15.504894200000024],[97.86388540000007,15.503432900000064],[97.86448350000006,15.50300070000003],[97.86697230000004,15.50103740000003],[97.86959020000006,15.498142600000051],[97.87171100000006,15.495734200000072],[97.87444200000004,15.492684200000042],[97.87618140000006,15.491222600000071],[97.87849590000008,15.48976650000003],[97.88106010000007,15.489363300000036],[97.88216510000007,15.489311600000065],[97.88443970000009,15.487636700000053],[97.88846300000006,15.486447700000042],[97.88916030000007,15.486168500000076],[97.89502150000004,15.482808200000022],[97.89527260000006,15.482509400000026],[97.89589000000007,15.48129240000003],[97.89613520000006,15.480687000000046],[97.89712110000005,15.476914600000043],[97.89742160000009,15.47634590000007],[97.89777180000004,15.476046000000053],[97.89964800000007,15.474806800000067],[97.90015870000008,15.474111900000025],[97.90063080000004,15.472912500000064],[97.90118870000003,15.469769100000065],[97.90118870000003,15.467411500000026],[97.89951500000006,15.465012600000023],[97.89831340000006,15.463606300000038],[97.89792610000006,15.462841100000048],[97.89782630000008,15.462169000000074],[97.89779730000004,15.461434800000063],[97.89818360000004,15.458642800000064],[97.89799040000008,15.456636700000047],[97.89887020000003,15.45330690000003],[97.89876290000007,15.45254170000004],[97.89802800000007,15.451462100000072],[97.89396150000005,15.445326300000033],[97.89377530000007,15.444952900000033],[97.89367500000009,15.444489600000054],[97.89361870000005,15.44269440000005],[97.89346690000008,15.442239900000061],[97.89153350000004,15.437618200000031],[97.89097560000005,15.43625000000003],[97.89086570000006,15.434289100000058],[97.88928640000006,15.431679900000063],[97.88929070000006,15.431280100000038],[97.88946070000009,15.430320900000027],[97.88965650000006,15.428732500000024],[97.88978390000005,15.427718800000036],[97.88985690000004,15.42713690000005],[97.88990520000004,15.426752700000065],[97.88989460000005,15.426651500000048],[97.88983470000005,15.426082200000053],[97.88978530000009,15.425611600000025],[97.88960750000007,15.42508900000007],[97.88942470000006,15.424551300000076],[97.88848440000004,15.42178640000003],[97.88861340000005,15.420482100000072],[97.88899970000006,15.419447900000023],[97.89003820000005,15.417479600000036],[97.88996310000005,15.414137900000071],[97.89014340000006,15.412590600000044],[97.89016310000005,15.411893400000054],[97.89009870000007,15.406644300000039],[97.89013150000005,15.406177800000023],[97.89053170000005,15.404398800000024],[97.89067800000004,15.403918800000042],[97.89145050000008,15.402465500000062],[97.89248650000008,15.400783700000034],[97.89259310000006,15.40052090000006],[97.89265210000008,15.400200300000051],[97.89267360000008,15.398721200000068],[97.89271650000006,15.398136700000066],[97.89288350000004,15.397747800000047],[97.89314840000009,15.397332500000061],[97.89451900000006,15.39577840000004],[97.89494280000008,15.395178400000077],[97.89527070000008,15.394530900000063],[97.89665470000006,15.390776000000074],[97.89710460000003,15.389458200000036],[97.89715290000004,15.389209900000026],[97.89714750000007,15.388899600000059],[97.89655280000005,15.385004000000038],[97.89588760000004,15.383948800000042],[97.89492200000007,15.382686800000045],[97.89382230000007,15.382108600000038],[97.89243290000007,15.381176500000038],[97.88857050000007,15.379273100000034],[97.88810960000006,15.378584300000057],[97.88530140000006,15.374032400000033],[97.88058830000006,15.366238400000043],[97.87906480000004,15.364748700000064],[97.87818500000009,15.363134800000068],[97.87794040000006,15.361859200000026],[97.87749510000003,15.36123850000007],[97.87627960000003,15.359262500000057],[97.87689430000006,15.353599200000076],[97.87582480000003,15.347963700000037],[97.87434770000004,15.342887400000052],[97.87418440000005,15.342673200000036],[97.87132360000004,15.340670700000032],[97.87127960000004,15.340639900000042],[97.87049150000007,15.34009670000006],[97.87014840000006,15.339691600000037],[97.86999590000005,15.339246600000024],[97.86982200000006,15.338739200000077],[97.86916960000008,15.33676470000006],[97.86831880000005,15.33405380000005],[97.86773940000006,15.32942870000005],[97.86761620000004,15.328166900000042],[97.86671210000009,15.318907700000068],[97.86628830000006,15.315317200000038],[97.86519670000007,15.30558510000003],[97.86461190000006,15.300216100000057],[97.86435580000006,15.297635100000036],[97.86413690000006,15.29541400000005],[97.86363940000007,15.28848350000004],[97.86362310000004,15.288072700000043],[97.86353270000006,15.285794100000032],[97.86331480000007,15.284184100000061],[97.86284280000007,15.279278500000032],[97.86172160000007,15.275222400000075],[97.86118000000005,15.273410300000023],[97.86108560000008,15.273176300000046],[97.86099360000009,15.272996100000057],[97.86088790000008,15.272849200000053],[97.85775730000006,15.269798000000037],[97.85672730000005,15.268866500000058],[97.85599780000007,15.26698280000005],[97.85581430000008,15.264833000000067],[97.85572920000004,15.262878400000034],[97.85560020000008,15.262022400000035],[97.85548460000007,15.26093590000005],[97.85552380000007,15.260469500000056],[97.85562650000008,15.259249800000077],[97.85585690000005,15.25769900000006],[97.85645790000007,15.256470800000045],[97.85696360000009,15.255520300000057],[97.85706920000007,15.255346100000054],[97.85725490000004,15.255053100000055],[97.85770900000006,15.254227800000024],[97.85815370000006,15.253884200000073],[97.85877750000009,15.253619400000048],[97.85920940000005,15.253466600000024],[97.86002490000004,15.25317810000007],[97.86056050000008,15.252970700000049],[97.86120580000005,15.252720800000077],[97.86243290000004,15.252254200000039],[97.86316350000004,15.252188800000056],[97.86381770000008,15.25227730000006],[97.86568450000004,15.252602300000035],[97.86622470000003,15.252834900000039],[97.86772120000006,15.25408710000005],[97.86912650000005,15.254955700000039],[97.87045700000004,15.255327100000045],[97.87149770000008,15.255758700000058],[97.87557250000003,15.25800380000004],[97.87973960000005,15.258851500000048],[97.88408590000006,15.259534600000052],[97.88474240000005,15.259567100000027],[97.88537840000004,15.259492700000067],[97.88596260000008,15.259329700000023],[97.88786680000004,15.258250500000031],[97.88853520000004,15.257954200000029],[97.88900510000008,15.257841300000052],[97.88955840000006,15.25777880000004],[97.89225940000006,15.257694800000024],[97.89301230000007,15.257770900000025],[97.89363450000008,15.25805870000005],[97.89376950000008,15.258118500000023],[97.89419240000007,15.258040000000051],[97.89481470000004,15.257729500000039],[97.89524390000008,15.257211900000073],[97.89578030000007,15.256321800000023],[97.89634830000006,15.255232500000034],[97.89693870000008,15.254140600000028],[97.89704630000006,15.253905800000041],[97.89710460000003,15.253712500000063],[97.89725230000005,15.253036700000052],[97.89749960000006,15.251049700000067],[97.89749870000009,15.25080870000005],[97.89746470000006,15.25064180000004],[97.89738654300004,15.25048038500006],[97.89736820000007,15.250442500000077],[97.89706890000008,15.25007910000005],[97.89650350000005,15.249478800000077],[97.89633770000006,15.24933660000005],[97.89618150000007,15.249240800000052],[97.89592660000005,15.24913250000003],[97.89543860000003,15.248992000000044],[97.89497940000007,15.248869900000045],[97.89481660000007,15.24878380000007],[97.89468750000003,15.248669900000039],[97.89451610000003,15.248397700000055],[97.89342120000003,15.246406300000046],[97.89328300000005,15.246106000000054],[97.89266960000003,15.244639600000028],[97.89170330000007,15.242182200000059],[97.89127420000005,15.240753700000027],[97.89109930000006,15.237372900000025],[97.89142330000004,15.233992000000057],[97.89161340000004,15.228570600000069],[97.89163150000007,15.228053100000068],[97.89136320000006,15.222019800000055],[97.89103810000006,15.22011180000004],[97.89075920000005,15.21479050000005],[97.89008440000003,15.20867510000005],[97.88982780000003,15.206709000000046],[97.88993520000008,15.206357000000025],[97.89197480000007,15.205220200000042],[97.89283740000008,15.197340200000042],[97.89296290000004,15.19619410000007],[97.89381050000009,15.187653100000034],[97.89386200000007,15.185348300000044],[97.89569550000004,15.177042000000029],[97.89579320000007,15.174302100000034],[97.89700230000005,15.169367000000022],[97.89795180000004,15.162762500000042],[97.89869640000006,15.156627900000046],[97.89952250000005,15.149792000000048],[97.89958460000008,15.149348400000065],[97.90058680000004,15.142184400000076],[97.90134750000004,15.140720000000044],[97.90311560000004,15.134945200000061],[97.90427860000005,15.126359300000047],[97.90711100000004,15.117534900000067],[97.90921390000005,15.11210740000007],[97.91110210000005,15.104193900000041],[97.91382410000006,15.097376100000076],[97.91812870000007,15.091065700000058],[97.91827360000008,15.090867800000069],[97.91851420000006,15.090656000000024],[97.91859920000007,15.090498800000034],[97.91881150000006,15.09000670000006],[97.91895310000007,15.08975380000004],[97.91913710000006,15.08955560000004],[97.91932120000007,15.089425800000072],[97.91968930000007,15.089234400000066],[97.91985910000005,15.089125100000047],[97.91997240000006,15.089002100000073],[97.92014230000007,15.088674000000026],[97.92017060000006,15.088510000000042],[97.92014230000007,15.088339100000042],[97.92012810000006,15.088202400000057],[97.92031220000007,15.087976900000058],[97.92051040000007,15.087826600000028],[97.92070850000005,15.087758200000053],[97.92116160000006,15.087840200000073],[97.92128900000006,15.087751400000059],[97.92131730000006,15.087607900000023],[97.92118990000006,15.087478000000033],[97.92110490000005,15.087348100000042],[97.92113330000006,15.087211500000024],[97.92155800000006,15.086746700000049],[97.92169950000005,15.086664700000028],[97.92209590000004,15.086705700000039],[97.92235070000004,15.086726200000044],[97.92259140000004,15.086862900000028],[97.92271880000004,15.086842400000023],[97.92277540000003,15.086746700000049],[97.92273300000005,15.08656220000006],[97.92270470000005,15.086418700000024],[97.92277540000003,15.086275100000023],[97.92297360000003,15.086220500000024],[97.92305860000005,15.086090600000034],[97.92300190000003,15.08599490000006],[97.92284620000004,15.08584460000003],[97.92288870000004,15.085666900000035],[97.92307270000003,15.085537000000045],[97.92342670000005,15.085414000000071],[97.92353990000004,15.08520210000006],[97.92358240000004,15.085038100000077],[97.92376640000003,15.084778400000062],[97.92380890000004,15.084628000000066],[97.92390800000004,15.08428630000003],[97.92410620000004,15.084012900000062],[97.92429020000009,15.083999300000073],[97.92444590000008,15.083889900000031],[97.92470080000004,15.083261100000072],[97.92492730000004,15.082693900000038],[97.92501220000008,15.082550300000037],[97.92532370000004,15.082482000000027],[97.92570590000008,15.082475200000033],[97.92579080000007,15.082379500000059],[97.92574840000003,15.082256500000028],[97.92563510000008,15.082153900000037],[97.92547940000009,15.082092400000022],[97.92547940000009,15.081969400000048],[97.92564930000003,15.081750700000043],[97.92587580000009,15.081648200000075],[97.92594660000003,15.081559300000038],[97.92600320000008,15.081402100000048],[97.92600320000008,15.081217600000059],[97.92611640000007,15.081080900000075],[97.92621550000007,15.08103310000007],[97.92632880000008,15.080937400000039],[97.92637130000008,15.080718700000034],[97.92652700000008,15.080602500000055],[97.92700830000007,15.07985750000006],[97.92726850000008,15.079756200000077],[97.92744720000007,15.07968660000006],[97.92763120000006,15.079563600000029],[97.92771620000008,15.079406400000039],[97.92784360000007,15.078996300000028],[97.92799930000007,15.078832300000045],[97.92819750000007,15.07878450000004],[97.92831070000005,15.078846000000055],[97.92840980000005,15.078846000000055],[97.92853730000007,15.078764000000035],[97.92856560000007,15.078606800000045],[97.92856560000007,15.078381200000024],[97.92873540000005,15.078230900000051],[97.92891950000006,15.077998500000035],[97.92954240000006,15.077643100000046],[97.92965560000005,15.077465400000051],[97.92975470000005,15.07723980000003],[97.92991050000006,15.077021100000024],[97.93010870000006,15.076904900000045],[97.93023610000006,15.076740900000061],[97.93037760000004,15.076624700000025],[97.93053340000006,15.076563200000066],[97.93064660000005,15.076508500000045],[97.93074570000005,15.07627610000003],[97.93083060000004,15.076180400000055],[97.93092970000004,15.07609160000004],[97.93109960000004,15.076105300000052],[97.93121290000005,15.07620090000006],[97.93139690000004,15.076406000000077],[97.93149600000004,15.076460700000041],[97.93170840000005,15.07635810000005],[97.93175080000003,15.07613260000005],[97.93170840000005,15.075756700000056],[97.93176500000004,15.075558500000056],[97.93190660000005,15.075421800000072],[97.93235960000004,15.075244100000077],[97.93247280000008,15.075257700000066],[97.93261440000003,15.075380800000062],[97.93272770000004,15.075490100000025],[97.93315240000004,15.075640500000077],[97.93330810000003,15.07576350000005],[97.93342130000008,15.076098400000035],[97.93353460000009,15.07620090000006],[97.93377530000004,15.07633080000005],[97.93394510000007,15.07635810000005],[97.93408670000008,15.076235100000076],[97.93414330000007,15.07609160000004],[97.93414330000007,15.07592070000004],[97.93403010000009,15.075613200000078],[97.93383190000009,15.075264600000025],[97.93373280000009,15.075045900000077],[97.93367620000004,15.074847700000078],[97.93377530000004,15.074683600000071],[97.93390270000003,15.07438970000004],[97.93398760000008,15.074294000000066],[97.93412920000009,15.07423250000005],[97.93431320000008,15.074225700000056],[97.93444060000007,15.074123200000031],[97.93449730000003,15.07397960000003],[97.93448310000008,15.073788300000047],[97.93442650000009,15.073528500000066],[97.93448310000008,15.073344000000077],[97.93458220000008,15.073180000000036],[97.93473790000007,15.07301590000003],[97.93486530000007,15.072974900000077],[97.93497860000008,15.07302960000004],[97.93512020000009,15.07318680000003],[97.93526170000007,15.073180000000036],[97.93531830000006,15.07301590000003],[97.93534670000008,15.072804000000076],[97.93530420000008,15.072640000000035],[97.93534670000008,15.072496500000057],[97.93553070000007,15.072318800000062],[97.93561560000006,15.07197700000006],[97.93575720000007,15.07189500000004],[97.93592710000007,15.071840300000076],[97.93604030000006,15.071772000000067],[97.93611110000006,15.071546400000045],[97.93622440000007,15.071430200000066],[97.93635180000007,15.071389200000056],[97.93649340000007,15.071430200000066],[97.93662080000007,15.071334500000034],[97.93670570000006,15.071184200000062],[97.93669160000007,15.070965500000057],[97.93674820000007,15.070815100000061],[97.93708790000005,15.070452800000055],[97.93717290000006,15.07036400000004],[97.93730030000006,15.070370800000035],[97.93739940000006,15.070459700000072],[97.93755510000005,15.070425500000056],[97.93766840000006,15.07027510000006],[97.93771080000005,15.070097400000066],[97.93779580000006,15.069988100000046],[97.93793740000007,15.069988100000046],[97.93809310000006,15.070097400000066],[97.93839040000006,15.070247800000061],[97.93850360000005,15.070480200000077],[97.93864520000005,15.070541700000035],[97.93887170000005,15.070480200000077],[97.93899910000005,15.07035030000003],[97.93899910000005,15.070131600000025],[97.93899910000005,15.069974400000035],[97.93904160000005,15.069789800000024],[97.93880090000005,15.06944130000005],[97.93875840000004,15.069249900000045],[97.93894250000005,15.069003800000075],[97.93922560000004,15.068853500000046],[97.93945210000004,15.068457000000024],[97.93956540000005,15.068340800000044],[97.93991930000004,15.06829300000004],[97.94006090000005,15.068238300000075],[97.94023080000005,15.068265600000075],[97.94044310000004,15.068368200000066],[97.94058470000004,15.068429700000024],[97.94076870000004,15.068436500000075],[97.94091030000004,15.06833400000005],[97.94091030000004,15.068115300000045],[97.94079700000003,15.067869200000075],[97.94057050000004,15.067472800000075],[97.94064130000004,15.067315600000029],[97.94096690000003,15.06725410000007],[97.94140580000004,15.067233600000066],[97.94154730000008,15.06711740000003],[97.94154730000008,15.066891800000064],[97.94161810000008,15.066761900000074],[97.94188710000009,15.06667310000006],[97.94197200000008,15.066468000000043],[97.94202870000004,15.066358700000023],[97.94221270000008,15.066290300000048],[97.94243920000008,15.066181000000029],[97.94252420000004,15.066098900000043],[97.94265160000003,15.065811900000028],[97.94293470000008,15.065641000000028],[97.94303380000008,15.065483800000038],[97.94337360000009,15.065230900000074],[97.94361420000007,15.064950600000031],[97.94375580000008,15.064875500000028],[97.94398230000007,15.064588400000048],[97.94432340000009,15.064435400000036],[97.94443810000007,15.064398400000073],[97.94453200000004,15.064457100000027],[97.94457440000008,15.064495400000055],[97.94460310000005,15.064698600000042],[97.94466530000005,15.064765500000021],[97.94472030000009,15.064792900000043],[97.94477290000003,15.064779400000077],[97.94504590000008,15.064557600000057],[97.94534740000006,15.06441570000004],[97.94540220000005,15.063782100000026],[97.94578660000008,15.06352110000006],[97.94601260000007,15.063441800000078],[97.94619790000007,15.06350260000005],[97.94644650000004,15.063936600000034],[97.94658040000007,15.06401980000004],[97.94667780000003,15.064028700000051],[97.94673350000005,15.063899700000036],[97.94675680000006,15.062972700000046],[97.94703230000005,15.06275370000003],[97.94719830000008,15.062432200000046],[97.94749180000008,15.062165500000049],[97.94812030000008,15.061967300000049],[97.94812310000003,15.061704200000065],[97.94826600000005,15.061600000000055],[97.94846560000008,15.061564100000055],[97.94867650000003,15.061072300000035],[97.94863020000008,15.060672500000067],[97.94864040000004,15.060559800000021],[97.94883080000005,15.060307000000023],[97.94942440000005,15.06023010000007],[97.95002430000005,15.059993700000064],[97.95045430000005,15.060126500000024],[97.95096730000006,15.060210100000063],[97.95111230000003,15.060375800000031],[97.95125950000005,15.060608700000046],[97.95092550000004,15.060882700000036],[97.95093120000007,15.061177200000031],[97.95116340000004,15.061280300000021],[97.95172030000003,15.061038200000041],[97.95190700000006,15.060277900000074],[97.95199710000009,15.059755100000075],[97.95184660000007,15.059280200000046],[97.95191350000005,15.058945400000027],[97.95151650000008,15.058468700000049],[97.95114830000006,15.057574700000032],[97.95111950000006,15.057308500000033],[97.95123840000008,15.057202000000075],[97.95152720000004,15.057204900000045],[97.95158370000007,15.057445400000063],[97.95181000000008,15.057658600000025],[97.95212120000008,15.057681700000046],[97.95213830000006,15.057145500000047],[97.95197700000006,15.056610800000044],[97.95204220000005,15.056458900000052],[97.95280520000006,15.056460000000072],[97.95305850000005,15.056604600000071],[97.95327950000006,15.056439200000057],[97.95341550000006,15.056396800000073],[97.95392410000005,15.056652900000074],[97.95411880000006,15.056412700000067],[97.95438600000006,15.056046500000036],[97.95466730000004,15.055830700000058],[97.95483690000003,15.055844800000045],[97.95510560000008,15.055947700000047],[97.95533140000003,15.055854900000043],[97.95541570000006,15.055557000000022],[97.95613740000005,15.055001300000072],[97.95640600000007,15.05491040000004],[97.95669690000005,15.054986400000075],[97.95688100000007,15.054931800000077],[97.95696590000006,15.054795100000035],[97.95696590000006,15.05456950000007],[97.95706500000006,15.054494300000044],[97.95720660000006,15.054453300000034],[97.95741890000005,15.054562700000076],[97.95751800000005,15.054535300000055],[97.95763130000006,15.05439860000007],[97.95773040000006,15.05420040000007],[97.95794270000005,15.054091000000028],[97.95833910000005,15.054043200000024],[97.95866470000004,15.053940600000033],[97.95883460000005,15.053954300000044],[97.95899030000004,15.05394750000005],[97.95904700000006,15.053892800000028],[97.95908940000004,15.053749200000027],[97.95940090000005,15.053537300000073],[97.95965570000004,15.053263900000047],[97.95985390000004,15.053181900000027],[97.96022200000004,15.053229700000031],[97.96051930000004,15.053106700000058],[97.96071750000004,15.053093000000047],[97.96087320000004,15.053086200000052],[97.96100060000003,15.052983700000027],[97.96114220000004,15.052805900000067],[97.96143950000004,15.052546200000052],[97.96165180000008,15.052101900000025],[97.96186420000004,15.05187630000006],[97.96207650000008,15.051739600000076],[97.96227470000008,15.05175330000003],[97.96250120000008,15.051849000000061],[97.96284100000008,15.051883100000055],[97.96306750000008,15.05179430000004],[97.96320910000009,15.05150720000006],[97.96335060000007,15.05135000000007],[97.96354880000007,15.051356800000065],[97.96371870000007,15.051274800000044],[97.96386030000008,15.051015000000064],[97.96439820000006,15.050604900000053],[97.96490790000007,15.050249400000041],[97.96504940000005,15.05007850000004],[97.96513440000007,15.049736800000062],[97.96519100000006,15.049408700000072],[97.96543170000007,15.04914210000004],[97.96599790000005,15.048827600000038],[97.96639430000005,15.048752400000069],[97.96664920000006,15.048533700000064],[97.96693230000005,15.048260300000038],[97.96708800000005,15.048096200000032],[97.96714460000004,15.047918500000037],[97.96728620000005,15.047863800000073],[97.96748440000005,15.047904800000026],[97.96764010000004,15.047904800000026],[97.96778170000005,15.047836500000074],[97.96785250000005,15.047576700000036],[97.96792330000005,15.047419500000046],[97.96803650000004,15.047399000000041],[97.96824890000005,15.047460500000057],[97.96843290000004,15.047453700000062],[97.96875850000004,15.047132400000066],[97.96919740000004,15.046783800000071],[97.96928230000003,15.04657190000006],[97.96931060000009,15.04644200000007],[97.96943800000008,15.046373600000038],[97.96963620000008,15.046318900000074],[97.96989110000004,15.046107000000063],[97.97001850000004,15.046025000000043],[97.97016000000008,15.045936100000063],[97.97016000000008,15.045710600000064],[97.97017420000009,15.045608000000072],[97.97031580000004,15.045505500000047],[97.97102360000008,15.045478100000025],[97.97117930000007,15.045444000000032],[97.97126430000009,15.045327800000052],[97.97119350000008,15.045136400000047],[97.97106610000009,15.044903900000065],[97.97117930000007,15.04468520000006],[97.97136340000009,15.044575800000075],[97.97151910000008,15.044575800000075],[97.97173140000007,15.044657800000039],[97.97198630000008,15.04467150000005],[97.97214200000008,15.044657800000039],[97.97225520000006,15.044534800000065],[97.97224110000008,15.044309200000043],[97.97234020000008,15.044199900000024],[97.97253840000008,15.044131500000049],[97.97275070000006,15.043987900000047],[97.97290650000008,15.043817000000047],[97.97292060000007,15.043598300000042],[97.97296310000007,15.043447900000047],[97.97318960000007,15.043427400000041],[97.97335950000007,15.043297500000051],[97.97333120000008,15.043065100000035],[97.97331700000007,15.042894200000035],[97.97357180000006,15.042709600000023],[97.97437880000007,15.042661800000076],[97.97454860000005,15.04254560000004],[97.97467610000007,15.042367900000045],[97.97490260000006,15.042326800000069],[97.97512910000006,15.042340500000023],[97.97541220000005,15.04229950000007],[97.97568120000005,15.042135400000063],[97.97597850000005,15.041889300000037],[97.97623330000005,15.041602200000057],[97.97648810000004,15.041123700000071],[97.97661550000004,15.040993800000024],[97.97675710000004,15.040980200000035],[97.97682790000005,15.041089500000055],[97.97685620000004,15.04123990000005],[97.97665800000004,15.041691100000037],[97.97672880000005,15.041807300000073],[97.97691280000004,15.041855200000043],[97.97711100000004,15.041732100000047],[97.97722430000005,15.041595400000062],[97.97747910000004,15.041445000000067],[97.97803120000003,15.041151100000036],[97.97822940000003,15.04078190000007],[97.97855500000009,15.040631500000075],[97.97855500000009,15.04033080000005],[97.97854090000004,15.040132500000027],[97.97885230000009,15.039688200000057],[97.97896560000004,15.039695000000052],[97.97905050000008,15.039804400000037],[97.97896560000004,15.040002600000037],[97.97897970000008,15.040132500000027],[97.97910710000008,15.040228200000058],[97.97936190000007,15.040173500000037],[97.97948940000003,15.040118800000073],[97.97961680000009,15.039913800000022],[97.97965920000007,15.039756500000067],[97.97988580000003,15.039660800000036],[97.97998480000007,15.039455800000042],[97.98009810000008,15.039380600000072],[97.98023970000008,15.03939420000006],[97.98029630000008,15.039524100000051],[97.98040960000009,15.039674500000046],[97.98059360000008,15.039708700000062],[97.98084840000007,15.03968130000004],[97.98094750000007,15.039551500000073],[97.98093340000008,15.039319000000035],[97.98120230000006,15.038963600000045],[97.98134390000007,15.03885420000006],[97.98157040000007,15.038888400000076],[97.98171200000007,15.038874700000065],[97.98183940000007,15.038744800000075],[97.98202340000006,15.038676500000065],[97.98216500000007,15.038567100000023],[97.98230660000007,15.038252600000021],[97.98220750000007,15.038013400000068],[97.98220750000007,15.037863000000073],[97.98251890000006,15.03775360000003],[97.98270300000007,15.037767300000041],[97.98297190000005,15.037876700000027],[97.98335420000006,15.037815100000046],[97.98360900000006,15.03758270000003],[97.98383550000005,15.037528000000066],[97.98410010000003,15.037621800000068],[97.98448630000007,15.037849700000038],[97.98643900000008,15.037559600000066],[97.98733080000005,15.036452600000075],[97.98849890000008,15.035881000000074],[97.98854180000006,15.034948500000041],[97.98863200000005,15.034721800000057],[97.98900530000009,15.034495100000072],[97.99020490000004,15.033303400000023],[97.99112060000004,15.032798900000046],[97.99171070000006,15.032677300000046],[97.99184080000003,15.032057700000053],[97.99189780000006,15.031459300000051],[97.99179230000004,15.031009900000072],[97.99186700000007,15.030552800000066],[97.99199830000003,15.03019130000007],[97.99229690000004,15.030099200000052],[97.99311140000003,15.030141600000036],[97.99350390000006,15.029903700000034],[97.99381130000006,15.029583700000046],[97.99422810000004,15.02925840000006],[97.99481750000007,15.028667600000063],[97.99512380000004,15.028227300000026],[97.99622540000007,15.027695300000062],[97.99741840000007,15.026253600000075],[97.99841330000004,15.025283600000023],[97.99836980000003,15.02484110000006],[97.99801320000006,15.024352500000077],[97.99731800000006,15.023572300000069],[97.99700690000009,15.023468900000069],[97.99669570000003,15.02352970000004],[97.99596620000005,15.023654100000044],[97.99506490000005,15.023778400000026],[97.99397270000009,15.023085200000025],[97.99386330000004,15.022369200000071],[97.99352000000005,15.021602400000063],[97.99347690000008,15.021286700000076],[97.99392680000005,15.021018600000048],[97.99465720000006,15.020334300000059],[97.99485040000008,15.019198300000028],[97.99588030000007,15.017768300000057],[97.99676010000007,15.01480470000007],[97.99643820000006,15.012587100000076],[97.99672470000007,15.009357000000023],[97.99654030000005,15.006900700000074],[97.99726860000004,15.004678100000035],[97.99702330000008,15.00408120000003],[97.99702510000009,15.003458400000056],[97.99688460000004,15.002607600000033],[97.99641680000008,15.002099800000053],[97.99553700000007,15.001623100000074],[97.99480750000004,15.000193000000024],[97.99512930000009,15.000110100000029],[97.99532240000008,14.99963340000005],[97.99482890000007,14.999073700000054],[97.99506970000004,14.997884200000044],[97.99491150000006,14.997340000000065],[97.99446410000007,14.99613050000005],[97.99477530000007,14.99532940000006],[97.99444270000004,14.993456800000047],[97.99442930000004,14.993157500000052],[97.99456230000004,14.992819000000054],[97.99475220000005,14.992295900000045],[97.99477950000005,14.991992800000048],[97.99452610000009,14.991233200000067],[97.99450700000006,14.990202600000032],[97.99453000000005,14.989978000000065],[97.99530100000004,14.988360400000033],[97.99527950000004,14.987756700000034],[97.99532460000006,14.98734950000005],[97.99551130000003,14.986928600000056],[97.99589710000004,14.986594100000048],[97.99592500000006,14.986422400000038],[97.99581140000004,14.986319000000037],[97.99553700000007,14.986202100000071],[97.99525810000006,14.985787600000037],[97.99525170000004,14.98555280000005],[97.99533020000007,14.985317900000041],[97.99671720000003,14.984170800000072],[97.99689180000007,14.98366980000003],[97.99695320000006,14.983155100000033],[97.99748970000007,14.98276130000005],[97.99813850000004,14.982410600000037],[97.99881560000006,14.982285600000068],[97.99919210000007,14.982103300000063],[97.99952610000008,14.981832000000054],[97.99993760000007,14.981057000000021],[98.00014340000007,14.980450700000063],[98.00134010000005,14.975953700000048],[98.00184560000008,14.974096700000075],[98.00181980000008,14.97154080000007],[98.00416620000004,14.967454000000032],[98.00461840000008,14.966496900000038],[98.00806410000007,14.947142600000063],[98.00872380000004,14.943195800000069],[98.00784260000006,14.940021400000035],[98.00589030000003,14.932794300000069],[98.00590670000008,14.932386400000041],[98.00897150000009,14.920908200000042],[98.00933630000009,14.919480100000044],[98.00984860000005,14.917502600000034],[98.01017850000005,14.916281900000058],[98.01026270000006,14.915967800000033],[98.01043470000008,14.915329400000076],[98.01048290000006,14.91511550000007],[98.01048830000008,14.915036500000042],[98.01048160000005,14.914948400000071],[98.01045480000005,14.914829100000077],[98.01016110000006,14.914174700000046],[98.01008330000008,14.91400230000005],[98.00972520000005,14.913239000000033],[98.00965550000006,14.913029100000074],[98.00965280000008,14.912883900000054],[98.00967160000005,14.912674000000038],[98.00985930000007,14.912044200000025],[98.01084380000003,14.909030800000039],[98.01273190000006,14.90343310000003],[98.01319130000007,14.902475300000049],[98.01672440000004,14.897225900000024],[98.01763500000004,14.895884500000022],[98.01809100000008,14.895092600000055],[98.01900030000007,14.893524400000047],[98.02089530000006,14.889876000000072],[98.02116480000007,14.889327800000046],[98.02142900000007,14.888850800000057],[98.02172270000005,14.888414000000068],[98.02226590000004,14.887650600000029],[98.02255690000004,14.887246300000072],[98.02309200000008,14.886479000000065],[98.02371020000004,14.885598900000048],[98.02791340000005,14.879823200000033],[98.02899150000007,14.87840680000005],[98.02924360000009,14.878058100000032],[98.02940730000006,14.877761300000031],[98.02975730000009,14.87703410000006],[98.02993030000005,14.876622000000054],[98.03007920000005,14.876050400000054],[98.03018110000005,14.87572890000007],[98.03031120000009,14.87545670000003],[98.03039300000006,14.875324500000033],[98.03056730000009,14.87501990000004],[98.03085160000006,14.874443100000065],[98.03134310000007,14.873347100000046],[98.03147120000006,14.87306140000004],[98.03166550000003,14.872619500000042],[98.03319520000008,14.86914070000006],[98.03615640000004,14.86235890000006],[98.03802210000003,14.85779610000003],[98.04154120000004,14.849251000000038],[98.04513530000008,14.840772900000047],[98.04804290000004,14.833798300000069],[98.05116830000009,14.826062500000035],[98.05231870000006,14.822468400000048],[98.05313410000008,14.820440700000063],[98.05328960000008,14.820189200000073],[98.05374830000005,14.819525400000032],[98.05394140000004,14.819185700000048],[98.05453960000006,14.817793300000062],[98.05880280000008,14.80764460000006],[98.06018830000005,14.80432090000005],[98.06025200000005,14.804167200000052],[98.06134700000007,14.801563000000044],[98.06152130000004,14.801207800000043],[98.06177620000005,14.800792800000067],[98.06294020000007,14.799120200000061],[98.06421430000006,14.797185700000057],[98.06588800000009,14.794719500000042],[98.06620450000008,14.794231900000057],[98.06641060000004,14.793844500000034],[98.06649680000004,14.793651000000068],[98.06657730000006,14.793367100000069],[98.06662560000007,14.793127200000072],[98.06673560000007,14.792660400000045],[98.06677850000005,14.792522900000051],[98.06684150000007,14.792417900000032],[98.07433020000008,14.784875100000022],[98.07446840000006,14.784715600000027],[98.07466020000004,14.784421300000076],[98.07657120000005,14.781151000000023],[98.07667050000003,14.780911100000026],[98.07685690000005,14.780315900000062],[98.07857890000008,14.774385800000061],[98.07866200000007,14.77420950000004],[98.07874110000006,14.774117400000023],[98.07922390000004,14.773720600000047],[98.07930980000003,14.773664800000063],[98.07940360000003,14.773624600000062],[98.07963160000008,14.77359350000006],[98.08003800000006,14.773548100000028],[98.08058650000004,14.773492400000066],[98.08073000000007,14.773448300000041],[98.08094990000006,14.773336800000038],[98.08779430000004,14.76930740000006],[98.09091530000006,14.765029000000027],[98.09173070000008,14.762930200000028],[98.09200430000004,14.76156700000007],[98.09263190000007,14.759900800000025],[98.09397090000004,14.754967500000078],[98.09467470000004,14.753397800000073],[98.09591490000008,14.749940800000047],[98.09664450000008,14.748882500000036],[98.09666220000008,14.747690000000034],[98.09682140000007,14.747017700000072],[98.09851130000004,14.74215920000006],[98.09985130000007,14.739932500000066],[98.10125790000006,14.737614600000029],[98.10222350000004,14.734688600000027],[98.10308180000004,14.733713200000068],[98.10324580000008,14.732124100000021],[98.10329680000007,14.73184260000005],[98.10335840000005,14.731677900000022],[98.10352340000009,14.731410700000026],[98.10397800000004,14.73083360000004],[98.10526150000004,14.729354900000033],[98.10539290000008,14.729163000000028],[98.10546670000008,14.728989200000058],[98.10569470000007,14.728118900000027],[98.10576300000008,14.727980100000025],[98.10585420000007,14.727881500000024],[98.10598030000006,14.727814100000046],[98.10617210000004,14.727772600000037],[98.10670850000008,14.727705100000037],[98.10687480000007,14.727632500000027],[98.10700490000005,14.727550800000074],[98.10731600000008,14.72715130000006],[98.10815020000007,14.726217400000053],[98.10825740000007,14.726058700000067],[98.10840770000004,14.72570890000003],[98.10881670000003,14.72453900000005],[98.10982530000007,14.721433800000057],[98.10989500000005,14.721221100000037],[98.10991640000003,14.720979800000066],[98.10991380000007,14.720414300000073],[98.10991380000007,14.71912240000006],[98.10993520000005,14.718167700000038],[98.10991910000007,14.716497100000026],[98.10998080000007,14.716183200000046],[98.10997280000004,14.716040500000076],[98.10994600000004,14.715921200000025],[98.10985480000005,14.715809600000057],[98.10969920000008,14.715660400000047],[98.10955430000007,14.715555400000028],[98.10945510000005,14.715482700000052],[98.10930760000008,14.715319300000033],[98.10922440000007,14.715197400000022],[98.10913590000007,14.715005400000052],[98.10906850000003,14.714621500000021],[98.10860610000003,14.712254500000029],[98.10860750000006,14.712092000000041],[98.10872820000009,14.711697700000059],[98.10930450000006,14.710387600000047],[98.11042030000004,14.709287700000061],[98.11106400000006,14.708831100000054],[98.11181510000006,14.70758580000006],[98.11220130000004,14.705551800000023],[98.11226320000009,14.704130100000043],[98.11228710000006,14.703580100000067],[98.11209400000007,14.702661700000021],[98.11208220000003,14.701668600000062],[98.11254460000004,14.700306000000069],[98.11323130000005,14.697934700000076],[98.11310250000008,14.696689400000025],[98.11357460000005,14.695796900000062],[98.11451250000005,14.694425900000056],[98.11507660000007,14.69249670000005],[98.11516250000005,14.691043700000023],[98.11576540000004,14.690450100000078],[98.11644990000008,14.689383200000066],[98.11769410000005,14.686853700000029],[98.11868150000004,14.685252700000035],[98.11953980000004,14.683965800000067],[98.11956130000004,14.683156300000064],[98.11915360000006,14.682471300000032],[98.11911070000008,14.68164100000007],[98.11938960000003,14.680042700000058],[98.12011920000003,14.679170900000031],[98.12112980000006,14.677283000000045],[98.12159980000007,14.674687300000073],[98.12181610000005,14.67358450000006],[98.12195150000008,14.673191400000064],[98.12216480000006,14.672693200000026],[98.12249200000008,14.672039300000051],[98.12282190000008,14.671463300000028],[98.12309150000004,14.671017000000063],[98.12320950000009,14.670860000000062],[98.12336100000005,14.670717300000035],[98.12384520000006,14.670365700000048],[98.12429580000008,14.670058200000028],[98.12445000000008,14.669938900000034],[98.12454520000006,14.669840300000033],[98.12464850000003,14.669693700000039],[98.12505750000008,14.668775100000062],[98.12513400000006,14.668489700000066],[98.12518220000004,14.668391100000065],[98.12525470000008,14.668304200000023],[98.12532570000008,14.668232800000055],[98.12553230000003,14.668149800000037],[98.12589440000005,14.668038200000069],[98.12606200000005,14.668022600000029],[98.12621090000005,14.668023900000037],[98.12658100000004,14.668086200000062],[98.12673520000004,14.668099200000029],[98.12686440000004,14.668079000000034],[98.12694850000008,14.668027800000061],[98.12706780000008,14.667940900000076],[98.12820280000005,14.66656000000006],[98.12912500000004,14.665722900000048],[98.12942320000008,14.664916400000038],[98.12961950000005,14.663506900000073],[98.12970530000007,14.663209800000061],[98.13046710000003,14.662289900000076],[98.13103611700006,14.66114817700003],[98.13108400000004,14.661052100000063],[98.13150070000006,14.660209700000053],[98.13270860000006,14.658580000000029],[98.13281150000006,14.658350600000063],[98.13284630000004,14.658096500000056],[98.13333740000007,14.65631540000004],[98.13442250000008,14.65251390000003],[98.13465320000006,14.649108200000057],[98.13471430000004,14.645227100000056],[98.13449280000003,14.643878700000073],[98.13452870000003,14.643537200000026],[98.13532050000003,14.642403600000023],[98.13597430000004,14.640905300000043],[98.13615120000009,14.640453600000058],[98.13630550000005,14.64003020000007],[98.13750060000007,14.637257600000055],[98.13752210000007,14.636447900000064],[98.13650290000004,14.633292100000062],[98.13608420000008,14.631904700000064],[98.13588260000006,14.63151410000006],[98.13561240000007,14.631195200000036],[98.13500080000006,14.630842200000075],[98.13460580000003,14.63062320000006],[98.13375020000007,14.630148900000052],[98.13343440000006,14.629918300000043],[98.13224710000009,14.628582100000074],[98.13222210000004,14.628423500000054],[98.13222840000009,14.628122800000028],[98.13242250000008,14.627296500000057],[98.13266650000008,14.62684580000007],[98.13281210000008,14.626430300000038],[98.13289800000007,14.625080800000035],[98.13295850000009,14.624696500000027],[98.13305890000004,14.624354100000062],[98.13311540000007,14.624172900000076],[98.13324130000007,14.624042600000053],[98.13345650000008,14.623933900000054],[98.13370260000005,14.623886900000059],[98.13382160000003,14.623857300000054],[98.13536430000005,14.623744300000055],[98.13698030000006,14.623664800000029],[98.13900050000007,14.623404200000039],[98.14086470000007,14.623021100000074],[98.14365370000007,14.622582900000054],[98.14428130000005,14.622682500000053],[98.14840010000006,14.625294500000052],[98.14897520000005,14.62542220000006],[98.14955650000007,14.625409600000069],[98.15111120000006,14.625376000000074],[98.15243090000007,14.625612700000033],[98.15386660000007,14.625259400000061],[98.15455670000006,14.624987000000033],[98.15532180000008,14.624797600000022],[98.15704800000003,14.623975100000052],[98.15721400000007,14.623755800000026],[98.15736930000008,14.623183500000039],[98.15809070000006,14.622994900000037],[98.15822090000006,14.622848700000077],[98.15829990000003,14.622611800000072],[98.15865980000007,14.622391400000026],[98.15877270000004,14.62213810000003],[98.15879100000006,14.621970800000042],[98.15870710000007,14.621696300000053],[98.15882880000004,14.621291600000063],[98.15881120000006,14.621048400000063],[98.15847850000006,14.620442600000047],[98.15860910000004,14.620319700000039],[98.15913990000007,14.620324400000072],[98.15940290000003,14.62019470000007],[98.15969140000004,14.619912700000043],[98.16064040000003,14.619580600000063],[98.16198530000008,14.619417400000032],[98.16266290000004,14.618907900000067],[98.16276720000008,14.618745700000034],[98.16273830000006,14.618510800000024],[98.16266880000006,14.61832830000003],[98.16266300000007,14.617614600000024],[98.16260440000008,14.617007600000022],[98.16249840000006,14.616668700000048],[98.16253540000008,14.616523400000062],[98.16274810000004,14.616208100000051],[98.16293020000006,14.615776900000071],[98.16301280000005,14.615421100000049],[98.16305710000006,14.615086900000051],[98.16298650000004,14.61468080000003],[98.16305480000005,14.614411300000029],[98.16358720000005,14.613517000000058],[98.16362690000005,14.613416400000062],[98.16358930000007,14.613304000000028],[98.16277790000004,14.612514700000077],[98.16271320000004,14.612358100000051],[98.16271130000007,14.612198000000035],[98.16277020000007,14.612037900000075],[98.16292020000009,14.611859800000047],[98.16453020000006,14.610690900000066],[98.16480820000004,14.610550400000022],[98.16625160000007,14.610176000000024],[98.16653930000007,14.610017500000026],[98.16676580000006,14.609772200000066],[98.16693140000007,14.609526800000026],[98.16706860000005,14.60920660000005],[98.16714740000003,14.608834000000058],[98.16719910000006,14.608461300000045],[98.16735220000004,14.608118700000034],[98.16882900000007,14.60616390000007],[98.16920250000004,14.605833200000063],[98.17005600000005,14.60519510000006],[98.17021360000007,14.604941600000075],[98.17071620000007,14.603438900000071],[98.17115800000005,14.602413700000056],[98.17114750000007,14.601931200000024],[98.17130600000007,14.601288400000044],[98.17144630000007,14.60112410000005],[98.17217470000008,14.600659000000064],[98.17245020000007,14.600344300000074],[98.17342180000009,14.599728800000037],[98.17367030000008,14.599478200000021],[98.17405400000007,14.598730500000045],[98.17539620000008,14.59759450000007],[98.17634650000008,14.59669400000007],[98.18305950000007,14.589556900000048],[98.18363030000006,14.588504100000023],[98.18356060000008,14.587979800000028],[98.18402840000005,14.584792200000038],[98.18472360000004,14.580972200000076],[98.18424720000007,14.57551570000004],[98.18402190000006,14.573283200000049],[98.18336750000003,14.573008100000038],[98.18294690000005,14.572208500000045],[98.18205640000008,14.571330100000068],[98.18196410000007,14.57040070000005],[98.18113690000007,14.569121400000029],[98.18103390000005,14.565895200000057],[98.18130170000006,14.56437070000004],[98.18035050000003,14.56219630000004],[98.18034840000007,14.561017700000036],[98.17960490000007,14.55976540000006],[98.18254880000006,14.556041600000071],[98.18289860000004,14.551927200000023],[98.18316250000004,14.551125500000069],[98.18257670000008,14.548734900000056],[98.18368840000005,14.543308700000068],[98.18372000000005,14.54278430000005],[98.18377370000007,14.542452000000026],[98.18369850000005,14.542161200000066],[98.18339810000003,14.54178580000007],[98.18264230000005,14.541290400000037],[98.18234670000004,14.541153800000075],[98.18215360000005,14.540998000000059],[98.18218580000007,14.540032200000041],[98.18245400000006,14.53935720000004],[98.18245830000006,14.53911050000005],[98.18202490000004,14.538453700000048],[98.18203560000006,14.538194000000033],[98.18237460000006,14.53776920000007],[98.18234890000008,14.537357000000043],[98.18173510000008,14.53655690000005],[98.18136290000007,14.535663100000022],[98.18146800000005,14.535184900000047],[98.18140900000009,14.535097600000029],[98.18121430000008,14.535039500000039],[98.18098680000008,14.53486920000006],[98.18083390000004,14.534247600000072],[98.18085430000008,14.533865400000025],[98.18082750000008,14.533646800000042],[98.18064620000007,14.533232400000031],[98.18069720000005,14.533091700000057],[98.18128560000008,14.532235900000046],[98.18164930000006,14.530913800000064],[98.18310790000004,14.528851700000075],[98.18321900000007,14.528509000000042],[98.18319350000007,14.528061800000046],[98.18276620000006,14.526981300000045],[98.18275440000008,14.52679070000005],[98.18282950000008,14.526624500000025],[98.18323720000006,14.526271400000041],[98.18358160000008,14.525498200000072],[98.18361270000008,14.524910800000043],[98.18366640000005,14.524526600000058],[98.18363420000009,14.524204600000076],[98.18235370000008,14.522463900000048],[98.18227700000006,14.522214100000042],[98.18225390000003,14.521693200000072],[98.18206030000005,14.520854600000064],[98.18222070000007,14.520440700000051],[98.18236820000004,14.519977500000039],[98.18229310000004,14.519478900000024],[98.18194970000008,14.51916730000005],[98.18184250000007,14.518959600000073],[98.18192780000004,14.517905400000075],[98.18231450000007,14.516737000000035],[98.18243250000006,14.51577100000003],[98.18214980000005,14.514463900000067],[98.18188540000006,14.513963800000056],[98.18180940000008,14.51259200000004],[98.18216430000007,14.512166900000068],[98.18265250000007,14.511777400000028],[98.18278940000005,14.51167090000007],[98.18297810000007,14.511481900000035],[98.18327220000003,14.511021700000072],[98.18343040000008,14.510699800000054],[98.18360200000006,14.510442800000021],[98.18450960000007,14.509229600000026],[98.18492980000008,14.508767800000044],[98.18495490000004,14.508665600000029],[98.18495170000006,14.508586100000059],[98.18494980000008,14.508539900000073],[98.18452920000004,14.507847900000058],[98.18437210000008,14.507587500000056],[98.18403010000009,14.507013100000052],[98.18381710000006,14.506863000000067],[98.18371950000005,14.506703000000073],[98.18373080000003,14.506247600000052],[98.18362080000009,14.505828500000064],[98.18351050000007,14.505377400000043],[98.18344370000005,14.504974100000027],[98.18207850000005,14.503639400000054],[98.18184350000007,14.503340800000046],[98.18150900000006,14.501166500000068],[98.18160590000008,14.500853100000029],[98.18216270000005,14.50017020000007],[98.18246740000006,14.499552700000038],[98.18273670000008,14.499342300000023],[98.18280810000005,14.499006800000075],[98.18266770000008,14.498632100000066],[98.18242560000004,14.498168600000042],[98.18221960000005,14.497587400000043],[98.18203560000006,14.497324100000071],[98.18147770000007,14.496939800000064],[98.18144550000005,14.496700900000064],[98.18205440000008,14.494313300000044],[98.18204740000004,14.493827700000054],[98.18236120000006,14.492839400000037],[98.18256130000003,14.492338200000063],[98.18250760000006,14.491798000000074],[98.18277590000008,14.491143600000044],[98.18249960000009,14.49034430000006],[98.18280930000009,14.488415600000053],[98.18269000000004,14.487746900000047],[98.18273190000008,14.487456000000066],[98.18295830000005,14.487185900000043],[98.18309690000007,14.486624200000051],[98.18325870000007,14.486448400000029],[98.18297970000003,14.486178300000063],[98.18294220000007,14.485590400000035],[98.18289670000007,14.48518880000006],[98.18281610000008,14.484887600000036],[98.18276950000006,14.484106500000053],[98.18273290000008,14.483817700000031],[98.18281890000009,14.483061900000052],[98.18304580000006,14.482531000000051],[98.18314600000008,14.482275100000038],[98.18314340000006,14.482088000000033],[98.18294490000005,14.481690800000024],[98.18289760000005,14.481516300000067],[98.18298790000006,14.481337500000052],[98.18312200000008,14.481179100000077],[98.18335250000007,14.48090650000006],[98.18347320000004,14.480340300000023],[98.18339810000003,14.479644300000075],[98.18352690000006,14.47914570000006],[98.18338100000005,14.47887090000006],[98.18322650000005,14.478075700000034],[98.18350490000006,14.476429200000041],[98.18319700000006,14.475638100000026],[98.18269000000004,14.472559600000068],[98.18218740000003,14.471452700000043],[98.18209250000007,14.471105000000023],[98.18178400000005,14.46954850000003],[98.18151510000007,14.46853340000007],[98.18125240000006,14.467541900000072],[98.18085240000005,14.462683300000037],[98.18088250000005,14.461268800000028],[98.18096270000007,14.460674900000072],[98.18063590000008,14.45931500000006],[98.18125150000009,14.453630300000043],[98.18090820000003,14.448020000000042],[98.18010590000006,14.447360400000036],[98.17917380000006,14.446245400000066],[98.17856520000004,14.44545960000005],[98.17822530000007,14.444296800000075],[98.17806790000009,14.443057800000076],[98.17799430000008,14.441199400000073],[98.17794000000004,14.439239600000064],[98.17787410000005,14.43756890000003],[98.17790510000003,14.436757900000032],[98.17830440000006,14.435552700000073],[98.17852150000004,14.434753000000057],[98.17853320000006,14.43406600000003],[98.17852540000007,14.433844400000055],[98.17850210000006,14.432519100000036],[98.17850990000005,14.431663100000037],[98.17863780000005,14.431313900000077],[98.17880450000007,14.43028890000005],[98.17897700000003,14.429733700000043],[98.17925430000008,14.429335200000025],[98.17970790000004,14.428986100000031],[98.18072750000005,14.428253900000072],[98.18094070000006,14.427893500000039],[98.18108790000008,14.427230400000042],[98.18120980000003,14.426504700000066],[98.18126870000003,14.426233300000035],[98.18136140000007,14.42599290000004],[98.18152210000005,14.42578270000007],[98.18168820000005,14.425666400000068],[98.18204650000007,14.425522700000045],[98.18226900000008,14.425449800000024],[98.18236420000005,14.425401600000043],[98.18244580000004,14.425333400000056],[98.18250850000004,14.425184400000035],[98.18257050000005,14.42498390000003],[98.18265820000005,14.424484300000074],[98.18272040000005,14.42380120000007],[98.18273960000005,14.423670000000072],[98.18273860000005,14.423590900000022],[98.18271190000007,14.423532500000022],[98.18252110000009,14.423070100000075],[98.18246340000007,14.422740200000021],[98.18245270000006,14.422306500000047],[98.18246820000007,14.421803400000044],[98.18274350000007,14.421604400000035],[98.18296830000008,14.421356600000024],[98.18306140000004,14.42105250000003],[98.18320090000003,14.42090980000006],[98.18329010000008,14.420654500000069],[98.18326680000007,14.420320300000071],[98.18334820000007,14.420065000000022],[98.18353820000004,14.419772100000046],[98.18372040000008,14.419246400000077],[98.18381350000004,14.418563100000028],[98.18375920000005,14.418232600000067],[98.18376690000008,14.41802240000004],[98.18402670000006,14.417462900000032],[98.18404220000008,14.41724510000006],[98.18393750000007,14.417128700000035],[98.18377860000004,14.417121200000054],[98.18366230000004,14.417181300000038],[98.18346460000004,14.417493000000036],[98.18338700000004,14.417733300000066],[98.18331340000003,14.417812100000049],[98.18319320000006,14.417763300000047],[98.18298770000007,14.417354000000046],[98.18279390000004,14.41700110000005],[98.18289850000008,14.41661810000005],[98.18301480000008,14.416490400000043],[98.18311560000006,14.416404100000022],[98.18311950000003,14.416302700000074],[98.18294120000007,14.41602480000006],[98.18284040000003,14.415976000000057],[98.18272020000006,14.416103700000065],[98.18264270000009,14.416141200000027],[98.18253800000008,14.416073600000061],[98.18245660000008,14.415870900000073],[98.18229760000008,14.415788300000031],[98.18225500000005,14.415698200000065],[98.18226270000008,14.415623100000062],[98.18230920000008,14.41545780000007],[98.18246820000007,14.415225100000043],[98.18251470000007,14.415127400000074],[98.18249920000005,14.415026000000069],[98.18235960000004,14.414947200000029],[98.18226270000008,14.414695600000073],[98.18200480000007,14.413738200000068],[98.18172510000005,14.413005400000031],[98.18114940000004,14.412410600000044],[98.18090270000005,14.412150500000052],[98.18056830000006,14.411954000000037],[98.18042570000006,14.411762800000076],[98.18035990000004,14.411470700000052],[98.18014060000007,14.411295500000051],[98.17997610000003,14.41103000000004],[98.17970200000008,14.410217500000044],[98.17963830000008,14.409708600000044],[98.17966990000008,14.409174800000073],[98.17962590000008,14.40871160000006],[98.17966570000004,14.408237900000074],[98.17980620000009,14.407848000000058],[98.17998360000007,14.407486300000073],[98.18031520000005,14.407009200000061],[98.18047350000006,14.406713500000023],[98.18051910000008,14.406423300000029],[98.18051743700005,14.40555703800004],[98.18051740000004,14.40553790000007],[98.18062860000003,14.402164600000049],[98.18113050000005,14.399218700000063],[98.18134280000004,14.398748500000067],[98.18172830000003,14.397196700000052],[98.18163110000006,14.396522400000038],[98.18171080000008,14.393685700000049],[98.18194820000008,14.392787300000066],[98.18180720000004,14.392320100000063],[98.18205210000008,14.391658900000039],[98.18222270000007,14.390911500000072],[98.18191110000004,14.390005900000062],[98.18182950000005,14.38950280000006],[98.18188890000005,14.389236900000071],[98.18222170000007,14.388918800000056],[98.18248080000006,14.388285600000074],[98.18254860000008,14.387810500000057],[98.18249370000007,14.387185600000066],[98.18230480000005,14.386082800000054],[98.18216310000008,14.385681300000044],[98.18216840000008,14.385264600000028],[98.18243070000005,14.384436200000039],[98.18238350000007,14.383989000000042],[98.18249370000007,14.383038600000077],[98.18264580000005,14.382728600000064],[98.18261680000006,14.381797000000063],[98.18281390000004,14.380270400000029],[98.18315850000005,14.379331700000023],[98.18316680000004,14.378802800000074],[98.18342320000005,14.378003600000056],[98.18367950000004,14.377489900000057],[98.18406550000003,14.376956200000052],[98.18422460000005,14.376742100000058],[98.18427170000007,14.37654230000004],[98.18431590000006,14.376154100000065],[98.18447800000007,14.375743100000022],[98.18478440000007,14.375035300000036],[98.18476670000007,14.374772700000051],[98.18485510000005,14.374664300000063],[98.18511150000006,14.374604300000044],[98.18524700000006,14.374518700000067],[98.18546500000008,14.374133400000062],[98.18545620000003,14.373816600000055],[98.18560640000004,14.373339900000076],[98.18573610000004,14.372820500000046],[98.18589220000007,14.372632100000033],[98.18610730000006,14.37250940000007],[98.18626640000008,14.372469400000057],[98.18653750000004,14.372358100000042],[98.18662000000006,14.372255300000063],[98.18664650000005,14.372055600000067],[98.18662590000008,14.371439000000066],[98.18672020000008,14.370956700000022],[98.18698830000005,14.369264100000066],[98.18700010000003,14.368744700000036],[98.18711210000004,14.368159500000047],[98.18727120000005,14.367774200000042],[98.18735370000007,14.367266200000074],[98.18730950000008,14.367107000000033],[98.18722310000004,14.366992500000038],[98.18717980000008,14.366718900000023],[98.18729220000006,14.366341900000066],[98.18734120000005,14.366149300000075],[98.18722600000007,14.365454000000057],[98.18727500000006,14.365038000000027],[98.18728360000006,14.364831300000048],[98.18707320000004,14.36442930000004],[98.18708470000007,14.364289700000029],[98.18727210000009,14.363781500000073],[98.18734120000005,14.363231400000075],[98.18749400000007,14.362832100000048],[98.18755740000006,14.36255570000003],[98.18774430000008,14.360867600000063],[98.18774740000003,14.360425500000076],[98.18764630000004,14.359825400000034],[98.18757980000004,14.359094600000049],[98.18767990000003,14.358214200000077],[98.18780970000006,14.357386500000075],[98.18786560000007,14.357037700000035],[98.18795250000005,14.356837100000064],[98.18822060000008,14.356614800000045],[98.18836940000006,14.356500700000026],[98.18849480000006,14.35637010000005],[98.18857340000005,14.356024900000023],[98.18862000000007,14.355548700000043],[98.18858410000007,14.35502370000006],[98.18851850000004,14.354664400000047],[98.18849310000007,14.354422900000031],[98.18852110000006,14.354251200000022],[98.18857590000005,14.354116100000056],[98.18872280000005,14.353858900000034],[98.18877650000007,14.353682400000025],[98.18881780000004,14.353375700000072],[98.18884650000007,14.352659900000049],[98.18898970000004,14.351126300000033],[98.18920060000005,14.348466300000041],[98.18961130000008,14.345677100000046],[98.18996030000005,14.345002600000043],[98.18998771000008,14.344871578000038],[98.18997620000005,14.344655200000034],[98.18988910000007,14.344372000000021],[98.18983820000005,14.344174500000065],[98.18980860000005,14.343977000000052],[98.18977480000007,14.343164200000047],[98.18978760000005,14.34300010000004],[98.18986850000005,14.342827700000043],[98.19021660000004,14.342412900000056],[98.19029190000003,14.342192300000022],[98.19032030000005,14.342004700000075],[98.19028120000007,14.341589800000065],[98.19030250000009,14.34141980000004],[98.19039770000006,14.341260600000055],[98.19052270000009,14.341117900000029],[98.19069190000005,14.340894400000025],[98.19075450000008,14.340782900000022],[98.19080020000007,14.340597100000025],[98.19097880000004,14.339823500000023],[98.19104040000008,14.338977800000066],[98.19127020000008,14.336713300000042],[98.19130570000004,14.33613420000006],[98.19129490000006,14.335644000000059],[98.19133200000005,14.335382300000049],[98.19133250000004,14.335100500000067],[98.19122570000007,14.334470500000066],[98.19120510000005,14.332825700000058],[98.19140510000005,14.332164400000067],[98.19165550000008,14.331556800000044],[98.19186210000004,14.330445700000041],[98.19181990000004,14.330202500000041],[98.19167580000004,14.32986580000005],[98.19162900000003,14.329608200000052],[98.19148560000008,14.327988000000062],[98.19151610000006,14.327585600000077],[98.19164860000006,14.327204000000052],[98.19216830000005,14.326099900000031],[98.19229430000007,14.325832900000023],[98.19240960000008,14.325482800000032],[98.19244720000006,14.325047600000062],[98.19258100000008,14.321940400000074],[98.19322490000008,14.31865890000006],[98.19356440000007,14.316600600000072],[98.19400240000004,14.315269400000034],[98.19406500000008,14.314811400000053],[98.19381290000007,14.31343400000003],[98.19384260000004,14.311228300000039],[98.19399200000004,14.310435300000051],[98.19420900000006,14.309655300000031],[98.19452240000004,14.308961900000043],[98.19487750000008,14.308258300000034],[98.19535570000005,14.307793300000071],[98.19548860000003,14.307717500000024],[98.19565870000008,14.307707200000038],[98.19579760000005,14.307790000000068],[98.19621010000009,14.308062800000073],[98.19657410000008,14.308092400000078],[98.19719010000006,14.307774700000039],[98.19760130000009,14.30760790000005],[98.19824480000005,14.307432000000063],[98.19835370000004,14.307312600000046],[98.19844020000005,14.307121700000039],[98.19849450000004,14.306904900000063],[98.19852270000007,14.306760500000053],[98.19851610000006,14.30661770000006],[98.19843610000004,14.305854200000056],[98.19836390000006,14.30521740000006],[98.19815580000005,14.304111200000023],[98.19813100000005,14.303300900000067],[98.19826170000005,14.30229410000004],[98.19837440000003,14.30206510000005],[98.19951350000008,14.301043600000071],[98.19992120000006,14.299637500000074],[98.20076020000005,14.29916490000005],[98.20156760000003,14.299129100000073],[98.20215230000008,14.298839500000042],[98.20286740000006,14.297652200000073],[98.20341960000007,14.296951100000058],[98.20419130000005,14.295949300000075],[98.20644440000007,14.29322540000004],[98.20768890000005,14.291665800000033],[98.20856870000006,14.29083410000004],[98.20869740000006,14.290397400000074],[98.20940550000006,14.29027270000006],[98.21024240000008,14.289815200000078],[98.21090760000004,14.289503300000035],[98.21198040000007,14.288318100000026],[98.21262420000005,14.288130900000056],[98.21320350000008,14.288359600000035],[98.21414770000007,14.288276500000052],[98.21554780000008,14.288298800000064],[98.21627200000006,14.28761110000005],[98.21614320000003,14.287112000000036],[98.21616470000004,14.28667530000007],[98.21696510000004,14.285819700000047],[98.21743070000008,14.285406900000055],[98.21784700000006,14.285259300000064],[98.21837780000004,14.285604700000022],[98.21857550000004,14.285733400000026],[98.21880350000004,14.285686600000076],[98.21904350000005,14.285497900000053],[98.21948180000004,14.28504330000004],[98.21987500000006,14.284623200000055],[98.22003670000004,14.284547000000032],[98.22026770000008,14.284492700000044],[98.22096750000009,14.284393400000056],[98.22153470000006,14.284393200000068],[98.22192610000008,14.284497100000067],[98.22229570000007,14.284713900000042],[98.22256070000009,14.28493670000006],[98.22276720000008,14.285037300000056],[98.22294080000006,14.285030500000062],[98.22307860000006,14.284923400000025],[98.22324120000007,14.284636300000045],[98.22338570000005,14.284306900000047],[98.22336787000006,14.282763962000047],[98.22336680000006,14.282671400000027],[98.22331650000007,14.281446600000038],[98.22339260000007,14.281057800000042],[98.22348500000004,14.280585700000074],[98.22243030000004,14.280041900000072],[98.22231550000004,14.279718600000024],[98.22230160000004,14.279251700000032],[98.22275220000006,14.27829520000006],[98.22245180000004,14.277900100000068],[98.22189240000006,14.277610400000071],[98.22187030000003,14.277058600000032],[98.22174370000005,14.276818700000035],[98.22157750000008,14.276681500000052],[98.22117410000004,14.276543700000047],[98.22069230000005,14.276153300000033],[98.22058630000004,14.275966400000073],[98.22053320000003,14.27577240000005],[98.22054770000005,14.275621200000046],[98.22074800000007,14.275221400000078],[98.22078560000006,14.275072100000045],[98.22075080000008,14.274859000000049],[98.22037270000004,14.27366150000006],[98.22030750000005,14.273513000000037],[98.22015370000008,14.273336100000051],[98.21975030000004,14.272997800000041],[98.21949060000009,14.272680500000035],[98.21914950000007,14.27154470000005],[98.21892950000006,14.271056000000044],[98.21858940000004,14.270538600000066],[98.21694420000006,14.26895120000006],[98.21565680000003,14.266497300000026],[98.21294020000005,14.262298300000054],[98.21283560000006,14.262067000000059],[98.21280770000004,14.261813700000062],[98.21271420000005,14.261433700000055],[98.21273520000005,14.260714300000075],[98.21271490000004,14.260515000000055],[98.21261290000007,14.260374700000057],[98.21245100000004,14.260308400000042],[98.21184850000009,14.260275900000067],[98.21092560000005,14.259950300000071],[98.21067540000007,14.25991220000003],[98.21038400000003,14.259867800000052],[98.21019090000004,14.259792400000038],[98.20960820000005,14.259402700000066],[98.20948130000005,14.259232700000041],[98.20937940000005,14.259025800000074],[98.20933580000008,14.258681700000068],[98.20933000000008,14.257028500000047],[98.20926820000005,14.256815800000027],[98.20911800000005,14.256511700000033],[98.20734410000006,14.25440210000005],[98.20549870000008,14.251989600000059],[98.20468380000005,14.24949250000003],[98.20425300000005,14.248877900000025],[98.20375470000005,14.248403100000075],[98.20196960000004,14.246702000000028],[98.20175510000007,14.246497600000055],[98.20159410000008,14.246305200000052],[98.20159560000008,14.246244500000046],[98.20159950000004,14.246081700000047],[98.20213940000008,14.24392800000004],[98.20216090000008,14.243813500000044],[98.20253290000005,14.24183370000003],[98.20279580000005,14.241386500000033],[98.20394840000006,14.240235600000062],[98.20581590000006,14.238370800000041],[98.20596430000006,14.238229300000057],[98.20611100000008,14.238100400000064],[98.20625930000006,14.237849800000049],[98.20632020000005,14.237533600000063],[98.20595540000005,14.23464260000003],[98.20598760000007,14.234398200000044],[98.20656510000003,14.233430000000055],[98.20696200000003,14.232764400000065],[98.20725360000006,14.232313100000056],[98.20748960000009,14.232063500000038],[98.20772030000006,14.231933500000025],[98.20858930000009,14.231772300000046],[98.20893800000005,14.231507100000044],[98.20943690000007,14.230784400000061],[98.20951740000004,14.23040480000003],[98.20945840000007,14.229141200000072],[98.20943690000007,14.228714800000034],[98.20940290000004,14.228355000000022],[98.20940820000004,14.22807940000007],[98.20928480000003,14.225937100000067],[98.20919900000007,14.223061500000028],[98.20914052400008,14.221232634000046],[98.20910240000006,14.22004030000005],[98.20903060000006,14.214298300000053],[98.20902920000003,14.211424700000066],[98.20900780000005,14.210909900000047],[98.20830310000008,14.206873400000063],[98.20818510000004,14.206551000000047],[98.20666890000007,14.20452380000006],[98.20629150000008,14.204023600000028],[98.20513470000009,14.202786900000035],[98.20466070000003,14.202468600000032],[98.20331080000005,14.20109670000005],[98.20228960000009,14.199457600000073],[98.20079830000009,14.19606680000004],[98.20069640000008,14.195655900000077],[98.20067680000005,14.195168100000046],[98.20074470000009,14.19471980000003],[98.20098260000003,14.194252800000072],[98.20136880000007,14.193795200000068],[98.20186770000004,14.193321900000058],[98.20200180000006,14.193217900000036],[98.20220030000007,14.192999400000076],[98.20270990000006,14.192198500000075],[98.20618960000007,14.186752300000023],[98.20829430000003,14.183606800000064],[98.20861080000009,14.182987900000057],[98.20878590000007,14.182430400000044],[98.20887900000008,14.18186970000005],[98.20913650000006,14.17763610000003],[98.20914190000008,14.177095200000053],[98.20893452600006,14.171964771000034],[98.20893310000008,14.171929500000033],[98.20889320000003,14.170941300000038],[98.20876980000008,14.168488900000057],[98.20870230000008,14.167559200000028],[98.20855200000005,14.165517500000021],[98.20831470000007,14.162523100000044],[98.20821600000005,14.162364700000069],[98.20814230000008,14.162292900000068],[98.20537420000005,14.160694700000022],[98.20504880000004,14.160487700000033],[98.20416720000009,14.159701300000052],[98.20400620000004,14.159446400000036],[98.20353020000005,14.157513000000051],[98.20352000000008,14.157458400000053],[98.20321230000008,14.156325500000037],[98.20320880000008,14.15604570000005],[98.20326780000005,14.155827200000033],[98.20572470000008,14.151520300000072],[98.20733940000008,14.148664600000075],[98.20981510000007,14.144270500000061],[98.20995460000006,14.144033700000023],[98.21129840000003,14.141694200000074],[98.21214060000005,14.139790300000072],[98.21234800000008,14.139345400000025],[98.21491400000008,14.133839300000034],[98.21499980000004,14.133662400000048],[98.21603120000003,14.131699900000058],[98.21613710000008,14.131498400000055],[98.21616740000007,14.131299700000056],[98.21609230000007,14.130191600000046],[98.21611910000007,14.129208400000039],[98.21615850000006,14.128704800000037],[98.21623360000007,14.128449900000021],[98.21714910000009,14.126950700000066],[98.21722950000009,14.126659400000051],[98.21737240000004,14.123425000000054],[98.21742580000006,14.122523900000033],[98.21743860000004,14.122166500000048],[98.21743600000008,14.121755600000029],[98.21743260000005,14.12161610000004],[98.21727710000005,14.120927400000028],[98.21721590000004,14.120615000000043],[98.21697660000007,14.119393800000068],[98.21675190000008,14.118246500000055],[98.21669370000006,14.118069300000059],[98.21662060000006,14.117939900000067],[98.21644970000006,14.117728900000031],[98.21610480000004,14.117318900000043],[98.21523890000003,14.116289600000073],[98.21349110000006,14.114222600000062],[98.21330900000004,14.114002700000071],[98.21240730000005,14.112897900000064],[98.21043990000004,14.110523200000046],[98.20978360000004,14.10977820000005],[98.20965380000007,14.109609100000057],[98.20878490000007,14.108541900000034],[98.20854570000006,14.108268400000043],[98.20839900000004,14.108162600000071],[98.20828820000008,14.108091900000034],[98.20819730000005,14.108051700000033],[98.20746610000003,14.107761100000062],[98.20700020000004,14.107575500000053],[98.20631820000006,14.107296800000029],[98.20644650000008,14.106727200000023],[98.20666640000007,14.105965300000037],[98.20683860000008,14.105412900000033],[98.20702260000007,14.104837700000076],[98.20718350000004,14.10435810000007],[98.20755070000007,14.103121600000065],[98.20762780000007,14.102861100000041],[98.20784900000007,14.102142300000025],[98.20795330000004,14.101787800000068],[98.20833150000004,14.10045320000006],[98.20875420000004,14.099189200000069],[98.20910500000008,14.098057900000072],[98.21009920000006,14.094724300000053],[98.21016900000006,14.094491700000049],[98.21052840000004,14.093295100000034],[98.21064460000008,14.092908100000045],[98.21075300000007,14.092554000000064],[98.21088570000006,14.092120800000032],[98.21102310000003,14.091672000000074],[98.21113040000006,14.091321300000061],[98.21117040000007,14.091161400000033],[98.21125470000004,14.090824100000077],[98.21127800000005,14.090719700000022],[98.21131440000005,14.090556400000025],[98.21137080000005,14.089824600000043],[98.21140100000008,14.089609400000029],[98.21150960000006,14.089389700000027],[98.21186640000008,14.088864600000022],[98.21284960000008,14.087418200000059],[98.21330760000006,14.08676900000006],[98.21368700000005,14.086191300000053],[98.21396300000004,14.085752100000036],[98.21404960000007,14.085608300000047],[98.21417010000005,14.08540830000004],[98.21429350000005,14.085136000000034],[98.21437260000005,14.084949600000073],[98.21445230000006,14.084567100000072],[98.21487010000004,14.08278400000006],[98.21492490000009,14.082544900000073],[98.21493951000008,14.082424636000042],[98.21494000000007,14.082420600000034],[98.21494530000007,14.08229620000003],[98.21482780000008,14.082130200000051],[98.21471120000007,14.081965300000036],[98.21465750000004,14.081885600000021],[98.21423470000008,14.081258200000036],[98.21376780000008,14.080565400000069],[98.21339940000007,14.080018600000074],[98.21297510000005,14.079385700000046],[98.21271650000006,14.079035600000054],[98.21243340000007,14.078704600000037],[98.21219260000004,14.078482700000052],[98.21212070000007,14.07841650000006],[98.21181070000006,14.078108600000064],[98.21166640000007,14.077965300000074],[98.21156090000005,14.077870500000074],[98.21138300000007,14.077710800000034],[98.21115320000007,14.077537800000073],[98.21083770000007,14.077345500000035],[98.21080600000005,14.077326200000073],[98.21050670000005,14.077164500000038],[98.20984040000008,14.076804500000037],[98.20942430000008,14.076579700000025],[98.20901080000004,14.076356200000077],[98.20816900000005,14.075901400000078],[98.20740560000007,14.075483800000029],[98.20676990000004,14.075136100000066],[98.20645030000009,14.074984500000028],[98.20574590000007,14.074650400000053],[98.20548010000005,14.074524300000064],[98.20542910000006,14.074500100000023],[98.20497680000005,14.074306100000058],[98.20403410000006,14.073901700000022],[98.20379940000004,14.073801100000026],[98.20343330000009,14.073670700000037]]]},"geometry_name":"the_geom","properties":{"Road_Type":"Main","Sur_Type":"","Route":"","Remark":""}},{"type":"Feature","id":"mmr_rdsl_mimu_250k.1339","geometry":{"type":"MultiLineString","coordinates":[[[98.20343330000009,14.073670700000037],[98.20378590000007,14.073577000000057],[98.20435290000006,14.073342800000034],[98.20437490000006,14.073333700000035],[98.20490260000008,14.073096300000032],[98.20526460000008,14.072948000000054],[98.20552020000008,14.072881500000051],[98.20558340000008,14.072865300000046],[98.20653390000007,14.072623200000066],[98.20682090000008,14.07256330000007],[98.20736600000004,14.072449500000062],[98.20759330000004,14.072402000000068],[98.20857710000007,14.07219660000004],[98.20864910000006,14.072181600000022],[98.20917010000005,14.072099600000058],[98.20986680000004,14.072067600000025],[98.20989930000007,14.072066100000029],[98.21038130000005,14.072078200000021],[98.21072020000008,14.072086700000057],[98.21100830000006,14.072033900000065],[98.21107260000008,14.072017500000072],[98.21230520000006,14.071704700000055],[98.21338130000004,14.07143160000004],[98.21648030000006,14.070614800000044],[98.21731750000004,14.070416500000022],[98.21852900000005,14.070113900000024],[98.22046000000006,14.069624300000044],[98.22076600000008,14.069541700000059],[98.22086850000005,14.069471100000044],[98.22089773100004,14.069427443000052],[98.22093820000003,14.069367000000057],[98.22099300000008,14.069155500000022],[98.22117960000008,14.067046300000072],[98.22135240000006,14.06496670000007],[98.22150690000007,14.06310190000005],[98.22165170000005,14.06213930000007],[98.22191560000005,14.060928600000068],[98.22225250000008,14.059220000000039],[98.22232760000009,14.058793300000048],[98.22242960000005,14.058496700000035],[98.22270310000005,14.057955500000048],[98.22323420000004,14.057003200000054],[98.22354000000007,14.056321500000024],[98.22364190000008,14.055926000000056],[98.22372340000004,14.055558400000052],[98.22373950000008,14.05488710000003],[98.22368050000006,14.054403100000059],[98.22358290000005,14.054177500000037],[98.22341120000004,14.053953800000045],[98.22280510000007,14.053334500000062],[98.22258510000006,14.053043100000025],[98.22227930000008,14.052340600000036],[98.22205940000003,14.051851400000032],[98.22201630000006,14.051689800000077],[98.22192100000007,14.051332800000068],[98.22185230000008,14.050970000000063],[98.22177620000008,14.050567800000067],[98.22174230000007,14.050273100000027],[98.22167850000005,14.049717800000053],[98.22157120000008,14.048286700000062],[98.22148110000006,14.04680540000004],[98.22145970000008,14.046514000000059],[98.22148540000006,14.046189500000025],[98.22151330000008,14.045743800000025],[98.22149080000008,14.045460900000023],[98.22139420000008,14.044930100000045],[98.22124940000003,14.044279600000038],[98.22087390000007,14.042655900000057],[98.22081490000005,14.042328100000077],[98.22073010000008,14.04185110000003],[98.22073440000008,14.041583900000035],[98.22073980000005,14.04131330000007],[98.22084280000007,14.04042000000004],[98.22090710000003,14.039337500000045],[98.22099870000005,14.037465600000075],[98.22101870000006,14.037056200000052],[98.22104120000006,14.036652100000026],[98.22109810000006,14.036286800000028],[98.22150690000007,14.034459300000037],[98.22175900000008,14.033408000000065],[98.22185020000006,14.03309580000007],[98.22208190000003,14.032483500000069],[98.22233940000007,14.03184340000007],[98.22250570000006,14.03123450000004],[98.22258510000006,14.03095680000007],[98.22269240000008,14.030733000000055],[98.22285980000004,14.030511000000047],[98.22320740000004,14.030150100000071],[98.22340590000005,14.029936700000064],[98.22349810000009,14.029787600000077],[98.22356790000003,14.029569000000038],[98.22363120000006,14.029223700000045],[98.22383070000006,14.028085800000042],[98.22409790000006,14.026720400000045],[98.22420840000007,14.02617760000004],[98.22461930000009,14.024338600000021],[98.22508490000007,14.022348600000043],[98.22557850000004,14.020240700000045],[98.22577800000005,14.019383800000071],[98.22583440000005,14.019123600000057],[98.22595240000004,14.018826900000022],[98.22628230000004,14.018277900000044],[98.22639920000006,14.01799230000006],[98.22643240000008,14.01764810000003],[98.22644210000004,14.017107600000031],[98.22637880000008,14.016484800000057],[98.22633410000009,14.01602980000007],[98.22631690000009,14.015875300000062],[98.22625970000007,14.015311900000029],[98.22622220000005,14.014916300000039],[98.22658430000007,14.013565800000038],[98.22663900000003,14.01335940000007],[98.22667820000004,14.013094700000067],[98.22664710000004,14.012341800000058],[98.22660300000007,14.011780500000043],[98.22657090000007,14.011330300000054],[98.22659230000005,14.011145500000055],[98.22672040000003,14.01053440000004],[98.22682640000005,14.009928900000034],[98.22686150000004,14.009717400000056],[98.22712880000006,14.008103300000073],[98.22717580000005,14.007721600000025],[98.22718900000007,14.007614800000056],[98.22731970000007,14.00655450000005],[98.22738090000007,14.006057700000042],[98.22759550000006,14.00439220000004],[98.22786480000008,14.002280700000028],[98.22790490000006,14.00195640000004],[98.22794100000004,14.001784200000031],[98.22807370000004,14.001555800000062],[98.22840140000005,14.001227800000038],[98.22883040000005,14.00077710000005],[98.22917260000008,14.000457200000028],[98.22934000000004,14.000214300000039],[98.22945690000006,13.99993150000006],[98.22985390000008,13.998671800000068],[98.23027230000008,13.99769850000007],[98.23058020000008,13.996945400000072],[98.23136240000008,13.995040500000073],[98.23157470000007,13.99452720000005],[98.23176360000008,13.994070500000078],[98.23196750000005,13.993549900000062],[98.23202780000008,13.993360100000075],[98.23217670000008,13.99281080000003],[98.23249960000004,13.991594600000042],[98.23251970000007,13.991522600000053],[98.23287410000006,13.990255000000047],[98.23297710000008,13.989913300000069],[98.23307260000007,13.989151500000048],[98.23310770000006,13.988977600000055],[98.23317980000007,13.988620500000025],[98.23319120000008,13.988570700000025],[98.23335690000005,13.98784500000005],[98.23364760000004,13.986987900000031],[98.23385040000005,13.986205300000051],[98.23396300000007,13.985507700000028],[98.23399600000005,13.98525010000003],[98.23403820000004,13.984921400000076],[98.23409290000006,13.98449450000004],[98.23413240000008,13.984240600000021],[98.23414010000005,13.984190800000022],[98.23418940000005,13.984000000000037],[98.23433320000004,13.983701500000052],[98.23444580000006,13.983462000000031],[98.23452200000008,13.983245200000056],[98.23465610000005,13.982849600000065],[98.23480100000006,13.982469600000059],[98.23492020000003,13.982165900000041],[98.23494470000009,13.982103400000028],[98.23509490000004,13.981562000000054],[98.23528880000003,13.981046900000024],[98.23532020000005,13.980963400000064],[98.23537610000005,13.980764100000044],[98.23550370000004,13.980309300000044],[98.23555740000006,13.97999180000005],[98.23569040000007,13.979604700000039],[98.23595430000006,13.97903400000007],[98.23624540000009,13.978384100000028],[98.23639960000008,13.978039700000068],[98.23680730000007,13.977258900000038],[98.23718880000007,13.976491500000066],[98.23912860000007,13.973099000000047],[98.23918620000006,13.973040800000035],[98.23987120000004,13.97234960000003],[98.24056450000006,13.971480600000064],[98.24111000000005,13.970614600000033],[98.24137030000009,13.970259400000032],[98.24180330000007,13.969952000000035],[98.24225540000003,13.969546300000047],[98.24256770000005,13.969008600000052],[98.24269020000008,13.968660800000066],[98.24282080000006,13.96829020000007],[98.24290460000003,13.968052300000068],[98.24295210000008,13.967219400000033],[98.24314750000008,13.963792200000057],[98.24319040000006,13.963040300000046],[98.24330900000007,13.962545700000021],[98.24337090000006,13.962085500000057],[98.24329620000003,13.960915200000045],[98.24326430000008,13.960820900000044],[98.24302430000006,13.960110900000075],[98.24296950000007,13.959991000000059],[98.24273820000008,13.959485100000052],[98.24242740000005,13.959149600000046],[98.24211660000003,13.95863550000007],[98.24209940000009,13.95843670000005],[98.24215290000006,13.958052400000042],[98.24209680000007,13.95759940000005],[98.24204740000005,13.957177100000024],[98.24204060000005,13.956988400000057],[98.24209030000009,13.956803200000024],[98.24229950000006,13.956631400000049],[98.24245320000006,13.956548400000031],[98.24262680000004,13.956550600000071],[98.24275550000004,13.956667800000048],[98.24284940000007,13.956712100000061],[98.24297010000004,13.956719900000053],[98.24319540000005,13.956480400000032],[98.24332950000007,13.956402300000036],[98.24344220000006,13.956355400000064],[98.24396520000005,13.956527200000039],[98.24449360000006,13.956686000000047],[98.24468670000005,13.956691200000023],[98.24497370000006,13.956584500000076],[98.24522980000006,13.956430700000055],[98.24527910000006,13.956353800000045],[98.24539480000004,13.956173200000023],[98.24551330000008,13.955835100000058],[98.24551890000004,13.955777800000021],[98.24559520000008,13.95517760000007],[98.24570540000008,13.954596300000048],[98.24621560000008,13.952023900000029],[98.24636580000004,13.951537200000075],[98.24670910000003,13.95095150000003],[98.24853880000006,13.94855350000006],[98.24879060000006,13.947315200000048],[98.24891660000009,13.947065000000066],[98.24911810000003,13.94685990000005],[98.24938860000003,13.946713600000066],[98.24955760000006,13.946567800000025],[98.24968010000003,13.946360300000038],[98.24997350000007,13.94568490000006],[98.25011040000004,13.945333400000038],[98.25047490000009,13.94419890000006],[98.25068950000008,13.943584600000065],[98.25076930000006,13.943174500000055],[98.25076730000006,13.94148640000003],[98.25071360000004,13.940697600000021],[98.25061170000004,13.939804700000025],[98.25059340000007,13.937382700000057],[98.25052250000005,13.931985300000065],[98.25063950000003,13.93125150000003],[98.25067860000007,13.930586400000038],[98.25062390000005,13.929534400000023],[98.25066010000006,13.929055100000028],[98.25201970000006,13.923509800000033],[98.25272460000008,13.92063440000004],[98.25279710000007,13.920338800000025],[98.25170920000005,13.914983900000038],[98.25038830000005,13.91243490000005],[98.25010730000008,13.910491800000045],[98.25008790000004,13.910357500000032],[98.25015860000008,13.908486100000061],[98.25061500000004,13.906493500000067],[98.25131820000007,13.905075500000066],[98.25232030000006,13.903875200000073],[98.25283670000005,13.902946900000074],[98.25320370000009,13.90107560000007],[98.25351460000007,13.899530800000036],[98.25322780000005,13.898421100000064],[98.25536930000004,13.895661300000029],[98.25617860000006,13.895006800000033],[98.25777240000008,13.890943100000072],[98.25797680000005,13.889153800000031],[98.25744800000007,13.88659320000005],[98.25747570000004,13.88235700000007],[98.25832940000004,13.881330000000048],[98.25865510000006,13.880186200000026],[98.25876620000008,13.878451000000041],[98.25939210000007,13.877209700000037],[98.26016730000003,13.87647620000007],[98.26244780000007,13.873330500000066],[98.26330870000004,13.871853200000032],[98.26307330000009,13.86794210000005],[98.26376710000005,13.864261100000022],[98.26388310000004,13.863645700000063],[98.26567520000003,13.86062190000007],[98.26643180000008,13.859345400000052],[98.26649050000003,13.858283000000029],[98.26667010000006,13.857966000000033],[98.26712040000007,13.857223300000044],[98.26734130000006,13.85562550000003],[98.26621720000009,13.85139780000003],[98.26654790000003,13.850811000000022],[98.26734130000006,13.848903600000028],[98.26739990000004,13.848118500000055],[98.26738920000008,13.847302200000058],[98.26746400000007,13.845906600000035],[98.26811710000004,13.84394050000003],[98.26847960000003,13.842179700000031],[98.26884770000004,13.84117230000004],[98.26884490000003,13.840197000000046],[98.26906630000008,13.83933060000004],[98.27219910000008,13.83625630000006],[98.27313940000005,13.834439200000077],[98.27387040000008,13.833354400000076],[98.27437720000006,13.832995200000028],[98.27515420000003,13.833008300000074],[98.27583680000004,13.832287300000075],[98.27599640000005,13.830768200000023],[98.27795940000004,13.828727600000036],[98.27845870000004,13.82727680000005],[98.27907520000008,13.82564190000005],[98.28051290000008,13.824829300000033],[98.28064160000008,13.822766600000023],[98.28119950000007,13.821099700000048],[98.28082830000005,13.816872800000056],[98.28120430000007,13.816382500000032],[98.28081570000006,13.815429300000062],[98.28057650000005,13.81429460000004],[98.28023580000007,13.813928200000078],[98.27989500000007,13.813053900000057],[98.27884000000006,13.812067200000058],[98.27961170000003,13.806138600000054],[98.28012660000007,13.805305100000055],[98.27992520000004,13.804267100000061],[98.27927540000007,13.803446700000052],[98.27917140000005,13.802640500000052],[98.27846960000005,13.801997500000027],[98.27806670000007,13.800991700000054],[98.27647880000006,13.801054200000067],[98.27486430000005,13.79952140000006],[98.27332460000008,13.797553300000061],[98.27351770000007,13.795636200000047],[98.27240190000003,13.794177500000046],[98.27226280000008,13.791799900000058],[98.27300270000006,13.791343400000073],[98.27395990000008,13.791015400000049],[98.27581370000007,13.790759900000069],[98.27669270000007,13.790342400000043],[98.27727280000005,13.789634600000056],[98.27808740000006,13.787396700000045],[98.27823320000005,13.78564270000004],[98.27860320000008,13.785049900000047],[98.27939710000004,13.784195500000067],[98.27941850000008,13.78309100000007],[98.28027050000009,13.782266900000025],[98.28074890000005,13.782132300000058],[98.28127420000004,13.78209430000004],[98.28172490000009,13.78231020000004],[98.28255140000005,13.78277840000004],[98.28285160000007,13.782502500000021],[98.28292770000007,13.78160980000007],[98.28360280000004,13.780840300000023],[98.28493320000007,13.781319600000074],[98.28605380000005,13.782955900000047],[98.28674670000004,13.783220300000039],[98.28695030000006,13.78325170000005],[98.28716220000007,13.783236100000067],[98.28770120000007,13.783049300000073],[98.28864280000005,13.782733300000075],[98.28874670000005,13.782669800000065],[98.28905310000005,13.782280100000037],[98.28945000000004,13.78175200000004],[98.28956280000006,13.781454300000064],[98.28961640000006,13.781261500000028],[98.28964160000004,13.781132900000046],[98.28956540000007,13.78087080000006],[98.28942860000006,13.78067100000004],[98.28908530000007,13.780349800000067],[98.28877960000005,13.780050200000062],[98.28845230000007,13.779524700000024],[98.28804280000008,13.778595100000075],[98.28792660000005,13.778265800000042],[98.28790520000007,13.778070400000047],[98.28792150000004,13.778015400000072],[98.28798020000005,13.777818400000058],[98.28823510000007,13.77732270000007],[98.28831550000007,13.777031000000022],[98.28833970000005,13.776864200000034],[98.28831540000004,13.776695700000062],[98.28814660000006,13.77638490000004],[98.28804460000003,13.776106200000072],[98.28800730000006,13.775817000000075],[98.28791320000005,13.775475800000038],[98.28777370000006,13.775051100000042],[98.28766640000003,13.774610900000027],[98.28750350000007,13.774286600000039],[98.28739550000006,13.774165400000072],[98.28718360000005,13.774043000000063],[98.28703500000006,13.773842700000046],[98.28689930000007,13.773553200000038],[98.28683500000005,13.773337000000026],[98.28684620000007,13.773179000000027],[98.28699320000004,13.772987900000032],[98.28724000000005,13.77281860000005],[98.28739020000006,13.772701300000051],[98.28748430000007,13.772452200000032],[98.28751620000008,13.772284500000069],[98.28760160000007,13.772119100000054],[98.28769330000006,13.772055300000034],[98.28783360000006,13.771991200000059],[98.28818680000006,13.771878100000038],[98.28826810000004,13.771775500000047],[98.28830210000007,13.77163070000006],[98.28821900000008,13.771516000000076],[98.28810900000008,13.771469100000047],[98.28795110000004,13.771304900000075],[98.28795080000003,13.771153900000058],[98.28805520000009,13.771008800000061],[98.28829680000007,13.77087780000005],[98.28855180000005,13.77084130000003],[98.28865890000009,13.770898900000077],[98.28912290000005,13.771250300000077],[98.28928920000004,13.771310200000073],[98.28948770000005,13.771289400000057],[98.28974810000005,13.771225500000071],[98.29039430000006,13.771813200000054],[98.29035140000008,13.772563500000047],[98.29111830000005,13.772708200000068],[98.29123830000003,13.773082300000056],[98.29105950000007,13.773855600000047],[98.29063030000003,13.774585000000059],[98.29144570000005,13.774751800000047],[98.29300500000005,13.773823500000049],[98.29389190000006,13.773584700000072],[98.29530810000006,13.772230000000036],[98.29590890000009,13.768999700000052],[98.29576450000008,13.768082100000072],[98.29591890000006,13.767128200000059],[98.29548060000008,13.76556510000006],[98.29597870000003,13.763560900000073],[98.29530280000006,13.761063000000036],[98.29541310000008,13.760149700000056],[98.29494530000005,13.759475300000076],[98.29477630000008,13.758655800000042],[98.29446520000005,13.75585250000006],[98.29514610000007,13.754911900000025],[98.29672360000006,13.75393500000007],[98.29908030000007,13.751783000000046],[98.29971850000004,13.750901100000021],[98.30080490000006,13.749456800000075],[98.30331110000009,13.747359200000062],[98.30443470000006,13.746969700000022],[98.30645500000008,13.746924900000067],[98.30925320000006,13.748426100000074],[98.31115480000005,13.74981850000006],[98.31571360000004,13.753486900000041],[98.31757410000006,13.754229900000041],[98.32162930000004,13.759858400000041],[98.32195650000006,13.760707700000069],[98.32297040000003,13.760723400000074],[98.32845950000006,13.75790550000005],[98.33067990000006,13.758396600000026],[98.33245330000005,13.759158200000059],[98.33305100000007,13.759032300000058],[98.33386910000007,13.757117400000027],[98.33720520000008,13.755605900000035],[98.33793920000005,13.754831900000056],[98.33867330000004,13.754674900000055],[98.34429520000003,13.748672300000067],[98.34963820000007,13.745795900000076],[98.35345860000007,13.742102700000032],[98.35412290000005,13.741460500000073],[98.35630680000008,13.740586200000052],[98.35669780000006,13.740209900000025],[98.35708200000005,13.739562300000046],[98.35729120000008,13.739062000000047],[98.35761310000004,13.737941700000022],[98.35767750000008,13.737722800000029],[98.35788330000008,13.737359500000025],[98.35860010000005,13.736576400000047],[98.35922980000004,13.735738900000058],[98.35922780000004,13.734768200000076],[98.35905810000008,13.734457000000077],[98.35794630000004,13.733286500000077],[98.35749980000008,13.73297400000007],[98.35723100000007,13.732787500000029],[98.35703410000008,13.732456300000024],[98.35683720000009,13.731803400000047],[98.35681320000003,13.731523500000037],[98.35933710000006,13.725066500000025],[98.35779210000004,13.719584200000043],[98.35895080000006,13.716978600000061],[98.36184760000003,13.715581900000075],[98.36341400000003,13.712204800000052],[98.36506560000004,13.710903400000063],[98.36621870000005,13.710963500000048],[98.36686370000007,13.70995490000007],[98.37053800000007,13.705221300000062],[98.37128900000005,13.702698800000064],[98.37105300000007,13.700447300000064],[98.37249060000005,13.698446000000047],[98.37296270000007,13.695485700000063],[98.37210440000007,13.69452670000004],[98.37274810000008,13.693192400000044],[98.37375660000004,13.69323410000004],[98.37444330000005,13.692671200000063],[98.37367080000007,13.691691400000025],[98.37397120000008,13.690836600000068],[98.37461490000004,13.690607300000067],[98.37455060000008,13.689168800000061],[98.37573070000008,13.688355700000045],[98.37650320000006,13.686771200000067],[98.37652180000003,13.685660000000041],[98.37832680000008,13.68327990000006],[98.37909940000009,13.682261200000028],[98.38012670000006,13.680906500000049],[98.38334540000005,13.673473800000068],[98.38394720000008,13.66916720000006],[98.38371010000009,13.665133800000035],[98.38454700000005,13.663236400000073],[98.38465320000006,13.661717400000043],[98.38486890000007,13.658878600000037],[98.38519820000005,13.657892100000026],[98.38588590000006,13.657308100000023],[98.38634940000009,13.65639740000006],[98.38521220000007,13.648578100000066],[98.38147850000007,13.637818400000072],[98.38278750000006,13.636462900000026],[98.38244410000004,13.634773800000062],[98.38210410000005,13.625188600000058],[98.38491180000005,13.618633100000068],[98.39245520000009,13.607939800000054],[98.39480970000005,13.604772300000036],[98.39759330000004,13.601323300000047],[98.40400860000005,13.594628500000056],[98.40433380000007,13.594362600000068],[98.40511880000008,13.594636900000069],[98.40582990000007,13.594599800000026],[98.40609340000003,13.594501600000058],[98.40680070000008,13.594607100000076],[98.40729270000008,13.594375600000035],[98.40784130000009,13.594295600000066],[98.40864130000006,13.594066700000042],[98.40885470000006,13.593926900000042],[98.40901140000005,13.593656400000043],[98.40938140000009,13.593356200000073],[98.40964040000006,13.593330000000037],[98.40994180000007,13.593331300000045],[98.41038190000006,13.593230600000027],[98.41136120000004,13.592802300000074],[98.41175830000009,13.592432900000063],[98.41198550000007,13.592118600000049],[98.41212220000006,13.591761800000029],[98.41251610000006,13.591600700000072],[98.41269760000006,13.591480800000056],[98.41274930000009,13.591168800000048],[98.41284350000006,13.590980700000046],[98.41310600000008,13.59082550000005],[98.41338260000003,13.590512100000069],[98.41421910000008,13.590050400000052],[98.41433170000005,13.589792600000067],[98.41438780000004,13.58952800000003],[98.41448570000006,13.589349600000048],[98.41503550000004,13.588924000000077],[98.41587840000005,13.588561000000027],[98.41609460000006,13.588334800000041],[98.41636740000007,13.588136100000042],[98.41682110000005,13.587917600000026],[98.41729560000005,13.587983800000075],[98.41745870000005,13.587933000000021],[98.41790900000007,13.587208100000055],[98.41795580000007,13.586796200000038],[98.41817250000008,13.586490900000058],[98.41827600000005,13.585896700000035],[98.41830330000005,13.585502800000029],[98.41842310000004,13.585319600000048],[98.41868450000004,13.585198300000059],[98.41913560000006,13.58443120000004],[98.41917110000009,13.584190400000068],[98.41908980000005,13.583935800000063],[98.41906510000007,13.58379130000003],[98.41926010000009,13.583642500000053],[98.41942110000008,13.58349510000005],[98.41958210000007,13.583237600000075],[98.41981480000004,13.583126100000072],[98.42018900000005,13.582980200000065],[98.42055530000005,13.582626400000038],[98.42089850000008,13.582484700000066],[98.42114090000007,13.582118000000037],[98.42135500000006,13.581950900000038],[98.42155900000006,13.581977400000028],[98.42171050000007,13.58215240000004],[98.42180540000004,13.582409900000073],[98.42222130000005,13.582823400000052],[98.42235310000007,13.582876000000056],[98.42248500000005,13.582825400000047],[98.42253630000005,13.582566000000043],[98.42263890000004,13.58244620000005],[98.42305890000006,13.582406200000037],[98.42314620000008,13.58230160000005],[98.42320520000004,13.58214890000005],[98.42329490000009,13.58200160000007],[98.42350030000006,13.581888700000036],[98.42377650000009,13.581803200000024],[98.42398190000006,13.581717800000035],[98.42403160000003,13.581522300000074],[98.42386050000005,13.581347600000072],[98.42327300000005,13.581056900000021],[98.42283410000005,13.580731700000058],[98.42289080000006,13.58045990000005],[98.42307490000007,13.580253300000038],[98.42299010000005,13.58014970000005],[98.42250910000007,13.579866800000048],[98.42187190000004,13.579241000000025],[98.42160170000005,13.578615800000023],[98.42135610000008,13.578314100000057],[98.42071710000005,13.578022100000055],[98.42051430000004,13.577843500000029],[98.42038540000004,13.577401300000076],[98.42023190000003,13.57720960000006],[98.41980730000006,13.577173600000037],[98.41904020000004,13.576837200000057],[98.41889200000008,13.57647490000005],[98.41890070000005,13.576223900000059],[98.41995220000007,13.57535310000003],[98.42008230000005,13.575014700000054],[98.41984550000006,13.57459810000006],[98.41945590000006,13.574539800000025],[98.41931510000006,13.574277700000039],[98.41889250000008,13.574257300000056],[98.41866780000004,13.573881500000027],[98.41832610000006,13.57365720000007],[98.41848500000003,13.573418300000071],[98.41887160000005,13.573325100000034],[98.41898240000006,13.573194000000058],[98.41903340000005,13.572911400000066],[98.41921920000004,13.572928900000022],[98.41941700000007,13.573249400000066],[98.41993240000005,13.573537700000031],[98.42053780000003,13.573575600000026],[98.42067560000004,13.573421200000041],[98.42069060000006,13.572879400000033],[98.42041790000007,13.572419100000047],[98.42085840000004,13.572308400000054],[98.42099030000008,13.57213070000006],[98.42155370000006,13.57223270000003],[98.42182810000008,13.572130400000049],[98.42196120000006,13.571947200000068],[98.42188330000005,13.571271300000035],[98.42200520000006,13.570897200000047],[98.42199440000007,13.570396600000038],[98.42216340000004,13.570336600000076],[98.42259260000009,13.570646900000042],[98.42279110000004,13.570542600000067],[98.42300300000005,13.570224500000052],[98.42296270000008,13.569909000000052],[98.42313410000008,13.569518900000048],[98.42299490000005,13.56928320000003],[98.42259790000008,13.569103300000052],[98.42254700000007,13.568826900000033],[98.42308880000007,13.568618400000048],[98.42338350000006,13.56842080000007],[98.42362360000004,13.568038800000068],[98.42388560000006,13.567777100000058],[98.42396930000007,13.567471100000034],[98.42420030000005,13.567119200000036],[98.42420350000003,13.56683380000004],[98.42366980000008,13.566377500000044],[98.42346060000006,13.566241900000023],[98.42352020000004,13.566130200000032],[98.42419250000006,13.56585270000005],[98.42441720000005,13.565488600000037],[98.42496270000004,13.565223100000026],[98.42508340000006,13.564824100000067],[98.42527650000005,13.564607700000067],[98.42505930000004,13.563854200000037],[98.42517730000009,13.563533500000062],[98.42501100000004,13.563309200000049],[98.42502440000004,13.56272260000003],[98.42521080000006,13.562559600000043],[98.42528310000006,13.562261500000034],[98.42599660000008,13.561711800000069],[98.42634340000006,13.56174180000005],[98.42681180000005,13.561447600000065],[98.42686260000005,13.561159900000064],[98.42688020000008,13.560861400000022],[98.42708570000008,13.560537100000033],[98.42699960000004,13.560389200000031],[98.42677620000006,13.560261900000057],[98.42662380000007,13.559853800000042],[98.42708330000005,13.559604700000023],[98.42697940000005,13.559299800000076],[98.42726000000005,13.55896910000007],[98.42825850000008,13.558825200000058],[98.42851470000005,13.55848590000005],[98.42864510000004,13.55778760000004],[98.42846530000008,13.557146700000033],[98.42880990000003,13.556546100000048],[98.42866500000008,13.556105400000035],[98.42885490000003,13.555758100000048],[98.42929750000008,13.555544300000065],[98.43103410000003,13.546304900000052],[98.43174220000009,13.544787300000053],[98.43209090000005,13.54435970000003],[98.43402740000005,13.543994600000076],[98.44005270000008,13.539030000000025],[98.44498580000004,13.534073300000045],[98.44869150000005,13.529769500000043],[98.45360720000008,13.523802100000069],[98.45560850000004,13.521304400000076],[98.45709980000004,13.519576500000028],[98.46249310000007,13.512161100000071],[98.46596920000007,13.506886700000052],[98.46628470000007,13.504771100000028],[98.47113200000007,13.495388200000036],[98.47203970000004,13.494973500000071],[98.47249240000008,13.49401940000007],[98.47375410000006,13.489656500000024],[98.47988240000006,13.481399800000077],[98.48662230000008,13.47454920000007],[98.48888360000007,13.471633500000053],[98.48888060000007,13.470825700000034],[98.48865640000008,13.470056500000055],[98.48893200000003,13.468635800000072],[98.49188150000003,13.464914700000065],[98.49277240000004,13.462337400000024],[98.49395650000008,13.462496100000067],[98.49635970000008,13.460910200000058],[98.49798840000005,13.458545800000024],[98.50533550000006,13.450603100000023],[98.50668280000008,13.447512600000039],[98.50802840000006,13.445974300000046],[98.51191660000006,13.442758300000037],[98.51284710000004,13.441781700000035],[98.51319210000008,13.441334700000027],[98.51343790000004,13.440894600000036],[98.51351580000005,13.440503900000067],[98.51332260000004,13.440077200000076],[98.51297040000009,13.439564500000074],[98.51275390000006,13.438979800000027],[98.51310300000006,13.436936600000024],[98.51665410000004,13.431688200000053],[98.51709840000007,13.428404100000023],[98.51858910000004,13.421182800000054],[98.51995660000006,13.417489900000021],[98.52152480000007,13.41278600000004],[98.52602660000008,13.401493800000026],[98.52809640000004,13.396991800000023],[98.52858010000006,13.394773300000054],[98.53272840000005,13.389206700000045],[98.53278580000006,13.388357800000051],[98.53355590000007,13.386974800000075],[98.53489690000004,13.381834100000049],[98.53819530000004,13.37513350000006],[98.53913390000008,13.370435600000064],[98.53921450000007,13.367636900000036],[98.53963080000005,13.366273700000022],[98.54104920000003,13.363817700000027],[98.54252330000008,13.362346800000068],[98.54318300000006,13.360998600000073],[98.54380360000005,13.359091900000067],[98.54510990000006,13.356552800000031],[98.54829560000007,13.351628400000038],[98.55242230000005,13.348093500000061],[98.55891850000006,13.340985000000046],[98.56686590000004,13.33125380000007],[98.57127890000004,13.326633100000038],[98.58374960000003,13.313909600000045],[98.58502230000005,13.312611100000026],[98.59313670000006,13.303220400000043],[98.60063980000007,13.294900100000064],[98.60303770000007,13.292162500000074],[98.60372010000003,13.291383500000052],[98.60411500000004,13.290182500000071],[98.60746280000006,13.285729400000037],[98.61611710000005,13.277969000000041],[98.61734800000005,13.276877700000057],[98.61827130000006,13.276071500000057],[98.61874700000004,13.275647100000072],[98.61915260000006,13.27526510000007],[98.62028590000006,13.274239600000044],[98.62097770000008,13.273619300000064],[98.62139580000007,13.273217600000066],[98.62233930000008,13.272311200000047],[98.62313170000004,13.271596500000044],[98.62341470000007,13.271198800000036],[98.62510670000006,13.268821400000036],[98.62602210000006,13.267535100000032],[98.62628850000004,13.266601600000058],[98.62703420000008,13.266042900000059],[98.62727600000005,13.265399000000059],[98.62764950000008,13.264317500000061],[98.62791570000007,13.263909200000057],[98.62813640000007,13.26353750000004],[98.62833120000005,13.263037600000075],[98.62838770000008,13.262484000000029],[98.62849870000008,13.262049600000068],[98.62879910000004,13.261687000000052],[98.62918230000008,13.261447500000031],[98.63015040000005,13.260807500000055],[98.63102580000003,13.260114500000043],[98.63160900000008,13.259194200000024],[98.63193220000005,13.25746410000005],[98.63222750000006,13.255882900000074],[98.63306700000004,13.253397300000074],[98.63295210000007,13.251616900000045],[98.63305810000008,13.249707500000056],[98.63261630000005,13.247092800000075],[98.63430400000004,13.244572700000049],[98.63465750000006,13.243618000000026],[98.63534670000007,13.24245680000007],[98.63550930000008,13.240844300000049],[98.63535550000006,13.240409700000043],[98.63540860000006,13.239807600000063],[98.63437620000008,13.236189500000023],[98.63276400000007,13.232605100000058],[98.63258880000006,13.232215500000052],[98.63173150000006,13.231337200000041],[98.63144830000005,13.230758600000058],[98.63202120000005,13.230191500000046],[98.63215530000008,13.229743400000075],[98.63195360000003,13.226251600000069],[98.63176800000008,13.22394380000003],[98.63208340000006,13.22316150000006],[98.63159850000005,13.221646000000021],[98.63160280000005,13.22125120000004],[98.63200940000007,13.220727900000043],[98.63221860000004,13.220247500000028],[98.63185380000004,13.218842700000039],[98.63143650000006,13.218532500000038],[98.63063720000008,13.217967400000077],[98.63019620000006,13.21738780000004],[98.62999670000005,13.216626400000052],[98.63028740000004,13.214051700000027],[98.63020270000004,13.212462000000073],[98.63063830000004,13.211799800000051],[98.63105670000004,13.20962620000006],[98.63101050000006,13.20793100000003],[98.63169610000006,13.206103100000064],[98.63210040000007,13.204958200000021],[98.63222400000006,13.204410000000053],[98.63172510000004,13.203976500000067],[98.63148370000005,13.203405100000055],[98.63150300000007,13.202858900000024],[98.63224540000004,13.201995000000068],[98.63352320000007,13.19984960000005],[98.63385050000005,13.198804100000075],[98.63396530000006,13.197906000000046],[98.63473130000006,13.193884100000048],[98.63473670000008,13.192386200000044],[98.63405780000005,13.18913630000003],[98.63328510000008,13.186699500000032],[98.63303290000005,13.183836300000053],[98.63258980000006,13.182659000000058],[98.63220040000004,13.178936000000022],[98.63167250000004,13.176878100000067],[98.63227120000005,13.175943400000051],[98.63268580000005,13.174663800000076],[98.63252780000005,13.172404800000038],[98.63375610000008,13.17094030000004],[98.63399880000009,13.167790700000069],[98.63341040000006,13.165441800000053],[98.63360390000008,13.16471450000006],[98.63303130000008,13.163349400000072],[98.62883550000004,13.16064810000006],[98.62816410000005,13.159129200000052],[98.62762110000006,13.158677400000045],[98.62695970000004,13.156985400000053],[98.62741380000006,13.155283900000029],[98.62656480000004,13.154043700000045],[98.62643640000005,13.152832400000023],[98.62573550000008,13.151909500000045],[98.62657650000006,13.149801400000058],[98.62745330000007,13.148842800000068],[98.62822470000003,13.145249200000023],[98.63034600000003,13.143882000000076],[98.63195520000005,13.14218040000003],[98.63280450000008,13.140151900000035],[98.63337250000006,13.13744790000004],[98.63305190000005,13.135333200000048],[98.63376350000004,13.133911100000034],[98.63501350000007,13.132359500000064],[98.63474120000006,13.130891100000042],[98.63512110000005,13.12948840000007],[98.63611960000009,13.127965300000028],[98.63572200000004,13.126545400000055],[98.63593400000008,13.125254600000062],[98.63578380000007,13.12455760000006],[98.63790450000005,13.119394300000067],[98.63791330000004,13.118404700000042],[98.63672050000008,13.116020900000024],[98.63695020000006,13.11539270000003],[98.63887650000004,13.114377200000035],[98.64011360000006,13.114170700000045],[98.64123570000004,13.11314660000005],[98.64143010000004,13.111502900000062],[98.64201330000009,13.11074560000003],[98.64511480000004,13.109420300000068],[98.64687320000007,13.108241300000032],[98.64716480000004,13.106580300000076],[98.64776570000004,13.10508290000007],[98.64784520000006,13.104041600000073],[98.64834000000008,13.101416700000073],[98.65042540000007,13.099531900000045],[98.65238700000003,13.098800400000073],[98.65334130000008,13.097948400000064],[98.65312040000003,13.097087800000054],[98.65323530000006,13.09647670000004],[98.65266980000007,13.095943100000056],[98.65031050000005,13.092930900000056],[98.64955940000004,13.091252600000075],[98.64959480000005,13.090779200000043],[98.64898730000004,13.088776400000029],[98.64881560000003,13.088483800000063],[98.64891750000004,13.087757500000066],[98.64874320000007,13.086950200000047],[98.64825240000005,13.08629970000004],[98.64827080000003,13.085869500000058],[98.64792750000004,13.085333900000023],[98.64772920000007,13.084825100000046],[98.64734710000005,13.084694400000046],[98.64684990000006,13.084769700000038],[98.64649780000008,13.084649700000057],[98.64622150000008,13.084709800000041],[98.64612500000004,13.084918800000025],[98.64629130000009,13.085109500000044],[98.64631540000005,13.085386400000061],[98.64658900000006,13.08559020000007],[98.64704500000005,13.085668600000076],[98.64673650000003,13.085929900000053],[98.64635030000005,13.085867200000052],[98.64580580000006,13.085381200000029],[98.64570560000004,13.084957400000064],[98.64557150000007,13.084717000000069],[98.64551750000004,13.084367000000043],[98.64528820000004,13.084069200000044],[98.64475170000009,13.084025300000064],[98.64332030000008,13.083405500000026],[98.64278190000005,13.082494900000029],[98.64228280000003,13.082341000000042],[98.64140030000004,13.082399800000076],[98.64112770000008,13.081817700000045],[98.64115170000008,13.081438200000036],[98.63987980000007,13.080832500000042],[98.63879080000004,13.079959900000063],[98.63813100000004,13.079494800000077],[98.63791640000005,13.079139500000053],[98.63777690000006,13.077561500000058],[98.63815740000007,13.075813900000071],[98.63825200000008,13.07476330000003],[98.63744880000007,13.07275500000003],[98.63684950000004,13.072031000000038],[98.63694540000006,13.070501400000069],[98.63726900000006,13.069217000000037],[98.63704130000008,13.067979200000025],[98.63717610000003,13.065693000000067],[98.63780920000005,13.063644300000021],[98.63779440000008,13.062804700000072],[98.63742960000008,13.062271700000053],[98.63713990000008,13.06240230000003],[98.63691460000007,13.063536300000067],[98.63663570000006,13.063990900000022],[98.63596130000008,13.063614700000073],[98.63593830000008,13.06309740000006],[98.63510140000005,13.062961500000029],[98.63484740000007,13.061959000000058],[98.63471420000008,13.060835800000064],[98.63394410000006,13.060465500000078],[98.63308520000004,13.060542500000054],[98.63196470000008,13.05976830000003],[98.63161910000008,13.058796900000061],[98.63243360000007,13.057965100000047],[98.63224600000007,13.057479400000034],[98.63137720000003,13.057575600000064],[98.63107910000008,13.056699600000059],[98.63127190000006,13.055990100000031],[98.63170340000005,13.05554630000006],[98.63157160000009,13.054705600000034],[98.63109210000005,13.053759700000057],[98.63125990000003,13.052580300000045],[98.63257850000008,13.051003800000046],[98.63329770000007,13.049590800000033],[98.63610270000004,13.047033400000032],[98.63708570000006,13.045538600000043],[98.63879410000004,13.041477900000075],[98.63951910000009,13.038193200000023],[98.64081370000008,13.036803500000076],[98.64177270000005,13.034888200000069],[98.64161680000007,13.033743800000025],[98.64214430000004,13.032143800000028],[98.64327110000005,13.03088260000004],[98.64373860000006,13.02931760000007],[98.64533290000008,13.027939600000025],[98.64630380000006,13.027484100000038],[98.64660350000008,13.026094300000068],[98.64750250000009,13.025019900000075],[98.64766580000008,13.023965400000066],[98.64750590000006,13.02234930000003],[98.64810190000009,13.019857800000068],[98.64879130000008,13.018928000000074],[98.64890510000004,13.018642200000045],[98.64891980000004,13.01817710000006],[98.64879340000005,13.017640000000029],[98.64884510000007,13.01708990000003],[98.64944450000007,13.01605040000004],[98.64960050000008,13.015172800000073],[98.65002770000007,13.014463300000045],[98.64996320000006,13.01374050000004],[98.64967690000003,13.013089700000023],[98.64963430000006,13.012664800000039],[98.64988280000006,13.011947600000042],[98.65011710000005,13.011671800000045],[98.65099130000004,13.010979300000031],[98.65115600000007,13.010748400000068],[98.65115080000004,13.010303700000065],[98.65132750000004,13.009680200000048],[98.65168820000008,13.008994600000051],[98.65171590000006,13.008706300000028],[98.65127170000005,13.007664100000056],[98.65119760000005,13.007477600000072],[98.65135010000006,13.006905000000074],[98.65170450000005,13.006359700000075],[98.65153140000007,13.004567700000052],[98.65127930000006,13.004228900000044],[98.65107540000008,13.004035400000078],[98.65097050000008,13.003841900000054],[98.65094290000008,13.00317860000007],[98.65104270000006,13.002467100000047],[98.65127060000003,13.001802700000042],[98.65137250000004,13.001122100000032],[98.65164750000008,12.999172400000077],[98.65139410000006,12.99843050000004],[98.65118920000003,12.99796740000005],[98.65048880000006,12.997283700000025],[98.65019890000008,12.996654700000022],[98.64820930000008,12.993201900000031],[98.64755960000008,12.992295400000046],[98.64754880000004,12.991438100000039],[98.64811750000007,12.990382200000056],[98.64819260000007,12.989964100000066],[98.64824620000007,12.989263600000072],[98.64860030000006,12.988416800000039],[98.64865390000006,12.98749680000003],[98.64822110000006,12.986200100000076],[98.64805480000007,12.985081500000035],[98.64747370000003,12.984350100000029],[98.64736280000005,12.98397330000006],[98.64743080000005,12.983618200000024],[98.64738420000003,12.983210100000065],[98.64726990000008,12.982844600000021],[98.64720860000006,12.982776300000069],[98.64667470000006,12.98218170000007],[98.64635940000005,12.981830600000023],[98.64619312300005,12.981640390000052],[98.64449460000009,12.979692100000022],[98.64406520000006,12.979113200000029],[98.64404330000008,12.979066700000033],[98.64391530000006,12.978795700000035],[98.64391550000005,12.978231900000026],[98.64396090000008,12.977807400000074],[98.64406490000005,12.97756430000004],[98.64434120000004,12.977050700000063],[98.64475830000003,12.976351100000045],[98.64477920000007,12.976292800000067],[98.64508380000007,12.975609200000065],[98.64526290000003,12.97525120000006],[98.64542440000008,12.974998700000071],[98.64563400000009,12.97483470000003],[98.64575210000004,12.97481730000004],[98.64584610000009,12.974803400000042],[98.64620050000008,12.974751100000049],[98.64643010000003,12.974729400000058],[98.64664390000007,12.974701500000037],[98.64704890000007,12.974648500000058],[98.64734820000007,12.974558700000046],[98.64752580000004,12.974411600000053],[98.64779580000004,12.974097100000051],[98.64801840000007,12.973780800000043],[98.64821960000006,12.973326000000043],[98.64850390000004,12.972732700000051],[98.64854760000009,12.972658900000056],[98.64863530000008,12.972510600000021],[98.64904590000003,12.971898400000043],[98.64912140000007,12.97176550000006],[98.64934750000003,12.971439100000055],[98.64960320000006,12.971159100000023],[98.64983340000003,12.971034100000054],[98.65005110000004,12.970965700000022],[98.65030830000006,12.97094130000005],[98.65065890000005,12.970970900000054],[98.65094450000004,12.971065500000066],[98.65141310000007,12.971220800000026],[98.65162020000008,12.971149700000069],[98.65194260000004,12.970788500000026],[98.65232130000004,12.969768100000067],[98.65255470000005,12.968928500000061],[98.65252780000009,12.96849670000006],[98.65404760000007,12.966685400000074],[98.65439040000007,12.966544200000044],[98.65513600000008,12.966504500000042],[98.65556680000009,12.96611820000004],[98.65567710000005,12.965689500000053],[98.65572770000006,12.965181900000061],[98.65584340000004,12.964743300000066],[98.65608230000004,12.964328700000067],[98.65637990000005,12.964116000000047],[98.65674470000005,12.964147400000058],[98.65713090000008,12.963891200000035],[98.65726500000005,12.96358280000004],[98.65726040000004,12.963254500000062],[98.65735080000007,12.962971100000061],[98.65753320000005,12.962814300000048],[98.65766200000007,12.962652200000036],[98.65771030000008,12.96231240000003],[98.65764050000007,12.961941300000035],[98.65716850000007,12.96108920000006],[98.65675500000003,12.959790500000054],[98.65686960000005,12.959190100000058],[98.65694170000006,12.958812400000056],[98.65740140000008,12.95796400000006],[98.66076710000004,12.954215600000055],[98.66081480000008,12.953906600000039],[98.66065600000007,12.953481600000032],[98.65835840000005,12.951457300000072],[98.65816750000005,12.95109560000003],[98.65829030000003,12.95078710000007],[98.66039580000006,12.948152700000037],[98.66091400000005,12.947846900000059],[98.66182760000004,12.947476700000038],[98.66246330000007,12.946386200000063],[98.66293780000007,12.945755800000029],[98.66302120000006,12.945340600000065],[98.66316300000005,12.944870500000036],[98.66344240000006,12.94464350000004],[98.66399370000005,12.944446800000037],[98.66421880000007,12.944514900000058],[98.66445170000009,12.944666200000029],[98.66463810000005,12.944764600000042],[98.66500700000006,12.944769700000052],[98.66554060000004,12.944497600000034],[98.66587930000009,12.944171100000062],[98.66651690000003,12.943410200000073],[98.66728550000005,12.941934700000047],[98.66826370000007,12.940519700000038],[98.66921250000007,12.93775370000003],[98.66988310000005,12.936708000000067],[98.67067160000005,12.936603400000024],[98.67119740000004,12.935866300000043],[98.67126170000006,12.935646700000063],[98.67144950000005,12.935265000000072],[98.67140660000007,12.934794500000066],[98.67129930000004,12.934627200000023],[98.67089430000004,12.934384000000023],[98.67076830000008,12.934224500000028],[98.67098180000005,12.933971600000064],[98.67141000000004,12.933917400000041],[98.67164400000007,12.933641600000044],[98.67159710000004,12.933466400000043],[98.67090240000005,12.933492600000022],[98.67089690000006,12.933079600000042],[98.67134550000009,12.93279590000003],[98.67133000000007,12.93237970000007],[98.67161580000004,12.93197120000002],[98.67202870000006,12.931592800000033],[98.67257220000005,12.931191700000056],[98.67299140000006,12.931040400000029],[98.67323500000003,12.930659700000035],[98.67351700000006,12.930627900000047],[98.67401210000008,12.930930900000021],[98.67415230000006,12.931160800000043],[98.67429260000006,12.931233900000052],[98.67437190000004,12.931019900000024],[98.67436540000006,12.93068050000005],[98.67453050000006,12.93028350000003],[98.67476010000007,12.930012000000033],[98.67467190000008,12.929683300000022],[98.67471250000006,12.929354700000033],[98.67486580000008,12.929176400000074],[98.67525510000007,12.92909220000007],[98.67540840000004,12.928720400000032],[98.67530410000006,12.92857870000006],[98.67504970000005,12.92866840000005],[98.67445500000008,12.928649000000064],[98.67416060000005,12.928305500000022],[98.67413150000004,12.928013500000077],[98.67409510000005,12.927897700000074],[98.67398440000005,12.927856000000077],[98.67364810000004,12.927909500000055],[98.67309470000004,12.92756120000007],[98.67290580000008,12.927304700000036],[98.67265260000005,12.927069000000074],[98.67261820000004,12.926900900000021],[98.67283400000008,12.926647200000048],[98.67318550000005,12.92598570000007],[98.67330980000008,12.925274400000035],[98.67323990000006,12.924298200000067],[98.67371350000008,12.922262700000033],[98.67396460000003,12.921834000000047],[98.67428800000005,12.921188100000052],[98.67460830000005,12.920830100000046],[98.67505660000006,12.920771900000034],[98.67535650000008,12.921020500000054],[98.67584430000005,12.92105390000006],[98.67612900000006,12.920811300000025],[98.67638830000004,12.920118700000046],[98.67646960000008,12.919901700000025],[98.67672580000004,12.919848700000045],[98.67712180000007,12.920022800000027],[98.67751300000003,12.920048000000065],[98.67782700000004,12.919836700000076],[98.67791140000008,12.919361800000047],[98.67783770000005,12.91845630000006],[98.67730810000006,12.917351500000052],[98.67730810000006,12.91692020000005],[98.67750220000005,12.916420800000026],[98.67737020000004,12.915891000000045],[98.67687430000007,12.91553250000004],[98.67688110000006,12.914907300000039],[98.67697430000004,12.914589500000034],[98.67734690000003,12.914392700000064],[98.67801460000004,12.914362400000073],[98.67829410000007,12.914309500000059],[98.67888410000006,12.913651100000038],[98.68099410000008,12.912813500000027],[98.68125980000008,12.912531100000024],[98.68145390000007,12.912009000000069],[98.68174900000008,12.91171380000003],[98.68202070000007,12.91156250000006],[98.68227690000003,12.911585200000047],[98.68453470000009,12.912029200000063],[98.68536650000004,12.91188070000004],[98.68593510000005,12.91136830000005],[98.68631020000004,12.911267000000066],[98.68666870000004,12.911312800000076],[98.68708310000005,12.911640200000022],[98.68748770000008,12.91184080000005],[98.68799790000008,12.91182630000003],[98.68847000000005,12.911627600000031],[98.68846850000006,12.911313600000028],[98.68846770000005,12.911145800000043],[98.68847330000006,12.910668800000053],[98.68853880000006,12.910013200000037],[98.68870970000006,12.90977040000007],[98.68925040000005,12.909419600000035],[98.68933400000009,12.909103400000049],[98.68925040000005,12.90850290000003],[98.68843500000008,12.907739500000048],[98.68785840000004,12.90699490000003],[98.68755520000008,12.905543400000056],[98.68734060000008,12.904351200000065],[98.68744000000004,12.903376500000036],[98.68723330000006,12.902343300000041],[98.68695940000003,12.901644600000054],[98.68673980000005,12.901360200000056],[98.68632420000006,12.900960700000041],[98.68619260000008,12.900398100000075],[98.68642870000008,12.899624200000062],[98.68645300000009,12.898910900000033],[98.68626770000009,12.89837970000002],[98.68583860000007,12.897814900000071],[98.68568312500008,12.897266684000044],[98.68550880000004,12.896652000000074],[98.68482220000004,12.896024500000067],[98.68378360000008,12.895746300000042],[98.67941480000007,12.892426800000067],[98.67855650000007,12.892552300000034],[98.67752660000008,12.888996400000053],[98.67671120000006,12.888410800000031],[98.67675410000004,12.887448600000027],[98.67568120000004,12.886151700000028],[98.67471560000007,12.88596350000006],[98.67417630000006,12.885149800000022],[98.67404760000005,12.884020300000032],[98.67349250000007,12.882595800000047],[98.67138970000008,12.881047800000033],[98.66833410000004,12.874954400000036],[98.66601760000003,12.872878400000047],[98.66309610000008,12.86958530000004],[98.66174880000005,12.868131400000038],[98.66025401200005,12.866809269000044],[98.66023460000008,12.866792100000055],[98.66005060000003,12.866626900000028],[98.65996080000008,12.866495600000064],[98.65991920000005,12.866314700000032],[98.65988320000008,12.866112600000065],[98.65992240000008,12.865910400000075],[98.66007230000008,12.865574200000026],[98.66022230000004,12.865410500000053],[98.66074210000005,12.864905300000032],[98.66105150000004,12.864406100000053],[98.66127330000006,12.86389330000003],[98.66150440000007,12.86263850000006],[98.66141050000004,12.861217700000054],[98.66121200000003,12.860688200000027],[98.66093840000008,12.86031550000007],[98.66031070000008,12.859829400000024],[98.66024950000008,12.85963060000006],[98.66022050000004,12.859180700000024],[98.66004790000005,12.858916600000043],[98.65999590000007,12.858642000000032],[98.65972610000006,12.858038000000022],[98.65973680000008,12.857546400000047],[98.66028240000009,12.856665600000042],[98.66018740000004,12.855381200000068],[98.66024700000008,12.854907300000036],[98.66109290000009,12.852338400000065],[98.66106400000007,12.85094040000007],[98.66112080000005,12.850496300000032],[98.66155000000003,12.849680400000068],[98.66188260000007,12.84928300000007],[98.66237070000005,12.849285800000075],[98.66597560000008,12.849285800000075],[98.66688110000007,12.849227000000042],[98.66721270000005,12.849083200000052],[98.66761980000007,12.848504700000035],[98.66897540000008,12.84736300000003],[98.67021080000006,12.84628710000004],[98.67060990000004,12.846085800000026],[98.67098800000008,12.846036500000025],[98.67145220000003,12.846152200000063],[98.67193170000007,12.846304400000065],[98.67219460000007,12.846316400000035],[98.67264470000003,12.846101000000033],[98.67297890000003,12.846039800000028],[98.67340690000003,12.846073800000056],[98.67372130000007,12.84605810000005],[98.67415210000007,12.845883900000047],[98.67494530000005,12.84512570000004],[98.67601350000007,12.844715500000063],[98.67641480000003,12.844293400000026],[98.67646360000003,12.844004200000029],[98.67644160000003,12.843671000000029],[98.67658860000006,12.843374500000039],[98.67699470000008,12.843091000000072],[98.67718980000006,12.842986300000064],[98.67722750000007,12.842690900000036],[98.67715720000007,12.84244300000006],[98.67686810000004,12.842295500000034],[98.67667110000008,12.842097500000023],[98.67605050000009,12.840311600000064],[98.67612030000004,12.839824200000066],[98.67653230000008,12.839242600000034],[98.67732990000007,12.838940300000047],[98.67746670000008,12.838251400000047],[98.67805630000004,12.837091000000044],[98.67799730000007,12.836458500000049],[98.67836210000007,12.83594590000007],[98.67806490000004,12.834511700000064],[98.67751820000007,12.833640900000034],[98.67742060000006,12.832561800000065],[98.67742170000008,12.832194100000038],[98.67781060000004,12.831117200000051],[98.67894250000006,12.829281300000048],[98.67980130000007,12.828503500000068],[98.68073840000005,12.826021300000036],[98.68331340000003,12.82484960000005],[98.68442390000007,12.824292400000047],[98.68479940000003,12.824302800000055],[98.68534650000004,12.824501600000076],[98.68564000000003,12.824504200000035],[98.68622630000004,12.824229600000024],[98.68705130000006,12.824270100000035],[98.68868210000005,12.824437500000045],[98.68966910000006,12.823224000000039],[98.69069910000007,12.823224000000039],[98.69215820000005,12.82293100000004],[98.69215820000005,12.823516900000072],[98.69250150000005,12.824479300000064],[98.69297360000007,12.825734600000033],[98.69383190000008,12.826571500000057],[98.69560606700009,12.829598755000063],[98.69572020000004,12.82979350000005],[98.69751830000007,12.831327100000067],[98.69829510000005,12.832722600000068],[98.69928220000008,12.832848100000035],[98.70077990000004,12.833503000000064],[98.70285060000003,12.834789700000044],[98.70413660000008,12.835999700000059],[98.70468950000009,12.836321100000077],[98.71105810000006,12.836505200000033],[98.71203300000008,12.836397200000022],[98.71274110000007,12.836114700000053],[98.71333260000006,12.835668400000031],[98.71359940000008,12.835152400000027],[98.71351360000006,12.834775800000045],[98.71318240000005,12.834434000000044],[98.71317030000006,12.834001700000044],[98.71332050000007,12.833677400000056],[98.71383690000005,12.833199600000057],[98.71385690000005,12.832704500000034],[98.71366380000006,12.832380200000046],[98.71374040000006,12.831933900000024],[98.71431830000006,12.831721200000061],[98.71490330000006,12.831760200000076],[98.71717790000008,12.831467300000043],[98.71996310000009,12.82910940000005],[98.72053810000006,12.828779300000065],[98.72106850000006,12.82872690000005],[98.72144170000007,12.828570400000046],[98.72157880000003,12.82843870000005],[98.72174660000007,12.82761400000004],[98.72194570000005,12.826567000000068],[98.72218970000006,12.825283500000069],[98.72235750000004,12.824622300000044],[98.72226350000005,12.824373600000058],[98.72203530000007,12.824105200000076],[98.72133700000006,12.82318870000006],[98.72034650000006,12.821785800000043],[98.72019570000003,12.821298800000022],[98.71990030000006,12.820244800000069],[98.71947060000008,12.818857000000037],[98.71924900000005,12.818117200000074],[98.71922890000008,12.817672100000038],[98.71933630000007,12.817233500000043],[98.71960890000008,12.816706400000044],[98.71968960000004,12.816382300000043],[98.71968490000006,12.816021200000023],[98.71962320000006,12.815752800000041],[98.71950920000006,12.815525900000068],[98.71924810000007,12.815127800000027],[98.71910570000006,12.814757500000042],[98.71909150000005,12.814544500000068],[98.71911990000007,12.814345500000059],[98.71906850000005,12.813887400000056],[98.71885510000004,12.81325030000005],[98.71880810000005,12.813040800000067],[98.71880140000007,12.812795300000062],[98.71893900000003,12.811990000000037],[98.71906650000005,12.811650100000065],[98.71916790000006,12.811442800000066],[98.71930830000008,12.81126990000007],[98.71981730000005,12.810903600000074],[98.71998310000004,12.81069130000003],[98.72007950000005,12.810345200000029],[98.72010720000009,12.809777200000042],[98.71991250000008,12.809394300000065],[98.71979840000006,12.808736300000021],[98.71980840000003,12.808363100000065],[98.71985210000008,12.80802600000004],[98.72005350000006,12.80760040000007],[98.72032540000004,12.807250200000055],[98.72064090000003,12.806935900000042],[98.72080210000007,12.806719900000076],[98.72099010000005,12.806251800000041],[98.72151040000006,12.804572500000063],[98.72157080000005,12.804228800000033],[98.72164470000007,12.804022600000053],[98.72190700000004,12.803320800000051],[98.72227580000003,12.802336800000035],[98.72236700000008,12.80185320000004],[98.72253960000006,12.80112360000004],[98.72255940000008,12.800650400000052],[98.72253960000006,12.800270900000044],[98.72252450000008,12.799685300000021],[98.72256200000004,12.799172600000077],[98.72259430000008,12.798257900000067],[98.72270420000007,12.79764240000003],[98.72284920000004,12.797217000000046],[98.72301530000004,12.79694660000007],[98.72304750000006,12.796664100000044],[98.72292950000008,12.796360700000037],[98.72258620000008,12.795884700000045],[98.72209270000008,12.795380800000032],[98.72189850000007,12.794684000000075],[98.72211310000006,12.793344800000057],[98.72254760000004,12.791990000000055],[98.72338010000004,12.790794700000049],[98.72385120000007,12.78990790000006],[98.72452710000005,12.788108400000056],[98.72469440000003,12.787138000000027],[98.72467730000005,12.786460500000032],[98.72395420000004,12.784374100000036],[98.72378250000008,12.782993000000033],[98.72318170000005,12.777133700000036],[98.72280620000004,12.774706300000048],[98.72176550000006,12.773241400000074],[98.72108320000007,12.77169710000004],[98.72101310000005,12.771106100000054],[98.72121840000005,12.770290800000055],[98.72119550000008,12.769955100000061],[98.72086860000007,12.769238100000052],[98.72099160000005,12.768417000000056],[98.72144220000007,12.767611300000056],[98.72182350000008,12.766936100000066],[98.72200010000006,12.766198700000075],[98.72198440000005,12.76584790000004],[98.72204300000004,12.765183700000023],[98.72185560000008,12.764173700000072],[98.72125480000005,12.76333660000006],[98.72098090000009,12.762923600000022],[98.72091150000006,12.762415800000042],[98.72062180000006,12.760961400000042],[98.72056250000009,12.76045410000006],[98.72100230000007,12.75932400000005],[98.72143720000008,12.758387200000072],[98.72187140000005,12.758152000000052],[98.72221470000005,12.75793230000005],[98.72247360000006,12.757399500000076],[98.72268680000008,12.756687100000022],[98.72291780000006,12.756294400000058],[98.72378680000008,12.755718900000033],[98.72670070000004,12.753517200000033],[98.72726800000004,12.752867700000024],[98.72742890000006,12.752491000000077],[98.72764350000006,12.751748000000077],[98.72822430000008,12.750681400000076],[98.72966620000005,12.749691600000062],[98.73001460000006,12.749205200000063],[98.73005250000006,12.748854400000027],[98.73069620000007,12.747347500000046],[98.73229480000003,12.745673200000056],[98.73264310000008,12.744956700000046],[98.73280410000007,12.744014800000059],[98.73299220000007,12.743098900000064],[98.73337270000007,12.742508000000043],[98.73344270000007,12.741654800000049],[98.73341560000006,12.741220800000065],[98.73313670000005,12.740959200000077],[98.73258020000009,12.740384400000039],[98.73249880000009,12.74013670000005],[98.73273480000006,12.73959780000007],[98.73360390000005,12.738729200000023],[98.73336780000005,12.738164100000063],[98.73358780000007,12.737740300000041],[98.73369500000007,12.737353100000064],[98.73360920000005,12.737091400000054],[98.73334640000007,12.736808900000028],[98.73277240000004,12.735019400000056],[98.73215010000007,12.734464800000069],[98.73203740000008,12.734229300000038],[98.73189800000006,12.733779300000037],[98.73200530000008,12.73267530000004],[98.73198920000004,12.732314200000076],[98.73183360000007,12.731838100000061],[98.73124350000006,12.730624100000057],[98.72781560000004,12.725402000000031],[98.72600780000005,12.723905400000035],[98.72570740000003,12.72338220000006],[98.72514950000004,12.723136200000056],[98.72490280000005,12.722283300000072],[98.72487060000003,12.721937900000057],[98.72508520000008,12.721467000000075],[98.72538560000004,12.721163500000046],[98.72572890000004,12.721017000000074],[98.72599710000009,12.720619300000067],[98.72610980000007,12.720106500000043],[98.72595420000005,12.71937390000005],[98.72588980000006,12.718379700000071],[98.72642090000005,12.717788400000074],[98.72697880000004,12.71643830000005],[98.72717730000005,12.716202800000076],[98.72920500000004,12.714758500000073],[98.72939810000008,12.714397500000075],[98.72936600000008,12.71181770000004],[98.72900650000008,12.710373400000037],[98.72848620000008,12.708588900000052],[98.72825550000005,12.707102700000064],[98.72789610000007,12.70613990000004],[98.72779960000008,12.705820600000038],[98.72779850000006,12.705726800000036],[98.72774050000004,12.70365940000005],[98.72878120000007,12.701796400000035],[98.72895290000008,12.700174100000027],[98.72885100000008,12.699828700000069],[98.72743030000004,12.698229200000071],[98.72709940000004,12.697602600000039],[98.72694410000008,12.69528500000007],[98.72713040000008,12.695080500000074],[98.72735560000007,12.695095600000059],[98.72793010000004,12.695534900000041],[98.72817080000004,12.69555760000003],[98.72845800000005,12.695322800000042],[98.72888500000005,12.694762400000059],[98.72872980000005,12.694353400000068],[98.72815990000004,12.69333080000007],[98.72750310000004,12.692808300000024],[98.72730120000006,12.692384100000027],[98.72722000000005,12.69171270000004],[98.72720810000004,12.690755700000068],[98.72769210000007,12.68890760000005],[98.72787580000005,12.688059300000077],[98.72753410000007,12.687620000000038],[98.72785950000008,12.687050800000065],[98.72726300000005,12.686688600000025],[98.72675780000009,12.686521700000071],[98.72632300000004,12.684696300000041],[98.72687670000005,12.681622600000026],[98.72743320000006,12.679008000000067],[98.72742550000004,12.678273300000058],[98.72713420000008,12.677268300000037],[98.72688200000005,12.677084100000059],[98.72653260000004,12.677031100000022],[98.72612110000006,12.676750800000036],[98.72594260000005,12.676561500000048],[98.72586490000003,12.676160000000039],[98.72557770000009,12.675940300000036],[98.72474700000004,12.67573580000004],[98.72400940000006,12.674993500000028],[98.72400160000007,12.674425400000075],[98.72371440000006,12.67386490000007],[98.72320970000004,12.673508900000058],[98.72245210000005,12.672689800000057],[98.72190540000008,12.672387900000047],[98.72154050000006,12.672357600000055],[98.72136970000008,12.672266700000023],[98.72117560000004,12.671478900000068],[98.72124550000007,12.670418400000074],[98.72095010000004,12.67021950000003],[98.72048230000007,12.669648000000052],[98.71970560000005,12.669507700000054],[98.71935110000004,12.669251900000063],[98.71932360000005,12.668894300000034],[98.71992440000008,12.667889400000035],[98.72015860000005,12.667441600000075],[98.72004990000005,12.667108300000052],[98.71987910000007,12.667032500000062],[98.71958410000008,12.667017400000077],[98.71906180000008,12.667414200000053],[98.71867570000006,12.667426400000068],[98.71828940000006,12.667372300000068],[98.71755980000006,12.666158000000053],[98.71723160000005,12.665161600000033],[98.71608260000005,12.66359360000007],[98.71498490000005,12.66075660000007],[98.71507500000007,12.65888700000005],[98.71601910000004,12.655537200000026],[98.71756410000006,12.653778600000066],[98.71818660000008,12.652927900000066],[98.71863270000006,12.651963400000056],[98.71907940000006,12.64979930000004],[98.71949100000006,12.64714790000005],[98.71936670000008,12.646685800000057],[98.71884730000005,12.64614290000003],[98.71860580000003,12.64586010000005],[98.71848940000007,12.645466200000044],[98.71849710000004,12.64502680000004],[98.71871850000008,12.64463550000005],[98.71828940000006,12.642458000000033],[98.71803190000008,12.640071100000057],[98.71782940000008,12.639799700000026],[98.71737140000005,12.639648200000067],[98.71696770000005,12.639496700000052],[98.71671920000006,12.639193600000056],[98.71654070000005,12.636883100000034],[98.71543820000005,12.634042200000067],[98.71446990000004,12.63119340000003],[98.71402230000007,12.63070920000007],[98.71370690000003,12.630367900000067],[98.71364480000005,12.63008000000002],[98.71386910000007,12.628890200000058],[98.71390420000006,12.628605100000073],[98.71389620000008,12.628401000000054],[98.71385860000004,12.62814190000006],[98.71354170000006,12.627122900000074],[98.71319690000007,12.626273600000047],[98.71259320000007,12.62371010000004],[98.71256850000003,12.623448300000064],[98.71263330000005,12.622991100000036],[98.71271920000004,12.622384100000033],[98.71283520000009,12.62174230000005],[98.71280990000008,12.621410000000026],[98.71274550000004,12.621145700000056],[98.71253700000005,12.620696800000076],[98.71234320000008,12.62048610000005],[98.71147740000004,12.619745100000046],[98.71101050000004,12.61932040000005],[98.71097800000007,12.619193100000075],[98.71098600000005,12.619070100000044],[98.71109060000003,12.618954900000062],[98.71128570000008,12.618818000000033],[98.71155690000006,12.618608100000074],[98.71243600000008,12.617809000000022],[98.71250980000008,12.617685600000073],[98.71252840000005,12.617532700000027],[98.71244020000006,12.617342700000052],[98.71135790000005,12.615685100000064],[98.71103360000006,12.615116000000057],[98.71052290000006,12.613987400000042],[98.70990770000009,12.61256830000002],[98.70974920000003,12.612390100000027],[98.70859050000007,12.611929400000065],[98.70830380000007,12.611811900000077],[98.70816970000004,12.61160250000006],[98.70811600000008,12.611380000000054],[98.70801180000007,12.610686900000076],[98.70784420000007,12.610459400000025],[98.70743610000005,12.610059400000068],[98.70720780000005,12.609742700000027],[98.70712920000005,12.609263300000066],[98.70699460000009,12.608935400000064],[98.70581670000007,12.607749500000068],[98.70565040000008,12.607521000000077],[98.70556260000006,12.60729660000004],[98.70554110000006,12.607029700000055],[98.70556790000006,12.60681500000004],[98.70585520000009,12.605838800000072],[98.70593270000006,12.60554030000003],[98.70594880000004,12.605309900000066],[98.70590590000006,12.605137200000058],[98.70572820000007,12.604729900000052],[98.70567780000005,12.60452280000004],[98.70571710000007,12.60431120000004],[98.70585010000008,12.60409960000004],[98.70607080000008,12.603835200000049],[98.70633060000006,12.603536700000063],[98.70667010000005,12.603169200000025],[98.70855220000004,12.601797400000066],[98.70906140000005,12.601471300000071],[98.70947120000005,12.601211500000034],[98.70970100000005,12.601016600000037],[98.70984870000007,12.600807700000075],[98.70996680000007,12.600569500000063],[98.71001770000004,12.600349600000072],[98.71006490000008,12.599776200000065],[98.71015090000009,12.599606300000062],[98.71026450000005,12.599498900000071],[98.71041510000003,12.599377600000025],[98.71089940000007,12.599085600000024],[98.71135200000003,12.59876870000005],[98.71150850000004,12.598657800000069],[98.71163250000006,12.598510600000054],[98.71178810000004,12.598240200000077],[98.71263350000004,12.595754100000022],[98.71271990000008,12.595613100000037],[98.71286090000007,12.595431100000042],[98.71304060000006,12.595268800000042],[98.71360380000004,12.594928500000037],[98.71378090000007,12.59478450000006],[98.71391230000006,12.594669300000021],[98.71404100000007,12.594454700000028],[98.71419930000008,12.594038500000067],[98.71494520000005,12.591912000000036],[98.71507440000005,12.591481100000067],[98.71519710000007,12.590933900000039],[98.71521850000005,12.590656400000057],[98.71515320000003,12.590420400000028],[98.71418320000004,12.587879000000044],[98.71412950000007,12.587674800000059],[98.71411350000005,12.587465400000042],[98.71412950000007,12.58723770000006],[98.71419660000004,12.587059700000054],[98.71430120000008,12.586892100000057],[98.71446210000005,12.586687900000072],[98.71484570000007,12.586360700000057],[98.71505050000007,12.586153400000057],[98.71516940000004,12.585974500000077],[98.71523730000007,12.585779600000023],[98.71527270000007,12.58544180000007],[98.71511660000004,12.584727200000032],[98.71472980000004,12.581595500000049],[98.71465670000003,12.58079310000005],[98.71465030000007,12.579639200000031],[98.71466640000006,12.579391500000042],[98.71474810000007,12.57916890000007],[98.71535130000007,12.578167700000051],[98.71575230000008,12.57750210000006],[98.71593740000009,12.577292700000044],[98.71619080000005,12.577097600000059],[98.71646310000006,12.57696020000003],[98.71683320000005,12.57687640000006],[98.71851550000008,12.57686220000005],[98.71877980000005,12.576820100000077],[98.71922150000006,12.576559800000041],[98.71943920000007,12.576391300000068],[98.72030100000006,12.575499800000046],[98.72119720000006,12.574572700000033],[98.72225130000004,12.573046500000032],[98.72240420000008,12.572876300000075],[98.72270990000004,12.572666900000058],[98.72286280000009,12.572533400000054],[98.72298890000008,12.572269000000063],[98.72324910000003,12.571156400000064],[98.72332930000005,12.570930800000042],[98.72345970000003,12.570780600000035],[98.72360220000007,12.570630900000026],[98.72433180000007,12.570151900000042],[98.72473980000007,12.57004980000005],[98.72783340000007,12.568667800000071],[98.73039590000008,12.569196300000044],[98.73049520000006,12.569172200000025],[98.73302000000007,12.566008900000043],[98.73312180000005,12.565769300000056],[98.73345140000004,12.56419660000006],[98.73338660000007,12.563514100000077],[98.73325480000005,12.56328650000006],[98.73274520000007,12.562950200000046],[98.73202610000004,12.562908600000071],[98.73131210000008,12.562595500000043],[98.73106600000006,12.562405900000044],[98.73080740000006,12.562046400000042],[98.73084460000007,12.561590800000033],[98.73150600000008,12.560621800000035],[98.73157770000006,12.560391500000037],[98.73137940000004,12.560102000000029],[98.73064580000005,12.559695800000043],[98.73025730000006,12.559337700000071],[98.73020160000004,12.55920210000005],[98.73012120000004,12.558826000000067],[98.72994960000005,12.55876950000004],[98.72928500000006,12.558677000000046],[98.72904030000007,12.558732400000054],[98.72893810000005,12.558854800000063],[98.72881130000007,12.559073300000023],[98.72860690000005,12.559137500000077],[98.72787940000006,12.558738900000037],[98.72737850000004,12.558776200000068],[98.72704170000009,12.558957300000031],[98.72645850000004,12.55901810000006],[98.72631040000005,12.558995100000061],[98.72605750000008,12.558898100000022],[98.72596010000007,12.558822400000054],[98.72590520000006,12.558746100000064],[98.72588410000009,12.558673400000032],[98.72586040000004,12.558575500000074],[98.72584680000006,12.558332200000052],[98.72586280000007,12.55802140000003],[98.72603010000006,12.557545900000036],[98.72621230000004,12.557434400000034],[98.72654250000005,12.557359100000042],[98.72662300000007,12.55705960000006],[98.72699940000007,12.556267000000048],[98.72723440000004,12.555969000000061],[98.72728210000008,12.555603200000064],[98.72710700000005,12.555291500000067],[98.72683330000007,12.555052000000046],[98.72627590000008,12.554981100000077],[98.72573810000006,12.555069600000024],[98.72559480000007,12.555212200000028],[98.72537120000004,12.555670700000064],[98.72520620000006,12.555852600000037],[98.72495120000008,12.55599170000005],[98.72442930000005,12.55589290000006],[98.72373490000007,12.555673700000057],[98.72340520000006,12.555400000000077],[98.72317060000006,12.554810000000032],[98.72315190000006,12.554394700000046],[98.72293610000008,12.553510200000062],[98.72241350000007,12.553179900000032],[98.72210030000008,12.552640600000075],[98.72231490000007,12.551217300000076],[98.72221990000008,12.550958700000024],[98.72177920000007,12.550759800000037],[98.72079480000008,12.550973200000044],[98.72032800000005,12.551222600000074],[98.72000050000008,12.551198900000031],[98.71972220000004,12.551091000000042],[98.71944730000007,12.550873100000047],[98.71916190000007,12.550481500000046],[98.71892590000004,12.550059800000042],[98.71890000000008,12.549864300000024],[98.71897260000009,12.549620700000048],[98.71892210000004,12.549473400000068],[98.71855110000007,12.549326000000065],[98.71766830000007,12.548889600000052],[98.71736480000004,12.548904200000038],[98.71694730000007,12.548776800000041],[98.71639420000008,12.548168300000043],[98.71635010000006,12.547882300000026],[98.71647840000009,12.547596300000066],[98.71695020000004,12.547274100000038],[98.71784110000004,12.546988000000056],[98.71791090000005,12.54685150000006],[98.71785950000003,12.546717100000023],[98.71721650000006,12.546546600000056],[98.71705900000006,12.54639050000003],[98.71709860000004,12.546114100000068],[98.71735040000004,12.545771800000068],[98.71733680000006,12.545410400000037],[98.71724920000008,12.545217300000047],[98.71654250000006,12.545185700000047],[98.71641100000005,12.545037600000057],[98.71645620000004,12.544656800000041],[98.71639050000005,12.54432410000004],[98.71649980000007,12.544020300000057],[98.71696120000007,12.543537600000036],[98.71727820000007,12.543350300000043],[98.71752120000008,12.542958600000077],[98.71759430000009,12.542579400000022],[98.71719950000005,12.540831900000057],[98.71670610000007,12.540010800000061],[98.71648460000006,12.539804200000049],[98.71605340000008,12.539646700000048],[98.71569610000006,12.539597600000036],[98.71502180000005,12.539547800000037],[98.71466790000005,12.539359800000057],[98.71327260000004,12.53826680000003],[98.71150360000007,12.537157600000057],[98.71097290000006,12.536989000000062],[98.71039290000004,12.537121100000036],[98.70964050000003,12.536989800000072],[98.70930810000004,12.536626200000057],[98.70935150000008,12.536330100000043],[98.70963190000003,12.536085900000046],[98.71028210000009,12.536028000000044],[98.71074840000006,12.535778700000037],[98.71122690000004,12.535781900000075],[98.71130090000008,12.535591100000033],[98.71087620000009,12.535140200000058],[98.71049230000006,12.534474000000046],[98.71016960000009,12.533934700000032],[98.70969910000008,12.533407500000067],[98.70943210000007,12.533266100000048],[98.70905040000008,12.533053800000062],[98.70876730000003,12.532985800000063],[98.70832380000007,12.533176900000058],[98.70811920000006,12.533162600000026],[98.70793930000008,12.533088100000043],[98.70754320000003,12.532546900000057],[98.70609300000007,12.531636800000058],[98.70507550000008,12.52988810000005],[98.70498970000006,12.52979810000005],[98.70466720000007,12.529459900000063],[98.70418810000007,12.528328600000066],[98.70365320000008,12.527065600000071],[98.70359640000004,12.526931500000046],[98.70356130000005,12.52684860000005],[98.70340600000009,12.526158700000053],[98.70308300000005,12.52524260000007],[98.70285760000007,12.524531800000034],[98.70262510000003,12.524082300000032],[98.70194920000006,12.52289010000004],[98.70142200000004,12.521992700000055],[98.70118310000004,12.521566000000064],[98.70112910000006,12.521029300000066],[98.70107050000007,12.520483800000022],[98.70120120000007,12.519564400000036],[98.70123720000004,12.519216800000038],[98.70113360000005,12.518803300000059],[98.70106150000004,12.518464600000073],[98.70107050000007,12.518037900000024],[98.70096230000007,12.517334000000062],[98.70094980000005,12.516998800000067],[98.70092130000006,12.51674360000004],[98.70089510000008,12.516608400000052],[98.70080910000007,12.51639700000004],[98.70035850000005,12.515970200000027],[98.70020530000005,12.51564030000003],[98.70006110000008,12.515244400000029],[98.69992270000006,12.514997700000038],[98.69964010000007,12.514860700000042],[98.69941860000006,12.514740700000061],[98.69932200000005,12.514496500000064],[98.69915980000007,12.514218400000061],[98.69902200000007,12.514120400000024],[98.69872000000004,12.514087800000027],[98.69843480000009,12.51392670000007],[98.69831930000004,12.513820600000031],[98.69819090000004,12.513625400000024],[98.69794350000006,12.513235300000076],[98.69785750000005,12.513057900000035],[98.69778540000004,12.512890800000037],[98.69751140000005,12.512538100000029],[98.69720860000007,12.512248500000055],[98.69701310000005,12.51203090000007],[98.69699430000009,12.511916900000074],[98.69703730000003,12.511703000000068],[98.69718600000004,12.511483000000055],[98.69734380000006,12.511192600000072],[98.69747440000003,12.511095900000043],[98.69791480000004,12.510956700000065],[98.69846580000006,12.510739500000057],[98.69861450000008,12.510761500000058],[98.69880830000005,12.51085390000003],[98.69919580000004,12.51114860000007],[98.69944820000006,12.511307000000045],[98.69968820000008,12.511409300000025],[98.70026380000007,12.511654600000043],[98.70072800000008,12.511764600000049],[98.70103440000008,12.511782100000062],[98.70121020000005,12.511729400000036],[98.70197170000006,12.511175000000037],[98.70210690000005,12.511025500000073],[98.70219250000008,12.51081430000005],[98.70219700000007,12.510422800000072],[98.70202890000007,12.509532400000069],[98.70197940000008,12.509307000000035],[98.70187179200008,12.508149982000077],[98.70031089700007,12.500117122000063],[98.70026010000004,12.499933800000065],[98.70015950000004,12.499679900000046],[98.70006200000006,12.499455900000044],[98.69993290000008,12.499234600000023],[98.69962020000008,12.498780500000066],[98.69956220000006,12.498608000000047],[98.69953350000009,12.498393400000054],[98.69945790000008,12.497277200000042],[98.69909080000008,12.496005900000057],[98.69929740000003,12.493717600000025],[98.69920810000008,12.493422400000043],[98.69785140000005,12.49126670000004],[98.69738460000008,12.490456400000028],[98.69703310000006,12.489233300000024],[98.69694750000008,12.488749400000074],[98.69687080000006,12.487896800000044],[98.69676470000007,12.487446300000045],[98.69632710000008,12.486015000000066],[98.69613330000004,12.485825800000043],[98.69487600000008,12.48480950000004],[98.69474340000005,12.48464690000003],[98.69425890000008,12.483734500000025],[98.69400740000003,12.483358400000043],[98.69334520000007,12.482527100000027],[98.69279150000006,12.481844500000022],[98.69232310000007,12.481218300000023],[98.69178730000004,12.480483800000059],[98.69115790000006,12.479672900000025],[98.69082800000007,12.479375600000026],[98.69052350000004,12.479166100000043],[98.69004590000009,12.478985900000055],[98.68887320000005,12.478592800000058],[98.68884320000006,12.478461300000049],[98.68920370000006,12.478016400000058],[98.68934220000006,12.477013900000031],[98.68936520000005,12.476462000000026],[98.68963630000007,12.475231400000041],[98.68985840000005,12.474662600000045],[98.68978630000004,12.474113500000044],[98.68977770000004,12.473901100000035],[98.68974300000008,12.473037800000043],[98.68977480000007,12.471694600000035],[98.68983250000008,12.471435500000041],[98.69012480000004,12.470931500000063],[98.69026780000007,12.470684900000037],[98.69113890000006,12.469182700000033],[98.69143600000007,12.468751800000064],[98.69178210000007,12.468335100000047],[98.69270210000008,12.467397300000073],[98.69393360000004,12.466037200000073],[98.69422500000007,12.465625400000022],[98.69431330000003,12.465500500000076],[98.69433540000006,12.465469300000052],[98.69475840000007,12.464871300000027],[98.69509050000005,12.464184200000034],[98.69524290000004,12.463868800000057],[98.69554280000006,12.463530900000023],[98.69571590000004,12.463454900000045],[98.69582260000004,12.463356300000044],[98.69603020000005,12.462959200000057],[98.69601870000008,12.462531200000058],[98.69625230000008,12.461568100000022],[98.69650900000005,12.45994040000005],[98.69665030000004,12.459495400000037],[98.69687820000007,12.458228200000065],[98.69673110000008,12.457434000000035],[98.69660990000006,12.457242500000064],[98.69625370000006,12.456844800000056],[98.69612830000005,12.456704700000046],[98.69564090000006,12.455888000000073],[98.69555730000008,12.45566830000007],[98.69554280000006,12.455462700000055],[98.69559220000008,12.455136500000037],[98.69565310000007,12.454980900000066],[98.69585300000006,12.454470300000025],[98.69638100000009,12.453226400000062],[98.69642540000007,12.452910300000042],[98.69613700000008,12.451911500000051],[98.69572170000004,12.450204900000074],[98.69561490000007,12.449940200000071],[98.69530920000005,12.449433300000067],[98.69522560000007,12.449199500000077],[98.69529190000009,12.447774500000037],[98.69527360000006,12.447413100000063],[98.69523190000007,12.447106900000051],[98.69531210000008,12.446890200000041],[98.69540440000009,12.446011500000054],[98.69534100000004,12.445794700000022],[98.69501220000006,12.445242700000051],[98.69496370000007,12.444702800000073],[98.69489110000006,12.44413030000004],[98.69434890000008,12.442530600000055],[98.69397100000003,12.441004200000066],[98.69396240000003,12.440784500000063],[98.69401140000008,12.440604300000075],[98.69435120000009,12.440090000000055],[98.69442550000008,12.439912400000026],[98.69444690000006,12.439058100000068],[98.69449310000005,12.438861000000031],[98.69470070000006,12.438579300000072],[98.69523430000004,12.438058300000023],[98.69541580000003,12.437555300000042],[98.69558320000004,12.437210600000071],[98.69579380000005,12.43690920000006],[98.69633310000006,12.436354400000027],[98.69776360000009,12.435087000000067],[98.69798850000006,12.434833600000047],[98.69810100000007,12.434647700000028],[98.69829580000004,12.434130800000048],[98.69832310000004,12.433850600000028],[98.69821920000004,12.433453500000041],[98.69773410000005,12.432666200000028],[98.69732520000008,12.432169300000055],[98.69711750000005,12.431820000000073],[98.69675200000006,12.430586400000038],[98.69665460000004,12.429826000000048],[98.69687820000007,12.429139500000076],[98.69688900000006,12.428988100000026],[98.69673400000005,12.428417800000034],[98.69641310000009,12.427565800000025],[98.69629770000006,12.427034200000037],[98.69630860000007,12.426664500000072],[98.69640230000005,12.426298400000064],[98.69686010000004,12.425161200000048],[98.69687450000004,12.424851400000023],[98.69666910000007,12.423362200000042],[98.69660420000008,12.423147400000062],[98.69644550000004,12.422879900000055],[98.69570290000007,12.421767300000056],[98.69529190000009,12.420932900000025],[98.69527220000003,12.42077850000004],[98.69531190000004,12.420546500000057],[98.69607420000006,12.419177800000057],[98.69620690000005,12.418736700000068],[98.69638400000008,12.414564700000028],[98.69640810000004,12.41446220000006],[98.69649260000006,12.414361900000074],[98.69751480000008,12.413669600000048],[98.69802550000009,12.413398500000028],[98.69940310000004,12.412716300000056],[98.69976810000009,12.412717100000066],[98.70056070000004,12.41294270000003],[98.70092630000005,12.412815400000056],[98.70120710000003,12.412783900000022],[98.70233180000008,12.412838900000054],[98.70261020000004,12.412796800000024],[98.70322190000007,12.412687000000062],[98.70403740000006,12.412755400000037],[98.70487290000005,12.41310500000003],[98.70519480000007,12.41310500000003],[98.70552900000007,12.412779500000056],[98.70563730000003,12.412480600000038],[98.70580580000006,12.412289900000076],[98.70624380000004,12.41193620000007],[98.70688510000008,12.411694400000044],[98.70735100000007,12.411178500000062],[98.70816640000004,12.40993160000005],[98.70956110000009,12.40740640000007],[98.71114040000003,12.402878300000054],[98.71229380000005,12.401005500000053],[98.71311100000008,12.399620500000026],[98.71319970000008,12.399339500000053],[98.71333440000006,12.397584100000074],[98.71347080000004,12.397337500000049],[98.71376880000008,12.397189500000025],[98.71459650000008,12.39728260000004],[98.71659670000008,12.39804730000003],[98.71740990000006,12.397884500000032],[98.71842970000006,12.397773500000028],[98.71888430000007,12.397926400000074],[98.71910440000005,12.398204700000065],[98.71921260000005,12.39846410000007],[98.71923780000009,12.398883500000068],[98.71936020000004,12.399127900000053],[98.71990810000005,12.399729500000035],[98.72019090000003,12.400163600000042],[98.72064230000007,12.401216700000077],[98.72093020000005,12.40124140000006],[98.72185640000004,12.401036000000033],[98.72223730000007,12.401033900000073],[98.72348180000006,12.403653500000075],[98.72413090000003,12.404032900000061],[98.72453860000007,12.404661600000054],[98.72480760000008,12.405229700000064],[98.72506510000005,12.405402600000059],[98.72640620000004,12.405449700000077],[98.73013450000008,12.406591900000024],[98.73185570000004,12.407176400000026],[98.73272520000006,12.407232600000043],[98.73295450000006,12.407213300000024],[98.73413130000006,12.406645000000026],[98.73526740000005,12.405814200000066],[98.73532770000008,12.405729800000074],[98.73576100000008,12.405122600000027],[98.73642610000007,12.40470350000004],[98.73678560000008,12.404638500000033],[98.73749900000007,12.404829200000052],[98.73801400000008,12.404871100000037],[98.73901070000005,12.404602200000056],[98.73946240000004,12.404454400000077],[98.74279910000007,12.40336220000006],[98.74423710000008,12.402805100000023],[98.74469260000006,12.402453800000046],[98.74541150000005,12.40074050000004],[98.74632880000007,12.400024500000029],[98.74694020000004,12.39932790000006],[98.74719790000006,12.399146500000029],[98.74876160000008,12.39904770000004],[98.75002560000007,12.398857200000066],[98.75019210000005,12.398426500000028],[98.75030160000006,12.39777730000003],[98.75046030000004,12.397064300000068],[98.75063200000005,12.396687000000043],[98.75086670000007,12.396565800000076],[98.75150320000006,12.396237000000042],[98.75163220000007,12.396120900000028],[98.75205040000009,12.395744500000035],[98.75296230000004,12.394675600000028],[98.75335930000006,12.393952600000034],[98.75447290000005,12.383764900000074],[98.75511670000009,12.381543300000033],[98.75601790000007,12.380746900000076],[98.76121960000006,12.376620900000034],[98.76241230000005,12.37567480000007],[98.76557510000004,12.372147100000063],[98.76607250000006,12.371592300000032],[98.76722090000004,12.370311400000048],[98.76874460000005,12.368757000000073],[98.76956750000005,12.368063200000051],[98.77914920000006,12.359956100000034],[98.78221770000005,12.357252200000062],[98.78386990000007,12.355680200000052],[98.78424940000008,12.355491500000028],[98.78474770000008,12.355135000000075],[98.78550070000006,12.354925600000058],[98.78909610000005,12.35483940000006],[98.79204530000004,12.354485400000044],[98.79453440000003,12.354443500000059],[98.79512160000007,12.354467800000066],[98.79570650000005,12.35455090000005],[98.79633150000006,12.35489240000004],[98.79731830000009,12.355458200000044],[98.79782260000007,12.355741200000068],[98.79828780000008,12.356032600000049],[98.79865650000005,12.356184300000052],[98.79968940000003,12.356068700000037],[98.80089660000004,12.355832200000066],[98.80120970000007,12.355662100000075],[98.80333860000007,12.353635100000076],[98.80466950000005,12.352348800000073],[98.80684210000004,12.350249000000076],[98.81157820000004,12.345751900000039],[98.81194120000004,12.345403400000066],[98.81287360000005,12.344538800000066],[98.81373150000007,12.343678600000032],[98.81790180000007,12.339497000000051],[98.81800870000006,12.339275100000066],[98.81824510000007,12.338784300000043],[98.81837100000007,12.338647200000025],[98.81855340000004,12.338618300000064],[98.81860700000004,12.338618100000076],[98.81878940000007,12.338617300000067],[98.81893180000009,12.338616600000023],[98.81924330000004,12.338448300000039],[98.82157390000003,12.33583230000005],[98.82437620000007,12.332580300000075],[98.82591410000003,12.330797500000074],[98.82876290000007,12.327521700000034],[98.82970430000006,12.326383900000053],[98.83037370000005,12.325575100000037],[98.83180640000006,12.32314610000003],[98.83253040000005,12.322141700000032],[98.83338030000004,12.321188200000051],[98.83475610000005,12.31938260000004],[98.83513890000006,12.318853700000034],[98.83575460000009,12.318114900000069],[98.83691540000007,12.318326600000034],[98.83991950000006,12.316943000000038],[98.84056460000005,12.316692200000034],[98.84240550000004,12.315976400000068],[98.84283560000006,12.315683100000058],[98.84636000000006,12.313416400000051],[98.84659010000007,12.313156100000072],[98.84666410000005,12.313072300000044],[98.84684800000008,12.312857400000041],[98.84728750000005,12.312662100000068],[98.84901760000008,12.311806900000022],[98.84982010000004,12.310704100000066],[98.85018110000004,12.310491600000034],[98.85154740000007,12.30968740000003],[98.85275120000006,12.308473500000048],[98.85309440000003,12.308216600000037],[98.85513210000005,12.306615900000054],[98.85692210000008,12.304467400000021],[98.85853150000008,12.302126800000053],[98.85909420000007,12.301314900000023],[98.86000350000006,12.30044330000004],[98.86168980000008,12.298905700000034],[98.86202530000008,12.298582100000033],[98.86390920000008,12.297735300000056],[98.86482370000004,12.297130800000048],[98.86753940000006,12.293217600000048],[98.86923640000003,12.290982800000052],[98.87083420000005,12.288955300000055],[98.87140290000008,12.287943100000064],[98.87195050000008,12.286905500000046],[98.87233710000004,12.286050300000056],[98.87243860000007,12.285825700000032],[98.87263500000006,12.285395400000027],[98.87296760000004,12.284058800000025],[98.87331090000004,12.281972600000074],[98.87384950000006,12.278723300000024],[98.87401360000007,12.277443800000071],[98.87432480000007,12.275761200000034],[98.87475390000009,12.27309310000004],[98.87484190000004,12.272522300000048],[98.87492560000004,12.272212500000023],[98.87554460000007,12.27078720000003],[98.87685140000008,12.267458100000056],[98.87780300000009,12.265063100000077],[98.87810670000005,12.26438630000007],[98.87812810000008,12.264040400000056],[98.87818710000005,12.26216370000003],[98.87822680000005,12.25998880000003],[98.87843930000008,12.257414400000073],[98.87868820000006,12.254594600000075],[98.87880620000004,12.252413900000022],[98.87902080000003,12.249960500000043],[98.87905830000005,12.249452000000076],[98.87905300000006,12.249153200000023],[98.87894350000005,12.248827600000027],[98.87892210000007,12.248539300000061],[98.87907230000008,12.247915500000033],[98.87920320000006,12.247433700000045],[98.87931900000007,12.246641600000032],[98.87940490000005,12.245933900000068],[98.87939630000005,12.245682800000054],[98.87940160000005,12.245399700000064],[98.87943920000004,12.245127100000047],[98.87957330000006,12.244828300000052],[98.87967840000005,12.24461800000006],[98.87987370000008,12.243701100000067],[98.88022240000004,12.241950200000076],[98.88049380000007,12.240329700000075],[98.88073740000004,12.239313200000026],[98.88100560000004,12.238490200000058],[98.88135970000008,12.237913500000047],[98.88166010000003,12.237331600000061],[98.88210320000007,12.236623300000076],[98.88249690000004,12.23618870000007],[98.88289710000004,12.235658700000045],[98.88326940000007,12.235313200000064],[98.88356230000005,12.234919500000046],[98.88399360000005,12.234427200000027],[98.88430260000007,12.234106900000029],[98.88462660000005,12.23375610000005],[98.88499670000004,12.233394400000066],[98.88531320000004,12.233069300000068],[98.88556540000008,12.232744300000036],[98.88573170000006,12.232403500000032],[98.88587110000003,12.232083700000032],[98.88606960000004,12.231732500000021],[98.88646120000004,12.23122920000003],[98.88675950000004,12.230809200000067],[98.88716930000004,12.22977700000007],[98.88736030000007,12.229215500000066],[98.88761990000006,12.228712700000074],[98.88789350000008,12.22823040000003],[98.88809520000007,12.22785760000005],[98.88821000000007,12.22741250000007],[98.88835810000006,12.227197000000047],[98.88863170000008,12.226976800000045],[98.88910910000004,12.226625600000034],[98.88957260000006,12.226253900000074],[98.89009290000007,12.226038900000049],[98.89071840000008,12.225671400000067],[98.89148550000004,12.22530960000006],[98.89264640000005,12.22463380000005],[98.89317210000007,12.224308800000074],[98.89377290000004,12.224051900000063],[98.89435760000003,12.223831700000062],[98.89494020000006,12.223794500000054],[98.89521380000008,12.22374730000007],[98.89608500000008,12.223475200000053],[98.89742390000004,12.223181100000033],[98.89823610000008,12.223123900000076],[98.89926930000007,12.223023800000021],[98.89975420000007,12.222982400000035],[98.90021340000004,12.222798300000022],[98.90072520000007,12.222589200000073],[98.90138820000004,12.222536200000036],[98.90203730000007,12.222420900000031],[98.90291710000008,12.22266200000007],[98.90348040000003,12.222766900000067],[98.90373790000007,12.222751200000062],[98.90407580000004,12.222735400000033],[98.90435150000008,12.222772700000064],[98.90471100000008,12.222872300000063],[98.90522060000006,12.223113400000045],[98.90578710000005,12.223375100000055],[98.90610890000005,12.22347990000003],[98.90637390000006,12.223616700000036],[98.90655950000007,12.223726300000067],[98.90672580000006,12.223763000000076],[98.90697470000003,12.223774000000049],[98.90723220000007,12.223842200000036],[98.90741460000004,12.223989000000074],[98.90764320000005,12.224219100000028],[98.90792210000006,12.224407900000074],[98.90819030000006,12.224607100000071],[98.90832980000005,12.224701500000037],[98.90851430000004,12.224754400000052],[98.90877500000005,12.224701500000037],[98.90910440000005,12.224481800000035],[98.90942950000004,12.224234900000056],[98.90965160000007,12.22412010000005],[98.91003250000006,12.224062400000037],[98.91046700000004,12.224051900000063],[98.91117830000007,12.223957000000041],[98.91154520000003,12.223852700000066],[98.91188100000005,12.223705400000028],[98.91199010000008,12.223626800000034],[98.91215680000005,12.223506600000064],[98.91234770000005,12.22317060000006],[98.91247330000004,12.222840800000029],[98.91261060000005,12.222504700000059],[98.91274690000006,12.22226930000005],[98.91277690000004,12.222101000000066],[98.91264820000004,12.222011900000041],[98.91248940000008,12.221844700000077],[98.91226940000007,12.221629700000051],[98.91209780000008,12.22140950000005],[98.91195290000007,12.221236500000032],[98.91183810000007,12.221204500000056],[98.91170940000006,12.221204500000056],[98.91155380000004,12.22126220000007],[98.91140360000009,12.221251700000039],[98.91122340000004,12.221215500000028],[98.91113000000007,12.221110200000055],[98.91103560000005,12.220885200000055],[98.91099810000009,12.220565400000055],[98.91099810000009,12.220245600000055],[98.91099810000009,12.219815700000026],[98.91097450000007,12.219558300000074],[98.91097450000007,12.219369500000028],[98.91098730000004,12.219102700000064],[98.91102810000007,12.218824300000051],[98.91103020000008,12.218615100000022],[98.91097450000007,12.218336700000066],[98.91092620000006,12.218053600000076],[98.91086180000008,12.217906800000037],[98.91086400000006,12.217760500000054],[98.91096910000005,12.217434900000057],[98.91102490000009,12.217257200000063],[98.91118580000006,12.216984500000024],[98.91124480000008,12.216863900000021],[98.91111390000003,12.216617000000042],[98.91107320000003,12.216460200000029],[98.91107220000004,12.21640560000003],[98.91107100000005,12.216344400000025],[98.91110000000003,12.216203300000075],[98.91120510000007,12.21598780000005],[98.91146800000007,12.21548450000006],[98.91160750000006,12.215049300000032],[98.91183280000007,12.214698100000021],[98.91198510000004,12.21442600000006],[98.91214070000007,12.214331600000037],[98.91234770000005,12.214200000000062],[98.91251080000006,12.21398030000006],[98.91263210000005,12.213780500000041],[98.91268790000004,12.21347170000007],[98.91263960000003,12.213110000000029],[98.91256450000009,12.21260140000004],[98.91270180000004,12.211641400000076],[98.91280590000008,12.211322100000075],[98.91282730000006,12.211091400000043],[98.91297540000005,12.210828700000036],[98.91302900000005,12.21050370000006],[98.91315240000006,12.210288700000035],[98.91328120000009,12.210073700000066],[98.91330260000007,12.209743400000036],[98.91315780000008,12.209177200000056],[98.91302580000007,12.208569500000067],[98.91295610000009,12.20814480000007],[98.91296680000005,12.207589000000041],[98.91296470000003,12.207179500000052],[98.91291100000007,12.206959300000051],[98.91290240000006,12.206671500000027],[98.91295610000009,12.206425000000024],[98.91311490000004,12.20616240000004],[98.91353540000006,12.20561760000004],[98.91391950000008,12.205155700000034],[98.91419850000005,12.204966900000045],[98.91453640000003,12.204657600000075],[98.91467050000006,12.20446880000003],[98.91487120000005,12.204201900000044],[98.91494410000007,12.204038900000057],[98.91494410000007,12.203666600000076],[98.91488510000005,12.203084600000068],[98.91484970000005,12.20273910000003],[98.91484760000009,12.202497400000027],[98.91490870000007,12.202298700000028],[98.91504280000004,12.202026000000046],[98.91513940000004,12.201737600000058],[98.91515010000006,12.201501700000051],[98.91500530000008,12.201302500000054],[98.91498700000005,12.201170800000057],[98.91502460000004,12.200903400000072],[98.91513720000006,12.200567900000067],[98.91529280000003,12.200321400000064],[98.91548270000004,12.20010700000006],[98.91578100000004,12.199802400000067],[98.91597090000005,12.19955120000003],[98.91621550000008,12.199314700000059],[98.91652880000004,12.199037400000066],[98.91718110000005,12.198397200000045],[98.91763170000007,12.197904300000062],[98.91805550000004,12.197406200000046],[98.91821320000008,12.197212700000023],[98.91837200000003,12.197065400000042],[98.91859410000006,12.19694000000004],[98.91905540000005,12.196756500000049],[98.91936120000008,12.196625400000073],[98.91947920000007,12.196473400000059],[98.91955750000005,12.196268400000065],[98.91972380000004,12.195959000000073],[98.91986330000003,12.19551860000007],[98.91992230000005,12.195130600000027],[98.92007250000006,12.194857900000045],[98.92036430000007,12.194470400000057],[98.92057140000009,12.194228700000053],[98.92061970000003,12.193966500000045],[98.92065720000005,12.193594200000064],[98.92085790000004,12.193327400000044],[98.92122260000008,12.19286070000004],[98.92151550000005,12.19248790000006],[98.92181270000003,12.192215800000042],[98.92209170000007,12.191953600000033],[98.92237380000006,12.191654200000073],[98.92265490000005,12.19143450000007],[98.92289630000005,12.191256200000055],[98.92336090000003,12.191014500000051],[98.92362590000005,12.190784300000075],[98.92392420000004,12.190474400000028],[98.92414410000003,12.19019650000007],[98.92421920000004,12.189745600000037],[98.92435330000006,12.18901150000005],[98.92447880000003,12.18826740000003],[98.92447670000007,12.188051900000062],[98.92447130000005,12.18786840000007],[98.92454110000006,12.187742600000036],[98.92466120000006,12.187627700000064],[98.92505280000006,12.187171500000034],[98.92519770000007,12.18684120000006],[98.92520090000005,12.186625700000036],[98.92513870000005,12.186212000000069],[98.92507210000008,12.185729000000038],[98.92502390000004,12.185535000000073],[98.92499920000006,12.18531530000007],[98.92499700000008,12.18505790000006],[98.92510650000008,12.184770000000071],[98.92531030000004,12.184235100000024],[98.92572120000005,12.182834600000035],[98.92606130000007,12.181686800000023],[98.92622550000004,12.181224800000052],[98.92623300000008,12.180889700000023],[98.92624910000006,12.180543600000021],[98.92625450000008,12.180344400000024],[98.92636500000003,12.180128900000057],[98.92644220000005,12.17996160000007],[98.92638110000007,12.17979850000006],[98.92628670000005,12.17966800000005],[98.92610210000004,12.179373800000064],[98.92608820000004,12.179164600000036],[98.92610210000004,12.17890710000006],[98.92632420000007,12.178456700000027],[98.92652050000004,12.178104800000028],[98.92671900000005,12.177952700000048],[98.92707840000008,12.17757000000006],[98.92739710000006,12.177229600000032],[98.92800650000004,12.176825300000075],[98.92817280000008,12.176641800000027],[98.92873070000007,12.176038800000072],[98.92942480000005,12.175216000000034],[98.92974990000005,12.174822200000051],[98.92996130000006,12.174660200000062],[98.93011470000005,12.174418500000058],[98.93016830000005,12.174114300000042],[98.93050090000008,12.173631900000032],[98.93082500000008,12.173275800000056],[98.93132920000005,12.172950700000058],[98.93190320000008,12.172667600000068],[98.93223900000004,12.172389100000032],[98.93254160000004,12.172164200000054],[98.93300830000004,12.171996400000069],[98.93349640000008,12.171802300000024],[98.93381830000004,12.171487700000057],[98.93419920000008,12.170889900000077],[98.93440300000003,12.170638200000042],[98.93473880000005,12.170186700000045],[98.93500380000006,12.169814900000063],[98.93518410000007,12.169541700000025],[98.93527210000008,12.16924860000006],[98.93533110000004,12.169107000000054],[98.93546840000005,12.16893870000007],[98.93569910000008,12.168755100000055],[98.93602310000006,12.168598300000042],[98.93642000000006,12.16844100000003],[98.93660780000005,12.168362400000035],[98.93668830000007,12.16826270000007],[98.93680630000006,12.168079200000022],[98.93693500000006,12.167927100000043],[98.93710990000005,12.167847900000027],[98.93738030000009,12.167848500000048],[98.93772140000004,12.167706300000077],[98.93791990000005,12.167559500000038],[98.93825470000007,12.167418500000053],[98.93867630000005,12.167260600000077],[98.93883400000004,12.167098600000031],[98.93891770000005,12.166442600000039],[98.93896720000004,12.166174500000068],[98.93903570000003,12.165802800000051],[98.93905400000006,12.165389100000027],[98.93904050000003,12.16501610000006],[98.93918060000004,12.164664900000048],[98.93952930000006,12.163917600000048],[98.94009250000005,12.163212300000055],[98.94048630000003,12.16267270000003],[98.94086180000005,12.162258400000042],[98.94143360000004,12.161712500000021],[98.94170720000005,12.16134020000004],[98.94191640000008,12.161161900000025],[98.94246900000007,12.16060600000003],[98.94282840000005,12.160202200000072],[98.94315020000005,12.159593900000061],[98.94380680000006,12.158419800000047],[98.94409970000004,12.158057400000075],[98.94434330000007,12.157821900000044],[98.94531470000004,12.156892500000026],[98.94543550000009,12.15673060000006],[98.94561470000008,12.15655810000004],[98.94592580000005,12.156180500000062],[98.94614090000005,12.15597660000003],[98.94619190000009,12.155928300000028],[98.94632550000006,12.155827400000021],[98.94639250000006,12.155776700000047],[98.94655880000005,12.155719000000033],[98.94671760000006,12.155723800000032],[98.94696110000007,12.155787200000077],[98.94723470000008,12.15586060000004],[98.94744390000005,12.155934000000059],[98.94774750000005,12.156101300000046],[98.94797820000008,12.156337300000075],[98.94816060000005,12.156641500000035],[98.94843420000007,12.157349400000044],[98.94857580000007,12.157874400000026],[98.94879360000004,12.158267200000068],[98.94891910000007,12.15837780000004],[98.94905110000008,12.158356300000037],[98.94918520000004,12.158298600000023],[98.94938910000008,12.158125600000062],[98.94961110000008,12.158047400000044],[98.94981820000004,12.157984000000056],[98.95003280000009,12.158004900000037],[98.95027100000004,12.158147100000065],[98.95044260000009,12.158335800000032],[98.95061430000004,12.158472200000062],[98.95103590000008,12.158634200000051],[98.95156920000005,12.158839300000068],[98.95184060000008,12.159017100000028],[98.95202510000007,12.159237800000028],[98.95223970000006,12.159610200000031],[98.95238990000007,12.159993000000043],[98.95253800000006,12.160254700000053],[98.95326430000006,12.160485900000026],[98.95384690000009,12.16065320000007],[98.95407430000006,12.160921200000075],[98.95421380000005,12.161110000000065],[98.95441230000006,12.161204400000031],[98.95460540000005,12.161199100000033],[98.95486610000006,12.161072700000034],[98.95518480000004,12.160910700000045],[98.95542620000003,12.160559300000045],[98.95564610000008,12.160323400000038],[98.95594650000004,12.159914300000025],[98.95609670000005,12.159814700000027],[98.95637030000006,12.159678300000053],[98.95675980000004,12.159489000000065],[98.95702480000006,12.159316500000045],[98.95735520000005,12.158954100000074],[98.95774900000004,12.158404000000075],[98.95809770000005,12.157863900000052],[98.95825110000004,12.15758020000004],[98.95846780000005,12.157171700000049],[98.95855360000007,12.156652500000064],[98.95860730000004,12.156143800000052],[98.95856440000006,12.15587110000007],[98.95854830000007,12.155504000000064],[98.95855900000004,12.155331000000047],[98.95909010000008,12.154434200000026],[98.95940980000006,12.153898800000036],[98.96006420000003,12.153017800000043],[98.96033780000005,12.15261920000006],[98.96039900000005,12.152336500000047],[98.96046660000007,12.151832600000034],[98.96037220000005,12.151408300000071],[98.96028630000006,12.150967800000046],[98.96020370000008,12.150484800000072],[98.96009860000004,12.149976600000059],[98.96009640000005,12.149651000000063],[98.96028100000007,12.149211000000037],[98.96050630000008,12.148801900000024],[98.96058140000008,12.148277500000063],[98.96086350000007,12.146892500000035],[98.96109420000005,12.145890800000075],[98.96121440000007,12.145471800000053],[98.96130020000004,12.144973600000071],[98.96151800000007,12.144396200000074],[98.96154700000005,12.144129200000066],[98.96149330000009,12.143872300000055],[98.96115320000007,12.142980200000068],[98.96080130000007,12.141947600000037],[98.96050950000006,12.141197100000056],[98.96013400000004,12.140420900000038],[98.95970480000005,12.139676200000054],[98.95954600000005,12.139335800000026],[98.95951710000008,12.138847600000076],[98.95956000000007,12.138249700000074],[98.95969950000006,12.137557400000048],[98.95978740000004,12.137127900000053],[98.95980680000008,12.136534700000027],[98.95979650000004,12.136167900000032],[98.95979280000006,12.136037000000044],[98.95971770000006,12.135790500000041],[98.95954070000005,12.135376200000053],[98.95947630000006,12.135061600000029],[98.95943880000004,12.134699700000056],[98.95944410000004,12.132759200000066],[98.95945270000004,12.131783400000074],[98.95943340000008,12.131521500000076],[98.95953530000008,12.131112400000063],[98.95969410000004,12.130739800000072],[98.95994300000007,12.129916600000058],[98.96017150000006,12.129281700000035],[98.96079060000005,12.127677100000028],[98.96114010000008,12.126809000000037],[98.96131420000006,12.126376400000026],[98.96138960000008,12.126110800000049],[98.96147510000009,12.125810000000058],[98.96143430000006,12.125621200000069],[98.96133780000008,12.125369500000033],[98.96108890000005,12.124855500000024],[98.96087430000006,12.124729600000023],[98.96053310000008,12.124498800000026],[98.96031640000007,12.124110700000074],[98.96002880000003,12.123932400000058],[98.95973920000006,12.123649200000045],[98.95952460000007,12.123124700000062],[98.95931000000007,12.12221210000007],[98.95911690000008,12.12156170000003],[98.95904180000008,12.12118410000005],[98.95917910000009,12.120942900000045],[98.95943660000006,12.120712100000048],[98.96017900000004,12.119977800000072],[98.96062750000004,12.11950580000007],[98.96093860000008,12.11905470000005],[98.96169180000004,12.11822600000005],[98.96226040000005,12.117460300000062],[98.96268310000005,12.116615700000068],[98.96284840000004,12.116285400000038],[98.96309510000003,12.115792400000032],[98.96325610000008,12.115488200000073],[98.96360080000005,12.115131500000075],[98.96381750000006,12.114752800000076],[98.96392130000004,12.114292300000045],[98.96379470000005,12.114082500000052],[98.96356720000006,12.11379930000004],[98.96341700000005,12.113369200000022],[98.96341700000005,12.113002100000074],[98.96353500000004,12.11265590000005],[98.96401780000008,12.11214190000004],[98.96460790000003,12.111606900000027],[98.96474740000008,12.111250200000029],[98.96501560000007,12.111103400000047],[98.96546620000004,12.111009000000024],[98.96613350000007,12.110988000000077],[98.96700260000006,12.110757200000023],[98.96778580000006,12.110626100000047],[98.96842650000008,12.110627300000033],[98.96874460000004,12.110666200000026],[98.96902630000005,12.110656100000028],[98.96934240000007,12.110597400000074],[98.96968650000008,12.110464200000024],[98.97050020000006,12.109928500000024],[98.97105470000008,12.109674400000074],[98.97172730000005,12.109321300000033],[98.97273410000008,12.108714600000042],[98.97294870000007,12.108609700000045],[98.97335830000009,12.108427000000063],[98.97357790000007,12.108262500000023],[98.97384060000007,12.108086900000046],[98.97420930000004,12.107954100000029],[98.97480000000007,12.107762100000059],[98.97506820000007,12.107604800000047],[98.97549900000007,12.107234900000037],[98.97581540000004,12.107016900000076],[98.97612210000005,12.106834200000037],[98.97637880000008,12.106608000000051],[98.97669620000005,12.106449700000042],[98.97699900000003,12.106291400000032],[98.97727430000003,12.106083700000056],[98.97741350000007,12.105985500000031],[98.97762800000004,12.105877500000076],[98.97773520000004,12.105763800000034],[98.97779430000008,12.105705800000067],[98.97799010000006,12.10558160000005],[98.97822630000007,12.10545680000007],[98.97840970000004,12.105346000000054],[98.97851140000006,12.105338700000061],[98.97872320000005,12.105406300000027],[98.97889130000004,12.105442200000027],[98.97920490000007,12.105500800000073],[98.97945410000005,12.105575200000033],[98.97956010000007,12.10563140000005],[98.97968550000007,12.105737600000054],[98.97995880000008,12.106010900000058],[98.98013690000005,12.106278100000054],[98.98026590000006,12.106392200000073],[98.98047000000008,12.106539100000077],[98.98073840000006,12.106681600000059],[98.98106200000007,12.106681000000037],[98.98139650000007,12.10653510000003],[98.98178580000007,12.106402500000058],[98.98203660000007,12.106146600000045],[98.98240850000008,12.105894500000034],[98.98271930000004,12.105579700000021],[98.98298780000005,12.105437300000062],[98.98326360000004,12.105385100000035],[98.98358030000009,12.105360500000074],[98.98391610000004,12.105186400000036],[98.98417900000004,12.105075200000044],[98.98439970000004,12.105048900000043],[98.98487290000008,12.105072000000064],[98.98513310000004,12.105075900000031],[98.98552880000005,12.105008400000031],[98.98565750000006,12.104887800000029],[98.98575890000006,12.104707400000052],[98.98590380000007,12.104397900000038],[98.98612960000008,12.104027600000052],[98.98647830000004,12.10364990000005],[98.98685380000006,12.103319500000055],[98.98711670000006,12.102931400000045],[98.98718640000004,12.102648100000067],[98.98721950000004,12.102568100000042],[98.98729910000009,12.102375400000028],[98.98763400000007,12.101981000000023],[98.98827540000008,12.101363000000049],[98.98908540000008,12.100681200000054],[98.98934770000005,12.100353900000073],[98.98937510000007,12.10018290000005],[98.98948770000004,12.09989440000004],[98.98975600000006,12.099464300000022],[98.99007800000004,12.098906000000056],[98.99061250000005,12.098231500000054],[98.99101540000004,12.098001200000056],[98.99138800000009,12.097803400000032],[98.99159060000005,12.097670400000027],[98.99169790000008,12.097560200000032],[98.99175630000008,12.097379800000056],[98.99180520000004,12.097172100000023],[98.99213890000004,12.096612700000037],[98.99221820000008,12.096479700000032],[98.99257750000004,12.09578380000005],[98.99288820000004,12.095182000000023],[98.99339790000005,12.094201100000078],[98.99412260000008,12.09290240000007],[98.99475040000004,12.092002900000068],[98.99506420000006,12.09153340000006],[98.99556560000008,12.09083570000007],[98.99589820000006,12.090599600000075],[98.99622540000007,12.090195700000038],[98.99651510000007,12.089881000000048],[98.99691750000005,12.089561100000026],[98.99751830000008,12.08910990000004],[98.99819420000006,12.088763700000072],[98.99874670000008,12.088527700000043],[98.99913340000006,12.08834040000005],[98.99964580000005,12.087960900000041],[98.99999280000009,12.087782700000048],[99.00035610000003,12.08768340000006],[99.00229370000005,12.08740830000005],[99.00317820000004,12.087184800000045],[99.00339520000006,12.08715120000005],[99.00360400000005,12.087176300000067],[99.00378010000009,12.087227300000052],[99.00385110000008,12.087239100000033],[99.00390770000007,12.08723290000006],[99.00403360000007,12.087163000000032],[99.00473880000004,12.086615900000027],[99.00686800000005,12.084697900000037],[99.00705300000004,12.084589600000072],[99.00738960000007,12.084634900000026],[99.00758210000004,12.084571900000071],[99.00796530000008,12.084441600000048],[99.00848450000007,12.084380200000055],[99.00879730000008,12.084334100000035],[99.00919080000006,12.084126100000049],[99.00940770000005,12.083957000000055],[99.00964810000005,12.083690700000034],[99.00998740000006,12.08319240000003],[99.01016360000006,12.082890300000031],[99.01026660000008,12.082781200000056],[99.01046270000006,12.082732100000044],[99.01067620000003,12.082730500000025],[99.01086710000004,12.082704100000058],[99.01099240000008,12.082508400000052],[99.01106910000004,12.082300900000064],[99.01117100000005,12.082127800000023],[99.01128370000004,12.081981000000042],[99.01143390000004,12.08189180000005],[99.01158140000007,12.081831700000066],[99.01183730000008,12.08175220000004],[99.01225060000007,12.081832900000052],[99.01248530000004,12.081837900000039],[99.01268940000006,12.081761200000074],[99.01279240000008,12.081669400000067],[99.01297050000005,12.08142520000007],[99.01342060000007,12.081112800000028],[99.01371050000006,12.080906900000059],[99.01387660000006,12.080746700000077],[99.01390800000007,12.08050540000005],[99.01384680000007,12.080257500000073],[99.01377280000008,12.079990800000076],[99.01375190000005,12.079640600000062],[99.01383910000004,12.07910570000007],[99.01409860000007,12.078397700000039],[99.01407570000003,12.078293400000064],[99.01403940000006,12.078232200000059],[99.01396910000005,12.07820920000006],[99.01389980000005,12.078208300000028],[99.01371950000004,12.078230100000042],[99.01353740000008,12.078265300000055],[99.01337550000005,12.078277800000023],[99.01326840000007,12.078290800000048],[99.01294540000004,12.078308800000059],[99.01264150000009,12.078302600000029],[99.01226030000004,12.07826140000003],[99.01183570000006,12.078208700000062],[99.01145300000007,12.078153600000064],[99.01095740000005,12.078233900000043],[99.01066740000005,12.078126100000077],[99.00992740000004,12.077709600000048],[99.00908650000008,12.077074800000048],[99.00860640000008,12.076511200000027],[99.00820950000008,12.075837900000067],[99.00786290000008,12.075189100000046],[99.00761180000006,12.074659300000064],[99.00755200000003,12.074331900000061],[99.00760890000004,12.07396250000005],[99.00772890000007,12.073653900000068],[99.00777800000009,12.073472700000025],[99.00782210000006,12.073298700000066],[99.00781540000008,12.073129700000038],[99.00777120000004,12.072929900000076],[99.00765120000005,12.072499500000049],[99.00762440000005,12.072116100000073],[99.00762870000005,12.071739800000046],[99.00766690000006,12.071242300000051],[99.00766220000008,12.070971900000075],[99.00764360000005,12.070417400000053],[99.00769340000005,12.070031000000029],[99.00779920000008,12.06961670000004],[99.00777940000006,12.069437900000025],[99.00766220000008,12.069297000000063],[99.00723610000006,12.06882100000007],[99.00697110000004,12.068509600000027],[99.00668090000005,12.068114300000047],[99.00646630000006,12.06784250000004],[99.00618490000005,12.067492900000047],[99.00580470000006,12.067057100000056],[99.00540370000004,12.066528100000028],[99.00489130000005,12.06603240000004],[99.00441150000006,12.065671800000075],[99.00408440000007,12.065409000000045],[99.00380410000008,12.065154500000062],[99.00337560000008,12.064702300000022],[99.00332060000005,12.064643700000033],[99.00205590000007,12.063297100000057],[99.00108770000008,12.06224700000007],[99.00065980000005,12.061734400000034],[99.00048170000008,12.061451900000066],[99.00047570000004,12.061165900000049],[99.00057340000006,12.06058020000006],[99.00054950000003,12.059991000000025],[99.00051600000006,12.059608900000057],[99.00056230000007,12.059190300000068],[99.00072480000006,12.058775900000057],[99.00129540000006,12.05773000000005],[99.00145450000008,12.057412100000022],[99.00152410000004,12.05712630000005],[99.00151920000008,12.056812600000058],[99.00149400000004,12.056614000000025],[99.00145790000005,12.056306500000062],[99.00147480000004,12.055986700000062],[99.00157270000005,12.05506280000003],[99.00164690000008,12.054256700000053],[99.00167180000005,12.053391800000043],[99.00163880000008,12.05306070000006],[99.00162810000006,12.05279310000003],[99.00164760000007,12.05262650000003],[99.00174180000005,12.052340100000038],[99.00201080000005,12.051890300000025],[99.00239900000008,12.05134090000007],[99.00301740000003,12.050412300000062],[99.00349420000003,12.049592800000028],[99.00371550000006,12.049186500000076],[99.00394080000007,12.04891740000005],[99.00414460000007,12.048607100000027],[99.00420630000008,12.048423400000047],[99.00426960000004,12.04807070000004],[99.00428760000005,12.047854500000028],[99.00424810000004,12.047724600000038],[99.00404810000003,12.047542200000066],[99.00371550000006,12.04716510000003],[99.00365170000003,12.04698680000007],[99.00363040000008,12.046742100000074],[99.00371560000008,12.046486600000037],[99.00381770000007,12.046315900000025],[99.00390900000008,12.046000800000058],[99.00392890000006,12.04528890000006],[99.00394340000008,12.044236300000023],[99.00405670000004,12.043917600000043],[99.00428200000005,12.043685200000027],[99.00432210000008,12.043504600000063],[99.00423360000008,12.043279900000073],[99.00381890000006,12.04274410000005],[99.00367800000004,12.042441900000028],[99.00351230000007,12.041907700000024],[99.00341140000006,12.041485800000032],[99.00331110000008,12.041202700000042],[99.00336670000007,12.041066200000046],[99.00356120000004,12.040961000000038],[99.00374270000003,12.040801900000076],[99.00387550000005,12.04059140000004],[99.00398440000004,12.040354900000068],[99.00403620000009,12.04004660000004],[99.00414540000008,12.03913330000006],[99.00418770000005,12.03863670000004],[99.00416040000005,12.037811200000021],[99.00416850000005,12.03727710000004],[99.00415970000006,12.036685500000033],[99.00408830000003,12.036359400000038],[99.00395350000008,12.035992300000032],[99.00391300000007,12.035740800000042],[99.00398640000009,12.034888900000055],[99.00413780000008,12.034484500000076],[99.00425820000004,12.034086200000047],[99.00441090000004,12.033704200000045],[99.00453280000005,12.033440600000063],[99.00467270000007,12.033240400000068],[99.00471000000005,12.03295950000006],[99.00478320000008,12.03265680000004],[99.00485140000006,12.032323200000064],[99.00492200000008,12.031877800000075],[99.00494910000003,12.031685700000025],[99.00489620000008,12.031413500000042],[99.00473940000006,12.030979900000034],[99.00453260000006,12.030694200000028],[99.00439290000008,12.030505100000028],[99.00434100000007,12.030305800000065],[99.00434960000007,12.030062800000053],[99.00423680000006,12.029722100000072],[99.00412920000008,12.029457600000057],[99.00409410000003,12.02928090000006],[99.00411280000009,12.02894770000006],[99.00416690000009,12.028590400000041],[99.00419270000003,12.028186900000037],[99.00413090000006,12.027831200000037],[99.00402320000006,12.02744640000003],[99.00386110000005,12.026997900000026],[99.00365900000008,12.026396500000033],[99.00335410000008,12.025626800000055],[99.00325950000007,12.025220700000034],[99.00323310000005,12.025067500000034],[99.00307140000007,12.024845600000049],[99.00289320000007,12.024553000000026],[99.00273290000007,12.024283400000058],[99.00262820000006,12.023991900000055],[99.00257180000006,12.023716100000058],[99.00255970000006,12.023408700000061],[99.00263220000005,12.023054100000024],[99.00273290000007,12.022798000000023],[99.00300690000006,12.022463100000039],[99.00427180000008,12.020958000000064],[99.00513390000003,12.019961100000046],[99.00534740000006,12.019641900000067],[99.00550450000009,12.019228200000043],[99.00556090000003,12.019003600000076],[99.00571210000004,12.017882500000042],[99.00588490000007,12.016880300000025],[99.00594170000005,12.016395200000034],[99.00594580000006,12.01577270000007],[99.00600030000004,12.015306100000032],[99.00617200000005,12.01488390000003],[99.00640930000009,12.014558300000033],[99.00655760000006,12.014413300000058],[99.00694750000008,12.014233600000068],[99.00711510000008,12.01409810000007],[99.00725920000008,12.013806500000044],[99.00724330000008,12.013578800000062],[99.00719270000008,12.013253700000064],[99.00685690000006,12.012504000000035],[99.00660290000008,12.011969700000066],[99.00661790000004,12.01159430000007],[99.00676440000007,12.01131730000003],[99.00726530000009,12.010694800000067],[99.00769200000008,12.010261800000023],[99.00786710000006,12.010165900000061],[99.00799210000008,12.01010320000006],[99.00820960000004,12.010030200000074],[99.00849200000005,12.009846700000026],[99.00888000000003,12.009601600000053],[99.00907670000004,12.009359300000028],[99.00926660000005,12.009097200000042],[99.00944760000004,12.008891400000039],[99.00967910000008,12.008762200000035],[99.01002400000004,12.008599200000049],[99.01036720000008,12.008549200000061],[99.01076980000005,12.008523300000036],[99.01136880000007,12.008497500000033],[99.01153220000003,12.008476500000029],[99.01165590000005,12.008426500000041],[99.01190010000005,12.008294200000023],[99.01234730000004,12.008037500000057],[99.01260800000006,12.00795850000003],[99.01294300000006,12.007895500000075],[99.01377460000003,12.007818000000043],[99.01396110000007,12.007782500000076],[99.01414260000007,12.00766470000002],[99.01425480000006,12.007516200000055],[99.01452210000008,12.007125700000074],[99.01475310000006,12.007048200000042],[99.01527780000004,12.007064300000025],[99.01541640000005,12.007049800000061],[99.01552040000007,12.00697230000003],[99.01561110000006,12.006820600000026],[99.01573650000006,12.006467200000031],[99.01596590000008,12.006137900000056],[99.01634380000007,12.005711800000029],[99.01670680000007,12.005369600000051],[99.01688500000006,12.00516790000006],[99.01763270000004,12.004948100000036],[99.01849110000006,12.004717200000073],[99.01952100000005,12.004255500000056],[99.02029140000008,12.003893400000038],[99.02106600000008,12.003352900000039],[99.02165540000004,12.003073800000038],[99.02187500000008,12.002770700000042],[99.02215820000004,12.002256300000056],[99.02254660000006,12.001296100000047],[99.02265380000006,12.000519500000053],[99.02256590000007,11.999108000000035],[99.02256800000004,11.998252700000023],[99.02271820000004,11.996972400000061],[99.02337700000004,11.994597500000054],[99.02381260000004,11.992438700000037],[99.02374600000007,11.99052340000003],[99.02385330000004,11.989767800000038],[99.02415590000004,11.989143400000046],[99.02454000000006,11.98869730000007],[99.02555060000009,11.988177800000074],[99.02634240000003,11.987857700000063],[99.02690250000006,11.987632100000042],[99.02743890000005,11.987590100000034],[99.02786810000003,11.987401200000022],[99.02853320000008,11.986729500000024],[99.02926070000007,11.986031600000047],[99.02969200000007,11.985869000000037],[99.03003530000007,11.985575100000062],[99.03027130000004,11.985281200000031],[99.03076270000008,11.985171000000037],[99.03153730000008,11.985449200000062],[99.03293210000004,11.985554100000058],[99.03393840000007,11.985150000000033],[99.03490620000008,11.985092300000076],[99.03565720000006,11.984630500000037],[99.03718070000008,11.983476100000075],[99.03844670000007,11.982678500000077],[99.03900240000007,11.982484300000067],[99.03956250000005,11.982069800000033],[99.03992730000004,11.981650000000059],[99.04080700000009,11.981503000000032],[99.04192280000007,11.98141910000004],[99.04284340000004,11.98151880000006],[99.04372310000008,11.98128790000004],[99.04441190000006,11.980894300000045],[99.04507710000007,11.980453500000067],[99.04546120000003,11.98002850000006],[99.04565650000006,11.979823800000077],[99.04565650000006,11.97948800000006],[99.04543970000003,11.979104900000038],[99.04533460000005,11.978858200000047],[99.04550410000007,11.978286300000036],[99.04580670000007,11.976885100000061],[99.04569720000006,11.975326600000074],[99.04531100000008,11.974130100000025],[99.04524350000008,11.973572000000047],[99.04532610000007,11.973008700000037],[99.04554740000003,11.972365500000024],[99.04584270000004,11.971553500000027],[99.04636240000008,11.970351700000037],[99.04670570000008,11.968189700000039],[99.04668640000006,11.966494600000033],[99.04670790000006,11.964206500000046],[99.04660250000006,11.962901100000067],[99.04649600000005,11.962115200000028],[99.04644520000005,11.961845700000026],[99.04642880000006,11.961635200000046],[99.04646220000006,11.961462600000061],[99.04651280000007,11.961336300000028],[99.04658200000006,11.961266100000046],[99.04684830000008,11.961059100000057],[99.04749410000005,11.96058800000003],[99.04794880000009,11.96036870000006],[99.05078490000005,11.959042600000032],[99.05215060000006,11.958406900000057],[99.05236910000008,11.95828430000006],[99.05257330000006,11.958101100000022],[99.05354570000009,11.957226700000035],[99.05408000000006,11.956721200000061],[99.05441050000007,11.956530100000066],[99.05499420000007,11.956155200000069],[99.05525230000006,11.956029900000033],[99.05583600000006,11.955826700000046],[99.05617980000005,11.955676100000062],[99.05634090000007,11.955560500000047],[99.05644320000005,11.95542510000007],[99.05652640000005,11.955246400000021],[99.05745320000005,11.953462700000046],[99.05753420000008,11.953294300000039],[99.05757480000005,11.953115900000057],[99.05761530000007,11.952754200000072],[99.05774690000004,11.950812000000042],[99.05777730000005,11.950648500000057],[99.05784530000005,11.950531000000069],[99.05791370000009,11.950442200000055],[99.05840910000006,11.949997000000053],[99.05891790000004,11.949640600000066],[99.05909690000004,11.949528500000042],[99.05931180000005,11.949335800000028],[99.06046850000007,11.948158600000056],[99.06104570000008,11.947650500000066],[99.06220930000006,11.946759000000043],[99.06526040000006,11.944317100000035],[99.06617490000008,11.943779300000074],[99.06625810000008,11.943705800000032],[99.06639750000005,11.943582500000048],[99.06680530000006,11.943120500000077],[99.06692860000004,11.942895000000021],[99.06731620000005,11.941781000000049],[99.06747450000006,11.941447800000049],[99.06763670000004,11.941134200000022],[99.06825370000007,11.94021820000006],[99.06883310000006,11.939152800000045],[99.07008170000006,11.93763290000004],[99.07126850000009,11.93691700000005],[99.07416530000006,11.935321500000043],[99.07544740000009,11.934618200000045],[99.07674560000004,11.934287500000039],[99.07743760000005,11.93419300000005],[99.07786140000007,11.934056600000076],[99.07834450000007,11.933637200000021],[99.08047650000003,11.931768400000067],[99.08068430000009,11.931642400000044],[99.08293600000007,11.93071210000005],[99.08356500000008,11.930473300000074],[99.08379970000004,11.930349900000067],[99.08401160000005,11.930184600000075],[99.08411740000008,11.93005480000005],[99.08446530000003,11.929683000000068],[99.08506610000006,11.929134800000043],[99.08547350000003,11.928650600000026],[99.08579000000003,11.928209700000025],[99.08608910000004,11.927534000000037],[99.08624920000005,11.926987900000029],[99.08622450000007,11.926141800000039],[99.08594560000006,11.925748100000021],[99.08545210000005,11.92541220000004],[99.08504440000007,11.925165500000048],[99.08478690000004,11.924908300000027],[99.08469030000003,11.924594100000036],[99.08460980000007,11.923580400000048],[99.08478690000004,11.923302200000023],[99.08514630000008,11.923013600000047],[99.08544670000003,11.922829900000067],[99.08562910000006,11.922478200000057],[99.08574170000009,11.921013800000026],[99.08588660000004,11.920441700000026],[99.08615370000007,11.918281600000057],[99.08657320000003,11.917812100000049],[99.08680550000008,11.917490000000043],[99.08751760000007,11.915953200000047],[99.08884170000005,11.913723300000072],[99.08899310000004,11.913468400000056],[99.08913200000006,11.91312490000007],[99.08921870000006,11.912327600000026],[99.08919400000008,11.911438300000043],[99.08942590000004,11.910572400000035],[99.08973120000007,11.909656400000074],[99.09037580000006,11.907708200000059],[99.09063130000004,11.907241600000077],[99.09143440000008,11.906651600000032],[99.09224340000009,11.90601780000003],[99.09262620000004,11.905458500000066],[99.09396930000008,11.90381590000004],[99.09399750000006,11.903658500000063],[99.09398800000008,11.902571600000044],[99.09421820000006,11.901476500000058],[99.09459790000005,11.899761000000069],[99.09462510000009,11.899590400000022],[99.09461970000007,11.899430300000063],[99.09459020000008,11.899261000000024],[99.09448690000005,11.898913500000049],[99.09439310000005,11.898594400000036],[99.09429390000008,11.89838050000003],[99.09415440000004,11.89823350000006],[99.09383790000004,11.897973700000023],[99.09363140000005,11.897754500000076],[99.09349050000009,11.897576000000072],[99.09333230000004,11.897255800000039],[99.09324780000009,11.896998600000074],[99.09319140000008,11.896705200000042],[99.09317100000004,11.89630900000003],[99.09315790000005,11.895734900000036],[99.09317940000005,11.895212600000036],[99.09325410000008,11.894507400000066],[99.09324380000004,11.893879300000037],[99.09317140000007,11.89331500000003],[99.09298090000004,11.89254070000004],[99.09284410000004,11.89211290000003],[99.09268320000007,11.890994800000044],[99.09263490000006,11.890364900000066],[99.09240960000005,11.88949880000007],[99.09237740000003,11.889147000000037],[99.09239890000003,11.888518000000033],[99.09241770000006,11.888181200000076],[99.09245000000004,11.88782800000007],[99.09252760000004,11.887380600000029],[99.09252630000003,11.887311100000034],[99.09252490000006,11.887107700000058],[99.09246330000008,11.886841300000071],[99.09230100000008,11.886038100000064],[99.09220900000008,11.885780700000055],[99.09196690000005,11.885190200000068],[99.09166620000008,11.884694000000025],[99.09076630000004,11.884050900000034],[99.09001470000004,11.883514000000048],[99.08973180000004,11.883079900000041],[99.08970000000005,11.883016300000065],[99.08964430000003,11.882904600000074],[99.08959430000004,11.882711500000028],[99.08962510000003,11.882277800000054],[99.08965960000006,11.881813600000044],[99.08970850000009,11.881182800000033],[99.08978300000007,11.880634300000054],[99.08980290000005,11.880514300000073],[99.08979620000008,11.88040280000007],[99.08976460000008,11.880290600000023],[99.08969000000008,11.880088100000023],[99.08957400000008,11.879837100000032],[99.08942740000003,11.87949290000006],[99.08932240000007,11.879152100000056],[99.08916440000007,11.878555600000027],[99.08869570000007,11.876856200000077],[99.08862970000007,11.876523200000065],[99.08851170000008,11.876219000000049],[99.08823830000006,11.875700800000061],[99.08765060000007,11.874499900000046],[99.08728640000004,11.873645800000077],[99.08725990000005,11.873583800000063],[99.08715410000008,11.873225300000058],[99.08700750000008,11.87289080000005],[99.08664940000006,11.872245500000076],[99.08640790000004,11.871752400000048],[99.08614540000008,11.871318300000041],[99.08593260000004,11.870739900000046],[99.08590240000007,11.870289100000036],[99.08604710000009,11.869786100000056],[99.08630580000005,11.869435700000054],[99.08646700000008,11.869292100000052],[99.08668710000006,11.869194200000038],[99.08731390000008,11.869018900000071],[99.08805470000004,11.868875600000024],[99.08890130000003,11.868603000000064],[99.08916170000003,11.868580800000075],[99.08943640000007,11.868579400000044],[99.09013850000008,11.868636600000059],[99.09103370000008,11.868631100000073],[99.09330460000007,11.86850910000004],[99.09382150000005,11.868477300000052],[99.09425300000004,11.868545200000028],[99.09440320000004,11.868545900000072],[99.09457420000007,11.868497300000058],[99.09635210000005,11.867696100000046],[99.09693050000004,11.867390300000068],[99.09719330000007,11.867278700000043],[99.09746290000004,11.86720790000004],[99.09769040000003,11.867170500000043],[99.09897300000006,11.867224900000053],[99.09923050000003,11.867222300000037],[99.09989160000003,11.86720390000005],[99.10032210000008,11.867211800000064],[99.10092290000006,11.867260400000077],[99.10120990000007,11.867282700000032],[99.10147550000005,11.867268200000069],[99.10163640000007,11.86722750000007],[99.10190330000006,11.867106800000045],[99.10211790000005,11.866963700000042],[99.10229090000007,11.866820700000062],[99.10248670000004,11.866619900000046],[99.10292320000008,11.866069700000025],[99.10309420000004,11.865794400000027],[99.10329210000003,11.865422600000045],[99.10355420000008,11.864882200000068],[99.10385190000005,11.864187900000047],[99.10394980000007,11.864030400000047],[99.10403030000003,11.863943800000072],[99.10420190000008,11.863812600000074],[99.10444470000004,11.86359600000003],[99.10475250000007,11.863256700000022],[99.10492010000007,11.863118300000053],[99.10561440000004,11.862688000000048],[99.10568700000005,11.862643900000023],[99.10748820000003,11.861412500000029],[99.10807000000005,11.861010800000031],[99.10867020000006,11.86066100000005],[99.10888510000007,11.86055760000005],[99.10931020000004,11.860401500000023],[99.10955700000005,11.860266300000035],[99.10990620000007,11.86001230000005],[99.11008000000004,11.859846300000072],[99.11018730000006,11.859713700000043],[99.11024630000009,11.85959820000005],[99.11030930000004,11.859317300000043],[99.11034420000004,11.858729400000072],[99.11035090000007,11.858287100000041],[99.11039110000007,11.858109900000045],[99.11046490000007,11.857973400000049],[99.11067550000007,11.857747600000039],[99.11078140000006,11.857674100000054],[99.11088870000003,11.85762690000007],[99.11104830000005,11.857600600000069],[99.11142380000007,11.85762690000007],[99.11207690000003,11.85771740000007],[99.11229150000008,11.857781700000032],[99.11326340000005,11.858402200000057],[99.11344620000006,11.85844590000005],[99.11364870000006,11.858452400000033],[99.11405640000004,11.858403900000042],[99.11425350000007,11.858348700000022],[99.11433800000003,11.858292300000073],[99.11446540000009,11.858063900000047],[99.11456470000007,11.857888100000025],[99.11477320000006,11.857647900000075],[99.11501660000005,11.85741100000007],[99.11505080000006,11.857333500000038],[99.11506220000007,11.857229200000063],[99.11505420000003,11.85713400000003],[99.11502670000004,11.857023100000049],[99.11490800000007,11.856664800000033],[99.11489730000005,11.856580200000053],[99.11490930000008,11.856485700000064],[99.11494350000004,11.856393100000048],[99.11541650000004,11.855817700000046],[99.11570910000006,11.85546160000007],[99.11639450000007,11.853939000000025],[99.11640370000003,11.853723400000035],[99.11628410000009,11.853381800000022],[99.11619410000009,11.853096100000073],[99.11617400000006,11.852852000000041],[99.11619140000005,11.852531700000043],[99.11623570000006,11.852271900000062],[99.11630940000003,11.85199620000003],[99.11639660000009,11.851808600000027],[99.11647170000003,11.85170880000004],[99.11656690000007,11.85168120000003],[99.11666750000006,11.851693100000034],[99.11696790000008,11.851821700000073],[99.11739040000003,11.851950300000055],[99.11759290000003,11.85203430000007],[99.11778460000005,11.852085500000044],[99.11796440000006,11.852084200000036],[99.11816690000006,11.852054000000066],[99.11831970000009,11.852001500000028],[99.11843370000008,11.851935900000058],[99.11854100000005,11.851859700000034],[99.11859870000006,11.851746900000023],[99.11861480000005,11.851607700000045],[99.11858530000006,11.85145680000005],[99.11848740000005,11.851139200000034],[99.11845390000008,11.850871400000074],[99.11847330000006,11.850330000000042],[99.11849430000007,11.849518800000055],[99.11859000000004,11.84894520000006],[99.11921010000003,11.848166500000048],[99.11959070000006,11.847261900000035],[99.11976590000006,11.846430400000031],[99.12012170000008,11.845708600000023],[99.12056090000004,11.845129400000076],[99.12111890000006,11.844322400000067],[99.12138510000005,11.843613400000038],[99.12154570000007,11.842349900000045],[99.12170840000005,11.841514400000051],[99.12194030000006,11.840691100000072],[99.12194400000004,11.840673700000025],[99.12195010000005,11.840647300000057],[99.12195730000008,11.840588100000048],[99.12195390000005,11.84047570000007],[99.12193380000008,11.840239100000076],[99.12184710000008,11.839875300000074],[99.12166040000005,11.839619500000026],[99.12142990000007,11.83952000000005],[99.12082830000008,11.83942010000004],[99.12070830000005,11.839378800000077],[99.12061970000008,11.839328900000055],[99.12057820000007,11.839279000000033],[99.12053930000008,11.839203500000053],[99.12051780000007,11.839103100000045],[99.12050840000006,11.838983000000042],[99.12051850000006,11.838847200000032],[99.12054460000007,11.83871460000006],[99.12059690000007,11.838512500000036],[99.12073910000004,11.838291900000058],[99.12091880000008,11.83810950000003],[99.12104760000005,11.837979500000074],[99.12116450000008,11.83789870000004],[99.12126040000004,11.83787140000004],[99.12145370000007,11.83782240000005],[99.12161770000006,11.837842100000046],[99.12184010000004,11.83787060000003],[99.12203790000007,11.837856200000033],[99.12224930000008,11.837763100000075],[99.12296170000008,11.837211100000047],[99.12365570000009,11.836413100000073],[99.12416930000006,11.83572410000005],[99.12452800000005,11.835042500000043],[99.12453940000006,11.834937400000058],[99.12455360000007,11.834851700000058],[99.12459640000009,11.834652500000061],[99.12457360000008,11.83436080000007],[99.12454310000004,11.834081900000058],[99.12456750000007,11.833930500000065],[99.12464070000004,11.833828400000073],[99.12494010000006,11.833520200000066],[99.12517420000006,11.833233800000073],[99.12527800000004,11.833008300000074],[99.12534100000005,11.832723500000043],[99.12548630000003,11.832119100000057],[99.12585550000006,11.831323500000053],[99.12632500000007,11.830648500000052],[99.12649650000009,11.830365200000074],[99.12665070000008,11.83011440000007],[99.12681430000004,11.829724600000077],[99.12705170000004,11.829116900000031],[99.12716300000005,11.828958000000057],[99.12729310000003,11.828826800000058],[99.12770480000006,11.828509100000076],[99.12803270000006,11.828254800000025],[99.12820560000006,11.828014500000052],[99.12826460000008,11.827727700000025],[99.12823200000008,11.827457800000047],[99.12817150000006,11.827300200000025],[99.12805090000006,11.827144100000055],[99.12769680000008,11.826925000000074],[99.12730250000004,11.826684500000056],[99.12717100000003,11.826578200000029],[99.12706640000005,11.826448300000038],[99.12701010000006,11.826315700000066],[99.12695240000005,11.826147700000035],[99.12689880000005,11.825870700000053],[99.12673250000006,11.825060800000074],[99.12666810000007,11.824648600000046],[99.12654610000004,11.82405140000003],[99.12644420000004,11.823765200000025],[99.12633960000005,11.823609000000033],[99.12619340000003,11.823460700000055],[99.12595330000005,11.823278200000061],[99.12552150000005,11.823052500000074],[99.12525860000005,11.822964500000069],[99.12512450000008,11.822936900000059],[99.12492200000008,11.822909400000071],[99.12452770000004,11.822868700000072],[99.12423270000005,11.822816200000034],[99.12405700000005,11.822758400000055],[99.12389470000005,11.82267840000003],[99.12373650000006,11.822570700000028],[99.12356750000004,11.82238170000005],[99.12342270000005,11.822145400000068],[99.12320940000006,11.821709600000077],[99.12313570000003,11.821510100000069],[99.12312090000006,11.821328900000026],[99.12313160000008,11.82100470000006],[99.12317450000006,11.820421900000042],[99.12316110000006,11.820235500000024],[99.12311020000004,11.820049100000062],[99.12302300000005,11.819908600000076],[99.12282990000006,11.81973800000003],[99.12258980000007,11.819596200000035],[99.12233100000009,11.81950960000006],[99.12203330000006,11.819476800000075],[99.12003800000008,11.819386800000075],[99.11904060000006,11.81927410000003],[99.11754460000009,11.81821270000006],[99.11726560000005,11.817989500000067],[99.11714090000004,11.817935700000021],[99.11702830000007,11.817914700000074],[99.11683510000006,11.817913400000066],[99.11669420000004,11.817883800000061],[99.11657230000009,11.817809700000055],[99.11649050000005,11.817711200000076],[99.11639930000007,11.817530100000056],[99.11633630000006,11.817313500000068],[99.11631080000006,11.817041800000027],[99.11634030000005,11.81671620000003],[99.11642610000007,11.816419500000052],[99.11655080000008,11.816094000000021],[99.11664490000004,11.815956700000072],[99.11676540000008,11.815861700000028],[99.11758350000008,11.815416700000071],[99.11780360000006,11.815256300000044],[99.11794960000003,11.815117400000076],[99.11813870000003,11.814879800000028],[99.11850480000004,11.81405540000003],[99.11871940000003,11.81365900000003],[99.11878910000007,11.813412200000073],[99.11885350000006,11.812847700000077],[99.11890720000008,11.812629800000025],[99.11899570000008,11.81247490000004],[99.11925580000008,11.812249100000031],[99.11953210000007,11.811976100000038],[99.11992640000005,11.811419500000056],[99.12030040000008,11.810860900000023],[99.12044140000006,11.810503200000028],[99.12086520000008,11.809807500000034],[99.12106100000005,11.809542300000032],[99.12187100000006,11.808339900000021],[99.12209900000005,11.808116700000028],[99.12316110000006,11.807313300000033],[99.12333550000005,11.807142600000077],[99.12389870000004,11.806260500000064],[99.12432250000006,11.805559500000072],[99.12449690000005,11.805370500000038],[99.12470340000004,11.805247100000031],[99.12645490000006,11.80462220000004],[99.12681970000006,11.80440690000006],[99.12727030000008,11.804094500000076],[99.12809110000006,11.803442500000074],[99.12863640000006,11.802847500000041],[99.12947770000005,11.801734100000033],[99.12973750000003,11.801347200000066],[99.12981840000003,11.801083000000062],[99.12989350000004,11.800820500000043],[99.12997930000006,11.800618300000053],[99.13009460000006,11.800424000000021],[99.13040040000004,11.799959300000069],[99.13086180000005,11.799326500000063],[99.13136060000005,11.79875160000006],[99.13198560000006,11.797984900000074],[99.13206610000003,11.797837900000047],[99.13210630000003,11.797696100000053],[99.13209020000005,11.797396800000058],[99.13191050000006,11.79554840000003],[99.13182740000008,11.795083700000077],[99.13172540000005,11.794818500000076],[99.13154840000004,11.794513900000027],[99.13127210000005,11.794240800000068],[99.12988810000007,11.793321900000024],[99.12977140000004,11.793201100000033],[99.12969100000004,11.793073800000059],[99.12946690000007,11.792439700000045],[99.12898620000004,11.792056400000035],[99.12811200000004,11.791928300000052],[99.12791220000008,11.791752100000053],[99.12739200000004,11.791045000000054],[99.12690150000009,11.789982100000032],[99.12681900000007,11.789719600000069],[99.12678610000006,11.788612800000067],[99.12679550000007,11.788195400000063],[99.12686120000006,11.787567800000033],[99.12685320000008,11.78727900000007],[99.12682640000008,11.787091300000043],[99.12670300000008,11.786824800000034],[99.12654340000006,11.786595000000034],[99.12622290000007,11.786270800000068],[99.12611420000007,11.786101400000064],[99.12587280000008,11.785620900000026],[99.12573740000005,11.785274300000026],[99.12562610000003,11.785085300000048],[99.12548530000004,11.78474790000007],[99.12540750000005,11.784439400000053],[99.12531490000003,11.784241100000031],[99.12518490000008,11.784087500000055],[99.12488450000006,11.783851200000072],[99.12419380000006,11.783487600000058],[99.12383840000007,11.783357600000045],[99.12370430000004,11.783285400000068],[99.12363590000007,11.783193500000039],[99.12359430000004,11.783102900000074],[99.12360500000005,11.782782600000075],[99.12363320000009,11.782569900000055],[99.12369760000007,11.782295500000032],[99.12369620000004,11.782144500000072],[99.12366810000003,11.782008000000076],[99.12359030000005,11.781825500000025],[99.12346420000006,11.781595700000025],[99.12241410000007,11.78053360000007],[99.12232560000007,11.78048380000007],[99.12220490000004,11.780468000000042],[99.12197290000006,11.78053760000006],[99.12141100000008,11.780674100000056],[99.12120040000008,11.780791000000022],[99.12081020000005,11.781066700000054],[99.12056480000007,11.781142800000055],[99.12033680000008,11.781161200000042],[99.12005250000004,11.781136200000049],[99.11979630000008,11.781068000000062],[99.11956430000004,11.780981300000064],[99.11934030000003,11.780868400000031],[99.11848270000007,11.780259900000033],[99.11837000000008,11.780207400000052],[99.11825870000007,11.780179800000042],[99.11810380000009,11.780170600000076],[99.11756810000008,11.78029730000003],[99.11746280000006,11.780294000000026],[99.11735940000005,11.780269600000054],[99.11718230000008,11.780164600000035],[99.11672640000006,11.779502900000068],[99.11653330000007,11.779355900000041],[99.11584660000005,11.779156300000068],[99.11522670000005,11.779072600000063],[99.11470930000007,11.779106200000058],[99.11440650000009,11.779052300000046],[99.11418100000009,11.779066800000066],[99.11392290000003,11.779261900000051],[99.11322880000006,11.779534400000045],[99.11302490000008,11.779655200000036],[99.11281570000006,11.78009110000005],[99.11268960000007,11.780264400000021],[99.11253460000006,11.780322700000056],[99.11233290000007,11.780322100000035],[99.11202180000004,11.780285400000025],[99.11121390000005,11.779919200000052],[99.11111530000005,11.779851000000065],[99.11095840000007,11.779717000000062],[99.11085920000005,11.779686200000071],[99.11055270000008,11.77966850000007],[99.11046960000004,11.779650100000026],[99.11039850000009,11.779621200000065],[99.11033200000008,11.77955540000005],[99.11019790000006,11.779334900000038],[99.10998330000007,11.779135300000064],[99.10940390000007,11.778878000000077],[99.10929670000007,11.778752000000054],[99.10922690000007,11.778405400000054],[99.10914110000004,11.778237300000058],[99.10891580000003,11.778032500000052],[99.10807890000007,11.77763340000007],[99.10720210000005,11.776904800000068],[99.10694760000007,11.776662100000067],[99.10684240000006,11.776435800000058],[99.10680760000008,11.776173500000027],[99.10691480000008,11.775611600000047],[99.10700600000007,11.775217700000042],[99.10719380000006,11.774892100000045],[99.10760700000009,11.774418300000036],[99.10794090000007,11.774073000000044],[99.10811800000005,11.77383670000006],[99.10822910000007,11.773616000000061],[99.10832990000006,11.77332860000007],[99.10836610000007,11.773087000000032],[99.10837280000004,11.772978100000046],[99.10825060000008,11.772486900000047],[99.10811930000006,11.771421000000032],[99.10810040000007,11.771111000000076],[99.10809380000006,11.771029700000042],[99.10812600000008,11.770842000000073],[99.10818230000007,11.770649000000049],[99.10895870000007,11.76903660000005],[99.10965070000003,11.767287800000076],[99.11047680000007,11.76546540000004],[99.11152290000007,11.763517000000036],[99.11244020000004,11.762324900000067],[99.11275820000009,11.761421700000028],[99.11290170000007,11.760917600000028],[99.11292840000004,11.760723100000064],[99.11293250000006,11.760547300000042],[99.11290170000007,11.760288700000046],[99.11284940000007,11.760018200000047],[99.11264960000005,11.759370900000022],[99.11261870000004,11.759167400000024],[99.11260800000008,11.758991500000036],[99.11262340000007,11.758783900000026],[99.11279510000008,11.758244200000036],[99.11290710000009,11.757942400000047],[99.11316200000005,11.757415200000025],[99.11323290000007,11.75718740000002],[99.11335220000007,11.756616200000053],[99.11348630000003,11.75623280000002],[99.11383510000007,11.755761600000028],[99.11390620000009,11.755623700000058],[99.11406840000006,11.755212700000072],[99.11422000000005,11.75500530000005],[99.11445720000006,11.754772700000046],[99.11599570000004,11.753191100000038],[99.11614700000007,11.752945100000034],[99.11624360000008,11.752362100000028],[99.11625770000006,11.752156400000047],[99.11628650000006,11.75173710000007],[99.11623010000005,11.750544800000057],[99.11629720000008,11.750235100000054],[99.11643670000007,11.749977700000045],[99.11739690000007,11.748848500000065],[99.11784220000004,11.748488000000066],[99.11793950000003,11.748357200000044],[99.11796170000008,11.748243400000035],[99.11796300000003,11.74814230000004],[99.11786380000007,11.747749700000043],[99.11785170000007,11.747581600000046],[99.11788510000008,11.747262400000068],[99.11792800000006,11.746091200000023],[99.11802470000003,11.744998900000041],[99.11802340000008,11.744778300000064],[99.11792490000005,11.743984700000055],[99.11767590000005,11.741891700000053],[99.11752380000007,11.740006300000061],[99.11749880000008,11.739452500000027],[99.11750700000005,11.738945800000067],[99.11760090000007,11.737982000000045],[99.11759020000005,11.737532900000076],[99.11755670000008,11.737307100000066],[99.11748060000008,11.737010400000031],[99.11637380000008,11.735294100000033],[99.11586690000007,11.734478700000068],[99.11572070000005,11.73427780000003],[99.11561070000005,11.734174100000075],[99.11541090000009,11.734066400000074],[99.11436620000006,11.733685600000058],[99.11404830000004,11.73361600000004],[99.11381700000004,11.733594400000072],[99.11367420000005,11.73359830000004],[99.11351260000004,11.733615400000076],[99.11339320000008,11.73361140000003],[99.11330720000007,11.733589900000027],[99.11322820000004,11.733570100000065],[99.11286680000006,11.733404600000028],[99.11170810000004,11.732732300000066],[99.11154450000004,11.732631200000071],[99.11145460000006,11.732536700000026],[99.11140500000005,11.732443400000022],[99.11141170000008,11.732322600000032],[99.11146670000005,11.73216640000004],[99.11204070000008,11.730934700000034],[99.11215540000006,11.730588000000068],[99.11217210000007,11.730488900000068],[99.11217750000009,11.730404900000053],[99.11215670000007,11.730320800000072],[99.11211510000004,11.730259800000056],[99.11205810000007,11.730202000000077],[99.11194670000003,11.730124400000022],[99.11162480000007,11.72998780000006],[99.11135660000008,11.729956300000026],[99.11110980000007,11.72997730000003],[99.11085230000003,11.73005610000007],[99.10981850000007,11.730624800000044],[99.10915600000004,11.730972800000075],[99.10886090000008,11.731131700000049],[99.10863830000005,11.731302400000061],[99.10847070000005,11.731467800000075],[99.10824540000004,11.731763300000068],[99.10797920000005,11.732084300000054],[99.10785380000004,11.732187400000043],[99.10772570000006,11.732259600000077],[99.10759020000006,11.732309500000042],[99.10732940000008,11.732362000000023],[99.10706390000007,11.732380400000068],[99.10667090000004,11.732385700000066],[99.10647240000009,11.732400100000064],[99.10627660000006,11.73244740000007],[99.10591320000003,11.732560300000046],[99.10518210000004,11.732845100000077],[99.10453300000006,11.73285560000005],[99.10398590000005,11.733007900000075],[99.10293740000009,11.73309990000007],[99.10224240000008,11.733359800000073],[99.10194200000007,11.733365100000071],[99.10028140000009,11.733089500000062],[99.09993570000006,11.732876600000054],[99.09979630000004,11.732682300000022],[99.09948510000004,11.732041500000037],[99.09944500000006,11.731879500000048],[99.09943770000007,11.731737000000066],[99.09945310000006,11.731625400000041],[99.09963000000005,11.731143400000065],[99.09979630000004,11.730828200000076],[99.09997330000004,11.730602400000066],[99.10010870000008,11.730486800000051],[99.10017190000008,11.730391100000077],[99.10018270000006,11.73032150000006],[99.10014500000005,11.730224200000066],[99.10005790000008,11.73014820000003],[99.09994110000008,11.730103400000075],[99.09976410000007,11.730129600000055],[99.09947860000005,11.730244000000027],[99.09928950000005,11.73038850000006],[99.09921300000008,11.730422600000054],[99.09910570000005,11.730431800000076],[99.09897970000009,11.73038710000003],[99.09884830000004,11.73030840000007],[99.09876380000009,11.730216400000074],[99.09850900000004,11.729646600000024],[99.09848350000004,11.729549400000053],[99.09847680000007,11.729444300000068],[99.09850630000005,11.729335400000025],[99.09871550000008,11.728990000000067],[99.09877580000006,11.728850800000032],[99.09877720000009,11.728734000000031],[99.09874500000006,11.728648600000042],[99.09866320000003,11.728567200000043],[99.09853980000008,11.72850150000005],[99.09829300000007,11.728468700000064],[99.09822460000004,11.728431900000032],[99.09816430000006,11.72834000000006],[99.09815490000005,11.728227100000026],[99.09816290000003,11.728118100000074],[99.09820990000009,11.727996000000076],[99.09829040000005,11.727919800000052],[99.09842450000008,11.727862100000038],[99.09876380000009,11.727780600000074],[99.09884680000005,11.727729300000021],[99.09888040000004,11.72765060000006],[99.09888580000006,11.727549500000066],[99.09883600000006,11.727387900000053],[99.09886290000009,11.727214600000025],[99.09893540000007,11.727058400000033],[99.09906690000008,11.726862800000049],[99.09910710000008,11.726761700000054],[99.09910570000005,11.726684200000022],[99.09905480000003,11.726612000000046],[99.09894350000008,11.72657780000003],[99.09880530000004,11.72656470000004],[99.09837620000008,11.726617200000021],[99.09825010000009,11.726612000000046],[99.09814550000004,11.726573900000062],[99.09807580000006,11.726514800000075],[99.09803150000005,11.726409700000033],[99.09799800000008,11.726206200000036],[99.09796580000005,11.725561500000026],[99.09792690000006,11.725435400000038],[99.09781960000004,11.725260800000058],[99.09774050000004,11.725205600000038],[99.09765050000004,11.725176600000054],[99.09725500000008,11.72525950000005],[99.09715160000007,11.72525010000004],[99.09707130000004,11.72520430000003],[99.09695460000006,11.725079600000072],[99.09684200000004,11.725023100000044],[99.09674390000004,11.725013800000056],[99.09662070000007,11.725031000000058],[99.09623970000007,11.72515560000005],[99.09613650000006,11.725162300000022],[99.09606010000005,11.725130800000045],[99.09599440000005,11.725082200000031],[99.09590860000009,11.724941700000045],[99.09583880000008,11.724885200000074],[99.09575430000007,11.724859000000038],[99.09564700000004,11.724860300000046],[99.09534380000008,11.724971800000048],[99.09524200000004,11.725024400000052],[99.09518820000005,11.725108300000045],[99.09511460000004,11.725369800000067],[99.09504760000004,11.725473500000021],[99.09498050000008,11.72551290000007],[99.09489870000004,11.725523400000043],[99.09451780000006,11.725539200000071],[99.09423890000005,11.725577200000032],[99.09415710000007,11.725547000000063],[99.09409670000008,11.725478700000053],[99.09397740000009,11.72514650000005],[99.09391300000004,11.725080900000023],[99.09379500000006,11.725041500000032],[99.09362330000005,11.725024400000052],[99.09349050000009,11.725044100000048],[99.09330280000006,11.725170200000036],[99.09317670000007,11.725208200000054],[99.09305330000007,11.725203000000022],[99.09292730000004,11.725145200000043],[99.09284550000007,11.725071700000058],[99.09261750000007,11.724696100000074],[99.09252490000006,11.724597600000038],[99.09241500000007,11.724520200000029],[99.09196420000006,11.72439920000005],[99.09123470000009,11.724183900000071],[99.09109800000004,11.724166900000057],[99.09095050000008,11.724184000000037],[99.09084840000008,11.724252200000024],[99.09053880000005,11.724669900000038],[99.09049180000005,11.72478540000003],[99.09045150000009,11.725176600000054],[99.09041940000009,11.725256800000068],[99.09035370000004,11.725313300000039],[99.08995140000007,11.725440700000036],[99.08981730000005,11.725460400000031],[99.08970730000004,11.72543410000003],[99.08963490000008,11.72537630000005],[99.08952890000006,11.725193800000056],[99.08941720000007,11.725063900000066],[99.08891800000004,11.724742100000071],[99.08880740000006,11.72469680000006],[99.08872950000006,11.724698600000067],[99.08860150000004,11.724769700000024],[99.08848420000004,11.724869500000068],[99.08819650000004,11.725211500000057],[99.08814090000004,11.725250300000027],[99.08809130000009,11.72526270000003],[99.08805910000007,11.72524960000004],[99.08803090000004,11.72521880000005],[99.08803360000007,11.725176100000056],[99.08824050000004,11.724869100000035],[99.08835410000006,11.724378400000035],[99.08840910000004,11.724235200000066],[99.08870270000006,11.72380570000007],[99.08872830000007,11.723708700000032],[99.08871080000006,11.723591800000065],[99.08861030000008,11.723418500000037],[99.08848550000005,11.723271400000044],[99.08833400000003,11.723155800000029],[99.08788610000005,11.722978600000033],[99.08778150000006,11.722897100000068],[99.08770370000008,11.722817000000077],[99.08767010000008,11.722714600000074],[99.08772100000004,11.721820200000025],[99.08698600000008,11.71964040000006],[99.08675000000005,11.719078400000058],[99.08609630000007,11.718106700000021],[99.08578920000008,11.717090300000052],[99.08543570000006,11.71597410000004],[99.08521040000005,11.715669400000024],[99.08384790000008,11.714450800000066],[99.08340800000008,11.713605100000052],[99.08296270000005,11.713442300000054],[99.08251210000009,11.712701700000025],[99.08213120000005,11.712318200000027],[99.08187910000004,11.711603900000057],[99.08160550000008,11.71120460000003],[99.08094030000007,11.71049030000006],[99.08088130000004,11.710248600000057],[99.08089740000008,11.710033300000077],[99.08128370000009,11.709586800000068],[99.08150900000004,11.709271600000022],[99.08143920000003,11.708961700000032],[99.08000670000007,11.707657700000027],[99.07866260000009,11.705181700000026],[99.07865800000008,11.704443000000026],[99.07856390000006,11.70416590000002],[99.07836010000005,11.703913700000044],[99.07812940000008,11.70378770000002],[99.07782900000007,11.703719400000068],[99.07739980000008,11.703813900000057],[99.07706190000005,11.703882200000066],[99.07682880000004,11.703872900000022],[99.07663810000008,11.703777200000047],[99.07630550000005,11.703546000000074],[99.07616600000006,11.703472500000032],[99.07594610000007,11.703493500000036],[99.07554910000005,11.703766700000074],[99.07529520000008,11.703811600000051],[99.07478140000006,11.70370280000003],[99.07450730000005,11.703471200000024],[99.07430080000006,11.703042800000048],[99.07408680000003,11.702724700000033],[99.07290980000005,11.701786300000037],[99.07238950000004,11.701045600000043],[99.07062460000009,11.70001080000003],[99.06981100000007,11.699700900000039],[99.06904450000008,11.699282200000027],[99.06840910000005,11.699059000000034],[99.06791790000005,11.698843900000043],[99.06764190000007,11.698555700000043],[99.06716160000008,11.698289100000068],[99.06624510000006,11.698184600000047],[99.06580650000006,11.698227700000075],[99.06540610000008,11.698211400000048],[99.06520890000007,11.698102900000038],[99.06467540000006,11.69696410000006],[99.06484710000007,11.695687600000042],[99.06510720000006,11.694901300000026],[99.06507240000008,11.694679000000065],[99.06482560000006,11.694442600000059],[99.06452840000009,11.694032400000026],[99.06449630000009,11.693802000000062],[99.06494900000007,11.693076800000028],[99.06568730000004,11.692402100000038],[99.06612920000003,11.691737300000057],[99.06617230000006,11.69122740000006],[99.06646180000007,11.69042920000004],[99.06640810000005,11.68967280000004],[99.06676680000004,11.689094100000034],[99.06681050000009,11.688585400000022],[99.06676680000004,11.688253600000053],[99.06653150000005,11.68788150000006],[99.06619890000007,11.687571500000047],[99.06591060000005,11.687410000000057],[99.06452240000004,11.687262700000076],[99.06403890000007,11.687211400000024],[99.06304730000005,11.687030400000026],[99.06184920000004,11.686489400000028],[99.06053550000007,11.68594390000004],[99.06049360000009,11.685871100000043],[99.06022510000008,11.685405100000025],[99.06007140000008,11.685190300000045],[99.05984220000005,11.68499890000004],[99.05955250000005,11.684857100000045],[99.05930190000004,11.684798600000022],[99.05864280000009,11.68483260000005],[99.05799050000007,11.684788400000059],[99.05774650000006,11.684716700000024],[99.05756900000006,11.68456610000004],[99.05738100000008,11.684230200000059],[99.05724400000008,11.683780100000035],[99.05719040000008,11.683100400000058],[99.05723960000006,11.682307000000037],[99.05727030000008,11.681547700000067],[99.05731170000007,11.681119000000024],[99.05731000000009,11.680707300000051],[99.05726030000005,11.679922100000056],[99.05731470000006,11.679352000000051],[99.05749210000005,11.678677100000073],[99.05759400000005,11.678178800000069],[99.05764590000007,11.67768060000003],[99.05754830000006,11.677301200000045],[99.05750100000006,11.676863800000035],[99.05751260000005,11.676431100000059],[99.05758970000005,11.676067200000034],[99.05777830000005,11.67571810000004],[99.05785300000008,11.675458800000058],[99.05785300000008,11.675250300000073],[99.05787960000004,11.675053300000059],[99.05783520000006,11.674861000000021],[99.05751880000008,11.674459500000069],[99.05732650000004,11.674268300000051],[99.05722590000005,11.674045200000023],[99.05716490000003,11.673816800000054],[99.05716680000006,11.673509300000035],[99.05735310000006,11.672961800000053],[99.05753350000003,11.672588100000041],[99.05765970000004,11.672294500000021],[99.05783530000008,11.672000100000048],[99.05810440000005,11.671785700000044],[99.05829620000009,11.671506600000043],[99.05838840000007,11.671229500000038],[99.05843280000005,11.670673400000055],[99.05845640000007,11.67023880000005],[99.05853630000007,11.66979850000007],[99.05851290000004,11.66943850000007],[99.05855110000005,11.66908010000003],[99.05874330000006,11.668492100000037],[99.05888240000007,11.667489800000055],[99.05897110000006,11.666982800000028],[99.05915150000004,11.666510600000038],[99.05926690000007,11.666255700000022],[99.05931110000006,11.666074700000024],[99.05923600000006,11.665052900000035],[99.05923600000006,11.664314800000056],[99.05920390000006,11.664065200000039],[99.05911000000003,11.663792000000058],[99.05895670000007,11.663605400000051],[99.05872010000007,11.663273300000071],[99.05861590000006,11.662923100000057],[99.05880290000005,11.662127500000054],[99.05917070000004,11.66084120000005],[99.05898090000005,11.659968000000049],[99.05880000000008,11.659021000000052],[99.05865490000008,11.65837010000007],[99.05827190000008,11.65783440000007],[99.05767770000006,11.656564500000059],[99.05756990000003,11.656302100000062],[99.05754600000006,11.656143000000043],[99.05789710000005,11.655334400000072],[99.05799190000005,11.655049500000075],[99.05797710000007,11.65492370000004],[99.05790470000005,11.654841400000066],[99.05751360000005,11.654766400000028],[99.05709940000008,11.654754900000057],[99.05677250000008,11.654642800000033],[99.05648580000008,11.654435300000046],[99.05642070000005,11.654376100000036],[99.05637700000005,11.654255500000033],[99.05633490000008,11.65391040000003],[99.05626820000003,11.653836200000057],[99.05586790000007,11.653618300000062],[99.05542610000003,11.653182000000072],[99.05508310000005,11.652480800000035],[99.05515010000005,11.651770500000055],[99.05530890000006,11.651374300000043],[99.05576120000006,11.651002300000073],[99.05619040000005,11.650702300000034],[99.05632320000007,11.650559100000066],[99.05644920000003,11.650314800000046],[99.05656730000004,11.650006100000041],[99.05668930000007,11.649588400000027],[99.05682880000006,11.64932310000006],[99.05723240000003,11.648732100000075],[99.05740810000003,11.64842340000007],[99.05744030000005,11.648154100000056],[99.05739870000008,11.64787700000005],[99.05733570000007,11.647720700000036],[99.05722310000004,11.647532800000022],[99.05719090000008,11.647377900000038],[99.05718550000006,11.64704690000002],[99.05722570000006,11.646822200000031],[99.05739030000007,11.64634110000003],[99.05771220000008,11.645868200000052],[99.05839880000008,11.644975000000045],[99.05877020000008,11.644409800000062],[99.05911870000006,11.643841000000066],[99.05922420000007,11.643607900000063],[99.05935370000009,11.643020600000057],[99.05942880000003,11.642379600000027],[99.05927860000008,11.641612500000065],[99.05909860000008,11.641062300000044],[99.05908140000008,11.640780100000029],[99.05911710000004,11.640245500000049],[99.05913500000008,11.639953300000059],[99.05912330000007,11.639696000000072],[99.05920890000004,11.639351200000021],[99.05930840000008,11.639143900000022],[99.05947770000006,11.638859500000024],[99.05979550000006,11.638439400000038],[99.06001780000008,11.638068200000077],[99.06187440000008,11.63399970000006],[99.06219990000005,11.63340990000006],[99.06246680000004,11.632902800000068],[99.06259550000004,11.632736000000023],[99.06309990000005,11.632231400000023],[99.06356260000007,11.631783000000041],[99.06473060000008,11.63074860000006],[99.06507520000008,11.630417600000044],[99.06523870000007,11.630242700000053],[99.06536890000007,11.63003660000004],[99.06544000000008,11.629865900000027],[99.06558480000007,11.629343100000028],[99.06567470000005,11.628960800000073],[99.06568140000007,11.628782200000046],[99.06567070000006,11.628477400000065],[99.06571760000008,11.628139800000042],[99.06571040000006,11.62805590000005],[99.06555730000008,11.627801500000032],[99.06478820000007,11.626365200000066],[99.06467020000008,11.626236400000039],[99.06408820000007,11.625923800000066],[99.06387360000008,11.625795100000062],[99.06351950000004,11.62547980000005],[99.06340420000004,11.62529070000005],[99.06326470000005,11.62484930000005],[99.06323250000008,11.624510400000077],[99.06324860000007,11.624237100000073],[99.06349190000009,11.623172000000068],[99.06361340000007,11.62148650000006],[99.06358660000006,11.62125530000003],[99.06338680000005,11.620668100000046],[99.06327020000003,11.620410400000026],[99.06311180000006,11.620162300000061],[99.06266260000007,11.619676300000037],[99.06245740000008,11.619554100000073],[99.06184180000008,11.619330800000057],[99.06170640000005,11.619253300000025],[99.06162860000006,11.61916270000006],[99.06159770000005,11.619045800000038],[99.06162320000004,11.618339000000049],[99.06165000000004,11.618026400000076],[99.06162460000007,11.617828000000031],[99.06130670000005,11.617135700000063],[99.06118870000006,11.616781100000026],[99.06117260000008,11.616410600000052],[99.06120480000004,11.616032300000029],[99.06133620000008,11.615609300000074],[99.06162590000008,11.615065500000071],[99.06175730000007,11.614897300000052],[99.06196390000008,11.61442960000005],[99.06226690000005,11.613707100000056],[99.06252980000005,11.613123900000062],[99.06256740000003,11.612811200000067],[99.06253520000007,11.612217500000042],[99.06254590000003,11.611902200000031],[99.06264780000004,11.611374100000035],[99.06273900000008,11.61113240000003],[99.06287040000007,11.610867000000042],[99.06335060000004,11.61029160000004],[99.06346320000006,11.610092000000066],[99.06368050000003,11.609600600000022],[99.06414180000007,11.608875500000067],[99.06420620000006,11.608628500000066],[99.06430540000008,11.607896800000049],[99.06439390000008,11.607500100000038],[99.06437920000008,11.607371300000068],[99.06434300000006,11.607276800000022],[99.06410650000004,11.60696820000004],[99.06352190000007,11.60634820000007],[99.06286640000008,11.605809400000055],[99.06225370000004,11.605219100000056],[99.06203230000006,11.604969900000071],[99.06189280000007,11.604883200000074],[99.06129970000006,11.604665700000055],[99.06103850000005,11.604524600000047],[99.06075850000008,11.604280200000062],[99.06061740000007,11.604121300000031],[99.06042020000007,11.603869100000054],[99.06026740000004,11.603703500000051],[99.06010910000003,11.603602400000057],[99.05977920000004,11.603518300000076],[99.05955930000005,11.60343290000003],[99.05929240000006,11.60326740000005],[99.05909790000004,11.603095300000064],[99.05895440000006,11.602920600000061],[99.05880420000005,11.602653900000064],[99.05871700000006,11.602431900000056],[99.05865000000006,11.60205220000006],[99.05862450000006,11.601694900000041],[99.05863790000006,11.601274500000045],[99.05869020000006,11.600801600000068],[99.05874120000004,11.600596600000074],[99.05900270000006,11.599991000000045],[99.05904020000008,11.599800500000072],[99.05903490000009,11.599653400000022],[99.05889270000006,11.599189600000045],[99.05886990000005,11.59906090000004],[99.05888200000004,11.598950500000058],[99.05901740000007,11.598620800000049],[99.05905900000005,11.598468400000058],[99.05904700000008,11.59834230000007],[99.05891950000006,11.597985000000051],[99.05889810000008,11.597839100000044],[99.05890210000007,11.597537000000045],[99.05894640000008,11.597258500000066],[99.05903350000006,11.597004900000059],[99.05913280000004,11.596765800000071],[99.05920390000006,11.596528000000035],[99.05924010000007,11.596243000000072],[99.05931380000004,11.595549300000073],[99.05936610000003,11.595186700000056],[99.05936560000004,11.595021200000076],[99.05932720000004,11.594772900000066],[99.05932860000007,11.594615200000021],[99.05937020000005,11.594486500000073],[99.05942920000007,11.594389300000046],[99.05955520000003,11.594271000000049],[99.05983550000008,11.594087100000024],[99.05998040000009,11.593945200000064],[99.06003130000005,11.59384140000003],[99.06004610000008,11.59373370000003],[99.06001790000005,11.593644400000073],[99.05996960000004,11.593572100000074],[99.05980200000005,11.593464400000073],[99.05958610000005,11.593405300000029],[99.05878950000005,11.593312000000026],[99.05849710000007,11.593259500000045],[99.05833480000007,11.593203000000074],[99.05820210000007,11.593124100000068],[99.05805860000004,11.59299930000003],[99.05776490000005,11.592656400000067],[99.05760930000008,11.592417300000022],[99.05753280000005,11.592247900000075],[99.05751140000007,11.592108600000074],[99.05753550000009,11.591940500000021],[99.05769910000004,11.591642200000024],[99.05776750000007,11.591439900000069],[99.05777290000003,11.591294100000027],[99.05773800000009,11.591152200000067],[99.05756230000009,11.590836900000056],[99.05753820000007,11.590687100000025],[99.05756100000008,11.590483500000062],[99.05757580000005,11.590044700000021],[99.05756230000009,11.589792500000044],[99.05757980000004,11.589607200000046],[99.05762940000005,11.589433800000052],[99.05777830000005,11.589100100000053],[99.05795400000005,11.588846600000068],[99.05829590000008,11.588435300000071],[99.05851450000006,11.588167300000066],[99.05897590000006,11.587828400000035],[99.05915020000003,11.587669400000038],[99.05955790000007,11.587162300000045],[99.05962630000005,11.587034900000049],[99.05964910000006,11.586920600000042],[99.05962090000008,11.586806300000035],[99.05957000000006,11.58672480000007],[99.05943720000005,11.586663100000067],[99.05924410000006,11.586636800000065],[99.05892090000003,11.58664340000007],[99.05874520000003,11.586634200000049],[99.05848910000003,11.586585600000035],[99.05836970000007,11.586536900000056],[99.05826370000005,11.58644890000005],[99.05782650000003,11.585638300000028],[99.05773800000009,11.585549000000071],[99.05762540000006,11.585468800000058],[99.05669200000006,11.585137800000041],[99.05648140000005,11.585035300000072],[99.05629160000007,11.584905500000048],[99.05560840000004,11.58436000000006],[99.05542330000009,11.584162900000024],[99.05534010000008,11.583988200000022],[99.05519530000004,11.583520500000077],[99.05508260000005,11.583364200000062],[99.05448720000004,11.582910900000059],[99.05432220000006,11.582727000000034],[99.05356720000003,11.58165230000003],[99.05350950000008,11.581511700000021],[99.05346390000005,11.581318600000031],[99.05345390000008,11.580742800000053],[99.05345620000008,11.580657400000064],[99.05346240000006,11.580423800000062],[99.05345190000008,11.580233400000054],[99.05340890000008,11.580021900000077],[99.05335530000008,11.57989310000005],[99.05299320000006,11.579383300000075],[99.05288990000008,11.579211200000032],[99.05278530000004,11.578987900000072],[99.05269280000005,11.578564800000038],[99.05268480000007,11.578321800000026],[99.05274380000009,11.577988100000027],[99.05284970000008,11.577713500000073],[99.05293820000009,11.577586000000053],[99.05321670000006,11.577372900000057],[99.05340490000003,11.577218200000061],[99.05346800000007,11.577114400000028],[99.05358610000008,11.576484200000039],[99.05361450000004,11.575811600000065],[99.05351360000009,11.57465620000005],[99.05348450000008,11.574488400000064],[99.05332800000008,11.573945300000048],[99.05324280000008,11.573668200000043],[99.05326990000003,11.573374300000069],[99.05333970000004,11.573253000000022],[99.05345140000009,11.573067300000048],[99.05353370000006,11.572992900000031],[99.05363630000005,11.572946900000034],[99.05377240000007,11.572926500000051],[99.05411710000004,11.572892400000057],[99.05433300000004,11.572833900000035],[99.05485970000007,11.572639500000037],[99.05578380000009,11.572387400000025],[99.05654890000005,11.572178500000064],[99.05682650000006,11.571999400000038],[99.05707020000006,11.571850200000029],[99.05720160000004,11.571731600000021],[99.05733300000009,11.571572600000025],[99.05741750000004,11.57146750000004],[99.05748460000007,11.571317700000066],[99.05749530000008,11.571129900000074],[99.05742690000005,11.570860500000038],[99.05739180000006,11.570656300000053],[99.05740540000005,11.57041090000007],[99.05746290000008,11.570195300000023],[99.05763890000009,11.569969800000024],[99.05778450000008,11.569780700000024],[99.05798760000005,11.569462400000077],[99.05816370000008,11.569299800000067],[99.05830240000006,11.569173800000044],[99.05840740000008,11.56898810000007],[99.05845140000008,11.568842200000063],[99.05856650000004,11.568437600000038],[99.05862740000003,11.56808600000005],[99.05862070000006,11.56770460000007],[99.05858000000006,11.567353100000048],[99.05848190000006,11.567134200000055],[99.05840400000005,11.566935200000046],[99.05840740000008,11.566822400000035],[99.05851910000007,11.566517300000044],[99.05856990000007,11.566285200000038],[99.05865450000005,11.566079600000023],[99.05875950000006,11.565990000000056],[99.05893550000008,11.565897200000052],[99.05919280000006,11.565834100000075],[99.05936200000008,11.565754500000025],[99.05949740000005,11.56564510000004],[99.05960240000007,11.565545600000064],[99.05964110000008,11.565476300000057],[99.05972760000009,11.565240500000073],[99.05979870000004,11.56504810000007],[99.05993340000003,11.564860100000033],[99.06010680000009,11.56468330000007],[99.06030310000006,11.564520800000025],[99.06038940000008,11.56447380000003],[99.06051550000007,11.564451500000075],[99.06089630000008,11.564476500000069],[99.06106430000006,11.564473900000053],[99.06119670000004,11.564451500000075],[99.06131340000007,11.564377900000068],[99.06140330000005,11.56426360000006],[99.06149480000005,11.56401150000005],[99.06161920000005,11.56344370000005],[99.06168490000005,11.563212500000077],[99.06201750000008,11.562593700000036],[99.06205770000008,11.562449100000038],[99.06206440000005,11.562340100000029],[99.06202020000006,11.562207400000034],[99.06169300000005,11.56175010000004],[99.06150520000006,11.561587200000076],[99.06134430000009,11.561500500000022],[99.06114180000009,11.561444000000051],[99.06067770000004,11.56139410000003],[99.06004110000003,11.561285400000031],[99.05928030000007,11.561199600000066],[99.05908580000005,11.561194400000034],[99.05870090000008,11.561279800000023],[99.05848230000004,11.561254800000029],[99.05825570000007,11.561164200000064],[99.05808940000009,11.561137900000062],[99.05781980000006,11.561158900000066],[99.05711840000004,11.561166800000024],[99.05687440000008,11.56118250000003],[99.05666520000005,11.561232500000074],[99.05649480000005,11.561323100000038],[99.05618370000008,11.561560900000075],[99.05604420000009,11.561620100000027],[99.05588060000008,11.561645000000055],[99.05566870000007,11.56161220000007],[99.05550150000005,11.561537900000076],[99.05493380000007,11.560965800000076],[99.05468570000005,11.56076470000005],[99.05448180000008,11.560650400000043],[99.05419350000005,11.560565000000054],[99.05338480000006,11.560513800000024],[99.05314880000009,11.560457300000053],[99.05300130000006,11.56036400000005],[99.05285640000005,11.560186600000065],[99.05271750000009,11.559852400000068],[99.05261897600008,11.55961301800005],[99.05249740000005,11.559436700000049],[99.05214990000007,11.559303400000033],[99.05108550000006,11.559154400000068],[99.05048990000006,11.558868800000027],[99.05013510000003,11.558328800000027],[99.05016680000006,11.557689500000038],[99.05038860000008,11.557112200000063],[99.05009080000008,11.556572200000062],[99.04998310000008,11.555678300000068],[99.04965360000006,11.555169300000045],[99.04953330000006,11.55441200000007],[99.04960930000004,11.553598900000054],[99.04950470000006,11.553310500000066],[99.04944580000006,11.553181400000028],[99.04936220000008,11.553071200000034],[99.04920070000009,11.55292890000004],[99.04895670000008,11.55287880000003],[99.04851320000006,11.552717400000063],[99.04812040000007,11.55214630000006],[99.04766260000008,11.55114210000005],[99.04726510000006,11.550085500000023],[99.04702430000003,11.549315800000045],[99.04704330000004,11.548688800000036],[99.04753120000004,11.54754040000006],[99.04755080000007,11.546775400000058],[99.04756280000004,11.54630510000004],[99.04749280000004,11.545862800000066],[99.04741260000009,11.545674100000042],[99.04736640000004,11.545423700000072],[99.04740410000005,11.544607600000063],[99.04748680000006,11.54375390000007],[99.04738540000005,11.542828900000075],[99.04694190000004,11.542450300000041],[99.04654910000005,11.541798500000027],[99.04647310000007,11.541332900000043],[99.04694190000004,11.539613400000064],[99.04713200000003,11.538483600000063],[99.04768960000007,11.537291700000026],[99.04787330000005,11.536584000000062],[99.04819010000006,11.536130900000046],[99.04829780000006,11.535634200000061],[99.04877890000006,11.534544200000028],[99.04927310000005,11.53403510000004],[99.04939660000008,11.53389610000005],[99.04950930000007,11.533691300000044],[99.04951970000008,11.533089400000051],[99.04954560000004,11.532439700000054],[99.04948940000008,11.532068400000071],[99.04938720000007,11.531663800000047],[99.04944420000004,11.531136100000026],[99.04983070000009,11.530211100000031],[99.04990190000007,11.529692100000034],[99.04995040000006,11.52916700000003],[99.05002200000007,11.528851000000031],[99.05009630000006,11.528683900000033],[99.05017280000004,11.528603300000043],[99.05171870000004,11.527256200000068],[99.05304920000003,11.526231900000028],[99.05434170000007,11.524630200000047],[99.05462050000006,11.524164600000063],[99.05519840000005,11.523707500000057],[99.05572290000003,11.523171300000058],[99.05596360000004,11.52288580000004],[99.05584330000005,11.522587800000053],[99.05555810000004,11.52187390000006],[99.05557080000005,11.521420700000021],[99.05589390000006,11.520775000000071],[99.05599530000006,11.518931200000054],[99.05579890000007,11.51839730000006],[99.05539980000003,11.51803110000003],[99.05518320000004,11.517913600000043],[99.05493720000004,11.517844800000034],[99.05469930000004,11.517639700000075],[99.05448740000008,11.517385400000023],[99.05444940000007,11.516994300000022],[99.05463310000005,11.516746000000069],[99.05487790000006,11.516556300000047],[99.05513070000006,11.516393100000073],[99.05524300000008,11.516275200000052],[99.05524600000007,11.516163400000039],[99.05517680000008,11.515905600000053],[99.05502590000003,11.515436000000022],[99.05491080000007,11.515236400000049],[99.05475630000007,11.515014300000075],[99.05470330000009,11.514933900000074],[99.05460780000004,11.514746900000034],[99.05448740000008,11.514436500000045],[99.05448110000003,11.513089300000047],[99.05488660000003,11.512394000000029],[99.05520330000007,11.511239300000057],[99.05514630000005,11.510699200000033],[99.05486350000007,11.510322400000064],[99.05444100000005,11.50975950000003],[99.05425270000006,11.509554200000025],[99.05408190000009,11.509302300000058],[99.05388170000003,11.509193800000048],[99.05354340000008,11.509185600000023],[99.05243460000008,11.509054000000049],[99.05203550000004,11.508749700000067],[99.05149060000008,11.507880600000021],[99.05123720000006,11.507266000000072],[99.05017280000004,11.506309900000076],[99.04928580000006,11.505949800000053],[99.04854270000004,11.505473000000052],[99.04770820000005,11.504850900000065],[99.04725380000008,11.504749100000026],[99.04684280000004,11.504727600000024],[99.04621830000008,11.504888100000073],[99.04561740000008,11.505043400000034],[99.04498990000008,11.505071600000065],[99.04460970000008,11.505124400000057],[99.04426240000004,11.50523540000006],[99.04372300000006,11.505757300000027],[99.04344370000007,11.506186200000059],[99.04324230000003,11.506347600000026],[99.04297850000006,11.506436600000029],[99.04270770000005,11.506436700000052],[99.04244510000007,11.506336500000032],[99.04227210000005,11.50625400000007],[99.04202520000007,11.505997300000047],[99.04186030000005,11.505751100000055],[99.04160690000003,11.50500610000006],[99.04133450000006,11.504466000000036],[99.04108740000004,11.503907200000071],[99.04088830000006,11.50362270000005],[99.04063510000003,11.503392500000075],[99.04011350000007,11.50314940000004],[99.03969020000005,11.503123100000039],[99.03919960000007,11.50297820000003],[99.03903830000007,11.502785000000074],[99.03892860000008,11.502203300000076],[99.03887710000004,11.502022400000044],[99.03870870000009,11.501809700000024],[99.03845590000009,11.501751100000035],[99.03802250000007,11.501951700000063],[99.03783890000005,11.501985200000036],[99.03721210000003,11.502254400000027],[99.03692720000004,11.502392000000043],[99.03647780000006,11.50250600000004],[99.03605260000006,11.502706500000045],[99.03580900000009,11.502769400000034],[99.03434850000008,11.502558600000043],[99.03392740000004,11.502304000000038],[99.03330020000004,11.501829900000075],[99.03320040000006,11.501502000000073],[99.03314790000007,11.501092300000039],[99.03324640000005,11.500363600000071],[99.03277790000004,11.49922360000005],[99.03255880000006,11.498760000000061],[99.03229850000008,11.498336800000061],[99.03223860000008,11.498259700000062],[99.03184330000005,11.49775150000005],[99.03147420000005,11.497454400000038],[99.03087830000004,11.497094400000037],[99.03016600000007,11.496857300000045],[99.02968220000008,11.496844200000055],[99.02899670000005,11.496997800000031],[99.02814550000005,11.49710760000005],[99.02711960000005,11.49747640000004],[99.02640730000007,11.497533400000066],[99.02508570000003,11.497858300000075],[99.02474520000004,11.497875900000054],[99.02254550000004,11.496506100000033],[99.02106710000004,11.495096900000021],[99.02070420000007,11.494556900000077],[99.01983060000003,11.493555900000047],[99.01952150000005,11.49268230000007],[99.01930640000006,11.491167700000062],[99.01917200000008,11.49063650000005],[99.01908240000006,11.489661800000022],[99.01917650000007,11.489007700000059],[99.01937360000005,11.488520400000027],[99.02018450000008,11.487234000000058],[99.02013970000007,11.486540300000058],[99.01994260000004,11.486219800000072],[99.01930640000006,11.485811500000068],[99.01865680000009,11.48467880000004],[99.01846420000004,11.484011500000065],[99.01745620000008,11.482176300000049],[99.01697230000008,11.480868000000044],[99.01687820000006,11.480371900000023],[99.01692750000007,11.479471900000021],[99.01683790000004,11.478716700000064],[99.01704400000006,11.475700500000073],[99.01691860000005,11.475265800000045],[99.01670350000006,11.475068300000032],[99.01636300000007,11.474923400000023],[99.01579410000005,11.474853100000075],[99.01307220000007,11.474825800000076],[99.01089260000003,11.475644000000045],[99.01003340000005,11.475348000000054],[99.00884260000004,11.47416540000006],[99.00933660000004,11.473757300000045],[99.01000980000003,11.47329730000007],[99.01071520000005,11.472584900000072],[99.01079560000005,11.47221170000006],[99.01084390000005,11.470818500000064],[99.01073930000007,11.470516200000077],[99.01040940000007,11.470056200000045],[99.01027520000008,11.469477900000072],[99.01071120501038,11.466963202557734],[99.00971217076082,11.463953689445715],[99.00937400000004,11.463311000000033],[99.00940630000008,11.462881400000072],[99.00925600000005,11.462743200000034],[99.00893010000004,11.462591300000042],[99.00865520000008,11.46232260000005],[99.00822610000006,11.461691700000074],[99.00805440000005,11.460703300000034],[99.00732480000005,11.460135500000035],[99.00680990000006,11.459315400000037],[99.00732480000005,11.458348000000058],[99.00726888047659,11.456850307724102],[99.00721613643236,11.456561766776248],[99.00717890534231,11.456340319355249],[99.00693224937076,11.455684121393196],[99.00660600000003,11.454754500000035],[99.00616150000008,11.454232300000058],[99.00586570000007,11.45363720000006],[99.00571450000007,11.453149100000076],[99.00567810000007,11.452634400000022],[99.00545231354145,11.452215424837282],[99.00477905132982,11.451058158455032],[99.00441980000005,11.450649300000066],[99.00415640000006,11.450389400000063],[99.00406330000004,11.450146200000063],[99.00395600000007,11.449570600000072],[99.00384870000005,11.449178700000061],[99.00354830000003,11.448779200000047],[99.00316210000005,11.448653000000036],[99.00178100000005,11.449000200000057],[99.00155970000009,11.449015700000075],[99.00133150000005,11.448925100000054],[99.000936492578,11.448359680074425],[99.00068518272019,11.447905150516783],[99.00063243867596,11.447596442728488],[99.00050212986079,11.447312555666889],[99.00026788425257,11.44719310591966],[98.99979784174074,11.447055040627406],[98.99923317020838,11.446944898652688],[98.99900010000005,11.447002100000077],[98.99839740000004,11.447380200000055],[98.99747110000004,11.447716600000035],[98.99648700000006,11.448356100000069],[98.99587080000003,11.449369200000035],[98.99556960000007,11.449643800000047],[98.99529980000005,11.449687100000062],[98.99392980000005,11.449586600000032],[98.99152460000005,11.449328900000069],[98.99075240000008,11.449191100000064],[98.99044410000005,11.449181400000043],[98.99031200000007,11.449229500000058],[98.99024430000009,11.449335500000075],[98.99020880000006,11.449502000000052],[98.99023770000008,11.449668400000064],[98.99069420000006,11.450611300000048],[98.99095250000005,11.451797000000056],[98.99103390000005,11.45219110000005],[98.99101400000006,11.452605000000062],[98.99088280000007,11.453061900000023],[98.99050490000008,11.453565100000048],[98.99017150000009,11.453590100000042],[98.98960150000005,11.453515800000048],[98.98864400000008,11.45350620000005],[98.98812390000006,11.453400500000043],[98.98760360000006,11.45294350000006],[98.98681630000004,11.452602500000069],[98.98608010000004,11.452699400000029],[98.98423760000009,11.453895700000032],[98.98293730000006,11.453467400000022],[98.98163710000006,11.453618800000072],[98.98048580000005,11.453141000000073],[98.97918670000007,11.452252600000065],[98.97764110000008,11.451756700000033],[98.97629270000004,11.451816400000041],[98.97402720000008,11.45063220000003],[98.97222890000006,11.450559500000054],[98.96991310000004,11.450027800000043],[98.96807100000007,11.448288700000035],[98.96585930000003,11.446839500000067],[98.96517570000003,11.445310300000074],[98.96483710000007,11.443297900000061],[98.96558590000006,11.441624400000023],[98.96611290000004,11.439177200000074],[98.96616290000009,11.438591300000041],[98.96538540000006,11.437558100000047],[98.96521250000006,11.436888000000067],[98.96429620000004,11.435247300000071],[98.96437760000003,11.432585000000074],[98.96322590000005,11.431907200000069],[98.96172920000004,11.430093900000031],[98.96068290000005,11.427928800000075],[98.95915650000006,11.42690820000007],[98.95679200000006,11.427023000000077],[98.95670050000007,11.427057900000023],[98.95537250000007,11.427564500000074],[98.95350930000006,11.428130100000033],[98.95294700000005,11.428722900000025],[98.95095510000004,11.43045120000005],[98.94978120000007,11.431201900000076],[98.94967580000008,11.431175900000028],[98.94934110000008,11.431093100000055],[98.94882710000007,11.429897200000028],[98.94819350000006,11.42948640000003],[98.94722210000003,11.42832670000007],[98.94577220000008,11.427770800000076],[98.94415010000006,11.426715100000024],[98.94230110000007,11.42551160000005],[98.94178780000004,11.424653700000022],[98.94101630000006,11.423880200000042],[98.94009700000004,11.423106700000062],[98.93920970000005,11.421458800000039],[98.93819220000006,11.420146900000077],[98.93751990000004,11.418762400000048],[98.93699420000007,11.415777800000058],[98.93795410000007,11.41327780000006],[98.93799680000006,11.411875800000075],[98.93789800000008,11.410904100000039],[98.93747530000007,11.409869700000058],[98.93721580000005,11.409382200000039],[98.93554150000006,11.408220500000027],[98.93411390000006,11.407978700000058],[98.93356670000009,11.40770850000007],[98.93262310000006,11.407660300000032],[98.93181180000005,11.407786000000044],[98.92888690000007,11.407093600000053],[98.92767920000006,11.407366700000068],[98.92657000000008,11.407446500000049],[98.92625470000007,11.407565100000056],[98.92525900000004,11.408772100000022],[98.92495830000007,11.409484300000031],[98.92465560000005,11.409741900000029],[98.92426330000006,11.41007570000005],[98.92285230000005,11.411043100000029],[98.92178110000003,11.411386100000072],[98.92120070000004,11.411663000000033],[98.92101660000009,11.411954000000037],[98.92080430000004,11.41212020000006],[98.92026300000003,11.411976800000048],[98.91929690000006,11.411458800000048],[98.91886550000004,11.41107500000004],[98.91797380000008,11.410657600000036],[98.91743590000004,11.410718900000063],[98.91666300000009,11.411228300000062],[98.91622730000006,11.411289800000077],[98.91565000000008,11.411198600000034],[98.91497690000006,11.411321600000065],[98.91261120000007,11.410804400000075],[98.91171660000003,11.410728800000072],[98.91102870000003,11.410850500000038],[98.91062390000008,11.410861300000022],[98.91035730000004,11.410685000000058],[98.91017750000003,11.41056610000004],[98.90982970000005,11.410029300000076],[98.90917010000004,11.409672100000023],[98.90841190000003,11.409532400000046],[98.90823900000004,11.409572100000048],[98.90725600000007,11.409798100000046],[98.90693680000004,11.40961100000004],[98.90661760000006,11.40896470000007],[98.90588060000005,11.408336700000064],[98.90541940000008,11.407439900000043],[98.90491760000003,11.406689500000027],[98.90441590000006,11.40632560000006],[98.90385280000004,11.405897400000072],[98.90302900000006,11.40495240000007],[98.90240240000008,11.404442300000028],[98.90150520000009,11.404448200000047],[98.90036160000005,11.404756200000065],[98.89945960000006,11.406007100000068],[98.89927970000008,11.406862100000069],[98.89915190000005,11.406944000000067],[98.89900120000004,11.40704050000005],[98.89856190000006,11.407072400000061],[98.89723520000007,11.406838600000071],[98.89668180000007,11.406664600000056],[98.89632550000005,11.406297400000028],[98.89601340000007,11.404521300000056],[98.89594050000005,11.403771600000027],[98.89587220000004,11.40273140000005],[98.89557750000006,11.402169900000047],[98.89526850000004,11.402049700000077],[98.89460670000005,11.401870400000064],[98.89341230000008,11.40196620000006],[98.89251380000007,11.402231100000051],[98.89091510000009,11.402419800000075],[98.89035160000009,11.402366800000038],[98.88877450000007,11.401647400000058],[98.88741410000006,11.401870400000064],[98.88566480000009,11.401753100000064],[98.88406340000006,11.40144250000003],[98.88298870000006,11.401804500000026],[98.88181530000008,11.402118200000075],[98.88057770000006,11.402093300000047],[98.87945460000009,11.402484600000037],[98.87907630000007,11.402855200000033],[98.87872280000005,11.403733200000033],[98.87833380000006,11.403968000000077],[98.87794480000008,11.404057900000055],[98.87757460000006,11.403843300000062],[98.87330990000004,11.400705100000039],[98.87255430000005,11.399941100000035],[98.86905170000006,11.396091100000035],[98.86887890000008,11.393582800000047],[98.86940380000004,11.39177200000006],[98.86919260000008,11.391460100000074],[98.86896420000005,11.391169200000036],[98.86865080000007,11.391003300000023],[98.86789660000005,11.390914200000054],[98.86751480000004,11.39071240000004],[98.86642940000007,11.39057390000005],[98.86604440000008,11.390680000000032],[98.86573940000005,11.391564500000072],[98.86532970000007,11.392139600000064],[98.86496930000004,11.39240060000003],[98.86454960000003,11.39235130000003],[98.86351080000009,11.392229200000031],[98.86289030000006,11.39249280000007],[98.86215410000005,11.393988700000023],[98.86181290000007,11.395595800000024],[98.86041110000008,11.39623800000004],[98.85984600000006,11.397365100000059],[98.85931550000004,11.398000900000056],[98.85808750000007,11.398891200000037],[98.85756750000007,11.39896280000005],[98.85671770000005,11.398725100000036],[98.85575270000004,11.398794500000065],[98.85471380000007,11.39874320000007],[98.85436500000009,11.398546900000042],[98.85404740000007,11.397470600000077],[98.85121740000005,11.396724300000074],[98.85025350000006,11.395356100000072],[98.85073740000007,11.394693700000062],[98.85097480000007,11.393572300000073],[98.85279000000008,11.392190300000038],[98.85316890000007,11.39205030000005],[98.85374500000006,11.392176000000063],[98.85425640000005,11.391896000000031],[98.85480700000005,11.391367200000047],[98.85530840000007,11.390645100000029],[98.85551400000008,11.389862600000072],[98.85586740000008,11.389321700000039],[98.85595020000005,11.388728700000058],[98.85700320000007,11.386769600000036],[98.85708790000007,11.386210000000062],[98.85678690000003,11.385890600000039],[98.85589440000007,11.38549880000005],[98.85546640000007,11.38422330000003],[98.85592560000003,11.38329820000007],[98.85544830000003,11.382433500000047],[98.85521740000007,11.381351300000063],[98.85513810000003,11.380713000000071],[98.85515540000006,11.380522400000075],[98.85532830000005,11.380268200000046],[98.85568260000008,11.380035200000066],[98.85604480000006,11.379727600000024],[98.85617520000005,11.379488700000024],[98.85622280000007,11.379230300000074],[98.85630920000006,11.37884900000006],[98.85641390000006,11.378292300000055],[98.85670210000006,11.377252300000066],[98.85677010000006,11.376472400000068],[98.85681830000004,11.375600500000075],[98.85665800000004,11.37539490000006],[98.85626910000008,11.375246700000048],[98.85585860000003,11.375051800000051],[98.85536420000005,11.374899500000026],[98.85511350000007,11.374660300000073],[98.85500130000008,11.374326800000063],[98.85502290000005,11.374123500000053],[98.85509210000004,11.37383120000004],[98.85510940000006,11.373471100000074],[98.85513530000009,11.373026300000049],[98.85507050000007,11.372852600000044],[98.85503160000007,11.372441600000059],[98.85484780000007,11.372248700000057],[98.85457950000006,11.372094700000048],[98.85413440000008,11.371971900000062],[98.85352180000007,11.371915600000023],[98.85333930000007,11.37194640000007],[98.85323120000004,11.37188290000006],[98.85310590000006,11.37174310000006],[98.85282500000005,11.371527000000071],[98.85261760000009,11.371416900000042],[98.85233240000008,11.371353300000067],[98.85218550000008,11.371260100000029],[98.85185270000005,11.371056800000076],[98.85154160000008,11.370989000000066],[98.85117860000008,11.370967800000074],[98.85078540000006,11.370917000000077],[98.85065140000006,11.370844900000066],[98.85057790000008,11.370696700000053],[98.85041370000005,11.370429800000068],[98.85010260000007,11.370209500000044],[98.84959700000007,11.370018800000025],[98.84929450000004,11.369955300000072],[98.84893150000005,11.369984900000077],[98.84871980000008,11.369976500000064],[98.84859880000005,11.369845100000077],[98.84849940000004,11.369603600000062],[98.84841510000007,11.369468500000039],[98.84822280000009,11.369349500000055],[98.84787280000006,11.369243500000039],[98.84754440000006,11.369010500000059],[98.84726350000005,11.368790200000035],[98.84687450000007,11.368561500000055],[98.84602940000008,11.368215900000052],[98.84562890000007,11.368066700000043],[98.84540910000004,11.367905000000064],[98.84517830000004,11.36765790000004],[98.84495220000008,11.367370300000061],[98.84462220000006,11.367182200000059],[98.84379720000004,11.366873000000055],[98.84314330000007,11.36657340000005],[98.84277660000004,11.36629780000004],[98.84271670000004,11.366025500000035],[98.84275020000007,11.365746600000023],[98.84282970000004,11.365381100000036],[98.84312300000005,11.364805900000022],[98.84334300000006,11.36449440000007],[98.84346960000005,11.36417590000002],[98.84344080000005,11.363769400000024],[98.84338580000008,11.363128300000028],[98.84333690000005,11.362649000000033],[98.84313460000004,11.362344300000075],[98.84284280000008,11.362128600000062],[98.84238440000007,11.361960900000042],[98.84177330000006,11.361871000000065],[98.84134210000008,11.361699800000054],[98.84099820000006,11.361402800000064],[98.84047260000006,11.360839600000077],[98.84011210000006,11.360414200000037],[98.83994520000005,11.360261700000024],[98.83928920000005,11.360057700000027],[98.83911850000004,11.360067900000047],[98.83841530000007,11.360217800000044],[98.83789590000003,11.360253700000044],[98.83762090000005,11.360337600000037],[98.83733830000006,11.360570500000051],[98.83710620000005,11.360609800000077],[98.83683860000008,11.360611000000063],[98.83653570000007,11.360668000000032],[98.83609170000005,11.360639900000024],[98.83562080000007,11.36047110000004],[98.83530250000007,11.360154800000032],[98.83512530000007,11.35983120000003],[98.83515490000008,11.359469600000068],[98.83558360000006,11.358812700000044],[98.83602290000005,11.35802330000007],[98.83602360000003,11.35769220000003],[98.83595640000004,11.357165000000066],[98.83577920000005,11.35686540000006],[98.83554470000007,11.356544800000052],[98.83540350000004,11.356220500000063],[98.83543410000004,11.355902900000046],[98.83554370000007,11.355588900000043],[98.83547970000006,11.355295600000034],[98.83530860000008,11.354864200000065],[98.83488080000006,11.354139200000077],[98.83450800000008,11.353719800000022],[98.83431250000007,11.353210500000046],[98.83432640000007,11.352581400000076],[98.83449140000005,11.352118700000062],[98.83466260000006,11.351801100000046],[98.83504760000005,11.351172000000076],[98.83548760000008,11.350764500000025],[98.83571420000004,11.35042210000006],[98.83579930000008,11.34997960000004],[98.83599480000004,11.349560200000042],[98.83621620000008,11.349239200000056],[98.83626540000006,11.348971300000073],[98.83605420000004,11.348417100000063],[98.83591360000008,11.34794370000003],[98.83582810000007,11.347536300000058],[98.83585250000004,11.347266600000069],[98.83586360000004,11.346985300000028],[98.83544920000008,11.346619500000031],[98.83535550000005,11.346497700000043],[98.83523510000003,11.34630500000003],[98.83514970000004,11.346206100000074],[98.83485640000004,11.345984400000077],[98.83428290000006,11.345880400000055],[98.83418820000009,11.345856900000058],[98.83279070000003,11.345511000000045],[98.83062240000004,11.344959300000028],[98.83018120000008,11.344696100000021],[98.82984510000006,11.344366600000058],[98.82952730000005,11.343348000000049],[98.82907510000007,11.342736800000068],[98.82899560000004,11.34235330000007],[98.82913340000005,11.34203640000004],[98.82930730000004,11.340981200000044],[98.82918120000005,11.340701500000023],[98.82854120000007,11.340076700000054],[98.82820660000004,11.338934000000052],[98.82818260000005,11.338841400000035],[98.82809730000008,11.338512500000036],[98.82814620000005,11.338045100000045],[98.82835390000008,11.337128300000074],[98.82875730000006,11.335402600000066],[98.82920950000005,11.33389260000007],[98.82929510000008,11.33244250000007],[98.82938560000008,11.331580700000075],[98.82883730000003,11.33109040000005],[98.82844930000005,11.331055200000037],[98.82810810000007,11.330915700000048],[98.82804640000006,11.33080160000003],[98.82805290000005,11.330675000000042],[98.82825080000003,11.330411200000071],[98.82825960000008,11.329931300000055],[98.82855000000006,11.329593400000022],[98.82867150000004,11.329116400000032],[98.82847010000006,11.328654400000062],[98.82807150000008,11.328337400000066],[98.82757000000004,11.328138400000057],[98.82678900000008,11.327462500000024],[98.82708350000007,11.326751800000068],[98.82690970000004,11.32610150000005],[98.82656210000005,11.324498900000037],[98.82663570000005,11.323974100000044],[98.82690650000006,11.32352190000006],[98.82695500000005,11.322520800000063],[98.82685500000008,11.322258800000043],[98.82680280000005,11.32127550000007],[98.82621260000008,11.321107200000029],[98.82567160000008,11.320395100000042],[98.82463770000004,11.320118000000036],[98.82394880000004,11.319575000000043],[98.82328930000006,11.318641600000035],[98.82297490000008,11.318264000000056],[98.82250270000009,11.317456700000037],[98.82220590000009,11.31720290000004],[98.82145220000007,11.316929000000073],[98.82059430000004,11.31630210000003],[98.81965930000007,11.315903700000035],[98.81876680000005,11.315240300000028],[98.81854980000008,11.314327800000058],[98.81769190000006,11.313487900000041],[98.81717910000003,11.313252200000022],[98.81696210000007,11.313040600000022],[98.81699050000003,11.312131100000045],[98.81667390000007,11.311294000000032],[98.81630790000008,11.31066240000007],[98.81613910000004,11.31010340000006],[98.81622320000008,11.308902700000033],[98.81598300000007,11.307884800000068],[98.81606810000005,11.307313400000055],[98.81565190000003,11.306428700000026],[98.81585920000003,11.305578500000024],[98.81339580000008,11.302016200000025],[98.81133220000004,11.30143380000004],[98.81036920000008,11.300596400000074],[98.81006590000004,11.299055500000065],[98.80961460000003,11.297756200000038],[98.80972220000007,11.297056000000055],[98.80968820000004,11.296577900000045],[98.80956350000008,11.296149200000059],[98.80966400000005,11.294439500000067],[98.81047120000005,11.293001600000025],[98.81133110000007,11.29266320000005],[98.81175220000006,11.292179100000055],[98.81209840000008,11.291191300000037],[98.81314350000008,11.28926910000007],[98.81447300000008,11.286055700000077],[98.81468880000006,11.284875500000055],[98.81499040000006,11.283695200000068],[98.81493360000007,11.282318900000064],[98.81522320000005,11.281828800000028],[98.81579150000005,11.281791600000076],[98.81630330000007,11.281615600000066],[98.81721190000007,11.280767800000035],[98.81801450000006,11.27882040000003],[98.81842330000006,11.277107500000056],[98.81875810000008,11.275454900000057],[98.81826010000003,11.274331700000062],[98.81782810000004,11.273716500000035],[98.81728340000006,11.273329400000023],[98.81659230000008,11.272647300000074],[98.81613710000005,11.27239140000006],[98.81584450000008,11.272047100000066],[98.81559420000008,11.271531000000039],[98.81473530000005,11.269190200000025],[98.81469720000007,11.26788810000005],[98.81441510000008,11.266545500000063],[98.81439420000004,11.265179700000033],[98.81454950000006,11.263384300000041],[98.81464820000008,11.262668400000052],[98.81469890000005,11.26233110000004],[98.81456720000006,11.261564300000032],[98.81444350000004,11.261023400000056],[98.81432920000003,11.260806400000035],[98.81340660000006,11.260303700000065],[98.81226850000007,11.259709400000077],[98.81172430000004,11.259637400000031],[98.81102340000007,11.259141000000056],[98.81058540000004,11.258702200000073],[98.81033460000003,11.258232600000042],[98.81014940000006,11.257332400000053],[98.80986770000004,11.256444300000055],[98.80976120000008,11.255229500000041],[98.80978450000003,11.25442460000005],[98.81043360000007,11.253307300000074],[98.81059640000007,11.25262280000004],[98.81062140000006,11.251784200000031],[98.81053660000003,11.251624200000037],[98.81024850000006,11.251323600000035],[98.80900430000008,11.250791900000024],[98.80873760000009,11.250563000000056],[98.80749390000005,11.249174800000048],[98.80731070000007,11.24879670000007],[98.80726970000006,11.248750800000039],[98.80668630000008,11.24778630000003],[98.80568380000005,11.246792300000038],[98.80456470000007,11.246038000000055],[98.80424660000006,11.245767800000067],[98.80370050000005,11.245048800000063],[98.80335680000007,11.244563800000037],[98.80316750000009,11.243572800000038],[98.80295020000005,11.243108500000062],[98.80179150000004,11.242418200000031],[98.80028380000005,11.242384600000037],[98.79872680000005,11.242254200000048],[98.79651550000005,11.241612600000053],[98.79593100000005,11.241527100000042],[98.79502670000005,11.242102600000067],[98.79469770000009,11.243200300000069],[98.79427020000008,11.243669400000044],[98.79381560000007,11.243741700000044],[98.79321310000006,11.24357230000004],[98.79264900000004,11.243088500000056],[98.78723200000007,11.241371300000026],[98.78679740000007,11.24142340000003],[98.78616710000006,11.241694400000029],[98.78583020000008,11.242223200000069],[98.78357450000004,11.244358300000044],[98.78336290000004,11.244497400000057],[98.78069860000005,11.244867600000077],[98.77900350000004,11.246016700000041],[98.77843590000003,11.247158900000045],[98.77710130000008,11.248130700000047],[98.77628800000008,11.248716800000068],[98.77530420000005,11.249301400000036],[98.77385360000005,11.249315000000024],[98.77346950000003,11.249549700000046],[98.77255540000004,11.250486200000068],[98.77222260000008,11.251278800000023],[98.77217510000008,11.25169610000006],[98.77216150000004,11.252804900000058],[98.77203300000008,11.253383600000063],[98.77158700000007,11.253828700000042],[98.77116020000005,11.254180500000075],[98.76991670000007,11.254621300000053],[98.76866060000003,11.255030500000032],[98.76842300000004,11.255127500000071],[98.76797380000005,11.255406600000072],[98.76789980000007,11.255452300000059],[98.76779250000004,11.255604900000037],[98.76689130000005,11.256909700000051],[98.76630540000008,11.257673100000034],[98.76601040000008,11.258031900000049],[98.76575280000009,11.258065600000066],[98.76549100000005,11.25803060000004],[98.76523360000004,11.25804110000007],[98.76474540000004,11.258220000000051],[98.76467030000003,11.258335800000054],[98.76470780000005,11.258672500000046],[98.76460590000005,11.25891450000006],[98.76416600000005,11.259482700000035],[98.76410170000008,11.259851000000026],[98.76405340000008,11.26077170000002],[98.76402150000007,11.261044200000072],[98.76340330000005,11.261399100000062],[98.76232510000006,11.262019900000041],[98.76191850000004,11.26234450000004],[98.76181090000006,11.262439500000028],[98.76168070000006,11.262554400000056],[98.76127470000006,11.262912700000072],[98.76114360000008,11.263020400000073],[98.76104410000005,11.263102100000026],[98.76085290000003,11.26321790000003],[98.76080700000006,11.263245700000027],[98.76052800000008,11.263377200000036],[98.76029110000007,11.263477000000023],[98.76022330000006,11.263391400000046],[98.76013100000006,11.263256200000058],[98.75984160000007,11.262834800000064],[98.75953470000007,11.262387900000022],[98.75931350000008,11.262066000000061],[98.75917240000007,11.261860100000035],[98.75873630000007,11.261225400000058],[98.75857110000004,11.261013400000024],[98.75838870000007,11.260918700000047],[98.75795720000008,11.260730900000055],[98.75697900000006,11.260305300000027],[98.75686520000005,11.260255800000039],[98.75639310000008,11.260076900000058],[98.75583110000008,11.259065500000077],[98.75437610000006,11.256446700000026],[98.75388260000005,11.255573300000037],[98.75366800000006,11.255057700000066],[98.75336760000005,11.253910800000028],[98.75284620000008,11.251755200000048],[98.75284980000004,11.251370400000042],[98.75282780000003,11.250910500000032],[98.75291050000004,11.24971480000005],[98.75300980000009,11.248876100000075],[98.75304840000007,11.24842700000005],[98.75304840000007,11.248140200000023],[98.75303740000004,11.247788600000035],[98.75293260000007,11.247545100000025],[98.75256300000007,11.247079700000029],[98.75203340000007,11.24640880000004],[98.75187890000007,11.246084200000041],[98.75181270000007,11.245879200000047],[98.75183480000004,11.245532900000057],[98.75190650000008,11.245181200000047],[98.75196170000004,11.24478350000004],[98.75193960000007,11.244461600000022],[98.75181820000006,11.244091000000026],[98.75122520000008,11.242960100000062],[98.75068460000006,11.24197810000004],[98.75008880000007,11.240822800000046],[98.74963090000006,11.240122100000065],[98.74942680000004,11.23975960000007],[98.74936060000005,11.239472800000044],[98.74937710000006,11.239242900000022],[98.74942120000009,11.239058900000032],[98.74955360000007,11.238847900000053],[98.74973840000007,11.238577300000031],[98.75013290000004,11.237800900000025],[98.75050250000004,11.237111000000027],[98.75072320000004,11.236789000000044],[98.75101000000006,11.236494100000073],[98.75123070000006,11.236315600000069],[98.75139900000005,11.236253400000066],[98.75154790000005,11.236239800000021],[98.75200580000006,11.23625880000003],[98.75323330000003,11.236329100000034],[98.75363320000008,11.23634800000002],[98.75387320000004,11.23631830000005],[98.75436970000004,11.236096400000065],[98.75468410000008,11.235934100000065],[98.75484950000003,11.235774400000025],[98.75497820000004,11.23552570000004],[98.75503730000008,11.235223000000076],[98.75510900000006,11.234819900000048],[98.75526620000005,11.234048900000062],[98.75554210000007,11.23294500000003],[98.75568550000008,11.232336300000043],[98.75593930000008,11.231581500000061],[98.75608270000004,11.231175600000029],[98.75610750000004,11.230894300000045],[98.75613240000007,11.230323400000032],[98.75618480000009,11.22954690000006],[98.75622890000005,11.229184400000065],[98.75625920000004,11.229011200000059],[98.75636680000008,11.228781200000071],[98.75648820000004,11.22860810000003],[98.75669780000004,11.228459300000054],[98.75690750000007,11.228334800000027],[98.75714740000006,11.228218500000025],[98.75750330000005,11.228088600000035],[98.75762300000008,11.22804190000005],[98.75803010000004,11.227883000000077],[98.75833900000003,11.227747700000066],[98.75883000000005,11.227504200000055],[98.75937620000008,11.227174200000036],[98.75954990000008,11.227087600000061],[98.75971270000008,11.227044300000045],[98.76009610000006,11.226995600000066],[98.76032230000004,11.226976600000057],[98.76079120000009,11.226976600000057],[98.76101740000007,11.226968500000055],[98.76123250000006,11.226927900000021],[98.76174830000008,11.226741300000072],[98.76204620000004,11.226611400000024],[98.76221800000008,11.226505900000063],[98.76247100000006,11.226378700000055],[98.76264750000007,11.22633810000002],[98.76284060000006,11.226376000000073],[98.76390530000003,11.226792700000033],[98.76406810000003,11.226830500000062],[98.76425570000004,11.226833300000067],[98.76456460000009,11.226776400000062],[98.76476320000006,11.226716900000042],[98.76490980000005,11.226640000000032],[98.76502300000004,11.226455000000044],[98.76512050000008,11.226110600000027],[98.76512830000007,11.225793000000067],[98.76512830000007,11.22536830000007],[98.76515170000005,11.22493600000007],[98.76522980000004,11.224511200000052],[98.76529610000006,11.224170700000059],[98.76526880000006,11.223922000000073],[98.76522980000004,11.22374220000006],[98.76508540000003,11.223520200000053],[98.76454320000005,11.222942500000045],[98.76432090000009,11.22269760000006],[98.76425060000008,11.222540700000025],[98.76424670000006,11.222380000000044],[98.76428580000004,11.222062400000027],[98.76429360000009,11.22180220000007],[98.76423110000007,11.221565000000055],[98.76405950000009,11.221324000000038],[98.76376300000004,11.220883900000047],[98.76342370000003,11.220015400000023],[98.76335340000009,11.219812600000068],[98.76311940000005,11.219617400000061],[98.76290090000003,11.219483500000024],[98.76258110000003,11.219399300000077],[98.76214420000008,11.219330400000047],[98.76170730000007,11.219227100000069],[98.76138350000008,11.21910470000006],[98.76112210000008,11.218978400000026],[98.76076330000006,11.21870290000004],[98.76040050000006,11.218400600000052],[98.76010790000004,11.218228500000066],[98.75983490000004,11.218079200000034],[98.75962810000004,11.217956800000024],[98.75943310000008,11.217688900000041],[98.75937460000006,11.217356100000075],[98.75929260000004,11.217118800000037],[98.75913660000003,11.216973400000029],[98.75893770000005,11.21686630000005],[98.75823160000004,11.216690300000039],[98.75783300000006,11.216611300000068],[98.75748490000007,11.216435300000057],[98.75722150000007,11.216223400000047],[98.75679810000008,11.215810300000044],[98.75635400000004,11.215415200000052],[98.75574990000007,11.214814600000068],[98.75498380000005,11.213894500000038],[98.75477700000005,11.213619000000051],[98.75466000000006,11.213328200000035],[98.75453270000008,11.212784700000043],[98.75446610000006,11.212500300000045],[98.75437140000008,11.21198510000005],[98.75428160000007,11.211239000000035],[98.75417630000004,11.210860100000048],[98.75402810000008,11.210546400000055],[98.75358340000008,11.209796400000073],[98.75312310000004,11.208659900000043],[98.75286170000004,11.208032400000036],[98.75271350000008,11.207619100000045],[98.75261870000008,11.207385000000045],[98.75264760000005,11.204778800000042],[98.75250320000004,11.203308800000059],[98.75254030000008,11.201772000000062],[98.75252860000006,11.20093490000005],[98.75258060000004,11.200558100000023],[98.75304770000008,11.199427300000025],[98.75374180000006,11.198830600000065],[98.75476680000008,11.197058600000048],[98.75489880000003,11.196077900000034],[98.75491740000007,11.195435300000042],[98.75454110000004,11.193746300000043],[98.75473640000007,11.193119900000056],[98.75556150000006,11.192487000000028],[98.75606620000008,11.191841200000056],[98.75601960000006,11.190669800000023],[98.75613090000007,11.189110800000037],[98.75643270000006,11.188783100000023],[98.75687810000005,11.188670200000047],[98.75911680000007,11.188730200000066],[98.75952010000003,11.188464900000042],[98.75960730000008,11.188122000000021],[98.75908660000005,11.186377500000049],[98.75865660000005,11.184321300000022],[98.75865770000007,11.18344490000004],[98.75852270000007,11.18263520000005],[98.75779720000008,11.181187500000021],[98.75707180000006,11.180073600000071],[98.75599000000005,11.178397800000027],[98.75592430000006,11.177968300000032],[98.75588930000004,11.177023500000075],[98.75590230000006,11.176209400000062],[98.75579740000006,11.175738600000045],[98.75563190000008,11.175273100000027],[98.75527890000006,11.174374700000044],[98.75488740000009,11.173782200000062],[98.75451760000004,11.17307580000005],[98.75420310000004,11.172291100000052],[98.75362940000008,11.171403500000054],[98.75186430000008,11.168647900000053],[98.75168750000006,11.168372700000077],[98.75128480000006,11.16811290000004],[98.75048490000006,11.167707000000064],[98.74957460000007,11.167176600000062],[98.74908350000004,11.166723400000024],[98.74651940000007,11.163680300000067],[98.74609650000008,11.163332700000069],[98.74507400000005,11.163009100000068],[98.74284860000006,11.162237000000061],[98.73967120000003,11.161079100000052],[98.73933680000005,11.160957200000041],[98.73894900000005,11.16071770000002],[98.73846250000008,11.160332700000026],[98.73826240000005,11.160174300000051],[98.73694890000007,11.159083700000053],[98.73694780000005,11.158915200000024],[98.73706870000007,11.158322000000055],[98.73731450000008,11.157376700000043],[98.73753290000008,11.156768100000022],[98.73803210000005,11.156004900000028],[98.73864080000004,11.15506890000006],[98.73891000000003,11.154640200000074],[98.73906430000005,11.154183900000021],[98.73942100000005,11.153090200000065],[98.73964720000004,11.152386000000035],[98.73976030000006,11.151961200000073],[98.73982280000007,11.151524900000027],[98.73991980000005,11.151136200000053],[98.74001940000005,11.151023300000077],[98.74082960000004,11.15042980000004],[98.74130130000003,11.15019710000007],[98.74176880000005,11.150006700000063],[98.74242120000008,11.149837200000036],[98.74335350000007,11.149742500000059],[98.74393000000003,11.149677500000053],[98.74424220000009,11.149608900000032],[98.74434300000007,11.149566600000071],[98.74438590000005,11.14944410000004],[98.74438980000008,11.149298600000066],[98.74438200000009,11.149107300000026],[98.74442880000004,11.148858500000074],[98.74454590000005,11.148376300000052],[98.74465120000008,11.148096900000041],[98.74473310000008,11.147886400000061],[98.74479540000004,11.147740500000054],[98.74477550000006,11.147445700000048],[98.74480030000007,11.14713990000007],[98.74486930000006,11.146953200000041],[98.74497190000005,11.146853900000053],[98.74545140000004,11.146389300000067],[98.74566650000008,11.14615660000004],[98.74583750000005,11.145875100000069],[98.74688570000006,11.143710100000021],[98.74741480000006,11.142681100000061],[98.74787820000006,11.141777200000035],[98.74799650000006,11.141480300000069],[98.74761620000004,11.141311700000074],[98.74686870000005,11.141076300000066],[98.74647150000004,11.140946400000075],[98.74622320000003,11.14082460000003],[98.74603410000003,11.140694000000053],[98.74572030000007,11.140441500000065],[98.74556420000005,11.14022330000006],[98.74545110000008,11.139982200000077],[98.74529510000008,11.139733400000068],[98.74514670000008,11.139615400000025],[98.74497910000008,11.139591800000062],[98.74475670000004,11.13969510000004],[98.74452270000006,11.139806100000044],[98.74429640000005,11.139821400000073],[98.74403900000004,11.139806100000044],[98.74375160000005,11.139760800000033],[98.74353970000004,11.139641600000061],[98.74310670000006,11.13933540000005],[98.74259180000007,11.138933500000064],[98.74214710000007,11.138397700000041],[98.74197930000008,11.138252200000068],[98.74170630000003,11.13808380000006],[98.74147220000003,11.137846500000023],[98.74136690000006,11.137689600000044],[98.74131640000007,11.137461400000063],[98.74132790000004,11.136927900000046],[98.74134740000005,11.136468600000057],[98.74130840000004,11.136108900000067],[98.74121870000005,11.13579500000003],[98.74112890000004,11.135565400000075],[98.74110940000008,11.135377800000072],[98.74113320000004,11.134839100000022],[98.74120670000008,11.134346200000039],[98.74120310000006,11.134168400000021],[98.74116010000006,11.133957900000041],[98.74100410000005,11.133655500000032],[98.74069200000008,11.133307200000047],[98.74033600000007,11.133132400000022],[98.74005230000006,11.13310430000007],[98.73974020000009,11.133169400000043],[98.73945550000008,11.133330100000023],[98.73915120000004,11.133586600000058],[98.73894830000006,11.133758800000066],[98.73866750000008,11.133881300000041],[98.73838660000007,11.133957900000041],[98.73826140000006,11.133926300000041],[98.73701280000006,11.133232000000021],[98.73692770000008,11.133184700000072],[98.73629580000005,11.132786600000031],[98.73572750000005,11.132301100000063],[98.73540640000004,11.131967600000053],[98.73503580000005,11.13157330000007],[98.73459110000005,11.130892000000074],[98.73419320000005,11.130432700000028],[98.73338180000007,11.12951030000005],[98.73256650000008,11.12856880000004],[98.73239410000008,11.128321200000073],[98.73226620000008,11.127975500000048],[98.73219980000005,11.12754300000006],[98.73215690000006,11.12716400000005],[98.73201650000004,11.126563100000055],[98.73161840000006,11.125518300000067],[98.73153280000008,11.125212000000033],[98.73148990000004,11.124779500000045],[98.73152110000007,11.123991000000046],[98.73174660000006,11.123092800000052],[98.73236370000006,11.122069500000066],[98.73241490000004,11.122016900000062],[98.73259860000007,11.121828300000061],[98.73303460000005,11.121380600000066],[98.73367640000004,11.120621000000028],[98.73418940000005,11.12001390000006],[98.73434540000005,11.119829300000049],[98.73436090000007,11.119298300000025],[98.73433470000003,11.118798200000072],[98.73432190000005,11.118555800000024],[98.73425270000007,11.117998000000057],[98.73416390000006,11.117487200000028],[98.73392910000007,11.116735800000072],[98.73353510000004,11.115943400000049],[98.73329320000005,11.115487900000062],[98.73320740000008,11.115300400000024],[98.73317590000005,11.115146300000049],[98.73317620000006,11.114963500000044],[98.73341030000006,11.11415210000007],[98.73355850000007,11.113727200000028],[98.73369110000004,11.11345540000002],[98.73378080000003,11.113302300000043],[98.73382340000006,11.113169600000049],[98.73381990000007,11.113011400000062],[98.73303610000005,11.112968100000046],[98.73244230000006,11.112906400000043],[98.73195470000007,11.112887300000068],[98.73152560000005,11.11289110000007],[98.73129940000007,11.112856600000043],[98.73106920000004,11.112764800000036],[98.73083130000003,11.11266530000006],[98.73057770000008,11.112634600000035],[98.73040610000004,11.112611700000059],[98.73028910000005,11.112500700000055],[98.72999650000008,11.111926500000038],[98.72982100000007,11.111524600000052],[98.72962590000009,11.110938900000065],[98.72959080000004,11.110724600000026],[98.72964930000006,11.110341800000072],[98.72980150000006,11.109717900000021],[98.72986390000005,11.109381000000042],[98.72985220000004,11.10919350000006],[98.72977800000007,11.108883400000025],[98.72971950000004,11.108730300000047],[98.72967830000005,11.10854610000007],[98.72972390000007,11.108396300000038],[98.72979740000005,11.108301500000039],[98.73009320000006,11.107950800000026],[98.73093120000004,11.107309900000075],[98.73122700000005,11.107007600000031],[98.73132560000005,11.106499600000063],[98.73144890000003,11.10637870000005],[98.73184320000007,11.106475400000022],[98.73244390000008,11.106768000000045],[98.73255570000003,11.106597300000033],[98.73267360000006,11.105976400000031],[98.73299750000007,11.105065100000047],[98.73316740000007,11.103036900000063],[98.73343640000007,11.102522900000054],[98.73406430000006,11.100299300000074],[98.73829560000007,11.097620800000072],[98.73981050000003,11.097269100000062],[98.74135000000007,11.095035100000075],[98.74403530000006,11.090934000000061],[98.74411060000006,11.09031170000003],[98.74401150000006,11.088672400000064],[98.74381330000006,11.088144500000055],[98.74365760000006,11.086741300000028],[98.74364340000005,11.086227300000076],[98.74402570000007,11.085546600000043],[98.74469100000005,11.085018700000035],[98.74610670000004,11.081531600000062],[98.74738290000005,11.080019200000038],[98.74774290000005,11.07919970000006],[98.74756070000007,11.078670500000044],[98.74685110000007,11.077829800000075],[98.74617140000004,11.075471100000073],[98.74643720000006,11.074818900000025],[98.74943890000009,11.070804300000077],[98.75031550000006,11.06838730000004],[98.75266030000006,11.06534320000003],[98.75528730000008,11.055274500000053],[98.75575430000004,11.05452280000003],[98.75737010000006,11.053441100000043],[98.75818270000008,11.05224940000005],[98.75868700000007,11.051882800000044],[98.75891000000007,11.051589900000067],[98.75698710000006,11.049187700000061],[98.75682210000008,11.04845830000005],[98.75724870000005,11.047317700000065],[98.75770400000005,11.046744000000047],[98.75797720000008,11.045365100000026],[98.75836010000006,11.04407260000005],[98.75841620000006,11.042624200000034],[98.75878980000005,11.041817500000036],[98.75947160000004,11.04127660000006],[98.76011600000004,11.04107490000007],[98.76164780000005,11.04098330000005],[98.76308560000007,11.04127260000007],[98.76450120000004,11.04091470000003],[98.76532240000006,11.041170100000045],[98.76600540000004,11.041226000000051],[98.76651770000007,11.041106300000024],[98.76720880000005,11.041170100000045],[98.76742830000006,11.041058400000054],[98.76732260000006,11.040595500000052],[98.76822520000007,11.039861300000041],[98.76863170000007,11.03982940000003],[98.76907890000007,11.039989000000048],[98.76971310000005,11.040427900000054],[98.77050180000003,11.040659300000073],[98.77267280000007,11.040459800000065],[98.77303870000009,11.040124700000035],[98.77304680000003,11.039310600000022],[98.77384360000008,11.038289100000043],[98.77478680000007,11.03741130000003],[98.77542920000008,11.037275600000044],[98.77576250000004,11.03729160000006],[98.77663740000008,11.037398500000052],[98.77696150000008,11.037363600000049],[98.77792710000006,11.036658100000068],[98.77850650000005,11.035594500000059],[98.77850950000004,11.035172700000032],[98.77851340000007,11.034634100000062],[98.77742330000007,11.030799000000059],[98.77653850000007,11.029861100000062],[98.77631910000008,11.02919410000004],[98.77626950000007,11.028381300000035],[98.77450410000006,11.025933000000066],[98.77450410000006,11.025525500000072],[98.77530470000005,11.024390400000073],[98.77598680000006,11.023633700000062],[98.77660950000006,11.023168000000055],[98.77735080000008,11.022294800000054],[98.77849240000006,11.021843700000034],[98.77962430000008,11.022100100000046],[98.78003430000007,11.022193000000073],[98.78221380000008,11.021989200000064],[98.78285130000006,11.021814600000027],[98.78325780000006,11.02150370000004],[98.78399300000007,11.020941400000027],[98.78497150000004,11.019704400000023],[98.78540150000003,11.019238700000074],[98.78577210000003,11.019020400000045],[98.78777370000006,11.018525600000032],[98.78814430000006,11.018147200000044],[98.78844090000007,11.017506900000058],[98.78909320000008,11.017186700000025],[98.79057590000008,11.017167400000062],[98.79133200000007,11.017157600000075],[98.79210300000005,11.017361400000027],[98.79278500000004,11.016706500000055],[98.79388800000004,11.014600400000063],[98.79409940000005,11.01351500000004],[98.79397740000007,11.012150200000065],[98.79402620000008,11.011671300000046],[98.79555480000005,11.010146900000052],[98.79587190000007,11.009580200000073],[98.79599390000004,11.008933700000057],[98.79595320000004,11.007936100000052],[98.79588820000004,11.007209800000055],[98.79592070000007,11.006164200000057],[98.79557920000008,11.00460780000003],[98.79592070000007,11.002572600000065],[98.79581500000006,11.000649000000067],[98.79536780000007,10.99993870000003],[98.79518080000008,10.999276200000054],[98.79600200000004,10.998238600000036],[98.79609150000005,10.997592100000077],[98.79579870000003,10.997049300000072],[98.79611580000005,10.995173600000044],[98.79657930000008,10.99431160000006],[98.79675330000003,10.992891600000064],[98.79566050000005,10.990815600000076],[98.79553850000008,10.990105200000073],[98.79527020000006,10.989562500000034],[98.79523770000009,10.988971800000058],[98.79566860000006,10.987910200000044],[98.79556420000006,10.986669000000063],[98.79525520000004,10.985663300000056],[98.79579190000004,10.98504870000005],[98.79590570000005,10.983308600000043],[98.79560490000006,10.98240670000007],[98.79571470000008,10.981904400000076],[98.79596260000005,10.981624400000044],[98.79695460000005,10.981289200000049],[98.79813360000009,10.981073700000024],[98.79854010000008,10.980658600000027],[98.79874340000003,10.980171700000028],[98.79862140000006,10.978726900000026],[98.79854830000005,10.977944700000023],[98.79852390000008,10.976843100000053],[98.79901990000008,10.976539800000069],[98.79914950000006,10.97630010000006],[98.79926380000006,10.975829400000066],[98.79927190000006,10.974512300000072],[98.79966220000006,10.973522500000058],[98.80003510000006,10.972121300000026],[98.80014930000004,10.97121020000003],[98.80099830000006,10.970571500000062],[98.80169620000004,10.969817400000068],[98.80187590000008,10.969376300000022],[98.80166840000004,10.969088200000044],[98.80173690000004,10.968451300000027],[98.80176570000003,10.967907500000024],[98.80195360000005,10.96743280000004],[98.80195110000005,10.967098500000077],[98.80181790000006,10.966874300000029],[98.80146590000004,10.966528700000026],[98.80121500000007,10.966182400000037],[98.80112070000007,10.965917300000058],[98.80116800000008,10.965432100000044],[98.80138380000005,10.964913100000047],[98.80136440000007,10.964561500000059],[98.80102590000007,10.964149400000053],[98.80080050000004,10.96391170000004],[98.80069480000009,10.96204380000006],[98.80055660000005,10.961293500000068],[98.80031270000006,10.96102200000007],[98.79769950000008,10.958815500000071],[98.79677900000007,10.95896300000004],[98.79572820000004,10.958673500000032],[98.79495050000008,10.958631800000035],[98.79455300000006,10.95852590000004],[98.79440820000008,10.95837160000002],[98.79428810000007,10.95754590000007],[98.79448220000006,10.957152600000029],[98.79448840000003,10.956594100000075],[98.79288340000005,10.955294300000048],[98.79271380000006,10.954687500000034],[98.79202400000008,10.954490600000042],[98.79068290000004,10.954825500000027],[98.78947800000009,10.95469600000007],[98.78745130000004,10.953881100000046],[98.78607800000003,10.953565100000048],[98.78449020000005,10.95417610000004],[98.78380350000003,10.954049700000041],[98.78303110000007,10.95428140000007],[98.78234440000006,10.953839000000073],[98.78170070000004,10.95278570000005],[98.78109990000007,10.952385400000026],[98.77989820000005,10.952174700000057],[98.77938330000006,10.951247800000033],[98.77865370000006,10.950657900000067],[98.77762370000005,10.950615800000037],[98.77659380000006,10.949983800000041],[98.77560670000008,10.949478200000044],[98.77470550000004,10.948488000000054],[98.77440510000008,10.947202900000036],[98.77371840000006,10.947055500000033],[98.77281720000008,10.946844800000065],[98.77217350000006,10.946297000000072],[98.77170140000004,10.945601800000077],[98.77041390000005,10.945665000000076],[98.76994190000005,10.944969800000024],[98.76921230000005,10.94408500000003],[98.76753860000008,10.943747900000062],[98.76607950000005,10.942842000000041],[98.76577910000003,10.941957100000025],[98.76534990000005,10.94124080000006],[98.76526410000008,10.940566700000034],[98.76547870000007,10.940018900000041],[98.76492080000008,10.938080700000057],[98.76423410000007,10.937301200000036],[98.76247460000008,10.935615700000028],[98.76140170000008,10.93487840000006],[98.76028590000004,10.934836200000063],[98.75968510000007,10.934225200000071],[98.75959930000005,10.933593200000075],[98.75908430000004,10.932982200000026],[98.75839760000008,10.931928800000037],[98.75818310000005,10.930390800000055],[98.75775390000007,10.929590200000064],[98.75659520000005,10.928958200000068],[98.75616610000009,10.928178600000024],[98.75595150000004,10.927083100000061],[98.75612040000004,10.925599800000043],[98.75565740000008,10.922574300000065],[98.75437900000009,10.921068200000036],[98.75396920000009,10.918868000000032],[98.75332820000006,10.91770340000005],[98.75374070000004,10.915941200000077],[98.75476930000008,10.914389800000038],[98.75449870000006,10.913863200000037],[98.75388110000006,10.913127000000031],[98.75269640000005,10.912746200000072],[98.75131660000005,10.91246110000003],[98.75072750000004,10.911947700000042],[98.75018910000006,10.912034300000073],[98.74984570000004,10.911897300000021],[98.74981460000004,10.911386500000049],[98.74998620000008,10.910986200000025],[98.75040630000007,10.910729300000071],[98.75037110000005,10.910025200000064],[98.75020080000007,10.908879200000058],[98.75015790000003,10.907299000000023],[98.74964290000008,10.90523410000003],[98.74878460000008,10.904328100000043],[98.74844130000008,10.903548500000056],[98.74895630000003,10.902410700000075],[98.74904210000005,10.900851500000044],[98.74882750000006,10.900008600000035],[98.74831250000005,10.899313300000074],[98.74844130000008,10.897733000000073],[98.74805510000004,10.897143000000028],[98.74745420000005,10.894193100000052],[98.74633840000007,10.892886700000076],[98.74633840000007,10.892191400000058],[98.74668180000003,10.89147500000007],[98.74646720000004,10.890737500000057],[98.74646720000004,10.889705000000049],[98.74651010000008,10.889030700000035],[98.74620970000007,10.887977100000057],[98.74642430000006,10.887302800000043],[98.74608090000004,10.886122800000066],[98.74496510000006,10.885575000000074],[98.74367770000003,10.883362400000067],[98.74217560000005,10.881487100000072],[98.74213270000007,10.880897000000061],[98.74204690000005,10.880307000000073],[98.74178940000007,10.87950630000006],[98.73955780000006,10.878157700000031],[98.73899990000007,10.877968000000067],[98.73470840000005,10.878452700000025],[98.73402170000008,10.878874100000075],[98.73346380000004,10.878705600000046],[98.73290590000005,10.878326300000026],[98.73221930000005,10.87826300000006],[98.73127520000008,10.877925900000037],[98.73024520000007,10.877736200000072],[98.72921520000006,10.87647190000007],[98.72904360000007,10.875839700000029],[98.72861440000008,10.87556580000006],[98.72835690000005,10.875544700000034],[98.72779900000006,10.87524970000004],[98.72706940000006,10.875376200000062],[98.72668320000008,10.87565010000003],[98.72458040000004,10.876682600000038],[98.72333580000009,10.876682600000038],[98.72273500000006,10.876324400000044],[98.72226290000003,10.875439400000062],[98.72191960000004,10.87518650000004],[98.72166210000006,10.875165400000071],[98.72127590000008,10.874891500000047],[98.72084670000004,10.874891500000047],[98.71981680000005,10.875397200000066],[98.71870100000007,10.875418300000035],[98.71810530000005,10.875348900000063],[98.71753220000005,10.875019200000054],[98.71728540000004,10.873207000000036],[98.71516110000005,10.871816200000069],[98.71406680000007,10.871500100000048],[98.71334790000009,10.871784600000069],[98.71301530000005,10.871637100000044],[98.71247890000006,10.871552800000075],[98.71254330000005,10.871278800000027],[98.71310120000004,10.870752000000039],[98.71312260000008,10.870140900000024],[98.71281150000004,10.86960350000004],[98.71251110000009,10.869276900000045],[98.71241450000008,10.868623700000057],[98.71169570000006,10.867970400000047],[98.71160980000008,10.867338200000063],[98.71194240000005,10.866990500000043],[98.71195320000004,10.866653400000075],[98.71204970000008,10.86626350000006],[98.71164200000004,10.86582100000004],[98.71174930000006,10.865610200000049],[98.71218920000007,10.865209900000025],[98.71201750000006,10.864756800000066],[98.71156690000004,10.86433530000005],[98.71106270000007,10.864251000000024],[98.71093390000004,10.863661000000036],[98.71107340000003,10.862902400000053],[98.71091250000006,10.861954100000048],[98.71157770000008,10.861469400000033],[98.71138450000007,10.860752900000023],[98.71049400000004,10.859678100000053],[98.70958210000003,10.858866800000044],[98.70937830000008,10.85708610000006],[98.70860580000004,10.85528430000005],[98.70878820000007,10.854473000000041],[98.70928170000008,10.853788100000031],[98.70902140000004,10.852774800000077],[98.70860580000004,10.852418300000068],[98.70794060000009,10.852386700000068],[98.70709300000004,10.85292400000003],[98.70630490000008,10.852661000000069],[98.70630120000004,10.852511500000048],[98.70626690000006,10.851143300000047],[98.70636340000004,10.850605900000062],[98.70612740000007,10.849994800000047],[98.70560170000005,10.84691790000005],[98.70657730000005,10.843165200000044],[98.70663170000006,10.84295590000005],[98.70702860000006,10.842334200000039],[98.70766160000005,10.842102400000044],[98.70817660000006,10.840974900000049],[98.70823610000008,10.84056860000004],[98.70812300000006,10.84023730000007],[98.70787620000004,10.839963300000022],[98.70654580000007,10.838119300000074],[98.70486140000008,10.83810870000002],[98.70388510000004,10.836738900000057],[98.70327350000008,10.836686200000031],[98.70273710000004,10.835959100000025],[98.70207190000008,10.834241500000076],[98.70176080000005,10.833809400000064],[98.69966160000007,10.832332400000041],[98.69849470000008,10.832538400000033],[98.69775440000006,10.833328700000038],[98.69718580000006,10.833391900000038],[98.69657420000004,10.833254900000043],[98.69625240000005,10.832580500000063],[98.69590900000009,10.832180100000073],[98.69487910000004,10.831990400000052],[98.69391350000006,10.831421400000067],[98.69305520000006,10.831168500000047],[98.69270110000008,10.830789100000061],[98.69203590000006,10.829703700000039],[98.69144580000005,10.829229500000054],[98.69033000000007,10.828829100000064],[98.69009360000007,10.828859300000033],[98.68876360000007,10.829029300000059],[98.68788390000003,10.829387600000075],[98.68763710000007,10.829756400000065],[98.68807700000008,10.831695400000058],[98.68802330000005,10.831979900000022],[98.68680020000005,10.833191700000043],[98.68602780000003,10.83348680000006],[98.68548060000006,10.833233900000039],[98.68513730000006,10.832285500000069],[98.68475100000006,10.831927200000052],[98.68369960000007,10.831284400000072],[98.68329190000009,10.83053620000004],[98.68190790000006,10.830093600000055],[98.68100670000007,10.829008200000033],[98.68071700000007,10.827943900000037],[98.67824940000008,10.825235700000064],[98.67754130000009,10.824371600000063],[98.67701550000004,10.824044900000047],[98.67432260000004,10.823633900000061],[98.67033150000003,10.822337700000048],[98.66958050000005,10.821252300000026],[98.66903330000008,10.821031000000062],[98.66723090000005,10.820040400000039],[98.66600780000005,10.819070900000042],[98.66567520000007,10.81896560000007],[98.66494560000007,10.819039300000043],[98.66423750000007,10.818912900000043],[98.66187720000005,10.81746910000004],[98.66167350000006,10.817189100000064],[98.66048240000003,10.815551200000073],[98.66036440000005,10.813812400000074],[98.66006297000007,10.81347514500004],[98.65997820000007,10.813380300000063],[98.65930780000008,10.813879800000052],[98.65909840000006,10.814233900000033],[98.65877650000004,10.81401260000007],[98.65842810000004,10.813070400000072],[98.65783240000007,10.813148500000068],[98.65645400000005,10.814503600000023],[98.65438840000007,10.815477400000077],[98.65303660000006,10.81764830000003],[98.65243580000003,10.818122500000072],[98.65092300000003,10.818112000000042],[98.65038660000005,10.817827400000056],[98.64938880000005,10.818048700000077],[98.64875580000006,10.818048700000077],[98.64846610000006,10.818143600000042],[98.64765070000004,10.818818000000022],[98.64737180000009,10.819250100000033],[98.64723230000004,10.82016690000006],[98.64729670000008,10.820693800000072],[98.64725380000004,10.821568500000069],[98.64701260000004,10.82242830000007],[98.64676020000007,10.823022700000024],[98.64611650000006,10.823159700000076],[98.64603070000004,10.823328300000071],[98.64599850000008,10.823581200000035],[98.64579460000004,10.823823600000026],[98.64464670000007,10.824076500000047],[98.64404580000007,10.824002700000051],[98.64382050000006,10.824445300000036],[98.64371640000007,10.82462920000006],[98.64349910000004,10.824632300000076],[98.64243650000009,10.824224000000072],[98.64230260000005,10.82408330000004],[98.64225370000008,10.823831400000074],[98.64253700000006,10.823430500000029],[98.64253310000004,10.823201900000072],[98.64246480000008,10.823075000000074],[98.64199660000008,10.82304380000005],[98.64192830000007,10.822839900000076],[98.64205820000006,10.822496900000033],[98.64187030000005,10.822365200000036],[98.64162580000004,10.82234470000003],[98.64096160000008,10.822736500000076],[98.64054650000008,10.822684000000038],[98.64039790000004,10.822942700000056],[98.64032690000005,10.82345040000007],[98.64013290000008,10.823545500000023],[98.63997450000005,10.823187100000041],[98.63949720000005,10.822838400000023],[98.63937980000009,10.82251640000004],[98.63960810000003,10.821752600000025],[98.63965400000006,10.82146320000004],[98.63960330000003,10.82125510000003],[98.63939050000005,10.821117000000072],[98.63915710000003,10.821218100000067],[98.63871970000008,10.821713800000055],[98.63825910000008,10.822063800000024],[98.63781390000008,10.822203400000035],[98.63754510000007,10.822537500000067],[98.63724530000007,10.82264710000004],[98.63717410000004,10.822805500000072],[98.63751880000007,10.823264100000074],[98.63749660000008,10.823601000000053],[98.63741470000008,10.823739700000033],[98.63727620000009,10.823808900000074],[98.63688460000009,10.823608600000057],[98.63630170000005,10.823243500000046],[98.63611390000005,10.822884200000033],[98.63612550000005,10.82253650000007],[98.63627860000008,10.822300000000041],[98.63627350000007,10.822146900000064],[98.63616650000006,10.822060100000044],[98.63552380000004,10.822436800000048],[98.63513810000006,10.822559100000035],[98.63478080000004,10.822750900000074],[98.63420790000004,10.822496400000034],[98.63386380000009,10.822470900000042],[98.63363780000009,10.822599900000057],[98.63346860000007,10.82258980000006],[98.63330080000009,10.82227510000007],[98.63320730000004,10.821748300000024],[98.63316240000006,10.821495300000038],[98.63283730000006,10.820864100000051],[98.63298160000005,10.820346100000052],[98.63279870000008,10.820087900000033],[98.63251480000008,10.819413100000077],[98.63093240000006,10.818670500000053],[98.62997380000007,10.818471900000077],[98.62937630000005,10.818183100000056],[98.62827050000004,10.816841400000044],[98.62718100000006,10.816106700000034],[98.62597760000006,10.814749000000063],[98.62561980000004,10.81418990000003],[98.62568490000007,10.813662800000031],[98.62590590000008,10.813381900000024],[98.62636790000005,10.81321550000007],[98.62657930000006,10.81248080000006],[98.62681410000005,10.812276500000053],[98.62742490000005,10.812049500000057],[98.62814040000006,10.812081500000033],[98.62836810000005,10.811618200000055],[98.62909990000009,10.811506400000042],[98.62947390000005,10.811011200000053],[98.63018940000006,10.810564000000056],[98.63018940000006,10.809893100000068],[98.63029190000003,10.809362600000043],[98.63056340000009,10.808950700000025],[98.63068940000005,10.808228600000064],[98.63061890000006,10.80792770000005],[98.63033580000007,10.807593000000054],[98.62953890000006,10.807321400000035],[98.62862830000006,10.806746400000065],[98.62742490000005,10.807481100000075],[98.62641660000008,10.807257500000048],[98.62544090000006,10.806363000000033],[98.62391230000009,10.80655470000005],[98.62261140000004,10.805995600000074],[98.62210720000007,10.805484500000034],[98.62179830000008,10.804861500000072],[98.62171700000005,10.80415860000005],[98.62215600000007,10.803631500000051],[98.62243250000006,10.803248100000076],[98.62248130000006,10.802337600000044],[98.62282280000005,10.80112360000004],[98.62263670000004,10.800508500000035],[98.62251380000004,10.798583800000074],[98.62270890000008,10.797849000000042],[98.62246500000003,10.797130200000026],[98.62199340000006,10.796507200000065],[98.62103400000007,10.796730800000034],[98.62031840000009,10.797114200000067],[98.61989560000006,10.796906500000034],[98.61937530000006,10.79537300000004],[98.61893620000006,10.794973700000071],[98.61714740000008,10.794462500000066],[98.61574890000009,10.79382350000003],[98.61381460000007,10.793458400000077],[98.61343760000005,10.793274000000054],[98.61218210000004,10.792227800000035],[98.61213830000008,10.792071500000077],[98.61205220000005,10.791765200000043],[98.61200730000007,10.791163600000061],[98.61174760000006,10.79082260000007],[98.61108650000006,10.790488200000027],[98.61052880000005,10.789318800000046],[98.60937420000005,10.78645940000007],[98.60947180000005,10.785724500000072],[98.61054510000008,10.782146200000057],[98.61092080000009,10.781710900000064],[98.61329330000007,10.779909700000076],[98.61461050000008,10.779206800000054],[98.61487070000004,10.778919300000041],[98.61496830000004,10.778280300000063],[98.61472440000006,10.77700230000005],[98.61387870000004,10.776027800000065],[98.61298070000004,10.775598000000059],[98.61257780000005,10.77542070000004],[98.61220380000003,10.774813700000038],[98.61285420000007,10.773599600000068],[98.61288680000007,10.772768900000074],[98.61254530000008,10.771906200000046],[98.61274040000006,10.771091500000068],[98.61301690000005,10.769573800000046],[98.61283800000007,10.768599300000062],[98.61283800000007,10.76690590000004],[98.61306650000006,10.76619640000007],[98.61316320000009,10.765164500000026],[98.61210870000008,10.763127600000075],[98.61228760000006,10.76180160000007],[98.61189730000007,10.760315900000023],[98.61192990000006,10.759309400000063],[98.61170220000008,10.758686300000022],[98.61098670000007,10.757536000000073],[98.60967620000008,10.75654170000007],[98.60868920000007,10.756246500000032],[98.60831970000004,10.75628990000007],[98.60775060000003,10.756673300000045],[98.60731150000004,10.757743700000049],[98.60750660000008,10.75855850000005],[98.60732770000004,10.759485100000063],[98.60692120000004,10.760076200000071],[98.60648210000005,10.76045970000007],[98.60609180000006,10.760523600000056],[98.60540880000008,10.759900500000072],[98.60501860000005,10.759469100000047],[98.60476240000008,10.759412800000064],[98.60405910000009,10.759948400000042],[98.60360380000009,10.76022000000006],[98.60293700000005,10.76006030000002],[98.60220900000007,10.759998900000028],[98.60016000000007,10.758467600000074],[98.59924780000006,10.757806500000072],[98.59903530000008,10.757247800000073],[98.59837910000005,10.756156300000043],[98.59785540000007,10.755620000000022],[98.59566440000003,10.754775100000074],[98.59556470000007,10.754634700000054],[98.59551420000008,10.754300600000022],[98.59561180000009,10.752474200000051],[98.59563550000007,10.750889900000061],[98.59569140000008,10.749516400000061],[98.59559680000007,10.745260600000051],[98.59542830000004,10.742796800000065],[98.59487470000005,10.741829100000075],[98.59437590000005,10.740804000000026],[98.59387950000007,10.739756900000032],[98.59372000000008,10.739185700000064],[98.59364550000004,10.738280600000053],[98.59314240000003,10.737548400000037],[98.59247670000008,10.73697160000006],[98.59124470000006,10.73636700000003],[98.59049670000007,10.736159300000054],[98.58947220000005,10.735456300000067],[98.58802490000005,10.736031500000024],[98.58646380000005,10.734785200000033],[98.58634990000007,10.73374670000004],[98.58569950000003,10.733171500000026],[98.58425210000007,10.732852000000037],[98.58402450000006,10.732724200000064],[98.58313010000006,10.728202500000066],[98.58238060000008,10.725591400000042],[98.58137150000005,10.716860900000029],[98.58147140000005,10.716267000000073],[98.58205680000003,10.714860900000076],[98.58236580000005,10.71457330000004],[98.58288610000005,10.71452540000007],[98.58314630000007,10.71471710000003],[98.58352040000005,10.71518050000003],[98.58426840000004,10.715579900000023],[98.58631740000004,10.715851600000065],[98.58669140000006,10.715755700000045],[98.58781310000006,10.714535400000045],[98.58499780000005,10.71242280000007],[98.58628490000007,10.709827700000062],[98.58618730000006,10.709236500000031],[98.58587830000005,10.708645300000057],[98.58522790000006,10.70811800000007],[98.58451720000005,10.706498200000055],[98.58402450000006,10.705034100000034],[98.58460990000003,10.704043400000046],[98.58459360000006,10.703580000000045],[98.58426840000004,10.703100600000027],[98.58365050000003,10.701758400000074],[98.58270730000004,10.701103200000034],[98.58233320000005,10.70062390000004],[98.58251210000009,10.700160500000038],[98.58309760000009,10.699665100000061],[98.58308130000006,10.69920170000006],[98.58273980000007,10.698802200000046],[98.58194300000008,10.698195000000055],[98.58160150000003,10.697843500000033],[98.58129250000007,10.697044500000061],[98.58139010000008,10.69645330000003],[98.58186160000008,10.695957900000053],[98.58259340000006,10.695430600000066],[98.58399200000008,10.694264100000055],[98.58420340000004,10.69383270000003],[98.58397570000005,10.692442500000027],[98.58298370000006,10.691691400000025],[98.58285360000008,10.69114810000002],[98.58324390000007,10.690461000000028],[98.58316260000004,10.690093500000046],[98.58280480000008,10.689662000000055],[98.58265850000004,10.689118700000051],[98.58062900000004,10.687701100000027],[98.58026800000005,10.686290300000053],[98.57937360000005,10.684021100000052],[98.57878820000008,10.68319020000007],[98.57826780000005,10.681368500000076],[98.57826780000005,10.680968900000039],[98.57846290000003,10.680106000000023],[98.57834990000003,10.679605300000048],[98.57777990000005,10.678763700000047],[98.57781240000008,10.678156400000034],[98.57805640000004,10.677725000000066],[98.57834910000008,10.677421300000049],[98.57901580000004,10.67657440000005],[98.57925970000008,10.676031000000023],[98.57854420000007,10.675040300000035],[98.57807260000004,10.674177300000053],[98.57761730000004,10.673681900000076],[98.57659280000007,10.673186500000043],[98.57660910000004,10.672467400000073],[98.57686930000006,10.671460600000046],[98.57669040000007,10.671109000000058],[98.57555200000007,10.670949200000052],[98.57504790000007,10.670757500000036],[98.57465330000008,10.67035930000003],[98.57458500000007,10.670290400000056],[98.57438120000006,10.66959090000006],[98.57441370000004,10.668376300000034],[98.57460890000004,10.667337600000053],[98.57373070000006,10.66615500000006],[98.57306400000004,10.664988400000027],[98.57285260000003,10.66329440000004],[98.57321030000008,10.662143800000024],[98.57301800000005,10.660434300000077],[98.57249480000007,10.659778600000038],[98.57199070000007,10.659458900000061],[98.57121010000009,10.659107300000073],[98.56997420000005,10.658691800000042],[98.56949460000004,10.658361400000047],[98.56811060000007,10.655793000000074],[98.56771380000004,10.654792400000076],[98.56750550000004,10.653486000000044],[98.56887240000003,10.650394500000061],[98.56918710000008,10.64849350000003],[98.56933250000009,10.647615500000029],[98.56932370000004,10.646753600000068],[98.56862450000006,10.644931600000064],[98.56838810000005,10.643798100000026],[98.56865310000006,10.642476900000077],[98.56958830000008,10.640061700000047],[98.56998130000005,10.63948750000003],[98.57088490000007,10.639018200000066],[98.57187810000005,10.63832350000007],[98.57173050000006,10.636253300000021],[98.57127520000006,10.635374200000058],[98.56966520000003,10.633488300000067],[98.56825050000003,10.630739300000073],[98.56849110000007,10.629005200000051],[98.56968810000006,10.624767900000052],[98.57138900000007,10.619311400000072],[98.57375680000007,10.613298400000076],[98.57358300000004,10.610035700000026],[98.57438980000006,10.609084500000051],[98.57506420000004,10.60503790000007],[98.57483650000006,10.604574400000047],[98.57488530000006,10.603615300000058],[98.57460890000004,10.602896000000044],[98.57429990000009,10.601809100000025],[98.57499920000004,10.600502500000061],[98.57459260000007,10.599747100000059],[98.57452750000004,10.599187700000073],[98.57392590000006,10.598947900000041],[98.57345430000004,10.598564300000021],[98.57309650000008,10.598436400000026],[98.57158410000005,10.597765000000038],[98.57103120000005,10.59712570000005],[98.57028320000006,10.595015700000033],[98.56955140000008,10.594552100000044],[98.56924420000007,10.593381900000054],[98.56872210000006,10.593369300000063],[98.56836430000004,10.59378490000006],[98.56795770000008,10.593561100000045],[98.56753490000006,10.593641000000048],[98.56735610000004,10.594216500000073],[98.56701460000005,10.594488200000058],[98.56634780000007,10.594408300000055],[98.56603880000006,10.59418450000004],[98.56555100000008,10.592777800000022],[98.56524200000007,10.592410200000074],[98.56423380000007,10.591115400000035],[98.56324180000007,10.588813600000037],[98.56319830000007,10.588488600000062],[98.56307920000006,10.587598700000058],[98.56231490000005,10.586735500000032],[98.56220100000007,10.585984200000041],[98.56202220000006,10.585568600000045],[98.56119280000007,10.585121000000072],[98.56016830000004,10.584977200000026],[98.55951780000004,10.585153000000048],[98.55893240000006,10.58484930000003],[98.55860720000004,10.584337800000071],[98.55863970000007,10.583650400000067],[98.55876980000005,10.582915100000037],[98.55883480000006,10.581508400000075],[98.55916010000004,10.580245500000046],[98.55907880000007,10.57923850000003],[98.55995090000005,10.577315700000042],[98.55971300000004,10.575833500000044],[98.55955040000003,10.575401900000031],[98.55993950000004,10.573991400000068],[98.55958290000007,10.572716300000025],[98.55920890000004,10.572316700000044],[98.55873730000008,10.571997000000067],[98.55850400000008,10.571394800000064],[98.55836320000009,10.56980690000006],[98.55800550000004,10.568831700000032],[98.55750140000004,10.568528000000072],[98.55704600000007,10.567648800000029],[98.55733870000006,10.567025300000068],[98.55696470000004,10.566561700000022],[98.55693220000006,10.566146100000026],[98.55742010000006,10.565986200000054],[98.55764770000008,10.565474700000038],[98.55738750000006,10.564931100000024],[98.55777780000005,10.564355600000056],[98.55785910000009,10.56302880000004],[98.55732250000005,10.561302300000023],[98.55727544500007,10.55943360200007],[98.55727260000003,10.559320600000035],[98.55726870000007,10.559166700000048],[98.55761520000004,10.557209700000044],[98.55803800000007,10.556378400000028],[98.55836320000009,10.555115500000056],[98.55847970000008,10.554977500000064],[98.55874330000006,10.55488420000006],[98.55885110000008,10.554811700000073],[98.55888950000008,10.554673000000037],[98.55885710000007,10.55454130000004],[98.55883480000006,10.554236200000048],[98.55885510000007,10.554090900000062],[98.55922930000008,10.553375000000074],[98.55939060000009,10.552673800000036],[98.55947400000008,10.55232760000007],[98.55961820000005,10.552106800000047],[98.55987560000005,10.551886100000047],[98.56018350000005,10.551798800000029],[98.56047730000006,10.551774200000068],[98.56072520000004,10.551906900000063],[98.56095890000006,10.552140500000064],[98.56116590000005,10.552312500000028],[98.56159940000003,10.552477600000032],[98.56186640000004,10.552386600000034],[98.56206960000009,10.552250300000026],[98.56226610000004,10.552062000000035],[98.56231280000009,10.551802200000054],[98.56230070000004,10.551522600000055],[98.56233110000005,10.551326600000039],[98.56251320000007,10.551078000000075],[98.56273770000007,10.550926900000036],[98.56327210000006,10.550783000000024],[98.56369710000007,10.55043130000007],[98.56498700000009,10.54915310000007],[98.56581291000003,10.54829055700003],[98.56598579000007,10.547679713000036],[98.56617403800004,10.547299377000058],[98.56648186000007,10.546962261000033],[98.56775445000005,10.545683668000038],[98.56837874000007,10.545065381000029],[98.56861284800004,10.544825270000047],[98.56884695700006,10.544567150000034],[98.56890698500007,10.544230994000031],[98.56904730000008,10.540119600000025],[98.56899960000004,10.538259500000038],[98.56852110000005,10.53671520000006],[98.56760730000008,10.535658700000056],[98.56618440000005,10.533799800000054],[98.56491680000005,10.53297310000005],[98.56372190000008,10.529996100000062],[98.56273480000004,10.527183000000036],[98.56230570000008,10.525762300000054],[98.56158820000007,10.523270600000046],[98.56107960000008,10.522578600000031],[98.56033810000008,10.522011500000076],[98.55955040000003,10.521525500000052],[98.55929430000003,10.521038500000031],[98.55789160000006,10.517608400000029],[98.55693220000006,10.516025500000069],[98.55656410000006,10.514995300000066],[98.55575320000008,10.512908400000072],[98.55537350000009,10.511876500000028],[98.55575590000007,10.511518600000045],[98.55651230000007,10.511143400000037],[98.55805720000006,10.510777500000074],[98.56246610000005,10.510089400000027],[98.56411890000004,10.509948500000064],[98.56530030000005,10.509194500000035],[98.56658590000006,10.509076700000037],[98.56984290000008,10.508519300000046],[98.57087290000004,10.508818900000051],[98.57195650000006,10.508380100000068],[98.57242420000006,10.506968700000073],[98.57439840000006,10.505745000000047],[98.57516900000007,10.504350800000054],[98.57797940000006,10.502675200000056],[98.57987650000007,10.501768000000027],[98.58267210000008,10.502669000000026],[98.58354610000004,10.502950700000042],[98.58504050000005,10.50370380000004],[98.58698540000006,10.505388400000072],[98.58771170000006,10.506899600000054],[98.58954240000008,10.507120000000043],[98.59012140000004,10.506844500000057],[98.59077520000005,10.507285300000035],[98.59106480000008,10.507432300000062],[98.59137300000003,10.507156700000053],[98.59204550000004,10.506192500000054],[98.59250310000004,10.505962900000043],[98.59307290000004,10.505999600000052],[98.59459530000004,10.506642500000055],[98.59511830000008,10.507615900000076],[98.59546390000008,10.507707800000048],[98.59623910000005,10.507322100000067],[98.59682750000007,10.507257800000048],[98.59703300000007,10.507129200000065],[98.59735060000008,10.506596600000023],[98.59753740000008,10.506174100000067],[98.59804170000007,10.505880300000058],[98.59938670000008,10.505760900000041],[98.60075030000007,10.505889400000058],[98.60114260000006,10.505770100000063],[98.60207870000005,10.503972700000077],[98.60298260000008,10.50339150000002],[98.60344960000003,10.503308900000036],[98.60429950000008,10.503740500000049],[98.60520550000007,10.504741500000023],[98.60640100000006,10.50515480000007],[98.60692410000007,10.504906800000072],[98.60847130000008,10.505363500000044],[98.60921240000005,10.505007800000044],[98.60966070000006,10.504989500000022],[98.61052930000005,10.50559560000005],[98.61103370000006,10.505742500000053],[98.61153800000005,10.505522100000064],[98.61182760000008,10.505108800000073],[98.61281760000008,10.505448600000022],[98.61322860000007,10.505522100000064],[98.61362120000007,10.505363500000044],[98.61393840000005,10.504245600000047],[98.61440540000007,10.503832300000056],[98.61465760000004,10.502959900000064],[98.61526470000007,10.502491600000042],[98.61816940000006,10.499075300000072],[98.61804800000004,10.498202800000058],[98.61782390000008,10.497762000000023],[98.61764640000007,10.495456900000022],[98.61970120000007,10.492949700000054],[98.62048580000004,10.492426300000034],[98.62184940000009,10.48936800000007],[98.62198950000004,10.488275100000067],[98.62245650000006,10.487375100000065],[98.62243780000006,10.486741400000028],[98.62351190000004,10.48441790000004],[98.62479190000005,10.484176500000046],[98.62513500000006,10.483922800000073],[98.62641330000008,10.481899500000054],[98.62756150000007,10.480061200000023],[98.62786910000005,10.47987610000007],[98.62889970000003,10.47925200000003],[98.62928180000006,10.478860200000042],[98.63043640000006,10.476325700000075],[98.63035510000003,10.475646100000063],[98.62980220000009,10.475030400000037],[98.62702140000005,10.47296760000006],[98.62769740000005,10.471098400000074],[98.62929610000003,10.469889100000046],[98.62992900000006,10.469410400000072],[98.62924110000006,10.467138800000043],[98.62872080000005,10.466547200000036],[98.62864760000008,10.464380300000073],[98.62830610000003,10.463796700000046],[98.62769740000005,10.46350220000005],[98.62696450000004,10.463260900000023],[98.62549280000007,10.461397900000065],[98.62474470000006,10.460910200000058],[98.62402920000005,10.460910200000058],[98.62311040000009,10.460286500000052],[98.62222420000006,10.45846350000005],[98.62160620000009,10.45752790000006],[98.62148420000005,10.456728400000031],[98.62106960000006,10.456520500000067],[98.62040280000008,10.456408500000066],[98.61980110000007,10.456184600000029],[98.61941900000005,10.455720900000074],[98.61925640000004,10.454689400000063],[98.61909370000006,10.454129700000067],[98.61884170000008,10.45367390000007],[98.61870350000004,10.452578500000072],[98.61816680000004,10.451339100000041],[98.61757330000006,10.449252100000024],[98.61779280000007,10.44800470000007],[98.61771960000004,10.447532900000056],[98.61789040000008,10.446413500000062],[98.61773590000007,10.445613900000069],[98.61825630000004,10.444766300000026],[98.61771150000004,10.442415400000073],[98.61776840000005,10.441679700000066],[98.61660300000005,10.439941600000054],[98.61632920000005,10.439432700000054],[98.61610970000004,10.438793000000032],[98.61728050000005,10.435650500000065],[98.61740250000008,10.434866800000066],[98.61701500000004,10.43347680000005],[98.61655690000003,10.432707700000037],[98.61603330000008,10.432277100000022],[98.61320690000008,10.431900100000064],[98.61208490000007,10.430844600000057],[98.61081640000003,10.429077300000074],[98.60986960000008,10.427427600000044],[98.60928810000007,10.425590600000021],[98.60832020000004,10.424815100000046],[98.60722930000009,10.422762700000021],[98.60728820000008,10.42228190000003],[98.60771630000005,10.421925900000076],[98.60893190000007,10.421533400000044],[98.60951340000008,10.421105000000068],[98.61077730000005,10.417814900000053],[98.61068290000009,10.41698450000007],[98.61077080000007,10.416467400000045],[98.61141460000005,10.415982000000042],[98.61231580000003,10.414589100000057],[98.61244967200008,10.41294040300005],[98.61245970000004,10.412816900000053],[98.61247170000007,10.412668900000028],[98.61205830000006,10.412352100000021],[98.61130760000003,10.411749800000052],[98.61024490000005,10.40989520000005],[98.60990960000004,10.40858570000006],[98.60989640000008,10.40691030000005],[98.60944690000008,10.406236000000035],[98.60916700000007,10.405696900000066],[98.60908530000006,10.405074200000058],[98.60902370000008,10.404579500000068],[98.60913210000007,10.404084700000055],[98.60951230000006,10.402779000000066],[98.60963790000005,10.401044200000058],[98.61014860000006,10.399794800000052],[98.61009920000004,10.398801800000058],[98.61034280000007,10.39846300000005],[98.61075690000007,10.398290600000053],[98.61160770000004,10.39783200000005],[98.61177940000005,10.39719880000007],[98.61171500000006,10.39658570000006],[98.61115710000007,10.395932500000072],[98.61032020000005,10.394961700000067],[98.60907570000006,10.393927500000075],[98.60741680000007,10.39274080000007],[98.60692990000007,10.392217900000048],[98.60671690000004,10.391734300000053],[98.60665100000006,10.391584800000032],[98.60667760000007,10.390528600000039],[98.60645780000004,10.38981190000004],[98.60524720000006,10.38857500000006],[98.60517040000008,10.388186700000063],[98.60501590000007,10.386901400000056],[98.60307720000009,10.386121500000058],[98.60275100000007,10.385629700000038],[98.60307080000007,10.383910600000036],[98.60252890000004,10.37943610000002],[98.60225210000004,10.378837700000076],[98.60108490000005,10.37753760000004],[98.60052690000003,10.376884300000029],[98.60048510000007,10.376122300000077],[98.60101510000004,10.370190200000025],[98.60128120000007,10.369391300000075],[98.60382070000009,10.365970900000036],[98.60580340000007,10.364423700000032],[98.60615210000003,10.363515000000064],[98.60661120000003,10.362747600000034],[98.60725290000005,10.362344600000029],[98.60847270000005,10.362048000000073],[98.61021510000006,10.363127700000064],[98.61144740000003,10.364465800000062],[98.61199290000008,10.36483000000004],[98.61254970000005,10.364805700000034],[98.61448300000006,10.363630000000057],[98.61584540000007,10.362823000000049],[98.61639470000006,10.36261440000004],[98.61877460000005,10.362626400000067],[98.61900550000007,10.362570300000073],[98.61918120000007,10.362234500000056],[98.61937540000008,10.361233300000038],[98.61941830000006,10.360578900000064],[98.61941830000006,10.360051200000044],[98.61965430000004,10.359629100000063],[98.62102120000009,10.35940000000005],[98.62231610000003,10.359340900000063],[98.62320340000008,10.358852300000024],[98.62375170000007,10.358010100000058],[98.62459490000003,10.354137800000046],[98.62426200000004,10.353341300000068],[98.62140530000005,10.346507100000053],[98.61959750000005,10.339969600000074],[98.61848380000004,10.338336800000036],[98.61877100000004,10.335520400000064],[98.61920330000004,10.334803900000054],[98.61948270000005,10.334340800000064],[98.62059950000008,10.333706500000062],[98.62130660000008,10.333348700000045],[98.62169280000006,10.332630900000026],[98.62184300000007,10.33168100000006],[98.62165850000008,10.330438700000059],[98.62091850000007,10.329596700000025],[98.62064310000005,10.32897840000004],[98.62011940000008,10.326524900000038],[98.61988710000008,10.325436700000068],[98.62079020000004,10.322613600000068],[98.62083090000004,10.32225070000004],[98.62080660000004,10.321863700000051],[98.62072940000007,10.321444300000053],[98.62029300000006,10.319074000000057],[98.61979240000005,10.317365700000039],[98.61845800000003,10.315341400000023],[98.61833640000003,10.315047800000059],[98.61818640000007,10.314851600000054],[98.61714670000003,10.313354200000049],[98.61655940000009,10.31267420000006],[98.61602880000004,10.312244900000053],[98.61571880000008,10.311642100000029],[98.61451930000004,10.30744100000004],[98.61436260000005,10.306317900000067],[98.61456760000004,10.304971000000023],[98.61461160000005,10.304243700000029],[98.61419960000006,10.303273600000068],[98.61396140000005,10.301758800000073],[98.61422720000007,10.300248500000066],[98.61412020000006,10.299102900000037],[98.61306230000008,10.298181400000033],[98.61269650000008,10.296475600000065],[98.61330590000006,10.294020300000057],[98.61322110000003,10.293029000000047],[98.61279520000005,10.289845200000059],[98.61227160000004,10.289021800000057],[98.61157210000005,10.286640300000045],[98.61051530000003,10.283029000000056],[98.61038980000006,10.279703600000062],[98.61044020000008,10.278425200000072],[98.61110320000006,10.277116500000034],[98.61126810000007,10.27674170000006],[98.61132580000003,10.27652530000006],[98.61135530000007,10.276151900000059],[98.61132440000006,10.275266400000021],[98.61128420000006,10.274865300000044],[98.61122520000004,10.274611900000025],[98.61110990000009,10.274342700000034],[98.61078530000003,10.273638000000062],[98.61049560000004,10.272914900000046],[98.61019250000004,10.272009600000047],[98.60982780000006,10.270848400000034],[98.60965380000005,10.270385200000021],[98.60955420000005,10.270241300000066],[98.60937180000008,10.270064500000046],[98.60916260000005,10.269898200000057],[98.60890510000007,10.269763600000033],[98.60858370000005,10.269618600000058],[98.60745400000008,10.269109100000037],[98.60663590000007,10.268726400000048],[98.60633280000008,10.26856280000004],[98.60613440000009,10.268428200000074],[98.60573740000007,10.26812730000006],[98.60537260000007,10.267805300000077],[98.60502930000007,10.267517600000076],[98.60467260000007,10.26733820000004],[98.60431850000003,10.267190400000061],[98.60409050000004,10.267039900000043],[98.60385980000007,10.266892100000064],[98.60371500000008,10.266842000000054],[98.60347900000005,10.266802400000074],[98.60306320000007,10.266781300000048],[98.60273870000003,10.266810300000031],[98.60234440000005,10.266873700000076],[98.60214860000008,10.26692120000007],[98.60192870000009,10.266937000000041],[98.60161480000005,10.266900100000043],[98.60134930000004,10.266807700000072],[98.60062510000006,10.266430300000025],[98.59994380000006,10.266008000000056],[98.59812130000006,10.264708100000064],[98.59774840000006,10.264471900000046],[98.59730720000005,10.264263400000061],[98.59725910000009,10.264246100000037],[98.59680300000008,10.264081300000043],[98.59620750000005,10.26388860000003],[98.59503890000008,10.263522000000023],[98.59396920000006,10.263071800000034],[98.59363530000007,10.262902900000029],[98.59340330000003,10.262760300000025],[98.59334430000007,10.26271330000003],[98.59315380000004,10.262561100000028],[98.59300230000008,10.262392200000022],[98.59291240000005,10.262266800000077],[98.59286430000009,10.262135800000067],[98.59283060000007,10.26201210000005],[98.59280650000005,10.261853700000074],[98.59277030000004,10.261431500000072],[98.59275950000006,10.261139800000024],[98.59278770000009,10.260939200000053],[98.59286420000007,10.260776100000044],[98.59347750000006,10.259755000000041],[98.59434560000005,10.258321100000046],[98.59467960000006,10.257807800000023],[98.59484860000003,10.257555700000069],[98.59509580000008,10.257302800000048],[98.59798570000004,10.255581000000063],[98.59958730000005,10.25462680000004],[98.59971420000005,10.25455130000006],[98.60060080000005,10.25402390000005],[98.60127380000006,10.25362350000006],[98.60142270000006,10.253534900000034],[98.60172470000003,10.25331710000006],[98.60213430000005,10.252917300000036],[98.60342450000007,10.251243600000066],[98.60353900000007,10.251044600000057],[98.60359640000007,10.250747200000035],[98.60358190000005,10.250285800000029],[98.60355630000004,10.249468200000024],[98.60355110000006,10.249304000000052],[98.60352780000005,10.248560100000077],[98.60348790000006,10.247288900000058],[98.60377860000006,10.245824000000027],[98.60422280000006,10.244500600000038],[98.60618940000006,10.24190550000003],[98.60699840000007,10.238447800000074],[98.60648550000008,10.237468000000035],[98.60648450000008,10.236775400000056],[98.60752120000006,10.235886700000037],[98.60787060000007,10.235125200000027],[98.60762910000005,10.233904800000062],[98.60794780000003,10.232573700000046],[98.60809700000004,10.231559700000048],[98.60712820000003,10.230588300000022],[98.60656760000006,10.229901100000063],[98.60569590000006,10.228832500000067],[98.60457040000006,10.225650200000075],[98.60064900000003,10.219106000000068],[98.60013410000005,10.217926600000055],[98.60053100000005,10.21169800000007],[98.60030790000008,10.20904980000006],[98.60057490000008,10.207993200000033],[98.60240790000006,10.203937300000064],[98.60314330000006,10.202310700000055],[98.60384550000003,10.201544600000034],[98.60467970000008,10.200904200000025],[98.60577560000007,10.200237400000049],[98.60648050000003,10.198517800000047],[98.60660500000006,10.198162500000024],[98.60657390000006,10.197788700000046],[98.60603960000009,10.195699500000046],[98.60559810000007,10.193472000000042],[98.60572470000005,10.191943200000026],[98.60584270000004,10.19136480000003],[98.60656530000006,10.189360100000044],[98.60673640000005,10.188060200000052],[98.60676430000007,10.186212300000022],[98.60701800000004,10.185672700000055],[98.60779800000006,10.184750800000074],[98.60922550000004,10.181174200000044],[98.60921480000007,10.180561700000055],[98.60871750000007,10.179549000000065],[98.60864290000006,10.178870000000074],[98.60989600000005,10.17431860000005],[98.60990950000007,10.17357160000006],[98.60996580000005,10.171860200000026],[98.60894870000004,10.169501700000069],[98.60743810000008,10.16614190000007],[98.60723740000009,10.165300200000047],[98.60710500000005,10.164665100000036],[98.60697780000004,10.164207300000044],[98.60665220000004,10.163882500000057],[98.60622740000008,10.163620600000058],[98.60538410000004,10.163042400000052],[98.60495060000005,10.162854500000037],[98.60423450000008,10.162834900000064],[98.60067460000005,10.163371400000074],[98.59855030000006,10.163811800000076],[98.59779230000004,10.163921600000037],[98.59727630000003,10.16389890000005],[98.59687930000007,10.16377220000004],[98.59632140000008,10.163435800000059],[98.59474320000004,10.16236710000004],[98.59427700000003,10.162003300000038],[98.59398520000008,10.16153440000005],[98.59381360000003,10.161025400000028],[98.59347400000007,10.159367900000063],[98.59341870000009,10.158587500000067],[98.59364140000008,10.157662900000048],[98.59372080000009,10.156997600000068],[98.59368510000007,10.154465200000061],[98.59354640000004,10.151965300000029],[98.59340210000005,10.15085060000007],[98.59295360000004,10.148972900000047],[98.59277870000005,10.148261000000048],[98.59311060000005,10.145799900000043],[98.59315710000004,10.145452700000021],[98.59322000000009,10.14498320000007],[98.59320850000006,10.144523800000059],[98.59302250000007,10.144035900000063],[98.59253980000005,10.14329790000005],[98.59149320000006,10.141400600000054],[98.59084330000007,10.140227800000048],[98.59057960000007,10.139899100000036],[98.59014030000009,10.139545500000054],[98.58979800000009,10.139223100000038],[98.58951450000006,10.138757400000031],[98.58914330000005,10.13821850000005],[98.58876500000008,10.137786300000073],[98.58827320000006,10.137428800000066],[98.58714020000008,10.136873800000046],[98.58608260000005,10.136315900000056],[98.58341140000005,10.134724000000062],[98.58252710000005,10.134176700000069],[98.58189570000008,10.13382420000005],[98.58074320000009,10.133139500000027],[98.57919900000007,10.132284300000038],[98.57847910000004,10.131948700000066],[98.57785090000004,10.131762600000059],[98.57701890000004,10.131614700000057],[98.57534400000009,10.13120790000005],[98.57482540000007,10.131081900000027],[98.57432970000008,10.130982600000038],[98.57371710000007,10.130896000000064],[98.57070820000007,10.130764000000056],[98.56721380000005,10.130138700000032],[98.56612860000007,10.129981600000065],[98.56571100000008,10.129861500000061],[98.56457450000005,10.129331000000036],[98.56318940000006,10.128735600000027],[98.56240770000005,10.128488000000061],[98.56184430000008,10.128309500000057],[98.56157530000007,10.128166300000032],[98.56102680000004,10.127554300000043],[98.56083030000008,10.12720100000007],[98.56052470000009,10.126651800000047],[98.56042190000005,10.126467000000048],[98.55915060000007,10.123462800000027],[98.55867130000007,10.122330200000022],[98.55809510000006,10.120866600000056],[98.55752410000008,10.119643300000064],[98.55705230000007,10.118935100000044],[98.55647980000003,10.118162900000073],[98.55617010000003,10.117745300000024],[98.55391830000008,10.114808900000071],[98.55169920000009,10.111879500000043],[98.55006460000004,10.110607800000025],[98.54943860000009,10.109714800000063],[98.54764420000004,10.106607300000064],[98.54655410000004,10.105140800000072],[98.54462630000006,10.102552700000047],[98.53960370000004,10.095515500000033],[98.53897090000004,10.094618000000025],[98.53534030000009,10.089528700000074],[98.53457730000008,10.088447100000053],[98.53394310000004,10.087549200000069],[98.53336640000003,10.086180200000058],[98.53291020000006,10.084371000000033],[98.53338320000006,10.081778300000053],[98.53427410000006,10.079071200000044],[98.53471660000008,10.076770500000066],[98.53501700000004,10.075588500000038],[98.53513080000005,10.075020700000039],[98.53501810000006,10.073424600000067],[98.53492850000004,10.072408100000075],[98.53509720000005,10.071187000000066],[98.53514040000005,10.070957100000044],[98.53570530000007,10.067950000000053],[98.53587430000005,10.06763680000006],[98.53622720000004,10.067327300000045],[98.53661190000008,10.067197900000053],[98.53691710000004,10.067204300000071],[98.53724010000008,10.06733840000004],[98.53770460000004,10.06752860000006],[98.53819330000005,10.067760400000054],[98.53845130000008,10.067878200000052],[98.53880160000006,10.068047200000024],[98.53922010000008,10.068110600000068],[98.53998560000008,10.068078900000046],[98.54067920000006,10.068015500000058],[98.54090450000007,10.067888800000048],[98.54318970000008,10.064614000000063],[98.54467410000007,10.062617500000044],[98.54492780000004,10.062300600000071],[98.54503510000006,10.061994200000072],[98.54503630000005,10.061923700000023],[98.54503880000004,10.061782900000026],[98.54413250000005,10.06023870000007],[98.54407140000006,10.058833700000037],[98.54384230000005,10.05846450000007],[98.54284400000006,10.057660300000066],[98.54210210000008,10.05704890000004],[98.54160020000006,10.056457700000067],[98.54127730000005,10.055398600000046],[98.54116840000006,10.05440770000007],[98.54134920000007,10.052774000000056],[98.54150210000006,10.052140200000053],[98.54153060000004,10.052037700000028],[98.54161260000006,10.051704900000061],[98.54156920000008,10.051024300000051],[98.54156110000008,10.050897300000031],[98.54091310000007,10.049837100000047],[98.54077140000004,10.049352200000044],[98.54072320000006,10.048501800000054],[98.54068080000008,10.048083100000042],[98.54066290000009,10.04790810000003],[98.54060900000007,10.04727980000007],[98.54046410000007,10.04555970000007],[98.54030050000006,10.04475780000007],[98.54032180000007,10.044413500000076],[98.54055070000004,10.044210100000043],[98.54082880000004,10.043960200000072],[98.54160860000007,10.043606700000055],[98.54216350000007,10.043258700000024],[98.54254060000005,10.04279420000006],[98.54267060000006,10.04259200000007],[98.54279420000006,10.042303100000026],[98.54281780000008,10.042059100000074],[98.54276150000004,10.041836400000022],[98.54266760000007,10.041635400000075],[98.54246300000005,10.041314500000055],[98.54171730000007,10.040460100000075],[98.54152180000006,10.040018800000041],[98.54130800000007,10.039413700000068],[98.54120640000008,10.039126100000033],[98.54038620000006,10.038135500000067],[98.54016270000005,10.037955500000066],[98.53989260000009,10.037600600000076],[98.53977730000008,10.037369200000057],[98.53947520000008,10.036486100000047],[98.53918920000007,10.035603700000024],[98.53850760000006,10.033985500000028],[98.53848570000008,10.033763300000032],[98.53820560000008,10.032971700000076],[98.53816400000005,10.032748300000037],[98.53794140000008,10.031502000000046],[98.53779570000006,10.031121900000073],[98.53758570000008,10.030746300000033],[98.53746010000003,10.030589600000042],[98.53721720000004,10.030286700000033],[98.53633210000004,10.029431500000044],[98.53542190000007,10.028532600000062],[98.53533240000007,10.028444200000024],[98.53426430000007,10.027474300000051],[98.53398640000006,10.027221900000029],[98.53367500000007,10.02695140000003],[98.53354170000006,10.026731400000074],[98.53350390000008,10.026435000000049],[98.53353450000009,10.024737000000073],[98.53349430000009,10.024466200000063],[98.53280710000007,10.022581200000047],[98.53271720000004,10.022147500000074],[98.53268960000008,10.021435600000075],[98.53259920000005,10.020919500000048],[98.53245410000005,10.020412900000053],[98.53229610000005,10.020065900000077],[98.53209410000005,10.019816500000047],[98.53183420000005,10.019634800000063],[98.53158450000006,10.019426200000055],[98.53141980000004,10.019235200000026],[98.53130050000004,10.019008300000053],[98.53119450000008,10.018711100000075],[98.53114060000007,10.018357700000024],[98.53106470000006,10.016481600000077],[98.53103060000007,10.016202400000054],[98.53071260000007,10.015404400000023],[98.53073000000006,10.015056400000049],[98.53076710000005,10.014267000000075],[98.53087480000005,10.012162200000034],[98.53089980000004,10.011793200000056],[98.53088610000003,10.011136300000032],[98.53084800000005,10.010740600000076],[98.53071580000005,10.010432900000069],[98.53041510000008,10.010055200000068],[98.53027040000006,10.00973440000007],[98.53017910000005,10.009423200000072],[98.53015300000004,10.009108500000025],[98.53021950000004,10.00887240000003],[98.53091640000008,10.007712800000036],[98.53109290000003,10.007509200000072],[98.53162450000008,10.007237300000043],[98.53177440000007,10.007071500000052],[98.53220280000005,10.006414300000074],[98.53227520000007,10.00617630000005],[98.53226690000008,10.00590660000006],[98.53230550000006,10.005758400000047],[98.53243210000005,10.00556350000005],[98.53273340000004,10.005327100000045],[98.53283420000008,10.005140900000072],[98.53288340000006,10.004879200000062],[98.53307400000006,10.004286100000058],[98.53306400000008,10.003937200000053],[98.53283310000006,10.00315610000007],[98.53263810000004,10.002364200000045],[98.53263090000007,10.00195240000005],[98.53266520000005,10.00172200000003],[98.53297640000005,10.00108810000006],[98.53318020000006,10.000929600000063],[98.53382390000007,10.000718300000074],[98.53403850000007,10.000781700000061],[98.53426380000008,10.00103530000007],[98.53448160000005,10.001173400000027],[98.53463580000005,10.001203300000043],[98.53471550000006,10.001200900000072],[98.53491830000007,10.001130300000057],[98.53570160000004,10.00071040000006],[98.53603650000008,10.000435200000027],[98.53648420000007,10.00002180000007],[98.53682320000007,9.999676100000045],[98.53711150000004,9.999403700000073],[98.53729250000004,9.999210100000028],[98.53744340000009,9.999045500000022],[98.53755120000005,9.998929000000032],[98.53766780000007,9.998794400000065],[98.53779610000004,9.998593300000039],[98.53801860000004,9.99830570000006],[98.53857470000008,9.99768750000004],[98.53869110000005,9.997603100000049],[98.53878810000003,9.997591300000067],[98.53891840000006,9.99761090000004],[98.53910320000006,9.997687900000074],[98.53932530000009,9.99774240000005],[98.53952740000005,9.997765000000072],[98.53968190000006,9.997770400000036],[98.53999120000003,9.997717200000068],[98.54026160000006,9.997638000000052],[98.54040530000003,9.99756700000006],[98.54050710000007,9.997483500000044],[98.54057010000008,9.997370000000046],[98.54060750000008,9.99720110000004],[98.54053590000007,9.996935700000051],[98.54053260000006,9.99656280000005],[98.54062730000004,9.996109500000046],[98.54061240000004,9.995479200000034],[98.54062440000007,9.995235900000068],[98.54068310000008,9.995029200000033],[98.54070120000006,9.994987800000047],[98.54077980000005,9.994808700000021],[98.54081260000004,9.99468150000007],[98.54079230000008,9.994475200000068],[98.54079680000007,9.994301700000051],[98.54083390000005,9.994155400000068],[98.54089710000005,9.993988100000024],[98.54099270000006,9.99381950000003],[98.54110310000004,9.993669600000032],[98.54121110000006,9.993564200000037],[98.54128990000004,9.99350480000004],[98.54137880000007,9.993459200000075],[98.54177460000005,9.993367700000022],[98.54199610000006,9.993320600000061],[98.54241750000006,9.993216200000063],[98.54262520000003,9.993167500000027],[98.54281860000003,9.99315370000005],[98.54292830000009,9.993169200000068],[98.54308790000005,9.993214100000046],[98.54322350000007,9.99327420000003],[98.54334030000007,9.99337010000005],[98.54346960000004,9.993536200000051],[98.54355960000004,9.993611100000066],[98.54364930000008,9.993631300000061],[98.54377000000005,9.993586400000027],[98.54397290000009,9.993417200000067],[98.54409120000008,9.993278600000053],[98.54427080000005,9.993186000000037],[98.54446640000003,9.993142500000033],[98.54527190000005,9.993138000000044],[98.54578610000004,9.993131900000037],[98.54602210000007,9.99306850000005],[98.54604880000005,9.99302460000007],[98.54615080000008,9.99285720000006],[98.54615080000008,9.992659600000025],[98.54615080000008,9.992529700000034],[98.54601140000005,9.992286600000057],[98.54579680000006,9.992159900000047],[98.54505920000008,9.991962300000068],[98.54484460000003,9.991898900000024],[98.54472680000003,9.991682900000058],[98.54493630000007,9.990753100000063],[98.54523890000007,9.990331900000058],[98.54523080000007,9.990113200000053],[98.54512090000009,9.990025500000058],[98.54492770000007,9.990046600000028],[98.54465950000008,9.990036100000054],[98.54428380000007,9.989857000000029],[98.54424830000005,9.989730700000052],[98.54422790000007,9.989582900000073],[98.54427600000008,9.989427100000057],[98.54460970000008,9.989132600000062],[98.54477140000006,9.98896650000006],[98.54487400000005,9.988889100000051],[98.54498040000004,9.988858100000073],[98.54506450000008,9.988896200000056],[98.54523280000006,9.989025200000071],[98.54534530000006,9.989081700000042],[98.54549230000003,9.989115100000049],[98.54566800000003,9.98912740000003],[98.54582430000005,9.98910600000005],[98.54595160000008,9.989040300000056],[98.54613400000005,9.988865400000066],[98.54643790000006,9.988707700000077],[98.54656290000008,9.988606400000037],[98.54664910000008,9.98842540000004],[98.54681270000003,9.987990600000046],[98.54716140000005,9.987413700000047],[98.54774000000003,9.986038300000075],[98.54777140000004,9.985927900000036],[98.54812950000007,9.984774100000038],[98.54830090000007,9.984381800000051],[98.54839110000006,9.983906500000046],[98.54847730000006,9.983795300000054],[98.54868190000008,9.983693300000027],[98.54883540000009,9.98360370000006],[98.54901120000005,9.983427300000074],[98.54935470000004,9.982932400000038],[98.54950760000008,9.98285130000005],[98.54967010000007,9.982824600000072],[98.54983270000008,9.982889000000057],[98.55026190000007,9.983098900000073],[98.55047530000007,9.983180100000027],[98.55079880000005,9.983275000000049]]]},"geometry_name":"the_geom","properties":{"Road_Type":"Main","Sur_Type":"","Route":"","Remark":""}},{"type":"Feature","id":"mmr_rdsl_mimu_250k.1418","geometry":{"type":"MultiLineString","coordinates":[[[99.08206510000008,13.893341700000065],[99.08220470000003,13.892637900000068],[99.08226700000006,13.89208080000003],[99.08215580000007,13.891614400000037],[99.08216910000004,13.891165200000046],[99.08186100000006,13.890511300000071],[99.08142060000006,13.889998300000059],[99.08130740000007,13.88959520000003],[99.08126960000004,13.889302100000066],[99.08115640000005,13.888960100000077],[99.08092990000006,13.888666900000032],[99.08069710000007,13.888404300000047],[99.08021270000006,13.888184400000057],[99.07994840000003,13.888001200000076],[99.07972190000004,13.887695800000074],[99.07953320000007,13.887512600000036],[99.07918720000004,13.887219500000072],[99.07897330000009,13.887152300000025],[99.07870900000006,13.88703010000006],[99.07863360000005,13.886785800000041],[99.07862730000005,13.886278900000036],[99.07859350000007,13.88589550000006],[99.07847080000005,13.88565280000006],[99.07820260000005,13.885114500000043],[99.07800260000005,13.884814400000039],[99.07775720000006,13.88455410000006],[99.07747990000007,13.884395300000051],[99.07716630000004,13.88432030000007],[99.07694810000004,13.884417300000052],[99.07675720000003,13.884642400000075],[99.07645730000007,13.885052700000074],[99.07627550000007,13.885246900000027],[99.07580730000006,13.885489500000062],[99.07543460000005,13.88570130000005],[99.07514370000007,13.885785200000043],[99.07482550000003,13.885705700000074],[99.07458730000008,13.885489200000052],[99.07438160000004,13.885177200000044],[99.07418880000006,13.88495880000005],[99.07389310000008,13.884734200000025],[99.07350100000008,13.884659300000067],[99.07292250000006,13.884759200000076],[99.07196480000005,13.88502120000004],[99.07161770000005,13.885389400000065],[99.07098130000008,13.885807500000055],[99.07058280000007,13.886100800000065],[99.07035140000005,13.886263000000042],[99.07013920000009,13.886288000000036],[99.06943860000007,13.88609450000007],[99.06894370000003,13.885982200000058],[99.06861580000003,13.885976000000028],[99.06839730000007,13.886175600000058],[99.06814020000007,13.88650640000003],[99.06790880000005,13.886830800000041],[99.06756170000006,13.887080400000059],[99.06706670000005,13.887367500000039],[99.06648820000004,13.88749850000005],[99.06631470000008,13.887461100000053],[99.06571040000006,13.887311300000022],[99.06517050000008,13.887292600000023],[99.06479770000004,13.887392400000067],[99.06439910000006,13.887617100000057],[99.06389780000006,13.887629600000025],[99.06340280000006,13.887330000000077],[99.06289500000008,13.886986800000045],[99.06234860000006,13.886712300000056],[99.06175090000005,13.886543800000027],[99.06135230000007,13.886543800000027],[99.06084450000009,13.886787200000072],[99.05995750000005,13.886980600000072],[99.05966180000007,13.887105400000053],[99.05934680000007,13.887454800000057],[99.05895470000007,13.887766800000065],[99.05847910000006,13.888016400000026],[99.05815120000005,13.888297200000068],[99.05786840000007,13.888534400000026],[99.05748920000008,13.888684100000035],[99.05694280000006,13.888777700000048],[99.05662780000006,13.888877600000058],[99.05624220000004,13.888896300000056],[99.05569580000008,13.888784000000044],[99.05525230000006,13.888578000000052],[99.05480870000008,13.888440800000069],[99.05459020000006,13.888422000000048],[99.05428810000006,13.888266000000044],[99.05396030000009,13.888016400000026],[99.05367740000008,13.887947800000063],[99.05226330000005,13.88806640000007],[99.05167840000007,13.887910400000067],[99.05135700000005,13.887941600000033],[99.05115770000003,13.88811000000004],[99.05090060000003,13.888509400000032],[99.05068850000004,13.888702800000033],[99.05049560000003,13.888808900000072],[99.05005850000003,13.888771500000075],[99.04969860000006,13.888652900000068],[99.04942220000004,13.888609200000076],[99.04908790000007,13.888447000000042],[99.04863150000006,13.888116300000036],[99.04847090000004,13.887841700000024],[99.04788590000004,13.887592100000063],[99.04729460000004,13.887311300000022],[99.04690240000008,13.88742990000003],[99.04590610000008,13.887866700000075],[99.04557190000008,13.887954000000036],[99.04526330000004,13.887897900000041],[99.04489050000007,13.887804300000028],[99.04444060000009,13.88785420000005],[99.04381060000009,13.888128800000061],[99.04330930000003,13.888347200000055],[99.04299430000003,13.88856560000005],[99.04275320000005,13.888805900000023],[99.04220370000007,13.889557700000069],[99.04208800000004,13.890081900000041],[99.04200440000005,13.890506200000061],[99.04182440000005,13.890874300000064],[99.04153520000006,13.891049000000066],[99.04109160000007,13.891142600000023],[99.04081520000005,13.891279900000029],[99.04046170000004,13.891616900000031],[99.04013390000006,13.891910100000075],[99.03974180000006,13.892134800000065],[99.03880970000006,13.89248420000007],[99.03814120000004,13.892827400000044],[99.03789060000008,13.893014600000072],[99.03778770000008,13.893314100000055],[99.03771700000004,13.893707200000051],[99.03742780000005,13.893969300000037],[99.03702920000006,13.894200200000057],[99.03645070000005,13.89431250000007],[99.03602000000006,13.894424800000024],[99.03525510000009,13.89437490000006],[99.03508800000009,13.89443730000005],[99.03499160000007,13.894686900000067],[99.03499800000009,13.894973900000025],[99.03449020000005,13.895379500000047],[99.03337820000007,13.896558800000037],[99.03225330000004,13.897856700000034],[99.03139840000006,13.898243500000035],[99.03116700000004,13.898524300000076],[99.03035560000006,13.89900890000007],[99.02821570000003,13.900313200000028],[99.02719410000003,13.900944300000049],[99.02674820000004,13.901160700000048],[99.02431480000007,13.902873700000043],[99.02333030000005,13.903342500000065],[99.02124990000004,13.903613000000064],[99.01887220000003,13.903901500000075],[99.01820350000008,13.904460500000027],[99.01671750000008,13.906642200000022],[99.01591870000004,13.907670000000053],[99.01599300000004,13.908409300000073],[99.01575150000008,13.90873380000005],[99.01532430000003,13.909058400000049],[99.01454410000008,13.909058400000049],[99.01437690000006,13.90952720000007],[99.01454410000008,13.911059800000032],[99.01439550000003,13.911835100000076],[99.01454410000008,13.912971000000027],[99.01465560000008,13.91372830000006],[99.01450700000004,13.914575800000023],[99.01393110000004,13.914990500000044],[99.01389400000005,13.915513300000043],[99.01393110000004,13.915928000000065],[99.01326240000009,13.917280300000073],[99.01228150000009,13.919083200000046],[99.01128510000007,13.920897700000069],[99.01058760000006,13.922073600000033],[99.01002300000005,13.923025400000029],[99.00941320000004,13.924124300000074],[99.00757470000008,13.927437300000065],[99.00706950000006,13.928379500000062],[99.00612280000007,13.930145200000027],[99.00567680000006,13.930891200000076],[99.00506950000005,13.931425400000023],[99.00442420000007,13.931784600000071],[99.00375990000003,13.93216220000005],[99.00322850000003,13.932309600000053],[99.00294380000008,13.93240170000007],[99.00283950000005,13.93258590000005],[99.00308620000004,13.93282540000007],[99.00334240000007,13.93301880000007],[99.00340880000005,13.933258300000034],[99.00326650000005,13.933663500000023],[99.00313360000007,13.933856900000023],[99.00278250000008,13.933930600000053],[99.00247890000009,13.933875300000068],[99.00214670000008,13.93375560000004],[99.00178610000006,13.933774000000028],[99.00121680000007,13.934013500000049],[99.00010650000007,13.934768700000063],[98.99905320000005,13.935302900000067],[98.99857870000005,13.935321300000055],[98.99826550000006,13.935487100000046],[98.99804730000005,13.935680500000046],[98.99773410000006,13.935735800000032],[98.99756330000008,13.935496300000068],[98.99760130000004,13.93518320000004],[98.99747790000004,13.935072700000035],[98.99727860000007,13.93504500000006],[98.99699390000006,13.935192400000062],[98.99676620000008,13.935339800000065],[98.99670930000008,13.935477900000024],[98.99684210000004,13.935671300000024],[98.99687060000008,13.935864700000025],[98.99681360000005,13.936085800000058],[98.99665230000005,13.936242400000026],[98.99643410000004,13.936500200000069],[98.99648150000007,13.936730500000067],[98.99648750000006,13.93719980000003],[98.99628620000004,13.937968200000057],[98.99585680000007,13.938606500000049],[98.99540050000007,13.939010200000041],[98.99519920000006,13.939843800000062],[98.99509180000007,13.941003100000046],[98.99501130000004,13.942813500000057],[98.99529310000008,13.943634100000054],[98.99554810000006,13.944207100000028],[98.99550790000006,13.944519700000058],[98.99517240000006,13.94493650000004],[98.99474170000008,13.945393700000068],[98.99424720000007,13.945374900000047],[98.99360730000006,13.945318500000042],[98.99308380000008,13.945506600000044],[98.99257960000006,13.945779500000071],[98.99232750000004,13.946043000000031],[98.99204640000005,13.946588800000029],[98.99171670000004,13.946984000000043],[98.99128040000005,13.947228600000074],[98.99023330000006,13.948084900000026],[98.98967090000008,13.948301300000026],[98.98907950000006,13.948310700000036],[98.98812940000005,13.948244900000077],[98.98767370000007,13.948357800000053],[98.98722770000006,13.948630700000024],[98.98705310000008,13.948960000000056],[98.98695620000007,13.949806900000056],[98.98659750000007,13.950211500000023],[98.98576360000004,13.950860800000044],[98.98533700000007,13.95120890000004],[98.98516250000006,13.951575900000023],[98.98443530000009,13.952507400000059],[98.98398930000008,13.952949700000033],[98.98375670000007,13.953241400000024],[98.98338820000004,13.95330720000004],[98.98256410000005,13.953391900000042],[98.98224410000006,13.953627100000062],[98.98191450000007,13.954050600000073],[98.98153640000004,13.95468100000005],[98.98126490000004,13.954812700000048],[98.98049890000004,13.954935100000057],[98.97914160000005,13.954869200000076],[98.97890890000008,13.954953900000078],[98.97849710000008,13.955066800000054],[98.97810630000004,13.955266400000028],[98.97774300000003,13.955559200000039],[98.97746190000004,13.95571220000005],[98.97718770000006,13.955765400000075],[98.97696830000007,13.955898500000046],[98.97688600000004,13.956184600000029],[98.97681750000004,13.956550500000048],[98.97670780000004,13.956730200000038],[98.97652270000003,13.957036200000061],[98.97638550000005,13.957275800000048],[98.97624160000004,13.957455400000072],[98.97594680000003,13.957608400000026],[98.97575480000006,13.957768100000067],[98.97566570000004,13.957987700000047],[98.97552170000006,13.95805420000005],[98.97537770000008,13.957981000000075],[98.97525430000007,13.95783460000007],[98.97515840000005,13.957781400000044],[98.97501440000008,13.957841300000041],[98.97501440000008,13.95800760000003],[98.97503490000008,13.958154000000036],[98.97496640000008,13.95829370000007],[98.97480870000004,13.95838690000005],[98.97471960000007,13.958566500000074],[98.97474700000004,13.958999000000063],[98.97481560000006,13.959125400000062],[98.97502120000007,13.959145300000046],[98.97522690000005,13.959231800000055],[98.97531600000008,13.959424800000022],[98.97540520000007,13.959624400000052],[98.97580970000007,13.96000360000005],[98.97570000000007,13.960249800000042],[98.97585080000005,13.960409500000026],[98.97611130000007,13.96042280000006],[98.97623470000008,13.960662300000024],[98.97619360000004,13.960835300000042],[98.97596730000004,13.961001600000031],[98.97557660000007,13.96108810000004],[98.97527490000004,13.961201200000062],[98.97509670000005,13.961427400000048],[98.97505550000005,13.961733500000037],[98.97490470000008,13.961986300000035],[98.97392430000008,13.96249860000006],[98.97362950000007,13.962638300000037],[98.97342380000003,13.962558500000057],[98.97317020000008,13.962385500000039],[98.97288220000007,13.962305700000059],[98.97264230000008,13.962159300000053],[98.97242290000008,13.962066100000072],[98.97224460000007,13.962279000000024],[98.97221040000005,13.962731500000075],[98.97206640000007,13.96334360000003],[98.97194980000006,13.96354320000006],[98.97157280000005,13.963796000000059],[98.97151790000004,13.964181900000028],[98.97146310000005,13.964587700000038],[98.97125740000007,13.965033500000061],[98.97126430000009,13.965472600000055],[98.97105170000003,13.96586510000003],[98.97088720000005,13.966104600000051],[98.97075690000008,13.96623100000005],[98.97071580000005,13.966404000000068],[98.97061980000007,13.966570300000058],[98.97029760000004,13.96673670000007],[98.97003710000007,13.96698280000004],[98.96996850000005,13.967242300000066],[98.96983830000005,13.967388700000072],[98.96955030000004,13.967395300000021],[98.96881670000005,13.967189100000041],[98.96864540000007,13.967215700000054],[98.96856990000003,13.967375400000037],[98.96860420000007,13.967648100000076],[98.96889900000008,13.967881000000034],[98.96897440000004,13.968113900000048],[98.96913900000004,13.968220300000041],[98.96936520000008,13.968260200000032],[98.96957090000006,13.968406600000037],[98.97003710000007,13.968918900000062],[98.97031130000005,13.969431200000031],[98.97055810000006,13.969890200000066],[98.97068840000009,13.970595400000036],[98.97059930000006,13.971067800000071],[98.97058470000007,13.97118510000007],[98.97055900000004,13.971290200000055],[98.97061730000007,13.971552400000064],[98.97066100000006,13.97198590000005],[98.97069520000008,13.972158900000068],[98.97071580000005,13.972464900000034],[98.97066780000006,13.97305700000004],[98.97051010000007,13.973908600000073],[98.97059240000004,13.974254600000052],[98.97075010000003,13.974627100000077],[98.97075010000003,13.974793400000067],[98.97051010000007,13.975152700000024],[98.97024960000005,13.975518600000044],[98.97028390000008,13.975791400000048],[98.97034560000009,13.97615060000004],[98.97017420000009,13.97643000000005],[98.96976970000009,13.976929000000041],[98.96978340000004,13.977148500000055],[98.96987940000008,13.977454600000044],[98.96985200000006,13.977720700000077],[98.96986430000004,13.978126800000041],[98.96980120000006,13.978521000000057],[98.96980120000006,13.978922100000034],[98.96985730000006,13.97931630000005],[98.96979420000008,13.979622200000051],[98.96988530000004,13.979900900000075],[98.96991330000009,13.98015920000006],[98.96971720000005,13.980750500000056],[98.96984330000004,13.98132830000003],[98.96994130000007,13.981912800000032],[98.96989930000007,13.982164300000022],[98.96966810000004,13.983149900000058],[98.96950000000004,13.983435400000076],[98.96915680000006,13.983754800000042],[98.96902370000004,13.984285000000057],[98.96855440000007,13.984944300000052],[98.96804310000005,13.985195800000042],[98.96744070000005,13.985352200000023],[98.96709040000007,13.985413300000062],[98.96682420000008,13.985671600000046],[98.96667010000004,13.986011500000075],[98.96632690000007,13.986426100000074],[98.96619380000004,13.986833900000022],[98.96591360000008,13.987200900000062],[98.96559840000003,13.987309700000026],[98.96517110000008,13.987377700000025],[98.96475090000007,13.987615600000026],[98.96426050000008,13.988145700000075],[98.96388930000006,13.988696300000072],[98.96340600000008,13.988811800000065],[98.96310480000005,13.989063300000055],[98.96278260000008,13.989328400000034],[98.96226420000005,13.989348800000073],[98.96126250000003,13.98941670000005],[98.96081420000007,13.989600300000063],[98.96032390000005,13.989994500000023],[98.95992470000004,13.990110000000072],[98.95932930000004,13.990103200000021],[98.95857980000005,13.99012360000006],[98.95806840000006,13.990239200000076],[98.95760610000008,13.990599400000065],[98.95707380000005,13.99078970000005],[98.95670250000006,13.990776100000062],[98.95605810000006,13.991143100000045],[98.95584440000005,13.991367400000058],[98.95535760000007,13.992223800000033],[98.95501500000006,13.992754800000057],[98.95460870000005,13.993142200000023],[98.95413940000009,13.993305400000054],[98.95333390000008,13.993597600000044],[98.95286460000005,13.994032600000025],[98.95237420000007,13.994222900000068],[98.95215010000004,13.994447200000025],[98.95189790000006,13.994841400000041],[98.95151270000008,13.995004600000073],[98.95027980000003,13.995344400000022],[98.94980350000009,13.995820200000026],[98.94923610000006,13.99622800000003],[98.94785620000005,13.996907600000043],[98.94713470000005,13.997145500000045],[98.94662340000008,13.997281500000042],[98.94623810000007,13.997648500000025],[98.94615410000006,13.998124200000063],[98.94613310000005,13.999001000000021],[98.94590190000008,13.999456400000042],[98.94580390000004,13.999898200000075],[98.94586690000006,14.000353500000074],[98.94588090000008,14.000605000000064],[98.94572680000005,14.00079530000005],[98.94534860000005,14.000931200000025],[98.94492830000007,14.001033200000052],[98.94451500000008,14.001318600000047],[98.94394760000006,14.001828400000022],[98.94354130000005,14.002066300000024],[98.94306500000005,14.002243000000021],[98.94235760000004,14.00306530000006],[98.94230150000004,14.003459500000076],[98.94216140000003,14.003962500000057],[98.94195130000008,14.004356700000073],[98.94136290000006,14.005029500000035],[98.94123680000007,14.005281000000025],[98.94129290000006,14.005559700000049],[98.94153800000004,14.005858700000033],[98.94167110000006,14.00605580000007],[98.94168510000009,14.006388800000025],[98.94158000000004,14.00665390000006],[98.94125080000003,14.006810200000075],[98.94083050000006,14.00694610000005],[98.94061340000007,14.006959700000039],[98.94038920000008,14.007061700000065],[98.94022810000007,14.007347100000061],[98.94006700000006,14.007884000000047],[98.94017210000004,14.00830540000004],[98.94026320000006,14.008645200000046],[98.94017210000004,14.008978200000058],[98.94002500000005,14.009277300000065],[98.94015110000004,14.009521900000038],[98.94096360000003,14.01057540000005],[98.94121580000007,14.011064700000077],[98.94127880000008,14.01146570000003],[98.94118080000004,14.011757900000077],[98.94082350000008,14.012145300000043],[98.94033320000005,14.012410400000022],[98.94008800000006,14.012621000000024],[98.93996200000004,14.013124000000062],[98.93972380000008,14.013558900000078],[98.93950670000004,14.01374240000007],[98.93885520000003,14.014102600000058],[98.93803570000006,14.014605500000073],[98.93772750000005,14.014659900000026],[98.93673510000008,14.014904300000069],[98.93601130000008,14.015060900000037],[98.93564710000004,14.015346300000033],[98.93552800000003,14.015733700000055],[98.93550700000009,14.016189000000054],[98.93573110000005,14.017228800000055],[98.93613740000006,14.01748710000004],[98.93659270000006,14.017738500000064],[98.93679590000005,14.017956000000027],[98.93692190000007,14.018255000000067],[98.93676780000004,14.018656000000021],[98.93634760000003,14.019342400000028],[98.93638960000004,14.019709400000067],[98.93648060000004,14.020558900000026],[98.93627050000003,14.020803500000056],[98.93570310000007,14.021340400000042],[98.93514280000005,14.022040400000037],[98.93481350000008,14.022373400000049],[98.93411310000005,14.022767600000066],[98.93259310000008,14.023617100000024],[98.93119690000003,14.024936800000035],[98.93136850000008,14.026935300000048],[98.93139810000008,14.027470300000061],[98.93111730000004,14.028271000000075],[98.92964760000007,14.028819300000066],[98.92926570000009,14.02976650000005],[98.92907620000005,14.030010000000061],[98.92847100000006,14.030787800000041],[98.92786490000003,14.031126400000062],[98.92643400000009,14.033370500000046],[98.92521710000005,14.034850400000039],[98.92383050000007,14.035294600000043],[98.92302260000008,14.03562530000005],[98.92247980000008,14.036277900000073],[98.92193890000004,14.03688690000007],[98.92163870000007,14.037071300000036],[98.92128610000003,14.03727230000004],[98.92109330000005,14.037392300000022],[98.92100550000004,14.037447000000043],[98.92082810000005,14.037459300000023],[98.92040470000006,14.03748870000004],[98.91903140000005,14.03748870000004],[98.91791560000007,14.037613600000043],[98.91669260000003,14.038217200000076],[98.91534070000006,14.038883400000032],[98.91386010000008,14.039716000000055],[98.91272290000006,14.040403000000026],[98.90991190000005,14.040694400000064],[98.90755160000003,14.041006700000025],[98.90697220000004,14.040902600000038],[98.90660740000004,14.040777700000035],[98.90622120000006,14.04094420000007],[98.90639290000007,14.041735300000028],[98.90643580000005,14.042214000000058],[98.90641430000005,14.04288020000007],[98.90589930000004,14.04360870000005],[98.90486940000005,14.044087500000046],[98.90280940000008,14.044607900000074],[98.90216570000007,14.044836900000064],[98.90074950000007,14.044899300000054],[98.90032030000003,14.045440600000063],[98.90027740000005,14.045940200000075],[98.89980540000005,14.04604420000004],[98.89933330000008,14.045690400000069],[98.89890410000004,14.045669500000031],[98.89856080000004,14.045836100000031],[98.89886120000006,14.046627100000023],[98.89786630000003,14.047150100000067],[98.89746250000007,14.047305100000074],[98.89723510000005,14.04735560000006],[98.89691680000004,14.04734730000007],[98.89654330000008,14.047248500000023],[98.89610620000008,14.047026200000062],[98.89571570000004,14.04692330000006],[98.89507490000005,14.04689030000003],[98.89446800000007,14.046910900000057],[98.89399690000005,14.046980900000051],[98.89377620000005,14.046956200000068],[98.89355550000005,14.046738000000062],[98.89323720000004,14.046396300000026],[98.89291460000004,14.046281000000022],[98.89260480000007,14.046429200000034],[98.89202340000008,14.046709200000066],[98.89133580000004,14.047125000000051],[98.89118500000006,14.047236000000055],[98.89082660000008,14.04749970000006],[98.89041060000005,14.047878400000059],[98.89020450000004,14.048303400000066],[98.89010510000008,14.04850840000006],[98.88996500000007,14.048948900000028],[98.88981220000005,14.049216500000057],[98.88933690000005,14.049665300000072],[98.88864510000008,14.050389900000027],[98.88819520000004,14.051221500000054],[98.88793930000008,14.052169200000037],[98.88710240000006,14.053746100000069],[98.88626560000006,14.054890900000032],[98.88549310000008,14.055494500000066],[98.88508540000004,14.05607740000005],[98.88375500000006,14.056993200000022],[98.88293960000004,14.05730550000004],[98.88223150000005,14.057284700000025],[98.87969040000007,14.05801260000004],[98.87754030000008,14.058138400000075],[98.87527390000008,14.059460900000033],[98.86987080000006,14.059825100000069],[98.86763920000004,14.060949100000073],[98.86235640000007,14.061875400000076],[98.86111610000006,14.06244780000003],[98.86008610000005,14.062156400000049],[98.85866560000005,14.062374900000066],[98.85549420000007,14.063613400000065],[98.85469210000008,14.064555300000052],[98.85393080000006,14.064702500000067],[98.85286720000005,14.06544180000003],[98.85182790000005,14.06611010000006],[98.85088480000007,14.066300100000035],[98.84981710000005,14.067103300000042],[98.84924650000005,14.067719900000043],[98.84847980000006,14.06769550000007],[98.84756820000007,14.067836600000021],[98.84599240000006,14.069189700000038],[98.84373000000005,14.070559700000047],[98.84274830000004,14.07248020000003],[98.83977750000008,14.074779500000034],[98.83976330000007,14.075922300000059],[98.83951210000004,14.076824900000076],[98.83897010000004,14.077315700000042],[98.83723390000006,14.078085700000031],[98.83516760000003,14.079659500000048],[98.83000250000003,14.081723400000044],[98.82910570000007,14.082981800000027],[98.82731070000006,14.084913100000051],[98.82365100000004,14.088383400000055],[98.82317460000007,14.089388000000042],[98.82311270000008,14.090416300000072],[98.82148390000003,14.091559000000075],[98.81687040000008,14.093628000000024],[98.81620710000004,14.094643500000075],[98.81526350000007,14.095635300000026],[98.81399400000004,14.096088800000075],[98.81249950000006,14.09628820000006],[98.81060970000004,14.096874100000036],[98.80973430000006,14.097705200000064],[98.80907490000004,14.097998200000063],[98.80879690000006,14.098005600000022],[98.80826930000006,14.098078500000042],[98.80709150000007,14.098763000000076],[98.80617820000003,14.098813900000039],[98.80572500000005,14.099632100000065],[98.80465850000007,14.100069400000052],[98.80226430000005,14.101053400000069],[98.80160220000005,14.101194700000065],[98.80025660000007,14.102440000000058],[98.79888520000009,14.103282300000046],[98.79773320000004,14.104455600000051],[98.79619080000003,14.105088200000068],[98.79516340000004,14.106184800000051],[98.79395360000007,14.106614200000024],[98.79146450000007,14.106780700000058],[98.79009120000006,14.107862800000078],[98.79058280000004,14.109677600000055],[98.79017280000005,14.110576500000036],[98.78597130000009,14.114688600000022],[98.78463720000008,14.117369100000076],[98.78210900000005,14.12059430000005],[98.78064550000005,14.126558200000034],[98.77704100000005,14.129532100000063],[98.77572660000004,14.129916300000048],[98.77464370000007,14.130702300000053],[98.77407640000007,14.13196830000004],[98.77355970000008,14.133686800000078],[98.77074090000008,14.135077000000024],[98.76457470000008,14.140688000000068],[98.76383780000003,14.141967700000066],[98.76231100000007,14.142527900000061],[98.76207170000004,14.143629100000055],[98.75705070000004,14.145480900000052],[98.75566310000005,14.147788500000047],[98.75594770000004,14.150341400000059],[98.75344180000008,14.152202100000068],[98.75269880000008,14.153939000000037],[98.75051350000007,14.154558300000076],[98.74936120000007,14.154399000000069],[98.74767370000006,14.155780200000038],[98.74597250000005,14.154319500000042],[98.74427540000005,14.15518620000006],[98.74243830000006,14.156119900000022],[98.74424170000003,14.156884300000058],[98.74260630000003,14.157259400000044],[98.73869000000008,14.15688620000003],[98.73697920000006,14.156708200000025],[98.73584070000004,14.157705900000053],[98.73457600000006,14.159550400000057],[98.73124540000003,14.160526100000027],[98.72887480000009,14.161258200000077],[98.72754640000005,14.161210500000038],[98.72676410000008,14.161206800000059],[98.72656440000009,14.161072400000023],[98.72510030000007,14.160087000000033],[98.72392990000009,14.160896800000046],[98.72257550000006,14.161972100000071],[98.72209760000004,14.162147700000048],[98.71657430000005,14.164177400000028],[98.71601500000008,14.164427000000046],[98.71562940000007,14.164095000000032],[98.71387890000005,14.163521400000036],[98.71147960000008,14.160507900000027],[98.70942360000004,14.158023400000047],[98.70757150000009,14.157130800000061],[98.70489460000005,14.157789000000037],[98.70199380000008,14.160037600000067],[98.69917730000009,14.164240100000029],[98.69160490000007,14.168397000000027],[98.68903000000006,14.168505100000061],[98.68182880000006,14.173835300000064],[98.67740760000004,14.17434060000005],[98.67120510000007,14.176202800000056],[98.66270570000006,14.18104180000006],[98.66025950000005,14.181004400000063],[98.65453460000003,14.177958700000033],[98.65130950000008,14.179668800000059],[98.64711880000004,14.177973300000076],[98.64143900000005,14.17717440000007],[98.63965740000003,14.175511000000029],[98.63605100000007,14.176658400000065],[98.63412620000008,14.183111800000063],[98.63095480000004,14.187166400000024],[98.62972900000005,14.18752900000004],[98.62822700000004,14.18827790000006],[98.62747600000006,14.189422100000058],[98.62657480000007,14.189879700000063],[98.62511560000007,14.19091990000004],[98.62377930000008,14.192427500000065],[98.61992290000006,14.19391550000006],[98.61863540000007,14.193728200000066],[98.61784150000005,14.193457800000033],[98.61689730000006,14.193499400000064],[98.61614630000008,14.194393900000023],[98.61552410000007,14.196848600000067],[98.61285090000007,14.19834990000004],[98.60990910000004,14.198551700000053],[98.60806370000006,14.196515200000022],[98.60652950000008,14.19253150000003],[98.60554620000005,14.192480100000068],[98.60437730000007,14.193095200000073],[98.60275670000004,14.194435500000054],[98.60116890000006,14.196286900000075],[98.59854720000004,14.197432500000048],[98.59363770000004,14.19834990000004],[98.58774120000004,14.195096400000068],[98.58694620000006,14.195688700000062],[98.58640980000007,14.194981400000074],[98.58613080000003,14.19471100000004],[98.58531540000007,14.194856600000037],[98.58525110000005,14.194024500000069],[98.58394320000008,14.193103600000029],[98.58312680000006,14.19277640000007],[98.58248300000008,14.193754100000035],[98.58213970000008,14.193920500000047],[98.58166760000006,14.192984400000057],[98.58031580000005,14.193587700000023],[98.57988660000007,14.19471100000004],[98.57900690000008,14.19464860000005],[98.57630320000004,14.195709500000078],[98.57466270000003,14.195855700000038],[98.57344930000005,14.196208800000022],[98.57362630000006,14.196646200000032],[98.57441490000008,14.196916100000067],[98.57353830000005,14.197963000000072],[98.57387850000003,14.200098800000035],[98.57338500000009,14.20111810000003],[98.57321330000008,14.203489500000046],[98.57168980000006,14.206027300000073],[98.57029510000007,14.207441800000026],[98.56630390000004,14.209896300000025],[98.56542420000005,14.209688300000039],[98.56450150000006,14.209771500000045],[98.56357880000007,14.20877310000003],[98.56042340000005,14.205865600000038],[98.56023140000008,14.204924800000072],[98.56100390000006,14.20286550000003],[98.56085370000005,14.201388500000064],[98.55922180000005,14.198399900000027],[98.55587440000005,14.194156200000066],[98.55445820000006,14.19352790000005],[98.55076860000008,14.189697500000023],[98.54945210000005,14.187877900000046],[98.54952400000008,14.186265000000049],[98.54905200000007,14.185744900000032],[98.54793620000004,14.184871200000032],[98.54716370000006,14.185328900000059],[98.54652000000004,14.185308100000043],[98.54368760000006,14.182957300000055],[98.54259320000006,14.18089770000006],[98.54188510000006,14.180419200000074],[98.54156320000004,14.179337400000065],[98.54021140000003,14.176570500000025],[98.53969640000008,14.17307530000005],[98.53986810000004,14.171202900000026],[98.53892390000004,14.169018400000027],[98.53892390000004,14.16727080000004],[98.53880690000005,14.166803300000026],[98.53840900000006,14.166729900000064],[98.53776520000008,14.16687550000006],[98.53544780000004,14.166022500000054],[98.53401330000008,14.166867800000034],[98.52875300000005,14.166917100000035],[98.52778740000008,14.167250000000024],[98.52594210000007,14.168956000000037],[98.52510540000009,14.170103900000072],[98.52502660000005,14.170211900000027],[98.52376080000005,14.170323500000052],[98.52291800000006,14.169854300000054],[98.52277910000004,14.169877700000029],[98.52200870000007,14.170007200000043],[98.52177700000004,14.170046100000036],[98.52144440000006,14.170011900000077],[98.52090770000007,14.169820500000071],[98.52049130000006,14.169509300000072],[98.52032690000004,14.169193600000028],[98.52025400000008,14.168962700000066],[98.52015890000007,14.168550700000026],[98.51992440000004,14.168021400000043],[98.51981010000009,14.16742350000004],[98.51949290000005,14.165694400000064],[98.51882560000007,14.164726900000062],[98.51914740000007,14.164602100000025],[98.51910560000005,14.164532700000052],[98.51915710000009,14.164428100000066],[98.51998300000008,14.163064000000077],[98.51981680000006,14.162900800000045],[98.51948420000008,14.16257840000003],[98.51921060000006,14.162349500000062],[98.51878150000005,14.16207380000003],[98.51852930000007,14.161933400000066],[98.51796610000008,14.161590100000069],[98.51770860000005,14.161387200000036],[98.51754330000006,14.161217900000054],[98.51742430000007,14.161096000000043],[98.51726180000009,14.160912300000064],[98.51693970000008,14.160571600000026],[98.51677660000007,14.160445200000026],[98.51616900000005,14.160248100000047],[98.51600270000006,14.160206500000072],[98.51555210000004,14.16010250000005],[98.51521950000006,14.159858000000042],[98.51507460000005,14.159748800000045],[98.51454360000008,14.159769600000061],[98.51365310000006,14.15993080000004],[98.51338490000006,14.15996210000003],[98.51318640000005,14.159946400000024],[98.51200080000007,14.159566700000028],[98.51179950000005,14.159487700000057],[98.51157700000005,14.159400300000073],[98.51126590000007,14.159218200000055],[98.51086360000005,14.158953000000054],[98.51049340000009,14.15870330000007],[98.51011260000007,14.158630500000072],[98.50993550000004,14.158760500000028],[98.50956000000008,14.159525100000053],[98.50947960000008,14.159613600000057],[98.50944280000004,14.159666300000026],[98.50938300000007,14.159712400000046],[98.50918990000008,14.159790400000077],[98.50877680000008,14.159826800000076],[98.50840670000008,14.159847600000035],[98.50755370000007,14.160107700000026],[98.50707090000009,14.160196100000064],[98.50690460000004,14.160222100000055],[98.50674910000004,14.160118100000034],[98.50655060000008,14.160112900000058],[98.50633060000007,14.160170100000073],[98.50612680000006,14.160081700000035],[98.50594980000005,14.159956800000032],[98.50577270000008,14.159894400000042],[98.50552060000007,14.15990480000005],[98.50519880000007,14.159780000000069],[98.50476960000003,14.159790400000077],[98.50438870000005,14.160019300000044],[98.50425460000008,14.160258500000054],[98.50371820000004,14.16061220000006],[98.50360550000005,14.160643400000026],[98.50351430000006,14.160581000000036],[98.50343920000006,14.160300100000029],[98.50349820000008,14.159863200000075],[98.50349290000008,14.159447100000023],[98.50319780000007,14.158994600000028],[98.50317190000004,14.158923400000049],[98.50296740000005,14.158760900000061],[98.50259180000006,14.158833800000025],[98.50202320000005,14.159052200000076],[98.50160030000006,14.158989500000075],[98.50126150000006,14.159000200000037],[98.50096110000004,14.159135500000048],[98.50067870000004,14.159398500000066],[98.50018320000004,14.159816800000044],[98.49988280000008,14.160175700000025],[98.49970220000006,14.160249000000022],[98.49941610000008,14.160056100000077],[98.49906500000009,14.159689900000046],[98.49881530000005,14.159790800000053],[98.49807700000008,14.160247300000037],[98.49711030000003,14.16170980000004],[98.49500650000004,14.162835500000028],[98.49263310000003,14.162897500000042],[98.49224560000005,14.162270800000044],[98.49159860000003,14.161753500000032],[98.49156780000004,14.161202200000048],[98.49128900000005,14.161117200000035],[98.49102080000006,14.160956000000056],[98.49058090000005,14.160524200000054],[98.49050580000005,14.160118500000067],[98.48957220000005,14.159472300000061],[98.48926760000006,14.158188600000074],[98.48883210000008,14.157829900000024],[98.48715390000007,14.157278200000064],[98.48625270000008,14.157548700000063],[98.48552320000005,14.158630600000038],[98.48427860000004,14.15956680000005],[98.48264140000003,14.159725000000037],[98.48232060000004,14.159280800000033],[98.48184760000004,14.158927400000039],[98.48125310000006,14.158235300000058],[98.48106000000007,14.158443300000044],[98.48086680000006,14.158838600000024],[98.48054500000006,14.158984300000043],[98.48020170000007,14.158838600000024],[98.47977250000008,14.158901100000037],[98.47951500000005,14.15917150000007],[98.47938630000004,14.15950440000006],[98.47901500000006,14.159600100000034],[98.47869960000008,14.15944200000007],[98.47820610000008,14.159254800000042],[98.47790570000006,14.159338000000048],[98.47771260000007,14.159712500000069],[98.47762670000009,14.160170200000039],[98.47760440000008,14.160482600000023],[98.47736390000006,14.160643500000049],[98.47694010000004,14.160523900000044],[98.47659150000004,14.160888000000057],[98.47564100000005,14.160836300000028],[98.47522260000005,14.160950800000023],[98.47508850000008,14.161444900000049],[98.47495440000006,14.162063800000055],[98.47542110000006,14.162318700000071],[98.47533520000007,14.162672400000076],[98.47513760000004,14.16281250000003],[98.47476120000005,14.163078100000064],[98.47438550000004,14.163138700000047],[98.47379560000007,14.162578800000063],[98.47322170000007,14.163067700000056],[98.47260030000007,14.16385280000003],[98.47081820000005,14.162970600000051],[98.47030970000009,14.162063500000045],[98.46910800000006,14.161917900000049],[98.46850720000003,14.162209200000063],[98.46808990000005,14.162698700000021],[98.46771330000007,14.163436700000034],[98.46708190000004,14.163748600000076],[98.46467810000007,14.164936100000034],[98.46331090000007,14.165273200000058],[98.46284550000007,14.165388000000064],[98.46157510000006,14.165813900000046],[98.46087700000004,14.166047900000024],[98.46001490000003,14.166304400000058],[98.45987290000005,14.166346700000076],[98.45880860000005,14.166520200000036],[98.45736430000005,14.167256500000065],[98.45653800000008,14.167619600000023],[98.45548240000005,14.16761850000006],[98.45537000000007,14.167606600000056],[98.45477270000004,14.167543100000046],[98.45032620000006,14.167071000000021],[98.44697870000005,14.166715600000032],[98.44003290000006,14.166661500000032],[98.43972710000008,14.166575600000044],[98.43859360000005,14.165687300000059],[98.43722720000005,14.166417500000023],[98.43583740000008,14.166620700000067],[98.43534060000007,14.166884200000027],[98.43456150000009,14.16723920000004],[98.43435860000005,14.167259600000023],[98.43397410000006,14.167298200000062],[98.43325990000005,14.167599300000063],[98.43203320000003,14.167614400000048],[98.43144090000004,14.16782580000006],[98.43054830000005,14.16782580000006],[98.42908060000008,14.167409700000064],[98.42817940000003,14.167076800000075],[98.42638550000004,14.166868700000066],[98.42552720000003,14.167659300000025],[98.42526970000006,14.168616400000076],[98.42466890000009,14.169282100000032],[98.42351020000007,14.170364000000063],[98.42338140000004,14.17094650000007],[98.42290940000004,14.170863300000065],[98.42283640000005,14.17047690000004],[98.42292490000006,14.170102400000076],[98.42301130000004,14.169716400000027],[98.42213090000007,14.170120600000075],[98.42172650000003,14.170150700000022],[98.42172060000007,14.169873600000074],[98.42233210000006,14.169418500000063],[98.42279930000007,14.168931100000066],[98.42344520000006,14.168682500000045],[98.42398760000003,14.168213300000048],[98.42379990000006,14.167883000000074],[98.42334330000006,14.168006300000059],[98.42288200000007,14.168341800000064],[98.42239440000009,14.168533100000047],[98.42153610000008,14.168075400000077],[98.42024000000004,14.167409700000064],[98.42114980000008,14.166993600000069],[98.42072070000006,14.166702300000054],[98.41996910000006,14.166373100000044],[98.41946810000007,14.166163900000072],[98.41930930000007,14.165698400000053],[98.41897400000005,14.165442100000064],[98.41868430000005,14.165335500000026],[98.41829870000004,14.165313600000047],[98.41801370000007,14.165397900000073],[98.41774820000006,14.165353700000026],[98.41741090000005,14.165420700000027],[98.41711710000004,14.165450600000042],[98.41698900000006,14.165574800000059],[98.41702810000004,14.165757700000029],[98.41713840000006,14.166078600000048],[98.41720960000004,14.166285600000037],[98.41715620000008,14.166378800000075],[98.41705300000007,14.16641670000007],[98.41689290000005,14.166378800000075],[98.41664370000007,14.166286200000059],[98.41633470000005,14.167160000000024],[98.41595710000007,14.167659300000025],[98.41607720000007,14.168533100000047],[98.41535630000004,14.168741200000056],[98.41556230000003,14.169739800000059],[98.41454090000008,14.169698200000028],[98.41351090000006,14.169282100000032],[98.41252390000005,14.169323700000064],[98.41127930000005,14.170197500000029],[98.41088450000007,14.170988100000045],[98.41195740000006,14.171362600000066],[98.41295300000007,14.17140420000004],[98.41329630000007,14.171445800000072],[98.41303880000004,14.171861900000067],[98.41226640000008,14.171861900000067],[98.41225780000008,14.172777300000064],[98.41046390000008,14.171445800000072],[98.40998330000008,14.172153200000025],[98.40720230000005,14.172486000000049],[98.40650710000006,14.17369270000006],[98.40587200000004,14.175024200000053],[98.40445580000005,14.175856400000043],[98.40396170000008,14.176356800000065],[98.40393220000004,14.177146200000038],[98.40389790000006,14.178103200000066],[98.40388930000006,14.179185000000075],[98.40300030000009,14.179753600000026],[98.40265330000005,14.179975600000034],[98.40211690000007,14.180434300000059],[98.40164480000004,14.181079200000056],[98.40100110000009,14.181599300000073],[98.40078650000004,14.18220260000004],[98.40029300000003,14.181828100000075],[98.39969220000006,14.181994600000053],[98.39898410000006,14.182556300000044],[98.39849050000004,14.183367600000054],[98.39816870000004,14.18384610000004],[98.39698850000008,14.184095700000057],[98.39591560000008,14.184740600000055],[98.39525040000007,14.18521910000004],[98.39497150000005,14.185177500000066],[98.39458520000005,14.184948700000064],[98.39400590000008,14.185011100000054],[98.39301880000005,14.18528150000003],[98.39183870000005,14.185448000000065],[98.39085160000008,14.186051300000031],[98.38986450000004,14.185843200000022],[98.38726820000005,14.184719800000039],[98.38647420000007,14.184615800000074],[98.38595930000008,14.183970900000077],[98.38529410000007,14.183762900000033],[98.38443580000006,14.183679700000027],[98.38359890000004,14.183263600000032],[98.38299810000007,14.183118000000036],[98.38239730000004,14.183159600000067],[98.38175350000006,14.182556300000044],[98.38132440000004,14.18224420000007],[98.38072360000007,14.182140200000049],[98.37967220000007,14.182369000000051],[98.37913570000006,14.181994600000053],[98.37883530000005,14.181640900000048],[98.37838470000008,14.181474500000036],[98.37780530000003,14.181682500000022],[98.37656080000005,14.181661700000063],[98.37471540000007,14.181536900000026],[98.37374980000004,14.181287200000043],[98.37299880000006,14.181349700000055],[98.37274130000009,14.181516100000067],[98.37252680000006,14.181162400000062],[98.37194740000007,14.180912800000044],[98.37141100000008,14.180579900000055],[98.37071030000004,14.180207500000051],[98.37062250000008,14.180182100000025],[98.37035020000008,14.180156100000033],[98.37030730000004,14.180136600000026],[98.37030260000006,14.180116400000031],[98.37031870000004,14.180103400000064],[98.37047560000008,14.180089100000032],[98.37063990000007,14.180104100000051],[98.37088600000004,14.18019060000006],[98.37126490000009,14.180249100000026],[98.37141570000006,14.180305600000054],[98.37146330000007,14.18031730000007],[98.37148610000008,14.180307600000049],[98.37150020000007,14.180284800000038],[98.37150220000007,14.180254300000058],[98.37149080000006,14.180233500000043],[98.37146600000005,14.18021200000004],[98.37139700000006,14.180189900000073],[98.37112540000004,14.180118400000026],[98.37050970000007,14.179935000000057],[98.36935100000005,14.179706200000055],[98.36866440000006,14.180018200000063],[98.36797770000004,14.179664500000058],[98.36707650000005,14.17941490000004],[98.36675460000004,14.17974780000003],[98.36660440000009,14.179664500000058],[98.36656150000005,14.179331700000034],[98.36576760000008,14.178998800000045],[98.36535990000004,14.178187500000035],[98.36488780000008,14.178125100000045],[98.36448010000004,14.178333100000032],[98.36375060000006,14.179165300000022],[98.36293520000004,14.17974780000003],[98.36250600000005,14.179893400000026],[98.36235580000005,14.180226300000072],[98.36254890000004,14.180788000000064],[98.36231290000006,14.180746300000067],[98.36154040000008,14.179976600000032],[98.36091810000005,14.179789400000061],[98.36033880000008,14.17935250000005],[98.35971650000005,14.179456500000072],[98.35937320000005,14.179664500000058],[98.35857930000009,14.179768600000045],[98.35810720000006,14.179810200000077],[98.35752780000007,14.179581300000052],[98.35699140000008,14.17901960000006],[98.35647640000008,14.178728400000068],[98.35587560000005,14.178166700000077],[98.35540350000008,14.178041800000074],[98.35548940000007,14.17770900000005],[98.35428770000004,14.176252700000077],[98.35332210000007,14.174734000000058],[98.35282860000007,14.174276300000031],[98.35209900000007,14.173943400000041],[98.35145530000005,14.173797800000045],[98.35115490000004,14.173568900000078],[98.35048970000008,14.172715900000071],[98.34984600000007,14.172050200000058],[98.34941680000009,14.171654900000021],[98.34883750000006,14.170385800000076],[98.34877310000007,14.169969700000024],[98.34827960000007,14.169720100000063],[98.34780750000004,14.169553600000029],[98.34765730000004,14.169262400000036],[98.34772170000008,14.168825500000025],[98.34819370000008,14.167681200000061],[98.34819370000008,14.16730670000004],[98.34770020000008,14.167077800000072],[98.34757150000007,14.166453700000034],[98.34729250000004,14.165621500000043],[98.34664880000008,14.164539600000069],[98.34576900000008,14.164081900000042],[98.34506090000008,14.163915400000064],[98.34461030000006,14.163603400000056],[98.34450300000003,14.163270500000067],[98.34450300000003,14.162729500000069],[98.34439570000006,14.161855700000046],[98.34351600000008,14.16106510000003],[98.34304390000005,14.16094030000005],[98.34233580000006,14.160877800000037],[98.34186370000003,14.160649000000035],[98.34154190000004,14.160170400000027],[98.34115560000004,14.15990000000005],[98.34061920000005,14.15990000000005],[98.34027590000005,14.159421400000042],[98.34008270000004,14.158963700000072],[98.33986820000007,14.158506000000045],[98.34012570000004,14.158110700000066],[98.34028870000009,14.157880800000044],[98.34025440000005,14.157590500000026],[98.33971800000006,14.157195200000046],[98.33907420000008,14.156737500000077],[98.33892400000008,14.156154900000047],[98.33877380000007,14.155863600000032],[98.33849490000006,14.155842800000073],[98.33815160000006,14.156050900000025],[98.33761510000005,14.156071700000041],[98.33671390000006,14.156050900000025],[98.33650410000007,14.155915700000037],[98.33632710000006,14.155712900000026],[98.33612920000007,14.155395500000054],[98.33541580000008,14.15477130000005],[98.33524880000004,14.154521700000032],[98.33512600000006,14.15408990000003],[98.33501820000004,14.15372590000004],[98.33490610000007,14.15333570000007],[98.33496990000003,14.153127700000027],[98.33507240000006,14.152825900000039],[98.33512600000006,14.152720800000054],[98.33505090000006,14.152513800000065],[98.33477140000008,14.152441100000033],[98.33459440000007,14.152493100000072],[98.33431600000006,14.15251900000004],[98.33412230000005,14.152394300000026],[98.33399890000004,14.152233000000024],[98.33373130000007,14.151744000000065],[98.33360250000004,14.15132790000007],[98.33319480000006,14.151036600000054],[98.33276570000004,14.15105740000007],[98.33098470000004,14.15216010000006],[98.33029810000005,14.152201700000035],[98.32883890000005,14.152576200000055],[98.32836090000006,14.152394300000026],[98.32802350000009,14.152191300000027],[98.32784060000006,14.15201460000003],[98.32781970000008,14.151806400000055],[98.32796460000009,14.151442300000042],[98.32810940000007,14.151099000000045],[98.32791620000006,14.150890900000036],[98.32753000000008,14.150620400000037],[98.32704720000004,14.150173000000052],[98.32690720000005,14.149965100000031],[98.32695070000005,14.149704900000074],[98.32702790000008,14.149516600000027],[98.32641420000004,14.14876860000004],[98.32637670000008,14.148087200000077],[98.32672530000008,14.147645100000034],[98.32670600000006,14.146770100000026],[98.32698820000007,14.146323800000062],[98.32751870000004,14.14611590000004],[98.32764260000005,14.145938900000033],[98.32749190000004,14.145694500000047],[98.32718670000008,14.145439500000066],[98.32674140000006,14.145236700000055],[98.32683740000004,14.144685400000071],[98.32698820000007,14.144388800000058],[98.32757230000004,14.144056000000035],[98.32759970000006,14.143827000000044],[98.32667170000008,14.143088300000045],[98.32630690000008,14.14252650000003],[98.32656440000005,14.141153200000076],[98.32647860000009,14.140841100000046],[98.32612990000007,14.140445800000066],[98.32613530000003,14.140196100000026],[98.32607090000005,14.139878800000076],[98.32602800000006,14.139467800000034],[98.32601190000008,14.139415800000052],[98.32604950000007,14.139275400000031],[98.32606560000005,14.139108900000053],[98.32604940000004,14.13897890000004],[98.32612450000005,14.138562700000023],[98.32649470000007,14.138125800000068],[98.32709010000008,14.13741310000006],[98.32700970000008,14.137054100000057],[98.32729930000005,14.136388300000021],[98.32729400000005,14.135852500000055],[98.32720810000006,14.135337500000048],[98.32671460000006,14.134619600000065],[98.32686480000007,14.134099400000025],[98.32718670000008,14.13299660000007],[98.32716520000008,14.132642800000042],[98.32695070000005,14.132330700000068],[98.32624260000006,14.131977000000063],[98.32641420000004,14.13126950000003],[98.32625810000008,14.13087420000005],[98.32620500000007,14.130572400000062],[98.32616870000004,14.130473000000052],[98.32602260000004,14.130073000000039],[98.32585040000004,14.129906600000027],[98.32567930000005,14.129844200000036],[98.32544270000005,14.129771400000038],[98.32512140000006,14.12970880000006],[98.32493360000007,14.129500800000073],[98.32478340000006,14.129131500000028],[98.32457360000006,14.12878820000003],[98.32445560000008,14.128507300000024],[98.32444010000006,14.128293900000074],[98.32411820000004,14.127669600000047],[98.32389770000003,14.127414800000054],[98.32370520000006,14.127102600000057],[98.32371530000006,14.12693100000007],[98.32383870000007,14.126722900000061],[98.32395730000007,14.12611940000005],[98.32421480000005,14.125645900000052],[98.32407530000006,14.125359900000035],[98.32362470000004,14.125172600000042],[98.32291660000004,14.12444430000005],[98.32261290000008,14.124007400000039],[98.32220850000004,14.123674300000062],[98.32191290000009,14.123440300000027],[98.32173590000008,14.123336300000062],[98.32156480000003,14.123279000000025],[98.32101220000004,14.123268600000074],[98.32070050000004,14.123325900000054],[98.32041680000003,14.123461100000043],[98.32007890000006,14.123773200000073],[98.31991200000004,14.123872100000028],[98.31972480000007,14.123913600000037],[98.31944050000004,14.123757600000033],[98.31912930000004,14.123492200000044],[98.31853920000003,14.123279000000025],[98.31821740000004,14.122446600000046],[98.31761660000006,14.121697500000039],[98.31727320000005,14.121406100000058],[98.31757370000008,14.120657000000051],[98.31727320000005,14.120365700000036],[98.31703720000007,14.120032700000024],[98.31701580000004,14.119450100000051],[98.31690850000007,14.118971400000078],[98.31660810000005,14.11849280000007],[98.31624330000005,14.118139100000064],[98.31615740000007,14.117764500000021],[98.31559950000008,14.11734830000006],[98.31465540000005,14.117119400000036],[98.31399020000003,14.117161000000067],[98.31336790000006,14.117119400000036],[98.31255260000006,14.117119400000036],[98.31212340000008,14.11653670000004],[98.30944120000004,14.115808400000049],[98.30890480000005,14.11510080000005],[98.30896910000007,14.114851100000067],[98.30929100000009,14.114330900000027],[98.30956990000004,14.11395630000004],[98.31075010000006,14.113248800000065],[98.31081450000005,14.11301990000004],[98.31010640000005,14.11245800000006],[98.30969870000007,14.111251000000038],[98.30959140000004,14.110730700000033],[98.30924810000005,14.110522600000024],[98.30853190000005,14.110233900000026],[98.30794720000006,14.109973800000034],[98.30750190000003,14.109292200000027],[98.30712510000006,14.108919000000071],[98.30667720000008,14.108426000000065],[98.30610460000008,14.108113900000035],[98.30572580000006,14.108146400000066],[98.30533480000008,14.108263400000055],[98.30490550000007,14.10858600000006],[98.30437720000003,14.108420800000033],[98.30408100000005,14.108265800000027],[98.30365830000005,14.107983800000056],[98.30344320000006,14.107645700000035],[98.30316480000005,14.107016100000067],[98.30290140000005,14.106579200000056],[98.30286440000003,14.10606400000006],[98.30278230000005,14.105498100000034],[98.30235420000008,14.105377300000043],[98.30180230000008,14.105340800000022],[98.30074760000008,14.105288900000062],[98.30056720000005,14.105273900000043],[98.30022990000003,14.105218700000023],[98.30012000000005,14.105152500000031],[98.30012260000007,14.104942900000026],[98.30024600000007,14.104649000000052],[98.30040970000005,14.104153600000075],[98.30054110000003,14.10361770000003],[98.30062420000007,14.102929500000073],[98.30063500000006,14.102239000000054],[98.30059470000003,14.10164960000003],[98.30077230000006,14.101130700000056],[98.30016290000003,14.100282700000037],[98.29939900000005,14.09799350000003],[98.29784550000005,14.096744800000067],[98.29694420000004,14.09582910000006],[98.29698720000005,14.09458040000004],[98.29682410000004,14.09353980000003],[98.29694420000004,14.092624100000023],[98.29729620000006,14.091500300000064],[98.29690130000006,14.090959100000077],[98.29643780000004,14.090376400000025],[98.29678120000005,14.089086000000066],[98.29664380000008,14.088461700000039],[98.29608590000004,14.088461700000039],[98.29527050000007,14.088087100000052],[98.29476410000007,14.087504300000035],[98.29444170000005,14.087005900000065],[98.29351020000007,14.086402100000043],[98.29339090000008,14.086297200000047],[98.29230940000008,14.085506300000077],[98.29189900000006,14.084758100000045],[98.29059280000007,14.083341800000028],[98.29041840000008,14.082978600000047],[98.29043990000008,14.082479100000057],[98.29066380000006,14.082023800000059],[98.29054880000007,14.081599800000049],[98.29012070000005,14.081135700000061],[98.28965720000008,14.080219900000031],[98.28935680000006,14.079470600000036],[98.28904780000005,14.07872130000004],[98.28892770000004,14.077722300000062],[98.28818950000004,14.077306000000021],[98.28715950000009,14.077430900000024],[98.28507820000004,14.077462100000048],[98.28371550000008,14.076872700000024],[98.28333200000009,14.07674000000003],[98.28316300000006,14.076701000000071],[98.28293770000005,14.076656800000023],[98.28271510000008,14.076693200000022],[98.28250050000008,14.07678160000006],[98.28202580000004,14.076961200000028],[98.28184070000003,14.077078200000074],[98.28159930000004,14.077296800000056],[98.28143570000003,14.07742950000005],[98.28130690000006,14.077476300000058],[98.28118890000007,14.077450300000066],[98.28106820000005,14.077395600000045],[98.28084830000006,14.077330600000039],[98.28065250000009,14.077330600000039],[98.28043520000006,14.077416400000061],[98.28019920000008,14.077473700000041],[98.28003820000004,14.077442500000075],[98.27994170000005,14.077369600000054],[98.27977000000004,14.077192700000069],[98.27968150000004,14.077041800000075],[98.27957690000005,14.076841500000057],[98.27953400000007,14.076656800000023],[98.27959890000005,14.076515100000051],[98.28042180000006,14.076035000000047],[98.28060950000008,14.075873700000045],[98.28073830000005,14.075696700000037],[98.28073830000005,14.075561500000049],[98.28068730000007,14.07539760000003],[98.28068460000009,14.075181600000064],[98.28074370000007,14.074994300000071],[98.28080800000004,14.074791400000038],[98.28081070000007,14.074474000000066],[98.28077580000007,14.074138300000072],[98.28076510000005,14.07384170000006],[98.28073290000003,14.073667400000033],[98.28059080000008,14.073545100000047],[98.28038420000007,14.073433300000033],[98.28019650000005,14.073376000000053],[98.27974860000006,14.073334400000022],[98.27928720000006,14.073303200000055],[98.27879370000005,14.07323290000005],[98.27832700000005,14.073100300000021],[98.27801850000009,14.07303520000005],[98.27781200000004,14.073066400000073],[98.27761350000009,14.073134100000061],[98.27734530000004,14.07318870000006],[98.27711730000004,14.073186100000044],[98.27674980000006,14.073147100000028],[98.27647890000009,14.073071600000048],[98.27623750000004,14.072967600000027],[98.27611150000007,14.072873900000047],[98.27589420000004,14.072665800000038],[98.27565010000006,14.072509700000069],[98.27550260000004,14.072452400000032],[98.27539000000007,14.072455000000048],[98.27528800000005,14.072483700000078],[98.27516730000008,14.072577300000034],[98.27500100000003,14.07282710000004],[98.27488030000006,14.072936300000038],[98.27476230000008,14.073022200000025],[98.27458800000005,14.073074200000065],[98.27434930000004,14.073131500000045],[98.27404080000008,14.073180900000068],[98.27350710000007,14.073165300000028],[98.27335420000009,14.073102900000038],[98.27311280000004,14.072967600000027],[98.27286600000008,14.072824500000024],[98.27263270000003,14.072684000000038],[98.27245560000006,14.072634600000072],[98.27231350000005,14.072638700000027],[98.27119790000006,14.072690700000066],[98.27094290000008,14.072681400000022],[98.27071490000009,14.072628200000054],[98.26969760000009,14.072348200000022],[98.26920360000008,14.072185000000047],[98.26751480000007,14.071637500000065],[98.26609940000009,14.07125190000005],[98.26521900000006,14.070810700000038],[98.26487840000004,14.070597400000054],[98.26456460000009,14.070423100000028],[98.26433390000005,14.07031900000004],[98.26407640000008,14.070194100000037],[98.26363380000004,14.069853300000034],[98.26327980000008,14.069585300000028],[98.26301960000006,14.069413600000075],[98.26281580000006,14.069312100000047],[98.26260660000008,14.069278300000065],[98.26244030000004,14.06928350000004],[98.26213180000008,14.06933040000007],[98.26165970000005,14.069413600000075],[98.26087920000003,14.069580100000053],[98.26051180000007,14.069620400000076],[98.25945090000005,14.06972840000003],[98.25838610000005,14.069839000000059],[98.25783090000004,14.069919600000048],[98.25762440000005,14.069927500000063],[98.25745940000007,14.069919600000048],[98.25726630000008,14.069880600000033],[98.25706240000005,14.069818200000043],[98.25681160000005,14.06969330000004],[98.25622160000006,14.069404500000076],[98.25608610000006,14.069362900000044],[98.25596810000008,14.069360300000028],[98.25574010000008,14.069394100000068],[98.25543430000005,14.069463000000042],[98.25400070000006,14.069781800000044],[98.25249600000006,14.070087500000056],[98.25187770000008,14.07019020000007],[98.25079950000008,14.070324200000073],[98.24989290000008,14.07045560000006],[98.24882800000006,14.070600200000058],[98.24862420000005,14.070657500000038],[98.24846860000008,14.070766700000036],[98.24830230000003,14.070980100000043],[98.24809310000006,14.071287100000063],[98.24791610000005,14.07166170000005],[98.24776590000005,14.072072800000058],[98.24769080000004,14.072457800000052],[98.24758890000004,14.072952200000032],[98.24748160000007,14.073342400000058],[98.24711170000006,14.07411540000004],[98.24672030000005,14.074924900000042],[98.24648920000004,14.075403000000051],[98.24634970000005,14.075683900000058],[98.24623730000008,14.075879300000054],[98.24588830000005,14.07628230000006],[98.24530900000008,14.076870300000053],[98.24389810000008,14.078134700000021],[98.24279310000009,14.078982800000063],[98.24144660000007,14.079940200000067],[98.24131610000006,14.080014000000062],[98.24034330000006,14.08056410000006],[98.24005720000008,14.080725900000061],[98.23935980000005,14.08102770000005],[98.23871080000004,14.081282700000031],[98.23823330000005,14.081407600000034],[98.23796580000004,14.081450500000074],[98.23786950000004,14.081465900000069],[98.23631820000008,14.081714600000055],[98.23608070000006,14.081729100000075],[98.23529900000005,14.081777000000045],[98.23424220000004,14.081808200000069],[98.23358240000005,14.081823800000052],[98.23153320000006,14.081745800000022],[98.23090550000006,14.081678100000033],[98.23046560000006,14.081683300000066],[98.23030300000005,14.081709600000067],[98.23014380000006,14.08173540000007],[98.22972000000004,14.081870600000059],[98.22923960000008,14.08206640000003],[98.22916640000005,14.082096200000024],[98.22908160000009,14.082130800000073],[98.22889920000006,14.082229700000028],[98.22882680000004,14.082256500000028],[98.22871680000009,14.08229730000005],[98.22857740000006,14.082312900000034],[98.22837430000004,14.082300800000041],[98.22827720000004,14.082295000000045],[98.22751050000005,14.082198400000038],[98.22703800000005,14.082138900000075],[98.22620090000004,14.08192790000004],[98.22586300000006,14.081870600000059],[98.22556260000005,14.081855000000076],[98.22407230000005,14.081964800000037],[98.22248520000005,14.082080400000052],[98.22054800000006,14.082249800000056],[98.21929060000008,14.082339900000022],[98.21800020000006,14.082439100000045],[98.21784720000005,14.082450100000074],[98.21773340000004,14.082476500000041],[98.21762350000006,14.082514400000036],[98.21750950000006,14.082582900000034],[98.21743090000007,14.082638200000076],[98.21735220000005,14.082710600000041],[98.21725000000004,14.08280220000006],[98.21711240000008,14.082916500000067],[98.21698460000005,14.083000300000037],[98.21682750000008,14.083072500000071],[98.21653500000008,14.08318070000007],[98.21637220000008,14.083218400000021],[98.21619570000007,14.083225500000026],[98.21603500000003,14.083203900000058],[98.21592140000007,14.083161500000074],[98.21578450000004,14.08308450000004],[98.21565050000004,14.082976100000053],[98.21554720000006,14.082866900000056],[98.21517970000008,14.082497400000022],[98.21494530000007,14.08229620000003]]]},"geometry_name":"the_geom","properties":{"Road_Type":"Secondary","Sur_Type":"","Route":"","Remark":""}},{"type":"Feature","id":"mmr_rdsl_mimu_250k.1529","geometry":{"type":"MultiLineString","coordinates":[[[98.35351470000006,13.742144300000064],[98.35518840000003,13.743376600000033],[98.35584280000006,13.744137400000056],[98.35827830000005,13.745617300000049],[98.35901860000007,13.745971600000075],[98.35966230000008,13.746596900000043],[98.36190460000006,13.74779540000003],[98.36437220000005,13.749045900000056],[98.36540220000006,13.749765000000025],[98.36738700000006,13.75061960000005],[98.36777280000007,13.750650800000074],[98.36790200000007,13.750661300000047],[98.37163570000007,13.752787200000057],[98.37368490000006,13.753704300000038],[98.37608810000006,13.754506700000036],[98.37949990000004,13.756309600000066],[98.38278290000005,13.75595530000004],[98.38473560000006,13.755642600000044],[98.38673110000008,13.756476300000031],[98.38771820000005,13.756455500000072],[98.38860010000008,13.755453100000068]],[[98.38860010000008,13.755453100000068],[98.38890910000003,13.755520200000035],[98.38932480000005,13.755556600000034],[98.38962520000007,13.755681700000025],[98.39000080000005,13.755939600000033],[98.39025020000008,13.756205300000033],[98.39044870000004,13.756536200000028],[98.39054260000006,13.756927000000076],[98.39063380000005,13.757304800000043],[98.39079200000003,13.757646000000022],[98.39100120000006,13.758060300000068],[98.39126680000004,13.758518800000047],[98.39158060000005,13.759081500000036],[98.39191320000003,13.759657300000072],[98.39224040000005,13.760248700000034],[98.39254890000007,13.760696800000062],[98.39290560000006,13.760967700000037],[98.39326230000006,13.761306400000024],[98.39346080000007,13.761572100000024],[98.39375590000009,13.761999400000036],[98.39411260000008,13.762416200000075],[98.39438350000006,13.762650700000052],[98.39494940000009,13.763106600000071],[98.39552880000008,13.763544300000035],[98.39571650000005,13.763703200000066],[98.39581040000007,13.763724000000025],[98.39603570000008,13.763645900000029],[98.39631470000006,13.763509100000022],[98.39644210000006,13.76350130000003],[98.39665400000007,13.76352600000007],[98.39691950000008,13.763619800000072],[98.39740630000006,13.763803500000051],[98.39786230000004,13.764004100000022],[98.39809700000006,13.764071800000067],[98.39826460000006,13.764066600000035],[98.39848190000004,13.763950700000066],[98.39874610000004,13.763791800000035],[98.39892980000008,13.763589900000056],[98.39922350000006,13.763272000000029],[98.39940730000006,13.763088400000072],[98.39952260000007,13.763008900000045],[98.39965540000009,13.762955500000032],[98.39981090000003,13.762946400000033],[98.39986210000006,13.76298090000006],[98.39994770000004,13.763038900000026],[98.40017040000004,13.763311100000067],[98.40057670000004,13.763701900000058],[98.40095490000004,13.764163000000053],[98.40127140000004,13.764411800000062],[98.40148600000003,13.764573300000052],[98.40158520000006,13.76470880000005],[98.40171660000004,13.764893800000038],[98.40186420000003,13.76511000000005],[98.40204920000008,13.765477300000043],[98.40210290000005,13.765743000000043],[98.40210020000006,13.766107800000043],[98.40204660000006,13.766245800000036],[98.40199560000008,13.766425600000048],[98.40201970000004,13.76657410000007],[98.40211360000006,13.766701700000056],[98.40221550000007,13.766803400000072],[98.40227190000007,13.76695710000007],[98.40238720000008,13.767485900000054],[98.40248640000004,13.767689100000041],[98.40257760000009,13.767965200000049],[98.40248910000008,13.768262200000038],[98.40249720000008,13.76862170000004],[98.40248110000005,13.768853600000057],[98.40239790000004,13.769153200000062],[98.40227450000003,13.76925220000004],[98.40184540000007,13.76949970000004],[98.40163890000008,13.769627300000025],[98.40138140000005,13.769778400000064],[98.40120700000006,13.769885200000033],[98.40112660000005,13.770010300000024],[98.40103540000007,13.770416700000055],[98.40092540000006,13.770864800000027],[98.40085830000004,13.77108880000003],[98.40084220000006,13.771281600000066],[98.40086910000008,13.771435300000064],[98.40099250000009,13.771742700000061],[98.40118830000006,13.771966700000064],[98.40142430000009,13.772326200000066],[98.40156380000008,13.772623200000055],[98.40172740000008,13.772881100000063],[98.40179170000005,13.773053000000061],[98.40196070000007,13.773443800000052],[98.40208140000004,13.773644400000023],[98.40229330000005,13.773899700000072],[98.40257230000003,13.774092500000052],[98.40275470000006,13.774222700000053],[98.40305780000006,13.77445460000007],[98.40326430000005,13.774600500000076],[98.40351910000004,13.774715100000037],[98.40385170000008,13.774845300000038],[98.40413060000009,13.77498600000007],[98.40435330000008,13.775092800000039],[98.40453030000003,13.775254300000029],[98.40480660000009,13.775520000000029],[98.40504800000008,13.775809200000026],[98.40527060000005,13.776082700000075],[98.40546370000004,13.776246800000024],[98.40568630000007,13.776413600000069],[98.40589550000004,13.776551600000062],[98.40626570000006,13.776801700000021],[98.40661170000004,13.776968400000044],[98.40684230000005,13.777122100000042],[98.40699790000008,13.777215900000044],[98.40708640000008,13.777228900000068],[98.40736540000006,13.77705700000007]],[[98.40736540000006,13.77705700000007],[98.40871260000006,13.77703660000003],[98.40899150000007,13.776828200000068],[98.40954330000005,13.776839500000051],[98.40974990000007,13.77704140000003],[98.40987320000005,13.777130000000056],[98.41016560000008,13.777247200000033],[98.41028630000005,13.777333200000044],[98.41042310000006,13.777377400000034],[98.41067290000007,13.777355700000044]],[[98.41067290000007,13.777355700000044],[98.41044190000008,13.777630100000067],[98.41029440000005,13.77783590000007],[98.41017100000005,13.778112100000044],[98.41014410000008,13.778302200000041],[98.41027560000003,13.778758100000061],[98.41039900000004,13.779219200000057],[98.41049280000004,13.779623000000072],[98.41054920000005,13.780039800000054],[98.41052230000008,13.780190900000036],[98.41040430000004,13.780513900000074],[98.41029700000007,13.780719700000077],[98.41024610000005,13.78108700000007],[98.41013610000005,13.78135530000003],[98.40991350000007,13.781704400000024],[98.40972040000008,13.782006500000023],[98.40954070000004,13.782254000000023],[98.40931800000004,13.782457200000067],[98.40913300000005,13.782709900000043],[98.40896670000006,13.782965200000035],[98.40880440000007,13.783211300000062],[98.40869440000006,13.78334680000006],[98.40862070000009,13.783461400000022],[98.40855090000008,13.783641200000034],[98.40846910000005,13.783917300000041],[98.40836450000006,13.784189500000025],[98.40824920000006,13.784478700000022],[98.40820220000006,13.784701400000074],[98.40818610000008,13.78501790000007],[98.40813920000005,13.78526800000003],[98.40808560000005,13.785438600000077],[98.40801050000005,13.785735500000044],[98.40794070000004,13.785957000000053],[98.40785090000008,13.78612110000006],[98.40769130000007,13.78626440000005],[98.40754910000004,13.786427200000048],[98.40740830000004,13.78659390000007],[98.40728890000008,13.786759300000028],[98.40722320000003,13.786870000000022],[98.40705690000004,13.787122700000054],[98.40693220000009,13.787328500000058],[98.40683700000005,13.787547300000028],[98.40670960000006,13.787813000000028],[98.40660500000007,13.788060500000029],[98.40651380000008,13.788266200000066],[98.40637160000006,13.788513700000067],[98.40627370000004,13.788715600000046],[98.40615440000005,13.789009900000053],[98.40609800000004,13.789217000000065],[98.40605510000006,13.789335600000072],[98.40597470000006,13.78945280000005],[98.40590760000003,13.789549200000067],[98.40580840000007,13.789731500000073],[98.40567560000005,13.789936000000068],[98.40560850000008,13.790111800000034],[98.40555760000007,13.790281100000072],[98.40548520000004,13.790445200000022],[98.40539130000008,13.790613300000075],[98.40531750000008,13.790825600000062],[98.40523570000005,13.79101570000006],[98.40510700000004,13.791183700000033],[98.40496350000006,13.791353000000072],[98.40473410000004,13.791504100000054],[98.40457320000007,13.791591400000073],[98.40447660000007,13.791674700000044],[98.40240400000005,13.793541600000026],[98.40152420000004,13.794729400000051],[98.40088050000008,13.795479600000021],[98.40023680000007,13.795979700000032],[98.40017240000009,13.797063300000048],[98.40002220000008,13.799188900000047],[98.39961450000004,13.800626700000066],[98.39858450000008,13.802252100000032],[98.39834850000005,13.802835500000072],[98.39770480000004,13.80339820000006],[98.39697520000004,13.804377500000044],[98.39592380000005,13.805065200000058],[98.39452900000003,13.805773700000032],[98.39371370000003,13.80596120000007],[98.39315580000005,13.806232100000045],[98.39246910000008,13.807794900000033],[98.39208290000005,13.80804500000005],[98.39204000000007,13.808503400000063],[98.39197560000008,13.811024700000075],[98.39167520000007,13.81212910000005],[98.39101000000005,13.813275200000021],[98.38980840000005,13.814171100000067],[98.38882130000007,13.814692100000059],[98.38631080000005,13.817067500000064],[98.38568850000007,13.818671900000027],[98.38515200000006,13.821276500000067],[98.38452980000005,13.822943400000042],[98.38399330000004,13.823068400000068],[98.38345690000006,13.823485100000028],[98.38268440000007,13.823589300000037],[98.38242690000004,13.823881000000029],[98.38159010000004,13.825089500000047],[98.38146130000007,13.825964600000077],[98.38150420000005,13.827256400000067],[98.38191190000003,13.828589900000054],[98.38159010000004,13.829673400000047],[98.38159010000004,13.830861000000027],[98.38180460000007,13.83159020000005],[98.38186900000005,13.832027800000049],[98.38182610000007,13.832527800000037],[98.38154720000006,13.833590400000048],[98.38159010000004,13.834486300000037],[98.38146130000007,13.835423900000023],[98.38122530000004,13.835882300000037],[98.38043140000008,13.836361500000066],[98.37976620000006,13.836569900000029],[98.37920830000007,13.83713240000003],[98.37869330000007,13.837653300000056],[98.37792080000008,13.839632600000073],[98.37749170000006,13.840799300000072],[98.37729850000005,13.841611900000032],[98.37682650000005,13.84221610000003],[98.37652610000004,13.842736900000034],[98.37633290000008,13.84315360000005],[98.37633290000008,13.843591200000049],[98.37631150000004,13.84444540000004],[98.37594670000004,13.845153700000026],[98.37575360000005,13.84617460000004],[98.37566780000009,13.847133000000042],[98.37562480000008,13.848049700000047],[98.37543170000004,13.849028900000064],[98.37526010000005,13.849487200000056],[98.37500260000007,13.850070600000038],[98.37485240000007,13.850445600000057],[98.37489530000005,13.851987300000076],[98.37416570000005,13.85279980000007],[98.37380090000005,13.853570600000069],[98.37371510000008,13.853987300000028],[98.37377950000007,13.854320600000051],[98.37380090000005,13.85471640000003],[98.37347910000005,13.85548730000005],[98.37304990000007,13.856299800000045],[98.37266370000003,13.856737300000077],[98.37171950000004,13.858278900000073],[98.37144060000008,13.858466400000054],[98.37126890000008,13.859049700000071],[98.37096850000006,13.859299700000065],[98.37066810000005,13.859528900000043],[98.37062520000006,13.860174700000073],[98.37036770000003,13.86063310000003],[98.36976690000006,13.860966400000052],[98.36933770000007,13.86117470000005],[98.36873690000004,13.861591400000066],[98.36798590000006,13.863841300000047],[98.36802880000005,13.864507900000035],[98.36854380000005,13.865716200000065],[98.36854380000005,13.866674500000045],[98.36809320000003,13.868882700000029],[98.36742800000007,13.869882700000062],[98.36712760000006,13.870070100000078],[98.36631220000004,13.872153300000036],[98.36611910000005,13.873236600000041],[98.36566850000008,13.873840700000073],[98.36551830000008,13.874965600000053],[98.36553080000004,13.87585690000003],[98.36553970000006,13.876486300000067],[98.36521790000006,13.877382100000034],[98.36463850000007,13.879361000000074],[98.36433810000005,13.880506700000069],[98.36287900000008,13.884714600000052],[98.36232110000003,13.885860300000047],[98.36159150000003,13.88681850000006],[98.36101220000006,13.887693300000024],[98.36034700000005,13.89000550000003],[98.36030410000006,13.891234500000053],[98.36026110000006,13.892442600000038],[98.35981050000004,13.893275800000026],[98.35833000000008,13.89494220000006],[98.35766480000007,13.895817100000045],[98.35727850000006,13.89702520000003],[98.35680650000006,13.89773340000005],[98.35639880000008,13.899129000000073],[98.35607690000006,13.900149600000077],[98.35642020000006,13.90146180000005],[98.35618420000009,13.901982600000053],[98.35569070000008,13.902253400000063],[98.35498260000008,13.904773700000021],[98.35466070000007,13.905398500000047],[98.35457490000005,13.906294200000048],[98.35444610000008,13.907335600000067],[98.35405990000004,13.908335400000055],[98.35352340000009,13.908856100000037],[98.35330890000006,13.909439300000031],[98.35367360000004,13.910793100000035],[98.35367360000004,13.911605400000042],[98.35348050000005,13.912646900000027],[98.35399550000005,13.913417500000037],[98.35277240000005,13.915083700000025],[98.35253640000008,13.91608350000007],[98.35227890000004,13.917312300000049],[98.35245060000005,13.919353400000034],[98.35238620000007,13.920665600000063],[98.35266510000008,13.92181110000007],[98.35268660000008,13.922456700000055],[98.35206430000005,13.924018800000056],[98.35114160000006,13.925726600000075],[98.34978980000005,13.92730940000007],[98.34878130000004,13.927996700000051],[98.34790150000003,13.928767300000061],[98.34721490000004,13.929308800000058],[98.34720340000007,13.929896700000029],[98.34706400000005,13.929985200000033],[98.34693790000006,13.930032100000062],[98.34683060000003,13.930058100000053],[98.34664550000008,13.93019090000007],[98.34640410000009,13.93026640000005],[98.34620560000008,13.930289800000025],[98.34580600000004,13.930242900000053],[98.34542780000004,13.930196100000046],[98.34517570000008,13.93021170000003],[98.34510330000006,13.93019350000003],[98.34488600000009,13.930076300000053],[98.34480020000007,13.930039900000054],[98.34472780000004,13.929974800000025],[98.34451850000005,13.92989410000007],[98.34425300000004,13.929836800000032],[98.34400620000008,13.929868100000022],[98.34379970000003,13.92987590000007],[98.34362000000004,13.92982900000004],[98.34333570000007,13.92975350000006],[98.34303800000004,13.929701400000056],[98.34277780000008,13.929691000000048],[98.34263290000007,13.929737900000077],[98.34254710000005,13.929821200000049],[98.34253370000005,13.92989410000007],[98.34261420000007,13.930206500000054],[98.34267050000005,13.930557900000053],[98.34248810000008,13.931063000000051],[98.34229770000007,13.931372800000076],[98.34195430000005,13.931997600000045],[98.34166880000004,13.932492700000068],[98.34156540000004,13.932671800000037],[98.34132130000006,13.933080500000074],[98.34101830000009,13.933614200000022],[98.34091100000006,13.933963100000028],[98.34081170000007,13.93430150000006],[98.34067490000007,13.934600900000078],[98.34043890000004,13.93506160000004],[98.34028060000009,13.935457300000053],[98.34018410000004,13.935728100000063],[98.34009290000006,13.935837400000025]],[[98.34009290000006,13.935837400000025],[98.34013380000005,13.936452200000076],[98.33991930000008,13.93720200000007],[98.33963660000006,13.937618900000075],[98.33938280000007,13.937993400000039],[98.33940430000007,13.938555700000052],[98.33959400000003,13.938773900000058],[98.33961280000005,13.938956100000041],[98.33962620000005,13.939156500000024],[98.33959670000007,13.93950540000003],[98.33955110000005,13.939721400000053],[98.33946790000005,13.939898500000027],[98.33933430000008,13.94014240000007],[98.33926680000008,13.940265500000066],[98.33903880000008,13.940679400000022],[98.33882420000003,13.941064700000027],[98.33866860000006,13.941371900000036],[98.33851310000006,13.941645200000039],[98.33834140000005,13.941913300000067],[98.33811340000005,13.942272600000024],[98.33788810000004,13.942556300000035],[98.33772450000004,13.942733300000043],[98.33752070000008,13.942962400000056],[98.33724980000005,13.943225300000051],[98.33697890000008,13.943509100000028],[98.33677230000006,13.943748600000049],[98.33652290000003,13.943962000000056],[98.33629760000008,13.944188500000052],[98.33610180000005,13.944412400000033],[98.33590060000006,13.94463890000003],[98.33586310000004,13.944779400000073],[98.33591940000008,13.944948600000032],[98.33600520000005,13.945000700000037],[98.33593550000006,13.945354700000053],[98.33579640000005,13.945722200000034],[98.33577190000005,13.94578690000003],[98.33559210000004,13.946057600000074],[98.33547950000008,13.946258000000057],[98.33541510000003,13.946463700000038],[98.33537490000003,13.946734400000025],[98.33531590000007,13.947325300000045],[98.33523540000004,13.947661100000062],[98.33512010000004,13.947981300000038],[98.33503960000007,13.948127100000022],[98.33491090000007,13.948343100000045],[98.33463730000005,13.948587800000041],[98.33443080000006,13.948796100000038],[98.33403110000006,13.94913710000003],[98.33343030000003,13.949675900000045],[98.33314330000007,13.94998830000003],[98.33303060000009,13.950175700000045],[98.33290990000006,13.950266800000065],[98.33271950000005,13.950365800000043],[98.33233860000007,13.950574000000074],[98.33204360000008,13.950735400000042],[98.33160370000007,13.951089400000058],[98.33108340000007,13.951498100000038],[98.33081510000005,13.95172720000005],[98.33048250000007,13.951953600000024],[98.33032430000009,13.952055200000075],[98.33004530000005,13.952476900000022],[98.32983880000006,13.952823100000046],[98.32951960000008,13.953317600000048],[98.32914950000009,13.953843500000062],[98.32883030000005,13.954304200000024],[98.32831260000006,13.95503830000007],[98.32806590000007,13.95537150000007],[98.32771990000003,13.955782700000043],[98.32735780000007,13.956217400000071],[98.32713250000006,13.956436100000076],[98.32683210000005,13.956761500000027],[98.32653970000007,13.957107700000051],[98.32646190000008,13.957188400000064],[98.32630630000006,13.957334100000026],[98.32611320000007,13.957474700000034],[98.32590940000006,13.957630900000026],[98.32563040000008,13.957865200000072],[98.32525220000008,13.95814370000005],[98.32479090000004,13.95849510000005],[98.32443680000006,13.95875280000007],[98.32397550000007,13.959080800000038],[98.32363220000008,13.959320200000036],[98.32328350000006,13.959590900000023],[98.32278190000005,13.959973600000069],[98.32246540000006,13.960278100000039],[98.32203630000004,13.960512400000027],[98.32173320000004,13.960694600000068],[98.32146500000005,13.960814300000038],[98.32115920000007,13.960949700000072],[98.32088020000003,13.961160500000062],[98.32067100000006,13.961363600000027],[98.32054230000006,13.961436500000048],[98.32035450000006,13.96148850000003],[98.32013730000006,13.961517100000037],[98.31992800000006,13.961569200000042],[98.31968660000007,13.961704600000076],[98.31956060000005,13.96181910000007],[98.31953110000006,13.961957100000063],[98.31952300000006,13.962532300000078],[98.31951900000007,13.962980000000073],[98.31948950000003,13.963289800000041],[98.31947340000005,13.963582600000052],[98.31945730000007,13.963823400000024],[98.31942510000005,13.964035500000023],[98.31935000000004,13.96423980000003],[98.31924010000006,13.964431200000035],[98.31905100000006,13.964656300000058],[98.31871030000008,13.964999900000066],[98.31854670000007,13.965169100000026],[98.31824090000003,13.965486600000077],[98.31774470000005,13.966017600000043],[98.31735850000007,13.966418500000032],[98.31706080000004,13.966717800000026],[98.31670130000003,13.96703800000006],[98.31637410000008,13.96730610000003],[98.31585380000007,13.967688700000053],[98.31558290000004,13.967907400000058],[98.31542730000007,13.968081700000027],[98.31530390000006,13.968318600000032],[98.31518590000007,13.96866220000004],[98.31500080000006,13.969370200000071],[98.31487740000006,13.96990640000007],[98.31487480000004,13.970174500000041],[98.31485870000006,13.970364500000073],[98.31477280000007,13.97046860000006],[98.31464410000007,13.970512800000051],[98.31426860000005,13.970632600000044],[98.31382070000006,13.970804400000077],[98.31342100000006,13.971033400000067],[98.31286850000004,13.971384800000067],[98.31280140000007,13.971470700000054],[98.31260830000008,13.971762200000057],[98.31233470000006,13.972150000000056],[98.31206650000007,13.972540500000036],[98.31177410000004,13.973009000000047],[98.31153270000004,13.97322760000003],[98.31127520000007,13.97356080000003],[98.31087290000005,13.974378100000024],[98.31059930000004,13.974945500000047],[98.31050810000005,13.975773200000049],[98.30844090000005,13.975685100000021],[98.30792590000004,13.976705400000071],[98.30762550000009,13.977455000000077],[98.30681050000004,13.978231300000061]],[[98.30681050000004,13.978231300000061],[98.30669030000007,13.978411600000072],[98.30631110000007,13.979069700000025],[98.30626480000006,13.979512100000022],[98.30666650000006,13.979931900000054],[98.30685200000005,13.980599200000029],[98.30716100000006,13.981206500000042],[98.30753710000005,13.98220230000004]],[[98.30753710000005,13.98220230000004],[98.30712430000005,13.983211400000073],[98.30674200000004,13.983689300000037],[98.30673380000007,13.983842400000071],[98.30670100000003,13.984226800000044],[98.30669510000007,13.984835500000031],[98.30615100000006,13.985239400000069],[98.30586030000006,13.985935200000029],[98.30532910000005,13.98684540000005],[98.30531150000007,13.986875600000076],[98.30461640000004,13.986827300000073],[98.30373560000004,13.987029800000073],[98.30337080000004,13.987113300000033],[98.30327730000005,13.987177100000054],[98.30304730000006,13.987334100000055],[98.30277690000008,13.987945700000068],[98.30275430000006,13.987996900000041],[98.30207320000005,13.990576000000033],[98.30185860000006,13.991783600000076],[98.29897040000009,13.994579800000054],[98.29752410000003,13.997113700000057],[98.29630960000009,13.998244300000067],[98.29523680000005,13.999451800000031],[98.29463590000006,14.000784300000078],[98.29455010000004,14.002116800000067],[98.29394930000007,14.003990600000066],[98.29420680000004,14.00628080000007],[98.29369180000003,14.009362100000033],[98.29047310000004,14.016898600000047],[98.28961480000004,14.018480800000077],[98.28781240000006,14.019105400000058],[98.28611410000008,14.019687200000021],[98.28559310000009,14.019691400000056],[98.28499500000004,14.019629000000066],[98.28387710000004,14.019393200000025],[98.28311200000007,14.019834500000059],[98.28254880000009,14.02023790000004],[98.28198880000008,14.02059810000003],[98.27997180000006,14.021222600000044],[98.27802930000007,14.021186400000033],[98.27778360000008,14.021181800000022]],[[98.27778360000008,14.021181800000022],[98.27777650000007,14.021465800000044],[98.27761180000005,14.021629000000075],[98.27706490000008,14.021795700000041],[98.27605890000007,14.02191810000005],[98.27535780000005,14.022319400000072],[98.27428870000006,14.022856800000056],[98.27317050000005,14.023465500000043],[98.27236780000004,14.023900800000035],[98.27178940000005,14.024047100000075],[98.27153640000006,14.02406730000007],[98.27149150000008,14.024070900000027],[98.27078270000004,14.02455290000006],[98.27018680000003,14.024940600000036],[98.26974520000005,14.025736400000028],[98.26971010000005,14.026158100000032],[98.26975920000007,14.027137500000038],[98.26965400000006,14.02747080000006],[98.26950680000004,14.028021700000068],[98.26935260000005,14.028810700000065],[98.26907910000006,14.02916440000007],[98.26839210000009,14.029756100000043],[98.26775410000005,14.030579100000068],[98.26736850000003,14.030728700000054],[98.26701100000008,14.031048400000032],[98.26620480000008,14.03210260000003],[98.26579110000006,14.032742000000042],[98.26526530000007,14.03327930000006],[98.26437500000009,14.034109100000023],[98.26344960000006,14.035122500000057],[98.26247510000007,14.03604740000003],[98.26201940000004,14.036469100000033],[98.26192120000007,14.037006400000053],[98.26164780000005,14.037734200000045],[98.26100990000003,14.038285100000053],[98.26066630000008,14.039482100000043],[98.25979700000005,14.040311900000063],[98.25922210000004,14.040985200000023],[98.25892770000007,14.04159050000004],[98.25828970000003,14.042032600000027],[98.25791110000006,14.042236600000024],[98.25759570000008,14.042263800000057],[98.25743260000007,14.042330400000026],[98.25736480000006,14.042495700000075],[98.25732530000005,14.04257240000004],[98.25726900000006,14.042642700000044],[98.25708400000008,14.042709100000025],[98.25667620000007,14.042882000000077],[98.25634780000007,14.043127600000048],[98.25616080000003,14.04363010000003],[98.25602870000006,14.044239400000038],[98.25592900000004,14.044622900000036],[98.25590340000008,14.045027700000048],[98.25524680000007,14.045098100000075],[98.25471030000006,14.045207100000027],[98.25439400000005,14.045274200000051],[98.25423750000004,14.04544670000007],[98.25394310000007,14.046262900000045],[98.25406930000008,14.046725300000048],[98.25406930000008,14.047038200000031],[98.25394310000007,14.04716060000004],[98.25371880000006,14.047031400000037],[98.25341730000008,14.046834200000035],[98.25323400000008,14.046786100000077]],[[98.25323400000008,14.046786100000077],[98.25342000000006,14.047360100000049],[98.25351660000007,14.04779160000004],[98.25349510000007,14.048166300000048],[98.25323760000003,14.048530500000027],[98.25285140000005,14.04893640000006],[98.25216470000004,14.049852300000055],[98.25178100000005,14.051031300000034],[98.25169590000007,14.051292800000056],[98.25159800000006,14.051425800000061],[98.25148130000008,14.051584200000036],[98.25101680000006,14.052110800000037],[98.25045890000007,14.052579200000025],[98.25023350000004,14.052741000000026],[98.24995460000008,14.05288100000007],[98.24909950000006,14.053384700000038],[98.24875300000008,14.053724000000045],[98.24814150000003,14.055087400000048],[98.24815750000005,14.055300800000055],[98.24818440000007,14.055488100000048],[98.24795900000004,14.055680700000039],[98.24765110000004,14.055976300000054],[98.24738290000005,14.056475800000044],[98.24726170000008,14.05690880000003],[98.24720800000006,14.057492100000047],[98.24705780000005,14.05805360000005],[98.24667040000008,14.058661100000052],[98.24653210000008,14.05878210000003],[98.24485630000004,14.059749000000068],[98.24467600000008,14.060203200000046],[98.24442930000004,14.060603400000048],[98.24395080000005,14.060910000000035],[98.24346880000007,14.061123000000066],[98.24323300000003,14.061186700000064],[98.24299940000009,14.061221400000022],[98.24209880000006,14.06119220000005],[98.24131800000004,14.061154800000054],[98.24061970000008,14.06125570000006],[98.24046620000007,14.061388800000032],[98.24038980000006,14.061543000000029],[98.24018600000005,14.061670200000037],[98.23974670000007,14.06173160000003],[98.23930090000005,14.062081300000045],[98.23898440000005,14.062432500000057],[98.23869810000008,14.062728200000038],[98.23822240000004,14.063086700000042],[98.23784150000006,14.063438800000029],[98.23735890000006,14.063760000000059],[98.23713580000003,14.063894000000062],[98.23687710000007,14.064104900000075],[98.23675420000006,14.064322300000072],[98.23663130000006,14.06445560000003],[98.23640850000004,14.064608400000054],[98.23612450000007,14.064867200000037],[98.23588530000006,14.065109500000062],[98.23558790000004,14.065369600000054],[98.23528800000008,14.065607000000057],[98.23496080000007,14.065871600000037],[98.23475530000007,14.06615400000004],[98.23456590000006,14.066235600000027],[98.23410160000009,14.066388200000063],[98.23378820000005,14.066623700000036],[98.23362500000007,14.066903400000058],[98.23334270000004,14.067050700000038],[98.23282060000008,14.067014800000038],[98.23253910000005,14.066931900000043],[98.23196680000007,14.066754700000047],[98.23180160000004,14.066574100000025],[98.23148890000004,14.066539800000044],[98.23097380000007,14.066595600000028],[98.22959960000009,14.066814100000045],[98.22941400000008,14.066872500000045],[98.22871350000008,14.067048600000021],[98.22797120000007,14.067061600000045],[98.22779680000008,14.067046000000062],[98.22763320000007,14.067066800000077],[98.22729530000004,14.067134000000067],[98.22673210000005,14.067238100000054],[98.22608830000007,14.067014800000038],[98.22552690000003,14.066793300000029],[98.22458090000003,14.067769300000066],[98.22374810000008,14.06862140000004],[98.22360930000008,14.068763400000023],[98.22351340000006,14.068801700000051],[98.22315380000003,14.068963500000052],[98.22194560000008,14.069394900000077],[98.22169480000008,14.069442200000026],[98.22144540000005,14.06946000000005],[98.22089773100004,14.069427443000052],[98.22088860000008,14.069426900000053]]]},"geometry_name":"the_geom","properties":{"Road_Type":"Secondary","Sur_Type":"","Route":"","Remark":""}},{"type":"Feature","id":"mmr_rdsl_mimu_250k.1530","geometry":{"type":"MultiLineString","coordinates":[[[98.20343330000009,14.073670700000037],[98.20322100000004,14.07363250000003],[98.20255800000007,14.073575800000071],[98.20222590000009,14.073537800000054],[98.20139810000006,14.073451200000022],[98.20102280000003,14.073416100000031],[98.20054250000004,14.073393200000055],[98.20007030000005,14.073380900000075],[98.19967570000006,14.073376300000064],[98.19915790000005,14.073362900000063],[98.19876350000004,14.073358600000063],[98.19865630000004,14.073353300000065],[98.19845140000007,14.073329100000024],[98.19821500000006,14.073331600000074],[98.19769110000004,14.073305800000071],[98.19687320000008,14.073262500000055],[98.19660340000007,14.07324120000004],[98.19619010000008,14.073218300000065],[98.19605350000006,14.073225200000024],[98.19566680000008,14.073203400000068],[98.19544980000006,14.073191200000053],[98.19472930000006,14.073150600000076],[98.19454170000006,14.073140100000046],[98.19382450000006,14.073099700000057],[98.19368520000006,14.073086900000021],[98.19316240000006,14.073062400000026],[98.19304620000008,14.073050400000056],[98.19285350000007,14.073041300000057],[98.19183510000005,14.072974700000032],[98.19080100000008,14.072898300000077],[98.19047360000008,14.072878400000036],[98.19027540000008,14.07286490000007],[98.18979650000006,14.072825900000055],[98.18915050000004,14.072758500000077],[98.18889530000007,14.074380800000029],[98.18881500000003,14.075000000000045],[98.18876960000006,14.075680400000067],[98.18874630000005,14.076023200000066],[98.18875400000007,14.076252800000077],[98.18875340000005,14.076272600000038],[98.18875860000009,14.076511100000062],[98.18875930000007,14.076786500000026],[98.18880240000004,14.077105000000074],[98.18894480000006,14.078411900000049],[98.18903710000006,14.079289500000073],[98.18904460000005,14.079360800000075],[98.18904420000007,14.079608700000051],[98.18903460000007,14.079743200000053],[98.18899730000004,14.08036020000003],[98.18897180000005,14.080668500000058],[98.18894820000008,14.080949400000065],[98.18893700000007,14.081106900000066],[98.18893430000008,14.081279900000027],[98.18891210000004,14.08158000000003],[98.18889290000004,14.08187520000007],[98.18884040000006,14.08267950000004],[98.18881220000009,14.08308020000004],[98.18880290000004,14.083281800000066],[98.18879520000007,14.083476000000076],[98.18870870000006,14.084302200000025],[98.18870350000003,14.084377700000061],[98.18857230000003,14.086478900000031],[98.18855230000008,14.08660320000007],[98.18851750000005,14.086729900000023],[98.18848540000005,14.086801500000036],[98.18842150000006,14.086853900000051],[98.18833070000005,14.086933800000054],[98.18795130000007,14.087272900000073],[98.18782420000008,14.087386600000059],[98.18770580000006,14.087492000000054],[98.18748970000007,14.087684600000046],[98.18712230000006,14.088029900000038],[98.18694010000007,14.088174300000048],[98.18606880000004,14.088950800000077],[98.18521300000003,14.08971340000005],[98.18471660000006,14.090155700000025],[98.18360580000007,14.091137100000026],[98.18250740000008,14.092109100000073],[98.18155000000007,14.092953400000056],[98.18092370000005,14.093517000000077],[98.18072390000003,14.093696900000054],[98.18058620000005,14.093811300000027],[98.18050400000004,14.09387300000003],[98.18030260000006,14.093923500000074],[98.17979000000008,14.094026100000065],[98.17953520000003,14.094065800000067],[98.17928040000004,14.09410420000006],[98.17830320000007,14.094250200000033],[98.17664580000007,14.094532800000025],[98.17260660000005,14.095116000000075],[98.17242110000007,14.09473070000007],[98.17237750000004,14.09463130000006],[98.17205750000005,14.093904300000077],[98.17197740000006,14.09378810000004],[98.17192160000008,14.093638300000066],[98.17172530000005,14.09309090000005],[98.17157560000004,14.092689900000039],[98.17151340000004,14.092542000000037],[98.17140940000007,14.092360800000051],[98.17124550000005,14.092148800000075],[98.17099420000005,14.091789300000073],[98.17073710000005,14.091477700000041],[98.17069800000007,14.091371700000025],[98.17067970000005,14.091269400000044],[98.17072130000008,14.091197000000022],[98.17110250000007,14.090893000000051],[98.17135040000005,14.090701200000069],[98.17145060000007,14.09061360000004],[98.17152950000008,14.090518000000031],[98.17159260000005,14.090418300000067],[98.17164070000007,14.09021830000006],[98.17167920000009,14.090069300000039],[98.17171970000004,14.089859200000035],[98.17174770000008,14.089637000000039],[98.17174920000008,14.089451800000063],[98.17171100000007,14.089363100000071],[98.17157750000007,14.089156200000048],[98.17136890000006,14.088939700000026],[98.17108870000004,14.088735900000074],[98.17068480000006,14.08842610000005],[98.17052420000005,14.088328200000035],[98.17044060000006,14.088306400000022],[98.17033810000004,14.088279700000044],[98.16968640000005,14.088224800000035],[98.16919140000005,14.088208800000075],[98.16894160000004,14.08817440000007],[98.16866740000006,14.08809690000004],[98.16831960000007,14.088014400000077],[98.16807550000004,14.087967200000037],[98.16795320000006,14.08789500000006],[98.16783110000006,14.087770200000023],[98.16778770000008,14.08771500000006],[98.16771400000005,14.087621400000046],[98.16748460000008,14.087290300000063],[98.16726370000003,14.086882500000058],[98.16714980000006,14.086604200000068],[98.16704290000007,14.086272500000064],[98.16702150000003,14.086162800000068],[98.16704430000004,14.086048900000037],[98.16714400000006,14.08589980000005],[98.16722070000009,14.085775700000056],[98.16741600000006,14.085492400000021],[98.16782000000006,14.085070400000063],[98.16827490000009,14.084554500000024],[98.16831430000008,14.084502100000066],[98.16839810000005,14.084373200000073],[98.16844260000005,14.084282400000063],[98.16843340000008,14.084110200000055],[98.16831620000005,14.083744800000034],[98.16816600000004,14.083478200000059],[98.16799050000009,14.083182900000054],[98.16770670000005,14.082814400000075],[98.16743280000009,14.082511200000056],[98.16678190000005,14.081753000000049],[98.16634390000007,14.081268200000068],[98.16618660000006,14.08108100000004],[98.16610320000007,14.080915600000026],[98.16566230000006,14.079654000000062],[98.16538950000006,14.078961200000037],[98.16530910000006,14.078856500000029],[98.16516160000003,14.078761100000065],[98.16512320000004,14.07873630000006],[98.16452720000007,14.078341300000034],[98.16441910000003,14.078269700000021],[98.16430170000007,14.078216700000041],[98.16409600000009,14.078182500000025],[98.16298330000006,14.078193000000056],[98.16200760000004,14.07821910000007],[98.15973310000004,14.07824510000006],[98.15950380000004,14.078220400000077],[98.15941930000008,14.078183900000056],[98.15935360000003,14.07810980000005],[98.15932410000005,14.078055100000029],[98.15930800000007,14.077953700000023],[98.15931200000006,14.077831400000036],[98.15933720000004,14.07772220000004],[98.15934690000006,14.077680500000042],[98.15943050000004,14.07738050000006],[98.15938750000004,14.076329400000077],[98.15934460000005,14.076006800000073],[98.15929520000009,14.075758000000064],[98.15916810000004,14.075117500000033],[98.15906570000004,14.074601900000062],[98.15903350000008,14.074456200000043],[98.15905490000006,14.074300100000073],[98.15916220000008,14.074185600000021],[98.15946090000006,14.073778000000061],[98.15951180000008,14.073655700000074],[98.15952260000006,14.073554300000069],[98.15950510000005,14.073455400000057],[98.15903350000008,14.072447700000055],[98.15877600000005,14.071823300000062],[98.15865800000006,14.071635900000047],[98.15850780000005,14.071438200000046],[98.15828250000004,14.07126130000006],[98.15741880000007,14.070618100000047],[98.15707550000008,14.070222700000045],[98.15532670000005,14.067745800000068],[98.15463470000003,14.066900700000076],[98.15384070000005,14.066213900000037],[98.15356180000003,14.06590170000004],[98.15337400000004,14.065508300000033],[98.15314870000003,14.06499830000007],[98.15291800000006,14.064351000000045],[98.15253450000006,14.063540200000034],[98.15178080000004,14.061946900000066],[98.15133020000007,14.060843700000078],[98.15123360000007,14.060313000000065],[98.15118000000007,14.059657300000026],[98.15109410000008,14.059386700000061],[98.15096540000008,14.05905370000005],[98.15024660000006,14.057107400000064],[98.15006420000003,14.056597500000066],[98.14994350000006,14.056129200000044],[98.14989250000008,14.05564000000004],[98.14993010000006,14.055309000000022],[98.14992470000004,14.055119600000069],[98.14986030000006,14.054890600000022],[98.14976380000007,14.054620000000057],[98.14949550000006,14.053745800000058],[98.14933460000003,14.053568900000073],[98.14914150000004,14.053246200000046],[98.14904490000004,14.053017200000056],[98.14900740000007,14.052727900000036],[98.14899670000005,14.05255100000005],[98.14905030000006,14.052384500000073],[98.15010710000007,14.051018900000031],[98.15013930000003,14.05082120000003],[98.15012320000005,14.050604700000065],[98.15008390000008,14.05022880000007],[98.15010530000006,14.050092200000051],[98.15017240000009,14.04998420000004],[98.15060820000008,14.049540600000057],[98.15073430000007,14.049450800000045],[98.15089660000007,14.049396200000047],[98.15111520000005,14.049388400000055],[98.15135260000005,14.049349300000074],[98.15150950000003,14.049281700000051],[98.15170300000005,14.049100000000067],[98.15184550000004,14.04893450000003],[98.15194170000007,14.048822900000062],[98.15199490000003,14.048788600000023],[98.15214020000008,14.048710500000027],[98.15257470000006,14.048541900000032],[98.15277860000003,14.048333700000057],[98.15337940000006,14.047542700000065],[98.15390510000003,14.04694950000004],[98.15400700000004,14.046701700000028],[98.15404990000008,14.046451900000022],[98.15416260000006,14.045710900000074],[98.15482510000004,14.044523900000058],[98.15540710000005,14.043806200000063],[98.15602400000006,14.042798700000048],[98.15611520000004,14.04256760000004],[98.15618500000005,14.042278300000078],[98.15654980000005,14.041102200000068],[98.15686090000008,14.040456800000072],[98.15715590000008,14.040111300000035],[98.15828380000005,14.038865900000076],[98.15847560000003,14.03865410000003],[98.15882430000005,14.038385600000026],[98.15950560000005,14.03806080000004],[98.16050870000004,14.03775070000006],[98.16062140000008,14.037634100000048],[98.16065890000004,14.037469600000065],[98.16073940000007,14.03688470000003],[98.16100760000006,14.03628100000003],[98.16106120000006,14.036031200000025],[98.16149040000005,14.033002300000021],[98.16150250000004,14.032689600000026],[98.16151180000008,14.032450600000061],[98.16146890000005,14.031992600000024],[98.16120070000005,14.031003800000065],[98.16096470000008,14.030233600000031],[98.16078500000003,14.02988270000003],[98.16064280000006,14.029598600000043],[98.16057840000008,14.029421700000057],[98.16061060000004,14.029140600000062],[98.16068570000004,14.028536900000063],[98.16064280000006,14.028141400000038],[98.16053550000004,14.027371100000039],[98.16032090000004,14.026621700000021],[98.16016000000008,14.026434300000062],[98.15965120000004,14.025892300000066],[98.15961280000005,14.025851400000022],[98.15931240000003,14.025455900000054],[98.15878090000007,14.023935700000038],[98.15859900000004,14.023558300000047],[98.15820900000006,14.02327500000007],[98.15775140000005,14.022897400000033],[98.15752610000004,14.022585100000072],[98.15729000000005,14.021991800000023],[98.15610450000008,14.019626800000026],[98.15578260000007,14.01898140000003],[98.15573870000009,14.018822400000033],[98.15562170000004,14.018398500000046],[98.15546080000007,14.017534500000068],[98.15540710000005,14.017180600000074],[98.15534950000006,14.017020600000023],[98.15516040000006,14.016764200000068],[98.15455960000008,14.016066800000033],[98.15417560000009,14.01572150000004],[98.15375310000007,14.015404100000069],[98.15326900000008,14.01509180000005],[98.15308150000004,14.014984300000037],[98.15293770000005,14.014901800000075],[98.15238120000004,14.014619400000072],[98.15175620000008,14.014390400000025],[98.15061130000004,14.013984900000025],[98.14907180000006,14.013445700000034],[98.14890530000008,14.01339390000004],[98.14798200000007,14.013040000000046],[98.14691520000008,14.012900100000024],[98.14600630000007,14.012738100000036],[98.14541780000008,14.012668100000042],[98.14525310000005,14.012599100000045],[98.14456030000008,14.012309000000073],[98.14334450000007,14.011823100000072],[98.14290800000003,14.011893900000075],[98.14257820000006,14.011980300000062],[98.14243080000006,14.011986700000023],[98.14217310000004,14.011894700000028],[98.14203360000005,14.011665700000037],[98.14194240000006,14.01126800000003],[98.14184590000008,14.011091000000022],[98.14169570000007,14.01094530000006],[98.14119140000008,14.010705900000062],[98.14072520000008,14.010560100000077],[98.13969210000005,14.010236900000052],[98.13889550000005,14.010060500000066],[98.13851990000006,14.00987310000005],[98.13797810000005,14.00932350000005],[98.13758120000006,14.008886300000029],[98.13695350000006,14.008322100000044],[98.13668000000007,14.008188800000028],[98.13648960000006,14.008140900000058],[98.13639030000007,14.008115900000064],[98.13391190000004,14.007814100000076],[98.13331110000007,14.007866100000058],[98.13243670000008,14.007999400000074],[98.13201830000008,14.007978500000036],[98.13008710000008,14.007884800000056],[98.12881570000008,14.007678700000042],[98.12847510000006,14.007564800000068],[98.12824160000008,14.00741540000007],[98.12818820000007,14.007381300000077],[98.12811300000004,14.00730660000005],[98.12757920000007,14.006801800000062],[98.12751760000003,14.00658100000004],[98.12742630000008,14.006229700000063],[98.12734410000007,14.005365900000072],[98.12716880000005,14.003523100000052],[98.12696500000004,14.002867300000048],[98.12675040000005,14.00238840000003],[98.12623540000004,14.001420300000063],[98.12614960000008,14.001076700000056],[98.12588600000004,13.999347800000066],[98.12583850000004,13.999036400000023],[98.12584920000006,13.998776100000043],[98.12587070000006,13.998453400000074],[98.12598870000005,13.998234800000034],[98.12683620000007,13.996517100000062],[98.12690060000006,13.996007000000077],[98.12684160000003,13.995592600000066],[98.12642340000008,13.99306690000003],[98.12635340000008,13.992644400000074],[98.12591360000005,13.990135500000065],[98.12565980000005,13.988752100000056],[98.12551390000004,13.987957300000062],[98.12499090000006,13.98510710000005],[98.12458560000005,13.982961500000044],[98.12450990000008,13.982560800000044],[98.12439540000008,13.981954700000074],[98.12437320000004,13.98189160000004],[98.12435330000005,13.981835300000057],[98.12425600000006,13.981559100000027],[98.12418470000006,13.981473100000073],[98.12401690000007,13.981270600000073],[98.12399040000008,13.980347000000052],[98.12398350000007,13.979257500000074],[98.12396591300006,13.97818316100006],[98.12467010000006,13.978362100000027],[98.12724500000007,13.978910300000052],[98.12738083100004,13.978795845000036],[98.12761440000008,13.978780000000029],[98.12827500000009,13.97901440000004],[98.12945520000005,13.979305900000043],[98.13119110000008,13.97861770000003],[98.13168680000007,13.978556300000037],[98.13220980000006,13.978590100000076],[98.13260460000004,13.978698400000042],[98.13312440000004,13.978951900000027],[98.13361800000007,13.979000300000052],[98.13389470000004,13.979008100000044],[98.13387390000008,13.978714300000036],[98.13391150000007,13.978469700000062],[98.13391150000007,13.978214600000058],[98.13371840000008,13.976975700000025],[98.13356820000007,13.976507200000071],[98.13355210000003,13.976025700000037],[98.13350650000007,13.97551290000007],[98.13345280000004,13.975380200000075]],[[98.13345280000004,13.975380200000075],[98.13326510000007,13.97514590000003]],[[98.13345280000004,13.975380200000075],[98.13378810000006,13.975377600000058],[98.13402680000007,13.975380200000075],[98.13438090000005,13.975330700000029],[98.13560660000007,13.975104300000055],[98.13604650000008,13.97505220000005],[98.13654270000006,13.974987100000021],[98.13671980000004,13.974984500000062],[98.13685920000006,13.974326000000076],[98.13690220000007,13.974076100000048],[98.13695580000007,13.973566000000062],[98.13706040000005,13.973102700000027],[98.13709800000004,13.973001200000056],[98.13715430000008,13.972959500000059],[98.13768540000007,13.972803400000032],[98.13777390000007,13.972759100000076],[98.13790530000006,13.972621200000049],[98.13814940000003,13.972280200000057],[98.13846590000009,13.97173360000005],[98.13873950000004,13.971192200000075],[98.13886820000005,13.970754900000031],[98.13887890000007,13.97059870000004],[98.13890040000007,13.970156300000042],[98.13905600000004,13.968480000000056],[98.13938040000005,13.964913300000035],[98.13943150000006,13.964351800000031],[98.13977210000007,13.960447300000055],[98.13977480000005,13.959528500000033],[98.13974800000005,13.958992300000034],[98.13968900000003,13.958607000000029],[98.13962730000009,13.95828940000007],[98.13962730000009,13.958156700000075],[98.13957360000006,13.958039600000063],[98.13955220000008,13.957912000000022],[98.13925180000007,13.956816100000026],[98.13910690000006,13.956259100000068],[98.13909080000008,13.956027400000039],[98.13912030000006,13.955741100000068],[98.13912300000004,13.955608300000051],[98.13910420000008,13.955392300000028],[98.13919010000006,13.954783200000065],[98.13927050000007,13.953976200000056],[98.13929200000007,13.953554500000052],[98.13920080000008,13.953205700000069],[98.13915520000006,13.952588800000058],[98.13922230000009,13.952026500000045],[98.13925180000007,13.95168810000007],[98.13924370000007,13.951446000000033],[98.13916060000008,13.95102170000007],[98.13912840000006,13.950902000000042],[98.13899700000007,13.949410400000033],[98.13900770000004,13.949030400000026],[98.13905060000008,13.948832500000037],[98.13917930000008,13.94841340000005],[98.13945830000006,13.947741800000074],[98.13964340000007,13.947528400000067],[98.13983380000008,13.947333100000037],[98.13998130000004,13.947203000000059],[98.14007790000005,13.946833300000037],[98.14016640000006,13.94641420000005],[98.14029510000006,13.945323500000029],[98.14038100000005,13.944508700000029],[98.14053650000005,13.94356380000005]],[[98.14058210000007,13.943308600000023],[98.14071890000008,13.942309000000023],[98.14088520000007,13.941012600000022],[98.14094160000008,13.940765300000066],[98.14108370000008,13.940288900000041],[98.14138410000004,13.939422100000058],[98.14156920000005,13.939062800000045],[98.14225580000004,13.937753400000076],[98.14244510000003,13.937482100000068],[98.14243150000004,13.937315300000023],[98.14234050000005,13.936775700000055],[98.14227460000006,13.935967600000026],[98.14227780000004,13.934830600000055],[98.14223440000006,13.934012500000051],[98.14224240000004,13.933700100000067],[98.14226140000005,13.933590800000047],[98.14228270000007,13.933468400000038],[98.14252410000006,13.93271610000005],[98.14288080000006,13.931877800000052],[98.14343060000004,13.930917200000067],[98.14381180000004,13.930384400000037],[98.14376870000007,13.92978510000006],[98.14377130000008,13.929331800000057],[98.14350310000003,13.927717700000073],[98.14341620000005,13.92703350000005],[98.14316110000004,13.925637600000073],[98.14301080000007,13.924726700000065],[98.14293880000008,13.924290600000063],[98.14272790000007,13.922624600000063],[98.14263560000006,13.92097240000004],[98.14252210000006,13.919229500000029],[98.14231720000004,13.918694500000072],[98.14224530000007,13.918573200000026],[98.14154510000009,13.917689400000029],[98.14122590000005,13.917347000000063],[98.14107020000006,13.917236400000036],[98.14107500000006,13.917100700000049],[98.14105590000008,13.91699740000007],[98.14101190000008,13.916840500000035],[98.14078060000008,13.916015300000026],[98.14053960000007,13.915295100000037],[98.14036330000005,13.914851000000056],[98.14005830000008,13.914137100000062],[98.13990260000008,13.913731600000062],[98.13982160000006,13.91339540000007],[98.13975330000005,13.913000700000055],[98.13948020000004,13.909457100000054],[98.13944670000006,13.908964400000059],[98.13937800000008,13.907752200000061],[98.13933680000008,13.90726660000007],[98.13906310000004,13.904946100000075],[98.13872330000004,13.902829600000075],[98.13869530000005,13.902666600000032],[98.13871090000004,13.902504800000031],[98.13882780000006,13.901936100000057],[98.13889490000008,13.901746500000058],[98.13910670000007,13.901340100000027],[98.13928550000008,13.901163500000052],[98.13946730000004,13.900983900000028],[98.13950860000006,13.90089910000006],[98.13952770000009,13.900812700000074],[98.13951980000007,13.900555200000042],[98.13943560000007,13.900225200000023],[98.13939740000006,13.899933800000042],[98.13940060000004,13.899591400000077],[98.13942450000008,13.89938630000006],[98.13944670000006,13.89933540000004],[98.13949750000006,13.899266100000034],[98.13962940000005,13.899187400000073],[98.14019330000008,13.898971500000073],[98.14039820000005,13.898923700000068],[98.14057770000005,13.898902100000043],[98.14082400000007,13.898923700000068],[98.14153880000003,13.899085600000035],[98.14190420000006,13.899205900000027],[98.14204080000007,13.899222500000064],[98.14235870000005,13.89921490000006],[98.14260800000005,13.899183100000073],[98.14287140000005,13.899115100000074],[98.14317680000005,13.898963800000047],[98.14332010000004,13.898833700000068],[98.14343080000003,13.89869150000004],[98.14364740000008,13.898095600000033],[98.14372370000007,13.898009400000035],[98.14380630000005,13.897959400000047],[98.14406030000004,13.897918600000025],[98.14414440000007,13.897874700000045],[98.14421770000007,13.897802100000035],[98.14427740000008,13.89765280000006],[98.14454330000007,13.896988300000032],[98.14483160000003,13.89622600000007],[98.14497340000008,13.89600820000004],[98.14509810000004,13.895872000000054],[98.14527260000006,13.895757100000026],[98.14565900000008,13.895551400000045],[98.14609070000006,13.895385000000033],[98.14654880000006,13.895233700000063],[98.14666410000007,13.895162600000049],[98.14679190000004,13.895044600000062],[98.14732010000006,13.894457700000032],[98.14754450000004,13.89423080000006],[98.14780160000004,13.894032700000025],[98.14794960000006,13.893952500000069],[98.14849500000008,13.893728600000031],[98.14860250000004,13.893640900000037],[98.14864770000008,13.893551700000046],[98.14867890000005,13.893404900000064],[98.14858230000004,13.892769600000065],[98.14858690000005,13.89260020000006],[98.14861810000008,13.892453500000045],[98.14892820000006,13.891577700000028],[98.14929750000005,13.890821300000027],[98.15000490000006,13.889083300000038],[98.15053780000005,13.887806600000033],[98.15097260000005,13.88675070000005],[98.15183270000006,13.884698000000071],[98.15191220000008,13.884451400000046],[98.15196360000004,13.884316800000022],[98.15211170000003,13.884032400000024],[98.15246070000006,13.883430400000066],[98.15275520000006,13.882993200000044],[98.15288920000006,13.882781400000056],[98.15317440000007,13.882218700000067],[98.15320550000007,13.882087100000035],[98.15321180000007,13.881935800000065],[98.15315720000007,13.881516800000043],[98.15316350000006,13.881209700000056],[98.15330210000008,13.880358000000058],[98.15339410000007,13.880075200000022],[98.15354240000005,13.879809200000068],[98.15362940000006,13.879653100000041],[98.15400650000004,13.879093400000045],[98.15412330000004,13.878884600000049],[98.15424800000005,13.878588100000059],[98.15426510000003,13.87847320000003],[98.15420120000005,13.877495900000042],[98.15422620000004,13.877362800000071],[98.15427290000008,13.877253900000028],[98.15476840000008,13.876657900000055],[98.15494300000006,13.876459700000055],[98.15516730000007,13.876136000000031],[98.15565350000008,13.875279800000044],[98.15669440000005,13.873413000000028],[98.15751400000005,13.871874500000047],[98.15765740000006,13.87151300000005],[98.15857360000007,13.870057700000075],[98.15876840000004,13.869706700000052],[98.15880110000006,13.869596300000069],[98.15880580000004,13.869470700000022],[98.15879960000007,13.869395100000077],[98.15875440000008,13.869324000000063],[98.15849420000006,13.869169700000043],[98.15828850000008,13.86914390000004],[98.15801270000009,13.869150000000047],[98.15768540000005,13.869195400000024],[98.15753900000004,13.869186300000024],[98.15742990000007,13.869131800000048],[98.15732700000007,13.869038000000046],[98.15727720000007,13.868886800000041],[98.15726470000004,13.86830580000003],[98.15725280000004,13.868169100000046],[98.15717120000005,13.867234800000062],[98.15714320000006,13.866426900000022],[98.15714630000008,13.86606080000007],[98.15719610000008,13.865486000000033],[98.15743440000006,13.863563500000055],[98.15753580000006,13.863289300000076],[98.15780700000005,13.862917200000027],[98.15822460000004,13.862414900000033],[98.15827760000008,13.862298400000043],[98.15842450000008,13.86148890000004],[98.15850660000007,13.861175900000035],[98.15860790000005,13.86082790000006],[98.15917200000007,13.85950420000006],[98.15956150000005,13.858723500000053],[98.16006020000003,13.858151700000064],[98.16010690000007,13.858039700000063],[98.16015050000004,13.857794600000034],[98.16019730000005,13.857343800000024],[98.16031260000005,13.855467800000042],[98.16035470000008,13.854936800000075],[98.16044190000008,13.85358130000003],[98.16051050000004,13.852882300000033],[98.16055100000005,13.852026000000023],[98.16060790000006,13.851129600000036],[98.16061800000006,13.850790700000061],[98.16066240000004,13.850324000000057],[98.16077380000007,13.848901800000021],[98.16097020000007,13.846115000000054],[98.16105740000006,13.84522540000006],[98.16120390000003,13.84432970000006],[98.16127250000005,13.84386980000005],[98.16134730000005,13.843603500000029],[98.16157160000006,13.843113300000027],[98.16189890000004,13.842390100000046],[98.16215130000006,13.841243200000065],[98.16240370000008,13.839757500000076],[98.16248170000006,13.839500300000054],[98.16266550000006,13.839067600000021],[98.16322030000003,13.838069000000075],[98.16360050000009,13.837448600000073],[98.16376250000008,13.837100700000065],[98.16389030000005,13.836785900000052],[98.16407680000003,13.836286700000073],[98.16412090000006,13.836168600000065],[98.16420820000008,13.835742000000039],[98.16432350000008,13.834791800000062],[98.16454790000006,13.833566200000064],[98.16481250000004,13.83247270000004],[98.16484540000005,13.832345100000055],[98.16522350000008,13.83060400000005],[98.16525310000009,13.83034230000004],[98.16525040000005,13.829936000000032],[98.16522630000009,13.829498400000034],[98.16515390000006,13.828878600000053],[98.16496340000003,13.827774300000044],[98.16487070000005,13.827184600000066],[98.16486170000007,13.82712730000003],[98.16483200000005,13.82693820000003],[98.16476770000008,13.826303400000029],[98.16473810000008,13.826011000000051],[98.16473220000006,13.82593920000005],[98.16471400000006,13.825716700000044],[98.16466300000008,13.825490100000025],[98.16459600000007,13.825281800000027],[98.16448870000005,13.825026500000035],[98.16440020000005,13.824773900000025],[98.16429020000004,13.82457850000003],[98.16378580000008,13.823999000000072],[98.16327140000004,13.823519000000033],[98.16298660000007,13.823195500000054],[98.16287400000004,13.823000200000024],[98.16274520000007,13.822708500000033],[98.16228390000003,13.821773500000063],[98.16215510000006,13.821343700000057],[98.16198620000006,13.820893100000035],[98.16173140000006,13.820460800000035],[98.16081140000006,13.818976200000066],[98.16037950000003,13.81830160000004],[98.16025610000008,13.817996900000026],[98.16018640000004,13.817788500000063],[98.16011670000006,13.81756450000006],[98.16004690000005,13.817238900000063],[98.16001740000007,13.816991500000029],[98.16000130000003,13.816561700000022],[98.16009790000004,13.815923600000076],[98.16016230000008,13.815454800000055],[98.16017300000004,13.815095300000053],[98.16015150000004,13.814681200000052],[98.16006300000004,13.813798200000065],[98.15999330000005,13.813457000000028],[98.15982700000006,13.812785000000076],[98.15962850000005,13.812019300000031],[98.15958020000005,13.811771800000031],[98.15954800000009,13.811555600000077],[98.15954270000003,13.81139410000003],[98.15960440000003,13.810136100000022],[98.15959360000005,13.809964200000024],[98.15956410000007,13.809781900000075],[98.15945150000005,13.80946410000007],[98.15925570000007,13.808865000000026],[98.15923960000003,13.808745200000033],[98.15923150000003,13.808497700000032],[98.15930660000004,13.807442800000047],[98.15932010000006,13.807060000000035],[98.15944080000008,13.806432200000074],[98.15948900000006,13.806119700000067],[98.15955610000003,13.805856600000027],[98.15965000000006,13.805606500000067],[98.15975460000004,13.805452800000069],[98.16006570000008,13.805106400000057],[98.16032050000007,13.804809500000033],[98.16038490000005,13.80467660000005],[98.16041170000005,13.804536000000041],[98.16040630000003,13.804215600000077],[98.16030980000005,13.802751700000044],[98.16027490000005,13.802543300000025],[98.16024010000007,13.802436600000021],[98.15995570000007,13.801941600000077],[98.15975730000008,13.801608200000032],[98.15968480000004,13.801399900000035],[98.15961240000007,13.801136800000052],[98.15957490000005,13.800847600000054],[98.15942470000005,13.799803100000076],[98.15941120000008,13.799451500000032],[98.15945950000008,13.799183200000073],[98.15958020000005,13.798586700000044],[98.15979750000008,13.797518700000069],[98.15981890000006,13.797315500000025],[98.15981630000005,13.797128000000043],[98.15962850000005,13.796385600000065],[98.15959680000003,13.796163400000069],[98.15957040000006,13.796020200000044],[98.15944610000008,13.795333300000038],[98.15934420000008,13.794700300000045],[98.15932270000008,13.794359100000065],[98.15934960000004,13.793733900000063],[98.15938710000006,13.793194700000072],[98.15944880000006,13.79161350000004],[98.15944080000008,13.791353000000072],[98.15939780000008,13.791030000000035],[98.15933350000006,13.78965990000006],[98.15929320000004,13.789355100000023],[98.15923680000009,13.789116700000022],[98.15886940000007,13.78843560000007],[98.15875950000009,13.78820890000003],[98.15871120000008,13.788013600000056],[98.15858780000008,13.787419600000021],[98.15849530000008,13.786820500000033],[98.15843890000008,13.786437600000056],[98.15838400000007,13.78557660000007],[98.15830220000004,13.784720900000025],[98.15824990000004,13.784077500000024],[98.15819490000007,13.783763600000043],[98.15812240000008,13.783475700000054],[98.15737550000006,13.781449100000032],[98.15691010000006,13.780189600000028],[98.15679610000007,13.779847000000075],[98.15660570000006,13.779356000000064],[98.15623820000008,13.778376500000036],[98.15611620000004,13.777940100000023],[98.15609070000005,13.777807300000063],[98.15607460000007,13.777499900000066],[98.15615640000004,13.776223400000049],[98.15623550000004,13.775436700000057],[98.15632130000006,13.774676000000056],[98.15642860000008,13.773066100000051],[98.15646880000008,13.772736500000065],[98.15653590000005,13.772524200000078],[98.15662980000008,13.772281900000053],[98.15686580000005,13.771859900000038],[98.15721450000007,13.771325900000022],[98.15732450000007,13.77110440000007],[98.15738080000006,13.770849100000078],[98.15747250000004,13.77030220000006],[98.15751490000008,13.770049400000062],[98.15764640000003,13.769478800000059],[98.15774830000004,13.768770200000063],[98.15781270000008,13.767485900000054],[98.15781000000004,13.766342200000054],[98.15786840000004,13.765898200000038],[98.15807820000003,13.76472700000005],[98.15809960000007,13.764476900000034],[98.15817210000006,13.76349220000003],[98.15817740000006,13.763226400000065],[98.15815870000006,13.763072700000066],[98.15812920000008,13.76296590000004],[98.15806750000007,13.762833100000023],[98.15784750000006,13.762468300000023],[98.15726280000007,13.761626800000045],[98.15690870000009,13.761069300000031],[98.15648760000005,13.760509200000058],[98.15597800000006,13.759771900000032],[98.15530480000007,13.75882880000006],[98.15507950000006,13.75845890000005],[98.15494270000005,13.75817230000007],[98.15453230000008,13.757015600000045],[98.15439820000006,13.756843600000025],[98.15428290000006,13.756739400000072],[98.15282100000007,13.75606330000005],[98.15254480000004,13.755918800000074],[98.15238920000007,13.75580670000005],[98.15226450000006,13.755681700000025],[98.15216930000008,13.755569600000058],[98.15200570000007,13.755331300000023],[98.15131900000006,13.754381600000045],[98.15088980000007,13.75370810000004],[98.15080940000007,13.75356880000004],[98.15057070000006,13.753032100000041],[98.15052780000008,13.752847100000054],[98.15046610000007,13.752216600000054],[98.15040980000003,13.751617400000043],[98.15035610000007,13.751328200000046],[98.15021930000006,13.75105730000007],[98.15020140000007,13.750944900000036],[98.14989480000008,13.750228800000059],[98.14971240000006,13.749890100000073],[98.14928590000005,13.74895470000007],[98.14922690000009,13.748811500000045],[98.14921350000009,13.748649900000032],[98.14922960000007,13.748470200000042],[98.14923830000004,13.748429100000067],[98.14936910000006,13.747816200000045],[98.14940660000008,13.747477500000059],[98.14939050000004,13.747026800000071],[98.14936370000004,13.746563000000037],[98.14932610000005,13.74630250000007],[98.14913570000004,13.745505200000025],[98.14897210000004,13.744827800000053],[98.14880850000009,13.744087900000068],[98.14878430000005,13.743926400000078],[98.14879240000005,13.743715300000076],[98.14883130000004,13.743149900000049],[98.14885140000007,13.743075700000077],[98.14892250000008,13.742903700000056],[98.14900290000008,13.742770900000039],[98.14908210000004,13.742601500000035],[98.14910890000004,13.742494700000066],[98.14912500000008,13.742381300000034],[98.14910890000004,13.74130660000003],[98.14911560000007,13.740806400000054],[98.14914780000004,13.740360800000076],[98.14919540000005,13.739301700000055],[98.14921480000004,13.738869200000067],[98.14925640000007,13.738281700000073],[98.14926180000003,13.737939100000062],[98.14924840000003,13.737705900000037],[98.14922420000005,13.737543000000073],[98.14917460000004,13.73737630000005],[98.14889300000004,13.736689700000056],[98.14885940000005,13.736532100000034],[98.14884740000008,13.736356200000046],[98.14885270000008,13.736143900000059],[98.14887020000003,13.736007100000052],[98.14889970000007,13.735607100000038],[98.14894260000005,13.734701700000073],[98.14898550000004,13.734051600000043],[98.14901900000007,13.733438000000035],[98.14904590000003,13.73323350000004],[98.14908210000004,13.73307200000005],[98.14912100000004,13.732927400000051],[98.14953000000008,13.73214310000003],[98.14962660000003,13.73202850000007],[98.14985990000008,13.73155550000007],[98.14990820000008,13.731487800000025],[98.14996180000009,13.731448700000044],[98.15002350000003,13.731424000000061],[98.15050770000005,13.731331500000067],[98.15061900000006,13.73130800000007],[98.15068200000007,13.731309900000042],[98.15074640000006,13.73134710000005],[98.15081750000007,13.731422700000053],[98.15086840000004,13.73145130000006],[98.15093010000004,13.73146040000006],[98.15103470000008,13.731429200000036],[98.15120770000004,13.731362700000034],[98.15127880000006,13.73130800000007],[98.15134990000007,13.731233800000041],[98.15141290000008,13.731130800000074],[98.15146520000008,13.73096540000006],[98.15154160000009,13.730644900000073],[98.15176020000007,13.730000000000075],[98.15179650000005,13.72985280000006],[98.15188360000008,13.72932650000007],[98.15191180000005,13.729110200000036],[98.15196680000008,13.728894000000025],[98.15206870000009,13.728357200000062],[98.15216660000004,13.72783480000004],[98.15222160000008,13.727557300000058],[98.15231680000005,13.727140400000053],[98.15241600000007,13.726551500000028],[98.15251530000006,13.72609170000004],[98.15252470000007,13.726036900000054],[98.15261720000007,13.725495000000024],[98.15269100000006,13.725201800000036],[98.15286800000007,13.724417500000072],[98.15289720000004,13.724257900000055],[98.15304100000009,13.723471700000061],[98.15320650000007,13.722652100000062],[98.15326770000007,13.722348700000055],[98.15333740000005,13.72195000000005],[98.15341380000007,13.721701200000041],[98.15351710000004,13.721524000000045],[98.15362440000007,13.721361100000024],[98.15548180000008,13.71926620000005],[98.15555420000004,13.719186700000023],[98.15595790000003,13.718742400000053],[98.15631870000004,13.718461000000048],[98.15683500000006,13.718265600000052],[98.15725610000004,13.718218700000023],[98.15811840000003,13.718299500000057],[98.15871920000006,13.71817180000005],[98.15925300000004,13.718121000000053],[98.15966340000006,13.718141800000069],[98.15980420000005,13.718074100000024],[98.15989000000008,13.717838200000074],[98.15984580000008,13.717511200000047],[98.16013950000007,13.716876700000057],[98.16021590000008,13.716072900000029],[98.16040100000004,13.715520500000025],[98.16149000000007,13.71362350000004],[98.16172470000004,13.713254800000072],[98.16194060000004,13.713051500000063],[98.16252260000005,13.712689300000022],[98.16294910000005,13.712578600000029],[98.16304430000008,13.71249000000006],[98.16524240000007,13.709351300000037],[98.16552130000008,13.709106400000053],[98.16576410000005,13.709063400000048],[98.16596390000007,13.708946100000048],[98.16602960000006,13.708860100000038],[98.16611540000008,13.708507000000054],[98.16621470000007,13.70830120000005],[98.16658210000008,13.707679700000028],[98.16656200000006,13.707576800000027],[98.16639570000007,13.707373500000074],[98.16640240000004,13.707175500000062],[98.16695360000006,13.706664700000033],[98.16735170000004,13.70602800000006],[98.16740960000004,13.705286200000046],[98.16758260000006,13.704855000000066],[98.16759470000005,13.704689500000029],[98.16737610000007,13.704443300000037],[98.16714810000008,13.703983300000061],[98.16708370000003,13.703617200000053],[98.16711190000007,13.702881000000048],[98.16721380000007,13.702633500000047],[98.16818340000003,13.701068700000064],[98.16834030000007,13.700624400000038],[98.16857640000006,13.699658900000031],[98.16858570000005,13.699483000000043],[98.16792730000009,13.696065300000043],[98.16795540000004,13.695833400000026],[98.16813920000004,13.695515500000056],[98.16824900000006,13.695154500000058],[98.16822100000007,13.694217700000024],[98.16825580000005,13.693734300000074],[98.16836580000006,13.69243780000005],[98.16852410000007,13.691463200000044],[98.16873730000003,13.691016200000035],[98.16889820000006,13.690799900000059],[98.16991080000008,13.689824000000044],[98.17036670000005,13.688569200000074],[98.17060280000004,13.688226500000042],[98.17093400000005,13.68802450000004],[98.17176550000005,13.687654500000065],[98.17222010000006,13.687584100000038],[98.17276730000003,13.687586700000054],[98.17290280000003,13.687634900000035],[98.17406950000009,13.688454500000034],[98.17411910000004,13.688451900000075],[98.17459660000009,13.687590600000021],[98.17472670000006,13.687126800000044],[98.17443830000008,13.686188600000037],[98.17436890000005,13.686073000000022],[98.17339900000007,13.684455600000035],[98.17326890000004,13.684042500000032],[98.17328500000008,13.683781900000042],[98.17351970000004,13.683284100000037],[98.17358270000005,13.682977900000026],[98.17360150000007,13.682542700000056],[98.17352370000003,13.682421500000032],[98.17323940000006,13.682275600000025],[98.17316960000005,13.682095700000048],[98.17325950000009,13.680628500000068],[98.17308650000007,13.679877900000065],[98.17271230000006,13.678724700000032],[98.17244680000005,13.67657470000006],[98.17231130000005,13.676291900000024],[98.17191440000005,13.675817600000073],[98.17190770000008,13.675657300000069],[98.17199480000005,13.67541360000007],[98.17230330000007,13.675017500000024],[98.17231400000009,13.674862400000052],[98.17218800000006,13.67437700000005],[98.17212600000005,13.674192700000049],[98.17211350000008,13.674118000000021],[98.17211210000005,13.674025800000038],[98.17211420000007,13.673955200000023],[98.17215020000003,13.673828100000037],[98.17220350000008,13.673688200000072],[98.17228380000006,13.67351130000003],[98.17243680000007,13.673238200000071],[98.17252260000004,13.67301690000005],[98.17254340000005,13.67292610000004],[98.17256690000005,13.672879600000044],[98.17263890000004,13.672825200000034],[98.17269290000007,13.672800300000063],[98.17277250000006,13.672793500000068],[98.17327790000007,13.672798900000032],[98.17361570000008,13.672749100000033],[98.17385800000005,13.672672500000033],[98.17405050000008,13.672555400000022],[98.17439380000008,13.672281000000055],[98.17453640000008,13.672048200000063],[98.17475520000005,13.671721300000058],[98.17498640000008,13.67136350000004],[98.17512760000005,13.670946400000048],[98.17524950000006,13.670655900000042],[98.17532980000004,13.670572400000026],[98.17559560000007,13.670400200000074],[98.17572300000006,13.670267100000046],[98.17579220000005,13.670135200000061],[98.17602070000004,13.669517700000029],[98.17611480000005,13.669252700000072],[98.17625880000008,13.668709200000023],[98.17639170000007,13.668271900000036],[98.17652050000004,13.667990800000041],[98.17659800000007,13.66776340000007],[98.17666030000004,13.667515900000069],[98.17674750000003,13.667069200000071],[98.17681120000003,13.666893000000073],[98.17691510000009,13.666750400000069],[98.17709490000004,13.66652920000007],[98.17730380000006,13.666180800000063],[98.17734050000007,13.666068400000029],[98.17735600000003,13.665984700000024],[98.17734190000004,13.665905100000032],[98.17726710000005,13.66575290000003],[98.17724870000006,13.665619900000024],[98.17725720000004,13.665392200000042],[98.17735460000006,13.665042400000061],[98.17758750000007,13.66420990000006],[98.17769900000008,13.663661300000058],[98.17773140000008,13.663360900000043],[98.17777100000006,13.663199100000043],[98.17787260000006,13.662987900000076],[98.17814080000005,13.66235830000005],[98.17818590000007,13.662175900000022],[98.17822830000006,13.661946900000032],[98.17835250000007,13.661547700000028],[98.17836380000006,13.661447600000031],[98.17835670000005,13.661320100000069],[98.17824240000004,13.660471100000052],[98.17814080000005,13.66019810000006],[98.17810970000005,13.660066400000062],[98.17808850000006,13.659812700000032],[98.17810130000004,13.659590500000036],[98.17809000000005,13.659468400000037],[98.17807580000004,13.659279200000071],[98.17808290000005,13.659180400000025],[98.17810830000008,13.659043200000042],[98.17817890000003,13.658832000000075],[98.17830030000005,13.658557700000074],[98.17860800000005,13.657915800000069],[98.17884910000004,13.657375600000023],[98.17894110000003,13.657202600000062],[98.17899760000006,13.657151800000065],[98.17906110000007,13.657109300000059],[98.17923190000005,13.65709970000006],[98.17963410000004,13.65704210000007],[98.18006460000004,13.656970800000067],[98.18039780000004,13.656962500000077],[98.18056040000005,13.656959500000028],[98.18077040000009,13.656955700000026],[98.18096240000006,13.656967300000076],[98.18111550000003,13.657005100000049],[98.18123900000006,13.657068200000026],[98.18130750000006,13.65711820000007],[98.18136110000006,13.657160700000077],[98.18140200000005,13.657123700000056],[98.18145210000006,13.657025600000054],[98.18152270000007,13.65670330000006],[98.18159570000006,13.656062000000077],[98.18156930000004,13.655913300000066],[98.18146490000004,13.655655400000057],[98.18135620000004,13.655492200000026],[98.18110630000007,13.655279600000028],[98.18075060000007,13.655051900000046],[98.18057420000008,13.654943600000024],[98.18051630000008,13.654881800000055],[98.18030460000006,13.654673400000036],[98.18024960000008,13.654645900000048],[98.18013380000008,13.654626700000051],[98.17996020000004,13.65463630000005],[98.17985010000007,13.654626700000051],[98.17969620000008,13.654573200000073],[98.17948310000008,13.65445120000004],[98.17940550000009,13.65437570000006],[98.17931800000008,13.65427150000005],[98.17920650000008,13.654101400000059],[98.17916130000003,13.65398760000005],[98.17911050000004,13.653858600000035],[98.17910620000004,13.653772200000049],[98.17911610000004,13.653699500000073],[98.17917260000007,13.653572000000054],[98.17923610000008,13.653470500000026],[98.17948310000008,13.653223600000047],[98.17974140000007,13.65302330000003],[98.17982190000004,13.65291080000003],[98.17988820000005,13.652765400000021],[98.17998420000004,13.652491100000077],[98.18006180000003,13.652282600000035],[98.18012250000004,13.651851900000054],[98.18014930000004,13.651713400000062],[98.18021290000007,13.651513200000068],[98.18025940000007,13.651424000000077],[98.18038650000005,13.651216900000065],[98.18043870000008,13.651070100000027],[98.18058550000006,13.650459700000056],[98.18057280000005,13.650252600000044],[98.18055870000006,13.65015660000006],[98.18044290000006,13.64976020000006],[98.18034130000007,13.649457100000063],[98.18025800000004,13.649330900000052],[98.18005760000005,13.649105900000052],[98.17991220000005,13.648996200000056],[98.17964970000008,13.648785000000032],[98.17954660000004,13.648665700000038],[98.17951280000005,13.64859430000007],[98.17949020000003,13.648518900000056],[98.17948170000005,13.648431100000039],[98.17947180000004,13.648090900000057],[98.17945490000005,13.647933200000068],[98.17938150000003,13.647649300000069],[98.17930100000007,13.647405100000071],[98.17922760000005,13.647261100000037],[98.17914430000008,13.647189800000035],[98.17901590000008,13.647037500000067],[98.17880280000008,13.64673440000007],[98.17865170000005,13.646589000000063],[98.17851910000007,13.64651630000003],[98.17838360000007,13.646475100000032],[98.17767780000008,13.646408700000052],[98.17735550000003,13.64639470000003],[98.17719720000008,13.64639610000006],[98.17704900000007,13.646369600000071],[98.17682880000007,13.646316400000046],[98.17624460000008,13.646231100000023],[98.17598560000005,13.64616680000006],[98.17586470000003,13.646117900000036],[98.17577410000007,13.646063300000037],[98.17545170000005,13.645867600000031],[98.17525600000005,13.64576690000007],[98.17494230000005,13.64555850000005],[98.17465600000008,13.64540610000006],[98.17456240000007,13.645385100000055],[98.17444440000008,13.645380900000077],[98.17411350000003,13.645429900000067],[98.17403430000007,13.645429900000067],[98.17394370000005,13.645404700000029],[98.17382710000004,13.645346000000075],[98.17352060000007,13.645127800000068],[98.17326010000005,13.64495160000007],[98.17310900000007,13.644790800000067],[98.17262410000006,13.644028700000035],[98.17250040000005,13.643802200000039],[98.17240680000003,13.643585400000063],[98.17233780000004,13.64334210000004],[98.17225290000005,13.643167300000073],[98.17218950000006,13.64308630000005],[98.17212050000006,13.643055400000037],[98.17200820000005,13.643034500000056],[98.17187300000006,13.64301910000006],[98.17172910000005,13.64303590000003],[98.17109160000007,13.643184100000042],[98.17080380000004,13.643214800000067],[98.17050450000005,13.643206500000076],[98.17047100000008,13.64320310000005],[98.17032320000004,13.643188300000077],[98.17015910000003,13.64313930000003],[98.17004260000004,13.643091800000036],[98.16982670000004,13.642958900000053],[98.16967420000003,13.642851300000075],[98.16960450000005,13.642822500000023],[98.16944250000006,13.642802300000028],[98.16925580000009,13.642801000000077],[98.16921600000006,13.642800700000066],[98.16865390000004,13.642796700000076],[98.16829420000005,13.642778600000042],[98.16818200000006,13.642760400000043],[98.16776750000008,13.642749200000026],[98.16763130000004,13.642733100000044],[98.16751000000005,13.642427600000076],[98.16741790000003,13.642331100000035],[98.16733730000004,13.642273700000032],[98.16720490000006,13.642213600000048],[98.16715450000004,13.642150700000059],[98.16710270000004,13.642003800000055],[98.16704800000008,13.641901800000028],[98.16690130000006,13.641669600000057],[98.16676460000008,13.641458500000056],[98.16666960000003,13.641381600000045],[98.16652280000005,13.641300500000057],[98.16594270000007,13.640998900000056],[98.16556590000005,13.640812400000073],[98.16480900000005,13.640450200000032],[98.16405640000005,13.640104800000074],[98.16365200000007,13.639910400000076],[98.16360740000005,13.639872700000069],[98.16358440000005,13.639818200000036],[98.16346500000009,13.63915110000005],[98.16332390000008,13.638523200000066],[98.16319010000007,13.637867400000061],[98.16318000000007,13.63776530000007],[98.16318000000007,13.637687000000028],[98.16320880000006,13.63760730000007],[98.16330810000005,13.63746320000007],[98.16341460000007,13.63719750000007],[98.16344340000006,13.637071700000035],[98.16342470000006,13.636764000000028],[98.16342900000006,13.636694100000057],[98.16345630000006,13.636540300000036],[98.16344050000004,13.636408800000027],[98.16339160000007,13.636273200000062],[98.16333110000005,13.63615290000007],[98.16326490000006,13.63593620000006],[98.16323040000003,13.63586760000004],[98.16307070000005,13.635702600000059],[98.16297140000006,13.635579600000028],[98.16288220000007,13.635378200000048],[98.16286310000004,13.635189100000048],[98.16284480000007,13.63484120000004],[98.16285770000007,13.634452400000043],[98.16288790000004,13.634318200000052],[98.16296420000003,13.634175500000026],[98.16312390000007,13.633989500000041],[98.16319160000006,13.633879100000058],[98.16323330000006,13.63379100000003],[98.16339820000007,13.633464400000037],[98.16351850000007,13.633274800000038],[98.16358160000004,13.63314360000004],[98.16369750000007,13.632982500000026],[98.16407010000006,13.632624600000042],[98.16435320000005,13.632271100000025],[98.16444710000007,13.632129900000052],[98.16454540000007,13.631890400000032],[98.16464810000008,13.631729300000075],[98.16484030000004,13.631471300000044],[98.16498990000008,13.631066400000066],[98.16499870000007,13.630990800000063],[98.16498550000006,13.630902400000025],[98.16479770000007,13.630566000000044],[98.16456890000006,13.630272300000058],[98.16440460000007,13.629995700000052],[98.16429600000004,13.629894500000034],[98.16421680000008,13.629769000000067],[98.16418460000006,13.62968440000003],[98.16412380000008,13.629524500000059],[98.16409540000006,13.629325300000062],[98.16409240000007,13.629178500000023],[98.16412230000009,13.628960500000062],[98.16411330000005,13.628485200000057],[98.16407590000006,13.628245400000026],[98.16401460000009,13.62810150000007],[98.16390090000004,13.627877700000056],[98.16373790000006,13.627635000000055],[98.16372000000007,13.627563800000075],[98.16372000000007,13.627501300000063],[98.16377080000007,13.627353000000028],[98.16377530000005,13.62706380000003],[98.16376630000008,13.626985300000058],[98.16368710000006,13.62683990000005],[98.16366760000005,13.626749800000027],[98.16365860000008,13.626523100000043],[98.16364070000009,13.626396600000021],[98.16359130000006,13.626302100000032],[98.16323690000007,13.625918400000046],[98.16313070000007,13.625761500000067],[98.16310080000005,13.625658300000055],[98.16307540000008,13.62541120000003],[98.16305290000008,13.625334100000032],[98.16295420000006,13.625199000000066],[98.16275680000007,13.625034700000072],[98.16270600000007,13.62495910000007],[98.16269250000005,13.62486320000005],[98.16270300000008,13.624746900000048],[98.16269100000005,13.624700400000052],[98.16265510000005,13.624671300000045],[98.16258480000005,13.624653900000055],[98.16232160000004,13.624630600000046],[98.16213620000008,13.624661200000048],[98.16180860000009,13.624758600000064],[98.16159780000004,13.62477750000005],[98.16138540000009,13.624768700000061],[98.16120140000004,13.624696100000051],[98.16114480000005,13.624701200000061],[98.16088590000004,13.624919900000066],[98.16082060000008,13.62502100000006],[98.16066900000004,13.625271600000076],[98.16058380000004,13.625319600000068],[98.16019120000004,13.625519500000053],[98.16009470000006,13.625541300000066],[98.16001320000004,13.62554780000005],[98.15992420000003,13.625538300000073],[98.15949350000005,13.625394500000027],[98.15939990000004,13.625342400000022],[98.15915700000005,13.625123400000064],[98.15903330000003,13.62503410000005],[98.15873130000006,13.624869300000057],[98.15862670000007,13.624782000000039],[98.15828610000005,13.624408000000074],[98.15806480000003,13.624173400000075],[98.15785690000007,13.624009100000023],[98.15775360000004,13.623990900000024],[98.15765840000006,13.623987000000056],[98.15747600000003,13.62407950000005],[98.15684040000008,13.624469200000021]]]},"geometry_name":"the_geom","properties":{"Road_Type":"Secondary","Sur_Type":"","Route":"","Remark":""}},{"type":"Feature","id":"mmr_rdsl_mimu_250k.1915","geometry":{"type":"MultiLineString","coordinates":[[[98.30408100000005,14.108265800000027],[98.30361370000008,14.109346000000073],[98.30337070000007,14.109988300000055],[98.30302540000008,14.110613700000044],[98.30273780000005,14.110938900000065],[98.30232260000008,14.111222300000065],[98.30206510000005,14.111438300000032],[98.30186870000006,14.111828600000024],[98.30184520000006,14.11224210000006],[98.30185320000004,14.112707700000044],[98.30139720000005,14.113202000000058],[98.30118750000008,14.113529800000038],[98.30101640000004,14.114068100000054],[98.30101040000005,14.114305000000058],[98.30111830000004,14.114669000000049],[98.30135170000005,14.115413000000046],[98.30098690000005,14.115725100000077],[98.30053630000003,14.115870800000039],[98.30055770000007,14.116661600000043],[98.30008560000005,14.11703620000003],[98.29969940000007,14.118305500000076],[98.29912010000004,14.118929800000046],[98.29828320000007,14.11999110000005],[98.29781110000005,14.121426900000074],[98.29703870000009,14.12357030000004],[98.29766090000004,14.12544310000004],[98.29755360000007,14.126608400000066],[98.29757510000007,14.127087000000074],[98.29819740000005,14.128418700000054],[98.29802570000004,14.12937590000007],[98.29856220000005,14.130229100000065],[98.29877670000008,14.130811700000038],[98.29849780000006,14.131810500000029],[98.29800430000006,14.132809300000076],[98.29755360000007,14.134640400000023],[98.29748930000005,14.135410300000046],[98.29585850000007,14.139051700000039],[98.29532200000006,14.14063310000006],[98.29401310000009,14.144919400000049],[98.29330500000003,14.146646300000043],[98.29330500000003,14.14766590000005],[98.29300460000007,14.148227700000064],[98.29216780000007,14.149455300000056],[98.28607380000005,14.154282400000056],[98.28570900000005,14.154698500000052],[98.28523690000009,14.155530700000043],[98.28300530000007,14.159463100000039],[98.28132170000003,14.164810200000034],[98.28122240000005,14.165075400000035],[98.28101990000005,14.165422600000056],[98.28057600000005,14.166161200000033],[98.28034670000005,14.166624100000035],[98.28017770000008,14.167001200000072],[98.28016160000004,14.167079200000046],[98.28015630000004,14.167144200000052],[98.28018170000007,14.167309400000022],[98.28035470000003,14.167993300000035],[98.28040570000007,14.168131200000062],[98.28046470000004,14.168230000000051],[98.28055920000008,14.168326100000058],[98.28068870000004,14.16843410000007],[98.28066180000008,14.168522600000074],[98.28061630000008,14.168586300000072],[98.28053580000005,14.16865260000003],[98.28036010000005,14.168738400000052],[98.28006770000007,14.168824200000074],[98.27960910000007,14.168962100000044],[98.27928720000006,14.169059600000026],[98.27900020000004,14.169164900000055],[98.27866630000005,14.169317100000058],[98.27841280000007,14.169491300000061],[98.27819880000004,14.169636800000035],[98.27810840000006,14.169711000000063],[98.27800240000005,14.16986060000005],[98.27794130000007,14.170032100000071],[98.27768060000005,14.170426200000065],[98.27745660000005,14.170865700000036],[98.27736410000006,14.171162200000026],[98.27727560000005,14.171392300000036],[98.27718570000008,14.171521100000064],[98.27704760000006,14.171621200000061],[98.27669750000007,14.171835700000031],[98.27659290000008,14.171892900000046],[98.27629790000003,14.172011300000065],[98.27616780000005,14.172030800000073],[98.27602300000007,14.172020400000065],[98.27538790000006,14.171842100000049],[98.27454910000006,14.171600400000045],[98.27433180000008,14.171514600000023],[98.27412400000009,14.171482000000026],[98.27387720000007,14.171474200000034],[98.27352850000005,14.17148990000004],[98.27319590000008,14.171500300000048],[98.27301620000009,14.171526300000039],[98.27282710000009,14.171580900000038],[98.27233090000004,14.171766800000057],[98.27209350000004,14.171840900000063],[98.27185620000006,14.171895500000062],[98.27122720000006,14.171925400000077],[98.27080200000006,14.171968400000026],[98.27067060000007,14.171964500000058],[98.27054320000008,14.171958000000075],[98.27008460000008,14.171883800000046],[98.26998930000008,14.17188770000007],[98.26988210000007,14.171916300000078],[98.26977610000006,14.171982700000058],[98.26927240000003,14.172591100000034],[98.26839610000007,14.17376530000007],[98.26765310000008,14.174714600000073],[98.26752980000003,14.17484200000007],[98.26739830000008,14.174953800000026],[98.26671030000006,14.175285400000064],[98.26613630000008,14.175631200000055],[98.26600630000007,14.175679400000035],[98.26586280000004,14.175702800000067],[98.26555560000008,14.175708000000043],[98.26504870000008,14.17570150000006],[98.26484890000006,14.17573660000005],[98.26457530000005,14.175791200000049],[98.26448690000007,14.175821300000052],[98.26439960000005,14.175851000000023],[98.26404150000008,14.176010900000051],[98.26384840000009,14.176068100000066],[98.26354530000003,14.176138300000048],[98.26317790000007,14.176182600000061],[98.26295260000006,14.176224200000036],[98.26281310000007,14.176269700000034],[98.26243090000008,14.17645820000007],[98.26232900000008,14.176484200000061],[98.26219350000008,14.176488100000029]],[[98.26206070000006,14.176481600000045],[98.26198830000004,14.17648550000007],[98.26183140000006,14.176550500000076],[98.26170400000007,14.176612900000066],[98.26084840000004,14.176867800000025],[98.26040580000006,14.17699390000007],[98.25996190000006,14.177087500000027],[98.25937990000006,14.177156400000058],[98.25885950000009,14.177183800000023],[98.25787650000007,14.177234500000054],[98.25750500000004,14.177234500000054],[98.25726360000004,14.177204600000039],[98.25701150000003,14.177134300000034],[98.25679820000005,14.177034200000037],[98.25659710000008,14.176932800000031],[98.25643210000004,14.176884700000073],[98.25618130000004,14.176809300000059],[98.25600160000005,14.176767700000028],[98.25586480000004,14.176709200000062],[98.25573470000006,14.176615500000025],[98.25558990000007,14.176446500000054],[98.25545580000005,14.176271000000042],[98.25516070000003,14.175970600000028],[98.25498640000006,14.17581720000004],[98.25458410000005,14.175492100000042],[98.25450090000004,14.175444000000027],[98.25435610000005,14.175347800000054],[98.25418980000006,14.175252900000032],[98.25414420000004,14.175217800000041],[98.25403560000007,14.175074700000039],[98.25395240000006,14.174978500000066],[98.25381830000003,14.17482380000007],[98.25373110000004,14.174767900000063],[98.25366140000006,14.174732800000072],[98.25341730000008,14.174639100000036],[98.25336630000004,14.174604000000045],[98.25332340000006,14.174554600000022],[98.25316120000008,14.174215200000049],[98.25292780000007,14.173754900000063],[98.25269580000008,14.173327200000074],[98.25260190000006,14.173190600000055],[98.25253890000005,14.173129500000073],[98.25239140000008,14.173025500000051],[98.25229350000006,14.172960500000045],[98.25221570000008,14.172874700000023],[98.25180800000004,14.172471600000051],[98.25152500000007,14.172215400000027],[98.25132650000006,14.172117900000046],[98.25121390000004,14.172065900000064],[98.25089070000007,14.171926700000029],[98.25053530000008,14.171805800000072],[98.25025900000009,14.17170180000005],[98.25003770000006,14.171636800000044],[98.24963810000008,14.171519800000056],[98.24932290000004,14.171376700000053],[98.24924780000003,14.171328600000038],[98.24921290000003,14.171288300000072],[98.24917000000005,14.17121160000005],[98.24907880000006,14.17095930000005],[98.24903320000004,14.170786400000054],[98.24887770000004,14.170358600000043],[98.24880660000008,14.17022860000003],[98.24873820000005,14.170115400000043],[98.24864570000005,14.17002830000007],[98.24856120000004,14.169975000000022],[98.24848470000006,14.169936000000064],[98.24828620000005,14.169880100000057],[98.24816150000004,14.16984240000005],[98.24795630000006,14.169783900000027],[98.24783430000008,14.16972400000003],[98.24768010000008,14.169625200000041],[98.24743600000005,14.16948350000007],[98.24725230000007,14.169393800000023],[98.24709940000008,14.169323600000041],[98.24696930000005,14.169268900000077],[98.24677750000006,14.169214300000021],[98.24660850000004,14.16917920000003],[98.24650390000005,14.169137600000056],[98.24639800000006,14.169073900000058],[98.24612840000003,14.168880200000046],[98.24594740000003,14.168729300000052],[98.24589370000007,14.168672100000038],[98.24579980000004,14.168538200000057],[98.24574220000005,14.168478400000026],[98.24567240000005,14.16842500000007],[98.24557860000004,14.168358700000056],[98.24549000000007,14.168314500000065],[98.24538010000003,14.168269000000066],[98.24509440000008,14.16818580000006],[98.24475910000007,14.168092200000046],[98.24425090000005,14.167949100000044],[98.24417710000006,14.167937400000028],[98.24411140000007,14.16794260000006],[98.24402150000009,14.167967300000043],[98.24349850000004,14.168215700000076],[98.24340730000006,14.16823910000005],[98.24297280000008,14.168345700000032],[98.24273000000005,14.168392500000039],[98.24261200000007,14.168395100000055],[98.24247520000006,14.16838210000003],[98.24234380000007,14.168363900000031],[98.24214670000003,14.16831970000004],[98.24203540000008,14.168278100000066],[98.24196560000007,14.168241700000067],[98.24178860000006,14.16813250000007],[98.24173500000006,14.168074000000047],[98.24165180000006,14.167955600000028],[98.24151500000005,14.167725500000074],[98.24144660000007,14.167648800000052],[98.24137420000005,14.167578500000047],[98.24103360000004,14.167258700000048],[98.24080290000006,14.166994700000032],[98.24073310000006,14.166941400000042],[98.24067680000007,14.166916700000058],[98.24061380000006,14.16690630000005],[98.24043940000007,14.166892000000075],[98.24030400000004,14.166837400000077],[98.24018600000005,14.166763200000048],[98.23999550000008,14.166648800000075],[98.23984400000006,14.166578600000037],[98.23969380000005,14.16652010000007],[98.23942290000008,14.166448600000024],[98.23929550000008,14.166443400000048],[98.23887570000005,14.166457700000024],[98.23865180000007,14.166453800000056],[98.23854580000005,14.166438200000073],[98.23845190000009,14.166431700000032],[98.23829640000008,14.166440800000032],[98.23812740000005,14.166472000000056],[98.23757890000007,14.166561700000045],[98.23725700000006,14.166589000000045],[98.23712160000008,14.166587700000036],[98.23700220000006,14.166568200000029],[98.23671250000007,14.166518800000063],[98.23603530000008,14.166404400000033],[98.23577110000008,14.166378300000076],[98.23551220000007,14.166328900000053],[98.23515550000008,14.166254800000047],[98.23494360000007,14.166230100000064],[98.23463380000004,14.166230100000064],[98.23445680000003,14.166239200000064],[98.23433470000003,14.166266500000063],[98.23421270000006,14.166301600000054],[98.23410000000007,14.166317200000037],[98.23386000000005,14.166325000000029],[98.23349120000006,14.166358800000069],[98.23323640000007,14.166412200000025],[98.23314790000006,14.166418700000065],[98.23304590000004,14.166413500000033],[98.23290240000006,14.166384900000025],[98.23250820000004,14.166265200000055],[98.23220770000006,14.166192400000057],[98.23183360000007,14.166097500000035],[98.23148350000008,14.165971300000024],[98.23118180000006,14.165866000000051],[98.23093770000008,14.165747700000054],[98.23061720000004,14.16556040000006],[98.23039190000009,14.165451200000064],[98.23030870000008,14.165430400000048],[98.23016520000004,14.165400500000032],[98.23001500000004,14.165369300000066],[98.22991180000008,14.16535760000005],[98.22978710000007,14.165379700000074],[98.22963280000005,14.16539270000004],[98.22939950000006,14.16542910000004],[98.22879460000007,14.165573400000028],[98.22853450000008,14.16568140000004],[98.22809190000004,14.165868600000067],[98.22793900000005,14.165927100000033],[98.22767350000004,14.165997400000037],[98.22747100000004,14.16604680000006],[98.22726850000004,14.166110500000059],[98.22712500000006,14.166179400000033],[98.22693720000007,14.166284700000062],[98.22676290000004,14.166435600000057],[98.22662610000003,14.16653180000003],[98.22648660000004,14.16660980000006],[98.22625460000006,14.166691700000058],[98.22568860000007,14.166902400000026],[98.22551440000007,14.166973400000074],[98.22536410000004,14.167011600000023],[98.22511600000007,14.167072700000062],[98.22488530000004,14.167111700000078],[98.22474320000003,14.167123400000037],[98.22459560000004,14.167114300000037],[98.22408200000007,14.16707400000007],[98.22398950000007,14.167051900000047],[98.22381510000008,14.166999900000064],[98.22367300000008,14.166979100000049],[98.22354820000004,14.166992100000073],[98.22345030000008,14.167022000000031],[98.22336180000008,14.167070100000046],[98.22329210000004,14.16713640000006],[98.22319420000008,14.167278200000055],[98.22312710000006,14.167468000000042],[98.22307350000005,14.167534300000057],[98.22294340000008,14.167651400000068],[98.22274890000006,14.167911400000037],[98.22268190000005,14.167976400000043],[98.22247670000007,14.16810780000003],[98.22241770000005,14.168166300000053],[98.22238680000004,14.168218300000035],[98.22235200000006,14.168305400000065],[98.22230500000006,14.168358700000056],[98.22224740000007,14.168399000000022],[98.22216020000008,14.168438000000037],[98.22203680000007,14.168469300000027],[98.22177800000009,14.168513500000074],[98.22160360000004,14.16851870000005],[98.22152050000005,14.168510900000058],[98.22144000000009,14.168484900000067],[98.22138370000005,14.168449800000076],[98.22130050000004,14.168389900000022],[98.22124290000005,14.168335300000024],[98.22117310000004,14.168241700000067],[98.22110070000008,14.168131200000062],[98.22107930000004,14.16808050000003],[98.22104710000008,14.167994600000043],[98.22101620000007,14.16795170000006],[98.22097060000004,14.167917900000077],[98.22086330000008,14.167869800000062],[98.22074000000003,14.167826900000023],[98.22051330000005,14.167704700000058],[98.21986150000004,14.167351000000053],[98.21976100000006,14.16732630000007],[98.21964830000007,14.167323700000054],[98.21954240000008,14.167331500000046],[98.21952710000005,14.167338500000028],[98.21942030000008,14.167334100000062],[98.21929020000005,14.167313300000046],[98.21908770000005,14.167263900000023],[98.21887980000008,14.167193600000076],[98.21872160000004,14.167120800000077],[98.21852980000006,14.16703240000004],[98.21845610000008,14.167002500000024],[98.21800410000009,14.166875100000027],[98.21792230000005,14.16683480000006],[98.21783780000004,14.166785300000072],[98.21758570000009,14.166507100000047],[98.21748240000005,14.16643300000004],[98.21737780000007,14.16637570000006],[98.21724640000008,14.166330200000061],[98.21712700000006,14.166269100000022],[98.21705860000009,14.166253500000039],[98.21699290000004,14.16625220000003],[98.21690040000004,14.16626130000003],[98.21677430000005,14.166283400000054],[98.21668980000004,14.166321100000062],[98.21657450000004,14.16639790000005],[98.21641620000008,14.166555200000062],[98.21630250000004,14.166612800000053],[98.21629290000004,14.166616300000044],[98.21603130000005,14.166821800000037],[98.21582750000005,14.166964800000073],[98.21564910000006,14.16710390000003],[98.21535340000008,14.167200800000046],[98.21523070000006,14.16711950000007],[98.21509930000008,14.167124700000045],[98.21475860000004,14.167234000000064],[98.21436970000008,14.167356200000029],[98.21386550000005,14.167530400000032],[98.21351680000004,14.167722900000058],[98.21322980000008,14.167990700000075],[98.21302590000005,14.168250800000067],[98.21287040000004,14.168630500000063],[98.21266650000007,14.169158400000072],[98.21248950000006,14.16967070000004],[98.21235810000007,14.170102400000076],[98.21224810000007,14.17047690000004],[98.21219180000008,14.17088780000006],[98.21215420000004,14.171257100000048],[98.21210060000004,14.171587400000021],[98.21200940000006,14.171688800000027],[98.21173040000008,14.171740800000066],[98.21128790000006,14.171798000000024],[98.21080510000007,14.171816200000023],[98.21020420000008,14.171837000000039],[98.20962490000005,14.171883800000046],[98.20893452600006,14.171964771000034]]]},"geometry_name":"the_geom","properties":{"Road_Type":"Tertiary","Sur_Type":"","Route":"","Remark":""}},{"type":"Feature","id":"mmr_rdsl_mimu_250k.1940","geometry":{"type":"MultiLineString","coordinates":[[[98.12396591300006,13.97818316100006],[98.12192520700006,13.97802383800007],[98.12060260700008,13.97795909100006],[98.12042593100006,13.977944113000035],[98.12027187800004,13.97788362700004],[98.12021651400005,13.977720993000048],[98.12031107400009,13.976512040000046],[98.11997040000006,13.976519100000075],[98.11986200000007,13.97651060000004],[98.11980190000008,13.976524100000063],[98.11965330000004,13.97656610000007],[98.11956940000005,13.97658350000006],[98.11950590000004,13.976598500000023],[98.11939250000006,13.97659660000005],[98.11927960000008,13.976634700000034],[98.11924580000004,13.976644600000043],[98.11913490000006,13.976726000000042],[98.11898810000008,13.97689760000003],[98.11896790000009,13.976925300000062],[98.11891610000004,13.976996500000041],[98.11889520000005,13.977063300000054],[98.11877530000004,13.977139000000022],[98.11866140000006,13.977176800000052],[98.11834370000008,13.977264000000048],[98.11816990000005,13.977313400000071],[98.11798110000007,13.97736580000003],[98.11779230000008,13.977415200000053],[98.11760950000007,13.977447200000029],[98.11742970000006,13.977467600000068],[98.11734280000007,13.977485000000058],[98.11710610000006,13.977487900000028],[98.11703710000006,13.977496700000074],[98.11698920000003,13.977496700000074],[98.11692030000006,13.977485000000058],[98.11645660000005,13.977436900000043],[98.11619830000006,13.977402600000062],[98.11606020000005,13.977371700000049],[98.11587620000006,13.97734760000003],[98.11564470000008,13.977315500000032],[98.11557890000006,13.977306400000032],[98.11527810000007,13.977251500000023],[98.11497720000006,13.977217100000075],[98.11440040000008,13.977151900000024],[98.11405710000008,13.977117500000077],[98.11381640000008,13.97710040000004],[98.11374910000006,13.977110700000026],[98.11365710000007,13.977158700000075],[98.11358280000007,13.977206800000033],[98.11342320000006,13.977218300000061],[98.11316130000006,13.977190800000074],[98.11289230000006,13.977170200000046],[98.11252420000005,13.97720460000005],[98.11219150000005,13.977218300000061],[98.11162530000007,13.977307600000074],[98.11144200000007,13.977330400000028],[98.11122670000003,13.97737120000005],[98.11095050000006,13.97744190000003],[98.11048440000008,13.977592000000072],[98.11027680000007,13.977654100000052],[98.11001170000009,13.977746300000035],[98.10987250000005,13.977782700000034],[98.10962950000004,13.977853500000037],[98.10932030000004,13.977945700000078],[98.10903970000004,13.978048600000022],[98.10874590000009,13.978121400000077],[98.10862880000008,13.97814500000004],[98.10853380000003,13.978181500000062],[98.10845210000008,13.978196500000024],[98.10837920000006,13.978187900000023],[98.10832180000006,13.978220000000022],[98.10828860000004,13.978271500000062],[98.10823560000006,13.978374400000064],[98.10818480000006,13.978455800000063],[98.10806770000005,13.978539400000045],[98.10791030000007,13.978625800000032]],[[98.10781880000008,13.978674900000044],[98.10775490000003,13.978700200000048],[98.10766570000004,13.97873240000007],[98.10754420000006,13.978833100000031],[98.10744700000004,13.978903900000034],[98.10734760000008,13.978970300000071],[98.10729240000006,13.979000300000052],[98.10724820000007,13.979019600000072],[98.10711560000004,13.979047500000036],[98.10700080000004,13.979090400000075],[98.10692120000004,13.979113900000073],[98.10686600000008,13.979118200000073],[98.10680860000008,13.979122500000074],[98.10676880000005,13.979152500000055],[98.10672020000004,13.979236100000037],[98.10669810000007,13.979283300000077],[98.10668930000008,13.979366900000059],[98.10668270000008,13.979478400000062],[98.10666940000004,13.979536200000041],[98.10663190000008,13.97960050000006],[98.10656780000005,13.979667000000063],[98.10648610000004,13.979761300000064],[98.10636680000005,13.97989640000003],[98.10628720000005,13.979977800000029],[98.10624090000005,13.980025000000069],[98.10620770000008,13.980067800000029],[98.10619450000007,13.980108600000051],[98.10620110000008,13.980200800000034],[98.10624530000007,13.980408700000055],[98.10626290000005,13.980509400000074],[98.10628060000005,13.980625200000077],[98.10628280000009,13.980777400000022],[98.10628060000005,13.980921000000023],[98.10625410000006,13.981109600000025],[98.10623860000004,13.981191100000046],[98.10620330000006,13.981341200000031],[98.10617020000007,13.98144620000005],[98.10610610000003,13.981602700000053],[98.10601770000005,13.981774200000075],[98.10595590000008,13.981922100000077],[98.10586310000008,13.98203570000004],[98.10581230000008,13.982117100000039],[98.10576150000009,13.982200700000021],[98.10570630000007,13.982282200000043],[98.10564880000004,13.982337900000061],[98.10554500000006,13.982451500000025],[98.10546110000007,13.982556600000066],[98.10542240000007,13.982606900000064],[98.10538370000006,13.982657300000028],[98.10530640000007,13.982749500000068],[98.10525820000004,13.98281970000005],[98.10519960000005,13.982957300000066],[98.10513940000004,13.983083300000033],[98.10509250000007,13.983169400000065],[98.10501420000008,13.983260500000029],[98.10489420000005,13.983377000000075],[98.10478720000003,13.983493400000043],[98.10468030000004,13.983612400000027],[98.10459160000005,13.983733900000061],[98.10447680000004,13.983855400000039],[98.10436980000009,13.983939000000078],[98.10423420000006,13.984073200000068],[98.10410110000004,13.984179500000039],[98.10403850000006,13.984242800000061],[98.10397590000008,13.98431370000003],[98.10390810000007,13.984369400000048],[98.10373330000004,13.984460500000068],[98.10356110000004,13.984526300000027],[98.10338890000008,13.984576900000036],[98.10330280000005,13.984627600000067],[98.10320110000004,13.984690900000032],[98.10309930000005,13.984741500000041],[98.10297670000006,13.984749100000045],[98.10286710000008,13.984731400000044],[98.10273150000006,13.98471870000003],[98.10251230000006,13.984716200000037],[98.10240010000007,13.984741500000041],[98.10230100000007,13.984771900000055],[98.10222530000004,13.984802200000047],[98.10214450000007,13.98488580000003],[98.10206620000008,13.984964300000058],[98.10196180000008,13.985012400000073],[98.10184970000006,13.985052900000028],[98.10173750000007,13.985083200000076],[98.10160440000004,13.985108600000046],[98.10141660000005,13.98512880000004],[98.10115830000007,13.985138900000038],[98.10095220000005,13.985166800000059],[98.10082700000004,13.98518960000007],[98.10069390000007,13.985227500000065],[98.10055570000009,13.985285800000042],[98.10036260000004,13.985366800000065],[98.10017830000004,13.985474800000077],[98.09998540000004,13.985617700000034],[98.09980270000005,13.985755500000039],[98.09971140000005,13.985854000000074],[98.09959460000005,13.985987000000023],[98.09952870000006,13.986065800000063],[98.09942720000004,13.986164300000041],[98.09931550000005,13.986188900000059],[98.09919880000007,13.986223400000029],[98.09909730000004,13.986326800000029],[98.09902120000004,13.986410500000034],[98.09897040000004,13.986518900000021],[98.09886380000006,13.986568100000056],[98.09871160000006,13.986602600000026],[98.09858470000006,13.986710900000048],[98.09841220000004,13.98686360000005],[98.09823450000005,13.987040900000068],[98.09812800000003,13.987159100000042],[98.09806710000004,13.987326500000052],[98.09802650000006,13.98742500000003],[98.09795030000004,13.987420100000065],[98.09789960000006,13.987341300000026],[98.09785390000008,13.98723780000006],[98.09772700000008,13.987109800000042],[98.09753420000004,13.986962100000028],[98.09739210000004,13.986907900000062],[98.09729560000005,13.986878300000058],[98.09724490000008,13.98690300000004],[98.09730580000007,13.98696700000005],[98.09742760000006,13.987085200000024],[98.09755950000005,13.987311700000078],[98.09761030000004,13.987405300000034],[98.09762550000005,13.987459400000034],[98.09755950000005,13.98748900000004],[98.09745800000007,13.987380700000074],[98.09734640000005,13.987247700000069],[98.09719410000008,13.987149200000033],[98.09706220000004,13.987095000000068],[98.09696070000007,13.987060600000063],[98.09688960000005,13.987055600000076],[98.09692010000003,13.987144300000068],[98.09705710000009,13.98727230000003],[98.09716370000007,13.987361000000021],[98.09723980000007,13.987469300000043],[98.09728040000005,13.987651500000027],[98.09726520000004,13.987833700000067],[98.09721950000005,13.987932200000046],[98.09712820000004,13.987996200000055],[98.09704190000008,13.988055300000042],[98.09694550000006,13.988114400000029],[98.09686930000004,13.988104600000042],[98.09682370000007,13.988065200000051],[98.09688960000005,13.987932200000046],[98.09688460000007,13.987828800000045],[98.09684900000008,13.987754900000027],[98.09676780000007,13.987661400000036],[98.09663590000008,13.98755790000007],[98.09653440000005,13.987508700000035],[98.09636690000008,13.987429900000052],[98.09621970000006,13.987336300000038],[98.09607260000007,13.98727230000003],[98.09591520000004,13.987242800000047],[98.09577820000004,13.987213200000042],[98.09564120000005,13.987232900000038],[98.09550920000004,13.987242800000047],[98.09539760000007,13.987257500000055],[98.09525040000005,13.98723780000006],[98.09515900000008,13.98723780000006],[98.09505250000007,13.987242800000047],[98.09492050000006,13.987292000000025],[98.09480890000003,13.98737570000003],[98.09470230000005,13.987464400000022],[98.09465660000006,13.98755790000007],[98.09456020000005,13.98760720000007],[98.09442820000004,13.987646600000062],[98.09419990000004,13.987690900000075],[98.09400190000008,13.987730300000067],[98.09386490000009,13.987754900000027],[98.09374820000005,13.987804200000028],[98.09365680000008,13.987937100000067],[98.09361120000005,13.988104600000042],[98.09357060000008,13.988237500000025],[98.09352490000003,13.988405000000057],[98.09353000000004,13.988513300000022],[98.09353000000004,13.988592100000062],[98.09346400000004,13.988582200000053],[98.09330160000007,13.98853790000004],[98.09311380000008,13.988464100000044],[98.09300220000006,13.98843450000004],[98.09287530000006,13.988478800000053],[98.09277380000003,13.988528100000053],[98.09266720000005,13.988572400000066],[98.09256570000008,13.988616700000023],[98.09241850000006,13.98865120000005],[98.09219520000005,13.988661000000036],[98.09196680000008,13.988675800000067],[98.09176890000003,13.988700400000027],[98.09155070000008,13.988794000000041],[98.09134770000009,13.98885800000005],[98.09119040000007,13.988936800000033],[98.09099240000006,13.989064900000074],[98.09087060000007,13.989217500000052],[98.09070820000005,13.989350500000057],[98.09049000000005,13.989517900000067],[98.09032760000008,13.989636100000041],[98.09019060000008,13.989783800000055],[98.09012460000008,13.989862600000038],[98.08992160000008,13.989961100000073],[98.08964250000008,13.990094100000022],[98.08938360000008,13.990217200000075],[98.08914510000005,13.99034030000007],[98.08904360000008,13.990404300000023],[98.08888120000006,13.990394500000036],[98.08876960000003,13.990409200000045],[98.08866300000005,13.990463400000067],[98.08853610000006,13.990468300000032],[98.08841940000008,13.990433900000028],[98.08831790000005,13.990493000000072],[98.08821130000007,13.990566800000067],[98.08816060000004,13.990685000000042],[98.08808440000007,13.99086230000006],[98.08805050000007,13.990910400000075],[98.08798010000004,13.990983800000038],[98.08790180000005,13.991029400000059],[98.08782620000005,13.99106480000006],[98.08768530000003,13.991110400000025],[98.08760180000007,13.99114080000004],[98.08748180000003,13.991199000000051],[98.08737740000004,13.991267300000061],[98.08727830000004,13.99133820000003],[98.08720000000005,13.991381300000057],[98.08714520000007,13.991416700000059],[98.08705650000007,13.99143440000006],[98.08699650000005,13.991424300000062],[98.08693910000005,13.991378700000041],[98.08691570000008,13.991330600000026],[98.08692090000005,13.991196500000058],[98.08691040000008,13.991087600000071],[98.08688700000005,13.990996500000051],[98.08684260000007,13.990935700000023],[98.08679040000004,13.990900300000021],[98.08669650000007,13.990872400000057],[98.08661300000006,13.990819300000055],[98.08653480000004,13.99074840000003],[98.08647480000008,13.990692700000068],[98.08641740000007,13.99065980000006],[98.08632870000008,13.990664800000047],[98.08622430000008,13.990700300000071],[98.08616950000004,13.990730700000029],[98.08613040000006,13.990745900000036],[98.08604690000004,13.990761000000077],[98.08593730000007,13.990738300000032],[98.08579910000003,13.990697800000078],[98.08573120000005,13.990685100000064],[98.08561910000009,13.990700300000071],[98.08549120000004,13.990753400000074],[98.08533210000007,13.990859800000067],[98.08523820000005,13.99095090000003],[98.08509730000009,13.991102800000021],[98.08505030000003,13.991145800000027],[98.08497990000006,13.991247100000066],[98.08494600000006,13.991381300000057],[98.08493810000004,13.991459700000064],[98.08488340000008,13.991528100000039],[98.08479730000005,13.99168000000003],[98.08473730000009,13.991801500000065],[98.08469030000003,13.991890100000035],[98.08462510000004,13.991925500000036],[98.08454940000007,13.991935600000033],[98.08446070000008,13.99193820000005],[98.08439810000004,13.991978700000061],[98.08437460000005,13.992087500000025],[98.08437720000006,13.992150800000047],[98.08439030000005,13.992219200000022],[98.08437980000008,13.99227490000004],[98.08433550000007,13.992323000000056],[98.08428330000004,13.992368500000055],[98.08417640000005,13.992386200000055],[98.08406420000006,13.992406500000072],[98.08399630000008,13.992447000000027],[98.08395720000004,13.992502700000045],[98.08392330000004,13.992581200000075],[98.08388160000004,13.99265710000003],[98.08385290000007,13.992687500000045],[98.08380590000007,13.992687500000045],[98.08376680000003,13.992672300000038],[98.08372240000006,13.992611500000066],[98.08368070000006,13.992573600000071],[98.08360760000005,13.99255080000006],[98.08349020000009,13.992543200000057],[98.08342500000003,13.992538100000047],[98.08335720000008,13.992563400000051],[98.08331020000008,13.992609000000073],[98.08328930000005,13.992690000000039],[98.08326850000003,13.992763400000058],[98.08323460000008,13.992809000000022],[98.08319540000008,13.99282160000007],[98.08312760000007,13.992816600000026],[98.08309630000008,13.992766000000074],[98.08303890000008,13.99270770000004],[98.08297370000008,13.992654600000037],[98.08291110000005,13.99261910000007],[98.08285370000004,13.992614100000026],[98.08277540000006,13.992652000000021],[98.08266320000007,13.992725500000063],[98.08256930000005,13.992786200000069],[98.08245190000008,13.992867200000035],[98.08237620000006,13.99291530000005],[98.08233190000004,13.992973500000062],[98.08227190000008,13.993041900000037],[98.08223540000006,13.993097600000056],[98.08217270000006,13.993125400000054],[98.08206320000005,13.99314060000006],[98.08196660000004,13.993181100000072],[98.08187270000008,13.99321660000004],[98.08179710000007,13.993249500000047],[98.08172660000008,13.993295000000046],[98.08166920000008,13.993371000000025],[98.08163530000007,13.993472200000042],[98.08162490000007,13.993578600000035],[98.08163010000004,13.993654500000048],[98.08157530000005,13.99371270000006],[98.08150750000004,13.993740600000024],[98.08143440000003,13.99380130000003],[98.08139790000007,13.993846900000051],[98.08136920000004,13.99392030000007],[98.08130660000006,13.994019000000037],[98.08123620000003,13.99410510000007],[98.08116570000004,13.994153200000028],[98.08106400000008,13.994221500000037],[98.08098310000008,13.994297500000073],[98.08092830000004,13.994355700000028],[98.08088660000004,13.994421500000044],[98.08082920000004,13.994467100000065],[98.08073270000006,13.994484800000066],[98.08062570000004,13.994494900000063],[98.08055520000005,13.994520200000068],[98.08049000000005,13.994568300000026],[98.08044050000007,13.994624000000044],[98.08037000000007,13.994745500000022],[98.08032310000004,13.994905000000074],[98.08029960000005,13.995064500000069],[98.08028370000005,13.995147100000054],[98.08023990000004,13.995267200000058],[98.08019260000003,13.995363100000077],[98.08017540000009,13.995421500000077],[98.08020550000003,13.99550910000005],[98.08030010000004,13.995684200000028],[98.08036020000009,13.99577590000007],[98.08040750000004,13.995867700000076],[98.08038170000003,13.996055300000023],[98.08033870000008,13.996213700000055],[98.08026140000004,13.996284600000024],[98.08015400000005,13.99631800000003],[98.07997780000005,13.996401400000025],[98.07984030000006,13.996609900000067],[98.07978870000005,13.996755800000074],[98.07975000000005,13.99697260000005],[98.07971130000004,13.997093500000062],[98.07964260000006,13.997176900000056],[98.07954800000005,13.997247800000025],[98.07951370000006,13.997322900000029],[98.07954370000004,13.997435500000051],[98.07957810000005,13.997585600000036],[98.07955660000005,13.997731500000043],[98.07950510000006,13.997819100000072],[98.07942770000005,13.997906600000022],[98.07938470000005,13.998044200000038],[98.07938900000005,13.998252700000023],[98.07943200000005,13.998502900000062],[98.07945780000006,13.998769800000048],[98.07944060000005,13.998944900000026],[98.07936760000007,13.999207600000034],[98.07928160000006,13.999416000000053],[98.07917850000007,13.99951610000005],[98.07909680000006,13.999632900000051],[98.07901520000007,13.999849700000027],[98.07889060000008,14.00008740000004],[98.07880030000007,14.000187400000073],[98.07860690000007,14.000279200000023],[98.07841360000003,14.000350000000026],[98.07823310000003,14.000454300000058],[98.07807840000004,14.000641900000062],[98.07801390000009,14.000717000000066],[98.07783770000003,14.00080870000005],[98.07779480000005,14.00097130000006],[98.07779480000005,14.001067200000023],[98.07769590000004,14.001234000000068],[98.07755840000004,14.001592600000038],[98.07743380000005,14.001834400000064],[98.07739080000005,14.002038700000071],[98.07737360000004,14.002305600000057],[98.07737360000004,14.002397300000041],[98.07729630000006,14.002539100000035],[98.07723610000005,14.002697500000068],[98.07718880000004,14.002901800000075],[98.07712010000006,14.003047800000047],[98.07706420000005,14.003139500000032],[98.07690950000006,14.003206200000022],[98.07678920000006,14.003206200000022],[98.07669470000008,14.003206200000022],[98.07652280000008,14.00322710000006],[98.07640240000006,14.003235400000051],[98.07635090000008,14.003314600000067],[98.07632080000008,14.00346890000003],[98.07623480000007,14.003598200000056],[98.07614890000008,14.003681500000027],[98.07599850000008,14.00374830000004],[98.07586960000003,14.003798300000028],[98.07569770000003,14.003894200000047],[98.07540120000004,14.004019300000039],[98.07520350000004,14.004102700000033],[98.07498430000004,14.004219400000068],[98.07491900000008,14.004296900000043],[98.07481860000007,14.004360600000041],[98.07464190000007,14.004428100000041],[98.07448430000005,14.004511900000068],[98.07440530000008,14.004609600000038],[98.07432740000007,14.004735700000026],[98.07429710000008,14.004883200000052],[98.07427130000008,14.004975200000047],[98.07418340000004,14.005069800000058],[98.07412700000003,14.005120100000056],[98.07407310000008,14.00518070000004],[98.07402660000008,14.00524480000007],[98.07398730000006,14.00533740000003],[98.07388290000006,14.005407500000047],[98.07382460000008,14.00547320000004],[98.07377750000006,14.005524300000047],[98.07377640000004,14.005634800000053],[98.07380000000006,14.005733000000077],[98.07371740000008,14.005801100000042],[98.07362210000008,14.005878900000027],[98.07354440000006,14.005910400000062],[98.07342540000008,14.005923400000029],[98.07328520000004,14.005914000000075],[98.07315630000005,14.005902100000071],[98.07300870000006,14.005975200000023],[98.07291580000003,14.006078900000034],[98.07287230000009,14.006213900000034],[98.07282230000004,14.006331400000022],[98.07277190000008,14.00642700000003],[98.07270250000005,14.00651270000003],[98.07253060000005,14.00655020000005],[98.07242750000006,14.006516800000043],[98.07233720000005,14.006445900000074],[98.07223840000006,14.006366700000058],[98.07222120000006,14.006233300000076],[98.07218690000008,14.006167300000072],[98.07217210000005,14.006119900000044],[98.07207080000006,14.00605820000004],[98.07198720000008,14.006058500000051],[98.07185180000005,14.006122100000027],[98.07169900000008,14.006208400000048],[98.07162580000005,14.006249800000035],[98.07150920000004,14.006322300000022],[98.07140190000007,14.00639730000006],[98.07135800000003,14.006511500000045],[98.07126690000007,14.006610700000067],[98.07111300000008,14.006707100000028],[98.07107940000009,14.006736700000033],[98.07099200000005,14.006741500000032],[98.07087400000006,14.006826200000035],[98.07075230000004,14.006962000000044],[98.07066480000003,14.007056600000055],[98.07051090000004,14.007154800000023],[98.07041630000003,14.007209000000046],[98.07031320000004,14.007254800000055],[98.07023580000003,14.007271500000058],[98.07010260000004,14.007284000000027],[98.06994790000005,14.00730070000003],[98.06986200000006,14.007321500000046],[98.06964990000006,14.007359000000065],[98.06965780000007,14.007519800000068],[98.06963910000007,14.007764500000064],[98.06960680000009,14.008022100000062],[98.06967660000004,14.008376000000055],[98.06967120000007,14.008742900000072],[98.06975970000008,14.009214000000043],[98.06978250000009,14.009623900000065],[98.06987910000004,14.009777400000075],[98.07002390000008,14.009925700000053],[98.07013660000007,14.010006400000066],[98.07024520000004,14.010235400000056],[98.07034710000005,14.010446200000047],[98.07037660000003,14.010568600000056],[98.07032030000005,14.010641400000054],[98.07025590000006,14.010867800000028],[98.07018620000008,14.01112020000005],[98.07015660000008,14.011220700000024],[98.07012180000004,14.011338900000055],[98.07006290000004,14.011505400000033],[98.07007870000007,14.011729600000024],[98.07056580000005,14.011802400000022],[98.07105290000004,14.011839400000042],[98.07130470000004,14.011771100000033],[98.07149660000005,14.01168320000005],[98.07182260000008,14.011745000000076],[98.07191490000008,14.011762600000054],[98.07216170000004,14.011751600000025],[98.07223770000007,14.011739100000057],[98.07238060000009,14.01171560000006],[98.07282480000003,14.011658200000056],[98.07296500000007,14.011633200000063],[98.07307410000004,14.011696700000073],[98.07340620000008,14.01181020000007],[98.07360100000005,14.012023900000031],[98.07366640000004,14.012119900000073],[98.07371740000008,14.012237000000027],[98.07379270000007,14.012489800000026],[98.07399840000005,14.01299860000006],[98.07418400000006,14.01346170000005],[98.07439330000005,14.013750300000027],[98.07465440000004,14.013887600000032],[98.07511250000005,14.014023100000031],[98.07545100000004,14.014315100000033],[98.07575940000004,14.01454160000003],[98.07612900000004,14.014515300000028],[98.07625270000005,14.014660900000024],[98.07621920000008,14.01492410000003],[98.07600880000007,14.014970600000026],[98.07604010000006,14.015160700000024],[98.07615840000005,14.015437100000042],[98.07647470000006,14.015525100000048],[98.07656940000004,14.015734000000066],[98.07671610000006,14.015998700000068],[98.07703360000005,14.016311100000053],[98.07709160000007,14.016904300000022],[98.07695760000007,14.017610200000036],[98.07697360000009,14.017731900000058],[98.07714450000003,14.017892700000061],[98.07750900000008,14.019119400000022],[98.07746920000005,14.019810000000064],[98.07713550000005,14.020393700000056],[98.07708830000007,14.020740200000034],[98.07786540000006,14.02166550000004],[98.07816290000005,14.022537900000032],[98.07805010000004,14.023203800000033],[98.07778090000005,14.024062900000047],[98.07761430000005,14.02454240000003],[98.07722520000004,14.02484030000005],[98.07694770000006,14.024993600000073],[98.07652650000006,14.025021200000026],[98.07620420000006,14.025320100000044],[98.07601940000006,14.02558300000004],[98.07574770000008,14.025942200000031],[98.07551350000006,14.026927300000068],[98.07550250000008,14.027284100000031],[98.07529890000006,14.02760950000004],[98.07480760000004,14.027921000000049],[98.07423750000004,14.028274200000055],[98.07384910000007,14.028737700000022],[98.07355680000006,14.02956000000006],[98.07309060000006,14.029904200000033],[98.07269320000006,14.030684200000053],[98.07230160000006,14.03102380000007],[98.07192920000006,14.031794000000048],[98.07211220000005,14.032220600000073],[98.07177290000004,14.032656300000042],[98.07144720000008,14.033338800000024],[98.07108980000004,14.03373780000004],[98.07066170000007,14.034470600000077],[98.07043600000009,14.035559000000035],[98.07028100000008,14.036939000000075],[98.07038510000007,14.038031500000045],[98.07072340000008,14.038811800000076],[98.07091700000007,14.039812900000072],[98.07129760000004,14.040361700000062],[98.07200190000003,14.040856700000063],[98.07251180000009,14.041428500000052],[98.07287170000006,14.041991900000028],[98.07327070000008,14.042202300000042],[98.07496100000009,14.044380200000035],[98.07518770000007,14.045197200000075],[98.07575120000007,14.046232800000041],[98.07580850000005,14.046696000000054],[98.07614570000004,14.047244800000044],[98.07602860000009,14.04796790000006],[98.07642490000006,14.049414800000022],[98.07650350000006,14.050214100000062],[98.07704790000008,14.051236200000062],[98.07719400000008,14.052572100000077],[98.07689960000005,14.053485500000022],[98.07693780000005,14.054375400000026],[98.07701120000007,14.055176300000028],[98.07703400000008,14.056076800000028],[98.07736260000007,14.056726000000026],[98.07797150000005,14.056880900000067],[98.07838440000006,14.056872800000065],[98.07863670000006,14.057015300000046],[98.07900720000004,14.057293600000037],[98.07935610000004,14.057642300000055],[98.07958900000006,14.057850400000063],[98.07993640000007,14.057921500000077],[98.08033150000006,14.057761300000038],[98.08074450000004,14.05768050000006],[98.08078740000008,14.057759800000042],[98.08087930000005,14.057964300000037],[98.08089400000006,14.058016300000077],[98.08073680000007,14.058257400000059],[98.08056820000007,14.05855790000004],[98.08046840000009,14.058954400000061],[98.08045750000008,14.059473800000035],[98.08048080000003,14.060070500000052],[98.08055660000008,14.06072910000006],[98.08057910000008,14.060925100000077],[98.08059680000008,14.061224400000071],[98.08056150000004,14.061658600000044],[98.08047780000004,14.061825200000044],[98.08044910000007,14.062001000000066],[98.08041320000007,14.062100000000044],[98.08091640000004,14.062341900000035],[98.08140720000006,14.06245640000003],[98.08166290000008,14.062522900000033],[98.08185790000005,14.062573500000042],[98.08229140000003,14.06275800000003],[98.08249840000008,14.063313100000073],[98.08239970000005,14.063645500000064],[98.08235250000007,14.06401690000007],[98.08229770000008,14.064436400000034],[98.08228430000008,14.064655000000073],[98.08233120000006,14.06484370000004],[98.08269720000004,14.065127500000074],[98.08307290000005,14.065287200000057],[98.08324190000008,14.065328800000032],[98.08335070000004,14.065395100000046],[98.08341680000007,14.065625300000022],[98.08340010000006,14.06595070000003],[98.08338830000008,14.066166700000053],[98.08349000000004,14.06662190000003],[98.08357580000006,14.06699130000004],[98.08364880000005,14.067314600000032],[98.08372580000008,14.067711600000052],[98.08397680000007,14.06805550000007],[98.08424500000007,14.068438000000071],[98.08433620000005,14.068664300000023],[98.08437320000007,14.069115200000056],[98.08454540000008,14.069697200000064],[98.08462050000009,14.070313800000065],[98.08474590000009,14.070896900000037],[98.08487530000008,14.071177600000055],[98.08495850000008,14.071302500000058],[98.08504040000008,14.071334000000036],[98.08540760000005,14.071412300000077],[98.08600460000008,14.07148200000006],[98.08660040000007,14.071544200000062],[98.08758440000008,14.072041400000046],[98.08811550000007,14.072252100000071],[98.08833810000004,14.072377000000074],[98.08852510000008,14.072551000000033],[98.08963090000003,14.074721100000033],[98.09076800000008,14.077165900000068],[98.09118110000009,14.077745600000071],[98.09228410000009,14.077762200000052],[98.09308440000007,14.077426100000025],[98.09417870000004,14.07704730000006],[98.09473280000003,14.076608600000043],[98.09477260000006,14.075860900000066],[98.09441960000004,14.07465060000004],[98.09441690000006,14.073427300000048],[98.09429090000003,14.072470900000042],[98.09429790000007,14.072327500000029],[98.09437120000007,14.07214870000007],[98.09466130000004,14.071898400000066],[98.09486390000006,14.071817600000031],[98.09506050000005,14.071806200000026],[98.09566650000005,14.072142100000065],[98.09585750000008,14.072247900000036],[98.09632030000006,14.07238220000005],[98.09654150000006,14.072334600000033],[98.09674170000005,14.072311300000024],[98.09696310000004,14.07222020000006],[98.09747370000008,14.07203620000007],[98.09801910000004,14.071847500000047],[98.09871760000004,14.072021900000038],[98.09964780000007,14.071983400000022],[98.09967570000003,14.072618700000078],[98.09963550000003,14.072993600000075],[98.09953630000007,14.073175700000036],[98.09945120000003,14.073427700000025],[98.09948270000007,14.073849500000051],[98.09953630000007,14.074083700000074],[98.09954960000005,14.074185400000033],[98.09965700000004,14.074291800000026],[98.09981620000008,14.074321700000041],[98.10032220000005,14.074330900000064],[98.10073410000007,14.074398200000076],[98.10099010000005,14.074401100000046],[98.10123770000007,14.074382100000037],[98.10151460000009,14.074548100000072],[98.10155870000006,14.074679500000059],[98.10163380000006,14.074757500000032],[98.10191270000007,14.075137400000074],[98.10215340000008,14.075540100000069],[98.10250130000009,14.078464200000042],[98.10267170000009,14.080103700000052],[98.10329500000006,14.08169380000004],[98.10330380000005,14.08189580000004],[98.10274360000005,14.083893700000033],[98.10255960000006,14.084399500000075],[98.10234640000004,14.084651400000041],[98.10232370000006,14.084818900000073],[98.10246350000006,14.085302700000057],[98.10241430000008,14.08633670000006],[98.10386060000008,14.087961300000075],[98.10387860000009,14.088095400000043],[98.10375000000005,14.08840820000006],[98.10359180000006,14.088912900000025],[98.10346840000005,14.089305700000068],[98.10338610000008,14.089743200000044],[98.10329600000006,14.090690900000027],[98.10305200000005,14.091453600000023],[98.10283000000004,14.092115300000046],[98.10250100000007,14.092753900000048],[98.10248140000004,14.093405700000062],[98.10253500000005,14.09376990000004],[98.10255110000008,14.093967600000042],[98.10253030000007,14.094117600000061],[98.10227220000007,14.094474900000023],[98.10192080000007,14.094816000000037],[98.10146750000007,14.095164300000022],[98.10122880000006,14.09531510000005],[98.10101600000007,14.095479700000055],[98.10094710000004,14.095609100000047],[98.10092560000004,14.09580950000003],[98.10092300000008,14.096072100000072],[98.10093180000007,14.096232500000042],[98.10109390000008,14.096949400000028],[98.10118790000007,14.097257100000036],[98.10127250000005,14.097574800000075],[98.10131610000008,14.097834500000033],[98.10133870000004,14.098044100000038],[98.10139540000006,14.098186700000042],[98.10163550000004,14.098758100000055],[98.10174910000006,14.098949300000072],[98.10187380000008,14.099108000000058],[98.10201240000004,14.099220400000036],[98.10210320000004,14.099294000000043],[98.10256420000007,14.099693500000058],[98.10281660000004,14.099930100000051],[98.10304730000007,14.100221000000033],[98.10323620000008,14.100860800000078],[98.10346090000007,14.10130010000006],[98.10363740000008,14.101691200000062],[98.10379130000007,14.102190800000074],[98.10397490000008,14.10249820000007],[98.10430390000005,14.102812400000062],[98.10453260000008,14.103105000000028],[98.10493150000008,14.103693000000021],[98.10505900000004,14.103931000000046],[98.10515500000008,14.104224200000033],[98.10515890000005,14.104307900000038],[98.10516890000008,14.104524100000049],[98.10512930000004,14.104647800000066],[98.10504820000006,14.104755600000033],[98.10479810000004,14.104884500000026],[98.10439520000006,14.105070600000033],[98.10421940000003,14.105249900000047],[98.10410530000007,14.105464200000029],[98.10398880000008,14.105624500000033],[98.10378270000007,14.105736200000024],[98.10346980000008,14.105849500000033],[98.10335570000007,14.105961600000057],[98.10317070000008,14.106401000000062],[98.10301180000005,14.106880100000069],[98.10299230000004,14.107372600000076],[98.10300200000006,14.107421900000077],[98.10304600000006,14.107645700000035],[98.10300560000007,14.107859400000052],[98.10293870000004,14.108259600000054],[98.10293870000004,14.10870570000003],[98.10302150000007,14.109274700000071],[98.10307410000007,14.10986070000007],[98.10310110000006,14.109951500000022],[98.10319220000008,14.110257400000023],[98.10311980000006,14.110918000000026],[98.10281540000005,14.112450100000046],[98.10280090000003,14.113715200000058],[98.10302420000005,14.114381000000037],[98.10299100000003,14.114778400000034],[98.10286530000008,14.115189500000042],[98.10278850000003,14.115940800000033],[98.10290240000006,14.11645610000005],[98.10338070000006,14.116962100000023],[98.10338070000006,14.117594600000075],[98.10355460000005,14.118297400000074],[98.10342410000004,14.119267200000024],[98.10364150000004,14.119984000000045],[98.10446770000004,14.121220900000026],[98.10507640000009,14.121923700000025],[98.10530830000005,14.122570300000064],[98.10583000000008,14.123259000000076],[98.10610870000005,14.12339970000005],[98.10652570000008,14.123610400000075],[98.10729390000006,14.124074200000052],[98.10739150000006,14.124855100000048],[98.10746780000005,14.125465700000063],[98.10704750000008,14.126224600000057],[98.10667070000005,14.126941400000021],[98.10594600000007,14.127489600000047],[98.10490250000004,14.128684300000032],[98.10417780000006,14.129921100000047],[98.10388790000007,14.131045500000027],[98.10373330000004,14.132001200000047],[98.10358110000004,14.133259200000055],[98.10360280000003,14.134720800000025],[98.10342160000005,14.135606300000063],[98.10342160000005,14.136188100000027],[98.10342160000005,14.136737700000026],[98.10345870000003,14.137714500000072],[98.10351070000007,14.13802620000007],[98.10354350000006,14.138214300000072],[98.10362400000008,14.138466600000072],[98.10368090000009,14.138690600000075],[98.10369370000006,14.138882700000067],[98.10369230000003,14.139080400000068],[98.10372320000005,14.139311900000052],[98.10377420000003,14.139522500000055],[98.10381710000007,14.139709800000048],[98.10395300000005,14.139991500000065],[98.10424410000007,14.140509000000065],[98.10443240000006,14.14081660000005],[98.10466990000003,14.14120900000006],[98.10493830000007,14.141920600000049],[98.10513310000005,14.142422400000044],[98.10524940000005,14.142778900000053],[98.10541570000004,14.143405700000073],[98.10552030000008,14.143777700000044],[98.10566250000005,14.144128800000033],[98.10570180000008,14.144199100000037],[98.10642970000004,14.14429380000007],[98.10755070000005,14.144412300000056],[98.10775990000008,14.144402400000047],[98.10783240000006,14.145025400000065],[98.10782820000009,14.145198700000037],[98.10776720000007,14.145953000000077],[98.10776540000006,14.146230100000025],[98.10775640000008,14.147642000000076],[98.10775530000006,14.147819500000026],[98.10775270000005,14.148222700000076],[98.10716100000008,14.149502600000062],[98.10653340000005,14.15130750000003],[98.10641000000004,14.152699000000041],[98.10608820000004,14.154173600000036],[98.10593330000006,14.154589700000031],[98.10585020000008,14.154813000000047],[98.10560540000006,14.155588400000056],[98.10541760000007,14.156935600000054],[98.10525670000004,14.159853600000076],[98.10529960000008,14.160186500000066],[98.10505280000007,14.160888700000044],[98.10487580000006,14.162001800000041],[98.10467730000005,14.164508900000044],[98.10465340000007,14.164962200000048],[98.10458710000006,14.166216200000065],[98.10457540000004,14.166438600000049],[98.10455390000004,14.167624400000022],[98.10452270000008,14.16803200000004],[98.10445200000004,14.168956000000037],[98.10429210000007,14.170716000000027],[98.10426960000007,14.17096360000005],[98.10409260000006,14.172159900000054],[98.10410160000004,14.17278360000006],[98.10410330000008,14.17289850000003],[98.10394780000007,14.174380800000051],[98.10396390000005,14.175056900000072],[98.10367420000006,14.177314200000069],[98.10366160000007,14.177599600000065],[98.10362810000004,14.178361700000039],[98.10362590000005,14.17841160000006],[98.10362000000003,14.178459200000077],[98.10348380000005,14.179561000000035],[98.10342920000005,14.180149700000072],[98.10328520000007,14.181701700000076],[98.10327590000009,14.181966400000022],[98.10332820000008,14.182078500000046],[98.10374200000007,14.182764400000053],[98.10418920000006,14.183383700000036],[98.10432860000009,14.18385180000007],[98.10419450000006,14.184413500000062],[98.10425890000005,14.184834700000067],[98.10428570000005,14.185302800000045],[98.10465590000007,14.185791700000038],[98.10501530000005,14.186623800000064],[98.10519770000008,14.187325900000076],[98.10551420000007,14.187846000000036],[98.10555710000006,14.18823610000004],[98.10551950000007,14.18857410000004],[98.10534790000008,14.188933000000077],[98.10515480000004,14.189208600000029],[98.10510650000003,14.189739100000054],[98.10497240000007,14.190097900000069],[98.10480420000005,14.190838700000029],[98.10468800000007,14.191788200000076],[98.10473370000005,14.19231080000003],[98.10461290000006,14.192823100000055],[98.10451100000006,14.193457600000045],[98.10422130000006,14.194440500000042],[98.10409550000008,14.194747500000062],[98.10389950000007,14.19522580000006],[98.10377070000004,14.195953900000063],[98.10383510000008,14.197191600000053],[98.10447880000004,14.19880900000004],[98.10450840000004,14.199141800000064],[98.10444530000007,14.199464300000045],[98.10439570000005,14.199782800000037],[98.10439300000007,14.200037700000053],[98.10447830000004,14.200396100000034],[98.10461290000006,14.200910000000022],[98.10482750000006,14.201362500000073],[98.10496700000004,14.201955300000066],[98.10515070000008,14.20243510000006],[98.10514940000007,14.203141000000073],[98.10539620000009,14.204103100000054],[98.10554690000004,14.204547800000057],[98.10563760000008,14.204815600000074],[98.10566180000006,14.204922200000055],[98.10578240000007,14.205452600000058],[98.10581800000006,14.205727800000034],[98.10581990000009,14.206053200000042],[98.10575610000006,14.206624600000055],[98.10575020000005,14.206677300000024],[98.10570730000006,14.207358500000055],[98.10568390000009,14.208671200000026],[98.10571810000005,14.208903000000078],[98.10580380000005,14.209111000000064],[98.10582800000009,14.209153900000047],[98.10582470000008,14.209394100000054],[98.10586820000003,14.209649300000024],[98.10634570000008,14.210836500000028],[98.10641810000004,14.211040300000036],[98.10646110000005,14.21118260000003],[98.10652810000005,14.211797000000047],[98.10641540000006,14.212519800000052],[98.10649590000008,14.213034600000071],[98.10621150000009,14.214079900000058],[98.10596180000005,14.215387100000044],[98.10591650000003,14.215624300000059],[98.10576090000006,14.215899900000068],[98.10508500000003,14.21655000000004],[98.10483830000004,14.216685200000029],[98.10405180000004,14.217320500000028],[98.10376940000003,14.21765890000006]],[[98.10369700000007,14.217786300000057],[98.10273540000009,14.219602400000042],[98.10207020000007,14.220736000000045],[98.10192540000008,14.22152120000004],[98.10181270000004,14.222218000000055],[98.10168400000003,14.222597600000029],[98.10146940000004,14.22300320000005],[98.10097590000004,14.223362000000066],[98.10071300000004,14.224272000000042],[98.10048770000009,14.224412400000062],[98.09933440000003,14.22482320000006],[98.09906080000007,14.225052000000062],[98.09889980000008,14.225639600000022],[98.09873890000006,14.22716840000004],[98.09810590000006,14.22974750000003],[98.09806840000005,14.230615900000032],[98.09823470000003,14.231692200000055],[98.09856720000005,14.232394200000044],[98.09895350000005,14.232799800000066],[98.09902860000005,14.233231400000022],[98.09880860000004,14.234432500000025],[98.09887840000005,14.234973300000036],[98.09872820000004,14.23519680000004],[98.09752660000004,14.236283600000036],[98.09651890000004,14.237067300000035],[98.09622300000007,14.237297500000068],[98.09604600000006,14.23816590000007],[98.09559000000007,14.240583700000059],[98.09549880000009,14.241946000000041],[98.09565440000006,14.242731100000071],[98.09561680000007,14.243407000000047],[98.09523060000004,14.245429600000023],[98.09488730000004,14.246167900000046],[98.09447960000006,14.247566600000027],[98.09407720000007,14.248174900000038],[98.09368560000007,14.248897600000078],[98.09341200000006,14.249183600000038],[98.09293460000004,14.249391600000024],[98.09249470000003,14.249807500000031],[98.09226940000008,14.250192300000037],[98.09221040000006,14.251143800000023],[98.09206020000005,14.251684500000067],[98.09186710000006,14.251866500000062],[98.09113750000006,14.252225200000055],[98.08980180000003,14.253384700000026],[98.08905610000005,14.253899400000023],[98.08809590000004,14.255027600000062],[98.08726170000006,14.255755500000078],[98.08747520000009,14.256723900000054],[98.08753800000005,14.25700850000004],[98.08767600000004,14.258139200000073],[98.08770430000004,14.258370700000057],[98.08794300000005,14.25924660000004],[98.08818170000006,14.260122800000033],[98.08787060000009,14.260252800000046],[98.08771500000006,14.260632300000054],[98.08745750000008,14.260793500000034],[98.08681380000007,14.260861100000056],[98.08649730000008,14.26095470000007],[98.08679240000004,14.261838500000067],[98.08734490000006,14.263335900000072],[98.08742540000009,14.26434450000005],[98.08732340000006,14.264994400000035],[98.08717320000005,14.265524700000071],[98.08713570000003,14.265935400000046],[98.08692650000006,14.266107000000034],[98.08664750000008,14.26622130000004],[98.08612720000008,14.266309700000022],[98.08441760000005,14.266786800000034],[98.08286810000004,14.267219200000056],[98.08096660000007,14.267749800000047],[98.07865990000005,14.268300900000042],[98.07802690000005,14.268446500000039],[98.07731340000004,14.268524500000069],[98.07640150000003,14.268524500000069],[98.07526420000005,14.269132700000057],[98.06854800000008,14.27328140000003],[98.06706860000008,14.274101600000051],[98.06299380000007,14.275724700000069],[98.06183290000007,14.278759700000023],[98.05823020000008,14.280023000000028],[98.05775600000004,14.28002200000003],[98.05688480000003,14.280632300000036],[98.05619400000006,14.281856100000027],[98.05586770000008,14.282434100000046],[98.05559730000004,14.283849200000077],[98.05556940000008,14.285539800000038],[98.05625610000004,14.286426600000027],[98.05681400000003,14.288048600000025],[98.05699850000008,14.288172300000042],[98.05693910000008,14.288419900000065],[98.05676890000007,14.289128800000071],[98.05674870000007,14.28933150000006],[98.05670140000007,14.289804900000036],[98.05678340000009,14.290130500000032],[98.05708770000007,14.290423500000031],[98.05737190000008,14.290738200000021],[98.05773550000004,14.29150240000007],[98.05750070000005,14.291530800000032],[98.05727270000006,14.291632400000026],[98.05717280000005,14.291813300000058],[98.05682740000003,14.29245110000005],[98.05634190000006,14.293137300000069],[98.05488930000007,14.29457160000004],[98.05459530000007,14.294827300000065],[98.05397940000006,14.29536790000003],[98.05372190000008,14.295575800000051],[98.05157620000006,14.296933600000045],[98.04883730000006,14.297304500000052],[98.04738710000004,14.297520500000076],[98.04725780000007,14.297539700000073],[98.04669410000008,14.297745400000053],[98.04625470000008,14.297986800000047],[98.04556800000006,14.298319500000048],[98.04492430000005,14.298542000000054],[98.04425270000007,14.298943300000076],[98.04270770000005,14.300565100000028],[98.04260900000008,14.300815700000044],[98.04180650000006,14.301771100000053],[98.04116280000005,14.302825300000052],[98.04017570000008,14.303351300000031],[98.03936030000006,14.30430780000006],[98.03898910000004,14.304723600000045],[98.03878950000006,14.30514050000005],[98.03863290000004,14.305889000000036],[98.03854490000003,14.30659490000005],[98.03837330000005,14.30714910000006],[98.03844410000005,14.308466200000055],[98.03775740000003,14.310420700000066],[98.03801490000006,14.311210800000026],[98.03781750000007,14.311627600000065],[98.03721670000004,14.312126600000056],[98.03655580000009,14.31230540000007],[98.03608590000005,14.312542500000063],[98.03522760000004,14.312764900000047],[98.03505050000007,14.31313620000003],[98.03416970000006,14.314982400000076],[98.03378350000008,14.320554400000049],[98.03301100000004,14.322176100000036],[98.03303670000008,14.323006700000064],[98.03192090000005,14.324004600000023],[98.03084810000007,14.324212500000044],[98.02926230000008,14.324851800000033],[98.02884820000008,14.325211500000023],[98.02841690000008,14.325917300000071],[98.02737410000003,14.326500500000066],[98.02703070000007,14.326458900000034],[98.02592780000003,14.326582600000052],[98.02293880000008,14.327539000000058],[98.02185090000006,14.32805250000007],[98.02077800000006,14.32855040000004],[98.02017720000003,14.328966200000025],[98.01773100000008,14.329701200000045],[98.01743060000007,14.329964200000063],[98.01608520000008,14.331336300000032],[98.01531270000004,14.332167900000059],[98.01484280000005,14.333250000000078],[98.01494150000008,14.334634600000072],[98.01459820000008,14.335203200000024],[98.01394160000007,14.336840400000028],[98.01392150000004,14.337033000000076],[98.01385890000006,14.337245800000062],[98.01363320000007,14.337646300000074],[98.01344000000006,14.338068000000021],[98.01335960000006,14.338412900000037],[98.01339760000008,14.338663600000075],[98.01378610000006,14.339623800000027],[98.01385570000008,14.339958800000034],[98.01341210000004,14.340336600000057],[98.01326040000004,14.340660700000058],[98.01311260000006,14.341994200000045],[98.01292770000003,14.34273410000003],[98.01277760000005,14.342994300000043],[98.01264350000008,14.34358670000006],[98.01261020000004,14.34408540000004],[98.01247720000003,14.344636600000058],[98.01238600000005,14.34492240000003],[98.01181610000003,14.34573290000003],[98.01169390000007,14.346148600000049],[98.01132370000005,14.346596600000055],[98.01068000000004,14.34752590000005],[98.01056630000005,14.34766170000006],[98.01013320000004,14.348179300000027],[98.00939250000005,14.349064200000043],[98.00907710000007,14.349854200000038],[98.00888550000008,14.350135800000032],[98.00869090000003,14.350421700000027],[98.00746130000005,14.351585800000066],[98.00676210000006,14.352364900000055],[98.00660300000004,14.35254210000005],[98.00639170000005,14.352734800000064],[98.00622790000006,14.352830500000039],[98.00481460000003,14.353374200000076],[98.00441980000005,14.353535200000067],[98.00392730000004,14.35372250000006],[98.00329060000007,14.354055900000048],[98.00306800000004,14.354152300000067],[98.00256370000005,14.354170400000044],[98.00198930000005,14.354051900000059],[98.00168930000007,14.354058800000075],[98.00147210000006,14.354110800000058],[98.00110220000005,14.354256300000031],[98.00071570000006,14.355280100000073],[98.00046350000008,14.355740000000026],[98.00042360000003,14.35607790000006],[98.00079880000004,14.356852200000048],[98.00093320000008,14.357309600000065],[98.00085510000008,14.358091600000023],[98.00078040000005,14.358312500000068],[98.00032940000006,14.358912700000076],[98.00020910000006,14.359008900000049],[97.99917610000006,14.35928430000007],[97.99872040000008,14.359515600000066],[97.99839850000006,14.359713100000022],[97.99785680000008,14.35953900000004],[97.99764190000008,14.359380500000043],[97.99751880000008,14.359336300000052],[97.99657730000007,14.359502600000042],[97.99640540000007,14.359674100000063],[97.99617470000004,14.359926100000052],[97.99601140000004,14.36018340000004],[97.99510180000004,14.361758000000066],[97.99472660000004,14.362532300000055],[97.99464080000007,14.362883100000033],[97.99453360000007,14.363122200000078],[97.99408830000004,14.363722400000029],[97.99391900000006,14.363904200000036],[97.99376100000006,14.364008200000058],[97.99311190000009,14.364005600000041],[97.99281390000004,14.36414590000004],[97.99265570000006,14.364301800000021],[97.99243060000003,14.364494100000059],[97.99180540000003,14.364751300000023],[97.99099000000007,14.364979900000037],[97.98958720000007,14.365289200000063],[97.98856920000009,14.365305800000044],[97.98781700000006,14.36554760000007],[97.98754330000008,14.365665900000067],[97.98730190000003,14.365788100000032],[97.98715770000007,14.36590810000007],[97.98704250000009,14.366103700000053],[97.98696400000006,14.366224600000066],[97.98679130000005,14.366292100000067],[97.98656630000005,14.366222100000073],[97.98627200000004,14.366206400000067],[97.98597850000004,14.366234400000053],[97.98562260000006,14.36628090000005],[97.98550490000008,14.36635190000004],[97.98540170000007,14.366445500000054],[97.98464500000006,14.36692080000006],[97.98359780000004,14.367866700000036],[97.98336180000007,14.368135400000028],[97.98319820000006,14.36835780000007],[97.98310700000008,14.368539700000042],[97.98298090000009,14.368763100000024],[97.98280390000008,14.369120200000054],[97.98260810000005,14.369534800000054],[97.98249010000006,14.369870000000049],[97.98222720000007,14.370374100000049],[97.98201520000003,14.370944100000031],[97.98182490000005,14.371618600000033],[97.98169340000004,14.372304600000064],[97.98154320000003,14.37317500000006],[97.98139300000008,14.373564800000054],[97.98117040000005,14.373927000000037],[97.98107390000007,14.374162400000046],[97.98080290000007,14.374605100000053],[97.98050790000008,14.374996400000043],[97.97997680000003,14.375706800000046],[97.97958790000007,14.376139600000045],[97.97946720000004,14.376357900000073],[97.97935720000004,14.376626500000043],[97.97911580000005,14.377192900000068],[97.97881000000007,14.377733400000068],[97.97861700000004,14.378316900000073],[97.97849360000004,14.378774200000066],[97.97836750000005,14.379013200000031],[97.97836480000007,14.379167600000073],[97.97831380000008,14.379333900000063],[97.97776660000005,14.38027180000006],[97.97729190000007,14.380794000000037],[97.97713100000004,14.381654000000026],[97.97719800000004,14.382734800000037],[97.97709340000006,14.383324600000037],[97.97711360000005,14.383588700000075],[97.97744280000006,14.385449100000073],[97.97750110000004,14.38568900000007],[97.97780560000007,14.386523500000067],[97.97807080000007,14.386945000000026],[97.97844960000003,14.38789330000003],[97.97874570000005,14.388176800000053],[97.97916990000004,14.388324400000045],[97.97989370000005,14.388912100000027],[97.97997680000003,14.38899790000005],[97.98000900000005,14.389117300000066],[97.98004660000004,14.389327800000046],[97.98007080000008,14.389510900000062],[97.98018860000008,14.390491700000041],[97.98016460000008,14.39141920000003],[97.98011630000008,14.391832300000033],[97.98000370000005,14.392198600000029],[97.97999020000003,14.392476600000066],[97.98003040000003,14.392822200000069],[97.98024500000008,14.393336600000055],[97.98032020000005,14.393832800000041],[97.98043260000009,14.394552500000032],[97.98045430000008,14.395495500000038],[97.98047300000007,14.395950200000073],[97.98042190000007,14.396394400000077],[97.98036840000003,14.39670620000004],[97.98026640000006,14.397002400000076],[97.98003570000009,14.397232300000042],[97.97923780000008,14.397572600000046],[97.97894690000004,14.397716800000069],[97.97844110000005,14.398041600000056],[97.97786180000008,14.398404000000028],[97.97758830000004,14.39865720000006],[97.97736560000004,14.39885090000007],[97.97712300000006,14.399170300000037],[97.97694590000003,14.399491200000057],[97.97673520000006,14.399810700000046],[97.97483490000008,14.403634900000043],[97.97363330000007,14.405630100000053],[97.97268910000008,14.406606900000043],[97.97256040000008,14.40706410000007],[97.97256040000008,14.407729200000063],[97.97260330000006,14.408726800000068],[97.97243160000005,14.409516500000052],[97.97226000000006,14.410119200000054],[97.97215470000003,14.410593900000038],[97.97145510000007,14.413137000000063],[97.97106480000008,14.414235500000075],[97.97087780000004,14.414727700000071],[97.97065020000008,14.414838000000032],[97.97057700000005,14.415011200000038],[97.97047130000004,14.415109700000073],[97.97043060000004,14.415255400000035],[97.97050380000007,14.415562500000021],[97.97043880000007,14.415834200000063],[97.97031680000003,14.416027100000065],[97.97025990000009,14.416283000000021],[97.97025180000009,14.416531100000043],[97.97015420000008,14.416960300000028],[97.97046320000004,14.417157100000054],[97.97059330000008,14.417381600000056],[97.97063390000005,14.417558800000052],[97.97039810000007,14.418224200000054],[97.97026800000003,14.418535200000065],[97.97004030000005,14.418759700000066],[97.96965820000008,14.418858100000023],[97.96954440000007,14.418936900000062],[97.96957690000005,14.419129800000064],[97.96965820000008,14.419448700000032],[97.96974760000006,14.419681000000026],[97.96988590000007,14.41987000000006],[97.96999970000007,14.420519700000057],[97.96993460000004,14.421051200000022],[97.96967450000005,14.422153700000024],[97.96955250000008,14.422366300000022],[97.96951180000008,14.422476600000039],[97.96950480000004,14.422818200000052],[97.96953700000006,14.42321830000003],[97.96968720000007,14.423317000000054],[97.96976230000007,14.423420900000053],[97.96968720000007,14.423743000000059],[97.96939750000007,14.424730100000033],[97.96934390000007,14.425062600000047],[97.96953700000006,14.425415900000075],[97.96970870000007,14.425779500000033],[97.96981600000004,14.426252300000044],[97.96991250000008,14.426865400000054],[97.96984820000006,14.427665400000024],[97.96980520000005,14.427904400000045],[97.96984820000006,14.428107000000068],[97.96995540000006,14.428413500000033],[97.97020220000007,14.428839500000038],[97.97039530000006,14.429088900000067],[97.97059920000004,14.429359100000056],[97.97072790000004,14.429577300000062],[97.97076010000006,14.42972270000007],[97.97063140000006,14.430003300000067],[97.97059920000004,14.430231900000024],[97.97069570000008,14.430528000000038],[97.97081380000009,14.430777300000045],[97.97096400000004,14.430891600000052],[97.97111420000005,14.431011100000035],[97.97139310000006,14.43106830000005],[97.97163990000007,14.431141000000025],[97.97176860000008,14.431312500000047],[97.97201540000003,14.431572200000062],[97.97228360000008,14.431790400000068],[97.97254110000006,14.432180000000074],[97.97253040000004,14.432559300000037],[97.97263770000006,14.432777500000043],[97.97286300000007,14.433151500000065],[97.97294880000004,14.433463200000062],[97.97310970000007,14.433697000000052],[97.97330280000006,14.434367200000054],[97.97349600000007,14.435260700000072],[97.97354960000007,14.435759500000074],[97.97360330000004,14.437001100000032],[97.97369980000008,14.437676400000043],[97.97368910000006,14.43812840000004],[97.97368910000006,14.438331000000062],[97.97375350000004,14.438549200000068],[97.97408600000006,14.439193400000022],[97.97465470000009,14.439624500000036],[97.97525550000006,14.440003800000056],[97.97602800000004,14.440180400000031],[97.97660730000007,14.440263500000071],[97.97711160000006,14.44053370000006],[97.97765880000009,14.440886900000066],[97.97807720000009,14.441058300000066],[97.97835610000004,14.441042800000048],[97.97843120000005,14.441063500000041],[97.97851710000003,14.441448000000037],[97.97867800000006,14.441661000000067],[97.97899990000008,14.44195190000005],[97.98024440000006,14.442767500000059],[97.98045900000005,14.44283500000006],[97.98064140000008,14.442970100000025],[97.98133870000004,14.443754500000068],[97.98151040000005,14.443998700000066],[97.98190740000007,14.444388300000071],[97.98263690000005,14.445177900000033],[97.98315190000005,14.445801300000028],[97.98423550000007,14.446985700000027]]]},"geometry_name":"the_geom","properties":{"Road_Type":"Tertiary","Sur_Type":"","Route":"","Remark":""}},{"type":"Feature","id":"mmr_rdsl_mimu_250k.1942","geometry":{"type":"MultiLineString","coordinates":[[[98.17275480000006,14.095099400000038],[98.17260660000005,14.095116000000075],[98.17238220000007,14.09517500000004],[98.17226940000006,14.095211500000062],[98.17222070000008,14.095240300000057],[98.17217650000003,14.095266000000038],[98.17209770000005,14.09535180000006],[98.17205320000005,14.095461700000044],[98.17197790000006,14.095646600000066],[98.17197350000004,14.095829800000047],[98.17200870000005,14.096591500000045],[98.17203250000006,14.097033900000042],[98.17204790000005,14.097295300000042],[98.17211520000006,14.098188100000073],[98.17212560000007,14.09837600000003],[98.17215320000008,14.098523100000023],[98.17222660000004,14.098662600000068],[98.17230320000004,14.098770000000059],[98.17236110000005,14.09892190000005],[98.17239580000006,14.099063800000067],[98.17240550000008,14.09919780000007],[98.17240170000008,14.09938660000006],[98.17237040000003,14.099590300000045],[98.17227520000006,14.100169700000038],[98.17223610000008,14.100384800000029],[98.17218400000007,14.100484300000062],[98.17215950000008,14.100599200000033],[98.17213910000004,14.100694700000076],[98.17214320000005,14.100938700000029],[98.17216200000007,14.101149200000066],[98.17218240000005,14.101285500000074],[98.17230290000003,14.10205940000003],[98.17232090000005,14.102208100000041],[98.17235300000004,14.102437300000076],[98.17235360000006,14.102623700000038],[98.17232930000006,14.102734200000043],[98.17229730000008,14.102884700000061],[98.17227850000006,14.102985000000047],[98.17211180000004,14.103463700000077],[98.17195380000004,14.103928900000028],[98.17188750000008,14.104108900000028],[98.17183720000008,14.104196600000023],[98.17168460000005,14.104294500000037],[98.17150320000007,14.104427800000053],[98.17138480000006,14.10451130000007],[98.17103590000005,14.104758400000037],[98.17070270000005,14.105003400000044],[98.17044050000004,14.105213500000048],[98.17026770000007,14.105395500000043],[98.17015530000003,14.105546900000036],[98.16998720000004,14.10581940000003],[98.16986120000007,14.105997400000035],[98.16973520000005,14.106176900000037],[98.16967050000005,14.106279400000062],[98.16956730000004,14.10644730000007],[98.16947650000009,14.106651500000055],[98.16938370000008,14.106860100000063],[98.16930440000004,14.107012600000076],[98.16921870000004,14.107099400000038],[98.16911500000003,14.107197400000075],[98.16896980000007,14.107279600000027],[98.16879510000007,14.107401200000027],[98.16866770000007,14.107523300000025],[98.16856710000008,14.107643400000029],[98.16849320000006,14.107741900000065],[98.16841760000005,14.107790000000023],[98.16829260000009,14.107828400000074],[98.16816330000006,14.107872000000043],[98.16804500000006,14.10793650000005],[98.16796160000007,14.108031700000026],[98.16789040000003,14.108128400000055],[98.16778450000004,14.108275200000037],[98.16762870000008,14.108484800000042],[98.16753510000007,14.108562900000038],[98.16741320000006,14.108625500000073],[98.16715210000007,14.10875070000003],[98.16687000000007,14.108879700000045],[98.16637970000005,14.109097000000077],[98.16606560000008,14.109206000000029],[98.16576690000005,14.109371900000042],[98.16558510000004,14.10949080000006],[98.16533180000005,14.109658300000035],[98.16503220000004,14.109857200000022],[98.16486240000006,14.109979800000076],[98.16458880000005,14.110223200000064],[98.16441530000009,14.110354500000028],[98.16421430000008,14.110492500000078],[98.16396780000008,14.110633500000063],[98.16369220000007,14.110767000000067],[98.16348120000004,14.110838000000058],[98.16323590000007,14.110876500000074],[98.16308140000007,14.110893900000065],[98.16281920000006,14.110906200000045],[98.16249640000007,14.110904000000062],[98.16236360000005,14.110898900000052],[98.16218710000004,14.110902800000076],[98.16196230000008,14.110920100000044],[98.16174670000004,14.11094330000003],[98.16144510000004,14.110996300000068],[98.16109980000004,14.111060500000065],[98.16082650000004,14.111146700000063],[98.16062050000005,14.111229300000048],[98.16044370000009,14.111335500000052],[98.16024060000007,14.111475400000074],[98.16009770000005,14.11161050000004],[98.15971700000006,14.11202110000005],[98.15945150000005,14.112315000000024],[98.15921140000006,14.112548600000025],[98.15895060000008,14.112774800000068],[98.15864150000004,14.11309280000006],[98.15839470000009,14.113386700000035],[98.15814340000009,14.11372620000003],[98.15780730000006,14.114182700000072],[98.15756590000007,14.114461000000063],[98.15725730000008,14.114749200000063],[98.15672810000007,14.115140900000029],[98.15657340000007,14.115228400000035],[98.15639910000004,14.115270000000066],[98.15620440000004,14.115292200000056],[98.15529850000007,14.11544680000003],[98.15515350000004,14.115481700000032],[98.15426600000006,14.115674600000034],[98.15363250000007,14.115792500000055],[98.15341550000005,14.115833300000077],[98.15302760000009,14.115933300000052],[98.15264080000009,14.116055900000049],[98.15120900000005,14.116591400000061],[98.15047940000005,14.11687500000005],[98.15008250000005,14.117046600000037],[98.14968960000004,14.117261700000029],[98.14938890000008,14.117441700000029],[98.14872730000008,14.11784300000005],[98.14806980000009,14.118203600000072],[98.14772220000003,14.11839660000004],[98.14723000000004,14.118649000000062],[98.14664190000008,14.118900000000053],[98.14597740000005,14.119110700000022],[98.14580840000008,14.119197800000052],[98.14567040000009,14.119297200000062],[98.14479320000004,14.120071800000062],[98.14460230000009,14.120218700000066],[98.14435740000005,14.120361900000034],[98.14399800000007,14.120556900000054],[98.14353530000005,14.120801500000027],[98.14340380000004,14.120857400000034],[98.14328450000005,14.12089640000005],[98.14316370000006,14.120921400000043],[98.14263610000006,14.120974400000023],[98.14186370000004,14.121058800000071],[98.14095500000008,14.121148700000049],[98.14030450000007,14.121203300000047],[98.13963170000005,14.121239400000036],[98.13838810000004,14.121224100000063],[98.13759680000004,14.121245000000044],[98.13722270000005,14.121282000000065],[98.13686190000004,14.121351600000025],[98.13628270000004,14.121556200000043],[98.13561200000004,14.121817200000066],[98.13523310000005,14.122000600000035],[98.13421990000006,14.122667800000045],[98.13389600000005,14.122766500000068],[98.13367930000004,14.122790000000066],[98.13313080000006,14.122894200000076],[98.13273130000005,14.123073600000055],[98.13240180000008,14.123280100000045],[98.13224850000006,14.12336490000007],[98.13203360000006,14.123537100000021],[98.13182210000008,14.12381490000007],[98.13161960000008,14.124106200000028],[98.13148540000009,14.12438190000006],[98.13133660000005,14.12459780000006],[98.13108720000008,14.124786700000072],[98.13073580000008,14.12496980000003],[98.13034290000007,14.125155600000028],[98.12997130000008,14.125275400000078],[98.12982110000007,14.125328700000068],[98.12971510000006,14.125420100000042],[98.12962800000008,14.125531600000045],[98.12952340000004,14.125659100000064],[98.12941320000004,14.125777600000049],[98.12876700000004,14.126207900000054],[98.12807470000007,14.126624100000072],[98.12725960000006,14.127071500000056],[98.12646910000007,14.127551200000028],[98.12600700000007,14.127841400000023],[98.12562310000004,14.128032800000028],[98.12506290000005,14.128247200000033],[98.12434140000005,14.128522900000064],[98.12405620000004,14.128582700000038],[98.12355280000008,14.12858790000007],[98.12307010000006,14.128558300000066],[98.12264620000008,14.128520300000048],[98.12223850000004,14.128442200000052],[98.12178020000005,14.12839740000004],[98.12152810000003,14.128459000000078],[98.12133250000005,14.128613600000051],[98.12091080000005,14.129256000000055],[98.12085940000009,14.129323000000056],[98.12048170000008,14.129953500000056],[98.12042750000006,14.130172100000038],[98.12037440000006,14.130458100000055],[98.12030290000007,14.130844700000068],[98.12023760000005,14.130952300000047],[98.12015930000007,14.131011000000058],[98.12005790000006,14.131040700000028],[98.11984590000009,14.13111200000003],[98.11973870000008,14.131196800000055],[98.11964350000005,14.131315500000028],[98.11958580000004,14.131433500000071],[98.11948390000003,14.131870400000025],[98.11942220000009,14.132005700000036],[98.11933190000008,14.132111400000042],[98.11924250000004,14.132187800000054],[98.11909230000003,14.132307400000059],[98.11889480000008,14.13247860000007],[98.11876770000003,14.132577900000058],[98.11864700000007,14.132715800000028],[98.11848110000005,14.132965900000045],[98.11837350000008,14.133137100000056],[98.11833050000007,14.133254200000067],[98.11832810000004,14.133375900000033],[98.11854300000005,14.133799200000055],[98.11862020000007,14.134063100000049],[98.11863780000004,14.13434200000006],[98.11860140000005,14.134510500000033],[98.11855080000004,14.134616100000073],[98.11842980000006,14.134778400000073],[98.11834130000005,14.134898000000021],[98.11823150000004,14.135011700000064],[98.11803980000008,14.135096600000054],[98.11789330000005,14.135100900000054],[98.11783370000006,14.135064600000021],[98.11778870000006,14.134955200000036],[98.11774310000004,14.134874600000046],[98.11766250000005,14.134831100000042],[98.11756340000005,14.134833000000071],[98.11749370000007,14.13485380000003],[98.11742950000007,14.134906700000045],[98.11735460000006,14.135004700000025],[98.11730460000007,14.135131900000033],[98.11720240000005,14.135342000000037],[98.11696260000008,14.135678300000052],[98.11690640000006,14.135850000000062],[98.11692770000008,14.135948800000051],[98.11697960000004,14.136025400000051],[98.11705210000008,14.136059600000067],[98.11717020000003,14.136064600000054],[98.11732480000006,14.136034600000073],[98.11750170000005,14.135956600000043],[98.11767880000008,14.135919800000067],[98.11780210000006,14.135948800000051],[98.11791980000004,14.136009600000023],[98.11801400000007,14.136120500000061],[98.11805960000004,14.136240100000066],[98.11809990000006,14.136367900000039],[98.11809450000004,14.136497600000041],[98.11806860000007,14.136595000000057],[98.11800870000008,14.13670570000005],[98.11792020000007,14.13676810000004],[98.11778950000007,14.136829200000022],[98.11746330000005,14.136909100000025],[98.11702850000006,14.137035600000047],[98.11674270000003,14.137140100000067],[98.11649320000004,14.137212900000065],[98.11622860000006,14.137244300000077],[98.11603570000005,14.137260500000025],[98.11582540000006,14.137376800000027],[98.11567250000007,14.137491200000056],[98.11548310000006,14.137669500000072],[98.11524510000004,14.137990000000059],[98.11500730000006,14.13840410000006],[98.11495590000004,14.138556000000051],[98.11494290000007,14.138726700000063],[98.11494250000004,14.139038600000049],[98.11497040000006,14.139537300000029],[98.11494830000004,14.139686400000073],[98.11488930000007,14.13980870000006],[98.11480810000006,14.139952900000026],[98.11472300000008,14.140139000000033],[98.11464250000006,14.140337000000045],[98.11455130000007,14.140464100000031],[98.11444730000005,14.140548100000046],[98.11433670000008,14.140609700000027],[98.11421870000004,14.14069040000004],[98.11412840000008,14.140776000000074],[98.11406850000009,14.140877600000067],[98.11404990000005,14.14099230000005],[98.11404660000005,14.141118400000039],[98.11409530000009,14.141278200000045],[98.11411150000004,14.141384100000039],[98.11411410000005,14.141486300000054],[98.11406850000009,14.14156950000006],[98.11399390000008,14.141689100000065],[98.11379330000005,14.141992200000061],[98.11349450000006,14.142323800000042],[98.11328260000005,14.142534400000045],[98.11317990000003,14.142638600000055],[98.11314310000006,14.142703500000039],[98.11312710000004,14.14278930000006],[98.11315120000006,14.142916800000023],[98.11315920000004,14.143020800000045],[98.11311070000005,14.143115400000056],[98.11305190000007,14.143153400000074],[98.11298140000008,14.143183800000031],[98.11288300000007,14.143247100000053],[98.11282130000006,14.143322500000068],[98.11278010000007,14.143460900000036],[98.11278860000004,14.143550800000071],[98.11284810000006,14.143639800000074],[98.11298830000004,14.14375190000004],[98.11303320000007,14.14382450000005],[98.11302510000007,14.143897300000049],[98.11297920000004,14.143957800000067],[98.11289390000007,14.14403210000006],[98.11277850000005,14.144073500000047],[98.11270060000004,14.144066400000042],[98.11262950000008,14.144037000000026],[98.11253690000007,14.143939700000033],[98.11246190000008,14.14384270000005],[98.11239670000003,14.143722700000069],[98.11237590000007,14.143596400000035],[98.11238310000005,14.14336000000003],[98.11241310000008,14.143211400000041],[98.11244310000006,14.143085800000051],[98.11252360000003,14.143002600000045],[98.11263930000007,14.142917100000034],[98.11272220000006,14.142848100000037],[98.11277460000008,14.142745600000069],[98.11273870000008,14.14263550000004],[98.11267910000004,14.142552600000045],[98.11260940000005,14.142466100000036],[98.11248330000006,14.142417400000056],[98.11238330000003,14.142390300000045],[98.11229560000004,14.14239660000004],[98.11218830000007,14.142431900000076],[98.11184400000008,14.14258540000003],[98.11166520000006,14.14264890000004],[98.11146630000007,14.142678600000067],[98.11116650000008,14.142680700000028],[98.11102690000007,14.142690500000072],[98.11080880000009,14.14274830000005],[98.11060580000009,14.142836100000068],[98.11011310000004,14.143039400000077],[98.10976620000008,14.143223700000021],[98.10943100000009,14.14341870000004],[98.10906910000006,14.14361180000003],[98.10862370000007,14.143912800000066],[98.10846110000006,14.144027100000073],[98.10786050000007,14.144369400000073],[98.10775990000008,14.144402400000047]]]},"geometry_name":"the_geom","properties":{"Road_Type":"Tertiary","Sur_Type":"","Route":"","Remark":""}},{"type":"Feature","id":"mmr_rdsl_mimu_250k.2055","geometry":{"type":"MultiLineString","coordinates":[[[98.15684040000008,13.624469200000021],[98.15672370000004,13.62435060000007],[98.15658550000006,13.624153800000045],[98.15656390000004,13.624114900000052],[98.15646480000004,13.623937400000045],[98.15635220000007,13.623696300000063],[98.15628840000005,13.62355720000005],[98.15624220000007,13.623456500000032],[98.15614970000007,13.62320230000006],[98.15606650000007,13.62300810000005],[98.15595120000006,13.622825700000021],[98.15579160000004,13.622570200000041],[98.15564140000004,13.622243100000048],[98.15551960000005,13.621939500000053],[98.15549390000007,13.621875500000044],[98.15522700000008,13.62136460000005],[98.15509290000006,13.62099180000007],[98.15508620000008,13.620908400000076],[98.15511030000005,13.620843200000024],[98.15510500000005,13.620742900000039],[98.15515990000006,13.620628200000056],[98.15524440000007,13.620518700000048],[98.15524440000007,13.62045610000007],[98.15484110000006,13.619915900000024],[98.15483540000008,13.619872200000032],[98.15486620000007,13.619692300000054],[98.15483810000006,13.618961100000035],[98.15511440000006,13.618455400000073],[98.15515730000004,13.618366800000047],[98.15515460000006,13.61806960000007],[98.15528330000006,13.617201500000021],[98.15548450000006,13.616161400000067],[98.15566960000007,13.615246400000046],[98.15582780000005,13.614573900000039],[98.15584120000005,13.61424020000004],[98.15595120000006,13.613684900000067],[98.15601290000006,13.613103600000045],[98.15612550000009,13.612717800000041],[98.15614160000007,13.612603100000058],[98.15613630000007,13.612464900000077],[98.15593240000004,13.61186790000005],[98.15583590000006,13.611503000000027],[98.15582510000007,13.61123710000004],[98.15572590000005,13.610916400000065],[98.15567220000008,13.61074700000006],[98.15563740000005,13.610069200000055],[98.15556230000004,13.60983200000004],[98.15536110000005,13.609284500000058],[98.15537450000005,13.609104600000023],[98.15539600000005,13.608820500000036],[98.15538260000005,13.608656200000041],[98.15533970000007,13.60851290000005],[98.15508480000005,13.607975800000077],[98.15508220000004,13.607876800000042],[98.15507680000007,13.607798600000024],[98.15502320000007,13.60773340000003],[98.15483810000006,13.607600400000024],[98.15443840000006,13.607029500000067],[98.15433380000007,13.606985200000054],[98.15387520000007,13.60692000000006],[98.15358010000006,13.606894000000068],[98.15340040000007,13.606821000000025],[98.15322880000008,13.606625500000064],[98.15304100000009,13.60632570000007],[98.15291490000004,13.606018000000063],[98.15247770000008,13.60548360000007],[98.15192250000007,13.604813600000057],[98.15124390000005,13.603778700000078],[98.15114740000007,13.603695200000061],[98.15092210000006,13.60358320000006],[98.15082010000003,13.603431900000032],[98.15075840000009,13.603252100000077],[98.15074770000007,13.602939200000037],[98.15080140000003,13.602589900000055],[98.15088990000004,13.602003300000035],[98.15086300000007,13.60178170000006],[98.15054120000008,13.600877100000048],[98.15052780000008,13.600684200000046],[98.15067530000005,13.599930800000038],[98.15080940000007,13.599375500000065],[98.15088990000004,13.598606400000051],[98.15105880000004,13.598204900000042],[98.15112050000005,13.598082400000067],[98.15157120000003,13.597686100000033],[98.15164090000007,13.597561000000042],[98.15170530000006,13.597201200000029],[98.15168380000006,13.596992700000044],[98.15145580000006,13.596377400000051],[98.15143970000008,13.596262700000068],[98.15145050000007,13.596150600000044],[98.15152560000007,13.59592900000007],[98.15154430000007,13.595796000000064],[98.15154430000007,13.595655200000067],[98.15157920000007,13.59554570000006],[98.15171330000004,13.595261600000072],[98.15174280000008,13.595128600000066],[98.15173210000006,13.594821000000024],[98.15171600000008,13.594476900000075],[98.15165430000008,13.594351700000061],[98.15166500000004,13.594218800000021],[98.15174280000008,13.593762500000025],[98.15180180000004,13.593642600000067],[98.15183400000006,13.593556600000056],[98.15187160000005,13.593311500000027],[98.15192520000005,13.593186400000036],[98.15208350000006,13.593022100000042],[98.15231140000009,13.592664900000045],[98.15242140000004,13.592435500000022],[98.15248040000006,13.59207310000005],[98.15244020000006,13.591963600000042],[98.15231950000003,13.591804600000046],[98.15225510000005,13.591598600000054],[98.15225780000009,13.591306600000053],[98.15215320000004,13.590845200000047],[98.15216930000008,13.590529700000047],[98.15227930000003,13.590242900000021],[98.15272990000005,13.589679800000056],[98.15279950000007,13.58951680000007],[98.15282370000006,13.589111500000058],[98.15282110000004,13.588829900000064],[98.15278620000004,13.588584800000035],[98.15281030000006,13.588360600000044],[98.15276470000003,13.588141600000029],[98.15271380000007,13.58782610000003],[98.15264670000005,13.587659300000041],[98.15246700000006,13.587377700000047],[98.15207670000007,13.58671030000005],[98.15197210000008,13.586492600000042],[98.15192390000004,13.586276200000043],[98.15182730000004,13.586175800000035],[98.15160600000007,13.586023300000022],[98.15154840000008,13.585982900000033],[98.15153630000003,13.58591640000003],[98.15154030000008,13.585859000000028],[98.15157250000004,13.585723500000029],[98.15158190000005,13.58553580000006],[98.15156710000008,13.58541710000003],[98.15147060000004,13.584966100000031],[98.15140750000006,13.584658400000023],[98.15139010000007,13.584438100000057],[98.15139010000007,13.584249100000022],[98.15134450000005,13.584010600000056],[98.15123720000008,13.58352300000007],[98.15113530000008,13.582717400000035],[98.15110240000007,13.582341300000053],[98.15104680000007,13.57974390000004],[98.15100920000003,13.579519700000048],[98.15097110000005,13.579440800000043],[98.15088450000007,13.57926150000003],[98.15040980000003,13.578594100000032],[98.15035610000007,13.578500200000065],[98.15031320000008,13.57830210000003],[98.15030780000006,13.57813260000006],[98.15032390000005,13.577926600000069],[98.15057340000004,13.577235700000074],[98.15063240000006,13.576842000000056],[98.15063240000006,13.576158900000053],[98.15036150000009,13.574766600000032],[98.15026490000008,13.574315600000034],[98.14951260000004,13.572517800000071],[98.14943750000003,13.572191900000064],[98.14943610000006,13.57210850000007],[98.14946700000007,13.572026400000027],[98.14945620000003,13.571918200000027],[98.14943480000005,13.57180210000007],[98.14919460000004,13.571370600000023],[98.14868110000003,13.57059890000005],[98.14826530000005,13.570160800000053],[98.14809230000009,13.570016100000032],[98.14797830000003,13.569958800000052],[98.14785500000005,13.569939200000022],[98.14768460000005,13.569943100000046],[98.14748880000008,13.569979600000067],[98.14725150000004,13.570081300000027],[98.14686660000007,13.570274200000028],[98.14675930000004,13.570318600000064],[98.14660240000006,13.570443700000055],[98.14638380000008,13.570538900000031],[98.14625640000008,13.570571500000028],[98.14575750000006,13.570610600000066],[98.14557370000006,13.570627500000057],[98.14530280000008,13.570713600000033],[98.14514060000005,13.570781400000044],[98.14496620000006,13.570880500000044],[98.14461620000009,13.571018600000059],[98.14452500000004,13.57103040000004],[98.14440430000008,13.571001700000068],[98.14408110000005,13.570821800000033],[98.14397110000004,13.570776200000068],[98.14375790000008,13.570711000000074],[98.14313290000007,13.57063800000003],[98.14306320000009,13.570615800000041],[98.14295050000004,13.570559700000047],[98.14285000000007,13.570485400000052],[98.14277080000005,13.570467200000053],[98.14266890000005,13.570451500000047],[98.14218610000006,13.570520600000066],[98.14199970000004,13.570537600000023],[98.14192730000008,13.570525900000064],[98.14187500000008,13.570492000000058],[98.14183740000004,13.570430700000031],[98.14180120000003,13.570295100000067],[98.14174490000005,13.570188200000075],[98.14162550000003,13.570051300000046],[98.14153700000008,13.569975700000043],[98.14136800000006,13.569887100000074],[98.14120710000003,13.569846600000062],[98.14109040000005,13.569795800000065],[98.14087720000003,13.569664100000068],[98.14080340000004,13.569612000000063],[98.14073230000008,13.569537700000069],[98.14064650000006,13.56936040000005],[98.14056870000007,13.569226100000037],[98.14041990000004,13.569048800000076],[98.14030990000003,13.56876200000005],[98.14025360000005,13.568660300000033],[98.14009930000003,13.568481700000063],[98.14006580000006,13.568383900000072],[98.14005780000008,13.568262700000048],[98.14008860000007,13.568172700000048],[98.14017440000003,13.568064500000048],[98.14033670000003,13.567908100000068],[98.14055670000005,13.567751600000065],[98.14071220000005,13.567681200000038],[98.14092810000005,13.567625200000066],[98.14114940000007,13.567530000000033],[98.14125000000007,13.567466100000047],[98.14138810000009,13.567324000000042],[98.14142840000005,13.567252300000064],[98.14144040000008,13.567189800000051],[98.14144450000003,13.56694340000007],[98.14139750000004,13.566624000000047],[98.14140160000005,13.566517100000056],[98.14143910000007,13.566434900000047],[98.14152230000008,13.566380200000026],[98.14197820000004,13.56631630000004],[98.14216200000004,13.566300600000034],[98.14227060000007,13.566260200000045],[98.14233090000005,13.566209400000048],[98.14237390000005,13.566122000000064],[98.14240070000005,13.565779200000065],[98.14245160000007,13.565667100000042],[98.14254020000004,13.565562800000066],[98.14264480000008,13.565382800000066],[98.14265550000005,13.565216000000078],[98.14266090000007,13.565028200000029],[98.14223970000006,13.563354300000071],[98.14204800000005,13.562883700000043],[98.14192460000004,13.562608600000033],[98.14189370000008,13.562463900000068],[98.14186160000008,13.562367400000028],[98.14173950000009,13.56218750000005],[98.14167380000004,13.562031000000047],[98.14160940000005,13.561799000000065],[98.14155580000005,13.561719400000072],[98.14144310000006,13.561624300000062],[98.14126610000005,13.561531700000046],[98.14099520000008,13.561190100000033],[98.14083700000003,13.560933300000045],[98.14082490000004,13.560866800000042],[98.14083160000007,13.56081080000007],[98.14085980000004,13.560757300000034],[98.14090670000007,13.560726000000045],[98.14098310000008,13.560722100000078],[98.14108510000005,13.560728600000061],[98.14151150000004,13.560797700000023],[98.14193400000005,13.560848600000043],[98.14243290000007,13.560875900000042],[98.14285260000008,13.56089030000004],[98.14310480000006,13.560885100000064],[98.14336230000004,13.560861600000067],[98.14372030000004,13.560789900000032],[98.14413340000004,13.560703900000021],[98.14478250000008,13.560629500000061],[98.14522240000008,13.560567000000049],[98.14541150000008,13.560534400000051],[98.14591040000005,13.560488700000064],[98.14662110000006,13.560424900000044],[98.14725280000005,13.560371400000065],[98.14753850000005,13.560331000000076],[98.14797700000008,13.560231900000076],[98.14843830000007,13.560174500000073],[98.14885410000005,13.560109400000044],[98.14945890000007,13.560020700000052],[98.15007580000008,13.55993600000005],[98.15071550000005,13.559816000000069],[98.15112990000006,13.55970780000007],[98.15146250000004,13.559624400000075],[98.15181660000007,13.559543500000075],[98.15194130000003,13.559517500000027],[98.15201640000004,13.55951360000006],[98.15249920000008,13.559546100000034],[98.15262790000008,13.55953960000005],[98.15323010000009,13.559456200000056],[98.15378930000008,13.559404000000029],[98.15412060000006,13.559346700000049],[98.15466510000005,13.559152400000073],[98.15502720000006,13.558996000000036],[98.15546170000005,13.558735200000058],[98.15576210000006,13.558486200000061],[98.15591770000003,13.558398900000043],[98.15600620000004,13.55837930000007],[98.15609200000006,13.558374100000037],[98.15630790000006,13.558423600000026],[98.15644200000008,13.55844970000004],[98.15657620000007,13.558453600000064],[98.15681220000005,13.558426200000042],[98.15690200000006,13.558439300000032],[98.15697580000005,13.558475800000053],[98.15709380000004,13.558603600000026],[98.15725160000005,13.558849000000066],[98.15735130000007,13.559101600000076],[98.15741430000008,13.559409300000027],[98.15757660000008,13.559812100000045],[98.15784350000007,13.56023840000006],[98.15798160000008,13.560663300000044],[98.15805940000007,13.560937000000024],[98.15821360000007,13.561268200000029],[98.15832916200009,13.561464655000066],[98.15843760000007,13.561649000000045],[98.15855830000004,13.561741600000062],[98.15869840000005,13.561790400000064],[98.15878630000003,13.561758600000076],[98.15885200000008,13.56170510000004],[98.15901700000006,13.561526300000025],[98.15919400000007,13.561440300000072],[98.15942460000008,13.561393400000043],[98.15960700000005,13.56124740000007],[98.15970360000006,13.561002300000041],[98.15976260000008,13.560866700000076],[98.16004690000005,13.56068410000006],[98.16032050000007,13.560632000000055],[98.16059410000008,13.560642400000063],[98.16077650000005,13.560658100000069],[98.16090520000006,13.560824900000057],[98.16099110000005,13.560971000000052],[98.16107310700005,13.561057506000054],[98.16118420000004,13.561158700000021],[98.16142560000009,13.561278600000037],[98.16175820000007,13.56123690000004],[98.16205860000008,13.56113780000004],[98.16233220000004,13.560955300000046],[98.16247700000008,13.56075190000007],[98.16254475900007,13.560626801000069],[98.16258430000005,13.560553800000037],[98.16266480000007,13.560360800000069],[98.16270360000004,13.560323100000062],[98.16276130000006,13.560267000000067],[98.16295440000005,13.560188700000026],[98.16322800000006,13.56002710000007],[98.16351230000004,13.559844600000076],[98.16372150000007,13.559636000000069],[98.16392000000008,13.559422100000063],[98.16404880000005,13.558874600000024],[98.16429550000004,13.558520000000044],[98.16454230000005,13.558488700000055],[98.16489100000007,13.558327000000077],[98.16512830000005,13.557749200000046],[98.16526250000004,13.557630600000039],[98.16551450000009,13.557634500000063],[98.16579500000006,13.557519900000045],[98.16595770000004,13.557409300000074],[98.16608780000007,13.557239300000049],[98.16619750000007,13.557180000000074],[98.16638860000006,13.557152400000064],[98.16657560000004,13.557191900000078],[98.16667720000004,13.557326300000057],[98.16688460000006,13.557389500000056],[98.16711230000004,13.55736580000007],[98.16742530000005,13.557369700000038],[98.16766920000003,13.557350000000042],[98.16789280000006,13.557310500000028],[98.16806360000004,13.557251200000053],[98.16915230000006,13.55665270000003],[98.16973770000004,13.556186300000036],[98.17021740000007,13.555941300000029],[98.17086790000008,13.555395800000042],[98.17149400000005,13.554787200000021],[98.17217700000003,13.554392000000064],[98.17289250000005,13.553941400000042],[98.17326650000007,13.553490900000043],[98.17342910000008,13.55285850000007],[98.17337210000005,13.552303900000027],[98.17342580000008,13.55206400000003],[98.17400250000009,13.55147990000006],[98.17411510000005,13.551177400000029],[98.17416910000009,13.550732200000027],[98.17429480000004,13.550280400000076],[98.17430820000004,13.549748500000021],[98.17399440000008,13.548822800000039],[98.17380130000004,13.548410800000056],[98.17342580000008,13.548004000000049],[98.17325950000009,13.547550300000069],[98.17315220000006,13.546882700000026],[98.17287860000005,13.546215200000063],[98.17258350000009,13.545372800000052],[98.17189690000004,13.544212600000037],[98.17171720000005,13.544045700000026],[98.17170110000006,13.543933500000037],[98.17179230000005,13.543839700000035],[98.17193180000004,13.54382400000003],[98.17212490000009,13.543878800000073],[98.17225100000007,13.543847500000027],[98.17229390000006,13.543727500000045],[98.17221880000005,13.54337810000004],[98.17177040000007,13.542542900000058],[98.17119960000008,13.541552800000034],[98.17056120000007,13.541125100000045],[98.17038420000006,13.541099100000054],[98.16977260000004,13.54100520000003],[98.16964920000004,13.540900900000054],[98.16955800000005,13.540697500000022],[98.16925760000004,13.540530600000068],[98.16883380000007,13.540426300000036],[98.16876410000003,13.540374100000065],[98.16860320000006,13.540082100000063],[98.16844220000007,13.539930800000036],[98.16822770000005,13.539883900000063],[98.16792730000009,13.539831700000036],[98.16780390000008,13.539753500000074],[98.16776630000004,13.539617900000053],[98.16787900000008,13.539096400000062],[98.16782000000006,13.538835600000027],[98.16761210000004,13.538621800000044],[98.16752200000008,13.538519300000075],[98.16750880000006,13.538462700000025],[98.16751420000008,13.538387100000023],[98.16757720000004,13.538299700000039],[98.16784320000005,13.538147700000025],[98.16802210000009,13.537981700000046],[98.16812170000009,13.537801700000045],[98.16814590000007,13.537653000000034],[98.16812040000008,13.537505700000054],[98.16789850000004,13.537049400000058],[98.16795380000008,13.536403800000073]]]},"geometry_name":"the_geom","properties":{"Road_Type":"Tertiary","Sur_Type":"","Route":"","Remark":""}}],"crs":{"type":"name","properties":{"name":"urn:ogc:def:crs:EPSG::4326"}}}