{"type": "FeatureCollection", "features": [{"type": "Feature", "properties": {"osm_id": 504439016, "building": "yes"}, "geometry": {"type": "Polygon", "coordinates": [[[98.1182346, 13.9420656], [98.1182812, 13.9420591], [98.1182745, 13.9420142], [98.1182279, 13.9420207], [98.1182346, 13.9420656]]]}}, {"type": "Feature", "properties": {"osm_id": 504439017, "building": "yes"}, "geometry": {"type": "Polygon", "coordinates": [[[98.1181475, 13.9420383], [98.1181912, 13.942033], [98.1181845, 13.9419809], [98.1181408, 13.9419862], [98.1181475, 13.9420383]]]}}, {"type": "Feature", "properties": {"osm_id": 504439018, "building": "yes"}, "geometry": {"type": "Polygon", "coordinates": [[[98.1180335, 13.942052], [98.1180824, 13.9420505], [98.1180804, 13.9419874], [98.1180315, 13.9419888], [98.1180335, 13.942052]]]}}, {"type": "Feature", "properties": {"osm_id": 504439019, "building": "yes"}, "geometry": {"type": "Polygon", "coordinates": [[[98.1184304, 13.9427503], [98.1184774, 13.9427405], [98.1184699, 13.9427064], [98.1184229, 13.9427161], [98.1184304, 13.9427503]]]}}, {"type": "Feature", "properties": {"osm_id": 504439020, "building": "yes"}, "geometry": {"type": "Polygon", "coordinates": [[[98.1184962, 13.9427275], [98.1185404, 13.9427184], [98.1185325, 13.9426823], [98.1184883, 13.9426914], [98.1184962, 13.9427275]]]}}, {"type": "Feature", "properties": {"osm_id": 504445707, "building": "yes"}, "geometry": {"type": "Polygon", "coordinates": [[[98.1289789, 13.941981], [98.1290355, 13.9420077], [98.1290824, 13.941914], [98.1290258, 13.9418873], [98.1289789, 13.941981]]]}}, {"type": "Feature", "properties": {"osm_id": 504445708, "building": "yes"}, "geometry": {"type": "Polygon", "coordinates": [[[98.1291667, 13.9417715], [98.129231, 13.941798], [98.1292578, 13.9417369], [98.1291935, 13.9417103], [98.1291667, 13.9417715]]]}}, {"type": "Feature", "properties": {"osm_id": 504445709, "building": "yes"}, "geometry": {"type": "Polygon", "coordinates": [[[98.1293625, 13.9418912], [98.129433, 13.9419102], [98.1294571, 13.9418256], [98.1293866, 13.9418066], [98.1293625, 13.9418912]]]}}, {"type": "Feature", "properties": {"osm_id": 504445710, "building": "yes"}, "geometry": {"type": "Polygon", "coordinates": [[[98.1295127, 13.9419303], [98.1295786, 13.9419464], [98.1296148, 13.9418071], [98.1295489, 13.941791], [98.1295127, 13.9419303]]]}}, {"type": "Feature", "properties": {"osm_id": 504445711, "building": "yes"}, "geometry": {"type": "Polygon", "coordinates": [[[98.1313942, 13.9428466], [98.1314632, 13.9428579], [98.1314779, 13.9427733], [98.131409, 13.942762], [98.1313942, 13.9428466]]]}}, {"type": "Feature", "properties": {"osm_id": 504445712, "building": "yes"}, "geometry": {"type": "Polygon", "coordinates": [[[98.1312802, 13.9428492], [98.1313523, 13.9428583], [98.131367, 13.942749], [98.131295, 13.9427399], [98.1312802, 13.9428492]]]}}, {"type": "Feature", "properties": {"osm_id": 504445713, "building": "yes"}, "geometry": {"type": "Polygon", "coordinates": [[[98.1311716, 13.943129], [98.1312395, 13.9431343], [98.1312462, 13.9430536], [98.1311783, 13.9430483], [98.1311716, 13.943129]]]}}, {"type": "Feature", "properties": {"osm_id": 504445714, "building": "yes"}, "geometry": {"type": "Polygon", "coordinates": [[[98.1309517, 13.94328], [98.1310221, 13.9432872], [98.1310302, 13.943213], [98.1309597, 13.9432058], [98.1309517, 13.94328]]]}}, {"type": "Feature", "properties": {"osm_id": 504445715, "building": "yes"}, "geometry": {"type": "Polygon", "coordinates": [[[98.1310536, 13.9430965], [98.1311394, 13.9431056], [98.1311469, 13.943039], [98.1310611, 13.9430299], [98.1310536, 13.9430965]]]}}, {"type": "Feature", "properties": {"osm_id": 504445717, "building": "yes"}, "geometry": {"type": "Polygon", "coordinates": [[[98.1351426, 13.942965], [98.1351909, 13.9429664], [98.1352017, 13.9426111], [98.1351534, 13.9426097], [98.1351426, 13.942965]]]}}, {"type": "Feature", "properties": {"osm_id": 504445718, "building": "yes"}, "geometry": {"type": "Polygon", "coordinates": [[[98.1352325, 13.9428192], [98.1354323, 13.9428232], [98.1354342, 13.9427293], [98.1352344, 13.9427254], [98.1352325, 13.9428192]]]}}, {"type": "Feature", "properties": {"osm_id": 504445719, "building": "yes"}, "geometry": {"type": "Polygon", "coordinates": [[[98.1339851, 13.9428527], [98.1340803, 13.9428536], [98.1340816, 13.9427208], [98.1339865, 13.9427199], [98.1339851, 13.9428527]]]}}, {"type": "Feature", "properties": {"osm_id": 504445720, "building": "yes"}, "geometry": {"type": "Polygon", "coordinates": [[[98.1346571, 13.9432019], [98.1347242, 13.9432019], [98.1347242, 13.9431199], [98.1346571, 13.9431199], [98.1346571, 13.9432019]]]}}, {"type": "Feature", "properties": {"osm_id": 504445721, "building": "yes"}, "geometry": {"type": "Polygon", "coordinates": [[[98.1346183, 13.9437967], [98.1346999, 13.9437984], [98.1347025, 13.9436721], [98.1346209, 13.9436705], [98.1346183, 13.9437967]]]}}, {"type": "Feature", "properties": {"osm_id": 504447448, "building": "yes"}, "geometry": {"type": "Polygon", "coordinates": [[[98.1247303, 13.9235471], [98.1247947, 13.9235523], [98.1247997, 13.9234932], [98.1247354, 13.9234879], [98.1247303, 13.9235471]]]}}, {"type": "Feature", "properties": {"osm_id": 504447449, "building": "yes"}, "geometry": {"type": "Polygon", "coordinates": [[[98.1247142, 13.9237541], [98.1247651, 13.923753], [98.1247638, 13.9236905], [98.1247129, 13.9236916], [98.1247142, 13.9237541]]]}}, {"type": "Feature", "properties": {"osm_id": 504447450, "building": "yes"}, "geometry": {"type": "Polygon", "coordinates": [[[98.1246895, 13.9236273], [98.124692, 13.9235631], [98.1248058, 13.9235673], [98.1248021, 13.9236627], [98.1247136, 13.9236594], [98.1247149, 13.9236283], [98.1246895, 13.9236273]]]}}, {"type": "Feature", "properties": {"osm_id": 504447451, "building": "yes"}, "geometry": {"type": "Polygon", "coordinates": [[[98.1246109, 13.9236629], [98.1246687, 13.9236639], [98.12467, 13.9235871], [98.1246123, 13.9235861], [98.1246109, 13.9236629]]]}}, {"type": "Feature", "properties": {"osm_id": 504447452, "building": "yes"}, "geometry": {"type": "Polygon", "coordinates": [[[98.1248738, 13.9237775], [98.1249367, 13.9237754], [98.1249327, 13.9236621], [98.1248698, 13.9236642], [98.1248738, 13.9237775]]]}}, {"type": "Feature", "properties": {"osm_id": 504447453, "building": "yes"}, "geometry": {"type": "Polygon", "coordinates": [[[98.1249886, 13.9239781], [98.1249857, 13.9239461], [98.1249437, 13.9239497], [98.124939, 13.9238985], [98.1249838, 13.9238946], [98.1249799, 13.9238512], [98.1250424, 13.9238459], [98.1250539, 13.9239725], [98.1249886, 13.9239781]]]}}, {"type": "Feature", "properties": {"osm_id": 504447454, "building": "yes"}, "geometry": {"type": "Polygon", "coordinates": [[[98.125138, 13.9241185], [98.125248, 13.9241185], [98.125248, 13.9240469], [98.125138, 13.9240469], [98.125138, 13.9241185]]]}}, {"type": "Feature", "properties": {"osm_id": 504447455, "building": "yes"}, "geometry": {"type": "Polygon", "coordinates": [[[98.12537, 13.9239623], [98.1254273, 13.923965], [98.1254313, 13.923883], [98.125374, 13.9238803], [98.12537, 13.9239623]]]}}, {"type": "Feature", "properties": {"osm_id": 504447456, "building": "yes"}, "geometry": {"type": "Polygon", "coordinates": [[[98.1253123, 13.9238126], [98.1255645, 13.9238335], [98.1255734, 13.9237318], [98.1253212, 13.923711], [98.1253123, 13.9238126]]]}}, {"type": "Feature", "properties": {"osm_id": 504447457, "building": "yes"}, "geometry": {"type": "Polygon", "coordinates": [[[98.1258219, 13.9313532], [98.1259123, 13.9313849], [98.1260008, 13.9311467], [98.1259105, 13.931115], [98.1258219, 13.9313532]]]}}, {"type": "Feature", "properties": {"osm_id": 504447461, "building": "yes"}, "geometry": {"type": "Polygon", "coordinates": [[[98.1241429, 13.9388468], [98.1243167, 13.938848], [98.1243172, 13.9387829], [98.1241434, 13.9387817], [98.1241429, 13.9388468]]]}}, {"type": "Feature", "properties": {"osm_id": 504447462, "building": "yes"}, "geometry": {"type": "Polygon", "coordinates": [[[98.1239578, 13.9388455], [98.1241429, 13.9388468], [98.1241434, 13.9387817], [98.1239583, 13.9387804], [98.1239578, 13.9388455]]]}}, {"type": "Feature", "properties": {"osm_id": 504447465, "building": "yes"}, "geometry": {"type": "Polygon", "coordinates": [[[98.1237473, 13.9407679], [98.12384, 13.9407711], [98.123844, 13.9406618], [98.1237513, 13.9406586], [98.1237473, 13.9407679]]]}}, {"type": "Feature", "properties": {"osm_id": 504447466, "building": "yes"}, "geometry": {"type": "Polygon", "coordinates": [[[98.1241952, 13.9408083], [98.1242584, 13.9408098], [98.1242611, 13.9407044], [98.1241979, 13.9407029], [98.1241952, 13.9408083]]]}}, {"type": "Feature", "properties": {"osm_id": 504447467, "building": "yes"}, "geometry": {"type": "Polygon", "coordinates": [[[98.1240892, 13.94101], [98.1241965, 13.9410126], [98.1241985, 13.9409345], [98.1240913, 13.9409319], [98.1240892, 13.94101]]]}}, {"type": "Feature", "properties": {"osm_id": 504447468, "building": "yes"}, "geometry": {"type": "Polygon", "coordinates": [[[98.1239806, 13.9413654], [98.1241617, 13.941381], [98.1241697, 13.9412933], [98.1239886, 13.9412776], [98.1239806, 13.9413654]]]}}, {"type": "Feature", "properties": {"osm_id": 504447469, "building": "yes"}, "geometry": {"type": "Polygon", "coordinates": [[[98.1238572, 13.941256], [98.1239668, 13.9412652], [98.1239923, 13.9409775], [98.1238827, 13.9409684], [98.1238572, 13.941256]]]}}, {"type": "Feature", "properties": {"osm_id": 505459641, "building": "yes"}, "geometry": {"type": "Polygon", "coordinates": [[[98.1401065, 13.9128306], [98.139942, 13.9128421], [98.1399445, 13.9128757], [98.1402155, 13.9128567], [98.1402129, 13.9128221], [98.1401451, 13.9128268], [98.1401383, 13.9127355], [98.1400996, 13.9127382], [98.1401065, 13.9128306]]]}}, {"type": "Feature", "properties": {"osm_id": 505459645, "building": "yes"}, "geometry": {"type": "Polygon", "coordinates": [[[98.1398732, 13.9129043], [98.139928, 13.9129012], [98.1399242, 13.9128365], [98.1398694, 13.9128396], [98.1398732, 13.9129043]]]}}, {"type": "Feature", "properties": {"osm_id": 505459648, "building": "yes"}, "geometry": {"type": "Polygon", "coordinates": [[[98.1400837, 13.9127902], [98.1400281, 13.9128141], [98.139982, 13.9127679], [98.140009, 13.9127208], [98.140071, 13.9127255], [98.1400837, 13.9127902]]]}}, {"type": "Feature", "properties": {"osm_id": 505459698, "building": "yes"}, "geometry": {"type": "Polygon", "coordinates": [[[98.1351985, 13.9067135], [98.1352928, 13.9066983], [98.1352632, 13.9065251], [98.1351689, 13.9065403], [98.1351985, 13.9067135]]]}}, {"type": "Feature", "properties": {"osm_id": 505459702, "building": "yes"}, "geometry": {"type": "Polygon", "coordinates": [[[98.1359614, 13.9071453], [98.1360783, 13.9071295], [98.1360687, 13.9070631], [98.1359518, 13.907079], [98.1359614, 13.9071453]]]}}, {"type": "Feature", "properties": {"osm_id": 505468246, "building": "yes"}, "geometry": {"type": "Polygon", "coordinates": [[[98.1363088, 13.9080878], [98.1363982, 13.9080756], [98.1363779, 13.9079365], [98.1362886, 13.9079487], [98.1363088, 13.9080878]]]}}, {"type": "Feature", "properties": {"osm_id": 505468248, "building": "yes"}, "geometry": {"type": "Polygon", "coordinates": [[[98.1352132, 13.9078615], [98.1352731, 13.9078593], [98.1352699, 13.9077752], [98.13521, 13.9077774], [98.1352132, 13.9078615]]]}}, {"type": "Feature", "properties": {"osm_id": 505468250, "building": "yes"}, "geometry": {"type": "Polygon", "coordinates": [[[98.135342, 13.9078505], [98.1354157, 13.9078497], [98.1354149, 13.9077789], [98.1353412, 13.9077797], [98.135342, 13.9078505]]]}}, {"type": "Feature", "properties": {"osm_id": 505468252, "building": "yes"}, "geometry": {"type": "Polygon", "coordinates": [[[98.1355663, 13.9078528], [98.1356473, 13.9078465], [98.1356409, 13.9077696], [98.1355599, 13.9077759], [98.1355663, 13.9078528]]]}}, {"type": "Feature", "properties": {"osm_id": 505468254, "building": "yes"}, "geometry": {"type": "Polygon", "coordinates": [[[98.1358011, 13.9078104], [98.1358756, 13.9078033], [98.1358667, 13.9077152], [98.1357922, 13.9077223], [98.1358011, 13.9078104]]]}}, {"type": "Feature", "properties": {"osm_id": 505468256, "building": "yes"}, "geometry": {"type": "Polygon", "coordinates": [[[98.1360238, 13.9078025], [98.1361037, 13.9077935], [98.1360924, 13.9076984], [98.1360125, 13.9077074], [98.1360238, 13.9078025]]]}}, {"type": "Feature", "properties": {"osm_id": 505468258, "building": "yes"}, "geometry": {"type": "Polygon", "coordinates": [[[98.1363542, 13.9077153], [98.136403, 13.907703], [98.136386, 13.9076393], [98.1363372, 13.9076516], [98.1363542, 13.9077153]]]}}, {"type": "Feature", "properties": {"osm_id": 505468260, "building": "yes"}, "geometry": {"type": "Polygon", "coordinates": [[[98.1364173, 13.907698], [98.1364877, 13.9076817], [98.1364618, 13.9075763], [98.1363914, 13.9075926], [98.1364173, 13.907698]]]}}, {"type": "Feature", "properties": {"osm_id": 505468262, "building": "yes"}, "geometry": {"type": "Polygon", "coordinates": [[[98.1366093, 13.9076671], [98.1366049, 13.9076443], [98.1365772, 13.9076493], [98.1365673, 13.9075986], [98.1366376, 13.9075857], [98.1366519, 13.9076593], [98.1366093, 13.9076671]]]}}, {"type": "Feature", "properties": {"osm_id": 505468264, "building": "yes"}, "geometry": {"type": "Polygon", "coordinates": [[[98.1366959, 13.9076807], [98.1367881, 13.9076616], [98.1367654, 13.9075586], [98.1366732, 13.9075777], [98.1366959, 13.9076807]]]}}, {"type": "Feature", "properties": {"osm_id": 505468266, "building": "yes"}, "geometry": {"type": "Polygon", "coordinates": [[[98.1370627, 13.9076123], [98.1371307, 13.9075964], [98.1371089, 13.9075083], [98.1370408, 13.9075243], [98.1370627, 13.9076123]]]}}, {"type": "Feature", "properties": {"osm_id": 505468268, "building": "yes"}, "geometry": {"type": "Polygon", "coordinates": [[[98.1376247, 13.9078827], [98.1376943, 13.9078827], [98.1376943, 13.9078426], [98.1376247, 13.9078426], [98.1376247, 13.9078827]]]}}, {"type": "Feature", "properties": {"osm_id": 505468270, "building": "yes"}, "geometry": {"type": "Polygon", "coordinates": [[[98.1376198, 13.9078206], [98.1376968, 13.9078229], [98.1377008, 13.9076932], [98.1376239, 13.9076909], [98.1376198, 13.9078206]]]}}, {"type": "Feature", "properties": {"osm_id": 505468272, "building": "yes"}, "geometry": {"type": "Polygon", "coordinates": [[[98.1380004, 13.9074339], [98.1380737, 13.9074285], [98.138064, 13.9073028], [98.1379907, 13.9073081], [98.1380004, 13.9074339]]]}}, {"type": "Feature", "properties": {"osm_id": 505468274, "building": "yes"}, "geometry": {"type": "Polygon", "coordinates": [[[98.1381057, 13.9077074], [98.1381972, 13.9077074], [98.1381972, 13.9076147], [98.1381057, 13.9076147], [98.1381057, 13.9077074]]]}}, {"type": "Feature", "properties": {"osm_id": 505468276, "building": "yes"}, "geometry": {"type": "Polygon", "coordinates": [[[98.1368967, 13.9080721], [98.1370821, 13.908036], [98.1370634, 13.9079454], [98.136878, 13.9079816], [98.1368967, 13.9080721]]]}}, {"type": "Feature", "properties": {"osm_id": 505468278, "building": "yes"}, "geometry": {"type": "Polygon", "coordinates": [[[98.1397584, 13.9087921], [98.1398523, 13.9087913], [98.1398519, 13.9087394], [98.1397579, 13.9087402], [98.1397584, 13.9087921]]]}}, {"type": "Feature", "properties": {"osm_id": 505468283, "building": "yes"}, "geometry": {"type": "Polygon", "coordinates": [[[98.1395389, 13.9083409], [98.1396199, 13.9083401], [98.1396193, 13.9082772], [98.1395383, 13.908278], [98.1395389, 13.9083409]]]}}, {"type": "Feature", "properties": {"osm_id": 505468285, "building": "yes"}, "geometry": {"type": "Polygon", "coordinates": [[[98.1396677, 13.908429], [98.1397811, 13.908429], [98.1397811, 13.9083512], [98.1396677, 13.9083512], [98.1396677, 13.908429]]]}}, {"type": "Feature", "properties": {"osm_id": 505468287, "building": "yes"}, "geometry": {"type": "Polygon", "coordinates": [[[98.1396701, 13.9083354], [98.1397762, 13.9083362], [98.1397766, 13.9082867], [98.1396705, 13.9082859], [98.1396701, 13.9083354]]]}}, {"type": "Feature", "properties": {"osm_id": 505468289, "building": "yes"}, "geometry": {"type": "Polygon", "coordinates": [[[98.1396758, 13.9082726], [98.139777, 13.9082726], [98.139777, 13.9082222], [98.1396758, 13.9082222], [98.1396758, 13.9082726]]]}}, {"type": "Feature", "properties": {"osm_id": 505468291, "building": "yes"}, "geometry": {"type": "Polygon", "coordinates": [[[98.1395535, 13.9081114], [98.1396936, 13.9081067], [98.1396901, 13.9080077], [98.13955, 13.9080124], [98.1395535, 13.9081114]]]}}, {"type": "Feature", "properties": {"osm_id": 505468293, "building": "yes"}, "geometry": {"type": "Polygon", "coordinates": [[[98.1395316, 13.9079047], [98.1396636, 13.9079], [98.1396603, 13.9078107], [98.1395283, 13.9078154], [98.1395316, 13.9079047]]]}}, {"type": "Feature", "properties": {"osm_id": 505468295, "building": "yes"}, "geometry": {"type": "Polygon", "coordinates": [[[98.1395325, 13.9077326], [98.1396693, 13.9077098], [98.1396587, 13.90765], [98.1395219, 13.9076728], [98.1395325, 13.9077326]]]}}, {"type": "Feature", "properties": {"osm_id": 505468297, "building": "yes"}, "geometry": {"type": "Polygon", "coordinates": [[[98.1394369, 13.907606], [98.1395292, 13.9075997], [98.1395251, 13.9075429], [98.1394328, 13.9075492], [98.1394369, 13.907606]]]}}, {"type": "Feature", "properties": {"osm_id": 505468299, "building": "yes"}, "geometry": {"type": "Polygon", "coordinates": [[[98.1394758, 13.9073836], [98.1396142, 13.90736], [98.1396052, 13.9073098], [98.1394667, 13.9073334], [98.1394758, 13.9073836]]]}}, {"type": "Feature", "properties": {"osm_id": 505468301, "building": "yes"}, "geometry": {"type": "Polygon", "coordinates": [[[98.1391235, 13.9074716], [98.1392426, 13.907452], [98.1392308, 13.9073846], [98.1391117, 13.9074042], [98.1391235, 13.9074716]]]}}, {"type": "Feature", "properties": {"osm_id": 505468302, "building": "yes"}, "geometry": {"type": "Polygon", "coordinates": [[[98.1390482, 13.9078693], [98.1391235, 13.9078688], [98.1391227, 13.9077635], [98.1390474, 13.907764], [98.1390482, 13.9078693]]]}}, {"type": "Feature", "properties": {"osm_id": 505468364, "building": "yes"}, "geometry": {"type": "Polygon", "coordinates": [[[98.132141, 13.923428], [98.1322018, 13.9233932], [98.1321589, 13.9233225], [98.1320981, 13.9233572], [98.132141, 13.923428]]]}}, {"type": "Feature", "properties": {"osm_id": 505468366, "building": "yes"}, "geometry": {"type": "Polygon", "coordinates": [[[98.1323103, 13.9233643], [98.132392, 13.9233262], [98.132341, 13.9232232], [98.1322592, 13.9232614], [98.1323103, 13.9233643]]]}}, {"type": "Feature", "properties": {"osm_id": 505468368, "building": "yes"}, "geometry": {"type": "Polygon", "coordinates": [[[98.1327374, 13.9230848], [98.13271, 13.9230376], [98.1327319, 13.9230256], [98.1327042, 13.9229777], [98.1327768, 13.922938], [98.132832, 13.9230331], [98.1327374, 13.9230848]]]}}, {"type": "Feature", "properties": {"osm_id": 505468370, "building": "yes"}, "geometry": {"type": "Polygon", "coordinates": [[[98.1331573, 13.9228055], [98.1331966, 13.922777], [98.1331464, 13.9227118], [98.1331071, 13.9227403], [98.1331573, 13.9228055]]]}}, {"type": "Feature", "properties": {"osm_id": 505468372, "building": "yes"}, "geometry": {"type": "Polygon", "coordinates": [[[98.1333808, 13.9227403], [98.1334356, 13.9227076], [98.1333587, 13.9225858], [98.1333038, 13.9226184], [98.1333808, 13.9227403]]]}}, {"type": "Feature", "properties": {"osm_id": 505468373, "building": "yes"}, "geometry": {"type": "Polygon", "coordinates": [[[98.1334909, 13.9226585], [98.1335471, 13.9226249], [98.1334766, 13.9225141], [98.1334204, 13.9225477], [98.1334909, 13.9226585]]]}}, {"type": "Feature", "properties": {"osm_id": 505468375, "building": "yes"}, "geometry": {"type": "Polygon", "coordinates": [[[98.1342804, 13.9221288], [98.1343614, 13.9220848], [98.1343298, 13.92203], [98.1342488, 13.922074], [98.1342804, 13.9221288]]]}}, {"type": "Feature", "properties": {"osm_id": 505468377, "building": "yes"}, "geometry": {"type": "Polygon", "coordinates": [[[98.1336698, 13.9224463], [98.1337398, 13.9224042], [98.1336896, 13.9223256], [98.1336196, 13.9223677], [98.1336698, 13.9224463]]]}}, {"type": "Feature", "properties": {"osm_id": 505468379, "building": "yes"}, "geometry": {"type": "Polygon", "coordinates": [[[98.1346658, 13.9219842], [98.1346918, 13.9220214], [98.1347946, 13.9219538], [98.1347687, 13.9219166], [98.1346658, 13.9219842]]]}}, {"type": "Feature", "properties": {"osm_id": 505468381, "building": "yes"}, "geometry": {"type": "Polygon", "coordinates": [[[98.1346885, 13.9219551], [98.1347438, 13.9219186], [98.1346612, 13.9218007], [98.1346059, 13.9218372], [98.1346885, 13.9219551]]]}}, {"type": "Feature", "properties": {"osm_id": 505468383, "building": "yes"}, "geometry": {"type": "Polygon", "coordinates": [[[98.1348989, 13.9218239], [98.1348683, 13.9217799], [98.1348902, 13.9217655], [98.1348537, 13.9217128], [98.1349129, 13.9216741], [98.13498, 13.9217709], [98.1348989, 13.9218239]]]}}, {"type": "Feature", "properties": {"osm_id": 508403998, "building": "yes"}, "geometry": {"type": "Polygon", "coordinates": [[[98.1391069, 13.8973033], [98.1390882, 13.8974023], [98.1393302, 13.8974456], [98.139349, 13.8973466], [98.1391069, 13.8973033]]]}}, {"type": "Feature", "properties": {"osm_id": 508572595, "building": "yes"}, "geometry": {"type": "Polygon", "coordinates": [[[98.1395267, 13.8998927], [98.1395267, 13.8999513], [98.1396528, 13.8999513], [98.1396528, 13.8998927], [98.1395267, 13.8998927]]]}}, {"type": "Feature", "properties": {"osm_id": 508572596, "building": "yes"}, "geometry": {"type": "Polygon", "coordinates": [[[98.128954, 13.9018635], [98.128954, 13.9019416], [98.1290506, 13.9019416], [98.1290506, 13.9018635], [98.128954, 13.9018635]]]}}, {"type": "Feature", "properties": {"osm_id": 508572597, "building": "yes"}, "geometry": {"type": "Polygon", "coordinates": [[[98.1286628, 13.9018378], [98.1286505, 13.9019952], [98.1288439, 13.9020093], [98.1288561, 13.901852], [98.1286628, 13.9018378]]]}}, {"type": "Feature", "properties": {"osm_id": 508572601, "building": "yes"}, "geometry": {"type": "Polygon", "coordinates": [[[98.1347644, 13.9057522], [98.1346947, 13.9057535], [98.134697, 13.9058684], [98.1347667, 13.9058671], [98.1347644, 13.9057522]]]}}, {"type": "Feature", "properties": {"osm_id": 508572602, "building": "yes"}, "geometry": {"type": "Polygon", "coordinates": [[[98.1356388, 13.9058238], [98.1355409, 13.9058355], [98.1355485, 13.9058951], [98.1356464, 13.9058834], [98.1356388, 13.9058238]]]}}, {"type": "Feature", "properties": {"osm_id": 508572603, "building": "yes"}, "geometry": {"type": "Polygon", "coordinates": [[[98.1359406, 13.9055569], [98.1360197, 13.9056545], [98.1360725, 13.9056142], [98.1359934, 13.9055166], [98.1359406, 13.9055569]]]}}, {"type": "Feature", "properties": {"osm_id": 508572604, "building": "yes"}, "geometry": {"type": "Polygon", "coordinates": [[[98.1356469, 13.9059552], [98.1355342, 13.9059631], [98.1355384, 13.90602], [98.1356511, 13.9060121], [98.1356469, 13.9059552]]]}}, {"type": "Feature", "properties": {"osm_id": 508572605, "building": "yes"}, "geometry": {"type": "Polygon", "coordinates": [[[98.139528, 13.9119916], [98.1393845, 13.9120124], [98.139391, 13.9120544], [98.1395345, 13.9120336], [98.139528, 13.9119916]]]}}, {"type": "Feature", "properties": {"osm_id": 508572606, "building": "yes"}, "geometry": {"type": "Polygon", "coordinates": [[[98.1399438, 13.9121387], [98.1398217, 13.9121361], [98.1398202, 13.9122048], [98.1399422, 13.9122074], [98.1399438, 13.9121387]]]}}, {"type": "Feature", "properties": {"osm_id": 508572607, "building": "yes"}, "geometry": {"type": "Polygon", "coordinates": [[[98.1399357, 13.9120372], [98.1398217, 13.9120437], [98.1398256, 13.9121073], [98.1399396, 13.9121008], [98.1399357, 13.9120372]]]}}, {"type": "Feature", "properties": {"osm_id": 508572617, "building": "yes"}, "geometry": {"type": "Polygon", "coordinates": [[[98.1400859, 13.9136188], [98.1399854, 13.9136461], [98.1400029, 13.913707], [98.1401035, 13.9136797], [98.1400859, 13.9136188]]]}}, {"type": "Feature", "properties": {"osm_id": 508572619, "building": "yes"}, "geometry": {"type": "Polygon", "coordinates": [[[98.1400484, 13.9145118], [98.1399398, 13.9145782], [98.1399767, 13.9146352], [98.1400853, 13.9145688], [98.1400484, 13.9145118]]]}}, {"type": "Feature", "properties": {"osm_id": 508572620, "building": "yes"}, "geometry": {"type": "Polygon", "coordinates": [[[98.1399947, 13.9143777], [98.1398378, 13.9144441], [98.1398673, 13.9145098], [98.1400243, 13.9144434], [98.1399947, 13.9143777]]]}}, {"type": "Feature", "properties": {"osm_id": 508572621, "building": "yes"}, "geometry": {"type": "Polygon", "coordinates": [[[98.1398244, 13.9139885], [98.139693, 13.9140341], [98.1397154, 13.914095], [98.1398468, 13.9140494], [98.1398244, 13.9139885]]]}}, {"type": "Feature", "properties": {"osm_id": 508572622, "building": "yes"}, "geometry": {"type": "Polygon", "coordinates": [[[98.1397896, 13.9139195], [98.1397131, 13.9139482], [98.1397347, 13.9140024], [98.1398111, 13.9139738], [98.1397896, 13.9139195]]]}}, {"type": "Feature", "properties": {"osm_id": 508572623, "building": "yes"}, "geometry": {"type": "Polygon", "coordinates": [[[98.1397735, 13.9137737], [98.1396675, 13.9137932], [98.1396799, 13.9138564], [98.1397858, 13.9138368], [98.1397735, 13.9137737]]]}}, {"type": "Feature", "properties": {"osm_id": 508572624, "building": "yes"}, "geometry": {"type": "Polygon", "coordinates": [[[98.1397574, 13.9136878], [98.1396595, 13.9137047], [98.1396694, 13.9137587], [98.1397673, 13.9137418], [98.1397574, 13.9136878]]]}}, {"type": "Feature", "properties": {"osm_id": 508572625, "building": "yes"}, "geometry": {"type": "Polygon", "coordinates": [[[98.139689, 13.9134665], [98.1395884, 13.9134743], [98.1395912, 13.9135086], [98.1396918, 13.9135008], [98.139689, 13.9134665]]]}}, {"type": "Feature", "properties": {"osm_id": 508572626, "building": "yes"}, "geometry": {"type": "Polygon", "coordinates": [[[98.1396849, 13.9133949], [98.139587, 13.9134027], [98.1395917, 13.9134576], [98.1396896, 13.9134497], [98.1396849, 13.9133949]]]}}, {"type": "Feature", "properties": {"osm_id": 508572627, "building": "yes"}, "geometry": {"type": "Polygon", "coordinates": [[[98.1395857, 13.912869], [98.1394127, 13.9128677], [98.1394123, 13.9129237], [98.1395853, 13.912925], [98.1395857, 13.912869]]]}}, {"type": "Feature", "properties": {"osm_id": 508572628, "building": "yes"}, "geometry": {"type": "Polygon", "coordinates": [[[98.1395589, 13.9126815], [98.1394275, 13.9126815], [98.1394275, 13.912757], [98.1395589, 13.912757], [98.1395589, 13.9126815]]]}}, {"type": "Feature", "properties": {"osm_id": 508572629, "building": "yes"}, "geometry": {"type": "Polygon", "coordinates": [[[98.1395213, 13.9125097], [98.1393859, 13.9125097], [98.1393859, 13.9125865], [98.1395213, 13.9125865], [98.1395213, 13.9125097]]]}}, {"type": "Feature", "properties": {"osm_id": 508572630, "building": "yes"}, "geometry": {"type": "Polygon", "coordinates": [[[98.1397346, 13.9094883], [98.1397346, 13.9094258], [98.1395763, 13.9094258], [98.1395763, 13.9094883], [98.1397346, 13.9094883]]]}}, {"type": "Feature", "properties": {"osm_id": 508572631, "building": "yes"}, "geometry": {"type": "Polygon", "coordinates": [[[98.1392933, 13.9104868], [98.139292, 13.9105492], [98.1393917, 13.9105513], [98.1393931, 13.9104888], [98.1392933, 13.9104868]]]}}, {"type": "Feature", "properties": {"osm_id": 508572632, "building": "yes"}, "geometry": {"type": "Polygon", "coordinates": [[[98.1393872, 13.9106195], [98.1392705, 13.9106261], [98.1392747, 13.9106958], [98.1393913, 13.9106893], [98.1393872, 13.9106195]]]}}, {"type": "Feature", "properties": {"osm_id": 508572633, "building": "yes"}, "geometry": {"type": "Polygon", "coordinates": [[[98.1393832, 13.9103019], [98.1392075, 13.9103188], [98.1392135, 13.910377], [98.1393891, 13.91036], [98.1393832, 13.9103019]]]}}, {"type": "Feature", "properties": {"osm_id": 508572634, "building": "residential"}, "geometry": {"type": "Polygon", "coordinates": [[[98.1392805, 13.9100678], [98.1392834, 13.910116], [98.1393859, 13.9101103], [98.1393831, 13.9100621], [98.1392805, 13.9100678]]]}}, {"type": "Feature", "properties": {"osm_id": 508572635, "building": "residential"}, "geometry": {"type": "Polygon", "coordinates": [[[98.1391205, 13.9096393], [98.139128, 13.9096925], [98.1392724, 13.9096731], [98.1392649, 13.90962], [98.1391205, 13.9096393]]]}}, {"type": "Feature", "properties": {"osm_id": 508572636, "building": "residential"}, "geometry": {"type": "Polygon", "coordinates": [[[98.1397533, 13.911063], [98.1397575, 13.9111242], [98.1398252, 13.9111199], [98.139821, 13.9110586], [98.1397533, 13.911063]]]}}, {"type": "Feature", "properties": {"osm_id": 508572637, "building": "residential"}, "geometry": {"type": "Polygon", "coordinates": [[[98.1397463, 13.9109907], [98.1397495, 13.9110401], [98.1398375, 13.9110347], [98.1398343, 13.9109853], [98.1397463, 13.9109907]]]}}, {"type": "Feature", "properties": {"osm_id": 508572638, "building": "residential"}, "geometry": {"type": "Polygon", "coordinates": [[[98.139741, 13.9109085], [98.1397454, 13.910976], [98.1398689, 13.9109685], [98.1398646, 13.910901], [98.139741, 13.9109085]]]}}, {"type": "Feature", "properties": {"osm_id": 508572639, "building": "residential"}, "geometry": {"type": "Polygon", "coordinates": [[[98.1397497, 13.9108196], [98.1397582, 13.9108884], [98.1398622, 13.9108764], [98.1398538, 13.9108076], [98.1397497, 13.9108196]]]}}, {"type": "Feature", "properties": {"osm_id": 508572640, "building": "residential"}, "geometry": {"type": "Polygon", "coordinates": [[[98.1397529, 13.9107289], [98.1397807, 13.9107999], [98.1398746, 13.9107653], [98.1398539, 13.9107124], [98.1397915, 13.9107354], [98.1397844, 13.9107173], [98.1397529, 13.9107289]]]}}, {"type": "Feature", "properties": {"osm_id": 508572641, "building": "residential"}, "geometry": {"type": "Polygon", "coordinates": [[[98.1393879, 13.9108675], [98.1393959, 13.9109456], [98.1392752, 13.9109574], [98.1392672, 13.9108792], [98.1393879, 13.9108675]]]}}, {"type": "Feature", "properties": {"osm_id": 508572642, "building": "residential"}, "geometry": {"type": "Polygon", "coordinates": [[[98.1397056, 13.9095408], [98.13971, 13.9095884], [98.139795, 13.909581], [98.1397906, 13.9095333], [98.1397056, 13.9095408]]]}}, {"type": "Feature", "properties": {"osm_id": 508572643, "building": "residential"}, "geometry": {"type": "Polygon", "coordinates": [[[98.1396758, 13.9096679], [98.139683, 13.9097235], [98.1398188, 13.909707], [98.1398116, 13.9096514], [98.1396758, 13.9096679]]]}}, {"type": "Feature", "properties": {"osm_id": 508572644, "building": "residential"}, "geometry": {"type": "Polygon", "coordinates": [[[98.1397732, 13.9112842], [98.1397737, 13.9113356], [98.1399199, 13.9113342], [98.1399194, 13.9112827], [98.1397732, 13.9112842]]]}}, {"type": "Feature", "properties": {"osm_id": 508572645, "building": "residential"}, "geometry": {"type": "Polygon", "coordinates": [[[98.1396411, 13.9102727], [98.1396429, 13.9103378], [98.1397509, 13.910335], [98.1397491, 13.9102699], [98.1396411, 13.9102727]]]}}, {"type": "Feature", "properties": {"osm_id": 508572646, "building": "residential"}, "geometry": {"type": "Polygon", "coordinates": [[[98.1397008, 13.9099261], [98.1397013, 13.9099821], [98.1397871, 13.9099813], [98.1397866, 13.9099253], [98.1397008, 13.9099261]]]}}, {"type": "Feature", "properties": {"osm_id": 508572647, "building": "residential"}, "geometry": {"type": "Polygon", "coordinates": [[[98.1396246, 13.9100194], [98.1396286, 13.9100845], [98.1397627, 13.9100754], [98.1397587, 13.9100129], [98.1396246, 13.9100194]]]}}, {"type": "Feature", "properties": {"osm_id": 508572648, "building": "residential"}, "geometry": {"type": "Polygon", "coordinates": [[[98.1392638, 13.9101769], [98.1392746, 13.9102498], [98.13941, 13.9102316], [98.1394006, 13.9101548], [98.1392638, 13.9101769]]]}}, {"type": "Feature", "properties": {"osm_id": 508572649, "building": "residential"}, "geometry": {"type": "Polygon", "coordinates": [[[98.1389728, 13.9089936], [98.1389755, 13.9090848], [98.139115, 13.9090874], [98.139115, 13.908991], [98.1389728, 13.9089936]]]}}, {"type": "Feature", "properties": {"osm_id": 508572650, "building": "residential"}, "geometry": {"type": "Polygon", "coordinates": [[[98.1385677, 13.9086863], [98.138679, 13.9086891], [98.1386685, 13.9090861], [98.1385572, 13.9090833], [98.1385677, 13.9086863]]]}}, {"type": "Feature", "properties": {"osm_id": 508572655, "building": "yes"}, "geometry": {"type": "Polygon", "coordinates": [[[98.1387637, 13.8973443], [98.1387099, 13.8976141], [98.1388478, 13.89764], [98.1389016, 13.8973702], [98.1387637, 13.8973443]]]}}, {"type": "Feature", "properties": {"osm_id": 508851056, "building": "yes"}, "geometry": {"type": "Polygon", "coordinates": [[[98.1393349, 13.8993524], [98.1392035, 13.8993238], [98.1391937, 13.8993662], [98.1393251, 13.8993949], [98.1393349, 13.8993524]]]}}, {"type": "Feature", "properties": {"osm_id": 508851057, "building": "yes"}, "geometry": {"type": "Polygon", "coordinates": [[[98.1393081, 13.8994175], [98.1391954, 13.8993967], [98.1391866, 13.8994419], [98.1392992, 13.8994627], [98.1393081, 13.8994175]]]}}, {"type": "Feature", "properties": {"osm_id": 508851058, "building": "yes"}, "geometry": {"type": "Polygon", "coordinates": [[[98.139638, 13.8994722], [98.1395468, 13.8994227], [98.1395251, 13.8994605], [98.1396163, 13.89951], [98.139638, 13.8994722]]]}}, {"type": "Feature", "properties": {"osm_id": 508851059, "building": "yes"}, "geometry": {"type": "Polygon", "coordinates": [[[98.1396514, 13.8995607], [98.1395334, 13.8995165], [98.1395166, 13.8995587], [98.1396346, 13.8996029], [98.1396514, 13.8995607]]]}}, {"type": "Feature", "properties": {"osm_id": 508851060, "building": "yes"}, "geometry": {"type": "Polygon", "coordinates": [[[98.1392866, 13.8995087], [98.1391686, 13.899493], [98.1391621, 13.8995397], [98.1392801, 13.8995554], [98.1392866, 13.8995087]]]}}, {"type": "Feature", "properties": {"osm_id": 508851061, "building": "yes"}, "geometry": {"type": "Polygon", "coordinates": [[[98.1392974, 13.8995737], [98.1391954, 13.8995607], [98.1391884, 13.8996128], [98.1392903, 13.8996258], [98.1392974, 13.8995737]]]}}, {"type": "Feature", "properties": {"osm_id": 508851062, "building": "yes"}, "geometry": {"type": "Polygon", "coordinates": [[[98.1393341, 13.8996737], [98.1391946, 13.8996398], [98.1391779, 13.8997048], [98.1393174, 13.8997386], [98.1393341, 13.8996737]]]}}, {"type": "Feature", "properties": {"osm_id": 508851063, "building": "yes"}, "geometry": {"type": "Polygon", "coordinates": [[[98.1396165, 13.8996857], [98.13952, 13.8996831], [98.1395189, 13.8997196], [98.1396155, 13.8997222], [98.1396165, 13.8996857]]]}}, {"type": "Feature", "properties": {"osm_id": 508851064, "building": "yes"}, "geometry": {"type": "Polygon", "coordinates": [[[98.1392759, 13.8998003], [98.1392089, 13.8998107], [98.1392166, 13.8998576], [98.1392836, 13.8998472], [98.1392759, 13.8998003]]]}}, {"type": "Feature", "properties": {"osm_id": 508851065, "building": "yes"}, "geometry": {"type": "Polygon", "coordinates": [[[98.1392866, 13.8998706], [98.1390291, 13.8999044], [98.1390366, 13.8999582], [98.1392941, 13.8999243], [98.1392866, 13.8998706]]]}}, {"type": "Feature", "properties": {"osm_id": 508851066, "building": "yes"}, "geometry": {"type": "Polygon", "coordinates": [[[98.1392732, 13.8999643], [98.1391793, 13.8999825], [98.1391936, 13.9000516], [98.1392875, 13.9000334], [98.1392732, 13.8999643]]]}}, {"type": "Feature", "properties": {"osm_id": 508851067, "building": "yes"}, "geometry": {"type": "Polygon", "coordinates": [[[98.1393242, 13.9001049], [98.1392732, 13.9001153], [98.1392825, 13.9001581], [98.1393335, 13.9001477], [98.1393242, 13.9001049]]]}}, {"type": "Feature", "properties": {"osm_id": 508851068, "building": "yes"}, "geometry": {"type": "Polygon", "coordinates": [[[98.1393242, 13.9001596], [98.1392625, 13.9001622], [98.1392651, 13.9002198], [98.1393268, 13.9002172], [98.1393242, 13.9001596]]]}}, {"type": "Feature", "properties": {"osm_id": 508851069, "building": "yes"}, "geometry": {"type": "Polygon", "coordinates": [[[98.139182, 13.9001387], [98.139123, 13.9001361], [98.1391182, 13.9002396], [98.1391772, 13.9002422], [98.139182, 13.9001387]]]}}, {"type": "Feature", "properties": {"osm_id": 508851070, "building": "yes"}, "geometry": {"type": "Polygon", "coordinates": [[[98.1390265, 13.900321], [98.138946, 13.9003835], [98.1389784, 13.9004229], [98.1390589, 13.9003604], [98.1390265, 13.900321]]]}}, {"type": "Feature", "properties": {"osm_id": 508851071, "building": "yes"}, "geometry": {"type": "Polygon", "coordinates": [[[98.1391914, 13.900275], [98.1391244, 13.9002672], [98.1391161, 13.900334], [98.1391832, 13.9003418], [98.1391914, 13.900275]]]}}, {"type": "Feature", "properties": {"osm_id": 508851072, "building": "yes"}, "geometry": {"type": "Polygon", "coordinates": [[[98.139292, 13.9002507], [98.1392062, 13.9002611], [98.1392169, 13.9003441], [98.1393027, 13.9003337], [98.139292, 13.9002507]]]}}, {"type": "Feature", "properties": {"osm_id": 508851073, "building": "yes"}, "geometry": {"type": "Polygon", "coordinates": [[[98.1393632, 13.9003459], [98.1392747, 13.9003772], [98.1393019, 13.9004499], [98.1393904, 13.9004187], [98.1393632, 13.9003459]]]}}, {"type": "Feature", "properties": {"osm_id": 508851074, "building": "yes"}, "geometry": {"type": "Polygon", "coordinates": [[[98.1393788, 13.9004623], [98.1393037, 13.9004806], [98.1393186, 13.9005388], [98.1393937, 13.9005205], [98.1393788, 13.9004623]]]}}, {"type": "Feature", "properties": {"osm_id": 508851075, "building": "yes"}, "geometry": {"type": "Polygon", "coordinates": [[[98.1394932, 13.9000945], [98.1394947, 13.9001576], [98.13961, 13.900155], [98.1396085, 13.9000919], [98.1394932, 13.9000945]]]}}, {"type": "Feature", "properties": {"osm_id": 508851076, "building": "yes"}, "geometry": {"type": "Polygon", "coordinates": [[[98.1395361, 13.9002611], [98.1395294, 13.9003133], [98.1396581, 13.900329], [98.1396648, 13.9002767], [98.1395361, 13.9002611]]]}}, {"type": "Feature", "properties": {"osm_id": 508851077, "building": "yes"}, "geometry": {"type": "Polygon", "coordinates": [[[98.1395629, 13.9003627], [98.1395676, 13.9004238], [98.1396749, 13.900416], [98.1396702, 13.9003548], [98.1395629, 13.9003627]]]}}, {"type": "Feature", "properties": {"osm_id": 508851078, "building": "yes"}, "geometry": {"type": "Polygon", "coordinates": [[[98.1395844, 13.900446], [98.1395993, 13.9005186], [98.1397066, 13.9004977], [98.1396916, 13.9004251], [98.1395844, 13.900446]]]}}, {"type": "Feature", "properties": {"osm_id": 508851079, "building": "yes"}, "geometry": {"type": "Polygon", "coordinates": [[[98.139638, 13.9007376], [98.1396263, 13.900806], [98.1397067, 13.900819], [98.1397185, 13.9007506], [98.139638, 13.9007376]]]}}, {"type": "Feature", "properties": {"osm_id": 508851080, "building": "yes"}, "geometry": {"type": "Polygon", "coordinates": [[[98.1395817, 13.9005527], [98.1396, 13.9006238], [98.139718, 13.9005951], [98.1396997, 13.9005241], [98.1395817, 13.9005527]]]}}, {"type": "Feature", "properties": {"osm_id": 508851081, "building": "yes"}, "geometry": {"type": "Polygon", "coordinates": [[[98.1393234, 13.9006443], [98.1393315, 13.9007198], [98.1394571, 13.9007072], [98.1394491, 13.9006316], [98.1393234, 13.9006443]]]}}, {"type": "Feature", "properties": {"osm_id": 508851082, "building": "yes"}, "geometry": {"type": "Polygon", "coordinates": [[[98.1387046, 13.9007294], [98.1386895, 13.9008035], [98.1387974, 13.9008242], [98.1388125, 13.9007502], [98.1387046, 13.9007294]]]}}, {"type": "Feature", "properties": {"osm_id": 508851083, "building": "yes"}, "geometry": {"type": "Polygon", "coordinates": [[[98.1387912, 13.9006797], [98.138692, 13.9006693], [98.1386872, 13.9007121], [98.1387864, 13.9007226], [98.1387912, 13.9006797]]]}}, {"type": "Feature", "properties": {"osm_id": 508851086, "building": "yes"}, "geometry": {"type": "Polygon", "coordinates": [[[98.1400028, 13.9009667], [98.1399947, 13.9008756], [98.1399086, 13.9008827], [98.1399167, 13.9009739], [98.1400028, 13.9009667]]]}}, {"type": "Feature", "properties": {"osm_id": 508851087, "building": "yes"}, "geometry": {"type": "Polygon", "coordinates": [[[98.1394744, 13.9012453], [98.1394124, 13.9012705], [98.1394472, 13.9013513], [98.1395093, 13.901326], [98.1394744, 13.9012453]]]}}, {"type": "Feature", "properties": {"osm_id": 508851090, "building": "yes"}, "geometry": {"type": "Polygon", "coordinates": [[[98.1400135, 13.9011047], [98.1399572, 13.9011064], [98.1399599, 13.9011923], [98.1400162, 13.9011906], [98.1400135, 13.9011047]]]}}, {"type": "Feature", "properties": {"osm_id": 508851092, "building": "yes"}, "geometry": {"type": "Polygon", "coordinates": [[[98.139815, 13.9011307], [98.1397667, 13.901146], [98.1398096, 13.9012736], [98.1398579, 13.9012583], [98.139815, 13.9011307]]]}}, {"type": "Feature", "properties": {"osm_id": 508851093, "building": "yes"}, "geometry": {"type": "Polygon", "coordinates": [[[98.1399143, 13.9011177], [98.1398639, 13.9011281], [98.1398907, 13.9012505], [98.1399411, 13.9012401], [98.1399143, 13.9011177]]]}}, {"type": "Feature", "properties": {"osm_id": 508851094, "building": "yes"}, "geometry": {"type": "Polygon", "coordinates": [[[98.1393634, 13.9007357], [98.1393653, 13.9007802], [98.1394914, 13.900775], [98.1394895, 13.9007305], [98.1393634, 13.9007357]]]}}, {"type": "Feature", "properties": {"osm_id": 508851095, "building": "yes"}, "geometry": {"type": "Polygon", "coordinates": [[[98.1396353, 13.9008652], [98.1396335, 13.9009483], [98.1397596, 13.9009509], [98.1397614, 13.9008678], [98.1396353, 13.9008652]]]}}, {"type": "Feature", "properties": {"osm_id": 508851096, "building": "yes"}, "geometry": {"type": "Polygon", "coordinates": [[[98.1387035, 13.9010454], [98.1387186, 13.9010926], [98.1387877, 13.9010719], [98.1387727, 13.9010246], [98.1387035, 13.9010454]]]}}, {"type": "Feature", "properties": {"osm_id": 508851097, "building": "yes"}, "geometry": {"type": "Polygon", "coordinates": [[[98.1392164, 13.900974], [98.139174, 13.9010078], [98.1392491, 13.9010964], [98.1392915, 13.9010625], [98.1392164, 13.900974]]]}}, {"type": "Feature", "properties": {"osm_id": 508851098, "building": "yes"}, "geometry": {"type": "Polygon", "coordinates": [[[98.139137, 13.9010266], [98.1390963, 13.9010533], [98.1391794, 13.901173], [98.1392201, 13.9011464], [98.139137, 13.9010266]]]}}, {"type": "Feature", "properties": {"osm_id": 508851099, "building": "yes"}, "geometry": {"type": "Polygon", "coordinates": [[[98.1390886, 13.9010797], [98.1390425, 13.9011102], [98.1391283, 13.9012325], [98.1391745, 13.9012021], [98.1390886, 13.9010797]]]}}, {"type": "Feature", "properties": {"osm_id": 508851100, "building": "yes"}, "geometry": {"type": "Polygon", "coordinates": [[[98.139035, 13.9012151], [98.1390086, 13.9012361], [98.1390917, 13.901335], [98.1391182, 13.9013141], [98.139035, 13.9012151]]]}}, {"type": "Feature", "properties": {"osm_id": 508851101, "building": "yes"}, "geometry": {"type": "Polygon", "coordinates": [[[98.1389781, 13.9012292], [98.1389323, 13.9012652], [98.1390235, 13.9013745], [98.1390693, 13.9013385], [98.1389781, 13.9012292]]]}}, {"type": "Feature", "properties": {"osm_id": 508851102, "building": "yes"}, "geometry": {"type": "Polygon", "coordinates": [[[98.1393349, 13.9013364], [98.1392958, 13.901364], [98.1393388, 13.9014213], [98.1393778, 13.9013937], [98.1393349, 13.9013364]]]}}, {"type": "Feature", "properties": {"osm_id": 508851103, "building": "yes"}, "geometry": {"type": "Polygon", "coordinates": [[[98.1392705, 13.9013833], [98.1392311, 13.9014126], [98.1393009, 13.9015011], [98.1393403, 13.9014718], [98.1392705, 13.9013833]]]}}, {"type": "Feature", "properties": {"osm_id": 508851104, "building": "yes"}, "geometry": {"type": "Polygon", "coordinates": [[[98.1391713, 13.9015161], [98.1391332, 13.9015452], [98.1392029, 13.9016311], [98.139241, 13.901602], [98.1391713, 13.9015161]]]}}, {"type": "Feature", "properties": {"osm_id": 508851105, "building": "yes"}, "geometry": {"type": "Polygon", "coordinates": [[[98.1390104, 13.9016853], [98.139013, 13.901753], [98.1391321, 13.9017486], [98.1391294, 13.9016809], [98.1390104, 13.9016853]]]}}, {"type": "Feature", "properties": {"osm_id": 508851107, "building": "yes"}, "geometry": {"type": "Polygon", "coordinates": [[[98.138946, 13.901865], [98.1389433, 13.9019222], [98.1390442, 13.9019267], [98.1390469, 13.9018694], [98.138946, 13.901865]]]}}, {"type": "Feature", "properties": {"osm_id": 508851108, "building": "yes"}, "geometry": {"type": "Polygon", "coordinates": [[[98.1389111, 13.9020576], [98.1388923, 13.9021305], [98.1389908, 13.9021544], [98.1390096, 13.9020815], [98.1389111, 13.9020576]]]}}, {"type": "Feature", "properties": {"osm_id": 508851109, "building": "yes"}, "geometry": {"type": "Polygon", "coordinates": [[[98.1388333, 13.9021826], [98.138828, 13.9022373], [98.1389149, 13.9022453], [98.1389203, 13.9021906], [98.1388333, 13.9021826]]]}}, {"type": "Feature", "properties": {"osm_id": 508851110, "building": "yes"}, "geometry": {"type": "Polygon", "coordinates": [[[98.1375888, 13.9029741], [98.1375915, 13.9030704], [98.137665, 13.9030685], [98.1376623, 13.9029722], [98.1375888, 13.9029741]]]}}, {"type": "Feature", "properties": {"osm_id": 508851111, "building": "yes"}, "geometry": {"type": "Polygon", "coordinates": [[[98.1377122, 13.9029585], [98.1377363, 13.9030262], [98.1377887, 13.9030086], [98.1377646, 13.9029409], [98.1377122, 13.9029585]]]}}, {"type": "Feature", "properties": {"osm_id": 508851112, "building": "yes"}, "geometry": {"type": "Polygon", "coordinates": [[[98.1379402, 13.902771], [98.1379777, 13.9028752], [98.138055, 13.9028489], [98.1380175, 13.9027448], [98.1379402, 13.902771]]]}}, {"type": "Feature", "properties": {"osm_id": 508851113, "building": "yes"}, "geometry": {"type": "Polygon", "coordinates": [[[98.1382433, 13.9026148], [98.138262, 13.9026903], [98.138323, 13.902676], [98.1383043, 13.9026005], [98.1382433, 13.9026148]]]}}, {"type": "Feature", "properties": {"osm_id": 508851114, "building": "yes"}, "geometry": {"type": "Polygon", "coordinates": [[[98.1380662, 13.9027528], [98.1381118, 13.9028231], [98.1381697, 13.9027878], [98.1381241, 13.9027175], [98.1380662, 13.9027528]]]}}, {"type": "Feature", "properties": {"osm_id": 508851115, "building": "yes"}, "geometry": {"type": "Polygon", "coordinates": [[[98.1383854, 13.9025393], [98.1384069, 13.9026434], [98.1384842, 13.9026284], [98.1384628, 13.9025243], [98.1383854, 13.9025393]]]}}, {"type": "Feature", "properties": {"osm_id": 508851116, "building": "yes"}, "geometry": {"type": "Polygon", "coordinates": [[[98.1385222, 13.9023362], [98.1385285, 13.9023911], [98.138625, 13.9023807], [98.1386188, 13.9023258], [98.1385222, 13.9023362]]]}}, {"type": "Feature", "properties": {"osm_id": 508851117, "building": "yes"}, "geometry": {"type": "Polygon", "coordinates": [[[98.1385115, 13.9024794], [98.1385134, 13.9025346], [98.1385938, 13.902532], [98.1385919, 13.9024768], [98.1385115, 13.9024794]]]}}, {"type": "Feature", "properties": {"osm_id": 508851118, "building": "yes"}, "geometry": {"type": "Polygon", "coordinates": [[[98.1385115, 13.902581], [98.138526, 13.90265], [98.138644, 13.9026266], [98.1386295, 13.9025575], [98.1385115, 13.902581]]]}}, {"type": "Feature", "properties": {"osm_id": 508851119, "building": "yes"}, "geometry": {"type": "Polygon", "coordinates": [[[98.1388468, 13.9024221], [98.1388457, 13.9024816], [98.1390094, 13.9024842], [98.1390104, 13.9024247], [98.1388468, 13.9024221]]]}}, {"type": "Feature", "properties": {"osm_id": 508851120, "building": "yes"}, "geometry": {"type": "Polygon", "coordinates": [[[98.1388172, 13.9026122], [98.1388172, 13.9026799], [98.1389219, 13.9026799], [98.1389219, 13.9026122], [98.1388172, 13.9026122]]]}}, {"type": "Feature", "properties": {"osm_id": 508851121, "building": "yes"}, "geometry": {"type": "Polygon", "coordinates": [[[98.1388333, 13.9027398], [98.1388407, 13.9028135], [98.1389238, 13.9028057], [98.1389165, 13.902732], [98.1388333, 13.9027398]]]}}, {"type": "Feature", "properties": {"osm_id": 508851122, "building": "yes"}, "geometry": {"type": "Polygon", "coordinates": [[[98.1388628, 13.9029233], [98.1388754, 13.9029668], [98.1389519, 13.902946], [98.1389393, 13.9029025], [98.1388628, 13.9029233]]]}}, {"type": "Feature", "properties": {"osm_id": 508851123, "building": "yes"}, "geometry": {"type": "Polygon", "coordinates": [[[98.1388816, 13.9030236], [98.1388937, 13.9030654], [98.1389702, 13.9030446], [98.1389581, 13.9030027], [98.1388816, 13.9030236]]]}}, {"type": "Feature", "properties": {"osm_id": 508851124, "building": "yes"}, "geometry": {"type": "Polygon", "coordinates": [[[98.1389192, 13.9031564], [98.1389335, 13.9032224], [98.1390354, 13.9032015], [98.1390211, 13.9031355], [98.1389192, 13.9031564]]]}}, {"type": "Feature", "properties": {"osm_id": 508851125, "building": "yes"}, "geometry": {"type": "Polygon", "coordinates": [[[98.1389111, 13.9032813], [98.138938, 13.9033475], [98.1390265, 13.9033136], [98.1389996, 13.9032475], [98.1389111, 13.9032813]]]}}, {"type": "Feature", "properties": {"osm_id": 508851126, "building": "yes"}, "geometry": {"type": "Polygon", "coordinates": [[[98.1391284, 13.9031694], [98.1391391, 13.9032735], [98.1392273, 13.903265], [98.1392166, 13.9031608], [98.1391284, 13.9031694]]]}}, {"type": "Feature", "properties": {"osm_id": 508851127, "building": "yes"}, "geometry": {"type": "Polygon", "coordinates": [[[98.1389675, 13.9033959], [98.1389802, 13.903439], [98.139125, 13.9033987], [98.1391123, 13.9033555], [98.1389675, 13.9033959]]]}}, {"type": "Feature", "properties": {"osm_id": 508851128, "building": "yes"}, "geometry": {"type": "Polygon", "coordinates": [[[98.138997, 13.9034649], [98.1390126, 13.9035177], [98.1391293, 13.9034851], [98.1391136, 13.9034323], [98.138997, 13.9034649]]]}}, {"type": "Feature", "properties": {"osm_id": 508851129, "building": "yes"}, "geometry": {"type": "Polygon", "coordinates": [[[98.1390037, 13.9035508], [98.1390153, 13.9036121], [98.1391387, 13.90359], [98.139127, 13.9035287], [98.1390037, 13.9035508]]]}}, {"type": "Feature", "properties": {"osm_id": 508851130, "building": "yes"}, "geometry": {"type": "Polygon", "coordinates": [[[98.1390238, 13.9038802], [98.1390396, 13.9039279], [98.1391228, 13.9039018], [98.1391069, 13.9038541], [98.1390238, 13.9038802]]]}}, {"type": "Feature", "properties": {"osm_id": 508851131, "building": "yes"}, "geometry": {"type": "Polygon", "coordinates": [[[98.1390372, 13.9039453], [98.139044, 13.904001], [98.1391567, 13.903988], [98.1391498, 13.9039322], [98.1390372, 13.9039453]]]}}, {"type": "Feature", "properties": {"osm_id": 508851132, "building": "yes"}, "geometry": {"type": "Polygon", "coordinates": [[[98.1390479, 13.9040364], [98.1390566, 13.9040954], [98.1391317, 13.904085], [98.139123, 13.904026], [98.1390479, 13.9040364]]]}}, {"type": "Feature", "properties": {"osm_id": 508851133, "building": "yes"}, "geometry": {"type": "Polygon", "coordinates": [[[98.1390774, 13.9041327], [98.1390808, 13.9041881], [98.139172, 13.9041829], [98.1391686, 13.9041275], [98.1390774, 13.9041327]]]}}, {"type": "Feature", "properties": {"osm_id": 508851134, "building": "yes"}, "geometry": {"type": "Polygon", "coordinates": [[[98.1390774, 13.9042499], [98.1390774, 13.904341], [98.1391793, 13.904341], [98.1391793, 13.9042499], [98.1390774, 13.9042499]]]}}, {"type": "Feature", "properties": {"osm_id": 508851135, "building": "yes"}, "geometry": {"type": "Polygon", "coordinates": [[[98.1399612, 13.9057144], [98.1399418, 13.9057665], [98.1400048, 13.9057886], [98.1400242, 13.9057365], [98.1399612, 13.9057144]]]}}, {"type": "Feature", "properties": {"osm_id": 508851136, "building": "yes"}, "geometry": {"type": "Polygon", "coordinates": [[[98.1397131, 13.9057652], [98.1396971, 13.9058676], [98.1397856, 13.9058806], [98.1398016, 13.9057782], [98.1397131, 13.9057652]]]}}, {"type": "Feature", "properties": {"osm_id": 508851137, "building": "yes"}, "geometry": {"type": "Polygon", "coordinates": [[[98.1395924, 13.9058928], [98.1395916, 13.9059265], [98.1396506, 13.9059278], [98.1396514, 13.9058941], [98.1395924, 13.9058928]]]}}, {"type": "Feature", "properties": {"osm_id": 508851138, "building": "yes"}, "geometry": {"type": "Polygon", "coordinates": [[[98.1395897, 13.9058381], [98.1395897, 13.9058797], [98.1396487, 13.9058797], [98.1396487, 13.9058381], [98.1395897, 13.9058381]]]}}, {"type": "Feature", "properties": {"osm_id": 508851139, "building": "yes"}, "geometry": {"type": "Polygon", "coordinates": [[[98.1392008, 13.9045662], [98.1392042, 13.9046124], [98.1392981, 13.9046059], [98.1392947, 13.9045597], [98.1392008, 13.9045662]]]}}, {"type": "Feature", "properties": {"osm_id": 508851140, "building": "yes"}, "geometry": {"type": "Polygon", "coordinates": [[[98.1391686, 13.9046391], [98.1391704, 13.904687], [98.1392844, 13.9046831], [98.1392826, 13.9046352], [98.1391686, 13.9046391]]]}}, {"type": "Feature", "properties": {"osm_id": 508851141, "building": "yes"}, "geometry": {"type": "Polygon", "coordinates": [[[98.1391928, 13.9047146], [98.1391949, 13.9047707], [98.1393022, 13.9047668], [98.1393, 13.9047107], [98.1391928, 13.9047146]]]}}, {"type": "Feature", "properties": {"osm_id": 508851142, "building": "yes"}, "geometry": {"type": "Polygon", "coordinates": [[[98.138313, 13.9053096], [98.13832, 13.9053538], [98.1383897, 13.9053434], [98.1383827, 13.9052991], [98.138313, 13.9053096]]]}}, {"type": "Feature", "properties": {"osm_id": 508851143, "building": "yes"}, "geometry": {"type": "Polygon", "coordinates": [[[98.1387743, 13.9051169], [98.1387743, 13.9051898], [98.1388736, 13.9051898], [98.1388736, 13.9051169], [98.1387743, 13.9051169]]]}}, {"type": "Feature", "properties": {"osm_id": 508851144, "building": "yes"}, "geometry": {"type": "Polygon", "coordinates": [[[98.1392491, 13.9051533], [98.1392573, 13.9052091], [98.1393512, 13.9051961], [98.139343, 13.9051403], [98.1392491, 13.9051533]]]}}, {"type": "Feature", "properties": {"osm_id": 508851145, "building": "yes"}, "geometry": {"type": "Polygon", "coordinates": [[[98.139233, 13.9050258], [98.1392366, 13.9051021], [98.1393546, 13.9050968], [98.139351, 13.9050206], [98.139233, 13.9050258]]]}}, {"type": "Feature", "properties": {"osm_id": 508851146, "building": "yes"}, "geometry": {"type": "Polygon", "coordinates": [[[98.1395602, 13.9053825], [98.139564, 13.905439], [98.1396471, 13.9054338], [98.1396434, 13.9053772], [98.1395602, 13.9053825]]]}}, {"type": "Feature", "properties": {"osm_id": 508851147, "building": "yes"}, "geometry": {"type": "Polygon", "coordinates": [[[98.1393644, 13.9052471], [98.1393779, 13.9053013], [98.1394557, 13.9052831], [98.1394422, 13.9052288], [98.1393644, 13.9052471]]]}}, {"type": "Feature", "properties": {"osm_id": 508851150, "building": "yes"}, "geometry": {"type": "Polygon", "coordinates": [[[98.1395495, 13.9055152], [98.1395495, 13.9056142], [98.1397372, 13.9056142], [98.1397372, 13.9055152], [98.1395495, 13.9055152]]]}}, {"type": "Feature", "properties": {"osm_id": 508851151, "building": "yes"}, "geometry": {"type": "Polygon", "coordinates": [[[98.138781, 13.9053473], [98.1387765, 13.9054051], [98.1389073, 13.9054149], [98.1389119, 13.9053571], [98.138781, 13.9053473]]]}}, {"type": "Feature", "properties": {"osm_id": 508851152, "building": "yes"}, "geometry": {"type": "Polygon", "coordinates": [[[98.1389822, 13.9054814], [98.1389791, 13.9055203], [98.139014, 13.9055229], [98.1390171, 13.905484], [98.1389822, 13.9054814]]]}}, {"type": "Feature", "properties": {"osm_id": 508851153, "building": "yes"}, "geometry": {"type": "Polygon", "coordinates": [[[98.1388535, 13.905484], [98.1388553, 13.9055281], [98.1389478, 13.9055245], [98.138946, 13.9054804], [98.1388535, 13.905484]]]}}, {"type": "Feature", "properties": {"osm_id": 508851154, "building": "yes"}, "geometry": {"type": "Polygon", "coordinates": [[[98.1395468, 13.9056519], [98.1395499, 13.9057277], [98.1397901, 13.9057184], [98.139787, 13.9056426], [98.1395468, 13.9056519]]]}}, {"type": "Feature", "properties": {"osm_id": 508851155, "building": "yes"}, "geometry": {"type": "Polygon", "coordinates": [[[98.1394771, 13.9058784], [98.1395491, 13.9058756], [98.1395468, 13.9058185], [98.1394747, 13.9058213], [98.1394771, 13.9058784]]]}}, {"type": "Feature", "properties": {"osm_id": 508851156, "building": "yes"}, "geometry": {"type": "Polygon", "coordinates": [[[98.1393819, 13.9059149], [98.1394526, 13.9059121], [98.1394492, 13.9058289], [98.1393784, 13.9058317], [98.1393819, 13.9059149]]]}}, {"type": "Feature", "properties": {"osm_id": 508851157, "building": "yes"}, "geometry": {"type": "Polygon", "coordinates": [[[98.1393014, 13.9059019], [98.1393621, 13.9058995], [98.1393592, 13.9058292], [98.1392985, 13.9058315], [98.1393014, 13.9059019]]]}}, {"type": "Feature", "properties": {"osm_id": 508851158, "building": "yes"}, "geometry": {"type": "Polygon", "coordinates": [[[98.1388333, 13.9056897], [98.1388357, 13.9057462], [98.1389766, 13.9057407], [98.1389743, 13.9056842], [98.1388333, 13.9056897]]]}}, {"type": "Feature", "properties": {"osm_id": 508851159, "building": "yes"}, "geometry": {"type": "Polygon", "coordinates": [[[98.1389152, 13.9058446], [98.1389177, 13.9059076], [98.1389955, 13.9059045], [98.1389929, 13.9058416], [98.1389152, 13.9058446]]]}}, {"type": "Feature", "properties": {"osm_id": 508851160, "building": "yes"}, "geometry": {"type": "Polygon", "coordinates": [[[98.1388146, 13.9059396], [98.1388173, 13.9060048], [98.1389511, 13.9059996], [98.1389484, 13.9059344], [98.1388146, 13.9059396]]]}}, {"type": "Feature", "properties": {"osm_id": 508851161, "building": "yes"}, "geometry": {"type": "Polygon", "coordinates": [[[98.13884, 13.9060281], [98.1388425, 13.9060881], [98.1389792, 13.9060828], [98.1389767, 13.9060228], [98.13884, 13.9060281]]]}}, {"type": "Feature", "properties": {"osm_id": 508851162, "building": "yes"}, "geometry": {"type": "Polygon", "coordinates": [[[98.1389527, 13.9061167], [98.1389555, 13.9061844], [98.1390278, 13.9061816], [98.139025, 13.9061139], [98.1389527, 13.9061167]]]}}, {"type": "Feature", "properties": {"osm_id": 508851163, "building": "yes"}, "geometry": {"type": "Polygon", "coordinates": [[[98.1389795, 13.9062143], [98.1389845, 13.9062567], [98.1390582, 13.9062485], [98.1390532, 13.9062061], [98.1389795, 13.9062143]]]}}, {"type": "Feature", "properties": {"osm_id": 508851164, "building": "yes"}, "geometry": {"type": "Polygon", "coordinates": [[[98.1394281, 13.9061928], [98.1394235, 13.9062511], [98.1395271, 13.9062588], [98.1395317, 13.9062006], [98.1394281, 13.9061928]]]}}, {"type": "Feature", "properties": {"osm_id": 508851165, "building": "yes"}, "geometry": {"type": "Polygon", "coordinates": [[[98.1394114, 13.9066335], [98.1394157, 13.9066874], [98.1395686, 13.9066758], [98.1395643, 13.9066219], [98.1394114, 13.9066335]]]}}, {"type": "Feature", "properties": {"osm_id": 508853132, "building": "yes"}, "geometry": {"type": "Polygon", "coordinates": [[[98.1392893, 13.898514], [98.1393637, 13.8985261], [98.1393798, 13.8984323], [98.1393054, 13.8984203], [98.1392893, 13.898514]]]}}, {"type": "Feature", "properties": {"osm_id": 508853133, "building": "yes"}, "geometry": {"type": "Polygon", "coordinates": [[[98.1394379, 13.8986151], [98.1394333, 13.8986911], [98.1394789, 13.8986937], [98.1394835, 13.8986177], [98.1394379, 13.8986151]]]}}, {"type": "Feature", "properties": {"osm_id": 508853134, "building": "yes"}, "geometry": {"type": "Polygon", "coordinates": [[[98.1397802, 13.8986729], [98.1396702, 13.8986625], [98.1396645, 13.8987187], [98.1397745, 13.8987291], [98.1397802, 13.8986729]]]}}, {"type": "Feature", "properties": {"osm_id": 508853135, "building": "yes"}, "geometry": {"type": "Polygon", "coordinates": [[[98.1395388, 13.898626], [98.1395477, 13.898707], [98.1396228, 13.8986992], [98.1396139, 13.8986182], [98.1395388, 13.898626]]]}}, {"type": "Feature", "properties": {"osm_id": 508853136, "building": "yes"}, "geometry": {"type": "Polygon", "coordinates": [[[98.1388038, 13.8984984], [98.1388074, 13.898561], [98.138904, 13.8985558], [98.1389004, 13.8984932], [98.1388038, 13.8984984]]]}}, {"type": "Feature", "properties": {"osm_id": 508853186, "building": "yes"}, "geometry": {"type": "Polygon", "coordinates": [[[98.140104, 13.8987748], [98.1401544, 13.8989206], [98.1400464, 13.8989557], [98.1399961, 13.8988099], [98.140104, 13.8987748]]]}}, {"type": "Feature", "properties": {"osm_id": 508853193, "building": "yes"}, "geometry": {"type": "Polygon", "coordinates": [[[98.1398419, 13.8990335], [98.139907, 13.8990363], [98.139911, 13.8989491], [98.1398459, 13.8989463], [98.1398419, 13.8990335]]]}}, {"type": "Feature", "properties": {"osm_id": 508853194, "building": "yes"}, "geometry": {"type": "Polygon", "coordinates": [[[98.1397668, 13.8989632], [98.1398252, 13.8989607], [98.1398199, 13.8988422], [98.1397614, 13.8988447], [98.1397668, 13.8989632]]]}}, {"type": "Feature", "properties": {"osm_id": 508853195, "building": "yes"}, "geometry": {"type": "Polygon", "coordinates": [[[98.1397077, 13.8990712], [98.1396568, 13.8989541], [98.1396067, 13.8989746], [98.1396577, 13.8990917], [98.1397077, 13.8990712]]]}}, {"type": "Feature", "properties": {"osm_id": 508853196, "building": "yes"}, "geometry": {"type": "Polygon", "coordinates": [[[98.1395401, 13.898971], [98.1394791, 13.8989893], [98.1395247, 13.8991325], [98.1395857, 13.8991142], [98.1395401, 13.898971]]]}}, {"type": "Feature", "properties": {"osm_id": 508853197, "building": "yes"}, "geometry": {"type": "Polygon", "coordinates": [[[98.1398579, 13.8992092], [98.1398901, 13.899316], [98.13995, 13.899299], [98.1399178, 13.8991922], [98.1398579, 13.8992092]]]}}, {"type": "Feature", "properties": {"osm_id": 508853198, "building": "yes"}, "geometry": {"type": "Polygon", "coordinates": [[[98.1398365, 13.8992431], [98.1397765, 13.8992696], [98.1398463, 13.899418], [98.1399062, 13.8993915], [98.1398365, 13.8992431]]]}}, {"type": "Feature", "properties": {"osm_id": 508853199, "building": "yes"}, "geometry": {"type": "Polygon", "coordinates": [[[98.1397319, 13.8992978], [98.1396821, 13.8993288], [98.1397304, 13.8994017], [98.1397802, 13.8993707], [98.1397319, 13.8992978]]]}}, {"type": "Feature", "properties": {"osm_id": 508853200, "building": "yes"}, "geometry": {"type": "Polygon", "coordinates": [[[98.1394637, 13.899191], [98.1393805, 13.8990999], [98.139337, 13.8991373], [98.1394202, 13.8992284], [98.1394637, 13.899191]]]}}, {"type": "Feature", "properties": {"osm_id": 508853201, "building": "yes"}, "geometry": {"type": "Polygon", "coordinates": [[[98.138895, 13.8986572], [98.138769, 13.8986625], [98.1387709, 13.8987069], [98.138897, 13.8987017], [98.138895, 13.8986572]]]}}, {"type": "Feature", "properties": {"osm_id": 508853202, "building": "yes"}, "geometry": {"type": "Polygon", "coordinates": [[[98.1385303, 13.8988421], [98.1384203, 13.8988473], [98.1384234, 13.8989095], [98.1385334, 13.8989043], [98.1385303, 13.8988421]]]}}, {"type": "Feature", "properties": {"osm_id": 508853203, "building": "yes"}, "geometry": {"type": "Polygon", "coordinates": [[[98.1385329, 13.8989593], [98.1384578, 13.8989619], [98.1384596, 13.8990086], [98.1385347, 13.899006], [98.1385329, 13.8989593]]]}}, {"type": "Feature", "properties": {"osm_id": 508853204, "building": "yes"}, "geometry": {"type": "Polygon", "coordinates": [[[98.1383076, 13.8991415], [98.1382298, 13.8991415], [98.1382298, 13.8992014], [98.1383076, 13.8992014], [98.1383076, 13.8991415]]]}}, {"type": "Feature", "properties": {"osm_id": 508853205, "building": "yes"}, "geometry": {"type": "Polygon", "coordinates": [[[98.1384981, 13.8990816], [98.1383988, 13.8990921], [98.1384069, 13.8991647], [98.1385062, 13.8991543], [98.1384981, 13.8990816]]]}}, {"type": "Feature", "properties": {"osm_id": 508853206, "building": "yes"}, "geometry": {"type": "Polygon", "coordinates": [[[98.1384766, 13.8992587], [98.1383881, 13.8992639], [98.1383912, 13.8993138], [98.1384797, 13.8993086], [98.1384766, 13.8992587]]]}}, {"type": "Feature", "properties": {"osm_id": 508853207, "building": "yes"}, "geometry": {"type": "Polygon", "coordinates": [[[98.1384122, 13.8993915], [98.1382835, 13.8993967], [98.1382863, 13.8994626], [98.1384151, 13.8994574], [98.1384122, 13.8993915]]]}}, {"type": "Feature", "properties": {"osm_id": 508853208, "building": "yes"}, "geometry": {"type": "Polygon", "coordinates": [[[98.1383784, 13.8999086], [98.1382918, 13.899929], [98.1383094, 13.8999994], [98.1383961, 13.899979], [98.1383784, 13.8999086]]]}}, {"type": "Feature", "properties": {"osm_id": 508853209, "building": "yes"}, "geometry": {"type": "Polygon", "coordinates": [[[98.1384069, 13.8995555], [98.1383157, 13.8995685], [98.138325, 13.8996302], [98.1384162, 13.8996171], [98.1384069, 13.8995555]]]}}, {"type": "Feature", "properties": {"osm_id": 508853210, "building": "yes"}, "geometry": {"type": "Polygon", "coordinates": [[[98.1386507, 13.8998084], [98.1385541, 13.8998058], [98.1385519, 13.8998838], [98.1386485, 13.8998864], [98.1386507, 13.8998084]]]}}, {"type": "Feature", "properties": {"osm_id": 508853211, "building": "yes"}, "geometry": {"type": "Polygon", "coordinates": [[[98.13871, 13.900058], [98.1385598, 13.9000736], [98.1385676, 13.9001448], [98.1387178, 13.9001292], [98.13871, 13.900058]]]}}, {"type": "Feature", "properties": {"osm_id": 508853212, "building": "yes"}, "geometry": {"type": "Polygon", "coordinates": [[[98.1386724, 13.9001622], [98.1385463, 13.9001726], [98.1385524, 13.9002419], [98.1386785, 13.9002315], [98.1386724, 13.9001622]]]}}, {"type": "Feature", "properties": {"osm_id": 508853213, "building": "yes"}, "geometry": {"type": "Polygon", "coordinates": [[[98.1386536, 13.9003002], [98.1385544, 13.9002976], [98.1385528, 13.9003549], [98.138652, 13.9003575], [98.1386536, 13.9003002]]]}}, {"type": "Feature", "properties": {"osm_id": 508853214, "building": "yes"}, "geometry": {"type": "Polygon", "coordinates": [[[98.1386456, 13.9003965], [98.1385732, 13.9003965], [98.1385732, 13.9004512], [98.1386456, 13.9004512], [98.1386456, 13.9003965]]]}}, {"type": "Feature", "properties": {"osm_id": 508853215, "building": "yes"}, "geometry": {"type": "Polygon", "coordinates": [[[98.1387958, 13.9003965], [98.13871, 13.9004017], [98.1387138, 13.9004614], [98.1387996, 13.9004562], [98.1387958, 13.9003965]]]}}, {"type": "Feature", "properties": {"osm_id": 508853216, "building": "yes"}, "geometry": {"type": "Polygon", "coordinates": [[[98.1387368, 13.9004902], [98.1385705, 13.9004902], [98.1385705, 13.9005579], [98.1387368, 13.9005579], [98.1387368, 13.9004902]]]}}, {"type": "Feature", "properties": {"osm_id": 581535509, "building": "yes"}, "geometry": {"type": "Polygon", "coordinates": [[[98.0860046, 13.9445686], [98.0861065, 13.9445009], [98.0860272, 13.9443884], [98.0859253, 13.9444561], [98.0860046, 13.9445686]]]}}, {"type": "Feature", "properties": {"osm_id": 581535523, "building": "yes"}, "geometry": {"type": "Polygon", "coordinates": [[[98.0854353, 13.9441937], [98.0854795, 13.9441579], [98.0854288, 13.9440988], [98.0853845, 13.9441346], [98.0854353, 13.9441937]]]}}, {"type": "Feature", "properties": {"osm_id": 581535524, "building": "yes"}, "geometry": {"type": "Polygon", "coordinates": [[[98.0856901, 13.9443942], [98.0857457, 13.9443564], [98.0857024, 13.9442963], [98.0856468, 13.944334], [98.0856901, 13.9443942]]]}}, {"type": "Feature", "properties": {"osm_id": 581535525, "building": "yes"}, "geometry": {"type": "Polygon", "coordinates": [[[98.0861722, 13.9448367], [98.0862392, 13.9448354], [98.0862376, 13.9447541], [98.0861705, 13.9447554], [98.0861722, 13.9448367]]]}}, {"type": "Feature", "properties": {"osm_id": 581535526, "building": "yes"}, "geometry": {"type": "Polygon", "coordinates": [[[98.0856579, 13.9437232], [98.0857048, 13.9437603], [98.0857507, 13.9437056], [98.0857038, 13.9436685], [98.0856579, 13.9437232]]]}}, {"type": "Feature", "properties": {"osm_id": 581535527, "building": "yes"}, "geometry": {"type": "Polygon", "coordinates": [[[98.0852388, 13.9438787], [98.0852857, 13.9439022], [98.0853181, 13.9438411], [98.0852712, 13.9438176], [98.0852388, 13.9438787]]]}}, {"type": "Feature", "properties": {"osm_id": 581535528, "building": "yes"}, "geometry": {"type": "Polygon", "coordinates": [[[98.0851275, 13.9438449], [98.0851851, 13.9438566], [98.0851966, 13.9438035], [98.0851389, 13.9437917], [98.0851275, 13.9438449]]]}}, {"type": "Feature", "properties": {"osm_id": 581535533, "building": "yes"}, "geometry": {"type": "Polygon", "coordinates": [[[98.0831373, 13.9448133], [98.0832097, 13.944782], [98.0831719, 13.9446994], [98.0830994, 13.9447307], [98.0831373, 13.9448133]]]}}, {"type": "Feature", "properties": {"osm_id": 581535535, "building": "yes"}, "geometry": {"type": "Polygon", "coordinates": [[[98.0831332, 13.9449096], [98.083154, 13.9449593], [98.083217, 13.9449346], [98.0831963, 13.9448849], [98.0831332, 13.9449096]]]}}, {"type": "Feature", "properties": {"osm_id": 581535537, "building": "yes"}, "geometry": {"type": "Polygon", "coordinates": [[[98.0831024, 13.9442159], [98.0831668, 13.9441781], [98.0831284, 13.9441164], [98.083064, 13.9441542], [98.0831024, 13.9442159]]]}}, {"type": "Feature", "properties": {"osm_id": 581535538, "building": "yes"}, "geometry": {"type": "Polygon", "coordinates": [[[98.0825686, 13.9442718], [98.0826009, 13.9443037], [98.0826411, 13.9442653], [98.0826089, 13.9442334], [98.0825686, 13.9442718]]]}}, {"type": "Feature", "properties": {"osm_id": 581535539, "building": "yes"}, "geometry": {"type": "Polygon", "coordinates": [[[98.0824774, 13.9441143], [98.0825163, 13.9440844], [98.0824851, 13.9440461], [98.0824462, 13.9440761], [98.0824774, 13.9441143]]]}}, {"type": "Feature", "properties": {"osm_id": 581535540, "building": "yes"}, "geometry": {"type": "Polygon", "coordinates": [[[98.0820617, 13.9440219], [98.0821167, 13.9439725], [98.0820647, 13.943918], [98.0820097, 13.9439675], [98.0820617, 13.9440219]]]}}, {"type": "Feature", "properties": {"osm_id": 581535541, "building": "yes"}, "geometry": {"type": "Polygon", "coordinates": [[[98.0828395, 13.9437967], [98.0828986, 13.9437538], [98.0828504, 13.9436915], [98.0827914, 13.9437345], [98.0828395, 13.9437967]]]}}, {"type": "Feature", "properties": {"osm_id": 581535542, "building": "yes"}, "geometry": {"type": "Polygon", "coordinates": [[[98.0830112, 13.9437941], [98.0830525, 13.9438377], [98.0831196, 13.9437779], [98.0830783, 13.9437343], [98.0830112, 13.9437941]]]}}, {"type": "Feature", "properties": {"osm_id": 581535543, "building": "yes"}, "geometry": {"type": "Polygon", "coordinates": [[[98.0830742, 13.9434258], [98.0831192, 13.9434708], [98.0831648, 13.9434278], [98.0831198, 13.9433828], [98.0830742, 13.9434258]]]}}, {"type": "Feature", "properties": {"osm_id": 581535544, "building": "yes"}, "geometry": {"type": "Polygon", "coordinates": [[[98.0826826, 13.9433269], [98.0827323, 13.9433724], [98.0827993, 13.9433036], [98.0827497, 13.9432581], [98.0826826, 13.9433269]]]}}, {"type": "Feature", "properties": {"osm_id": 581535545, "building": "yes"}, "geometry": {"type": "Polygon", "coordinates": [[[98.0825137, 13.9432084], [98.082566, 13.9432527], [98.0826219, 13.9431904], [98.0825696, 13.9431462], [98.0825137, 13.9432084]]]}}, {"type": "Feature", "properties": {"osm_id": 581535546, "building": "yes"}, "geometry": {"type": "Polygon", "coordinates": [[[98.0826665, 13.9435911], [98.0827041, 13.9436236], [98.0827426, 13.9435818], [98.0827051, 13.9435492], [98.0826665, 13.9435911]]]}}, {"type": "Feature", "properties": {"osm_id": 581535547, "building": "yes"}, "geometry": {"type": "Polygon", "coordinates": [[[98.0824875, 13.9436458], [98.0825344, 13.9436171], [98.0825037, 13.9435697], [98.0824568, 13.9435983], [98.0824875, 13.9436458]]]}}, {"type": "Feature", "properties": {"osm_id": 581535548, "building": "yes"}, "geometry": {"type": "Polygon", "coordinates": [[[98.0820952, 13.9437564], [98.0821422, 13.9437069], [98.0820858, 13.9436565], [98.0820388, 13.943706], [98.0820952, 13.9437564]]]}}, {"type": "Feature", "properties": {"osm_id": 581535549, "building": "yes"}, "geometry": {"type": "Polygon", "coordinates": [[[98.0818753, 13.9435996], [98.0819819, 13.9435267], [98.0819457, 13.9434768], [98.0818391, 13.9435497], [98.0818753, 13.9435996]]]}}, {"type": "Feature", "properties": {"osm_id": 581535550, "building": "yes"}, "geometry": {"type": "Polygon", "coordinates": [[[98.0820228, 13.9433698], [98.082059, 13.943418], [98.0821121, 13.9433804], [98.0820759, 13.9433322], [98.0820228, 13.9433698]]]}}, {"type": "Feature", "properties": {"osm_id": 581535551, "building": "yes"}, "geometry": {"type": "Polygon", "coordinates": [[[98.0826122, 13.9430594], [98.0826628, 13.943099], [98.0827077, 13.943045], [98.0826572, 13.9430054], [98.0826122, 13.9430594]]]}}, {"type": "Feature", "properties": {"osm_id": 581535552, "building": "yes"}, "geometry": {"type": "Polygon", "coordinates": [[[98.082574, 13.9430392], [98.0826169, 13.9429904], [98.0825716, 13.9429528], [98.0825286, 13.9430016], [98.082574, 13.9430392]]]}}, {"type": "Feature", "properties": {"osm_id": 581535553, "building": "yes"}, "geometry": {"type": "Polygon", "coordinates": [[[98.0824158, 13.9428778], [98.0824643, 13.9429194], [98.0825253, 13.9428524], [98.0824768, 13.9428108], [98.0824158, 13.9428778]]]}}, {"type": "Feature", "properties": {"osm_id": 581535554, "building": "yes"}, "geometry": {"type": "Polygon", "coordinates": [[[98.0822441, 13.9427184], [98.0823185, 13.9426494], [98.0822751, 13.9426052], [98.0822006, 13.9426742], [98.0822441, 13.9427184]]]}}, {"type": "Feature", "properties": {"osm_id": 581535555, "building": "yes"}, "geometry": {"type": "Polygon", "coordinates": [[[98.0816755, 13.9429689], [98.0817191, 13.9430282], [98.0817652, 13.9429961], [98.0817216, 13.9429369], [98.0816755, 13.9429689]]]}}, {"type": "Feature", "properties": {"osm_id": 581535556, "building": "yes"}, "geometry": {"type": "Polygon", "coordinates": [[[98.0812423, 13.9428876], [98.0812939, 13.942937], [98.0813472, 13.9428847], [98.0812956, 13.9428352], [98.0812423, 13.9428876]]]}}, {"type": "Feature", "properties": {"osm_id": 581535557, "building": "yes"}, "geometry": {"type": "Polygon", "coordinates": [[[98.081013, 13.9430093], [98.081084, 13.9430535], [98.0811143, 13.9430077], [98.0810432, 13.9429635], [98.081013, 13.9430093]]]}}, {"type": "Feature", "properties": {"osm_id": 581535558, "building": "yes"}, "geometry": {"type": "Polygon", "coordinates": [[[98.0807796, 13.9426982], [98.0808493, 13.9427164], [98.0808687, 13.9426465], [98.080799, 13.9426283], [98.0807796, 13.9426982]]]}}, {"type": "Feature", "properties": {"osm_id": 581535559, "building": "yes"}, "geometry": {"type": "Polygon", "coordinates": [[[98.0806442, 13.9427086], [98.0807126, 13.9427112], [98.0807171, 13.9425995], [98.0806487, 13.9425968], [98.0806442, 13.9427086]]]}}, {"type": "Feature", "properties": {"osm_id": 581535560, "building": "yes"}, "geometry": {"type": "Polygon", "coordinates": [[[98.0807608, 13.9424522], [98.0808279, 13.9424795], [98.080866, 13.9423914], [98.080799, 13.9423641], [98.0807608, 13.9424522]]]}}, {"type": "Feature", "properties": {"osm_id": 581535561, "building": "yes"}, "geometry": {"type": "Polygon", "coordinates": [[[98.0805744, 13.9424509], [98.0806321, 13.9424574], [98.0806389, 13.9424006], [98.0805812, 13.9423941], [98.0805744, 13.9424509]]]}}, {"type": "Feature", "properties": {"osm_id": 581535562, "building": "yes"}, "geometry": {"type": "Polygon", "coordinates": [[[98.0804068, 13.9424366], [98.0804725, 13.9424613], [98.0805025, 13.9423861], [98.0804368, 13.9423614], [98.0804068, 13.9424366]]]}}, {"type": "Feature", "properties": {"osm_id": 581535563, "building": "yes"}, "geometry": {"type": "Polygon", "coordinates": [[[98.0804376, 13.9426123], [98.0804926, 13.9426253], [98.0805137, 13.9425412], [98.0804588, 13.9425282], [98.0804376, 13.9426123]]]}}, {"type": "Feature", "properties": {"osm_id": 581535564, "building": "yes"}, "geometry": {"type": "Polygon", "coordinates": [[[98.0800594, 13.9424939], [98.0801587, 13.9425108], [98.0801728, 13.9424327], [98.0800736, 13.9424158], [98.0800594, 13.9424939]]]}}, {"type": "Feature", "properties": {"osm_id": 581535565, "building": "yes"}, "geometry": {"type": "Polygon", "coordinates": [[[98.0819531, 13.9424346], [98.0819906, 13.9424704], [98.0820365, 13.9424251], [98.081999, 13.9423893], [98.0819531, 13.9424346]]]}}, {"type": "Feature", "properties": {"osm_id": 581535566, "building": "yes"}, "geometry": {"type": "Polygon", "coordinates": [[[98.0818324, 13.9423572], [98.0818954, 13.9423988], [98.0819578, 13.9423099], [98.0818948, 13.9422682], [98.0818324, 13.9423572]]]}}, {"type": "Feature", "properties": {"osm_id": 581535567, "building": "yes"}, "geometry": {"type": "Polygon", "coordinates": [[[98.0820778, 13.9421893], [98.0821368, 13.9422361], [98.0821931, 13.9421694], [98.0821341, 13.9421225], [98.0820778, 13.9421893]]]}}, {"type": "Feature", "properties": {"osm_id": 581535568, "building": "yes"}, "geometry": {"type": "Polygon", "coordinates": [[[98.081937, 13.9421242], [98.0819758, 13.9421525], [98.0820201, 13.9420952], [98.0819812, 13.9420669], [98.081937, 13.9421242]]]}}, {"type": "Feature", "properties": {"osm_id": 581535569, "building": "yes"}, "geometry": {"type": "Polygon", "coordinates": [[[98.0818431, 13.9420448], [98.0819203, 13.9419541], [98.0818586, 13.9419047], [98.0817814, 13.9419953], [98.0818431, 13.9420448]]]}}, {"type": "Feature", "properties": {"osm_id": 581535570, "building": "yes"}, "geometry": {"type": "Polygon", "coordinates": [[[98.0816285, 13.942214], [98.081705, 13.9422596], [98.0817514, 13.9421863], [98.0816749, 13.9421407], [98.0816285, 13.942214]]]}}, {"type": "Feature", "properties": {"osm_id": 581535571, "building": "yes"}, "geometry": {"type": "Polygon", "coordinates": [[[98.0815092, 13.942093], [98.0815655, 13.942132], [98.0816108, 13.9420704], [98.0815545, 13.9420314], [98.0815092, 13.942093]]]}}, {"type": "Feature", "properties": {"osm_id": 581535572, "building": "yes"}, "geometry": {"type": "Polygon", "coordinates": [[[98.0811524, 13.9421268], [98.0811994, 13.9421528], [98.0812234, 13.942112], [98.0811765, 13.942086], [98.0811524, 13.9421268]]]}}, {"type": "Feature", "properties": {"osm_id": 581535573, "building": "yes"}, "geometry": {"type": "Polygon", "coordinates": [[[98.0816574, 13.9414565], [98.0817039, 13.941482], [98.0817468, 13.9414085], [98.0817003, 13.9413829], [98.0816574, 13.9414565]]]}}, {"type": "Feature", "properties": {"osm_id": 581535574, "building": "yes"}, "geometry": {"type": "Polygon", "coordinates": [[[98.0815199, 13.9414025], [98.0815849, 13.9414323], [98.0816144, 13.9413718], [98.0815494, 13.9413419], [98.0815199, 13.9414025]]]}}, {"type": "Feature", "properties": {"osm_id": 581535575, "building": "yes"}, "geometry": {"type": "Polygon", "coordinates": [[[98.0814119, 13.9412235], [98.0814535, 13.9412645], [98.0815011, 13.941219], [98.0814596, 13.941178], [98.0814119, 13.9412235]]]}}, {"type": "Feature", "properties": {"osm_id": 581535576, "building": "yes"}, "geometry": {"type": "Polygon", "coordinates": [[[98.0806777, 13.9410243], [98.0807447, 13.9410621], [98.0807864, 13.9409924], [98.0807193, 13.9409547], [98.0806777, 13.9410243]]]}}, {"type": "Feature", "properties": {"osm_id": 581535577, "building": "yes"}, "geometry": {"type": "Polygon", "coordinates": [[[98.0805489, 13.940902], [98.0806254, 13.9409476], [98.0806906, 13.9408444], [98.0806142, 13.9407989], [98.0805489, 13.940902]]]}}, {"type": "Feature", "properties": {"osm_id": 581535578, "building": "yes"}, "geometry": {"type": "Polygon", "coordinates": [[[98.0805744, 13.9406404], [98.0806334, 13.9406781], [98.0806764, 13.9406148], [98.0806174, 13.940577], [98.0805744, 13.9406404]]]}}, {"type": "Feature", "properties": {"osm_id": 581535579, "building": "yes"}, "geometry": {"type": "Polygon", "coordinates": [[[98.0806737, 13.9407068], [98.0807454, 13.9407432], [98.0807818, 13.9406758], [98.08071, 13.9406394], [98.0806737, 13.9407068]]]}}, {"type": "Feature", "properties": {"osm_id": 581535580, "building": "yes"}, "geometry": {"type": "Polygon", "coordinates": [[[98.0808071, 13.9408551], [98.0808652, 13.9408978], [98.0809256, 13.9408203], [98.0808675, 13.9407777], [98.0808071, 13.9408551]]]}}, {"type": "Feature", "properties": {"osm_id": 581535581, "building": "yes"}, "geometry": {"type": "Polygon", "coordinates": [[[98.080956, 13.9409371], [98.0810089, 13.940969], [98.0810368, 13.9409254], [98.0809838, 13.9408935], [98.080956, 13.9409371]]]}}, {"type": "Feature", "properties": {"osm_id": 581535582, "building": "yes"}, "geometry": {"type": "Polygon", "coordinates": [[[98.081194, 13.9410588], [98.0812369, 13.9409874], [98.0811759, 13.9409529], [98.081133, 13.9410243], [98.081194, 13.9410588]]]}}, {"type": "Feature", "properties": {"osm_id": 581535583, "building": "yes"}, "geometry": {"type": "Polygon", "coordinates": [[[98.081247, 13.9411129], [98.0813073, 13.9411604], [98.0813543, 13.9411041], [98.081294, 13.9410566], [98.081247, 13.9411129]]]}}, {"type": "Feature", "properties": {"osm_id": 581535584, "building": "yes"}, "geometry": {"type": "Polygon", "coordinates": [[[98.0810572, 13.9412228], [98.0811189, 13.9412521], [98.081148, 13.9411944], [98.0810863, 13.9411651], [98.0810572, 13.9412228]]]}}, {"type": "Feature", "properties": {"osm_id": 581535585, "building": "yes"}, "geometry": {"type": "Polygon", "coordinates": [[[98.0807514, 13.9413361], [98.0808158, 13.941366], [98.0808482, 13.9413004], [98.0807839, 13.9412704], [98.0807514, 13.9413361]]]}}, {"type": "Feature", "properties": {"osm_id": 581535586, "building": "yes"}, "geometry": {"type": "Polygon", "coordinates": [[[98.0810384, 13.9415137], [98.0811042, 13.9415417], [98.0811345, 13.9414746], [98.0810688, 13.9414466], [98.0810384, 13.9415137]]]}}, {"type": "Feature", "properties": {"osm_id": 581535587, "building": "yes"}, "geometry": {"type": "Polygon", "coordinates": [[[98.0809895, 13.9418053], [98.0810364, 13.9418322], [98.0810645, 13.941786], [98.0810177, 13.9417591], [98.0809895, 13.9418053]]]}}, {"type": "Feature", "properties": {"osm_id": 581535588, "building": "yes"}, "geometry": {"type": "Polygon", "coordinates": [[[98.0808668, 13.9416953], [98.0809315, 13.9417312], [98.0809858, 13.9416387], [98.0809211, 13.9416029], [98.0808668, 13.9416953]]]}}, {"type": "Feature", "properties": {"osm_id": 581535589, "building": "yes"}, "geometry": {"type": "Polygon", "coordinates": [[[98.0807568, 13.9416107], [98.0808252, 13.9416556], [98.0808769, 13.9415814], [98.0808084, 13.9415365], [98.0807568, 13.9416107]]]}}, {"type": "Feature", "properties": {"osm_id": 581535590, "building": "yes"}, "geometry": {"type": "Polygon", "coordinates": [[[98.0805892, 13.9415287], [98.0806658, 13.9415671], [98.0806986, 13.9415052], [98.080622, 13.9414669], [98.0805892, 13.9415287]]]}}, {"type": "Feature", "properties": {"osm_id": 581535591, "building": "yes"}, "geometry": {"type": "Polygon", "coordinates": [[[98.08051, 13.9414669], [98.0805734, 13.9415007], [98.0806143, 13.9414284], [98.080551, 13.9413947], [98.08051, 13.9414669]]]}}, {"type": "Feature", "properties": {"osm_id": 581535592, "building": "yes"}, "geometry": {"type": "Polygon", "coordinates": [[[98.0804363, 13.9414363], [98.0804928, 13.941463], [98.080529, 13.9413907], [98.0804725, 13.9413641], [98.0804363, 13.9414363]]]}}, {"type": "Feature", "properties": {"osm_id": 581535593, "building": "yes"}, "geometry": {"type": "Polygon", "coordinates": [[[98.080567, 13.9412502], [98.0806448, 13.9412834], [98.0806795, 13.9412069], [98.0806017, 13.9411737], [98.080567, 13.9412502]]]}}, {"type": "Feature", "properties": {"osm_id": 581535594, "building": "yes"}, "geometry": {"type": "Polygon", "coordinates": [[[98.0802351, 13.9413276], [98.0803071, 13.9413709], [98.0803486, 13.9413058], [98.0802767, 13.9412625], [98.0802351, 13.9413276]]]}}, {"type": "Feature", "properties": {"osm_id": 581535595, "building": "yes"}, "geometry": {"type": "Polygon", "coordinates": [[[98.0800661, 13.9413146], [98.0800871, 13.9412808], [98.0800314, 13.9412483], [98.0800105, 13.9412821], [98.0800661, 13.9413146]]]}}, {"type": "Feature", "properties": {"osm_id": 581535596, "building": "yes"}, "geometry": {"type": "Polygon", "coordinates": [[[98.0801037, 13.9412944], [98.08016, 13.941325], [98.0801724, 13.9413036], [98.080116, 13.941273], [98.0801037, 13.9412944]]]}}, {"type": "Feature", "properties": {"osm_id": 581535597, "building": "yes"}, "geometry": {"type": "Polygon", "coordinates": [[[98.0801842, 13.9413009], [98.0802371, 13.9412085], [98.0801716, 13.9411731], [98.0801186, 13.9412655], [98.0801842, 13.9413009]]]}}, {"type": "Feature", "properties": {"osm_id": 581535598, "building": "yes"}, "geometry": {"type": "Polygon", "coordinates": [[[98.0800427, 13.9412372], [98.0801003, 13.9412684], [98.0801477, 13.9411861], [98.08009, 13.9411549], [98.0800427, 13.9412372]]]}}, {"type": "Feature", "properties": {"osm_id": 581535599, "building": "yes"}, "geometry": {"type": "Polygon", "coordinates": [[[98.0804155, 13.9411825], [98.0804636, 13.941217], [98.08053, 13.9411298], [98.0804819, 13.9410953], [98.0804155, 13.9411825]]]}}, {"type": "Feature", "properties": {"osm_id": 581535600, "building": "yes"}, "geometry": {"type": "Polygon", "coordinates": [[[98.0803847, 13.9412007], [98.0804309, 13.9411304], [98.0804005, 13.9411116], [98.0803542, 13.9411819], [98.0803847, 13.9412007]]]}}, {"type": "Feature", "properties": {"osm_id": 581535601, "building": "yes"}, "geometry": {"type": "Polygon", "coordinates": [[[98.0803102, 13.9411187], [98.080366, 13.9411543], [98.0804203, 13.9410743], [98.0803645, 13.9410387], [98.0803102, 13.9411187]]]}}, {"type": "Feature", "properties": {"osm_id": 581535602, "building": "yes"}, "geometry": {"type": "Polygon", "coordinates": [[[98.0802016, 13.940941], [98.0801697, 13.9409861], [98.0802341, 13.941029], [98.080266, 13.940984], [98.0802016, 13.940941]]]}}, {"type": "Feature", "properties": {"osm_id": 581535603, "building": "yes"}, "geometry": {"type": "Polygon", "coordinates": [[[98.0801976, 13.941066], [98.0802204, 13.9410335], [98.0801811, 13.9410075], [98.0801583, 13.9410401], [98.0801976, 13.941066]]]}}, {"type": "Feature", "properties": {"osm_id": 581535604, "building": "yes"}, "geometry": {"type": "Polygon", "coordinates": [[[98.0802485, 13.9402733], [98.0803129, 13.9402434], [98.0802774, 13.9401715], [98.080213, 13.9402014], [98.0802485, 13.9402733]]]}}, {"type": "Feature", "properties": {"osm_id": 581535605, "building": "yes"}, "geometry": {"type": "Polygon", "coordinates": [[[98.080103, 13.9403221], [98.0801788, 13.9402909], [98.0801356, 13.9401922], [98.0800598, 13.9402235], [98.080103, 13.9403221]]]}}, {"type": "Feature", "properties": {"osm_id": 581535606, "building": "yes"}, "geometry": {"type": "Polygon", "coordinates": [[[98.0800688, 13.9405929], [98.0801285, 13.9405929], [98.0801285, 13.9405284], [98.0800688, 13.9405284], [98.0800688, 13.9405929]]]}}, {"type": "Feature", "properties": {"osm_id": 581535607, "building": "yes"}, "geometry": {"type": "Polygon", "coordinates": [[[98.080158, 13.940615], [98.0802291, 13.9406261], [98.0802447, 13.9405316], [98.0801736, 13.9405206], [98.080158, 13.940615]]]}}, {"type": "Feature", "properties": {"osm_id": 581535608, "building": "yes"}, "geometry": {"type": "Polygon", "coordinates": [[[98.0800232, 13.9408278], [98.0800823, 13.9408598], [98.0801306, 13.9407758], [98.0800715, 13.9407439], [98.0800232, 13.9408278]]]}}, {"type": "Feature", "properties": {"osm_id": 581535609, "building": "yes"}, "geometry": {"type": "Polygon", "coordinates": [[[98.0799857, 13.9408122], [98.080044, 13.9407172], [98.0799932, 13.9406878], [98.0799349, 13.9407828], [98.0799857, 13.9408122]]]}}, {"type": "Feature", "properties": {"osm_id": 581535610, "building": "yes"}, "geometry": {"type": "Polygon", "coordinates": [[[98.0791716, 13.9396915], [98.079236, 13.939672], [98.0792061, 13.9395793], [98.0791418, 13.9395988], [98.0791716, 13.9396915]]]}}, {"type": "Feature", "properties": {"osm_id": 581535611, "building": "yes"}, "geometry": {"type": "Polygon", "coordinates": [[[98.0791663, 13.9399011], [98.0792293, 13.9398724], [98.0791805, 13.9397712], [98.0791174, 13.9397998], [98.0791663, 13.9399011]]]}}, {"type": "Feature", "properties": {"osm_id": 581535612, "building": "yes"}, "geometry": {"type": "Polygon", "coordinates": [[[98.079291, 13.9398113], [98.0793768, 13.93978], [98.0793323, 13.9396649], [98.0792465, 13.9396961], [98.079291, 13.9398113]]]}}, {"type": "Feature", "properties": {"osm_id": 581535613, "building": "yes"}, "geometry": {"type": "Polygon", "coordinates": [[[98.0790201, 13.9409007], [98.0791046, 13.9409059], [98.0791095, 13.9408311], [98.079025, 13.9408259], [98.0790201, 13.9409007]]]}}, {"type": "Feature", "properties": {"osm_id": 581535614, "building": "yes"}, "geometry": {"type": "Polygon", "coordinates": [[[98.0791663, 13.9409397], [98.0792105, 13.9409632], [98.0792483, 13.9408959], [98.0792041, 13.9408724], [98.0791663, 13.9409397]]]}}, {"type": "Feature", "properties": {"osm_id": 581535615, "building": "yes"}, "geometry": {"type": "Polygon", "coordinates": [[[98.0791998, 13.9412456], [98.0792392, 13.941273], [98.0792728, 13.9412274], [98.0792333, 13.9412001], [98.0791998, 13.9412456]]]}}, {"type": "Feature", "properties": {"osm_id": 581535616, "building": "yes"}, "geometry": {"type": "Polygon", "coordinates": [[[98.0794774, 13.941269], [98.079527, 13.9412977], [98.0795616, 13.9412412], [98.079512, 13.9412126], [98.0794774, 13.941269]]]}}, {"type": "Feature", "properties": {"osm_id": 581535617, "building": "yes"}, "geometry": {"type": "Polygon", "coordinates": [[[98.0793634, 13.9411168], [98.079468, 13.941174], [98.079506, 13.9411086], [98.0794014, 13.9410514], [98.0793634, 13.9411168]]]}}, {"type": "Feature", "properties": {"osm_id": 581535618, "building": "yes"}, "geometry": {"type": "Polygon", "coordinates": [[[98.0797014, 13.9412261], [98.0797577, 13.9412677], [98.0798154, 13.9411942], [98.0797591, 13.9411525], [98.0797014, 13.9412261]]]}}, {"type": "Feature", "properties": {"osm_id": 581535619, "building": "yes"}, "geometry": {"type": "Polygon", "coordinates": [[[98.0799159, 13.9411753], [98.0799709, 13.9411011], [98.0799128, 13.9410606], [98.0798578, 13.9411348], [98.0799159, 13.9411753]]]}}, {"type": "Feature", "properties": {"osm_id": 581535620, "building": "yes"}, "geometry": {"type": "Polygon", "coordinates": [[[98.0798019, 13.9410413], [98.0798717, 13.9410842], [98.0799061, 13.9410315], [98.0798364, 13.9409886], [98.0798019, 13.9410413]]]}}, {"type": "Feature", "properties": {"osm_id": 581535621, "building": "yes"}, "geometry": {"type": "Polygon", "coordinates": [[[98.0797242, 13.9409931], [98.0797832, 13.9410322], [98.0798349, 13.9409585], [98.0797759, 13.9409195], [98.0797242, 13.9409931]]]}}, {"type": "Feature", "properties": {"osm_id": 581535622, "building": "yes"}, "geometry": {"type": "Polygon", "coordinates": [[[98.0796397, 13.9409736], [98.0796997, 13.9410076], [98.0797466, 13.9409295], [98.0796866, 13.9408955], [98.0796397, 13.9409736]]]}}, {"type": "Feature", "properties": {"osm_id": 581535623, "building": "yes"}, "geometry": {"type": "Polygon", "coordinates": [[[98.0795471, 13.9409215], [98.0796196, 13.9409554], [98.0796659, 13.9408619], [98.0795935, 13.9408281], [98.0795471, 13.9409215]]]}}, {"type": "Feature", "properties": {"osm_id": 581535624, "building": "yes"}, "geometry": {"type": "Polygon", "coordinates": [[[98.0794694, 13.9408304], [98.0795471, 13.9408708], [98.0795825, 13.9408066], [98.0795047, 13.9407663], [98.0794694, 13.9408304]]]}}, {"type": "Feature", "properties": {"osm_id": 581535785, "building": "yes"}, "geometry": {"type": "Polygon", "coordinates": [[[98.0751892, 13.9405187], [98.0752321, 13.9405668], [98.0752717, 13.9405336], [98.0752288, 13.9404855], [98.0751892, 13.9405187]]]}}, {"type": "Feature", "properties": {"osm_id": 581535786, "building": "yes"}, "geometry": {"type": "Polygon", "coordinates": [[[98.0750658, 13.9405753], [98.075094, 13.9406287], [98.0751959, 13.940578], [98.0751677, 13.9405246], [98.0750658, 13.9405753]]]}}, {"type": "Feature", "properties": {"osm_id": 581535788, "building": "yes"}, "geometry": {"type": "Polygon", "coordinates": [[[98.0750611, 13.9405317], [98.0750853, 13.9405525], [98.075138, 13.940495], [98.0751139, 13.9404741], [98.0750611, 13.9405317]]]}}, {"type": "Feature", "properties": {"osm_id": 581535790, "building": "yes"}, "geometry": {"type": "Polygon", "coordinates": [[[98.0749753, 13.9404562], [98.0750185, 13.9405263], [98.0750735, 13.9404944], [98.0750303, 13.9404243], [98.0749753, 13.9404562]]]}}, {"type": "Feature", "properties": {"osm_id": 581535792, "building": "yes"}, "geometry": {"type": "Polygon", "coordinates": [[[98.075086, 13.9404738], [98.0751377, 13.9404348], [98.0750887, 13.9403736], [98.075037, 13.9404126], [98.075086, 13.9404738]]]}}, {"type": "Feature", "properties": {"osm_id": 581535793, "building": "yes"}, "geometry": {"type": "Polygon", "coordinates": [[[98.0751429, 13.9404354], [98.075193, 13.9404014], [98.0751481, 13.940339], [98.075098, 13.9403729], [98.0751429, 13.9404354]]]}}, {"type": "Feature", "properties": {"osm_id": 581535794, "building": "yes"}, "geometry": {"type": "Polygon", "coordinates": [[[98.075155, 13.9403397], [98.0751953, 13.9403979], [98.0752402, 13.9403686], [98.0751999, 13.9403104], [98.075155, 13.9403397]]]}}, {"type": "Feature", "properties": {"osm_id": 581535797, "building": "yes"}, "geometry": {"type": "Polygon", "coordinates": [[[98.0749253, 13.9402995], [98.0749898, 13.9403954], [98.0750211, 13.9403756], [98.0749566, 13.9402797], [98.0749253, 13.9402995]]]}}, {"type": "Feature", "properties": {"osm_id": 581535798, "building": "yes"}, "geometry": {"type": "Polygon", "coordinates": [[[98.0750256, 13.9403696], [98.0750766, 13.9403364], [98.0750519, 13.9403008], [98.0750009, 13.940334], [98.0750256, 13.9403696]]]}}, {"type": "Feature", "properties": {"osm_id": 581535799, "building": "yes"}, "geometry": {"type": "Polygon", "coordinates": [[[98.0750538, 13.9402805], [98.0750913, 13.9403312], [98.0751773, 13.9402713], [98.0751398, 13.9402206], [98.0750538, 13.9402805]]]}}, {"type": "Feature", "properties": {"osm_id": 581535800, "building": "yes"}, "geometry": {"type": "Polygon", "coordinates": [[[98.0751825, 13.9402623], [98.0752177, 13.94024], [98.0751747, 13.9401762], [98.0751396, 13.9401985], [98.0751825, 13.9402623]]]}}, {"type": "Feature", "properties": {"osm_id": 581535801, "building": "yes"}, "geometry": {"type": "Polygon", "coordinates": [[[98.0751939, 13.9401952], [98.0752299, 13.9402444], [98.0752601, 13.9402235], [98.0752241, 13.9401744], [98.0751939, 13.9401952]]]}}, {"type": "Feature", "properties": {"osm_id": 581535802, "building": "yes"}, "geometry": {"type": "Polygon", "coordinates": [[[98.0752824, 13.9402226], [98.0753562, 13.9401672], [98.0752985, 13.9400948], [98.0752247, 13.9401501], [98.0752824, 13.9402226]]]}}, {"type": "Feature", "properties": {"osm_id": 581535803, "building": "yes"}, "geometry": {"type": "Polygon", "coordinates": [[[98.0753354, 13.9404868], [98.0753951, 13.9404568], [98.0753708, 13.9404113], [98.0753111, 13.9404412], [98.0753354, 13.9404868]]]}}, {"type": "Feature", "properties": {"osm_id": 581535804, "building": "yes"}, "geometry": {"type": "Polygon", "coordinates": [[[98.0752522, 13.9403664], [98.0752972, 13.940436], [98.0753397, 13.9404102], [98.0752948, 13.9403405], [98.0752522, 13.9403664]]]}}, {"type": "Feature", "properties": {"osm_id": 581535805, "building": "yes"}, "geometry": {"type": "Polygon", "coordinates": [[[98.0752429, 13.9403566], [98.0752898, 13.9403312], [98.0752541, 13.9402691], [98.0752072, 13.9402945], [98.0752429, 13.9403566]]]}}, {"type": "Feature", "properties": {"osm_id": 581535806, "building": "yes"}, "geometry": {"type": "Polygon", "coordinates": [[[98.0753046, 13.9403273], [98.0753347, 13.9403072], [98.075301, 13.9402597], [98.0752708, 13.9402798], [98.0753046, 13.9403273]]]}}, {"type": "Feature", "properties": {"osm_id": 581535807, "building": "yes"}, "geometry": {"type": "Polygon", "coordinates": [[[98.0753461, 13.9403944], [98.075387, 13.9403755], [98.0753592, 13.9403187], [98.0753183, 13.9403376], [98.0753461, 13.9403944]]]}}, {"type": "Feature", "properties": {"osm_id": 581535808, "building": "yes"}, "geometry": {"type": "Polygon", "coordinates": [[[98.0754552, 13.9405355], [98.0755008, 13.9405097], [98.075418, 13.9403719], [98.0753723, 13.9403977], [98.0754552, 13.9405355]]]}}, {"type": "Feature", "properties": {"osm_id": 581535809, "building": "yes"}, "geometry": {"type": "Polygon", "coordinates": [[[98.0753072, 13.9402538], [98.0753475, 13.9403098], [98.0753859, 13.9402837], [98.0753457, 13.9402278], [98.0753072, 13.9402538]]]}}, {"type": "Feature", "properties": {"osm_id": 581535810, "building": "yes"}, "geometry": {"type": "Polygon", "coordinates": [[[98.0753964, 13.940285], [98.0754425, 13.9402503], [98.0753982, 13.940195], [98.0753522, 13.9402297], [98.0753964, 13.940285]]]}}, {"type": "Feature", "properties": {"osm_id": 581535811, "building": "yes"}, "geometry": {"type": "Polygon", "coordinates": [[[98.0754474, 13.9403944], [98.0754896, 13.9403677], [98.0754614, 13.9403255], [98.0754191, 13.9403522], [98.0754474, 13.9403944]]]}}, {"type": "Feature", "properties": {"osm_id": 581535812, "building": "yes"}, "geometry": {"type": "Polygon", "coordinates": [[[98.07555, 13.9402922], [98.0755796, 13.940332], [98.0756232, 13.9403014], [98.0755936, 13.9402616], [98.07555, 13.9402922]]]}}, {"type": "Feature", "properties": {"osm_id": 581535813, "building": "yes"}, "geometry": {"type": "Polygon", "coordinates": [[[98.0754447, 13.9402349], [98.0755071, 13.9401991], [98.0754753, 13.940147], [98.0754129, 13.9401828], [98.0754447, 13.9402349]]]}}, {"type": "Feature", "properties": {"osm_id": 581535814, "building": "yes"}, "geometry": {"type": "Polygon", "coordinates": [[[98.0754916, 13.9402128], [98.0755297, 13.9402719], [98.0755726, 13.9402458], [98.0755346, 13.9401868], [98.0754916, 13.9402128]]]}}, {"type": "Feature", "properties": {"osm_id": 581535815, "building": "yes"}, "geometry": {"type": "Polygon", "coordinates": [[[98.075505, 13.9400651], [98.0755527, 13.9400319], [98.0754957, 13.9399549], [98.0754481, 13.9399881], [98.075505, 13.9400651]]]}}, {"type": "Feature", "properties": {"osm_id": 581535816, "building": "yes"}, "geometry": {"type": "Polygon", "coordinates": [[[98.0755111, 13.939944], [98.0755842, 13.9400182], [98.0756315, 13.9399743], [98.0755584, 13.9399001], [98.0755111, 13.939944]]]}}, {"type": "Feature", "properties": {"osm_id": 581535817, "building": "yes"}, "geometry": {"type": "Polygon", "coordinates": [[[98.0755627, 13.9398854], [98.0756409, 13.9399669], [98.0756798, 13.9399318], [98.0756016, 13.9398503], [98.0755627, 13.9398854]]]}}, {"type": "Feature", "properties": {"osm_id": 581535818, "building": "yes"}, "geometry": {"type": "Polygon", "coordinates": [[[98.075676, 13.9399128], [98.0757109, 13.9398808], [98.0756426, 13.9398105], [98.0756076, 13.9398425], [98.075676, 13.9399128]]]}}, {"type": "Feature", "properties": {"osm_id": 581535819, "building": "yes"}, "geometry": {"type": "Polygon", "coordinates": [[[98.0757102, 13.9398653], [98.0757532, 13.9398236], [98.0756807, 13.9397533], [98.0756378, 13.939795], [98.0757102, 13.9398653]]]}}, {"type": "Feature", "properties": {"osm_id": 581535820, "building": "yes"}, "geometry": {"type": "Polygon", "coordinates": [[[98.0757612, 13.9398145], [98.0758001, 13.9397748], [98.0757171, 13.9396982], [98.0756782, 13.9397379], [98.0757612, 13.9398145]]]}}, {"type": "Feature", "properties": {"osm_id": 581535821, "building": "yes"}, "geometry": {"type": "Polygon", "coordinates": [[[98.0758014, 13.9397644], [98.075841, 13.9397221], [98.0757674, 13.9396572], [98.0757278, 13.9396995], [98.0758014, 13.9397644]]]}}, {"type": "Feature", "properties": {"osm_id": 581535822, "building": "yes"}, "geometry": {"type": "Polygon", "coordinates": [[[98.0758517, 13.9396974], [98.0759074, 13.9396544], [98.0758494, 13.9395836], [98.0757937, 13.9396266], [98.0758517, 13.9396974]]]}}, {"type": "Feature", "properties": {"osm_id": 581535823, "building": "yes"}, "geometry": {"type": "Polygon", "coordinates": [[[98.0758718, 13.9395731], [98.0759221, 13.9396366], [98.075971, 13.9396002], [98.0759208, 13.9395366], [98.0758718, 13.9395731]]]}}, {"type": "Feature", "properties": {"osm_id": 581535824, "building": "yes"}, "geometry": {"type": "Polygon", "coordinates": [[[98.0760247, 13.9395386], [98.07607, 13.9394978], [98.0759995, 13.9394242], [98.0759543, 13.939465], [98.0760247, 13.9395386]]]}}, {"type": "Feature", "properties": {"osm_id": 581535825, "building": "yes"}, "geometry": {"type": "Polygon", "coordinates": [[[98.0760321, 13.9393908], [98.0760971, 13.9394448], [98.076136, 13.9394008], [98.0760709, 13.9393468], [98.0760321, 13.9393908]]]}}, {"type": "Feature", "properties": {"osm_id": 581535826, "building": "yes"}, "geometry": {"type": "Polygon", "coordinates": [[[98.076136, 13.9393804], [98.0761944, 13.9394357], [98.0762305, 13.9393999], [98.0761721, 13.9393446], [98.076136, 13.9393804]]]}}, {"type": "Feature", "properties": {"osm_id": 581535827, "building": "yes"}, "geometry": {"type": "Polygon", "coordinates": [[[98.076238, 13.9393967], [98.0763104, 13.9393316], [98.0762043, 13.9392204], [98.0761319, 13.9392855], [98.076238, 13.9393967]]]}}, {"type": "Feature", "properties": {"osm_id": 581535828, "building": "yes"}, "geometry": {"type": "Polygon", "coordinates": [[[98.0761937, 13.9391936], [98.0762717, 13.9392702], [98.076328, 13.9392162], [98.07625, 13.9391396], [98.0761937, 13.9391936]]]}}, {"type": "Feature", "properties": {"osm_id": 581535829, "building": "yes"}, "geometry": {"type": "Polygon", "coordinates": [[[98.0763915, 13.9391526], [98.076425, 13.9390654], [98.0763192, 13.9390271], [98.0762857, 13.9391143], [98.0763915, 13.9391526]]]}}, {"type": "Feature", "properties": {"osm_id": 581535830, "building": "yes"}, "geometry": {"type": "Polygon", "coordinates": [[[98.0800849, 13.9384407], [98.0801594, 13.9383704], [98.0801093, 13.9383204], [98.0800348, 13.9383907], [98.0800849, 13.9384407]]]}}, {"type": "Feature", "properties": {"osm_id": 581535831, "building": "yes"}, "geometry": {"type": "Polygon", "coordinates": [[[98.0797946, 13.9381849], [98.0798482, 13.9382317], [98.0799218, 13.9381524], [98.0798682, 13.9381055], [98.0797946, 13.9381849]]]}}, {"type": "Feature", "properties": {"osm_id": 581535832, "building": "yes"}, "geometry": {"type": "Polygon", "coordinates": [[[98.0796008, 13.9380821], [98.0796497, 13.9381237], [98.0796859, 13.9380837], [98.0796369, 13.938042], [98.0796008, 13.9380821]]]}}, {"type": "Feature", "properties": {"osm_id": 581535833, "building": "yes"}, "geometry": {"type": "Polygon", "coordinates": [[[98.0796906, 13.9380769], [98.0797325, 13.938117], [98.0797888, 13.9380617], [98.079747, 13.9380215], [98.0796906, 13.9380769]]]}}, {"type": "Feature", "properties": {"osm_id": 581535834, "building": "yes"}, "geometry": {"type": "Polygon", "coordinates": [[[98.0795116, 13.9379343], [98.0795759, 13.9379764], [98.0796148, 13.9379204], [98.0795505, 13.9378784], [98.0795116, 13.9379343]]]}}, {"type": "Feature", "properties": {"osm_id": 581535835, "building": "yes"}, "geometry": {"type": "Polygon", "coordinates": [[[98.0794398, 13.9378471], [98.0794492, 13.9377781], [98.0793987, 13.9377717], [98.0793893, 13.9378406], [98.0794398, 13.9378471]]]}}, {"type": "Feature", "properties": {"osm_id": 581535836, "building": "yes"}, "geometry": {"type": "Polygon", "coordinates": [[[98.0793191, 13.9378862], [98.0793822, 13.9378497], [98.0793281, 13.9377617], [98.0792651, 13.9377981], [98.0793191, 13.9378862]]]}}, {"type": "Feature", "properties": {"osm_id": 581535837, "building": "yes"}, "geometry": {"type": "Polygon", "coordinates": [[[98.0790469, 13.937756], [98.0791126, 13.9377052], [98.0790757, 13.9376602], [98.07901, 13.937711], [98.0790469, 13.937756]]]}}, {"type": "Feature", "properties": {"osm_id": 581535838, "building": "yes"}, "geometry": {"type": "Polygon", "coordinates": [[[98.07755, 13.9384222], [98.0776059, 13.9383085], [98.0775525, 13.9382837], [98.0774966, 13.9383974], [98.07755, 13.9384222]]]}}, {"type": "Feature", "properties": {"osm_id": 581535839, "building": "yes"}, "geometry": {"type": "Polygon", "coordinates": [[[98.0777313, 13.9384485], [98.0777715, 13.9384797], [98.0778037, 13.9384407], [98.0777635, 13.9384094], [98.0777313, 13.9384485]]]}}, {"type": "Feature", "properties": {"osm_id": 581535840, "building": "yes"}, "geometry": {"type": "Polygon", "coordinates": [[[98.0776119, 13.9383769], [98.077675, 13.9384068], [98.0777045, 13.9383482], [98.0776415, 13.9383183], [98.0776119, 13.9383769]]]}}, {"type": "Feature", "properties": {"osm_id": 581535841, "building": "yes"}, "geometry": {"type": "Polygon", "coordinates": [[[98.0772699, 13.938196], [98.077333, 13.9382207], [98.0773592, 13.9381577], [98.0772962, 13.938133], [98.0772699, 13.938196]]]}}, {"type": "Feature", "properties": {"osm_id": 581535842, "building": "yes"}, "geometry": {"type": "Polygon", "coordinates": [[[98.0773517, 13.9382155], [98.0774215, 13.9382493], [98.0774553, 13.9381837], [98.0773855, 13.9381499], [98.0773517, 13.9382155]]]}}, {"type": "Feature", "properties": {"osm_id": 581535843, "building": "yes"}, "geometry": {"type": "Polygon", "coordinates": [[[98.0771948, 13.9383105], [98.0772793, 13.9383391], [98.0773107, 13.9382519], [98.0772262, 13.9382232], [98.0771948, 13.9383105]]]}}, {"type": "Feature", "properties": {"osm_id": 581535844, "building": "yes"}, "geometry": {"type": "Polygon", "coordinates": [[[98.0769856, 13.9385292], [98.0769976, 13.9386181], [98.0770901, 13.9386064], [98.0770782, 13.9385174], [98.0769856, 13.9385292]]]}}, {"type": "Feature", "properties": {"osm_id": 581535845, "building": "yes"}, "geometry": {"type": "Polygon", "coordinates": [[[98.0771814, 13.9385474], [98.0772498, 13.9385643], [98.0772748, 13.9384692], [98.0772064, 13.9384522], [98.0771814, 13.9385474]]]}}, {"type": "Feature", "properties": {"osm_id": 581535846, "building": "yes"}, "geometry": {"type": "Polygon", "coordinates": [[[98.0771238, 13.9386658], [98.0772056, 13.9386828], [98.0772183, 13.9386249], [98.0771365, 13.9386079], [98.0771238, 13.9386658]]]}}, {"type": "Feature", "properties": {"osm_id": 581535847, "building": "yes"}, "geometry": {"type": "Polygon", "coordinates": [[[98.0771533, 13.938822], [98.0772686, 13.9388298], [98.0772752, 13.9387381], [98.0771599, 13.9387303], [98.0771533, 13.938822]]]}}, {"type": "Feature", "properties": {"osm_id": 581535848, "building": "yes"}, "geometry": {"type": "Polygon", "coordinates": [[[98.0769387, 13.9389379], [98.0770339, 13.9389275], [98.0770262, 13.9388613], [98.076931, 13.9388717], [98.0769387, 13.9389379]]]}}, {"type": "Feature", "properties": {"osm_id": 581535849, "building": "yes"}, "geometry": {"type": "Polygon", "coordinates": [[[98.0767858, 13.9389925], [98.0768649, 13.9389964], [98.0768696, 13.9389066], [98.0767905, 13.9389027], [98.0767858, 13.9389925]]]}}, {"type": "Feature", "properties": {"osm_id": 581535850, "building": "yes"}, "geometry": {"type": "Polygon", "coordinates": [[[98.0766329, 13.9390902], [98.0767322, 13.9390993], [98.0767434, 13.9389838], [98.0766442, 13.9389747], [98.0766329, 13.9390902]]]}}, {"type": "Feature", "properties": {"osm_id": 581535851, "building": "yes"}, "geometry": {"type": "Polygon", "coordinates": [[[98.076364, 13.9393108], [98.076419, 13.9393231], [98.0764513, 13.9391881], [98.0763963, 13.9391757], [98.076364, 13.9393108]]]}}, {"type": "Feature", "properties": {"osm_id": 581535852, "building": "yes"}, "geometry": {"type": "Polygon", "coordinates": [[[98.0764418, 13.9392847], [98.0765223, 13.9392939], [98.0765352, 13.9391866], [98.0764547, 13.9391775], [98.0764418, 13.9392847]]]}}, {"type": "Feature", "properties": {"osm_id": 581535853, "building": "yes"}, "geometry": {"type": "Polygon", "coordinates": [[[98.0765411, 13.9393459], [98.0766021, 13.9393602], [98.0766354, 13.9392265], [98.0765744, 13.9392121], [98.0765411, 13.9393459]]]}}, {"type": "Feature", "properties": {"osm_id": 581535855, "building": "yes"}, "geometry": {"type": "Polygon", "coordinates": [[[98.0766168, 13.939344], [98.0766792, 13.9393557], [98.0767034, 13.9392341], [98.0766411, 13.9392224], [98.0766168, 13.939344]]]}}, {"type": "Feature", "properties": {"osm_id": 581535858, "building": "yes"}, "geometry": {"type": "Polygon", "coordinates": [[[98.0756192, 13.9402639], [98.0756741, 13.9402236], [98.0755552, 13.940071], [98.0755003, 13.9401113], [98.0756192, 13.9402639]]]}}, {"type": "Feature", "properties": {"osm_id": 581535860, "building": "yes"}, "geometry": {"type": "Polygon", "coordinates": [[[98.0755781, 13.9400781], [98.0756374, 13.9401624], [98.0756816, 13.9401331], [98.0756224, 13.9400488], [98.0755781, 13.9400781]]]}}, {"type": "Feature", "properties": {"osm_id": 581535862, "building": "yes"}, "geometry": {"type": "Polygon", "coordinates": [[[98.0756097, 13.9400215], [98.0756523, 13.9400676], [98.0756979, 13.9400279], [98.0756553, 13.9399818], [98.0756097, 13.9400215]]]}}, {"type": "Feature", "properties": {"osm_id": 581535863, "building": "yes"}, "geometry": {"type": "Polygon", "coordinates": [[[98.0756566, 13.9400742], [98.0757205, 13.9401443], [98.0757667, 13.9401046], [98.0757029, 13.9400345], [98.0756566, 13.9400742]]]}}, {"type": "Feature", "properties": {"osm_id": 581535865, "building": "yes"}, "geometry": {"type": "Polygon", "coordinates": [[[98.0759208, 13.9399447], [98.0759659, 13.9399874], [98.075994, 13.9399594], [98.075949, 13.9399167], [98.0759208, 13.9399447]]]}}, {"type": "Feature", "properties": {"osm_id": 581535866, "building": "yes"}, "geometry": {"type": "Polygon", "coordinates": [[[98.075839, 13.940041], [98.0758897, 13.940086], [98.0759326, 13.9400404], [98.0758819, 13.9399954], [98.075839, 13.940041]]]}}, {"type": "Feature", "properties": {"osm_id": 581535868, "building": "yes"}, "geometry": {"type": "Polygon", "coordinates": [[[98.075676, 13.9399655], [98.0757487, 13.9400368], [98.0758043, 13.9399835], [98.0757317, 13.9399121], [98.075676, 13.9399655]]]}}, {"type": "Feature", "properties": {"osm_id": 581535869, "building": "yes"}, "geometry": {"type": "Polygon", "coordinates": [[[98.0757833, 13.939851], [98.0758599, 13.9399192], [98.0759122, 13.9398638], [98.0758356, 13.9397956], [98.0757833, 13.939851]]]}}, {"type": "Feature", "properties": {"osm_id": 581535871, "building": "yes"}, "geometry": {"type": "Polygon", "coordinates": [[[98.0758531, 13.9397729], [98.0759229, 13.9398416], [98.0759712, 13.9397954], [98.0759013, 13.9397266], [98.0758531, 13.9397729]]]}}, {"type": "Feature", "properties": {"osm_id": 581535872, "building": "yes"}, "geometry": {"type": "Polygon", "coordinates": [[[98.0759201, 13.9397071], [98.0759713, 13.9397524], [98.0760055, 13.939716], [98.0759543, 13.9396707], [98.0759201, 13.9397071]]]}}, {"type": "Feature", "properties": {"osm_id": 581535874, "building": "yes"}, "geometry": {"type": "Polygon", "coordinates": [[[98.0759878, 13.9396798], [98.0760628, 13.9397627], [98.0761125, 13.9397204], [98.0760375, 13.9396375], [98.0759878, 13.9396798]]]}}, {"type": "Feature", "properties": {"osm_id": 581535875, "building": "yes"}, "geometry": {"type": "Polygon", "coordinates": [[[98.0760898, 13.9395789], [98.0761797, 13.9396739], [98.0762293, 13.9396297], [98.0761394, 13.9395347], [98.0760898, 13.9395789]]]}}, {"type": "Feature", "properties": {"osm_id": 581535877, "building": "yes"}, "geometry": {"type": "Polygon", "coordinates": [[[98.0761555, 13.9395314], [98.0762345, 13.9396315], [98.0762861, 13.9395931], [98.0762071, 13.939493], [98.0761555, 13.9395314]]]}}, {"type": "Feature", "properties": {"osm_id": 581535878, "building": "yes"}, "geometry": {"type": "Polygon", "coordinates": [[[98.076305, 13.939496], [98.0763606, 13.9396181], [98.0763855, 13.9395757], [98.0763421, 13.9394801], [98.076305, 13.939496]]]}}, {"type": "Feature", "properties": {"osm_id": 581535881, "building": "yes"}, "geometry": {"type": "Polygon", "coordinates": [[[98.076419, 13.9394911], [98.0764841, 13.9395015], [98.0764997, 13.9394091], [98.0764347, 13.9393987], [98.076419, 13.9394911]]]}}, {"type": "Feature", "properties": {"osm_id": 581535882, "building": "yes"}, "geometry": {"type": "Polygon", "coordinates": [[[98.0765075, 13.9395008], [98.0765612, 13.9395184], [98.0765898, 13.9394359], [98.0765362, 13.9394184], [98.0765075, 13.9395008]]]}}, {"type": "Feature", "properties": {"osm_id": 581535884, "building": "yes"}, "geometry": {"type": "Polygon", "coordinates": [[[98.0766852, 13.9395548], [98.0767429, 13.9395561], [98.076744, 13.9395076], [98.0766864, 13.9395063], [98.0766852, 13.9395548]]]}}, {"type": "Feature", "properties": {"osm_id": 581535885, "building": "yes"}, "geometry": {"type": "Polygon", "coordinates": [[[98.0766061, 13.9395236], [98.0766611, 13.9395444], [98.0766813, 13.9394941], [98.0766263, 13.9394733], [98.0766061, 13.9395236]]]}}, {"type": "Feature", "properties": {"osm_id": 581535887, "building": "yes"}, "geometry": {"type": "Polygon", "coordinates": [[[98.0766289, 13.9397019], [98.0767214, 13.939711], [98.0767357, 13.9395743], [98.0766432, 13.9395652], [98.0766289, 13.9397019]]]}}, {"type": "Feature", "properties": {"osm_id": 581535888, "building": "yes"}, "geometry": {"type": "Polygon", "coordinates": [[[98.0766745, 13.940069], [98.0767523, 13.9400442], [98.0767108, 13.9399213], [98.076633, 13.9399461], [98.0766745, 13.940069]]]}}, {"type": "Feature", "properties": {"osm_id": 581535890, "building": "yes"}, "geometry": {"type": "Polygon", "coordinates": [[[98.0766235, 13.9402499], [98.0766509, 13.9403174], [98.0767395, 13.9402836], [98.076712, 13.9402161], [98.0766235, 13.9402499]]]}}, {"type": "Feature", "properties": {"osm_id": 581535892, "building": "yes"}, "geometry": {"type": "Polygon", "coordinates": [[[98.0765846, 13.9401445], [98.0766243, 13.9402306], [98.0766994, 13.9401981], [98.0766597, 13.9401119], [98.0765846, 13.9401445]]]}}, {"type": "Feature", "properties": {"osm_id": 581535893, "building": "yes"}, "geometry": {"type": "Polygon", "coordinates": [[[98.0767389, 13.9401796], [98.0768019, 13.9401744], [98.0767943, 13.9400879], [98.0767313, 13.9400931], [98.0767389, 13.9401796]]]}}, {"type": "Feature", "properties": {"osm_id": 581535895, "building": "yes"}, "geometry": {"type": "Polygon", "coordinates": [[[98.076814, 13.9400612], [98.0768203, 13.9401267], [98.0768914, 13.9401202], [98.076885, 13.9400547], [98.076814, 13.9400612]]]}}, {"type": "Feature", "properties": {"osm_id": 581535897, "building": "yes"}, "geometry": {"type": "Polygon", "coordinates": [[[98.0768153, 13.9399375], [98.0768636, 13.9399349], [98.0768582, 13.9398408], [98.0768099, 13.9398434], [98.0768153, 13.9399375]]]}}, {"type": "Feature", "properties": {"osm_id": 581535898, "building": "yes"}, "geometry": {"type": "Polygon", "coordinates": [[[98.0769186, 13.9399492], [98.0769816, 13.9399362], [98.0769669, 13.9398691], [98.0769039, 13.9398822], [98.0769186, 13.9399492]]]}}, {"type": "Feature", "properties": {"osm_id": 581535901, "building": "yes"}, "geometry": {"type": "Polygon", "coordinates": [[[98.0770165, 13.9399128], [98.0771278, 13.9398933], [98.0771152, 13.9398254], [98.0770038, 13.939845], [98.0770165, 13.9399128]]]}}, {"type": "Feature", "properties": {"osm_id": 581535903, "building": "yes"}, "geometry": {"type": "Polygon", "coordinates": [[[98.076928, 13.940246], [98.0770312, 13.9402525], [98.0770405, 13.9401138], [98.0769372, 13.9401073], [98.076928, 13.940246]]]}}, {"type": "Feature", "properties": {"osm_id": 581535906, "building": "yes"}, "geometry": {"type": "Polygon", "coordinates": [[[98.0770674, 13.9402629], [98.0771774, 13.9402564], [98.0771712, 13.9401582], [98.0770613, 13.9401647], [98.0770674, 13.9402629]]]}}, {"type": "Feature", "properties": {"osm_id": 581535907, "building": "yes"}, "geometry": {"type": "Polygon", "coordinates": [[[98.0773115, 13.9403957], [98.0773826, 13.9403788], [98.077371, 13.9403327], [98.0772999, 13.9403496], [98.0773115, 13.9403957]]]}}, {"type": "Feature", "properties": {"osm_id": 581535909, "building": "yes"}, "geometry": {"type": "Polygon", "coordinates": [[[98.077219, 13.9402941], [98.0773155, 13.9402811], [98.0773025, 13.9401901], [98.077206, 13.9402031], [98.077219, 13.9402941]]]}}, {"type": "Feature", "properties": {"osm_id": 581535911, "building": "yes"}, "geometry": {"type": "Polygon", "coordinates": [[[98.0774228, 13.9403072], [98.0774228, 13.9402134], [98.0773289, 13.9402134], [98.0773289, 13.9403072], [98.0774228, 13.9403072]]]}}, {"type": "Feature", "properties": {"osm_id": 581535913, "building": "yes"}, "geometry": {"type": "Polygon", "coordinates": [[[98.0775703, 13.9402525], [98.077574, 13.9403132], [98.0776196, 13.9403106], [98.0776159, 13.9402499], [98.0775703, 13.9402525]]]}}, {"type": "Feature", "properties": {"osm_id": 581535914, "building": "yes"}, "geometry": {"type": "Polygon", "coordinates": [[[98.0776669, 13.9402928], [98.0777393, 13.9402937], [98.0777407, 13.9401843], [98.0776682, 13.9401835], [98.0776669, 13.9402928]]]}}, {"type": "Feature", "properties": {"osm_id": 581535916, "building": "yes"}, "geometry": {"type": "Polygon", "coordinates": [[[98.0777782, 13.9403384], [98.0778402, 13.9403351], [98.0778281, 13.9401242], [98.0777661, 13.9401275], [98.0777782, 13.9403384]]]}}, {"type": "Feature", "properties": {"osm_id": 581535918, "building": "yes"}, "geometry": {"type": "Polygon", "coordinates": [[[98.0778614, 13.9403449], [98.0780478, 13.9403189], [98.0780309, 13.9402052], [98.0778445, 13.9402312], [98.0778614, 13.9403449]]]}}, {"type": "Feature", "properties": {"osm_id": 581535919, "building": "yes"}, "geometry": {"type": "Polygon", "coordinates": [[[98.0781443, 13.9403801], [98.0782154, 13.9403775], [98.0782111, 13.9402672], [98.0781401, 13.9402698], [98.0781443, 13.9403801]]]}}, {"type": "Feature", "properties": {"osm_id": 581535921, "building": "yes"}, "geometry": {"type": "Polygon", "coordinates": [[[98.078253, 13.9404998], [98.0783522, 13.940492], [98.0783442, 13.9403964], [98.078245, 13.9404043], [98.078253, 13.9404998]]]}}, {"type": "Feature", "properties": {"osm_id": 581535923, "building": "yes"}, "geometry": {"type": "Polygon", "coordinates": [[[98.0782892, 13.9403631], [98.0783576, 13.9403657], [98.0783608, 13.9402848], [98.0782924, 13.9402822], [98.0782892, 13.9403631]]]}}, {"type": "Feature", "properties": {"osm_id": 581535924, "building": "yes"}, "geometry": {"type": "Polygon", "coordinates": [[[98.0783764, 13.9403696], [98.0784568, 13.9403775], [98.0784677, 13.9402719], [98.0783872, 13.9402641], [98.0783764, 13.9403696]]]}}, {"type": "Feature", "properties": {"osm_id": 581535926, "building": "yes"}, "geometry": {"type": "Polygon", "coordinates": [[[98.0785695, 13.9404282], [98.0786392, 13.9404308], [98.0786433, 13.9403271], [98.0785736, 13.9403245], [98.0785695, 13.9404282]]]}}, {"type": "Feature", "properties": {"osm_id": 581535928, "building": "yes"}, "geometry": {"type": "Polygon", "coordinates": [[[98.0786513, 13.940466], [98.0787277, 13.9404699], [98.0787345, 13.9403443], [98.0786581, 13.9403404], [98.0786513, 13.940466]]]}}, {"type": "Feature", "properties": {"osm_id": 581535929, "building": "yes"}, "geometry": {"type": "Polygon", "coordinates": [[[98.0787559, 13.9405024], [98.0788203, 13.9405063], [98.0788264, 13.940411], [98.078762, 13.9404071], [98.0787559, 13.9405024]]]}}, {"type": "Feature", "properties": {"osm_id": 581535931, "building": "yes"}, "geometry": {"type": "Polygon", "coordinates": [[[98.0788632, 13.9405896], [98.0789356, 13.9406026], [98.0789483, 13.9405361], [98.0788759, 13.9405231], [98.0788632, 13.9405896]]]}}, {"type": "Feature", "properties": {"osm_id": 581535932, "building": "yes"}, "geometry": {"type": "Polygon", "coordinates": [[[98.0790979, 13.9406469], [98.0791636, 13.9406846], [98.0792124, 13.9406046], [98.0791466, 13.9405669], [98.0790979, 13.9406469]]]}}, {"type": "Feature", "properties": {"osm_id": 581535934, "building": "yes"}, "geometry": {"type": "Polygon", "coordinates": [[[98.0792494, 13.9407367], [98.0793205, 13.9407692], [98.0793508, 13.9407068], [98.0792798, 13.9406742], [98.0792494, 13.9407367]]]}}, {"type": "Feature", "properties": {"osm_id": 581535936, "building": "yes"}, "geometry": {"type": "Polygon", "coordinates": [[[98.0793527, 13.940548], [98.0794506, 13.9405636], [98.0794711, 13.9404426], [98.0793732, 13.9404269], [98.0793527, 13.940548]]]}}, {"type": "Feature", "properties": {"osm_id": 581535937, "building": "yes"}, "geometry": {"type": "Polygon", "coordinates": [[[98.0791904, 13.9404933], [98.0792749, 13.9405271], [98.0793186, 13.9404242], [98.0792342, 13.9403904], [98.0791904, 13.9404933]]]}}, {"type": "Feature", "properties": {"osm_id": 581535939, "building": "yes"}, "geometry": {"type": "Polygon", "coordinates": [[[98.079177, 13.9402121], [98.0792736, 13.9402069], [98.0792698, 13.9401408], [98.0791732, 13.940146], [98.079177, 13.9402121]]]}}, {"type": "Feature", "properties": {"osm_id": 581535941, "building": "yes"}, "geometry": {"type": "Polygon", "coordinates": [[[98.0789866, 13.9403722], [98.0790536, 13.9403735], [98.0790556, 13.9402773], [98.0789885, 13.940276], [98.0789866, 13.9403722]]]}}, {"type": "Feature", "properties": {"osm_id": 581535942, "building": "yes"}, "geometry": {"type": "Polygon", "coordinates": [[[98.0788323, 13.9403501], [98.0789141, 13.9403644], [98.07893, 13.9402791], [98.0788482, 13.9402647], [98.0788323, 13.9403501]]]}}, {"type": "Feature", "properties": {"osm_id": 581535944, "building": "yes"}, "geometry": {"type": "Polygon", "coordinates": [[[98.0785856, 13.9402252], [98.0785842, 13.9401653], [98.0784398, 13.9401683], [98.0784411, 13.9402282], [98.0785856, 13.9402252]]]}}, {"type": "Feature", "properties": {"osm_id": 581535946, "building": "yes"}, "geometry": {"type": "Polygon", "coordinates": [[[98.0782999, 13.940177], [98.0783777, 13.9401184], [98.0782677, 13.9399808], [98.0781899, 13.9400394], [98.0782999, 13.940177]]]}}, {"type": "Feature", "properties": {"osm_id": 581535947, "building": "yes"}, "geometry": {"type": "Polygon", "coordinates": [[[98.0782101, 13.94], [98.0782758, 13.9399518], [98.0782094, 13.9398665], [98.0781437, 13.9399147], [98.0782101, 13.94]]]}}, {"type": "Feature", "properties": {"osm_id": 581535949, "building": "yes"}, "geometry": {"type": "Polygon", "coordinates": [[[98.077337, 13.9400534], [98.0773531, 13.9401304], [98.0774456, 13.9401122], [98.0774295, 13.9400351], [98.0773731, 13.9400386], [98.077337, 13.9400534]]]}}, {"type": "Feature", "properties": {"osm_id": 581535950, "building": "yes"}, "geometry": {"type": "Polygon", "coordinates": [[[98.0774738, 13.9400429], [98.0775221, 13.9400325], [98.0775015, 13.9399428], [98.0774532, 13.9399532], [98.0774738, 13.9400429]]]}}, {"type": "Feature", "properties": {"osm_id": 581535951, "building": "yes"}, "geometry": {"type": "Polygon", "coordinates": [[[98.077215, 13.939974], [98.077282, 13.939944], [98.0772353, 13.9398454], [98.0771682, 13.9398753], [98.077215, 13.939974]]]}}, {"type": "Feature", "properties": {"osm_id": 581535952, "building": "yes"}, "geometry": {"type": "Polygon", "coordinates": [[[98.0770098, 13.9395418], [98.0770128, 13.9395942], [98.077061, 13.9395916], [98.077058, 13.9395392], [98.0770098, 13.9395418]]]}}, {"type": "Feature", "properties": {"osm_id": 581535953, "building": "yes"}, "geometry": {"type": "Polygon", "coordinates": [[[98.0768757, 13.9397019], [98.0769494, 13.9397019], [98.0769494, 13.9395679], [98.0768757, 13.9395679], [98.0768757, 13.9397019]]]}}, {"type": "Feature", "properties": {"osm_id": 581535954, "building": "yes"}, "geometry": {"type": "Polygon", "coordinates": [[[98.0767764, 13.9394351], [98.0768663, 13.9394455], [98.0768892, 13.939259], [98.0767994, 13.9392486], [98.0767764, 13.9394351]]]}}, {"type": "Feature", "properties": {"osm_id": 581535955, "building": "yes"}, "geometry": {"type": "Polygon", "coordinates": [[[98.0769441, 13.9394637], [98.0770111, 13.9394624], [98.0770087, 13.939345], [98.0769416, 13.9393463], [98.0769441, 13.9394637]]]}}, {"type": "Feature", "properties": {"osm_id": 581535956, "building": "yes"}, "geometry": {"type": "Polygon", "coordinates": [[[98.07705, 13.939478], [98.0771506, 13.9394663], [98.0771343, 13.9393349], [98.0770337, 13.9393466], [98.07705, 13.939478]]]}}, {"type": "Feature", "properties": {"osm_id": 581535957, "building": "yes"}, "geometry": {"type": "Polygon", "coordinates": [[[98.0769159, 13.9390719], [98.0770124, 13.9390706], [98.0770114, 13.9389991], [98.0769149, 13.9390004], [98.0769159, 13.9390719]]]}}, {"type": "Feature", "properties": {"osm_id": 581535958, "building": "yes"}, "geometry": {"type": "Polygon", "coordinates": [[[98.0768864, 13.9391943], [98.0770218, 13.9391904], [98.0770193, 13.9391085], [98.0768839, 13.9391124], [98.0768864, 13.9391943]]]}}, {"type": "Feature", "properties": {"osm_id": 581535959, "building": "yes"}, "geometry": {"type": "Polygon", "coordinates": [[[98.0770607, 13.9389938], [98.0771103, 13.9389951], [98.077113, 13.9388992], [98.0770634, 13.9388979], [98.0770607, 13.9389938]]]}}, {"type": "Feature", "properties": {"osm_id": 581535960, "building": "yes"}, "geometry": {"type": "Polygon", "coordinates": [[[98.0771157, 13.9390017], [98.0771627, 13.9390017], [98.0771627, 13.938904], [98.0771157, 13.938904], [98.0771157, 13.9390017]]]}}, {"type": "Feature", "properties": {"osm_id": 581535961, "building": "yes"}, "geometry": {"type": "Polygon", "coordinates": [[[98.077058, 13.9391032], [98.0771559, 13.9390889], [98.0771472, 13.9390323], [98.0770493, 13.9390466], [98.077058, 13.9391032]]]}}, {"type": "Feature", "properties": {"osm_id": 581535963, "building": "yes"}, "geometry": {"type": "Polygon", "coordinates": [[[98.077054, 13.9392008], [98.0771627, 13.939193], [98.0771566, 13.9391142], [98.077048, 13.939122], [98.077054, 13.9392008]]]}}, {"type": "Feature", "properties": {"osm_id": 581535965, "building": "yes"}, "geometry": {"type": "Polygon", "coordinates": [[[98.0772512, 13.9392333], [98.0773437, 13.9392281], [98.0773338, 13.9390629], [98.0772413, 13.9390681], [98.0772512, 13.9392333]]]}}, {"type": "Feature", "properties": {"osm_id": 581535966, "building": "yes"}, "geometry": {"type": "Polygon", "coordinates": [[[98.0772002, 13.9393518], [98.0772632, 13.9393453], [98.0772598, 13.939314], [98.0771968, 13.9393205], [98.0772002, 13.9393518]]]}}, {"type": "Feature", "properties": {"osm_id": 581535967, "building": "yes"}, "geometry": {"type": "Polygon", "coordinates": [[[98.077215, 13.9394585], [98.0772847, 13.9394546], [98.0772794, 13.9393659], [98.0772097, 13.9393699], [98.077215, 13.9394585]]]}}, {"type": "Feature", "properties": {"osm_id": 581535968, "building": "yes"}, "geometry": {"type": "Polygon", "coordinates": [[[98.0773129, 13.9394637], [98.0774215, 13.9394481], [98.0774147, 13.9394039], [98.0773061, 13.9394195], [98.0773129, 13.9394637]]]}}, {"type": "Feature", "properties": {"osm_id": 581535969, "building": "yes"}, "geometry": {"type": "Polygon", "coordinates": [[[98.0773745, 13.9393947], [98.0774273, 13.9393906], [98.0774192, 13.9392943], [98.0773665, 13.9392984], [98.0773745, 13.9393947]]]}}, {"type": "Feature", "properties": {"osm_id": 581535970, "building": "yes"}, "geometry": {"type": "Polygon", "coordinates": [[[98.0774537, 13.9394481], [98.0775113, 13.939439], [98.0774992, 13.9393665], [98.0774415, 13.9393756], [98.0774537, 13.9394481]]]}}, {"type": "Feature", "properties": {"osm_id": 581535971, "building": "yes"}, "geometry": {"type": "Polygon", "coordinates": [[[98.0776079, 13.9392737], [98.0776612, 13.9393521], [98.0777202, 13.9393144], [98.0776669, 13.9392359], [98.0776079, 13.9392737]]]}}, {"type": "Feature", "properties": {"osm_id": 581535972, "building": "yes"}, "geometry": {"type": "Polygon", "coordinates": [[[98.0776227, 13.9392073], [98.0776897, 13.9391696], [98.077657, 13.9391149], [98.07759, 13.9391526], [98.0776227, 13.9392073]]]}}, {"type": "Feature", "properties": {"osm_id": 581535973, "building": "yes"}, "geometry": {"type": "Polygon", "coordinates": [[[98.0777085, 13.9391839], [98.0778091, 13.9392112], [98.0778241, 13.9391591], [98.0777235, 13.9391318], [98.0777085, 13.9391839]]]}}, {"type": "Feature", "properties": {"osm_id": 581535974, "building": "yes"}, "geometry": {"type": "Polygon", "coordinates": [[[98.0777849, 13.9390797], [98.0778315, 13.9391136], [98.0778878, 13.9390408], [98.0778413, 13.9390069], [98.0777849, 13.9390797]]]}}, {"type": "Feature", "properties": {"osm_id": 581535975, "building": "yes"}, "geometry": {"type": "Polygon", "coordinates": [[[98.0775891, 13.9389249], [98.0776247, 13.9389411], [98.0776473, 13.9388945], [98.0776118, 13.9388783], [98.0775891, 13.9389249]]]}}, {"type": "Feature", "properties": {"osm_id": 581535976, "building": "yes"}, "geometry": {"type": "Polygon", "coordinates": [[[98.0778573, 13.9388246], [98.0779184, 13.9388643], [98.0779557, 13.9388102], [98.0778947, 13.9387705], [98.0778573, 13.9388246]]]}}, {"type": "Feature", "properties": {"osm_id": 581535977, "building": "yes"}, "geometry": {"type": "Polygon", "coordinates": [[[98.0776723, 13.9388227], [98.0777668, 13.9388884], [98.0778052, 13.9388364], [98.0777107, 13.9387706], [98.0776723, 13.9388227]]]}}, {"type": "Feature", "properties": {"osm_id": 581535978, "building": "yes"}, "geometry": {"type": "Polygon", "coordinates": [[[98.0778868, 13.9389301], [98.0779368, 13.9389763], [98.0779783, 13.938934], [98.0779284, 13.9388878], [98.0778868, 13.9389301]]]}}, {"type": "Feature", "properties": {"osm_id": 581535979, "building": "yes"}, "geometry": {"type": "Polygon", "coordinates": [[[98.0779278, 13.9388695], [98.0779926, 13.9389204], [98.0780349, 13.9388696], [98.07797, 13.9388188], [98.0779278, 13.9388695]]]}}, {"type": "Feature", "properties": {"osm_id": 581535980, "building": "yes"}, "geometry": {"type": "Polygon", "coordinates": [[[98.0779847, 13.9387465], [98.0780075, 13.9387635], [98.0780336, 13.9387304], [98.0780108, 13.9387135], [98.0779847, 13.9387465]]]}}, {"type": "Feature", "properties": {"osm_id": 581535981, "building": "yes"}, "geometry": {"type": "Polygon", "coordinates": [[[98.078084, 13.9386626], [98.0781738, 13.9387283], [98.0782127, 13.9386783], [98.0781229, 13.9386125], [98.078084, 13.9386626]]]}}, {"type": "Feature", "properties": {"osm_id": 581535982, "building": "yes"}, "geometry": {"type": "Polygon", "coordinates": [[[98.0781289, 13.9385656], [98.0781571, 13.9385851], [98.0781937, 13.9385354], [98.0781655, 13.9385159], [98.0781289, 13.9385656]]]}}, {"type": "Feature", "properties": {"osm_id": 581535983, "building": "yes"}, "geometry": {"type": "Polygon", "coordinates": [[[98.0781638, 13.9385936], [98.0782396, 13.9386457], [98.0782698, 13.9386042], [98.078194, 13.9385521], [98.0781638, 13.9385936]]]}}, {"type": "Feature", "properties": {"osm_id": 581535984, "building": "yes"}, "geometry": {"type": "Polygon", "coordinates": [[[98.0781987, 13.9385422], [98.0782731, 13.938589], [98.0782973, 13.9385528], [98.0782229, 13.938506], [98.0781987, 13.9385422]]]}}, {"type": "Feature", "properties": {"osm_id": 581535985, "building": "yes"}, "geometry": {"type": "Polygon", "coordinates": [[[98.0783589, 13.9384764], [98.0782905, 13.9384296], [98.0782691, 13.938459], [98.0783375, 13.9385059], [98.0783589, 13.9384764]]]}}, {"type": "Feature", "properties": {"osm_id": 581535986, "building": "yes"}, "geometry": {"type": "Polygon", "coordinates": [[[98.0782396, 13.9384947], [98.07831, 13.9385435], [98.0783292, 13.9385174], [98.0782588, 13.9384686], [98.0782396, 13.9384947]]]}}, {"type": "Feature", "properties": {"osm_id": 581535987, "building": "yes"}, "geometry": {"type": "Polygon", "coordinates": [[[98.078208, 13.9383294], [98.0782554, 13.9383634], [98.078309, 13.9382931], [98.0782617, 13.9382591], [98.078208, 13.9383294]]]}}, {"type": "Feature", "properties": {"osm_id": 581535988, "building": "yes"}, "geometry": {"type": "Polygon", "coordinates": [[[98.0783497, 13.9383353], [98.0783259, 13.938372], [98.0784198, 13.9384294], [98.0784436, 13.9383928], [98.0783497, 13.9383353]]]}}, {"type": "Feature", "properties": {"osm_id": 581535989, "building": "yes"}, "geometry": {"type": "Polygon", "coordinates": [[[98.0784642, 13.9385682], [98.0785862, 13.9386613], [98.0786351, 13.938601], [98.078513, 13.9385079], [98.0784642, 13.9385682]]]}}, {"type": "Feature", "properties": {"osm_id": 581535990, "building": "yes"}, "geometry": {"type": "Polygon", "coordinates": [[[98.078261, 13.9388019], [98.0783656, 13.9388995], [98.0784214, 13.9388432], [98.0783168, 13.9387455], [98.078261, 13.9388019]]]}}, {"type": "Feature", "properties": {"osm_id": 581535991, "building": "yes"}, "geometry": {"type": "Polygon", "coordinates": [[[98.0781276, 13.9389528], [98.078198, 13.9390186], [98.0782335, 13.9389828], [98.0781631, 13.938917], [98.0781276, 13.9389528]]]}}, {"type": "Feature", "properties": {"osm_id": 581535992, "building": "yes"}, "geometry": {"type": "Polygon", "coordinates": [[[98.0781289, 13.9390622], [98.0781591, 13.9390264], [98.0780929, 13.9389738], [98.0780628, 13.9390096], [98.0781289, 13.9390622]]]}}, {"type": "Feature", "properties": {"osm_id": 581535993, "building": "yes"}, "geometry": {"type": "Polygon", "coordinates": [[[98.0780853, 13.9391318], [98.0781262, 13.939083], [98.0780734, 13.9390413], [98.0780325, 13.9390901], [98.0780853, 13.9391318]]]}}, {"type": "Feature", "properties": {"osm_id": 581535994, "building": "yes"}, "geometry": {"type": "Polygon", "coordinates": [[[98.0780538, 13.9391318], [98.0780052, 13.9391884], [98.0780662, 13.9392378], [98.0781148, 13.9391813], [98.0780538, 13.9391318]]]}}, {"type": "Feature", "properties": {"osm_id": 581535995, "building": "yes"}, "geometry": {"type": "Polygon", "coordinates": [[[98.0774926, 13.9398047], [98.0774805, 13.9397123], [98.0774315, 13.9397184], [98.0774436, 13.9398108], [98.0774926, 13.9398047]]]}}, {"type": "Feature", "properties": {"osm_id": 581535996, "building": "yes"}, "geometry": {"type": "Polygon", "coordinates": [[[98.0774188, 13.9398204], [98.0774148, 13.9397136], [98.0773455, 13.9397161], [98.0773496, 13.9398228], [98.0774188, 13.9398204]]]}}, {"type": "Feature", "properties": {"osm_id": 581535997, "building": "yes"}, "geometry": {"type": "Polygon", "coordinates": [[[98.0772699, 13.9398126], [98.0772659, 13.9397201], [98.0771913, 13.9397232], [98.0771954, 13.9398156], [98.0772699, 13.9398126]]]}}, {"type": "Feature", "properties": {"osm_id": 581535998, "building": "yes"}, "geometry": {"type": "Polygon", "coordinates": [[[98.0772686, 13.9396889], [98.0772619, 13.939577], [98.0771914, 13.9395809], [98.0771981, 13.9396929], [98.0772686, 13.9396889]]]}}, {"type": "Feature", "properties": {"osm_id": 581535999, "building": "yes"}, "geometry": {"type": "Polygon", "coordinates": [[[98.0773464, 13.9396733], [98.0774407, 13.9396585], [98.0774229, 13.9395515], [98.0773286, 13.9395663], [98.0773464, 13.9396733]]]}}, {"type": "Feature", "properties": {"osm_id": 581536000, "building": "yes"}, "geometry": {"type": "Polygon", "coordinates": [[[98.077447, 13.9396342], [98.0775064, 13.9396249], [98.0774903, 13.939528], [98.0774309, 13.9395373], [98.077447, 13.9396342]]]}}, {"type": "Feature", "properties": {"osm_id": 581536001, "building": "yes"}, "geometry": {"type": "Polygon", "coordinates": [[[98.0775703, 13.9398152], [98.0777097, 13.93979], [98.0776956, 13.9397166], [98.0775563, 13.9397418], [98.0775703, 13.9398152]]]}}, {"type": "Feature", "properties": {"osm_id": 581536002, "building": "yes"}, "geometry": {"type": "Polygon", "coordinates": [[[98.0775167, 13.939741], [98.0775754, 13.9397304], [98.0775626, 13.9396636], [98.0775039, 13.9396742], [98.0775167, 13.939741]]]}}, {"type": "Feature", "properties": {"osm_id": 581536003, "building": "yes"}, "geometry": {"type": "Polygon", "coordinates": [[[98.0775864, 13.9397188], [98.0776616, 13.9397053], [98.0776499, 13.9396445], [98.0775748, 13.939658], [98.0775864, 13.9397188]]]}}, {"type": "Feature", "properties": {"osm_id": 581536004, "building": "yes"}, "geometry": {"type": "Polygon", "coordinates": [[[98.0775717, 13.9396446], [98.0776241, 13.9396352], [98.0776034, 13.9395271], [98.077551, 13.9395366], [98.0775717, 13.9396446]]]}}, {"type": "Feature", "properties": {"osm_id": 581536005, "building": "yes"}, "geometry": {"type": "Polygon", "coordinates": [[[98.0778439, 13.9394273], [98.0779268, 13.9394123], [98.0779163, 13.9393576], [98.0778334, 13.9393725], [98.0778439, 13.9394273]]]}}, {"type": "Feature", "properties": {"osm_id": 581536006, "building": "yes"}, "geometry": {"type": "Polygon", "coordinates": [[[98.0778788, 13.9393505], [98.0779378, 13.9392906], [98.0778776, 13.9392347], [98.0778186, 13.9392946], [98.0778788, 13.9393505]]]}}, {"type": "Feature", "properties": {"osm_id": 581536007, "building": "yes"}, "geometry": {"type": "Polygon", "coordinates": [[[98.0779445, 13.9394208], [98.0780397, 13.9394059], [98.0780244, 13.9393137], [98.0779292, 13.9393286], [98.0779445, 13.9394208]]]}}, {"type": "Feature", "properties": {"osm_id": 581536008, "building": "yes"}, "geometry": {"type": "Polygon", "coordinates": [[[98.0780773, 13.9394195], [98.0781497, 13.9394064], [98.0781231, 13.9392678], [98.0780507, 13.9392809], [98.0780773, 13.9394195]]]}}, {"type": "Feature", "properties": {"osm_id": 581536009, "building": "yes"}, "geometry": {"type": "Polygon", "coordinates": [[[98.0782489, 13.9392841], [98.0783084, 13.9392734], [98.0782844, 13.9391482], [98.078225, 13.939159], [98.0782489, 13.9392841]]]}}, {"type": "Feature", "properties": {"osm_id": 581536010, "building": "yes"}, "geometry": {"type": "Polygon", "coordinates": [[[98.0782382, 13.9393765], [98.0783603, 13.9393574], [98.0783538, 13.9393179], [98.0782317, 13.939337], [98.0782382, 13.9393765]]]}}, {"type": "Feature", "properties": {"osm_id": 581536011, "building": "yes"}, "geometry": {"type": "Polygon", "coordinates": [[[98.0784246, 13.939344], [98.0784884, 13.9393325], [98.0784695, 13.939234], [98.0784058, 13.9392456], [98.0784246, 13.939344]]]}}, {"type": "Feature", "properties": {"osm_id": 581536012, "building": "yes"}, "geometry": {"type": "Polygon", "coordinates": [[[98.0777742, 13.9397436], [98.0778904, 13.9397226], [98.0778614, 13.9395715], [98.0777452, 13.9395925], [98.0777742, 13.9397436]]]}}, {"type": "Feature", "properties": {"osm_id": 581536013, "building": "yes"}, "geometry": {"type": "Polygon", "coordinates": [[[98.0779278, 13.9397416], [98.0780159, 13.9397257], [98.0779953, 13.9396182], [98.0779071, 13.9396341], [98.0779278, 13.9397416]]]}}, {"type": "Feature", "properties": {"osm_id": 581536014, "building": "yes"}, "geometry": {"type": "Polygon", "coordinates": [[[98.0780565, 13.9396635], [98.0781146, 13.9396544], [98.078096, 13.9395423], [98.0780379, 13.9395514], [98.0780565, 13.9396635]]]}}, {"type": "Feature", "properties": {"osm_id": 581536015, "building": "yes"}, "geometry": {"type": "Polygon", "coordinates": [[[98.0782205, 13.939613], [98.0782221, 13.9396128], [98.0782111, 13.9395466], [98.0781072, 13.9395628], [98.0781182, 13.939629], [98.0781499, 13.9396241], [98.0781584, 13.9396687], [98.0782288, 13.939656], [98.0782205, 13.939613]]]}}, {"type": "Feature", "properties": {"osm_id": 581536016, "building": "yes"}, "geometry": {"type": "Polygon", "coordinates": [[[98.0782945, 13.9396544], [98.0783537, 13.9396413], [98.0783242, 13.9395157], [98.078265, 13.9395288], [98.0782945, 13.9396544]]]}}, {"type": "Feature", "properties": {"osm_id": 581536017, "building": "yes"}, "geometry": {"type": "Polygon", "coordinates": [[[98.0783643, 13.9396512], [98.0784179, 13.9396381], [98.0783775, 13.9394813], [98.0783239, 13.9394943], [98.0783643, 13.9396512]]]}}, {"type": "Feature", "properties": {"osm_id": 581536018, "building": "yes"}, "geometry": {"type": "Polygon", "coordinates": [[[98.0784085, 13.9395639], [98.0784595, 13.9395535], [98.0784365, 13.9394477], [98.0783856, 13.9394581], [98.0784085, 13.9395639]]]}}, {"type": "Feature", "properties": {"osm_id": 581536019, "building": "yes"}, "geometry": {"type": "Polygon", "coordinates": [[[98.0784743, 13.93956], [98.0785292, 13.9395496], [98.0785113, 13.9394604], [98.0784563, 13.9394708], [98.0784743, 13.93956]]]}}, {"type": "Feature", "properties": {"osm_id": 581536020, "building": "yes"}, "geometry": {"type": "Polygon", "coordinates": [[[98.0785641, 13.9395978], [98.0786459, 13.9395835], [98.0786225, 13.9394577], [98.0785407, 13.939472], [98.0785641, 13.9395978]]]}}, {"type": "Feature", "properties": {"osm_id": 581536021, "building": "yes"}, "geometry": {"type": "Polygon", "coordinates": [[[98.0786285, 13.9398243], [98.0787076, 13.9398243], [98.0787076, 13.9397332], [98.0786285, 13.9397332], [98.0786285, 13.9398243]]]}}, {"type": "Feature", "properties": {"osm_id": 581536022, "building": "yes"}, "geometry": {"type": "Polygon", "coordinates": [[[98.0789128, 13.9397969], [98.0790026, 13.9397644], [98.0789578, 13.9396476], [98.0788679, 13.9396802], [98.0789128, 13.9397969]]]}}, {"type": "Feature", "properties": {"osm_id": 581536023, "building": "yes"}, "geometry": {"type": "Polygon", "coordinates": [[[98.0786969, 13.9396746], [98.0787894, 13.9396577], [98.0787607, 13.93951], [98.0786682, 13.9395269], [98.0786969, 13.9396746]]]}}, {"type": "Feature", "properties": {"osm_id": 581536024, "building": "yes"}, "geometry": {"type": "Polygon", "coordinates": [[[98.0785534, 13.9393752], [98.0786285, 13.9393635], [98.0786091, 13.9392462], [98.078534, 13.9392579], [98.0785534, 13.9393752]]]}}, {"type": "Feature", "properties": {"osm_id": 581536025, "building": "yes"}, "geometry": {"type": "Polygon", "coordinates": [[[98.0787626, 13.939314], [98.0788551, 13.9392854], [98.0788215, 13.9391831], [98.078729, 13.9392117], [98.0787626, 13.939314]]]}}, {"type": "Feature", "properties": {"osm_id": 581536026, "building": "yes"}, "geometry": {"type": "Polygon", "coordinates": [[[98.0786593, 13.9393726], [98.0787291, 13.9393609], [98.0787088, 13.9392475], [98.0786391, 13.9392592], [98.0786593, 13.9393726]]]}}, {"type": "Feature", "properties": {"osm_id": 581536027, "building": "yes"}, "geometry": {"type": "Polygon", "coordinates": [[[98.0787653, 13.939495], [98.0788296, 13.9394898], [98.078823, 13.9394128], [98.0787587, 13.939418], [98.0787653, 13.939495]]]}}, {"type": "Feature", "properties": {"osm_id": 581536028, "building": "yes"}, "geometry": {"type": "Polygon", "coordinates": [[[98.0788578, 13.9395431], [98.0789529, 13.9395348], [98.0789421, 13.939419], [98.0788471, 13.9394273], [98.0788578, 13.9395431]]]}}, {"type": "Feature", "properties": {"osm_id": 581536029, "building": "yes"}, "geometry": {"type": "Polygon", "coordinates": [[[98.079, 13.93959], [98.0790787, 13.9395819], [98.0790599, 13.9394088], [98.0789812, 13.9394169], [98.079, 13.93959]]]}}, {"type": "Feature", "properties": {"osm_id": 581536030, "building": "yes"}, "geometry": {"type": "Polygon", "coordinates": [[[98.0791099, 13.9395496], [98.0792005, 13.9395376], [98.0791777, 13.9393762], [98.0790871, 13.9393882], [98.0791099, 13.9395496]]]}}, {"type": "Feature", "properties": {"osm_id": 581536031, "building": "yes"}, "geometry": {"type": "Polygon", "coordinates": [[[98.0792025, 13.939495], [98.079287, 13.9394898], [98.0792812, 13.9394016], [98.0791967, 13.9394068], [98.0792025, 13.939495]]]}}, {"type": "Feature", "properties": {"osm_id": 581536032, "building": "yes"}, "geometry": {"type": "Polygon", "coordinates": [[[98.0790657, 13.9393166], [98.0791317, 13.9392917], [98.0790915, 13.9391914], [98.0790254, 13.9392164], [98.0790657, 13.9393166]]]}}, {"type": "Feature", "properties": {"osm_id": 581536033, "building": "yes"}, "geometry": {"type": "Polygon", "coordinates": [[[98.0791475, 13.9393101], [98.0791937, 13.9392964], [98.0791588, 13.9391858], [98.0791126, 13.9391995], [98.0791475, 13.9393101]]]}}, {"type": "Feature", "properties": {"osm_id": 581536034, "building": "yes"}, "geometry": {"type": "Polygon", "coordinates": [[[98.0793594, 13.9392242], [98.079464, 13.9391995], [98.0794323, 13.9390732], [98.0793277, 13.9390979], [98.0793594, 13.9392242]]]}}, {"type": "Feature", "properties": {"osm_id": 581536035, "building": "yes"}, "geometry": {"type": "Polygon", "coordinates": [[[98.0791837, 13.9392008], [98.079258, 13.9391839], [98.0792285, 13.9390616], [98.0791542, 13.9390784], [98.0791837, 13.9392008]]]}}, {"type": "Feature", "properties": {"osm_id": 581536036, "building": "yes"}, "geometry": {"type": "Polygon", "coordinates": [[[98.0792963, 13.9390368], [98.0794318, 13.9389951], [98.0794089, 13.9389248], [98.0792734, 13.9389665], [98.0792963, 13.9390368]]]}}, {"type": "Feature", "properties": {"osm_id": 581536037, "building": "yes"}, "geometry": {"type": "Polygon", "coordinates": [[[98.0789906, 13.9390277], [98.0790938, 13.939003], [98.0790775, 13.9389386], [98.0789742, 13.9389634], [98.0789906, 13.9390277]]]}}, {"type": "Feature", "properties": {"osm_id": 581536038, "building": "yes"}, "geometry": {"type": "Polygon", "coordinates": [[[98.0790308, 13.9388702], [98.0790574, 13.938871], [98.0790601, 13.938789], [98.0790335, 13.9387882], [98.0790308, 13.9388702]]]}}, {"type": "Feature", "properties": {"osm_id": 581536039, "building": "yes"}, "geometry": {"type": "Polygon", "coordinates": [[[98.0791046, 13.9389561], [98.0792078, 13.9389275], [98.0791892, 13.9388642], [98.0790859, 13.9388928], [98.0791046, 13.9389561]]]}}, {"type": "Feature", "properties": {"osm_id": 581536040, "building": "yes"}, "geometry": {"type": "Polygon", "coordinates": [[[98.0790912, 13.9388676], [98.0791931, 13.9388376], [98.0791721, 13.9387702], [98.0790701, 13.9388002], [98.0790912, 13.9388676]]]}}, {"type": "Feature", "properties": {"osm_id": 581536041, "building": "yes"}, "geometry": {"type": "Polygon", "coordinates": [[[98.0790496, 13.938688], [98.0790754, 13.9387615], [98.0791934, 13.9387225], [98.0791676, 13.9386489], [98.0790496, 13.938688]]]}}, {"type": "Feature", "properties": {"osm_id": 581536042, "building": "yes"}, "geometry": {"type": "Polygon", "coordinates": [[[98.0792655, 13.9388376], [98.079354, 13.9388116], [98.0793339, 13.9387471], [98.0792453, 13.9387731], [98.0792655, 13.9388376]]]}}, {"type": "Feature", "properties": {"osm_id": 581536043, "building": "yes"}, "geometry": {"type": "Polygon", "coordinates": [[[98.0792387, 13.9387413], [98.0793513, 13.938701], [98.0793234, 13.9386274], [98.0792107, 13.9386678], [98.0792387, 13.9387413]]]}}, {"type": "Feature", "properties": {"osm_id": 581536044, "building": "yes"}, "geometry": {"type": "Polygon", "coordinates": [[[98.0791824, 13.938563], [98.0792803, 13.9385331], [98.0792626, 13.9384787], [98.0791647, 13.9385087], [98.0791824, 13.938563]]]}}, {"type": "Feature", "properties": {"osm_id": 581536045, "building": "yes"}, "geometry": {"type": "Polygon", "coordinates": [[[98.0791904, 13.9384589], [98.0792494, 13.938442], [98.0792367, 13.9384003], [98.0791777, 13.9384172], [98.0791904, 13.9384589]]]}}, {"type": "Feature", "properties": {"osm_id": 581536046, "building": "yes"}, "geometry": {"type": "Polygon", "coordinates": [[[98.079126, 13.938399], [98.0792266, 13.9383782], [98.079212, 13.9383116], [98.0791114, 13.9383324], [98.079126, 13.938399]]]}}, {"type": "Feature", "properties": {"osm_id": 581536047, "building": "yes"}, "geometry": {"type": "Polygon", "coordinates": [[[98.0791086, 13.9383053], [98.0792212, 13.9382871], [98.0792105, 13.9382246], [98.0790979, 13.9382428], [98.0791086, 13.9383053]]]}}, {"type": "Feature", "properties": {"osm_id": 581536048, "building": "yes"}, "geometry": {"type": "Polygon", "coordinates": [[[98.0791032, 13.9381661], [98.0791199, 13.9382283], [98.0792945, 13.9381841], [98.0792778, 13.9381219], [98.0791032, 13.9381661]]]}}, {"type": "Feature", "properties": {"osm_id": 581536049, "building": "yes"}, "geometry": {"type": "Polygon", "coordinates": [[[98.0791074, 13.9381428], [98.0792675, 13.9380749], [98.079244, 13.9380229], [98.079084, 13.9380909], [98.0791074, 13.9381428]]]}}, {"type": "Feature", "properties": {"osm_id": 581536050, "building": "yes"}, "geometry": {"type": "Polygon", "coordinates": [[[98.0790912, 13.9380424], [98.0791931, 13.9380046], [98.0791708, 13.9379479], [98.0790689, 13.9379856], [98.0790912, 13.9380424]]]}}, {"type": "Feature", "properties": {"osm_id": 581536051, "building": "yes"}, "geometry": {"type": "Polygon", "coordinates": [[[98.0785547, 13.9376258], [98.0786223, 13.9377351], [98.0788369, 13.9376102], [98.0787693, 13.9375009], [98.0785547, 13.9376258]]]}}, {"type": "Feature", "properties": {"osm_id": 581536052, "building": "yes"}, "geometry": {"type": "Polygon", "coordinates": [[[98.0784508, 13.9375399], [98.0784219, 13.9375568], [98.0786191, 13.9378735], [98.078648, 13.9378566], [98.0784508, 13.9375399]]]}}, {"type": "Feature", "properties": {"osm_id": 581536053, "building": "yes"}, "geometry": {"type": "Polygon", "coordinates": [[[98.0783341, 13.9376649], [98.078438, 13.9375997], [98.078417, 13.9375682], [98.0783131, 13.9376334], [98.0783341, 13.9376649]]]}}, {"type": "Feature", "properties": {"osm_id": 581536054, "building": "yes"}, "geometry": {"type": "Polygon", "coordinates": [[[98.0787317, 13.9380795], [98.0787692, 13.938058], [98.0787081, 13.9379575], [98.0786706, 13.9379789], [98.0787317, 13.9380795]]]}}, {"type": "Feature", "properties": {"osm_id": 581536055, "building": "yes"}, "geometry": {"type": "Polygon", "coordinates": [[[98.0786654, 13.9379649], [98.0788673, 13.9378492], [98.0788227, 13.9377758], [98.0786207, 13.9378915], [98.0786654, 13.9379649]]]}}, {"type": "Feature", "properties": {"osm_id": 581536056, "building": "yes"}, "geometry": {"type": "Polygon", "coordinates": [[[98.0786171, 13.9377964], [98.0786791, 13.9377574], [98.0786586, 13.9377267], [98.0785966, 13.9377656], [98.0786171, 13.9377964]]]}}, {"type": "Feature", "properties": {"osm_id": 581536057, "building": "yes"}, "geometry": {"type": "Polygon", "coordinates": [[[98.0783824, 13.9378439], [98.0785093, 13.9377642], [98.0784684, 13.9377028], [98.0783415, 13.9377825], [98.0783824, 13.9378439]]]}}, {"type": "Feature", "properties": {"osm_id": 581536058, "building": "yes"}, "geometry": {"type": "Polygon", "coordinates": [[[98.0783965, 13.9379057], [98.0785663, 13.9378084], [98.0785483, 13.9377788], [98.0783785, 13.9378761], [98.0783965, 13.9379057]]]}}, {"type": "Feature", "properties": {"osm_id": 581536059, "building": "yes"}, "geometry": {"type": "Polygon", "coordinates": [[[98.0782857, 13.9376949], [98.07827, 13.9377047], [98.0782362, 13.9376505], [98.0781752, 13.9376863], [98.0782194, 13.9377573], [98.0782759, 13.9377242], [98.0782798, 13.93773], [98.0782995, 13.9377176], [98.0783308, 13.937769], [98.078371, 13.937746], [98.0783227, 13.9376666], [98.0782825, 13.9376896], [98.0782857, 13.9376949]]]}}, {"type": "Feature", "properties": {"osm_id": 581536060, "building": "yes"}, "geometry": {"type": "Polygon", "coordinates": [[[98.0779566, 13.9374901], [98.0779931, 13.9375184], [98.078027, 13.937477], [98.0779904, 13.9374488], [98.0779566, 13.9374901]]]}}, {"type": "Feature", "properties": {"osm_id": 581536061, "building": "yes"}, "geometry": {"type": "Polygon", "coordinates": [[[98.0777675, 13.9371931], [98.0778339, 13.9372406], [98.0778901, 13.9371665], [98.0778237, 13.937119], [98.0777675, 13.9371931]]]}}, {"type": "Feature", "properties": {"osm_id": 581536062, "building": "yes"}, "geometry": {"type": "Polygon", "coordinates": [[[98.077685, 13.9372275], [98.0777916, 13.9373226], [98.0778406, 13.9372708], [98.077734, 13.9371758], [98.077685, 13.9372275]]]}}, {"type": "Feature", "properties": {"osm_id": 581536063, "building": "yes"}, "geometry": {"type": "Polygon", "coordinates": [[[98.0790637, 13.9368605], [98.0791301, 13.9368527], [98.0791233, 13.9367988], [98.0790569, 13.9368066], [98.0790637, 13.9368605]]]}}, {"type": "Feature", "properties": {"osm_id": 581536064, "building": "yes"}, "geometry": {"type": "Polygon", "coordinates": [[[98.0785249, 13.9362907], [98.0785654, 13.9362569], [98.0785208, 13.9362064], [98.0784802, 13.9362402], [98.0785249, 13.9362907]]]}}, {"type": "Feature", "properties": {"osm_id": 581536065, "building": "yes"}, "geometry": {"type": "Polygon", "coordinates": [[[98.0786727, 13.9360128], [98.0786965, 13.9360356], [98.0787148, 13.9360176], [98.078691, 13.9359948], [98.0786727, 13.9360128]]]}}, {"type": "Feature", "properties": {"osm_id": 581536066, "building": "yes"}, "geometry": {"type": "Polygon", "coordinates": [[[98.0786908, 13.9359819], [98.0787244, 13.9360177], [98.0787831, 13.9359659], [98.0787495, 13.9359301], [98.0786908, 13.9359819]]]}}, {"type": "Feature", "properties": {"osm_id": 581536067, "building": "yes"}, "geometry": {"type": "Polygon", "coordinates": [[[98.0778949, 13.9276142], [98.0780062, 13.9276103], [98.0780039, 13.9275485], [98.0778926, 13.9275524], [98.0778949, 13.9276142]]]}}, {"type": "Feature", "properties": {"osm_id": 581536068, "building": "yes"}, "geometry": {"type": "Polygon", "coordinates": [[[98.0782443, 13.9274408], [98.0782959, 13.9274313], [98.0782868, 13.9273847], [98.0782352, 13.9273942], [98.0782443, 13.9274408]]]}}, {"type": "Feature", "properties": {"osm_id": 581536069, "building": "yes"}, "geometry": {"type": "Polygon", "coordinates": [[[98.0779599, 13.9270128], [98.0780391, 13.927005], [98.0780342, 13.9269584], [98.077955, 13.9269662], [98.0779599, 13.9270128]]]}}, {"type": "Feature", "properties": {"osm_id": 581536070, "building": "yes"}, "geometry": {"type": "Polygon", "coordinates": [[[98.0780666, 13.9270786], [98.078139, 13.9270747], [98.0781359, 13.9270217], [98.0780635, 13.9270256], [98.0780666, 13.9270786]]]}}, {"type": "Feature", "properties": {"osm_id": 581536071, "building": "yes"}, "geometry": {"type": "Polygon", "coordinates": [[[98.0782308, 13.9268638], [98.0783039, 13.9268579], [98.0782989, 13.9267991], [98.0782258, 13.9268049], [98.0782308, 13.9268638]]]}}, {"type": "Feature", "properties": {"osm_id": 581536072, "building": "yes"}, "geometry": {"type": "Polygon", "coordinates": [[[98.0780773, 13.9268742], [98.0781792, 13.9268683], [98.0781751, 13.9268015], [98.0780732, 13.9268073], [98.0780773, 13.9268742]]]}}, {"type": "Feature", "properties": {"osm_id": 581536073, "building": "yes"}, "geometry": {"type": "Polygon", "coordinates": [[[98.0780511, 13.9267395], [98.0780585, 13.9267989], [98.0781471, 13.9267884], [98.0781396, 13.9267291], [98.0780511, 13.9267395]]]}}, {"type": "Feature", "properties": {"osm_id": 581536074, "building": "yes"}, "geometry": {"type": "Polygon", "coordinates": [[[98.0782, 13.926675], [98.0782409, 13.9266679], [98.0782312, 13.9266159], [98.0781903, 13.9266231], [98.0782, 13.926675]]]}}, {"type": "Feature", "properties": {"osm_id": 581536075, "building": "yes"}, "geometry": {"type": "Polygon", "coordinates": [[[98.0783002, 13.9266041], [98.0784303, 13.926594], [98.0784288, 13.926575], [98.0782987, 13.9265851], [98.0783002, 13.9266041]]]}}, {"type": "Feature", "properties": {"osm_id": 581536076, "building": "yes"}, "geometry": {"type": "Polygon", "coordinates": [[[98.0782956, 13.9265621], [98.0782967, 13.9265781], [98.0784238, 13.9265693], [98.0784226, 13.9265533], [98.0782956, 13.9265621]]]}}, {"type": "Feature", "properties": {"osm_id": 581536077, "building": "yes"}, "geometry": {"type": "Polygon", "coordinates": [[[98.0782935, 13.92654], [98.0782948, 13.9265569], [98.0784202, 13.9265478], [98.0784189, 13.9265309], [98.0782935, 13.92654]]]}}, {"type": "Feature", "properties": {"osm_id": 581536078, "building": "yes"}, "geometry": {"type": "Polygon", "coordinates": [[[98.0780887, 13.9264668], [98.0780895, 13.9265241], [98.0781358, 13.9265234], [98.078135, 13.9264661], [98.0780887, 13.9264668]]]}}, {"type": "Feature", "properties": {"osm_id": 581536079, "building": "yes"}, "geometry": {"type": "Polygon", "coordinates": [[[98.0780806, 13.9264486], [98.0781262, 13.9264447], [98.078123, 13.9264093], [98.0780774, 13.9264132], [98.0780806, 13.9264486]]]}}, {"type": "Feature", "properties": {"osm_id": 581536080, "building": "yes"}, "geometry": {"type": "Polygon", "coordinates": [[[98.0779609, 13.9265433], [98.0780813, 13.926525], [98.0780782, 13.9265054], [98.0779578, 13.9265237], [98.0779609, 13.9265433]]]}}, {"type": "Feature", "properties": {"osm_id": 581536081, "building": "yes"}, "geometry": {"type": "Polygon", "coordinates": [[[98.0779579, 13.9265179], [98.0780736, 13.926499], [98.0780703, 13.9264801], [98.0779547, 13.926499], [98.0779579, 13.9265179]]]}}, {"type": "Feature", "properties": {"osm_id": 581536082, "building": "yes"}, "geometry": {"type": "Polygon", "coordinates": [[[98.0779445, 13.9264746], [98.0779482, 13.9264955], [98.0780736, 13.9264747], [98.0780699, 13.9264538], [98.0779445, 13.9264746]]]}}, {"type": "Feature", "properties": {"osm_id": 581536083, "building": "yes"}, "geometry": {"type": "Polygon", "coordinates": [[[98.0779328, 13.9264333], [98.0779352, 13.926455], [98.0780683, 13.926441], [98.0780659, 13.9264193], [98.0779328, 13.9264333]]]}}, {"type": "Feature", "properties": {"osm_id": 581536084, "building": "yes"}, "geometry": {"type": "Polygon", "coordinates": [[[98.0779348, 13.9264219], [98.0780669, 13.9264076], [98.0780648, 13.926389], [98.0779327, 13.9264033], [98.0779348, 13.9264219]]]}}, {"type": "Feature", "properties": {"osm_id": 581536085, "building": "yes"}, "geometry": {"type": "Polygon", "coordinates": [[[98.0779294, 13.9264004], [98.0780666, 13.9263825], [98.078064, 13.9263639], [98.0779268, 13.9263818], [98.0779294, 13.9264004]]]}}, {"type": "Feature", "properties": {"osm_id": 581536086, "building": "yes"}, "geometry": {"type": "Polygon", "coordinates": [[[98.0779227, 13.9263744], [98.0780652, 13.9263591], [98.0780623, 13.9263335], [98.0779198, 13.9263488], [98.0779227, 13.9263744]]]}}, {"type": "Feature", "properties": {"osm_id": 581536087, "building": "yes"}, "geometry": {"type": "Polygon", "coordinates": [[[98.0779267, 13.9263233], [98.0780451, 13.9263103], [98.0780426, 13.9262886], [98.0779242, 13.9263016], [98.0779267, 13.9263233]]]}}, {"type": "Feature", "properties": {"osm_id": 581536088, "building": "yes"}, "geometry": {"type": "Polygon", "coordinates": [[[98.0779267, 13.9262985], [98.0780448, 13.9262839], [98.0780426, 13.9262676], [98.0779246, 13.9262822], [98.0779267, 13.9262985]]]}}, {"type": "Feature", "properties": {"osm_id": 581536089, "building": "yes"}, "geometry": {"type": "Polygon", "coordinates": [[[98.077921, 13.9262787], [98.077972, 13.9262719], [98.077969, 13.9262504], [98.077918, 13.9262573], [98.077921, 13.9262787]]]}}, {"type": "Feature", "properties": {"osm_id": 581536090, "building": "yes"}, "geometry": {"type": "Polygon", "coordinates": [[[98.077909, 13.9262771], [98.0779093, 13.9262335], [98.0778888, 13.9262333], [98.0778885, 13.9262769], [98.077909, 13.9262771]]]}}, {"type": "Feature", "properties": {"osm_id": 581536091, "building": "yes"}, "geometry": {"type": "Polygon", "coordinates": [[[98.0778828, 13.9262761], [98.0778822, 13.9262364], [98.0778689, 13.9262366], [98.0778695, 13.9262763], [98.0778828, 13.9262761]]]}}, {"type": "Feature", "properties": {"osm_id": 581536092, "building": "yes"}, "geometry": {"type": "Polygon", "coordinates": [[[98.0778433, 13.926278], [98.0778594, 13.9262787], [98.077861, 13.9262415], [98.0778449, 13.9262408], [98.0778433, 13.926278]]]}}, {"type": "Feature", "properties": {"osm_id": 581536093, "building": "yes"}, "geometry": {"type": "Polygon", "coordinates": [[[98.0781899, 13.9261303], [98.078261, 13.9261283], [98.0782594, 13.9260719], [98.0781883, 13.9260739], [98.0781899, 13.9261303]]]}}, {"type": "Feature", "properties": {"osm_id": 581536094, "building": "yes"}, "geometry": {"type": "Polygon", "coordinates": [[[98.0780632, 13.9261212], [98.0780894, 13.9261192], [98.0780859, 13.9260757], [98.0780598, 13.9260777], [98.0780632, 13.9261212]]]}}, {"type": "Feature", "properties": {"osm_id": 581536095, "building": "yes"}, "geometry": {"type": "Polygon", "coordinates": [[[98.0780538, 13.9261296], [98.0780518, 13.9260854], [98.078033, 13.9260862], [98.078035, 13.9261304], [98.0780538, 13.9261296]]]}}, {"type": "Feature", "properties": {"osm_id": 581536096, "building": "yes"}, "geometry": {"type": "Polygon", "coordinates": [[[98.0779834, 13.9261537], [98.078027, 13.9261524], [98.0780249, 13.9260858], [98.0779813, 13.9260871], [98.0779834, 13.9261537]]]}}, {"type": "Feature", "properties": {"osm_id": 581536097, "building": "yes"}, "geometry": {"type": "Polygon", "coordinates": [[[98.0779338, 13.9262208], [98.0780042, 13.926213], [98.0779986, 13.9261659], [98.0779282, 13.9261737], [98.0779338, 13.9262208]]]}}, {"type": "Feature", "properties": {"osm_id": 581536098, "building": "yes"}, "geometry": {"type": "Polygon", "coordinates": [[[98.0777843, 13.9262344], [98.0778379, 13.9262331], [98.0778359, 13.926156], [98.0777823, 13.9261573], [98.0777843, 13.9262344]]]}}, {"type": "Feature", "properties": {"osm_id": 581536099, "building": "yes"}, "geometry": {"type": "Polygon", "coordinates": [[[98.0778359, 13.9260984], [98.0778721, 13.9260886], [98.0778667, 13.9260698], [98.0778305, 13.9260796], [98.0778359, 13.9260984]]]}}, {"type": "Feature", "properties": {"osm_id": 581536100, "building": "yes"}, "geometry": {"type": "Polygon", "coordinates": [[[98.0778124, 13.9260737], [98.0778446, 13.9260672], [98.0778334, 13.9260147], [98.0778012, 13.9260212], [98.0778124, 13.9260737]]]}}, {"type": "Feature", "properties": {"osm_id": 581536101, "building": "yes"}, "geometry": {"type": "Polygon", "coordinates": [[[98.0778399, 13.9259962], [98.0778754, 13.925993], [98.0778712, 13.9259497], [98.0778357, 13.925953], [98.0778399, 13.9259962]]]}}, {"type": "Feature", "properties": {"osm_id": 581536102, "building": "yes"}, "geometry": {"type": "Polygon", "coordinates": [[[98.077791, 13.9260014], [98.0778285, 13.9259943], [98.0778185, 13.9259448], [98.0777809, 13.9259519], [98.077791, 13.9260014]]]}}, {"type": "Feature", "properties": {"osm_id": 581536103, "building": "yes"}, "geometry": {"type": "Polygon", "coordinates": [[[98.0777594, 13.9259116], [98.0778245, 13.9259064], [98.0778207, 13.9258621], [98.0777557, 13.9258673], [98.0777594, 13.9259116]]]}}, {"type": "Feature", "properties": {"osm_id": 581536104, "building": "yes"}, "geometry": {"type": "Polygon", "coordinates": [[[98.0777179, 13.9256741], [98.0777843, 13.925648], [98.0777728, 13.9256205], [98.0777064, 13.9256465], [98.0777179, 13.9256741]]]}}, {"type": "Feature", "properties": {"osm_id": 581536105, "building": "yes"}, "geometry": {"type": "Polygon", "coordinates": [[[98.0776937, 13.9254973], [98.077732, 13.9254768], [98.0776953, 13.9254125], [98.0776571, 13.925433], [98.0776937, 13.9254973]]]}}, {"type": "Feature", "properties": {"osm_id": 581536106, "building": "yes"}, "geometry": {"type": "Polygon", "coordinates": [[[98.0780136, 13.9253756], [98.0780927, 13.9253548], [98.0780875, 13.9253362], [98.0780084, 13.925357], [98.0780136, 13.9253756]]]}}, {"type": "Feature", "properties": {"osm_id": 581536107, "building": "yes"}, "geometry": {"type": "Polygon", "coordinates": [[[98.0780246, 13.9253981], [98.0781014, 13.9253756], [98.0780962, 13.925359], [98.0780195, 13.9253814], [98.0780246, 13.9253981]]]}}, {"type": "Feature", "properties": {"osm_id": 581536108, "building": "yes"}, "geometry": {"type": "Polygon", "coordinates": [[[98.0780796, 13.9254059], [98.0781179, 13.9253952], [98.0781135, 13.9253806], [98.0780753, 13.9253913], [98.0780796, 13.9254059]]]}}, {"type": "Feature", "properties": {"osm_id": 581536109, "building": "yes"}, "geometry": {"type": "Polygon", "coordinates": [[[98.0780354, 13.9254179], [98.0780706, 13.9254075], [98.0780658, 13.9253922], [98.0780306, 13.9254026], [98.0780354, 13.9254179]]]}}, {"type": "Feature", "properties": {"osm_id": 581536110, "building": "yes"}, "geometry": {"type": "Polygon", "coordinates": [[[98.0780428, 13.9254391], [98.0781256, 13.925416], [98.0781205, 13.9253989], [98.0780377, 13.925422], [98.0780428, 13.9254391]]]}}, {"type": "Feature", "properties": {"osm_id": 581536111, "building": "yes"}, "geometry": {"type": "Polygon", "coordinates": [[[98.0780967, 13.9254485], [98.0781376, 13.9254371], [98.0781323, 13.9254192], [98.0780914, 13.9254306], [98.0780967, 13.9254485]]]}}, {"type": "Feature", "properties": {"osm_id": 581536112, "building": "yes"}, "geometry": {"type": "Polygon", "coordinates": [[[98.0780481, 13.9254606], [98.0780897, 13.9254463], [98.0780845, 13.9254321], [98.0780429, 13.9254464], [98.0780481, 13.9254606]]]}}, {"type": "Feature", "properties": {"osm_id": 581536113, "building": "yes"}, "geometry": {"type": "Polygon", "coordinates": [[[98.0780535, 13.925483], [98.0780954, 13.9254707], [98.0780899, 13.9254531], [98.078048, 13.9254655], [98.0780535, 13.925483]]]}}, {"type": "Feature", "properties": {"osm_id": 581536114, "building": "yes"}, "geometry": {"type": "Polygon", "coordinates": [[[98.0781061, 13.9254697], [98.0781403, 13.9254612], [98.0781354, 13.9254427], [98.0781012, 13.9254511], [98.0781061, 13.9254697]]]}}, {"type": "Feature", "properties": {"osm_id": 581536115, "building": "yes"}, "geometry": {"type": "Polygon", "coordinates": [[[98.0781018, 13.9254947], [98.07814, 13.925484], [98.0781361, 13.9254711], [98.0780979, 13.9254818], [98.0781018, 13.9254947]]]}}, {"type": "Feature", "properties": {"osm_id": 581536116, "building": "yes"}, "geometry": {"type": "Polygon", "coordinates": [[[98.0780525, 13.9255087], [98.0780934, 13.925499], [98.0780894, 13.9254833], [98.0780485, 13.9254931], [98.0780525, 13.9255087]]]}}, {"type": "Feature", "properties": {"osm_id": 581536117, "building": "yes"}, "geometry": {"type": "Polygon", "coordinates": [[[98.0781286, 13.9255126], [98.0781671, 13.9255029], [98.0781621, 13.9254842], [98.0781236, 13.9254939], [98.0781286, 13.9255126]]]}}, {"type": "Feature", "properties": {"osm_id": 581536118, "building": "yes"}, "geometry": {"type": "Polygon", "coordinates": [[[98.0780508, 13.9255357], [98.0781202, 13.9255139], [98.0781151, 13.9254987], [98.0780457, 13.9255205], [98.0780508, 13.9255357]]]}}, {"type": "Feature", "properties": {"osm_id": 581536119, "building": "yes"}, "geometry": {"type": "Polygon", "coordinates": [[[98.0780518, 13.9255592], [98.0781822, 13.9255244], [98.0781771, 13.9255061], [98.0780466, 13.9255409], [98.0780518, 13.9255592]]]}}, {"type": "Feature", "properties": {"osm_id": 581536120, "building": "yes"}, "geometry": {"type": "Polygon", "coordinates": [[[98.077974, 13.9254114], [98.0780119, 13.9253987], [98.0780058, 13.9253815], [98.0779679, 13.9253942], [98.077974, 13.9254114]]]}}, {"type": "Feature", "properties": {"osm_id": 581536121, "building": "yes"}, "geometry": {"type": "Polygon", "coordinates": [[[98.0779881, 13.925431], [98.0780263, 13.9254186], [98.0780207, 13.9254023], [98.0779825, 13.9254147], [98.0779881, 13.925431]]]}}, {"type": "Feature", "properties": {"osm_id": 581536122, "building": "yes"}, "geometry": {"type": "Polygon", "coordinates": [[[98.0779955, 13.9254508], [98.0780354, 13.9254401], [98.0780305, 13.9254232], [98.0779906, 13.9254339], [98.0779955, 13.9254508]]]}}, {"type": "Feature", "properties": {"osm_id": 581536123, "building": "yes"}, "geometry": {"type": "Polygon", "coordinates": [[[98.0779992, 13.9254742], [98.0780387, 13.9254629], [98.0780339, 13.9254469], [98.0779943, 13.9254583], [98.0779992, 13.9254742]]]}}, {"type": "Feature", "properties": {"osm_id": 581536124, "building": "yes"}, "geometry": {"type": "Polygon", "coordinates": [[[98.0780052, 13.9254957], [98.0780454, 13.925485], [98.0780406, 13.9254681], [98.0780004, 13.9254788], [98.0780052, 13.9254957]]]}}, {"type": "Feature", "properties": {"osm_id": 581536125, "building": "yes"}, "geometry": {"type": "Polygon", "coordinates": [[[98.0780062, 13.9255175], [98.0780441, 13.9255087], [98.0780402, 13.9254929], [98.0780023, 13.9255017], [98.0780062, 13.9255175]]]}}, {"type": "Feature", "properties": {"osm_id": 581536126, "building": "yes"}, "geometry": {"type": "Polygon", "coordinates": [[[98.0779945, 13.9255452], [98.0780434, 13.9255335], [98.0780393, 13.9255171], [98.0779903, 13.9255288], [98.0779945, 13.9255452]]]}}, {"type": "Feature", "properties": {"osm_id": 581536127, "building": "yes"}, "geometry": {"type": "Polygon", "coordinates": [[[98.0780032, 13.9255702], [98.0780438, 13.9255611], [98.0780387, 13.92554], [98.0779982, 13.9255491], [98.0780032, 13.9255702]]]}}, {"type": "Feature", "properties": {"osm_id": 581536128, "building": "yes"}, "geometry": {"type": "Polygon", "coordinates": [[[98.0779596, 13.9255097], [98.0779975, 13.9254977], [98.0779918, 13.9254807], [98.0779539, 13.9254928], [98.0779596, 13.9255097]]]}}, {"type": "Feature", "properties": {"osm_id": 581536129, "building": "yes"}, "geometry": {"type": "Polygon", "coordinates": [[[98.0779623, 13.9255325], [98.0780018, 13.9255208], [98.0779966, 13.925504], [98.077957, 13.9255157], [98.0779623, 13.9255325]]]}}, {"type": "Feature", "properties": {"osm_id": 581536130, "building": "yes"}, "geometry": {"type": "Polygon", "coordinates": [[[98.0779432, 13.9254655], [98.0779847, 13.9254521], [98.0779792, 13.9254358], [98.0779376, 13.9254491], [98.0779432, 13.9254655]]]}}, {"type": "Feature", "properties": {"osm_id": 581536131, "building": "yes"}, "geometry": {"type": "Polygon", "coordinates": [[[98.0778828, 13.9254326], [98.0779231, 13.9254196], [98.0779165, 13.9254003], [98.0778762, 13.9254134], [98.0778828, 13.9254326]]]}}, {"type": "Feature", "properties": {"osm_id": 581536132, "building": "yes"}, "geometry": {"type": "Polygon", "coordinates": [[[98.0779237, 13.9254254], [98.0778828, 13.9254389], [98.0778888, 13.9254562], [98.0779298, 13.9254427], [98.0779237, 13.9254254]]]}}, {"type": "Feature", "properties": {"osm_id": 581536133, "building": "yes"}, "geometry": {"type": "Polygon", "coordinates": [[[98.0779033, 13.9254778], [98.0779378, 13.9254661], [98.0779327, 13.925452], [98.0778982, 13.9254637], [98.0779033, 13.9254778]]]}}, {"type": "Feature", "properties": {"osm_id": 581536134, "building": "yes"}, "geometry": {"type": "Polygon", "coordinates": [[[98.0779066, 13.9254983], [98.0779904, 13.9254723], [98.0779855, 13.9254573], [98.0779017, 13.9254834], [98.0779066, 13.9254983]]]}}, {"type": "Feature", "properties": {"osm_id": 581536135, "building": "yes"}, "geometry": {"type": "Polygon", "coordinates": [[[98.0779113, 13.9255214], [98.0779472, 13.9255097], [98.0779409, 13.9254917], [98.0779051, 13.9255034], [98.0779113, 13.9255214]]]}}, {"type": "Feature", "properties": {"osm_id": 581536136, "building": "yes"}, "geometry": {"type": "Polygon", "coordinates": [[[98.0779177, 13.9255429], [98.0779499, 13.9255338], [98.0779449, 13.9255172], [98.0779127, 13.9255263], [98.0779177, 13.9255429]]]}}, {"type": "Feature", "properties": {"osm_id": 581536137, "building": "yes"}, "geometry": {"type": "Polygon", "coordinates": [[[98.0779449, 13.9255569], [98.0779868, 13.9255471], [98.0779831, 13.9255323], [98.0779412, 13.9255421], [98.0779449, 13.9255569]]]}}, {"type": "Feature", "properties": {"osm_id": 581536138, "building": "yes"}, "geometry": {"type": "Polygon", "coordinates": [[[98.0779586, 13.9255781], [98.0779961, 13.9255696], [98.0779919, 13.9255518], [98.0779543, 13.9255603], [98.0779586, 13.9255781]]]}}, {"type": "Feature", "properties": {"osm_id": 581536139, "building": "yes"}, "geometry": {"type": "Polygon", "coordinates": [[[98.0779164, 13.9255914], [98.0779539, 13.925581], [98.0779482, 13.9255615], [98.0779106, 13.9255719], [98.0779164, 13.9255914]]]}}, {"type": "Feature", "properties": {"osm_id": 581536140, "building": "yes"}, "geometry": {"type": "Polygon", "coordinates": [[[98.0779009, 13.9255706], [98.0779395, 13.9255585], [98.0779342, 13.9255425], [98.0778956, 13.9255545], [98.0779009, 13.9255706]]]}}, {"type": "Feature", "properties": {"osm_id": 581536141, "building": "yes"}, "geometry": {"type": "Polygon", "coordinates": [[[98.0778761, 13.9256015], [98.0779117, 13.9255894], [98.0779062, 13.9255742], [98.0778706, 13.9255863], [98.0778761, 13.9256015]]]}}, {"type": "Feature", "properties": {"osm_id": 581536142, "building": "yes"}, "geometry": {"type": "Polygon", "coordinates": [[[98.0778557, 13.9255829], [98.0778936, 13.9255719], [98.0778883, 13.925555], [98.0778504, 13.9255661], [98.0778557, 13.9255829]]]}}, {"type": "Feature", "properties": {"osm_id": 581536143, "building": "yes"}, "geometry": {"type": "Polygon", "coordinates": [[[98.0778711, 13.9255553], [98.0779127, 13.9255439], [98.0779075, 13.9255263], [98.077866, 13.9255376], [98.0778711, 13.9255553]]]}}, {"type": "Feature", "properties": {"osm_id": 581536144, "building": "yes"}, "geometry": {"type": "Polygon", "coordinates": [[[98.0778657, 13.9255325], [98.0779039, 13.9255198], [98.0778993, 13.9255065], [98.077861, 13.9255192], [98.0778657, 13.9255325]]]}}, {"type": "Feature", "properties": {"osm_id": 581536145, "building": "yes"}, "geometry": {"type": "Polygon", "coordinates": [[[98.0778573, 13.925511], [98.0778999, 13.9255013], [98.0778958, 13.9254842], [98.0778532, 13.925494], [98.0778573, 13.925511]]]}}, {"type": "Feature", "properties": {"osm_id": 581536146, "building": "yes"}, "geometry": {"type": "Polygon", "coordinates": [[[98.0778493, 13.9254882], [98.0778922, 13.9254755], [98.0778875, 13.9254605], [98.0778446, 13.9254732], [98.0778493, 13.9254882]]]}}, {"type": "Feature", "properties": {"osm_id": 581536147, "building": "yes"}, "geometry": {"type": "Polygon", "coordinates": [[[98.0778423, 13.9254687], [98.0778811, 13.9254573], [98.077876, 13.9254408], [98.0778371, 13.9254522], [98.0778423, 13.9254687]]]}}, {"type": "Feature", "properties": {"osm_id": 581536148, "building": "yes"}, "geometry": {"type": "Polygon", "coordinates": [[[98.0778319, 13.9254482], [98.0778724, 13.9254336], [98.0778665, 13.9254181], [98.077826, 13.9254328], [98.0778319, 13.9254482]]]}}, {"type": "Feature", "properties": {"osm_id": 581536149, "building": "yes"}, "geometry": {"type": "Polygon", "coordinates": [[[98.0778262, 13.925429], [98.0778681, 13.9254147], [98.0778623, 13.9253988], [98.0778204, 13.9254131], [98.0778262, 13.925429]]]}}, {"type": "Feature", "properties": {"osm_id": 581536150, "building": "yes"}, "geometry": {"type": "Polygon", "coordinates": [[[98.0778168, 13.9254101], [98.0778607, 13.9253939], [98.077854, 13.9253768], [98.07781, 13.925393], [98.0778168, 13.9254101]]]}}, {"type": "Feature", "properties": {"osm_id": 581536151, "building": "yes"}, "geometry": {"type": "Polygon", "coordinates": [[[98.077806, 13.9253883], [98.0778506, 13.9253711], [98.0778436, 13.925354], [98.077799, 13.9253712], [98.077806, 13.9253883]]]}}, {"type": "Feature", "properties": {"osm_id": 581536152, "building": "yes"}, "geometry": {"type": "Polygon", "coordinates": [[[98.0777886, 13.9253503], [98.0778295, 13.9253311], [98.0778213, 13.9253146], [98.0777804, 13.9253338], [98.0777886, 13.9253503]]]}}, {"type": "Feature", "properties": {"osm_id": 581536153, "building": "yes"}, "geometry": {"type": "Polygon", "coordinates": [[[98.0777782, 13.9253294], [98.0778211, 13.9253093], [98.0778151, 13.9252971], [98.0777721, 13.9253172], [98.0777782, 13.9253294]]]}}, {"type": "Feature", "properties": {"osm_id": 581536155, "building": "yes"}, "geometry": {"type": "Polygon", "coordinates": [[[98.07774, 13.9253063], [98.0777566, 13.9253463], [98.0777724, 13.9253401], [98.0777558, 13.9253001], [98.07774, 13.9253063]]]}}, {"type": "Feature", "properties": {"osm_id": 581536157, "building": "yes"}, "geometry": {"type": "Polygon", "coordinates": [[[98.0777366, 13.9252998], [98.0777538, 13.9252926], [98.0777364, 13.9252535], [98.0777192, 13.9252608], [98.0777366, 13.9252998]]]}}, {"type": "Feature", "properties": {"osm_id": 581536159, "building": "yes"}, "geometry": {"type": "Polygon", "coordinates": [[[98.0777299, 13.9252341], [98.0777392, 13.925253], [98.0777788, 13.9252348], [98.0777695, 13.9252159], [98.0777299, 13.9252341]]]}}, {"type": "Feature", "properties": {"osm_id": 581536162, "building": "yes"}, "geometry": {"type": "Polygon", "coordinates": [[[98.0778426, 13.9252289], [98.0778492, 13.9252392], [98.0778868, 13.9252164], [98.0778801, 13.9252061], [98.0778426, 13.9252289]]]}}, {"type": "Feature", "properties": {"osm_id": 581536164, "building": "yes"}, "geometry": {"type": "Polygon", "coordinates": [[[98.0778573, 13.9252621], [98.0779016, 13.9252334], [98.0778929, 13.9252208], [98.0778487, 13.9252495], [98.0778573, 13.9252621]]]}}, {"type": "Feature", "properties": {"osm_id": 581536166, "building": "yes"}, "geometry": {"type": "Polygon", "coordinates": [[[98.0776431, 13.9253695], [98.0777024, 13.9253499], [98.0776717, 13.9252619], [98.0776124, 13.9252814], [98.0776431, 13.9253695]]]}}, {"type": "Feature", "properties": {"osm_id": 581536168, "building": "yes"}, "geometry": {"type": "Polygon", "coordinates": [[[98.0776414, 13.9252683], [98.0776957, 13.9252422], [98.0776775, 13.9252065], [98.0776232, 13.9252325], [98.0776414, 13.9252683]]]}}, {"type": "Feature", "properties": {"osm_id": 581536170, "building": "yes"}, "geometry": {"type": "Polygon", "coordinates": [[[98.0775844, 13.9250564], [98.0776461, 13.9250356], [98.0776332, 13.9249997], [98.0775716, 13.9250205], [98.0775844, 13.9250564]]]}}, {"type": "Feature", "properties": {"osm_id": 581536172, "building": "yes"}, "geometry": {"type": "Polygon", "coordinates": [[[98.0775127, 13.9248377], [98.0775596, 13.9248045], [98.0775358, 13.9247728], [98.0774889, 13.924806], [98.0775127, 13.9248377]]]}}, {"type": "Feature", "properties": {"osm_id": 581536174, "building": "yes"}, "geometry": {"type": "Polygon", "coordinates": [[[98.0775254, 13.9247128], [98.077563, 13.9246841], [98.0775405, 13.9246564], [98.077503, 13.924685], [98.0775254, 13.9247128]]]}}, {"type": "Feature", "properties": {"osm_id": 581536176, "building": "yes"}, "geometry": {"type": "Polygon", "coordinates": [[[98.0774865, 13.9246796], [98.0775328, 13.9246509], [98.0775052, 13.9246089], [98.0774589, 13.9246376], [98.0774865, 13.9246796]]]}}, {"type": "Feature", "properties": {"osm_id": 581536179, "building": "yes"}, "geometry": {"type": "Polygon", "coordinates": [[[98.0774476, 13.9246171], [98.0774993, 13.9245963], [98.0774748, 13.924539], [98.0774231, 13.9245598], [98.0774476, 13.9246171]]]}}, {"type": "Feature", "properties": {"osm_id": 581536181, "building": "yes"}, "geometry": {"type": "Polygon", "coordinates": [[[98.077345, 13.9243359], [98.0773843, 13.9244197], [98.0774521, 13.9243897], [98.0774128, 13.924306], [98.077345, 13.9243359]]]}}, {"type": "Feature", "properties": {"osm_id": 581536183, "building": "yes"}, "geometry": {"type": "Polygon", "coordinates": [[[98.0772545, 13.9241491], [98.0773202, 13.9241166], [98.077304, 13.9240857], [98.0772383, 13.9241182], [98.0772545, 13.9241491]]]}}, {"type": "Feature", "properties": {"osm_id": 581536185, "building": "yes"}, "geometry": {"type": "Polygon", "coordinates": [[[98.0772492, 13.9241062], [98.0773041, 13.9240749], [98.0772645, 13.9240091], [98.0772095, 13.9240404], [98.0772492, 13.9241062]]]}}, {"type": "Feature", "properties": {"osm_id": 581536186, "building": "yes"}, "geometry": {"type": "Polygon", "coordinates": [[[98.0990052, 13.9012896], [98.0990743, 13.9012909], [98.099075, 13.9012565], [98.0990059, 13.9012552], [98.0990052, 13.9012896]]]}}, {"type": "Feature", "properties": {"osm_id": 581536188, "building": "yes"}, "geometry": {"type": "Polygon", "coordinates": [[[98.0990267, 13.9014106], [98.0991259, 13.9014367], [98.0991444, 13.9013702], [98.0990452, 13.9013442], [98.0990267, 13.9014106]]]}}, {"type": "Feature", "properties": {"osm_id": 581536190, "building": "yes"}, "geometry": {"type": "Polygon", "coordinates": [[[98.0974529, 13.9021169], [98.097534, 13.9020921], [98.0975126, 13.902026], [98.0974315, 13.9020508], [98.0974529, 13.9021169]]]}}, {"type": "Feature", "properties": {"osm_id": 581536192, "building": "yes"}, "geometry": {"type": "Polygon", "coordinates": [[[98.0980966, 13.9020876], [98.0981945, 13.9020843], [98.098193, 13.9020418], [98.0980951, 13.9020451], [98.0980966, 13.9020876]]]}}, {"type": "Feature", "properties": {"osm_id": 581536194, "building": "yes"}, "geometry": {"type": "Polygon", "coordinates": [[[98.0984607, 13.9017706], [98.0985459, 13.9017491], [98.0985339, 13.9017042], [98.0984487, 13.9017257], [98.0984607, 13.9017706]]]}}, {"type": "Feature", "properties": {"osm_id": 581536196, "building": "yes"}, "geometry": {"type": "Polygon", "coordinates": [[[98.0983964, 13.9020908], [98.0984762, 13.9021051], [98.0984883, 13.9020416], [98.0984085, 13.9020273], [98.0983964, 13.9020908]]]}}, {"type": "Feature", "properties": {"osm_id": 581536198, "building": "yes"}, "geometry": {"type": "Polygon", "coordinates": [[[98.0983762, 13.9023043], [98.0984735, 13.9023141], [98.0984807, 13.9022463], [98.0983835, 13.9022365], [98.0983762, 13.9023043]]]}}, {"type": "Feature", "properties": {"osm_id": 581536201, "building": "yes"}, "geometry": {"type": "Polygon", "coordinates": [[[98.0988775, 13.9023256], [98.0990283, 13.9023503], [98.0990451, 13.9022538], [98.0988943, 13.9022291], [98.0988775, 13.9023256]]]}}, {"type": "Feature", "properties": {"osm_id": 581536203, "building": "yes"}, "geometry": {"type": "Polygon", "coordinates": [[[98.0989254, 13.9021891], [98.099028, 13.9021995], [98.0990359, 13.9021267], [98.0989333, 13.9021163], [98.0989254, 13.9021891]]]}}, {"type": "Feature", "properties": {"osm_id": 581536205, "building": "yes"}, "geometry": {"type": "Polygon", "coordinates": [[[98.0990602, 13.9019287], [98.0991742, 13.9019619], [98.0991978, 13.9018854], [98.0990838, 13.9018523], [98.0990602, 13.9019287]]]}}, {"type": "Feature", "properties": {"osm_id": 581536207, "building": "yes"}, "geometry": {"type": "Polygon", "coordinates": [[[98.0987886, 13.9018695], [98.0988604, 13.9018861], [98.0988653, 13.9018661], [98.0987935, 13.9018495], [98.0987886, 13.9018695]]]}}, {"type": "Feature", "properties": {"osm_id": 581536208, "building": "yes"}, "geometry": {"type": "Polygon", "coordinates": [[[98.0988312, 13.9017969], [98.0988175, 13.9018478], [98.0989151, 13.9018726], [98.0989288, 13.9018217], [98.0988312, 13.9017969]]]}}, {"type": "Feature", "properties": {"osm_id": 581536210, "building": "yes"}, "geometry": {"type": "Polygon", "coordinates": [[[98.0986539, 13.9016549], [98.0987098, 13.9016645], [98.0987193, 13.9016124], [98.0986635, 13.9016028], [98.0986539, 13.9016549]]]}}, {"type": "Feature", "properties": {"osm_id": 581536213, "building": "yes"}, "geometry": {"type": "Polygon", "coordinates": [[[98.0988416, 13.9016482], [98.0988181, 13.9017251], [98.0989153, 13.9017531], [98.0989388, 13.9016762], [98.0988416, 13.9016482]]]}}, {"type": "Feature", "properties": {"osm_id": 581536215, "building": "yes"}, "geometry": {"type": "Polygon", "coordinates": [[[98.0996744, 13.9016931], [98.0997562, 13.9016983], [98.099761, 13.901628], [98.0996792, 13.9016228], [98.0996744, 13.9016931]]]}}, {"type": "Feature", "properties": {"osm_id": 581536218, "building": "yes"}, "geometry": {"type": "Polygon", "coordinates": [[[98.0996034, 13.9014751], [98.0996959, 13.9014887], [98.0997057, 13.9014259], [98.0996132, 13.9014122], [98.0996034, 13.9014751]]]}}, {"type": "Feature", "properties": {"osm_id": 581536220, "building": "yes"}, "geometry": {"type": "Polygon", "coordinates": [[[98.0991896, 13.9014145], [98.0992949, 13.9014354], [98.0993109, 13.9013593], [98.0992056, 13.9013385], [98.0991896, 13.9014145]]]}}, {"type": "Feature", "properties": {"osm_id": 581536222, "building": "yes"}, "geometry": {"type": "Polygon", "coordinates": [[[98.0980584, 13.9089819], [98.0981504, 13.9089979], [98.0981678, 13.9089035], [98.0980758, 13.9088875], [98.0980584, 13.9089819]]]}}, {"type": "Feature", "properties": {"osm_id": 581536224, "building": "yes"}, "geometry": {"type": "Polygon", "coordinates": [[[98.0993392, 13.901835], [98.0994699, 13.9018478], [98.0994757, 13.9017924], [98.0993449, 13.9017796], [98.0993392, 13.901835]]]}}, {"type": "Feature", "properties": {"osm_id": 581536227, "building": "yes"}, "geometry": {"type": "Polygon", "coordinates": [[[98.0998273, 13.9021253], [98.0999048, 13.9021293], [98.0999082, 13.902067], [98.0998307, 13.902063], [98.0998273, 13.9021253]]]}}, {"type": "Feature", "properties": {"osm_id": 581536229, "building": "yes"}, "geometry": {"type": "Polygon", "coordinates": [[[98.0994853, 13.9022451], [98.0995065, 13.9022682], [98.0995562, 13.9022252], [98.099535, 13.9022021], [98.0994853, 13.9022451]]]}}, {"type": "Feature", "properties": {"osm_id": 581536231, "building": "yes"}, "geometry": {"type": "Polygon", "coordinates": [[[98.0993915, 13.9022789], [98.0994402, 13.9022837], [98.0994495, 13.902195], [98.0994007, 13.9021903], [98.0993915, 13.9022789]]]}}, {"type": "Feature", "properties": {"osm_id": 581536234, "building": "yes"}, "geometry": {"type": "Polygon", "coordinates": [[[98.0994961, 13.9019509], [98.0995978, 13.9019561], [98.0996014, 13.9018907], [98.0994997, 13.9018854], [98.0994961, 13.9019509]]]}}, {"type": "Feature", "properties": {"osm_id": 581536236, "building": "yes"}, "geometry": {"type": "Polygon", "coordinates": [[[98.0992815, 13.9019691], [98.0992753, 13.9020283], [98.0993708, 13.9020377], [98.099377, 13.9019785], [98.0992815, 13.9019691]]]}}, {"type": "Feature", "properties": {"osm_id": 581536238, "building": "yes"}, "geometry": {"type": "Polygon", "coordinates": [[[98.0992413, 13.902085], [98.0993671, 13.9020973], [98.0993709, 13.9020611], [98.099245, 13.9020488], [98.0992413, 13.902085]]]}}, {"type": "Feature", "properties": {"osm_id": 581536240, "building": "yes"}, "geometry": {"type": "Polygon", "coordinates": [[[98.0994337, 13.9024176], [98.0994249, 13.9025026], [98.099545, 13.9025144], [98.0995538, 13.9024293], [98.0994337, 13.9024176]]]}}, {"type": "Feature", "properties": {"osm_id": 581536243, "building": "yes"}, "geometry": {"type": "Polygon", "coordinates": [[[98.099132, 13.9024137], [98.0992025, 13.9024206], [98.0992084, 13.9023642], [98.0991378, 13.9023573], [98.099132, 13.9024137]]]}}, {"type": "Feature", "properties": {"osm_id": 581536245, "building": "yes"}, "geometry": {"type": "Polygon", "coordinates": [[[98.0990937, 13.9025289], [98.0991917, 13.9025385], [98.0991985, 13.9024732], [98.0991005, 13.9024636], [98.0990937, 13.9025289]]]}}, {"type": "Feature", "properties": {"osm_id": 581536247, "building": "yes"}, "geometry": {"type": "Polygon", "coordinates": [[[98.0989938, 13.9027417], [98.0989913, 13.902788], [98.0990644, 13.9027918], [98.099067, 13.9027455], [98.0989938, 13.9027417]]]}}, {"type": "Feature", "properties": {"osm_id": 581536249, "building": "yes"}, "geometry": {"type": "Polygon", "coordinates": [[[98.0989261, 13.9028426], [98.099001, 13.9028465], [98.0990034, 13.902803], [98.0989285, 13.9027991], [98.0989261, 13.9028426]]]}}, {"type": "Feature", "properties": {"osm_id": 581536251, "building": "yes"}, "geometry": {"type": "Polygon", "coordinates": [[[98.0987524, 13.902812], [98.0988537, 13.9028219], [98.0988611, 13.9027509], [98.0987598, 13.9027409], [98.0987524, 13.902812]]]}}, {"type": "Feature", "properties": {"osm_id": 581536254, "building": "yes"}, "geometry": {"type": "Polygon", "coordinates": [[[98.0987222, 13.902963], [98.0988042, 13.9029711], [98.0988106, 13.9029094], [98.0987286, 13.9029014], [98.0987222, 13.902963]]]}}, {"type": "Feature", "properties": {"osm_id": 581536255, "building": "yes"}, "geometry": {"type": "Polygon", "coordinates": [[[98.0990656, 13.9037552], [98.0991507, 13.9037596], [98.0991548, 13.9036848], [98.0990697, 13.9036804], [98.0990656, 13.9037552]]]}}, {"type": "Feature", "properties": {"osm_id": 581536257, "building": "yes"}, "geometry": {"type": "Polygon", "coordinates": [[[98.098501, 13.9043423], [98.0985994, 13.9043519], [98.098606, 13.9042886], [98.0985075, 13.9042789], [98.098501, 13.9043423]]]}}, {"type": "Feature", "properties": {"osm_id": 581536259, "building": "yes"}, "geometry": {"type": "Polygon", "coordinates": [[[98.0985305, 13.9044647], [98.0986418, 13.9044756], [98.0986475, 13.9044199], [98.0985363, 13.904409], [98.0985305, 13.9044647]]]}}, {"type": "Feature", "properties": {"osm_id": 581536262, "building": "yes"}, "geometry": {"type": "Polygon", "coordinates": [[[98.0972397, 13.9059845], [98.0972873, 13.9060125], [98.0973211, 13.9059583], [98.0972735, 13.9059303], [98.0972397, 13.9059845]]]}}, {"type": "Feature", "properties": {"osm_id": 581536264, "building": "yes"}, "geometry": {"type": "Polygon", "coordinates": [[[98.0971666, 13.9059839], [98.0972137, 13.90601], [98.0972647, 13.9059235], [98.0972175, 13.9058973], [98.0971666, 13.9059839]]]}}, {"type": "Feature", "properties": {"osm_id": 581536266, "building": "yes"}, "geometry": {"type": "Polygon", "coordinates": [[[98.0979303, 13.9052275], [98.0980112, 13.9052355], [98.0980212, 13.9051392], [98.0979403, 13.9051313], [98.0979303, 13.9052275]]]}}, {"type": "Feature", "properties": {"osm_id": 581536268, "building": "yes"}, "geometry": {"type": "Polygon", "coordinates": [[[98.0977459, 13.9051794], [98.0978173, 13.9051831], [98.0978233, 13.9050736], [98.0977519, 13.9050699], [98.0977459, 13.9051794]]]}}, {"type": "Feature", "properties": {"osm_id": 581536270, "building": "yes"}, "geometry": {"type": "Polygon", "coordinates": [[[98.0972846, 13.9051214], [98.0972789, 13.9051765], [98.0973756, 13.905186], [98.0973813, 13.9051309], [98.0972846, 13.9051214]]]}}, {"type": "Feature", "properties": {"osm_id": 581536272, "building": "yes"}, "geometry": {"type": "Polygon", "coordinates": [[[98.0975233, 13.9052848], [98.0975197, 13.9053498], [98.0976319, 13.9053556], [98.0976355, 13.9052906], [98.0975233, 13.9052848]]]}}, {"type": "Feature", "properties": {"osm_id": 581536274, "building": "yes"}, "geometry": {"type": "Polygon", "coordinates": [[[98.0974267, 13.9064773], [98.0976691, 13.9064898], [98.0976747, 13.9063887], [98.0974323, 13.9063762], [98.0974267, 13.9064773]]]}}, {"type": "Feature", "properties": {"osm_id": 581536276, "building": "yes"}, "geometry": {"type": "Polygon", "coordinates": [[[98.097766, 13.9064708], [98.0978049, 13.9064728], [98.0978076, 13.9064229], [98.0977688, 13.9064209], [98.097766, 13.9064708]]]}}, {"type": "Feature", "properties": {"osm_id": 581536278, "building": "yes"}, "geometry": {"type": "Polygon", "coordinates": [[[98.0978385, 13.9064903], [98.097822, 13.9066488], [98.0979317, 13.9066596], [98.0979481, 13.906501], [98.0978385, 13.9064903]]]}}, {"type": "Feature", "properties": {"osm_id": 581536280, "building": "yes"}, "geometry": {"type": "Polygon", "coordinates": [[[98.0977419, 13.9066882], [98.0978972, 13.9067034], [98.0979011, 13.9066665], [98.0977457, 13.9066513], [98.0977419, 13.9066882]]]}}, {"type": "Feature", "properties": {"osm_id": 581536281, "building": "yes"}, "geometry": {"type": "Polygon", "coordinates": [[[98.0974888, 13.9066986], [98.0977196, 13.9067264], [98.0977319, 13.9066304], [98.0975011, 13.9066026], [98.0974888, 13.9066986]]]}}, {"type": "Feature", "properties": {"osm_id": 581536282, "building": "yes"}, "geometry": {"type": "Polygon", "coordinates": [[[98.0984809, 13.911495], [98.0985305, 13.9115236], [98.0985686, 13.9114614], [98.098519, 13.9114328], [98.0984809, 13.911495]]]}}, {"type": "Feature", "properties": {"osm_id": 581536283, "building": "yes"}, "geometry": {"type": "Polygon", "coordinates": [[[98.0989878, 13.911385], [98.0990696, 13.9113069], [98.0990257, 13.9112635], [98.0989439, 13.9113416], [98.0989878, 13.911385]]]}}, {"type": "Feature", "properties": {"osm_id": 581536284, "building": "yes"}, "geometry": {"type": "Polygon", "coordinates": [[[98.0987826, 13.9111077], [98.0988678, 13.9110218], [98.0988428, 13.9109985], [98.0987576, 13.9110844], [98.0987826, 13.9111077]]]}}, {"type": "Feature", "properties": {"osm_id": 581536285, "building": "yes"}, "geometry": {"type": "Polygon", "coordinates": [[[98.0987277, 13.9110295], [98.0987682, 13.9110653], [98.09885, 13.9109781], [98.0988095, 13.9109423], [98.0987277, 13.9110295]]]}}, {"type": "Feature", "properties": {"osm_id": 581536286, "building": "yes"}, "geometry": {"type": "Polygon", "coordinates": [[[98.0986468, 13.9109304], [98.0987064, 13.9109746], [98.0988025, 13.9108523], [98.0987428, 13.9108081], [98.0986468, 13.9109304]]]}}, {"type": "Feature", "properties": {"osm_id": 581536287, "building": "yes"}, "geometry": {"type": "Polygon", "coordinates": [[[98.0988232, 13.9106215], [98.0988699, 13.9106674], [98.098957, 13.9105841], [98.0989104, 13.9105381], [98.0988232, 13.9106215]]]}}, {"type": "Feature", "properties": {"osm_id": 581536288, "building": "yes"}, "geometry": {"type": "Polygon", "coordinates": [[[98.098731, 13.9105082], [98.0987827, 13.9105561], [98.0988517, 13.9104858], [98.0988, 13.9104379], [98.098731, 13.9105082]]]}}, {"type": "Feature", "properties": {"osm_id": 581536289, "building": "yes"}, "geometry": {"type": "Polygon", "coordinates": [[[98.0984607, 13.9106736], [98.0985037, 13.9106984], [98.0985473, 13.9106275], [98.0985043, 13.9106026], [98.0984607, 13.9106736]]]}}, {"type": "Feature", "properties": {"osm_id": 581536290, "building": "yes"}, "geometry": {"type": "Polygon", "coordinates": [[[98.0983199, 13.9105824], [98.0983741, 13.9106254], [98.0984311, 13.9105577], [98.0983769, 13.9105148], [98.0983199, 13.9105824]]]}}, {"type": "Feature", "properties": {"osm_id": 581536291, "building": "yes"}, "geometry": {"type": "Polygon", "coordinates": [[[98.0983809, 13.9104321], [98.0984259, 13.9103703], [98.0983519, 13.9103196], [98.098307, 13.9103814], [98.0983809, 13.9104321]]]}}, {"type": "Feature", "properties": {"osm_id": 581536292, "building": "yes"}, "geometry": {"type": "Polygon", "coordinates": [[[98.0979602, 13.9097415], [98.0980377, 13.9097886], [98.0981131, 13.9096717], [98.0980356, 13.9096246], [98.0979602, 13.9097415]]]}}, {"type": "Feature", "properties": {"osm_id": 581536293, "building": "yes"}, "geometry": {"type": "Polygon", "coordinates": [[[98.097752, 13.9095391], [98.097819, 13.909582], [98.097875, 13.9094997], [98.0978079, 13.9094568], [98.097752, 13.9095391]]]}}, {"type": "Feature", "properties": {"osm_id": 581536294, "building": "yes"}, "geometry": {"type": "Polygon", "coordinates": [[[98.0981845, 13.9095059], [98.0982329, 13.9095357], [98.0982946, 13.9094413], [98.0982462, 13.9094115], [98.0981845, 13.9095059]]]}}, {"type": "Feature", "properties": {"osm_id": 581536295, "building": "yes"}, "geometry": {"type": "Polygon", "coordinates": [[[98.098096, 13.9094486], [98.0981413, 13.9094726], [98.0981943, 13.9093782], [98.0981489, 13.9093542], [98.098096, 13.9094486]]]}}, {"type": "Feature", "properties": {"osm_id": 581536296, "building": "yes"}, "geometry": {"type": "Polygon", "coordinates": [[[98.0980095, 13.9093796], [98.0980589, 13.9094085], [98.0981065, 13.9093317], [98.0980571, 13.9093028], [98.0980095, 13.9093796]]]}}, {"type": "Feature", "properties": {"osm_id": 581536297, "building": "yes"}, "geometry": {"type": "Polygon", "coordinates": [[[98.0979679, 13.9093002], [98.0980097, 13.9093236], [98.09806, 13.909239], [98.0980182, 13.9092156], [98.0979679, 13.9093002]]]}}, {"type": "Feature", "properties": {"osm_id": 581536298, "building": "yes"}, "geometry": {"type": "Polygon", "coordinates": [[[98.0978948, 13.9092852], [98.0979639, 13.9091713], [98.0978938, 13.9091313], [98.0978248, 13.9092452], [98.0978948, 13.9092852]]]}}, {"type": "Feature", "properties": {"osm_id": 581536299, "building": "yes"}, "geometry": {"type": "Polygon", "coordinates": [[[98.098143, 13.9091737], [98.0982086, 13.909171], [98.0982027, 13.9090367], [98.098137, 13.9090394], [98.098143, 13.9091737]]]}}, {"type": "Feature", "properties": {"osm_id": 581536300, "building": "yes"}, "geometry": {"type": "Polygon", "coordinates": [[[98.0977996, 13.9090112], [98.097866, 13.9090329], [98.0979083, 13.9089112], [98.0978418, 13.9088895], [98.0977996, 13.9090112]]]}}, {"type": "Feature", "properties": {"osm_id": 581536301, "building": "yes"}, "geometry": {"type": "Polygon", "coordinates": [[[98.097568, 13.9090798], [98.097617, 13.9090914], [98.0976397, 13.9090014], [98.0975907, 13.9089898], [98.097568, 13.9090798]]]}}, {"type": "Feature", "properties": {"osm_id": 581536302, "building": "yes"}, "geometry": {"type": "Polygon", "coordinates": [[[98.0974636, 13.9091186], [98.0975065, 13.9091397], [98.0975355, 13.9090843], [98.0974926, 13.9090632], [98.0974636, 13.9091186]]]}}, {"type": "Feature", "properties": {"osm_id": 581536303, "building": "yes"}, "geometry": {"type": "Polygon", "coordinates": [[[98.0974644, 13.9090489], [98.0975107, 13.9090658], [98.0975558, 13.9089496], [98.0975094, 13.9089326], [98.0974644, 13.9090489]]]}}, {"type": "Feature", "properties": {"osm_id": 581536304, "building": "yes"}, "geometry": {"type": "Polygon", "coordinates": [[[98.0973248, 13.9089363], [98.0973887, 13.9089516], [98.0974121, 13.9088592], [98.0973483, 13.9088439], [98.0973248, 13.9089363]]]}}, {"type": "Feature", "properties": {"osm_id": 581536305, "building": "yes"}, "geometry": {"type": "Polygon", "coordinates": [[[98.0971283, 13.9089175], [98.0971911, 13.9089362], [98.0972152, 13.9088601], [98.0971525, 13.9088413], [98.0971283, 13.9089175]]]}}, {"type": "Feature", "properties": {"osm_id": 581536306, "building": "yes"}, "geometry": {"type": "Polygon", "coordinates": [[[98.0969822, 13.9093217], [98.0970593, 13.9093549], [98.0971031, 13.909259], [98.0970259, 13.9092258], [98.0969822, 13.9093217]]]}}, {"type": "Feature", "properties": {"osm_id": 581536307, "building": "yes"}, "geometry": {"type": "Polygon", "coordinates": [[[98.09705, 13.9091719], [98.09711, 13.9092055], [98.0971783, 13.9090908], [98.0971182, 13.9090571], [98.09705, 13.9091719]]]}}, {"type": "Feature", "properties": {"osm_id": 581536308, "building": "yes"}, "geometry": {"type": "Polygon", "coordinates": [[[98.0969312, 13.9091088], [98.0970123, 13.9091453], [98.0970673, 13.9090301], [98.0969861, 13.9089936], [98.0969312, 13.9091088]]]}}, {"type": "Feature", "properties": {"osm_id": 581536309, "building": "yes"}, "geometry": {"type": "Polygon", "coordinates": [[[98.0968548, 13.9090789], [98.0969195, 13.9091101], [98.0969785, 13.9089949], [98.0969138, 13.9089637], [98.0968548, 13.9090789]]]}}, {"type": "Feature", "properties": {"osm_id": 581536310, "building": "yes"}, "geometry": {"type": "Polygon", "coordinates": [[[98.0968514, 13.9087274], [98.0968983, 13.9087307], [98.0969043, 13.9086493], [98.0968574, 13.908646], [98.0968514, 13.9087274]]]}}, {"type": "Feature", "properties": {"osm_id": 581536311, "building": "yes"}, "geometry": {"type": "Polygon", "coordinates": [[[98.0968018, 13.9087782], [98.0968561, 13.9088107], [98.0968802, 13.9087728], [98.0968259, 13.9087402], [98.0968018, 13.9087782]]]}}, {"type": "Feature", "properties": {"osm_id": 581536312, "building": "yes"}, "geometry": {"type": "Polygon", "coordinates": [[[98.096561, 13.9090635], [98.0966285, 13.9090703], [98.0966411, 13.9089523], [98.0965735, 13.9089455], [98.096561, 13.9090635]]]}}, {"type": "Feature", "properties": {"osm_id": 581536313, "building": "yes"}, "geometry": {"type": "Polygon", "coordinates": [[[98.0964625, 13.9089787], [98.0965094, 13.908991], [98.0965307, 13.908915], [98.0964837, 13.9089026], [98.0964625, 13.9089787]]]}}, {"type": "Feature", "properties": {"osm_id": 581536314, "building": "yes"}, "geometry": {"type": "Polygon", "coordinates": [[[98.0958382, 13.9089442], [98.0959086, 13.9089429], [98.095907, 13.9088608], [98.0958366, 13.9088621], [98.0958382, 13.9089442]]]}}, {"type": "Feature", "properties": {"osm_id": 581536315, "building": "yes"}, "geometry": {"type": "Polygon", "coordinates": [[[98.0959254, 13.9090861], [98.0959918, 13.9090874], [98.0959936, 13.9089986], [98.0959272, 13.9089973], [98.0959254, 13.9090861]]]}}, {"type": "Feature", "properties": {"osm_id": 581536316, "building": "yes"}, "geometry": {"type": "Polygon", "coordinates": [[[98.0961038, 13.9090659], [98.0961775, 13.9090646], [98.0961754, 13.9089509], [98.0961016, 13.9089522], [98.0961038, 13.9090659]]]}}, {"type": "Feature", "properties": {"osm_id": 581536317, "building": "yes"}, "geometry": {"type": "Polygon", "coordinates": [[[98.0962167, 13.9089783], [98.0962948, 13.908988], [98.0963108, 13.9088668], [98.0962326, 13.9088572], [98.0962167, 13.9089783]]]}}, {"type": "Feature", "properties": {"osm_id": 581536318, "building": "yes"}, "geometry": {"type": "Polygon", "coordinates": [[[98.0963968, 13.9089936], [98.096435, 13.9088927], [98.0963718, 13.9088702], [98.0963336, 13.9089711], [98.0963968, 13.9089936]]]}}, {"type": "Feature", "properties": {"osm_id": 581536319, "building": "yes"}, "geometry": {"type": "Polygon", "coordinates": [[[98.0964129, 13.9088211], [98.0964553, 13.908826], [98.0964625, 13.9087668], [98.09642, 13.908762], [98.0964129, 13.9088211]]]}}, {"type": "Feature", "properties": {"osm_id": 581536320, "building": "yes"}, "geometry": {"type": "Polygon", "coordinates": [[[98.0962767, 13.908784], [98.0963625, 13.9087938], [98.096375, 13.9086902], [98.0962893, 13.9086804], [98.0962767, 13.908784]]]}}, {"type": "Feature", "properties": {"osm_id": 581536321, "building": "yes"}, "geometry": {"type": "Polygon", "coordinates": [[[98.0967166, 13.9085295], [98.0967742, 13.9085361], [98.0967844, 13.9084523], [98.0967268, 13.9084457], [98.0967166, 13.9085295]]]}}, {"type": "Feature", "properties": {"osm_id": 581536322, "building": "yes"}, "geometry": {"type": "Polygon", "coordinates": [[[98.0973644, 13.908607], [98.0974714, 13.9086111], [98.0974742, 13.9085422], [98.0973672, 13.9085381], [98.0973644, 13.908607]]]}}, {"type": "Feature", "properties": {"osm_id": 581536323, "building": "yes"}, "geometry": {"type": "Polygon", "coordinates": [[[98.0976896, 13.9083987], [98.0977778, 13.9084021], [98.0977805, 13.9083374], [98.0976922, 13.908334], [98.0976896, 13.9083987]]]}}, {"type": "Feature", "properties": {"osm_id": 581536324, "building": "yes"}, "geometry": {"type": "Polygon", "coordinates": [[[98.0973885, 13.9081097], [98.0973915, 13.908171], [98.0975611, 13.9081631], [98.0975581, 13.9081019], [98.0973885, 13.9081097]]]}}, {"type": "Feature", "properties": {"osm_id": 581536325, "building": "yes"}, "geometry": {"type": "Polygon", "coordinates": [[[98.09742, 13.9082536], [98.0975464, 13.9082584], [98.0975491, 13.9081934], [98.0974227, 13.9081885], [98.09742, 13.9082536]]]}}, {"type": "Feature", "properties": {"osm_id": 581536326, "building": "yes"}, "geometry": {"type": "Polygon", "coordinates": [[[98.0974254, 13.9082744], [98.0974232, 13.9083285], [98.0975443, 13.9083332], [98.0975466, 13.9082791], [98.0974254, 13.9082744]]]}}, {"type": "Feature", "properties": {"osm_id": 581536327, "building": "yes"}, "geometry": {"type": "Polygon", "coordinates": [[[98.0974106, 13.9084163], [98.097509, 13.9084201], [98.0975112, 13.9083648], [98.0974129, 13.908361], [98.0974106, 13.9084163]]]}}, {"type": "Feature", "properties": {"osm_id": 581536328, "building": "yes"}, "geometry": {"type": "Polygon", "coordinates": [[[98.0970325, 13.9084638], [98.0970309, 13.9085023], [98.0970852, 13.9085044], [98.0970868, 13.9084659], [98.0970325, 13.9084638]]]}}, {"type": "Feature", "properties": {"osm_id": 581536329, "building": "yes"}, "geometry": {"type": "Polygon", "coordinates": [[[98.0970298, 13.9083818], [98.0970999, 13.9083845], [98.0971031, 13.9083067], [98.097033, 13.908304], [98.0970298, 13.9083818]]]}}, {"type": "Feature", "properties": {"osm_id": 581536330, "building": "yes"}, "geometry": {"type": "Polygon", "coordinates": [[[98.0971424, 13.9082855], [98.0971395, 13.9083565], [98.0972297, 13.9083599], [98.0972326, 13.9082889], [98.0971424, 13.9082855]]]}}, {"type": "Feature", "properties": {"osm_id": 581536331, "building": "yes"}, "geometry": {"type": "Polygon", "coordinates": [[[98.0971572, 13.9081761], [98.0971546, 13.9082382], [98.0972583, 13.9082422], [98.0972609, 13.9081801], [98.0971572, 13.9081761]]]}}, {"type": "Feature", "properties": {"osm_id": 581536332, "building": "yes"}, "geometry": {"type": "Polygon", "coordinates": [[[98.0969922, 13.9082034], [98.0971075, 13.9082079], [98.097113, 13.9080729], [98.0969977, 13.9080685], [98.0969922, 13.9082034]]]}}, {"type": "Feature", "properties": {"osm_id": 581536333, "building": "yes"}, "geometry": {"type": "Polygon", "coordinates": [[[98.0974153, 13.9075402], [98.0974039, 13.9076347], [98.0974957, 13.9076452], [98.0975071, 13.9075507], [98.0974153, 13.9075402]]]}}, {"type": "Feature", "properties": {"osm_id": 581536334, "building": "yes"}, "geometry": {"type": "Polygon", "coordinates": [[[98.0972551, 13.9076157], [98.0973641, 13.9076199], [98.0973669, 13.9075517], [98.0972579, 13.9075475], [98.0972551, 13.9076157]]]}}, {"type": "Feature", "properties": {"osm_id": 581536335, "building": "yes"}, "geometry": {"type": "Polygon", "coordinates": [[[98.0973731, 13.9078103], [98.0973688, 13.907915], [98.0974639, 13.9079187], [98.0974682, 13.9078139], [98.0973731, 13.9078103]]]}}, {"type": "Feature", "properties": {"osm_id": 581536336, "building": "yes"}, "geometry": {"type": "Polygon", "coordinates": [[[98.0971107, 13.9078676], [98.0972035, 13.9078792], [98.0972215, 13.9077427], [98.0971288, 13.9077311], [98.0971107, 13.9078676]]]}}, {"type": "Feature", "properties": {"osm_id": 581536337, "building": "yes"}, "geometry": {"type": "Polygon", "coordinates": [[[98.0967024, 13.9082109], [98.0967873, 13.9082174], [98.0967884, 13.9082036], [98.0968154, 13.9082057], [98.0968218, 13.9081282], [98.0967652, 13.9081238], [98.0967612, 13.9081722], [98.096706, 13.9081679], [98.0967024, 13.9082109]]]}}, {"type": "Feature", "properties": {"osm_id": 581536338, "building": "yes"}, "geometry": {"type": "Polygon", "coordinates": [[[98.0968098, 13.908072], [98.0968823, 13.9080746], [98.0968862, 13.9079714], [98.0968137, 13.9079688], [98.0968098, 13.908072]]]}}, {"type": "Feature", "properties": {"osm_id": 581536339, "building": "yes"}, "geometry": {"type": "Polygon", "coordinates": [[[98.0967756, 13.9079008], [98.096846, 13.907917], [98.0968724, 13.9078095], [98.096802, 13.9077932], [98.0967756, 13.9079008]]]}}, {"type": "Feature", "properties": {"osm_id": 581536340, "building": "yes"}, "geometry": {"type": "Polygon", "coordinates": [[[98.0969399, 13.9077472], [98.0970132, 13.9077672], [98.0970387, 13.9076793], [98.0969654, 13.9076593], [98.0969399, 13.9077472]]]}}, {"type": "Feature", "properties": {"osm_id": 581536341, "building": "yes"}, "geometry": {"type": "Polygon", "coordinates": [[[98.0969238, 13.9077426], [98.0969567, 13.9076248], [98.0969048, 13.9076112], [98.0968719, 13.907729], [98.0969238, 13.9077426]]]}}, {"type": "Feature", "properties": {"osm_id": 581536342, "building": "yes"}, "geometry": {"type": "Polygon", "coordinates": [[[98.096779, 13.9077211], [98.0968596, 13.907732], [98.0968763, 13.9076148], [98.0967958, 13.907604], [98.096779, 13.9077211]]]}}, {"type": "Feature", "properties": {"osm_id": 581536343, "building": "yes"}, "geometry": {"type": "Polygon", "coordinates": [[[98.0969285, 13.9074458], [98.0970439, 13.9074731], [98.097064, 13.9073931], [98.0969487, 13.9073658], [98.0969285, 13.9074458]]]}}, {"type": "Feature", "properties": {"osm_id": 581536344, "building": "yes"}, "geometry": {"type": "Polygon", "coordinates": [[[98.0969071, 13.9070325], [98.0970043, 13.9070722], [98.0970303, 13.9070122], [98.096933, 13.9069725], [98.0969071, 13.9070325]]]}}, {"type": "Feature", "properties": {"osm_id": 581536345, "building": "yes"}, "geometry": {"type": "Polygon", "coordinates": [[[98.0969191, 13.9071685], [98.096832, 13.9071217], [98.0968125, 13.9071558], [98.0968996, 13.9072027], [98.0969191, 13.9071685]]]}}, {"type": "Feature", "properties": {"osm_id": 581536346, "building": "yes"}, "geometry": {"type": "Polygon", "coordinates": [[[98.0968802, 13.9072375], [98.0968939, 13.9072061], [98.096794, 13.9071651], [98.0967803, 13.9071965], [98.0968802, 13.9072375]]]}}, {"type": "Feature", "properties": {"osm_id": 581536347, "building": "yes"}, "geometry": {"type": "Polygon", "coordinates": [[[98.0966469, 13.907395], [98.096779, 13.9074354], [98.096802, 13.9073643], [98.0966699, 13.907324], [98.0966469, 13.907395]]]}}, {"type": "Feature", "properties": {"osm_id": 581536348, "building": "yes"}, "geometry": {"type": "Polygon", "coordinates": [[[98.096549, 13.9076079], [98.0966307, 13.9076745], [98.0966729, 13.9076257], [98.0965912, 13.9075591], [98.096549, 13.9076079]]]}}, {"type": "Feature", "properties": {"osm_id": 581536349, "building": "yes"}, "geometry": {"type": "Polygon", "coordinates": [[[98.0963465, 13.907533], [98.0964243, 13.9075558], [98.0964419, 13.9074991], [98.0963641, 13.9074763], [98.0963465, 13.907533]]]}}, {"type": "Feature", "properties": {"osm_id": 581536350, "building": "yes"}, "geometry": {"type": "Polygon", "coordinates": [[[98.0960984, 13.9074595], [98.0962077, 13.9074914], [98.0962266, 13.9074302], [98.0961173, 13.9073983], [98.0960984, 13.9074595]]]}}, {"type": "Feature", "properties": {"osm_id": 581536351, "building": "yes"}, "geometry": {"type": "Polygon", "coordinates": [[[98.0961929, 13.9076411], [98.0962935, 13.9076762], [98.0963186, 13.9076087], [98.096218, 13.9075735], [98.0961929, 13.9076411]]]}}, {"type": "Feature", "properties": {"osm_id": 581536352, "building": "yes"}, "geometry": {"type": "Polygon", "coordinates": [[[98.0963552, 13.9078188], [98.0964618, 13.9078526], [98.0964828, 13.9077904], [98.0963762, 13.9077566], [98.0963552, 13.9078188]]]}}, {"type": "Feature", "properties": {"osm_id": 581536353, "building": "yes"}, "geometry": {"type": "Polygon", "coordinates": [[[98.0965266, 13.9079193], [98.0965156, 13.9079578], [98.0966268, 13.9079877], [98.0966378, 13.9079492], [98.0965266, 13.9079193]]]}}, {"type": "Feature", "properties": {"osm_id": 581536354, "building": "yes"}, "geometry": {"type": "Polygon", "coordinates": [[[98.0965084, 13.9080098], [98.0965708, 13.9080287], [98.096582, 13.9079939], [98.0965196, 13.907975], [98.0965084, 13.9080098]]]}}, {"type": "Feature", "properties": {"osm_id": 581536355, "building": "yes"}, "geometry": {"type": "Polygon", "coordinates": [[[98.0965289, 13.9081384], [98.0965346, 13.9080707], [98.0965137, 13.908069], [98.096508, 13.9081367], [98.0965289, 13.9081384]]]}}, {"type": "Feature", "properties": {"osm_id": 581536356, "building": "yes"}, "geometry": {"type": "Polygon", "coordinates": [[[98.0964095, 13.908099], [98.0965004, 13.9081133], [98.0965083, 13.9080659], [98.0964174, 13.9080516], [98.0964095, 13.908099]]]}}, {"type": "Feature", "properties": {"osm_id": 581536357, "building": "yes"}, "geometry": {"type": "Polygon", "coordinates": [[[98.0961017, 13.9082353], [98.096183, 13.9082434], [98.0961951, 13.9081281], [98.0961138, 13.9081201], [98.0961017, 13.9082353]]]}}, {"type": "Feature", "properties": {"osm_id": 581536358, "building": "yes"}, "geometry": {"type": "Polygon", "coordinates": [[[98.0960065, 13.9082132], [98.0960628, 13.9082178], [98.096071, 13.9081232], [98.0960146, 13.9081186], [98.0960065, 13.9082132]]]}}, {"type": "Feature", "properties": {"osm_id": 581536359, "building": "yes"}, "geometry": {"type": "Polygon", "coordinates": [[[98.0957799, 13.9081195], [98.09586, 13.9081452], [98.0959063, 13.9080091], [98.0958261, 13.9079834], [98.0957799, 13.9081195]]]}}, {"type": "Feature", "properties": {"osm_id": 581536360, "building": "yes"}, "geometry": {"type": "Polygon", "coordinates": [[[98.0956364, 13.9083447], [98.0957323, 13.9083675], [98.0957613, 13.9082521], [98.0956655, 13.9082293], [98.0956364, 13.9083447]]]}}, {"type": "Feature", "properties": {"osm_id": 581536361, "building": "yes"}, "geometry": {"type": "Polygon", "coordinates": [[[98.096327, 13.908333], [98.0964055, 13.9083584], [98.0964381, 13.9082635], [98.0963596, 13.9082381], [98.096327, 13.908333]]]}}, {"type": "Feature", "properties": {"osm_id": 581536362, "building": "yes"}, "geometry": {"type": "Polygon", "coordinates": [[[98.096439, 13.9084872], [98.0965155, 13.9085191], [98.0965648, 13.9084077], [98.0964884, 13.9083758], [98.096439, 13.9084872]]]}}, {"type": "Feature", "properties": {"osm_id": 581536363, "building": "yes"}, "geometry": {"type": "Polygon", "coordinates": [[[98.0961735, 13.9086174], [98.0962412, 13.9086434], [98.0962724, 13.908567], [98.0962047, 13.9085409], [98.0961735, 13.9086174]]]}}, {"type": "Feature", "properties": {"osm_id": 581536364, "building": "yes"}, "geometry": {"type": "Polygon", "coordinates": [[[98.0960052, 13.9086682], [98.0960689, 13.9086812], [98.0960934, 13.9085682], [98.0960297, 13.9085552], [98.0960052, 13.9086682]]]}}, {"type": "Feature", "properties": {"osm_id": 581536365, "building": "yes"}, "geometry": {"type": "Polygon", "coordinates": [[[98.0956732, 13.9085784], [98.0958201, 13.9085862], [98.0958241, 13.9085148], [98.0956773, 13.908507], [98.0956732, 13.9085784]]]}}, {"type": "Feature", "properties": {"osm_id": 581536366, "building": "yes"}, "geometry": {"type": "Polygon", "coordinates": [[[98.0955653, 13.9089943], [98.0956328, 13.908996], [98.0956355, 13.9088964], [98.095568, 13.9088947], [98.0955653, 13.9089943]]]}}, {"type": "Feature", "properties": {"osm_id": 581536367, "building": "yes"}, "geometry": {"type": "Polygon", "coordinates": [[[98.0953507, 13.9091381], [98.0954386, 13.9091258], [98.0954289, 13.9090608], [98.095341, 13.9090732], [98.0953507, 13.9091381]]]}}, {"type": "Feature", "properties": {"osm_id": 581536368, "building": "yes"}, "geometry": {"type": "Polygon", "coordinates": [[[98.0952213, 13.9091362], [98.0952743, 13.9091316], [98.095266, 13.9090412], [98.095213, 13.9090457], [98.0952213, 13.9091362]]]}}, {"type": "Feature", "properties": {"osm_id": 581536369, "building": "yes"}, "geometry": {"type": "Polygon", "coordinates": [[[98.0943254, 13.90975], [98.0944294, 13.9097096], [98.0943978, 13.9096331], [98.0942939, 13.9096734], [98.0943254, 13.90975]]]}}, {"type": "Feature", "properties": {"osm_id": 581536370, "building": "yes"}, "geometry": {"type": "Polygon", "coordinates": [[[98.0942859, 13.9095261], [98.0943228, 13.9095078], [98.094295, 13.9094549], [98.0942581, 13.9094731], [98.0942859, 13.9095261]]]}}, {"type": "Feature", "properties": {"osm_id": 581536371, "building": "yes"}, "geometry": {"type": "Polygon", "coordinates": [[[98.0941799, 13.9096146], [98.0942865, 13.9095599], [98.0942515, 13.9094955], [98.0941449, 13.9095502], [98.0941799, 13.9096146]]]}}, {"type": "Feature", "properties": {"osm_id": 581536372, "building": "yes"}, "geometry": {"type": "Polygon", "coordinates": [[[98.0940691, 13.9095795], [98.0938881, 13.9096965], [98.0939737, 13.9098212], [98.0940748, 13.9097558], [98.0940437, 13.9097104], [98.0941235, 13.9096588], [98.0940691, 13.9095795]]]}}, {"type": "Feature", "properties": {"osm_id": 581536373, "building": "yes"}, "geometry": {"type": "Polygon", "coordinates": [[[98.0944656, 13.9085302], [98.0944595, 13.9084579], [98.0943851, 13.9084638], [98.0943912, 13.9085361], [98.0944656, 13.9085302]]]}}, {"type": "Feature", "properties": {"osm_id": 581536374, "building": "yes"}, "geometry": {"type": "Polygon", "coordinates": [[[98.0949108, 13.9093048], [98.0949147, 13.9093502], [98.0949953, 13.9093438], [98.0949915, 13.9092983], [98.0949108, 13.9093048]]]}}, {"type": "Feature", "properties": {"osm_id": 581536375, "building": "yes"}, "geometry": {"type": "Polygon", "coordinates": [[[98.0948398, 13.9092084], [98.0949592, 13.9091989], [98.0949524, 13.9091186], [98.094833, 13.9091281], [98.0948398, 13.9092084]]]}}, {"type": "Feature", "properties": {"osm_id": 581536376, "building": "yes"}, "geometry": {"type": "Polygon", "coordinates": [[[98.0947553, 13.9090145], [98.094835, 13.9090081], [98.094825, 13.9088895], [98.0947452, 13.9088958], [98.0947553, 13.9090145]]]}}, {"type": "Feature", "properties": {"osm_id": 581536377, "building": "yes"}, "geometry": {"type": "Polygon", "coordinates": [[[98.0948545, 13.9089923], [98.0949282, 13.9089864], [98.0949149, 13.9088283], [98.0948411, 13.9088342], [98.0948545, 13.9089923]]]}}, {"type": "Feature", "properties": {"osm_id": 581536378, "building": "yes"}, "geometry": {"type": "Polygon", "coordinates": [[[98.0949819, 13.9087632], [98.0950941, 13.9087543], [98.0950879, 13.9086799], [98.0949756, 13.9086888], [98.0949819, 13.9087632]]]}}, {"type": "Feature", "properties": {"osm_id": 581536379, "building": "yes"}, "geometry": {"type": "Polygon", "coordinates": [[[98.0936851, 13.9066477], [98.093773, 13.9066544], [98.0937809, 13.9065567], [98.093693, 13.9065501], [98.0936851, 13.9066477]]]}}, {"type": "Feature", "properties": {"osm_id": 581536380, "building": "yes"}, "geometry": {"type": "Polygon", "coordinates": [[[98.0938473, 13.9068847], [98.0939124, 13.9068795], [98.0939063, 13.9068079], [98.0938413, 13.9068131], [98.0938473, 13.9068847]]]}}, {"type": "Feature", "properties": {"osm_id": 581536381, "building": "yes"}, "geometry": {"type": "Polygon", "coordinates": [[[98.0937038, 13.9068873], [98.0937971, 13.9068799], [98.093791, 13.9068079], [98.0936977, 13.9068154], [98.0937038, 13.9068873]]]}}, {"type": "Feature", "properties": {"osm_id": 581536382, "building": "yes"}, "geometry": {"type": "Polygon", "coordinates": [[[98.0944039, 13.9095378], [98.0945937, 13.9094303], [98.0945453, 13.9093498], [98.0943555, 13.9094572], [98.0944039, 13.9095378]]]}}, {"type": "Feature", "properties": {"osm_id": 581536383, "building": "yes"}, "geometry": {"type": "Polygon", "coordinates": [[[98.0941991, 13.9093872], [98.094288, 13.909336], [98.0943422, 13.9094246], [98.0943774, 13.9094043], [98.0943237, 13.9093165], [98.0943849, 13.9092813], [98.0943252, 13.9091836], [98.0940769, 13.9093267], [98.0941356, 13.9094228], [98.0941668, 13.9094049], [98.0941802, 13.9094267], [98.094212, 13.9094084], [98.0941991, 13.9093872]]]}}, {"type": "Feature", "properties": {"osm_id": 581536384, "building": "yes"}, "geometry": {"type": "Polygon", "coordinates": [[[98.0940586, 13.9091472], [98.0941701, 13.9091383], [98.0941632, 13.9090568], [98.0940517, 13.9090656], [98.0940586, 13.9091472]]]}}, {"type": "Feature", "properties": {"osm_id": 581536385, "building": "yes"}, "geometry": {"type": "Polygon", "coordinates": [[[98.0937768, 13.9090622], [98.0939088, 13.9090033], [98.093877, 13.9089361], [98.093745, 13.908995], [98.0937768, 13.9090622]]]}}, {"type": "Feature", "properties": {"osm_id": 581536386, "building": "yes"}, "geometry": {"type": "Polygon", "coordinates": [[[98.0936984, 13.9089355], [98.0938428, 13.9089042], [98.0938206, 13.9088077], [98.0936762, 13.908839], [98.0936984, 13.9089355]]]}}, {"type": "Feature", "properties": {"osm_id": 581536387, "building": "yes"}, "geometry": {"type": "Polygon", "coordinates": [[[98.0936898, 13.9085263], [98.0937718, 13.9085197], [98.0937642, 13.9084293], [98.0936821, 13.9084358], [98.0936898, 13.9085263]]]}}, {"type": "Feature", "properties": {"osm_id": 581536388, "building": "yes"}, "geometry": {"type": "Polygon", "coordinates": [[[98.094141, 13.9083427], [98.0942195, 13.9083365], [98.0942108, 13.9082334], [98.0941323, 13.9082396], [98.094141, 13.9083427]]]}}, {"type": "Feature", "properties": {"osm_id": 581536389, "building": "yes"}, "geometry": {"type": "Polygon", "coordinates": [[[98.0940525, 13.908318], [98.0940449, 13.9082281], [98.0939861, 13.9082327], [98.0939937, 13.9083227], [98.0940525, 13.908318]]]}}, {"type": "Feature", "properties": {"osm_id": 581536390, "building": "yes"}, "geometry": {"type": "Polygon", "coordinates": [[[98.0937421, 13.9083102], [98.0937937, 13.9083061], [98.093789, 13.908251], [98.0937374, 13.9082551], [98.0937421, 13.9083102]]]}}, {"type": "Feature", "properties": {"osm_id": 581536391, "building": "yes"}, "geometry": {"type": "Polygon", "coordinates": [[[98.0936535, 13.9083024], [98.0937287, 13.9082964], [98.0937233, 13.9082321], [98.0936481, 13.9082381], [98.0936535, 13.9083024]]]}}, {"type": "Feature", "properties": {"osm_id": 581536392, "building": "yes"}, "geometry": {"type": "Polygon", "coordinates": [[[98.0946802, 13.9086148], [98.0947711, 13.9086076], [98.0947633, 13.9085159], [98.0946724, 13.9085231], [98.0946802, 13.9086148]]]}}, {"type": "Feature", "properties": {"osm_id": 581536393, "building": "yes"}, "geometry": {"type": "Polygon", "coordinates": [[[98.0949457, 13.9082243], [98.095, 13.9082199], [98.0949926, 13.9081331], [98.0949384, 13.9081375], [98.0949457, 13.9082243]]]}}, {"type": "Feature", "properties": {"osm_id": 581536394, "building": "yes"}, "geometry": {"type": "Polygon", "coordinates": [[[98.094762, 13.9083662], [98.0948804, 13.9083567], [98.0948719, 13.9082568], [98.0947535, 13.9082663], [98.094762, 13.9083662]]]}}, {"type": "Feature", "properties": {"osm_id": 581536395, "building": "yes"}, "geometry": {"type": "Polygon", "coordinates": [[[98.0943972, 13.9083401], [98.0946862, 13.9083171], [98.0946761, 13.9081982], [98.0943871, 13.9082213], [98.0943972, 13.9083401]]]}}, {"type": "Feature", "properties": {"osm_id": 581536396, "building": "yes"}, "geometry": {"type": "Polygon", "coordinates": [[[98.0942845, 13.9081579], [98.0943769, 13.9081505], [98.0943663, 13.9080251], [98.0942739, 13.9080325], [98.0942845, 13.9081579]]]}}, {"type": "Feature", "properties": {"osm_id": 581536397, "building": "yes"}, "geometry": {"type": "Polygon", "coordinates": [[[98.0944978, 13.9080433], [98.0945082, 13.9081666], [98.0947646, 13.9081462], [98.0947542, 13.9080229], [98.0944978, 13.9080433]]]}}, {"type": "Feature", "properties": {"osm_id": 581536398, "building": "yes"}, "geometry": {"type": "Polygon", "coordinates": [[[98.0949836, 13.9077283], [98.0950255, 13.9077297], [98.0950289, 13.9076347], [98.0950309, 13.9075793], [98.094989, 13.9075779], [98.0949836, 13.9077283]]]}}, {"type": "Feature", "properties": {"osm_id": 581536399, "building": "yes"}, "geometry": {"type": "Polygon", "coordinates": [[[98.0950452, 13.907741], [98.0951009, 13.9077389], [98.0950953, 13.9075946], [98.0950396, 13.9075967], [98.0950452, 13.907741]]]}}, {"type": "Feature", "properties": {"osm_id": 581536400, "building": "yes"}, "geometry": {"type": "Polygon", "coordinates": [[[98.0951186, 13.9077634], [98.0951804, 13.9077641], [98.0951819, 13.9076381], [98.0951201, 13.9076374], [98.0951186, 13.9077634]]]}}, {"type": "Feature", "properties": {"osm_id": 581536401, "building": "yes"}, "geometry": {"type": "Polygon", "coordinates": [[[98.0949591, 13.907973], [98.0950199, 13.907992], [98.095049, 13.9079043], [98.0949881, 13.9078853], [98.0949591, 13.907973]]]}}, {"type": "Feature", "properties": {"osm_id": 581536402, "building": "yes"}, "geometry": {"type": "Polygon", "coordinates": [[[98.0948377, 13.9079834], [98.0948855, 13.9078392], [98.0948039, 13.9078138], [98.0947561, 13.907958], [98.0948377, 13.9079834]]]}}, {"type": "Feature", "properties": {"osm_id": 581536403, "building": "yes"}, "geometry": {"type": "Polygon", "coordinates": [[[98.0948556, 13.9076951], [98.0949102, 13.9077128], [98.09493, 13.9076554], [98.094942, 13.9076593], [98.0949786, 13.9075526], [98.0949056, 13.9075289], [98.0948687, 13.9076363], [98.0948751, 13.9076383], [98.0948556, 13.9076951]]]}}, {"type": "Feature", "properties": {"osm_id": 581536404, "building": "yes"}, "geometry": {"type": "Polygon", "coordinates": [[[98.0946527, 13.9078708], [98.0947199, 13.9078827], [98.094738, 13.9077864], [98.0946708, 13.9077745], [98.0946527, 13.9078708]]]}}, {"type": "Feature", "properties": {"osm_id": 581536405, "building": "yes"}, "geometry": {"type": "Polygon", "coordinates": [[[98.0942745, 13.9074373], [98.0943504, 13.9074507], [98.0943766, 13.9073108], [98.0943006, 13.9072974], [98.0942745, 13.9074373]]]}}, {"type": "Feature", "properties": {"osm_id": 581536406, "building": "yes"}, "geometry": {"type": "Polygon", "coordinates": [[[98.0941021, 13.9074836], [98.0941701, 13.9074891], [98.0941782, 13.9073953], [98.0941102, 13.9073898], [98.0941021, 13.9074836]]]}}, {"type": "Feature", "properties": {"osm_id": 581536407, "building": "yes"}, "geometry": {"type": "Polygon", "coordinates": [[[98.0937695, 13.9072245], [98.0938377, 13.9072201], [98.093831, 13.9071218], [98.0937628, 13.9071262], [98.0937695, 13.9072245]]]}}, {"type": "Feature", "properties": {"osm_id": 581536409, "building": "yes"}, "geometry": {"type": "Polygon", "coordinates": [[[98.0936683, 13.9072486], [98.0937561, 13.9072434], [98.0937488, 13.9071263], [98.0936609, 13.9071315], [98.0936683, 13.9072486]]]}}, {"type": "Feature", "properties": {"osm_id": 581536411, "building": "yes"}, "geometry": {"type": "Polygon", "coordinates": [[[98.0939291, 13.9072108], [98.0939942, 13.9072108], [98.0939942, 13.9071047], [98.0939291, 13.9071047], [98.0939291, 13.9072108]]]}}, {"type": "Feature", "properties": {"osm_id": 581536412, "building": "yes"}, "geometry": {"type": "Polygon", "coordinates": [[[98.093913, 13.907341], [98.0939875, 13.9073404], [98.0939865, 13.9072374], [98.0939121, 13.9072381], [98.093913, 13.907341]]]}}, {"type": "Feature", "properties": {"osm_id": 581536414, "building": "yes"}, "geometry": {"type": "Polygon", "coordinates": [[[98.0938842, 13.9074998], [98.0939479, 13.9074946], [98.093939, 13.907392], [98.0938753, 13.9073972], [98.0938842, 13.9074998]]]}}, {"type": "Feature", "properties": {"osm_id": 581536415, "building": "yes"}, "geometry": {"type": "Polygon", "coordinates": [[[98.0937461, 13.9075512], [98.0938158, 13.9075473], [98.0938095, 13.9074406], [98.0937397, 13.9074445], [98.0937461, 13.9075512]]]}}, {"type": "Feature", "properties": {"osm_id": 581536416, "building": "yes"}, "geometry": {"type": "Polygon", "coordinates": [[[98.0936093, 13.907533], [98.093683, 13.9075291], [98.0936769, 13.9074202], [98.0936032, 13.9074241], [98.0936093, 13.907533]]]}}, {"type": "Feature", "properties": {"osm_id": 581536417, "building": "yes"}, "geometry": {"type": "Polygon", "coordinates": [[[98.0933002, 13.9075552], [98.09338, 13.9075519], [98.0933747, 13.9074299], [98.0932949, 13.9074332], [98.0933002, 13.9075552]]]}}, {"type": "Feature", "properties": {"osm_id": 581536418, "building": "yes"}, "geometry": {"type": "Polygon", "coordinates": [[[98.0946352, 13.9076163], [98.0947003, 13.9076189], [98.0947041, 13.907528], [98.0946391, 13.9075254], [98.0946352, 13.9076163]]]}}, {"type": "Feature", "properties": {"osm_id": 581536419, "building": "yes"}, "geometry": {"type": "Polygon", "coordinates": [[[98.0945293, 13.9075213], [98.0945798, 13.9075406], [98.0946147, 13.9074547], [98.0945642, 13.9074354], [98.0945293, 13.9075213]]]}}, {"type": "Feature", "properties": {"osm_id": 581536420, "building": "yes"}, "geometry": {"type": "Polygon", "coordinates": [[[98.0944381, 13.9077628], [98.0944807, 13.9077677], [98.0944914, 13.9076805], [98.0944488, 13.9076756], [98.0944381, 13.9077628]]]}}, {"type": "Feature", "properties": {"osm_id": 581536421, "building": "yes"}, "geometry": {"type": "Polygon", "coordinates": [[[98.0944844, 13.9077576], [98.0945648, 13.9077693], [98.0945721, 13.9077222], [98.0944916, 13.9077105], [98.0944844, 13.9077576]]]}}, {"type": "Feature", "properties": {"osm_id": 581536422, "building": "yes"}, "geometry": {"type": "Polygon", "coordinates": [[[98.0944066, 13.9079476], [98.0945125, 13.9079515], [98.0945168, 13.9078428], [98.0944108, 13.9078389], [98.0944066, 13.9079476]]]}}, {"type": "Feature", "properties": {"osm_id": 581536423, "building": "yes"}, "geometry": {"type": "Polygon", "coordinates": [[[98.0943053, 13.9078044], [98.0943791, 13.9078025], [98.0943771, 13.9077318], [98.0943033, 13.9077337], [98.0943053, 13.9078044]]]}}, {"type": "Feature", "properties": {"osm_id": 581536424, "building": "yes"}, "geometry": {"type": "Polygon", "coordinates": [[[98.0942906, 13.9076769], [98.0943422, 13.9076795], [98.094347, 13.9075906], [98.0942953, 13.907588], [98.0942906, 13.9076769]]]}}, {"type": "Feature", "properties": {"osm_id": 581536425, "building": "yes"}, "geometry": {"type": "Polygon", "coordinates": [[[98.0941685, 13.9077452], [98.0942383, 13.9077446], [98.0942369, 13.9076086], [98.0941672, 13.9076093], [98.0941685, 13.9077452]]]}}, {"type": "Feature", "properties": {"osm_id": 581536426, "building": "yes"}, "geometry": {"type": "Polygon", "coordinates": [[[98.0941833, 13.9078402], [98.0942584, 13.907837], [98.0942562, 13.9077893], [98.0941811, 13.9077926], [98.0941833, 13.9078402]]]}}, {"type": "Feature", "properties": {"osm_id": 581536427, "building": "yes"}, "geometry": {"type": "Polygon", "coordinates": [[[98.09407, 13.9079066], [98.094143, 13.9079047], [98.0941406, 13.907817], [98.0940675, 13.907819], [98.09407, 13.9079066]]]}}, {"type": "Feature", "properties": {"osm_id": 581536428, "building": "yes"}, "geometry": {"type": "Polygon", "coordinates": [[[98.0942135, 13.907977], [98.0942772, 13.9079731], [98.0942724, 13.9078992], [98.0942087, 13.9079031], [98.0942135, 13.907977]]]}}, {"type": "Feature", "properties": {"osm_id": 581536429, "building": "yes"}, "geometry": {"type": "Polygon", "coordinates": [[[98.0940485, 13.9080381], [98.0941325, 13.9080367], [98.0941305, 13.9079222], [98.0940465, 13.9079236], [98.0940485, 13.9080381]]]}}, {"type": "Feature", "properties": {"osm_id": 581536430, "building": "yes"}, "geometry": {"type": "Polygon", "coordinates": [[[98.0939533, 13.908055], [98.0940346, 13.9080488], [98.0940266, 13.9079499], [98.0939452, 13.9079561], [98.0939533, 13.908055]]]}}, {"type": "Feature", "properties": {"osm_id": 581536431, "building": "yes"}, "geometry": {"type": "Polygon", "coordinates": [[[98.0939157, 13.9080733], [98.0939023, 13.9079769], [98.0938525, 13.9079835], [98.0938659, 13.9080798], [98.0939157, 13.9080733]]]}}, {"type": "Feature", "properties": {"osm_id": 581536432, "building": "yes"}, "geometry": {"type": "Polygon", "coordinates": [[[98.0939747, 13.907753], [98.0940941, 13.9077556], [98.0940969, 13.9076333], [98.0939776, 13.9076307], [98.0939747, 13.907753]]]}}, {"type": "Feature", "properties": {"osm_id": 581536433, "building": "yes"}, "geometry": {"type": "Polygon", "coordinates": [[[98.0937253, 13.9078181], [98.0938125, 13.9078168], [98.0938105, 13.9076958], [98.0937234, 13.9076971], [98.0937253, 13.9078181]]]}}, {"type": "Feature", "properties": {"osm_id": 581536434, "building": "yes"}, "geometry": {"type": "Polygon", "coordinates": [[[98.0937387, 13.9081318], [98.0938554, 13.9081227], [98.0938512, 13.9080726], [98.0937346, 13.9080818], [98.0937387, 13.9081318]]]}}, {"type": "Feature", "properties": {"osm_id": 581536435, "building": "yes"}, "geometry": {"type": "Polygon", "coordinates": [[[98.0936421, 13.9081475], [98.0937092, 13.9081331], [98.0936854, 13.9080279], [98.0936183, 13.9080422], [98.0936421, 13.9081475]]]}}, {"type": "Feature", "properties": {"osm_id": 581536436, "building": "yes"}, "geometry": {"type": "Polygon", "coordinates": [[[98.0933967, 13.9081357], [98.0934705, 13.9081266], [98.0934579, 13.9080305], [98.0933841, 13.9080396], [98.0933967, 13.9081357]]]}}, {"type": "Feature", "properties": {"osm_id": 581536437, "building": "yes"}, "geometry": {"type": "Polygon", "coordinates": [[[98.0934893, 13.9083076], [98.09361, 13.9083037], [98.093607, 13.908218], [98.0934863, 13.9082219], [98.0934893, 13.9083076]]]}}, {"type": "Feature", "properties": {"osm_id": 581536438, "building": "yes"}, "geometry": {"type": "Polygon", "coordinates": [[[98.0935539, 13.9085448], [98.0936278, 13.9085468], [98.0936324, 13.9083867], [98.0935586, 13.9083847], [98.0935539, 13.9085448]]]}}, {"type": "Feature", "properties": {"osm_id": 581536439, "building": "yes"}, "geometry": {"type": "Polygon", "coordinates": [[[98.0933565, 13.9088036], [98.093445, 13.9088049], [98.0934462, 13.9087254], [98.0933577, 13.9087241], [98.0933565, 13.9088036]]]}}, {"type": "Feature", "properties": {"osm_id": 581536440, "building": "yes"}, "geometry": {"type": "Polygon", "coordinates": [[[98.0931701, 13.9088335], [98.0932479, 13.9088413], [98.0932621, 13.9087073], [98.0931844, 13.9086995], [98.0931701, 13.9088335]]]}}, {"type": "Feature", "properties": {"osm_id": 581536441, "building": "yes"}, "geometry": {"type": "Polygon", "coordinates": [[[98.0932626, 13.9084885], [98.0933498, 13.9084859], [98.0933457, 13.9083563], [98.0932585, 13.9083589], [98.0932626, 13.9084885]]]}}, {"type": "Feature", "properties": {"osm_id": 581536442, "building": "yes"}, "geometry": {"type": "Polygon", "coordinates": [[[98.0931205, 13.9084872], [98.0931853, 13.908483], [98.0931786, 13.9083866], [98.0931137, 13.9083909], [98.0931205, 13.9084872]]]}}, {"type": "Feature", "properties": {"osm_id": 581536443, "building": "yes"}, "geometry": {"type": "Polygon", "coordinates": [[[98.0928328, 13.9081846], [98.0929039, 13.9081755], [98.0928884, 13.9080619], [98.0928173, 13.9080711], [98.0928328, 13.9081846]]]}}, {"type": "Feature", "properties": {"osm_id": 581536444, "building": "yes"}, "geometry": {"type": "Polygon", "coordinates": [[[98.0927423, 13.9079776], [98.0928247, 13.907973], [98.0928182, 13.9078621], [98.0927358, 13.9078667], [98.0927423, 13.9079776]]]}}, {"type": "Feature", "properties": {"osm_id": 581536445, "building": "yes"}, "geometry": {"type": "Polygon", "coordinates": [[[98.092873, 13.9079867], [98.0929417, 13.9079786], [98.0929256, 13.9078503], [98.0928569, 13.9078585], [98.092873, 13.9079867]]]}}, {"type": "Feature", "properties": {"osm_id": 581536446, "building": "yes"}, "geometry": {"type": "Polygon", "coordinates": [[[98.0929595, 13.9081488], [98.0930212, 13.9081429], [98.0930119, 13.9080492], [98.0929501, 13.908055], [98.0929595, 13.9081488]]]}}, {"type": "Feature", "properties": {"osm_id": 581536447, "building": "yes"}, "geometry": {"type": "Polygon", "coordinates": [[[98.0930386, 13.9081605], [98.0931205, 13.9081527], [98.0931078, 13.9080279], [98.093026, 13.9080357], [98.0930386, 13.9081605]]]}}, {"type": "Feature", "properties": {"osm_id": 581536448, "building": "yes"}, "geometry": {"type": "Polygon", "coordinates": [[[98.0931593, 13.9081266], [98.0932438, 13.9081162], [98.0932307, 13.9080157], [98.0931462, 13.9080261], [98.0931593, 13.9081266]]]}}, {"type": "Feature", "properties": {"osm_id": 581536449, "building": "yes"}, "geometry": {"type": "Polygon", "coordinates": [[[98.0931754, 13.9082724], [98.0932425, 13.9082607], [98.0932294, 13.9081902], [98.0931623, 13.9082019], [98.0931754, 13.9082724]]]}}, {"type": "Feature", "properties": {"osm_id": 581536450, "building": "yes"}, "geometry": {"type": "Polygon", "coordinates": [[[98.0929864, 13.9083115], [98.0930775, 13.9082894], [98.093056, 13.9082058], [98.0929648, 13.9082279], [98.0929864, 13.9083115]]]}}, {"type": "Feature", "properties": {"osm_id": 581536451, "building": "yes"}, "geometry": {"type": "Polygon", "coordinates": [[[98.0926067, 13.9084083], [98.0926629, 13.9084073], [98.0926614, 13.9083209], [98.0926052, 13.9083218], [98.0926067, 13.9084083]]]}}, {"type": "Feature", "properties": {"osm_id": 581536452, "building": "yes"}, "geometry": {"type": "Polygon", "coordinates": [[[98.0926859, 13.9084482], [98.0927463, 13.9084391], [98.0927336, 13.9083601], [98.0926733, 13.9083692], [98.0926859, 13.9084482]]]}}, {"type": "Feature", "properties": {"osm_id": 581536453, "building": "yes"}, "geometry": {"type": "Polygon", "coordinates": [[[98.0927798, 13.9084221], [98.0928643, 13.908413], [98.0928539, 13.9083222], [98.0927694, 13.9083313], [98.0927798, 13.9084221]]]}}, {"type": "Feature", "properties": {"osm_id": 581536454, "building": "yes"}, "geometry": {"type": "Polygon", "coordinates": [[[98.0927637, 13.9086265], [98.0928388, 13.9086369], [98.0928518, 13.9085491], [98.0927766, 13.9085387], [98.0927637, 13.9086265]]]}}, {"type": "Feature", "properties": {"osm_id": 581536455, "building": "yes"}, "geometry": {"type": "Polygon", "coordinates": [[[98.092576, 13.9085992], [98.0926792, 13.9086018], [98.0926812, 13.9085267], [98.092578, 13.9085241], [98.092576, 13.9085992]]]}}, {"type": "Feature", "properties": {"osm_id": 581536456, "building": "yes"}, "geometry": {"type": "Polygon", "coordinates": [[[98.0925719, 13.9086968], [98.0926698, 13.9086981], [98.0926708, 13.9086278], [98.0925729, 13.9086265], [98.0925719, 13.9086968]]]}}, {"type": "Feature", "properties": {"osm_id": 581536457, "building": "yes"}, "geometry": {"type": "Polygon", "coordinates": [[[98.0924506, 13.9088895], [98.0925384, 13.9088881], [98.0925368, 13.9087887], [98.092449, 13.9087901], [98.0924506, 13.9088895]]]}}, {"type": "Feature", "properties": {"osm_id": 581536458, "building": "yes"}, "geometry": {"type": "Polygon", "coordinates": [[[98.0918397, 13.9085484], [98.0919349, 13.9085367], [98.0919196, 13.9084197], [98.0918244, 13.9084314], [98.0918397, 13.9085484]]]}}, {"type": "Feature", "properties": {"osm_id": 581536459, "building": "yes"}, "geometry": {"type": "Polygon", "coordinates": [[[98.0922742, 13.9086278], [98.0923587, 13.9086552], [98.0923917, 13.9085591], [98.0923072, 13.9085318], [98.0922742, 13.9086278]]]}}, {"type": "Feature", "properties": {"osm_id": 581536460, "building": "yes"}, "geometry": {"type": "Polygon", "coordinates": [[[98.0920972, 13.9086031], [98.0921736, 13.9086122], [98.0921846, 13.9085255], [98.0921082, 13.9085164], [98.0920972, 13.9086031]]]}}, {"type": "Feature", "properties": {"osm_id": 581536461, "building": "yes"}, "geometry": {"type": "Polygon", "coordinates": [[[98.0923538, 13.9083528], [98.0924345, 13.9083578], [98.092443, 13.908227], [98.0923624, 13.908222], [98.0923538, 13.9083528]]]}}, {"type": "Feature", "properties": {"osm_id": 581536462, "building": "yes"}, "geometry": {"type": "Polygon", "coordinates": [[[98.0922393, 13.9080876], [98.0923413, 13.9080759], [98.0923228, 13.9079243], [98.0922209, 13.907936], [98.0922393, 13.9080876]]]}}, {"type": "Feature", "properties": {"osm_id": 581536463, "building": "yes"}, "geometry": {"type": "Polygon", "coordinates": [[[98.0918565, 13.9082191], [98.0919155, 13.9082152], [98.0919085, 13.9081161], [98.0918495, 13.90812], [98.0918565, 13.9082191]]]}}, {"type": "Feature", "properties": {"osm_id": 581536464, "building": "yes"}, "geometry": {"type": "Polygon", "coordinates": [[[98.0917854, 13.9083584], [98.0918759, 13.908359], [98.0918765, 13.9082763], [98.091786, 13.9082756], [98.0917854, 13.9083584]]]}}, {"type": "Feature", "properties": {"osm_id": 581536474, "building": "yes"}, "geometry": {"type": "Polygon", "coordinates": [[[98.0854923, 13.9147188], [98.0855808, 13.9146954], [98.0855499, 13.9145854], [98.0854614, 13.9146089], [98.0854923, 13.9147188]]]}}, {"type": "Feature", "properties": {"osm_id": 581536475, "building": "yes"}, "geometry": {"type": "Polygon", "coordinates": [[[98.0875754, 13.9114576], [98.087593, 13.9115823], [98.0876601, 13.9115733], [98.0876424, 13.9114487], [98.0875754, 13.9114576]]]}}, {"type": "Feature", "properties": {"osm_id": 581536476, "building": "yes"}, "geometry": {"type": "Polygon", "coordinates": [[[98.0875379, 13.9116834], [98.0875878, 13.9116746], [98.0875681, 13.9115691], [98.0875182, 13.9115779], [98.0875379, 13.9116834]]]}}, {"type": "Feature", "properties": {"osm_id": 581536477, "building": "yes"}, "geometry": {"type": "Polygon", "coordinates": [[[98.0873681, 13.9116934], [98.0874218, 13.9116882], [98.0874139, 13.9116103], [98.0873601, 13.9116155], [98.0873681, 13.9116934]]]}}, {"type": "Feature", "properties": {"osm_id": 581536478, "building": "yes"}, "geometry": {"type": "Polygon", "coordinates": [[[98.09017, 13.9067285], [98.0902116, 13.9066947], [98.0901668, 13.9066428], [98.0901253, 13.9066767], [98.09017, 13.9067285]]]}}, {"type": "Feature", "properties": {"osm_id": 581536479, "building": "yes"}, "geometry": {"type": "Polygon", "coordinates": [[[98.0887072, 13.9104783], [98.0887478, 13.9105038], [98.0887619, 13.9104826], [98.0887213, 13.9104571], [98.0887072, 13.9104783]]]}}, {"type": "Feature", "properties": {"osm_id": 581536480, "building": "yes"}, "geometry": {"type": "Polygon", "coordinates": [[[98.0887612, 13.910492], [98.0887843, 13.9105069], [98.0888128, 13.9104656], [98.0887896, 13.9104506], [98.0887612, 13.910492]]]}}, {"type": "Feature", "properties": {"osm_id": 581536481, "building": "yes"}, "geometry": {"type": "Polygon", "coordinates": [[[98.0900984, 13.9096618], [98.0901802, 13.9097484], [98.0902386, 13.9096964], [98.0901568, 13.9096099], [98.0900984, 13.9096618]]]}}, {"type": "Feature", "properties": {"osm_id": 581536482, "building": "yes"}, "geometry": {"type": "Polygon", "coordinates": [[[98.0900335, 13.9097957], [98.0900785, 13.9098477], [98.0901237, 13.909811], [98.0900788, 13.9097589], [98.0900335, 13.9097957]]]}}, {"type": "Feature", "properties": {"osm_id": 581536483, "building": "yes"}, "geometry": {"type": "Polygon", "coordinates": [[[98.089867, 13.9100324], [98.0899278, 13.910095], [98.0899792, 13.910048], [98.0899184, 13.9099854], [98.089867, 13.9100324]]]}}, {"type": "Feature", "properties": {"osm_id": 581536484, "building": "yes"}, "geometry": {"type": "Polygon", "coordinates": [[[98.0896248, 13.9101993], [98.08969, 13.9102686], [98.0897658, 13.9102014], [98.0897007, 13.9101321], [98.0896248, 13.9101993]]]}}, {"type": "Feature", "properties": {"osm_id": 581536485, "building": "yes"}, "geometry": {"type": "Polygon", "coordinates": [[[98.0917981, 13.9080303], [98.0917992, 13.9079306], [98.0917472, 13.9079301], [98.0917461, 13.9080298], [98.0917981, 13.9080303]]]}}, {"type": "Feature", "properties": {"osm_id": 581536486, "building": "yes"}, "geometry": {"type": "Polygon", "coordinates": [[[98.0916868, 13.9080498], [98.0917273, 13.9080502], [98.0917284, 13.9079496], [98.0916879, 13.9079492], [98.0916868, 13.9080498]]]}}, {"type": "Feature", "properties": {"osm_id": 581536487, "building": "yes"}, "geometry": {"type": "Polygon", "coordinates": [[[98.0916057, 13.9082484], [98.0916687, 13.908249], [98.09167, 13.9081319], [98.091607, 13.9081312], [98.0916057, 13.9082484]]]}}, {"type": "Feature", "properties": {"osm_id": 581536489, "building": "yes"}, "geometry": {"type": "Polygon", "coordinates": [[[98.0914916, 13.9085083], [98.0915814, 13.9085034], [98.0915743, 13.9083803], [98.0914845, 13.9083852], [98.0914916, 13.9085083]]]}}, {"type": "Feature", "properties": {"osm_id": 581536491, "building": "yes"}, "geometry": {"type": "Polygon", "coordinates": [[[98.0912805, 13.9085107], [98.0913763, 13.9084775], [98.0913517, 13.9084103], [98.0912558, 13.9084435], [98.0912805, 13.9085107]]]}}, {"type": "Feature", "properties": {"osm_id": 581536493, "building": "yes"}, "geometry": {"type": "Polygon", "coordinates": [[[98.0909961, 13.908676], [98.0910927, 13.9086044], [98.0910416, 13.9085394], [98.090945, 13.908611], [98.0909961, 13.908676]]]}}, {"type": "Feature", "properties": {"osm_id": 581536495, "building": "yes"}, "geometry": {"type": "Polygon", "coordinates": [[[98.0907742, 13.9089005], [98.0907943, 13.908881], [98.0907732, 13.9088605], [98.0907531, 13.90888], [98.0907742, 13.9089005]]]}}, {"type": "Feature", "properties": {"osm_id": 581536497, "building": "yes"}, "geometry": {"type": "Polygon", "coordinates": [[[98.0909573, 13.9087684], [98.090985, 13.9087978], [98.0910494, 13.9087405], [98.0910216, 13.9087111], [98.0909573, 13.9087684]]]}}, {"type": "Feature", "properties": {"osm_id": 581536500, "building": "yes"}, "geometry": {"type": "Polygon", "coordinates": [[[98.0912308, 13.9083141], [98.0913214, 13.9083017], [98.0913098, 13.9082222], [98.0912193, 13.9082345], [98.0912308, 13.9083141]]]}}, {"type": "Feature", "properties": {"osm_id": 581536502, "building": "yes"}, "geometry": {"type": "Polygon", "coordinates": [[[98.0911168, 13.9083909], [98.0911912, 13.9083634], [98.0911482, 13.9082541], [98.0910739, 13.9082815], [98.0911168, 13.9083909]]]}}, {"type": "Feature", "properties": {"osm_id": 581536503, "building": "yes"}, "geometry": {"type": "Polygon", "coordinates": [[[98.0908298, 13.9084332], [98.0908909, 13.9085113], [98.0909402, 13.908475], [98.0908792, 13.9083969], [98.0908298, 13.9084332]]]}}, {"type": "Feature", "properties": {"osm_id": 581536504, "building": "yes"}, "geometry": {"type": "Polygon", "coordinates": [[[98.0907172, 13.9084703], [98.0908025, 13.9085496], [98.0908473, 13.9085042], [98.090762, 13.9084249], [98.0907172, 13.9084703]]]}}, {"type": "Feature", "properties": {"osm_id": 581536505, "building": "yes"}, "geometry": {"type": "Polygon", "coordinates": [[[98.0905665, 13.9082086], [98.0906209, 13.908156], [98.090545, 13.9080821], [98.0904906, 13.9081347], [98.0905665, 13.9082086]]]}}, {"type": "Feature", "properties": {"osm_id": 581536506, "building": "yes"}, "geometry": {"type": "Polygon", "coordinates": [[[98.090404, 13.9084404], [98.0904526, 13.9083911], [98.0903886, 13.9083317], [98.0903401, 13.9083809], [98.090404, 13.9084404]]]}}, {"type": "Feature", "properties": {"osm_id": 581536507, "building": "yes"}, "geometry": {"type": "Polygon", "coordinates": [[[98.0903235, 13.90851], [98.0904133, 13.9085934], [98.0904725, 13.9085334], [98.0903827, 13.90845], [98.0903235, 13.90851]]]}}, {"type": "Feature", "properties": {"osm_id": 581536508, "building": "yes"}, "geometry": {"type": "Polygon", "coordinates": [[[98.0902036, 13.9088973], [98.090239, 13.9088614], [98.0901761, 13.9088029], [98.0901406, 13.9088388], [98.0902036, 13.9088973]]]}}, {"type": "Feature", "properties": {"osm_id": 581536509, "building": "yes"}, "geometry": {"type": "Polygon", "coordinates": [[[98.0899893, 13.9089532], [98.0900508, 13.9090062], [98.0901148, 13.9089364], [98.0900533, 13.9088833], [98.0899893, 13.9089532]]]}}, {"type": "Feature", "properties": {"osm_id": 581536510, "building": "yes"}, "geometry": {"type": "Polygon", "coordinates": [[[98.0900969, 13.9090431], [98.0901573, 13.9089819], [98.0901319, 13.9089584], [98.0900716, 13.9090195], [98.0900969, 13.9090431]]]}}, {"type": "Feature", "properties": {"osm_id": 581536511, "building": "yes"}, "geometry": {"type": "Polygon", "coordinates": [[[98.0899957, 13.9090372], [98.0900252, 13.9090646], [98.090037, 13.9090526], [98.0900075, 13.9090252], [98.0899957, 13.9090372]]]}}, {"type": "Feature", "properties": {"osm_id": 581536512, "building": "yes"}, "geometry": {"type": "Polygon", "coordinates": [[[98.0904952, 13.9088798], [98.0905561, 13.9089337], [98.0905917, 13.908896], [98.0905308, 13.908842], [98.0904952, 13.9088798]]]}}, {"type": "Feature", "properties": {"osm_id": 581536513, "building": "yes"}, "geometry": {"type": "Polygon", "coordinates": [[[98.0903871, 13.9089359], [98.0905031, 13.9090358], [98.0905538, 13.9089802], [98.0904378, 13.9088803], [98.0903871, 13.9089359]]]}}, {"type": "Feature", "properties": {"osm_id": 581536514, "building": "yes"}, "geometry": {"type": "Polygon", "coordinates": [[[98.0904122, 13.909117], [98.0904707, 13.909064], [98.090352, 13.9089404], [98.0902934, 13.9089934], [98.0904122, 13.909117]]]}}, {"type": "Feature", "properties": {"osm_id": 581536515, "building": "yes"}, "geometry": {"type": "Polygon", "coordinates": [[[98.0902586, 13.9091056], [98.0903217, 13.909162], [98.0903612, 13.9091204], [98.0902981, 13.9090639], [98.0902586, 13.9091056]]]}}, {"type": "Feature", "properties": {"osm_id": 581536516, "building": "yes"}, "geometry": {"type": "Polygon", "coordinates": [[[98.090164, 13.9093366], [98.0901982, 13.9093692], [98.0902228, 13.9093449], [98.0901886, 13.9093123], [98.090164, 13.9093366]]]}}, {"type": "Feature", "properties": {"osm_id": 581536518, "building": "yes"}, "geometry": {"type": "Polygon", "coordinates": [[[98.0902565, 13.9093067], [98.090221, 13.9092696], [98.0901915, 13.9092962], [98.0902271, 13.9093333], [98.0902565, 13.9093067]]]}}, {"type": "Feature", "properties": {"osm_id": 581536520, "building": "yes"}, "geometry": {"type": "Polygon", "coordinates": [[[98.0751928, 13.9136911], [98.0752187, 13.9137471], [98.0752527, 13.9137323], [98.0752268, 13.9136763], [98.0751928, 13.9136911]]]}}, {"type": "Feature", "properties": {"osm_id": 581536526, "building": "yes"}, "geometry": {"type": "Polygon", "coordinates": [[[98.075412, 13.9135995], [98.0754805, 13.913567], [98.0754353, 13.9134773], [98.0753668, 13.9135098], [98.075412, 13.9135995]]]}}, {"type": "Feature", "properties": {"osm_id": 581536529, "building": "yes"}, "geometry": {"type": "Polygon", "coordinates": [[[98.0757065, 13.9136393], [98.0757525, 13.91361], [98.0757356, 13.9135848], [98.0756895, 13.9136142], [98.0757065, 13.9136393]]]}}, {"type": "Feature", "properties": {"osm_id": 581536531, "building": "yes"}, "geometry": {"type": "Polygon", "coordinates": [[[98.0763637, 13.9133367], [98.0764097, 13.9133066], [98.0763662, 13.913244], [98.0763202, 13.9132741], [98.0763637, 13.9133367]]]}}, {"type": "Feature", "properties": {"osm_id": 581536533, "building": "yes"}, "geometry": {"type": "Polygon", "coordinates": [[[98.0757913, 13.9133305], [98.0757225, 13.9133762], [98.0757653, 13.9134371], [98.0758342, 13.9133914], [98.0757913, 13.9133305]]]}}, {"type": "Feature", "properties": {"osm_id": 581536535, "building": "yes"}, "geometry": {"type": "Polygon", "coordinates": [[[98.076151, 13.9134665], [98.0761098, 13.9133884], [98.0760599, 13.9134132], [98.0761011, 13.9134914], [98.076151, 13.9134665]]]}}, {"type": "Feature", "properties": {"osm_id": 581536537, "building": "yes"}, "geometry": {"type": "Polygon", "coordinates": [[[98.07625, 13.9132537], [98.0762943, 13.9132335], [98.0762789, 13.9132017], [98.0762346, 13.9132218], [98.07625, 13.9132537]]]}}, {"type": "Feature", "properties": {"osm_id": 581536539, "building": "yes"}, "geometry": {"type": "Polygon", "coordinates": [[[98.0760696, 13.9132047], [98.0761145, 13.9131798], [98.0760761, 13.9131145], [98.0759976, 13.9131579], [98.0760168, 13.9131906], [98.0760504, 13.913172], [98.0760696, 13.9132047]]]}}, {"type": "Feature", "properties": {"osm_id": 581536541, "building": "yes"}, "geometry": {"type": "Polygon", "coordinates": [[[98.0761619, 13.9131517], [98.0761975, 13.9132187], [98.0762426, 13.9131962], [98.076207, 13.9131292], [98.0761619, 13.9131517]]]}}, {"type": "Feature", "properties": {"osm_id": 581536543, "building": "yes"}, "geometry": {"type": "Polygon", "coordinates": [[[98.0762467, 13.9130599], [98.0762891, 13.9130367], [98.0762543, 13.9129769], [98.0762119, 13.9130001], [98.0762467, 13.9130599]]]}}, {"type": "Feature", "properties": {"osm_id": 581536545, "building": "yes"}, "geometry": {"type": "Polygon", "coordinates": [[[98.0762491, 13.913122], [98.076274, 13.9131608], [98.0763252, 13.91313], [98.0763003, 13.9130911], [98.0762491, 13.913122]]]}}, {"type": "Feature", "properties": {"osm_id": 581536547, "building": "yes"}, "geometry": {"type": "Polygon", "coordinates": [[[98.0763528, 13.9131111], [98.0763876, 13.9130944], [98.076366, 13.9130523], [98.0763313, 13.9130691], [98.0763528, 13.9131111]]]}}, {"type": "Feature", "properties": {"osm_id": 581536548, "building": "yes"}, "geometry": {"type": "Polygon", "coordinates": [[[98.0764603, 13.912922], [98.0764789, 13.9129589], [98.0765005, 13.9129486], [98.0764819, 13.9129118], [98.0764603, 13.912922]]]}}, {"type": "Feature", "properties": {"osm_id": 581536550, "building": "yes"}, "geometry": {"type": "Polygon", "coordinates": [[[98.0764887, 13.9128881], [98.0765245, 13.9129405], [98.0765595, 13.9129179], [98.0765238, 13.9128655], [98.0764887, 13.9128881]]]}}, {"type": "Feature", "properties": {"osm_id": 581536552, "building": "yes"}, "geometry": {"type": "Polygon", "coordinates": [[[98.0768664, 13.9126797], [98.0767953, 13.9127186], [98.0768224, 13.9127652], [98.0768935, 13.9127263], [98.0768664, 13.9126797]]]}}, {"type": "Feature", "properties": {"osm_id": 581536555, "building": "yes"}, "geometry": {"type": "Polygon", "coordinates": [[[98.0805538, 13.9128868], [98.0806287, 13.9128878], [98.08063, 13.9127891], [98.0805552, 13.9127881], [98.0805538, 13.9128868]]]}}, {"type": "Feature", "properties": {"osm_id": 581536557, "building": "yes"}, "geometry": {"type": "Polygon", "coordinates": [[[98.0805435, 13.9123731], [98.0806119, 13.9123793], [98.0806227, 13.9122665], [98.0805543, 13.9122603], [98.0805435, 13.9123731]]]}}, {"type": "Feature", "properties": {"osm_id": 581536558, "building": "yes"}, "geometry": {"type": "Polygon", "coordinates": [[[98.0802823, 13.9122084], [98.0803413, 13.9122084], [98.0803413, 13.9121511], [98.0802823, 13.9121511], [98.0802823, 13.9122084]]]}}, {"type": "Feature", "properties": {"osm_id": 581536560, "building": "yes"}, "geometry": {"type": "Polygon", "coordinates": [[[98.0812553, 13.9122892], [98.0812875, 13.9122479], [98.0812425, 13.9122149], [98.0812103, 13.9122563], [98.0812553, 13.9122892]]]}}, {"type": "Feature", "properties": {"osm_id": 581536561, "building": "yes"}, "geometry": {"type": "Polygon", "coordinates": [[[98.0803585, 13.9113095], [98.0803324, 13.9112281], [98.0802683, 13.9112475], [98.0802945, 13.9113289], [98.0803585, 13.9113095]]]}}, {"type": "Feature", "properties": {"osm_id": 581536563, "building": "yes"}, "geometry": {"type": "Polygon", "coordinates": [[[98.0801964, 13.9113877], [98.0802653, 13.9113761], [98.0802491, 13.9112857], [98.0801802, 13.9112974], [98.0801964, 13.9113877]]]}}, {"type": "Feature", "properties": {"osm_id": 581536565, "building": "yes"}, "geometry": {"type": "Polygon", "coordinates": [[[98.0800907, 13.9113131], [98.080152, 13.9113082], [98.0801451, 13.9112276], [98.0800839, 13.9112325], [98.0800907, 13.9113131]]]}}, {"type": "Feature", "properties": {"osm_id": 581536567, "building": "yes"}, "geometry": {"type": "Polygon", "coordinates": [[[98.0796913, 13.9126816], [98.079734, 13.9126832], [98.0797383, 13.9125754], [98.0796957, 13.9125738], [98.0796913, 13.9126816]]]}}, {"type": "Feature", "properties": {"osm_id": 581536570, "building": "yes"}, "geometry": {"type": "Polygon", "coordinates": [[[98.0792989, 13.9131955], [98.0793766, 13.9131675], [98.0793372, 13.9130643], [98.0792595, 13.9130923], [98.0792989, 13.9131955]]]}}, {"type": "Feature", "properties": {"osm_id": 581536572, "building": "yes"}, "geometry": {"type": "Polygon", "coordinates": [[[98.0799693, 13.9127255], [98.0800242, 13.9127264], [98.0800259, 13.9126305], [98.0799711, 13.9126296], [98.0799693, 13.9127255]]]}}, {"type": "Feature", "properties": {"osm_id": 581536574, "building": "yes"}, "geometry": {"type": "Polygon", "coordinates": [[[98.0798445, 13.9127011], [98.0799082, 13.9126991], [98.079905, 13.9126002], [98.0798413, 13.9126022], [98.0798445, 13.9127011]]]}}, {"type": "Feature", "properties": {"osm_id": 581536576, "building": "yes"}, "geometry": {"type": "Polygon", "coordinates": [[[98.0800715, 13.9125143], [98.0801272, 13.9125117], [98.0801225, 13.9124179], [98.0800669, 13.9124205], [98.0800715, 13.9125143]]]}}, {"type": "Feature", "properties": {"osm_id": 581536577, "building": "yes"}, "geometry": {"type": "Polygon", "coordinates": [[[98.0798502, 13.9124765], [98.07993, 13.9124752], [98.0799284, 13.9123787], [98.0798486, 13.91238], [98.0798502, 13.9124765]]]}}, {"type": "Feature", "properties": {"osm_id": 581536580, "building": "yes"}, "geometry": {"type": "Polygon", "coordinates": [[[98.0809102, 13.9125273], [98.0809152, 13.9125988], [98.0809742, 13.9125949], [98.0809692, 13.9125234], [98.0809102, 13.9125273]]]}}, {"type": "Feature", "properties": {"osm_id": 581536581, "building": "yes"}, "geometry": {"type": "Polygon", "coordinates": [[[98.0801386, 13.912004], [98.0801379, 13.9118985], [98.0800528, 13.911899], [98.0800534, 13.9120045], [98.0801386, 13.912004]]]}}, {"type": "Feature", "properties": {"osm_id": 581536583, "building": "yes"}, "geometry": {"type": "Polygon", "coordinates": [[[98.0805342, 13.9118526], [98.0805836, 13.9118373], [98.0805595, 13.9117636], [98.08051, 13.9117788], [98.0805342, 13.9118526]]]}}, {"type": "Feature", "properties": {"osm_id": 581536585, "building": "yes"}, "geometry": {"type": "Polygon", "coordinates": [[[98.0802653, 13.9118816], [98.0803404, 13.9118738], [98.0803346, 13.9118212], [98.0802595, 13.911829], [98.0802653, 13.9118816]]]}}, {"type": "Feature", "properties": {"osm_id": 581536587, "building": "yes"}, "geometry": {"type": "Polygon", "coordinates": [[[98.0803157, 13.9117971], [98.0803876, 13.9117906], [98.0803761, 13.9116701], [98.0803042, 13.9116766], [98.0803157, 13.9117971]]]}}, {"type": "Feature", "properties": {"osm_id": 581536589, "building": "yes"}, "geometry": {"type": "Polygon", "coordinates": [[[98.0802259, 13.9118124], [98.0802152, 13.9116775], [98.0801447, 13.9116827], [98.0801554, 13.9118177], [98.0802259, 13.9118124]]]}}, {"type": "Feature", "properties": {"osm_id": 581536591, "building": "yes"}, "geometry": {"type": "Polygon", "coordinates": [[[98.0800753, 13.9117824], [98.0801265, 13.9117832], [98.080128, 13.9116956], [98.0800768, 13.9116948], [98.0800753, 13.9117824]]]}}, {"type": "Feature", "properties": {"osm_id": 581536593, "building": "yes"}, "geometry": {"type": "Polygon", "coordinates": [[[98.0806822, 13.9114382], [98.0807554, 13.9114141], [98.0807251, 13.9113275], [98.0806519, 13.9113516], [98.0806822, 13.9114382]]]}}, {"type": "Feature", "properties": {"osm_id": 581536595, "building": "yes"}, "geometry": {"type": "Polygon", "coordinates": [[[98.0810146, 13.912555], [98.0810656, 13.9125484], [98.0810562, 13.9124795], [98.0810052, 13.912486], [98.0810146, 13.912555]]]}}, {"type": "Feature", "properties": {"osm_id": 581536597, "building": "yes"}, "geometry": {"type": "Polygon", "coordinates": [[[98.0799485, 13.9117916], [98.080006, 13.9117898], [98.0800035, 13.9117122], [98.079946, 13.911714], [98.0799485, 13.9117916]]]}}, {"type": "Feature", "properties": {"osm_id": 581536599, "building": "yes"}, "geometry": {"type": "Polygon", "coordinates": [[[98.0797328, 13.9117263], [98.0797851, 13.911723], [98.0797807, 13.911656], [98.0797284, 13.9116593], [98.0797328, 13.9117263]]]}}, {"type": "Feature", "properties": {"osm_id": 581536601, "building": "yes"}, "geometry": {"type": "Polygon", "coordinates": [[[98.0793884, 13.9118146], [98.0793885, 13.9116759], [98.0793254, 13.9116758], [98.0793252, 13.9118145], [98.0793884, 13.9118146]]]}}, {"type": "Feature", "properties": {"osm_id": 581536603, "building": "yes"}, "geometry": {"type": "Polygon", "coordinates": [[[98.0794385, 13.9117853], [98.079576, 13.9117827], [98.0795749, 13.9117274], [98.0794374, 13.91173], [98.0794385, 13.9117853]]]}}, {"type": "Feature", "properties": {"osm_id": 581536605, "building": "yes"}, "geometry": {"type": "Polygon", "coordinates": [[[98.0794369, 13.9117128], [98.0795723, 13.9117149], [98.0795736, 13.9116333], [98.0794382, 13.9116312], [98.0794369, 13.9117128]]]}}, {"type": "Feature", "properties": {"osm_id": 581536608, "building": "yes"}, "geometry": {"type": "Polygon", "coordinates": [[[98.0791849, 13.9115341], [98.0792056, 13.9115344], [98.0792066, 13.911474], [98.0791859, 13.9114736], [98.0791849, 13.9115341]]]}}, {"type": "Feature", "properties": {"osm_id": 581536610, "building": "yes"}, "geometry": {"type": "Polygon", "coordinates": [[[98.0794888, 13.9122305], [98.0795666, 13.9122292], [98.079565, 13.9121421], [98.0794873, 13.9121434], [98.0794888, 13.9122305]]]}}, {"type": "Feature", "properties": {"osm_id": 581536612, "building": "yes"}, "geometry": {"type": "Polygon", "coordinates": [[[98.0797188, 13.9122051], [98.0797206, 13.9123045], [98.079797, 13.9123032], [98.0797952, 13.9122038], [98.0797188, 13.9122051]]]}}, {"type": "Feature", "properties": {"osm_id": 581536614, "building": "yes"}, "geometry": {"type": "Polygon", "coordinates": [[[98.0796356, 13.9124036], [98.0797329, 13.9123821], [98.0797223, 13.912337], [98.0796251, 13.9123585], [98.0796356, 13.9124036]]]}}, {"type": "Feature", "properties": {"osm_id": 581536616, "building": "yes"}, "geometry": {"type": "Polygon", "coordinates": [[[98.0795209, 13.9124448], [98.0795985, 13.9124414], [98.0795938, 13.9123414], [98.0795162, 13.9123449], [98.0795209, 13.9124448]]]}}, {"type": "Feature", "properties": {"osm_id": 581536618, "building": "yes"}, "geometry": {"type": "Polygon", "coordinates": [[[98.0792552, 13.9123731], [98.0793085, 13.9123755], [98.0793124, 13.9122915], [98.0792591, 13.9122892], [98.0792552, 13.9123731]]]}}, {"type": "Feature", "properties": {"osm_id": 581536620, "building": "yes"}, "geometry": {"type": "Polygon", "coordinates": [[[98.0791896, 13.9126771], [98.0791868, 13.9126477], [98.0791538, 13.9126507], [98.0791567, 13.9126801], [98.0791896, 13.9126771]]]}}, {"type": "Feature", "properties": {"osm_id": 581536621, "building": "yes"}, "geometry": {"type": "Polygon", "coordinates": [[[98.0788551, 13.9127655], [98.0789007, 13.9127655], [98.0789007, 13.9126711], [98.0788551, 13.9126711], [98.0788551, 13.9127655]]]}}, {"type": "Feature", "properties": {"osm_id": 581536623, "building": "yes"}, "geometry": {"type": "Polygon", "coordinates": [[[98.0791986, 13.912393], [98.0791989, 13.9123007], [98.0791598, 13.9123006], [98.0791595, 13.9123929], [98.0791986, 13.912393]]]}}, {"type": "Feature", "properties": {"osm_id": 581536625, "building": "yes"}, "geometry": {"type": "Polygon", "coordinates": [[[98.0790508, 13.9123731], [98.0791168, 13.9123743], [98.0791181, 13.9123047], [98.0790521, 13.9123036], [98.0790508, 13.9123731]]]}}, {"type": "Feature", "properties": {"osm_id": 581536627, "building": "yes"}, "geometry": {"type": "Polygon", "coordinates": [[[98.0798556, 13.9119923], [98.079934, 13.9119912], [98.0799327, 13.9118936], [98.0798542, 13.9118946], [98.0798556, 13.9119923]]]}}, {"type": "Feature", "properties": {"osm_id": 581536629, "building": "yes"}, "geometry": {"type": "Polygon", "coordinates": [[[98.0797228, 13.912004], [98.0798026, 13.9120007], [98.079798, 13.9118929], [98.0797182, 13.9118962], [98.0797228, 13.912004]]]}}, {"type": "Feature", "properties": {"osm_id": 581536631, "building": "yes"}, "geometry": {"type": "Polygon", "coordinates": [[[98.0795381, 13.9119775], [98.0796117, 13.9119743], [98.0796062, 13.9118536], [98.0795326, 13.9118568], [98.0795381, 13.9119775]]]}}, {"type": "Feature", "properties": {"osm_id": 581536633, "building": "yes"}, "geometry": {"type": "Polygon", "coordinates": [[[98.0794331, 13.9120079], [98.0794962, 13.9120085], [98.0794971, 13.9119225], [98.0794341, 13.9119218], [98.0794331, 13.9120079]]]}}, {"type": "Feature", "properties": {"osm_id": 581536635, "building": "yes"}, "geometry": {"type": "Polygon", "coordinates": [[[98.0792581, 13.9120189], [98.0793528, 13.9120159], [98.0793494, 13.911917], [98.0792548, 13.91192], [98.0792581, 13.9120189]]]}}, {"type": "Feature", "properties": {"osm_id": 581536637, "building": "yes"}, "geometry": {"type": "Polygon", "coordinates": [[[98.0791904, 13.9119884], [98.0791777, 13.9118647], [98.0791149, 13.9118708], [98.0791277, 13.9119944], [98.0791904, 13.9119884]]]}}, {"type": "Feature", "properties": {"osm_id": 581536639, "building": "yes"}, "geometry": {"type": "Polygon", "coordinates": [[[98.0791411, 13.9121974], [98.0792218, 13.9121954], [98.079219, 13.9120861], [98.0791382, 13.9120881], [98.0791411, 13.9121974]]]}}, {"type": "Feature", "properties": {"osm_id": 581536641, "building": "yes"}, "geometry": {"type": "Polygon", "coordinates": [[[98.0790673, 13.9121767], [98.0791226, 13.9121778], [98.0791244, 13.9120835], [98.0790691, 13.9120825], [98.0790673, 13.9121767]]]}}, {"type": "Feature", "properties": {"osm_id": 581536644, "building": "yes"}, "geometry": {"type": "Polygon", "coordinates": [[[98.0786872, 13.9123058], [98.0787779, 13.9123031], [98.0787726, 13.91213], [98.0786818, 13.9121327], [98.0786872, 13.9123058]]]}}, {"type": "Feature", "properties": {"osm_id": 581536646, "building": "yes"}, "geometry": {"type": "Polygon", "coordinates": [[[98.0786144, 13.9118452], [98.0786157, 13.9118802], [98.0786701, 13.9118783], [98.0786687, 13.9118432], [98.0786144, 13.9118452]]]}}, {"type": "Feature", "properties": {"osm_id": 581536648, "building": "yes"}, "geometry": {"type": "Polygon", "coordinates": [[[98.0788605, 13.9117681], [98.0788894, 13.9117663], [98.0788825, 13.9116623], [98.0788536, 13.9116641], [98.0788605, 13.9117681]]]}}, {"type": "Feature", "properties": {"osm_id": 581536650, "building": "yes"}, "geometry": {"type": "Polygon", "coordinates": [[[98.0787445, 13.9120163], [98.0788033, 13.9120138], [98.0787999, 13.9119396], [98.0787411, 13.9119421], [98.0787445, 13.9120163]]]}}, {"type": "Feature", "properties": {"osm_id": 581536653, "building": "yes"}, "geometry": {"type": "Polygon", "coordinates": [[[98.0788256, 13.9120131], [98.0789061, 13.9120105], [98.0789032, 13.9119259], [98.0788227, 13.9119285], [98.0788256, 13.9120131]]]}}, {"type": "Feature", "properties": {"osm_id": 581536655, "building": "yes"}, "geometry": {"type": "Polygon", "coordinates": [[[98.0811982, 13.9120442], [98.0812483, 13.9120901], [98.0812807, 13.9120568], [98.0812306, 13.9120109], [98.0811982, 13.9120442]]]}}, {"type": "Feature", "properties": {"osm_id": 581536657, "building": "yes"}, "geometry": {"type": "Polygon", "coordinates": [[[98.0792382, 13.9117576], [98.0792888, 13.9117546], [98.0792812, 13.911634], [98.0792306, 13.911637], [98.0792382, 13.9117576]]]}}, {"type": "Feature", "properties": {"osm_id": 581536661, "building": "yes"}, "geometry": {"type": "Polygon", "coordinates": [[[98.0790564, 13.9118085], [98.0792113, 13.911799], [98.0792074, 13.9117386], [98.0790569, 13.9117477], [98.079051, 13.9117567], [98.0790238, 13.9117583], [98.0790265, 13.9117995], [98.0790557, 13.9117978], [98.0790564, 13.9118085]]]}}, {"type": "Feature", "properties": {"osm_id": 581536663, "building": "yes"}, "geometry": {"type": "Polygon", "coordinates": [[[98.0791255, 13.9115521], [98.0791852, 13.9115515], [98.0791849, 13.9115328], [98.0791845, 13.9114884], [98.0791248, 13.911489], [98.0791255, 13.9115521]]]}}, {"type": "Feature", "properties": {"osm_id": 581536665, "building": "yes"}, "geometry": {"type": "Polygon", "coordinates": [[[98.0788907, 13.9117657], [98.0789027, 13.9117649], [98.0789442, 13.9117621], [98.078954, 13.9117615], [98.0789461, 13.9116484], [98.0788828, 13.9116526], [98.0788825, 13.9116623], [98.0788907, 13.9117657]]]}}, {"type": "Feature", "properties": {"osm_id": 581536667, "building": "yes"}, "geometry": {"type": "Polygon", "coordinates": [[[98.0789043, 13.9117952], [98.0789482, 13.911793], [98.0789467, 13.9117655], [98.0789028, 13.9117678], [98.0789043, 13.9117952]]]}}, {"type": "Feature", "properties": {"osm_id": 581536670, "building": "yes"}, "geometry": {"type": "Polygon", "coordinates": [[[98.0787763, 13.9114316], [98.0788148, 13.9114075], [98.0787889, 13.9113686], [98.0787505, 13.9113926], [98.0787763, 13.9114316]]]}}, {"type": "Feature", "properties": {"osm_id": 581536672, "building": "yes"}, "geometry": {"type": "Polygon", "coordinates": [[[98.0787566, 13.9115299], [98.0787868, 13.9115694], [98.0788275, 13.9115401], [98.0787972, 13.9115005], [98.0787566, 13.9115299]]]}}, {"type": "Feature", "properties": {"osm_id": 581536674, "building": "yes"}, "geometry": {"type": "Polygon", "coordinates": [[[98.0784958, 13.9117652], [98.0785427, 13.9117379], [98.0785143, 13.9116917], [98.0784673, 13.911719], [98.0784958, 13.9117652]]]}}, {"type": "Feature", "properties": {"osm_id": 581536676, "building": "yes"}, "geometry": {"type": "Polygon", "coordinates": [[[98.0785994, 13.9117727], [98.0786337, 13.9117523], [98.0785917, 13.9116858], [98.0785574, 13.9117061], [98.0785994, 13.9117727]]]}}, {"type": "Feature", "properties": {"osm_id": 581536678, "building": "yes"}, "geometry": {"type": "Polygon", "coordinates": [[[98.0782156, 13.911765], [98.0782659, 13.9117308], [98.0782359, 13.911689], [98.0781855, 13.9117231], [98.0782156, 13.911765]]]}}, {"type": "Feature", "properties": {"osm_id": 581536680, "building": "yes"}, "geometry": {"type": "Polygon", "coordinates": [[[98.0783969, 13.9118021], [98.0783606, 13.9118228], [98.0783936, 13.9118773], [98.0784115, 13.9118671], [98.0783992, 13.9118468], [98.0784176, 13.9118363], [98.0783969, 13.9118021]]]}}, {"type": "Feature", "properties": {"osm_id": 581536682, "building": "yes"}, "geometry": {"type": "Polygon", "coordinates": [[[98.0784335, 13.9118175], [98.0784716, 13.9117979], [98.0784507, 13.9117597], [98.0784126, 13.9117793], [98.0784335, 13.9118175]]]}}, {"type": "Feature", "properties": {"osm_id": 581536685, "building": "yes"}, "geometry": {"type": "Polygon", "coordinates": [[[98.078542, 13.9118927], [98.0785956, 13.9118894], [98.0785928, 13.9118454], [98.0785391, 13.9118486], [98.078542, 13.9118927]]]}}, {"type": "Feature", "properties": {"osm_id": 581536687, "building": "yes"}, "geometry": {"type": "Polygon", "coordinates": [[[98.0786721, 13.9120189], [98.0787116, 13.9120189], [98.0787116, 13.911976], [98.0786721, 13.911976], [98.0786721, 13.9120189]]]}}, {"type": "Feature", "properties": {"osm_id": 581536689, "building": "yes"}, "geometry": {"type": "Polygon", "coordinates": [[[98.0785903, 13.9120229], [98.0786466, 13.9120202], [98.0786439, 13.911965], [98.0785875, 13.9119676], [98.0785903, 13.9120229]]]}}, {"type": "Feature", "properties": {"osm_id": 581536691, "building": "yes"}, "geometry": {"type": "Polygon", "coordinates": [[[98.078206, 13.9118288], [98.0782424, 13.9118169], [98.0782282, 13.911776], [98.0781918, 13.9117879], [98.078206, 13.9118288]]]}}, {"type": "Feature", "properties": {"osm_id": 581536693, "building": "yes"}, "geometry": {"type": "Polygon", "coordinates": [[[98.0784308, 13.912073], [98.0784788, 13.9120675], [98.0784697, 13.9119923], [98.0784216, 13.9119979], [98.0784308, 13.912073]]]}}, {"type": "Feature", "properties": {"osm_id": 581536695, "building": "yes"}, "geometry": {"type": "Polygon", "coordinates": [[[98.0780108, 13.9122252], [98.0780551, 13.9122024], [98.0780162, 13.9121312], [98.0779719, 13.912154], [98.0780108, 13.9122252]]]}}, {"type": "Feature", "properties": {"osm_id": 581536697, "building": "yes"}, "geometry": {"type": "Polygon", "coordinates": [[[98.0781716, 13.9121446], [98.0782649, 13.9121304], [98.0782502, 13.9120393], [98.0781568, 13.9120535], [98.0781716, 13.9121446]]]}}, {"type": "Feature", "properties": {"osm_id": 581536699, "building": "yes"}, "geometry": {"type": "Polygon", "coordinates": [[[98.0781236, 13.9118201], [98.0781468, 13.9118568], [98.0781774, 13.9118385], [98.0781542, 13.9118019], [98.0781236, 13.9118201]]]}}, {"type": "Feature", "properties": {"osm_id": 581536701, "building": "yes"}, "geometry": {"type": "Polygon", "coordinates": [[[98.0782391, 13.9119514], [98.0782681, 13.911937], [98.0782588, 13.9119193], [98.0782775, 13.9119101], [98.0782616, 13.9118798], [98.0782139, 13.9119035], [98.0782391, 13.9119514]]]}}, {"type": "Feature", "properties": {"osm_id": 581536703, "building": "yes"}, "geometry": {"type": "Polygon", "coordinates": [[[98.0780605, 13.9118739], [98.0780822, 13.9119039], [98.0781242, 13.9118752], [98.0781024, 13.9118452], [98.0780605, 13.9118739]]]}}, {"type": "Feature", "properties": {"osm_id": 581536705, "building": "yes"}, "geometry": {"type": "Polygon", "coordinates": [[[98.0779135, 13.9120251], [98.0779812, 13.9119706], [98.0779563, 13.9119414], [98.0778886, 13.9119959], [98.0779135, 13.9120251]]]}}, {"type": "Feature", "properties": {"osm_id": 581536708, "building": "yes"}, "geometry": {"type": "Polygon", "coordinates": [[[98.078178, 13.9119726], [98.0782144, 13.9119564], [98.0781984, 13.9119224], [98.078162, 13.9119386], [98.078178, 13.9119726]]]}}, {"type": "Feature", "properties": {"osm_id": 581536710, "building": "yes"}, "geometry": {"type": "Polygon", "coordinates": [[[98.0777967, 13.9121108], [98.0778136, 13.9121352], [98.0778409, 13.9121174], [98.077824, 13.912093], [98.0777967, 13.9121108]]]}}, {"type": "Feature", "properties": {"osm_id": 581536712, "building": "yes"}, "geometry": {"type": "Polygon", "coordinates": [[[98.0777822, 13.912206], [98.0778115, 13.9122541], [98.0778866, 13.9122112], [98.0778573, 13.912163], [98.0777822, 13.912206]]]}}, {"type": "Feature", "properties": {"osm_id": 581536715, "building": "yes"}, "geometry": {"type": "Polygon", "coordinates": [[[98.0779922, 13.9119745], [98.0780596, 13.9119184], [98.0780217, 13.9118756], [98.0779544, 13.9119317], [98.0779922, 13.9119745]]]}}, {"type": "Feature", "properties": {"osm_id": 581536718, "building": "yes"}, "geometry": {"type": "Polygon", "coordinates": [[[98.0899973, 13.9093882], [98.090073, 13.9094485], [98.0901176, 13.9093957], [98.090042, 13.9093354], [98.0899973, 13.9093882]]]}}, {"type": "Feature", "properties": {"osm_id": 581536720, "building": "yes"}, "geometry": {"type": "Polygon", "coordinates": [[[98.0897979, 13.9092156], [98.0898575, 13.909282], [98.0899043, 13.9092424], [98.0898446, 13.909176], [98.0897979, 13.9092156]]]}}, {"type": "Feature", "properties": {"osm_id": 581536723, "building": "yes"}, "geometry": {"type": "Polygon", "coordinates": [[[98.0897127, 13.9092611], [98.0897777, 13.9093275], [98.0898165, 13.9092917], [98.0897514, 13.9092253], [98.0897127, 13.9092611]]]}}, {"type": "Feature", "properties": {"osm_id": 581536725, "building": "yes"}, "geometry": {"type": "Polygon", "coordinates": [[[98.0892711, 13.9098682], [98.0893318, 13.9099146], [98.0893797, 13.9098557], [98.089319, 13.9098092], [98.0892711, 13.9098682]]]}}, {"type": "Feature", "properties": {"osm_id": 581536727, "building": "yes"}, "geometry": {"type": "Polygon", "coordinates": [[[98.0899125, 13.9096312], [98.0899841, 13.909686], [98.0900311, 13.909628], [98.0899596, 13.9095733], [98.0899125, 13.9096312]]]}}, {"type": "Feature", "properties": {"osm_id": 581536729, "building": "yes"}, "geometry": {"type": "Polygon", "coordinates": [[[98.0897189, 13.909685], [98.0897784, 13.9097342], [98.0898202, 13.9096866], [98.0897607, 13.9096374], [98.0897189, 13.909685]]]}}, {"type": "Feature", "properties": {"osm_id": 581536731, "building": "yes"}, "geometry": {"type": "Polygon", "coordinates": [[[98.0897052, 13.9097618], [98.0897384, 13.9097943], [98.0897762, 13.909758], [98.089743, 13.9097255], [98.0897052, 13.9097618]]]}}, {"type": "Feature", "properties": {"osm_id": 581536734, "building": "yes"}, "geometry": {"type": "Polygon", "coordinates": [[[98.0896188, 13.9094414], [98.0897046, 13.9095209], [98.0897475, 13.9094773], [98.0896616, 13.9093978], [98.0896188, 13.9094414]]]}}, {"type": "Feature", "properties": {"osm_id": 581536738, "building": "yes"}, "geometry": {"type": "Polygon", "coordinates": [[[98.0895142, 13.9098777], [98.0895731, 13.9099387], [98.0896389, 13.9098788], [98.0895799, 13.9098179], [98.0895142, 13.9098777]]]}}, {"type": "Feature", "properties": {"osm_id": 581536742, "building": "yes"}, "geometry": {"type": "Polygon", "coordinates": [[[98.0898575, 13.9098102], [98.0899383, 13.9098959], [98.0899726, 13.9098654], [98.0899587, 13.9098507], [98.0899895, 13.9098234], [98.0899226, 13.9097524], [98.0898575, 13.9098102]]]}}, {"type": "Feature", "properties": {"osm_id": 581536745, "building": "yes"}, "geometry": {"type": "Polygon", "coordinates": [[[98.0894788, 13.9100701], [98.0895455, 13.9101319], [98.089603, 13.9100734], [98.0895363, 13.9100116], [98.0894788, 13.9100701]]]}}, {"type": "Feature", "properties": {"osm_id": 581536748, "building": "yes"}, "geometry": {"type": "Polygon", "coordinates": [[[98.0896069, 13.9097946], [98.089674, 13.9098636], [98.0897256, 13.9098164], [98.0896585, 13.9097474], [98.0896069, 13.9097946]]]}}, {"type": "Feature", "properties": {"osm_id": 581536752, "building": "yes"}, "geometry": {"type": "Polygon", "coordinates": [[[98.089592, 13.9095638], [98.0896443, 13.909513], [98.0895665, 13.9094375], [98.0895142, 13.9094883], [98.089592, 13.9095638]]]}}, {"type": "Feature", "properties": {"osm_id": 581536755, "building": "yes"}, "geometry": {"type": "Polygon", "coordinates": [[[98.0894123, 13.9095824], [98.0895356, 13.9097028], [98.0895899, 13.9096505], [98.0894665, 13.9095301], [98.0894123, 13.9095824]]]}}, {"type": "Feature", "properties": {"osm_id": 581536758, "building": "yes"}, "geometry": {"type": "Polygon", "coordinates": [[[98.0893539, 13.9096989], [98.0894384, 13.9097809], [98.0894853, 13.9097354], [98.0894008, 13.9096534], [98.0893539, 13.9096989]]]}}, {"type": "Feature", "properties": {"osm_id": 583149066, "building": "yes"}, "geometry": {"type": "Polygon", "coordinates": [[[98.1400477, 13.916758], [98.1401369, 13.9167144], [98.1400816, 13.9166078], [98.1399924, 13.9166514], [98.1400477, 13.916758]]]}}, {"type": "Feature", "properties": {"osm_id": 583149067, "building": "yes"}, "geometry": {"type": "Polygon", "coordinates": [[[98.139933, 13.9165718], [98.140039, 13.9165308], [98.1399969, 13.9164282], [98.1398909, 13.9164692], [98.139933, 13.9165718]]]}}, {"type": "Feature", "properties": {"osm_id": 583149076, "building": "yes"}, "geometry": {"type": "Polygon", "coordinates": [[[98.1399478, 13.9187678], [98.1400189, 13.918749], [98.1400008, 13.9186848], [98.1399297, 13.9187037], [98.1399478, 13.9187678]]]}}, {"type": "Feature", "properties": {"osm_id": 583149077, "building": "yes"}, "geometry": {"type": "Polygon", "coordinates": [[[98.139925, 13.9189058], [98.139976, 13.9188642], [98.1398832, 13.9187572], [98.1398322, 13.9187989], [98.139925, 13.9189058]]]}}, {"type": "Feature", "properties": {"osm_id": 583149078, "building": "yes"}, "geometry": {"type": "Polygon", "coordinates": [[[98.1396085, 13.9186188], [98.1396796, 13.9185928], [98.1396309, 13.9184676], [98.1395598, 13.9184936], [98.1396085, 13.9186188]]]}}, {"type": "Feature", "properties": {"osm_id": 583149079, "building": "yes"}, "geometry": {"type": "Polygon", "coordinates": [[[98.1397024, 13.9185784], [98.13976, 13.9185622], [98.1397257, 13.9184473], [98.139668, 13.9184636], [98.1397024, 13.9185784]]]}}, {"type": "Feature", "properties": {"osm_id": 583149080, "building": "yes"}, "geometry": {"type": "Polygon", "coordinates": [[[98.1399216, 13.9184483], [98.1400061, 13.918417], [98.1399677, 13.9183191], [98.1398832, 13.9183503], [98.1399216, 13.9184483]]]}}, {"type": "Feature", "properties": {"osm_id": 583149103, "building": "yes"}, "geometry": {"type": "Polygon", "coordinates": [[[98.135956, 13.9171068], [98.1360566, 13.917086], [98.1360419, 13.9170191], [98.1359413, 13.9170399], [98.135956, 13.9171068]]]}}, {"type": "Feature", "properties": {"osm_id": 583149104, "building": "yes"}, "geometry": {"type": "Polygon", "coordinates": [[[98.1362396, 13.9168615], [98.1363013, 13.916855], [98.1362922, 13.9167731], [98.1362305, 13.9167796], [98.1362396, 13.9168615]]]}}, {"type": "Feature", "properties": {"osm_id": 583149105, "building": "yes"}, "geometry": {"type": "Polygon", "coordinates": [[[98.1360801, 13.9168719], [98.1361511, 13.9168621], [98.1361419, 13.9167988], [98.1360708, 13.9168086], [98.1360801, 13.9168719]]]}}, {"type": "Feature", "properties": {"osm_id": 583149106, "building": "yes"}, "geometry": {"type": "Polygon", "coordinates": [[[98.1366755, 13.9167892], [98.1367553, 13.9167593], [98.1367138, 13.9166551], [98.136634, 13.916685], [98.1366755, 13.9167892]]]}}, {"type": "Feature", "properties": {"osm_id": 583149107, "building": "yes"}, "geometry": {"type": "Polygon", "coordinates": [[[98.1370845, 13.9164469], [98.137159, 13.916426], [98.1371271, 13.9163189], [98.1370527, 13.9163397], [98.1370845, 13.9164469]]]}}, {"type": "Feature", "properties": {"osm_id": 583149108, "building": "yes"}, "geometry": {"type": "Polygon", "coordinates": [[[98.1374916, 13.9163785], [98.1375466, 13.9163661], [98.1375306, 13.9162995], [98.1374757, 13.9163119], [98.1374916, 13.9163785]]]}}, {"type": "Feature", "properties": {"osm_id": 583149109, "building": "yes"}, "geometry": {"type": "Polygon", "coordinates": [[[98.1376545, 13.9165686], [98.1377363, 13.9165503], [98.1377063, 13.9164235], [98.1376245, 13.9164417], [98.1376545, 13.9165686]]]}}, {"type": "Feature", "properties": {"osm_id": 583149110, "building": "yes"}, "geometry": {"type": "Polygon", "coordinates": [[[98.1377296, 13.9163277], [98.1377987, 13.9163206], [98.1377886, 13.9162291], [98.1377195, 13.9162362], [98.1377296, 13.9163277]]]}}, {"type": "Feature", "properties": {"osm_id": 583149111, "building": "yes"}, "geometry": {"type": "Polygon", "coordinates": [[[98.1378449, 13.916577], [98.1379375, 13.9165575], [98.1379165, 13.9164638], [98.137824, 13.9164833], [98.1378449, 13.916577]]]}}, {"type": "Feature", "properties": {"osm_id": 583149112, "building": "yes"}, "geometry": {"type": "Polygon", "coordinates": [[[98.1382533, 13.9166337], [98.1383251, 13.9166356], [98.1383287, 13.9165091], [98.138257, 13.9165072], [98.1382533, 13.9166337]]]}}, {"type": "Feature", "properties": {"osm_id": 583149113, "building": "yes"}, "geometry": {"type": "Polygon", "coordinates": [[[98.1388152, 13.9169376], [98.1389131, 13.916935], [98.1389093, 13.9168001], [98.1388114, 13.9168027], [98.1388152, 13.9169376]]]}}, {"type": "Feature", "properties": {"osm_id": 1300751099, "building": "yes"}, "geometry": {"type": "Polygon", "coordinates": [[[98.0842038, 13.9441035], [98.0842843, 13.9441712], [98.0844077, 13.9440411], [98.0846061, 13.9442129], [98.0846973, 13.9441139], [98.0844184, 13.9438744], [98.0842038, 13.9441035]]]}}, {"type": "Feature", "properties": {"osm_id": 1300751101, "building": "yes"}, "geometry": {"type": "Polygon", "coordinates": [[[98.0841862, 13.9424664], [98.0842628, 13.9424178], [98.0841822, 13.942298], [98.0841056, 13.9423466], [98.0841862, 13.9424664]]]}}, {"type": "Feature", "properties": {"osm_id": 1300751102, "building": "yes"}, "geometry": {"type": "Polygon", "coordinates": [[[98.081999, 13.9412556], [98.0821063, 13.9413754], [98.0822136, 13.9412817], [98.0822512, 13.9413181], [98.0823585, 13.9412192], [98.0822029, 13.9410318], [98.081999, 13.9412556]]]}}, {"type": "Feature", "properties": {"osm_id": 1300751103, "building": "yes"}, "geometry": {"type": "Polygon", "coordinates": [[[98.0827842, 13.9410229], [98.0828106, 13.9410686], [98.0829019, 13.9410189], [98.0828755, 13.9409732], [98.0827842, 13.9410229]]]}}, {"type": "Feature", "properties": {"osm_id": 1563992814, "building": "yes"}, "geometry": {"type": "Polygon", "coordinates": [[[98.1267757, 13.9012977], [98.1270581, 13.9012669], [98.1270431, 13.9011367], [98.1267606, 13.9011675], [98.1267757, 13.9012977]]]}}, {"type": "Feature", "properties": {"osm_id": 1563992819, "building": "yes"}, "geometry": {"type": "Polygon", "coordinates": [[[98.1284492, 13.9019385], [98.1284457, 13.9019725], [98.128514, 13.901979], [98.1285054, 13.9020838], [98.1285586, 13.902088], [98.1285672, 13.9019841], [98.1286375, 13.9019908], [98.1286409, 13.9019567], [98.1284492, 13.9019385]]]}}, {"type": "Feature", "properties": {"osm_id": 1563993072, "building": "yes"}, "geometry": {"type": "Polygon", "coordinates": [[[98.1289559, 13.9018294], [98.1290889, 13.9018311], [98.1290893, 13.9018015], [98.1289563, 13.9017999], [98.1289559, 13.9018294]]]}}, {"type": "Feature", "properties": {"osm_id": 1563993568, "building": "yes"}, "geometry": {"type": "Polygon", "coordinates": [[[98.1285041, 13.9018932], [98.1285847, 13.9019027], [98.1285879, 13.9018767], [98.1285073, 13.9018673], [98.1285041, 13.9018932]]]}}, {"type": "Feature", "properties": {"osm_id": 1563993571, "building": "yes"}, "geometry": {"type": "Polygon", "coordinates": [[[98.1289451, 13.9017062], [98.1291157, 13.9017084], [98.1291161, 13.9016798], [98.1289455, 13.9016775], [98.1289451, 13.9017062]]]}}, {"type": "Feature", "properties": {"osm_id": 1563993572, "building": "yes"}, "geometry": {"type": "Polygon", "coordinates": [[[98.128962, 13.9017728], [98.1290066, 13.9017705], [98.1290041, 13.9017248], [98.1289595, 13.9017271], [98.128962, 13.9017728]]]}}, {"type": "Feature", "properties": {"osm_id": 1564000251, "building": "yes"}, "geometry": {"type": "Polygon", "coordinates": [[[98.1304916, 13.8990695], [98.1305912, 13.8990766], [98.1306062, 13.8988794], [98.1305066, 13.8988723], [98.1304916, 13.8990695]]]}}, {"type": "Feature", "properties": {"osm_id": 1564000252, "building": "yes"}, "geometry": {"type": "Polygon", "coordinates": [[[98.13356, 13.9021938], [98.1336722, 13.9021909], [98.1336671, 13.9020078], [98.1335548, 13.9020108], [98.13356, 13.9021938]]]}}, {"type": "Feature", "properties": {"osm_id": 1564000253, "building": "yes"}, "geometry": {"type": "Polygon", "coordinates": [[[98.1344712, 13.9020966], [98.1345232, 13.9020949], [98.13452, 13.9020019], [98.134468, 13.9020036], [98.1344712, 13.9020966]]]}}, {"type": "Feature", "properties": {"osm_id": 1564000254, "building": "yes"}, "geometry": {"type": "Polygon", "coordinates": [[[98.134612, 13.9021031], [98.1346641, 13.9021014], [98.1346609, 13.9020083], [98.1346088, 13.90201], [98.134612, 13.9021031]]]}}, {"type": "Feature", "properties": {"osm_id": 1564000255, "building": "yes"}, "geometry": {"type": "Polygon", "coordinates": [[[98.1344243, 13.9017739], [98.1344745, 13.9017602], [98.1344486, 13.9016706], [98.1343984, 13.9016842], [98.1344243, 13.9017739]]]}}, {"type": "Feature", "properties": {"osm_id": 1564000256, "building": "yes"}, "geometry": {"type": "Polygon", "coordinates": [[[98.1348853, 13.9017636], [98.1349373, 13.9017619], [98.1349341, 13.9016689], [98.1348821, 13.9016705], [98.1348853, 13.9017636]]]}}, {"type": "Feature", "properties": {"osm_id": 1564000257, "building": "yes"}, "geometry": {"type": "Polygon", "coordinates": [[[98.1352608, 13.9021102], [98.1353382, 13.9021037], [98.1353271, 13.9019785], [98.1352496, 13.901985], [98.1352608, 13.9021102]]]}}, {"type": "Feature", "properties": {"osm_id": 1564000258, "building": "yes"}, "geometry": {"type": "Polygon", "coordinates": [[[98.1353629, 13.9020927], [98.1354403, 13.9020862], [98.1354292, 13.901961], [98.1353517, 13.9019675], [98.1353629, 13.9020927]]]}}, {"type": "Feature", "properties": {"osm_id": 1564000259, "building": "yes"}, "geometry": {"type": "Polygon", "coordinates": [[[98.135508, 13.9021343], [98.1355854, 13.9021278], [98.1355743, 13.9020026], [98.1354968, 13.9020091], [98.135508, 13.9021343]]]}}, {"type": "Feature", "properties": {"osm_id": 1564000260, "building": "yes"}, "geometry": {"type": "Polygon", "coordinates": [[[98.1356635, 13.9021385], [98.135741, 13.902132], [98.1357298, 13.9020068], [98.1356524, 13.9020133], [98.1356635, 13.9021385]]]}}, {"type": "Feature", "properties": {"osm_id": 1564000261, "building": "yes"}, "geometry": {"type": "Polygon", "coordinates": [[[98.1356315, 13.9018697], [98.1357049, 13.9018449], [98.1356624, 13.9017262], [98.135589, 13.901751], [98.1356315, 13.9018697]]]}}, {"type": "Feature", "properties": {"osm_id": 1564000262, "building": "yes"}, "geometry": {"type": "Polygon", "coordinates": [[[98.1354857, 13.9019013], [98.1355591, 13.9018765], [98.1355166, 13.9017578], [98.1354432, 13.9017826], [98.1354857, 13.9019013]]]}}, {"type": "Feature", "properties": {"osm_id": 1564000263, "building": "yes"}, "geometry": {"type": "Polygon", "coordinates": [[[98.1359092, 13.9017763], [98.1359866, 13.9017687], [98.1359736, 13.9016437], [98.1358963, 13.9016513], [98.1359092, 13.9017763]]]}}, {"type": "Feature", "properties": {"osm_id": 1564000264, "building": "yes"}, "geometry": {"type": "Polygon", "coordinates": [[[98.135745, 13.9015496], [98.1358224, 13.901542], [98.1358094, 13.9014169], [98.135732, 13.9014245], [98.135745, 13.9015496]]]}}, {"type": "Feature", "properties": {"osm_id": 1564000265, "building": "yes"}, "geometry": {"type": "Polygon", "coordinates": [[[98.1359064, 13.901485], [98.1359838, 13.9014774], [98.1359708, 13.9013524], [98.1358934, 13.9013599], [98.1359064, 13.901485]]]}}, {"type": "Feature", "properties": {"osm_id": 1564000266, "building": "yes"}, "geometry": {"type": "Polygon", "coordinates": [[[98.1356049, 13.901588], [98.1356822, 13.9015805], [98.1356692, 13.9014554], [98.1355919, 13.901463], [98.1356049, 13.901588]]]}}, {"type": "Feature", "properties": {"osm_id": 1564000267, "building": "yes"}, "geometry": {"type": "Polygon", "coordinates": [[[98.136031, 13.90172], [98.1361083, 13.9017124], [98.1360953, 13.9015874], [98.136018, 13.9015949], [98.136031, 13.90172]]]}}, {"type": "Feature", "properties": {"osm_id": 1564000268, "building": "yes"}, "geometry": {"type": "Polygon", "coordinates": [[[98.1357565, 13.9017691], [98.1358724, 13.901742], [98.1358501, 13.9016521], [98.1357342, 13.9016792], [98.1357565, 13.9017691]]]}}, {"type": "Feature", "properties": {"osm_id": 1564000269, "building": "yes"}, "geometry": {"type": "Polygon", "coordinates": [[[98.1358908, 13.9012294], [98.1359682, 13.9012218], [98.1359552, 13.9010968], [98.1358778, 13.9011043], [98.1358908, 13.9012294]]]}}, {"type": "Feature", "properties": {"osm_id": 1564000270, "building": "yes"}, "geometry": {"type": "Polygon", "coordinates": [[[98.1357479, 13.9011345], [98.1358252, 13.901127], [98.1358122, 13.9010019], [98.1357349, 13.9010095], [98.1357479, 13.9011345]]]}}, {"type": "Feature", "properties": {"osm_id": 1564000271, "building": "yes"}, "geometry": {"type": "Polygon", "coordinates": [[[98.1360522, 13.9012335], [98.1361296, 13.9012259], [98.1361166, 13.9011009], [98.1360392, 13.9011085], [98.1360522, 13.9012335]]]}}, {"type": "Feature", "properties": {"osm_id": 1564000272, "building": "yes"}, "geometry": {"type": "Polygon", "coordinates": [[[98.1361372, 13.9012239], [98.1362145, 13.9012163], [98.1362015, 13.9010913], [98.1361242, 13.9010988], [98.1361372, 13.9012239]]]}}, {"type": "Feature", "properties": {"osm_id": 1564000273, "building": "yes"}, "geometry": {"type": "Polygon", "coordinates": [[[98.1362714, 13.9013654], [98.1362691, 13.9014408], [98.1363985, 13.9014445], [98.1364008, 13.9013691], [98.1362714, 13.9013654]]]}}, {"type": "Feature", "properties": {"osm_id": 1564000274, "building": "yes"}, "geometry": {"type": "Polygon", "coordinates": [[[98.1361107, 13.9016409], [98.136168, 13.9016359], [98.1361626, 13.9015769], [98.1361052, 13.9015819], [98.1361107, 13.9016409]]]}}, {"type": "Feature", "properties": {"osm_id": 1564000275, "building": "yes"}, "geometry": {"type": "Polygon", "coordinates": [[[98.1361448, 13.9014287], [98.1362022, 13.9014237], [98.1361967, 13.9013647], [98.1361394, 13.9013697], [98.1361448, 13.9014287]]]}}, {"type": "Feature", "properties": {"osm_id": 1564000276, "building": "yes"}, "geometry": {"type": "Polygon", "coordinates": [[[98.1362362, 13.9013496], [98.1363408, 13.901353], [98.1363444, 13.9012474], [98.1362398, 13.901244], [98.1362362, 13.9013496]]]}}, {"type": "Feature", "properties": {"osm_id": 1564000277, "building": "yes"}, "geometry": {"type": "Polygon", "coordinates": [[[98.1362553, 13.9011637], [98.1363126, 13.9011691], [98.1363184, 13.9011102], [98.1362611, 13.9011048], [98.1362553, 13.9011637]]]}}, {"type": "Feature", "properties": {"osm_id": 1564000278, "building": "yes"}, "geometry": {"type": "Polygon", "coordinates": [[[98.1363566, 13.9017062], [98.1364339, 13.9016987], [98.136421, 13.9015736], [98.1363436, 13.9015812], [98.1363566, 13.9017062]]]}}, {"type": "Feature", "properties": {"osm_id": 1564000279, "building": "yes"}, "geometry": {"type": "Polygon", "coordinates": [[[98.1363706, 13.9012806], [98.1364484, 13.9012812], [98.1364494, 13.9011555], [98.1363716, 13.9011549], [98.1363706, 13.9012806]]]}}, {"type": "Feature", "properties": {"osm_id": 1564000280, "building": "yes"}, "geometry": {"type": "Polygon", "coordinates": [[[98.1364654, 13.9013203], [98.1365431, 13.9013211], [98.1365444, 13.9011954], [98.1364666, 13.9011947], [98.1364654, 13.9013203]]]}}, {"type": "Feature", "properties": {"osm_id": 1564000281, "building": "yes"}, "geometry": {"type": "Polygon", "coordinates": [[[98.1366142, 13.9016895], [98.1366911, 13.901679], [98.136673, 13.9015546], [98.1365961, 13.9015651], [98.1366142, 13.9016895]]]}}, {"type": "Feature", "properties": {"osm_id": 1564000282, "building": "yes"}, "geometry": {"type": "Polygon", "coordinates": [[[98.1364495, 13.9016618], [98.1365461, 13.9016463], [98.1365274, 13.9015373], [98.1364309, 13.9015529], [98.1364495, 13.9016618]]]}}, {"type": "Feature", "properties": {"osm_id": 1564000283, "building": "yes"}, "geometry": {"type": "Polygon", "coordinates": [[[98.1366736, 13.9013803], [98.1367506, 13.9013698], [98.1367325, 13.9012454], [98.1366555, 13.9012559], [98.1366736, 13.9013803]]]}}, {"type": "Feature", "properties": {"osm_id": 1564000284, "building": "yes"}, "geometry": {"type": "Polygon", "coordinates": [[[98.1368754, 13.901369], [98.1369531, 13.9013687], [98.1369526, 13.901243], [98.1368749, 13.9012433], [98.1368754, 13.901369]]]}}, {"type": "Feature", "properties": {"osm_id": 1564000285, "building": "yes"}, "geometry": {"type": "Polygon", "coordinates": [[[98.1367726, 13.9016405], [98.1368503, 13.9016413], [98.1368516, 13.9015156], [98.1367738, 13.9015149], [98.1367726, 13.9016405]]]}}, {"type": "Feature", "properties": {"osm_id": 1564000286, "building": "yes"}, "geometry": {"type": "Polygon", "coordinates": [[[98.1369075, 13.9016477], [98.1369852, 13.9016479], [98.1369856, 13.9015222], [98.1369079, 13.901522], [98.1369075, 13.9016477]]]}}, {"type": "Feature", "properties": {"osm_id": 1564000287, "building": "yes"}, "geometry": {"type": "Polygon", "coordinates": [[[98.1365695, 13.9014012], [98.1366269, 13.9013962], [98.1366214, 13.9013372], [98.1365641, 13.9013422], [98.1365695, 13.9014012]]]}}, {"type": "Feature", "properties": {"osm_id": 1564000288, "building": "yes"}, "geometry": {"type": "Polygon", "coordinates": [[[98.1365774, 13.9010986], [98.1366543, 13.9010881], [98.1366362, 13.9009636], [98.1365593, 13.9009742], [98.1365774, 13.9010986]]]}}, {"type": "Feature", "properties": {"osm_id": 1564000289, "building": "yes"}, "geometry": {"type": "Polygon", "coordinates": [[[98.1372902, 13.9014679], [98.1373679, 13.9014676], [98.1373674, 13.9013419], [98.1372897, 13.9013422], [98.1372902, 13.9014679]]]}}, {"type": "Feature", "properties": {"osm_id": 1564000290, "building": "yes"}, "geometry": {"type": "Polygon", "coordinates": [[[98.1371368, 13.9016555], [98.1372097, 13.9016817], [98.1372546, 13.9015638], [98.1371817, 13.9015377], [98.1371368, 13.9016555]]]}}, {"type": "Feature", "properties": {"osm_id": 1564000291, "building": "yes"}, "geometry": {"type": "Polygon", "coordinates": [[[98.1371351, 13.9014569], [98.1371459, 13.9013262], [98.1372129, 13.9013314], [98.137202, 13.9014622], [98.1371351, 13.9014569]]]}}, {"type": "Feature", "properties": {"osm_id": 1564000292, "building": "yes"}, "geometry": {"type": "Polygon", "coordinates": [[[98.1374268, 13.9018477], [98.1374996, 13.9018742], [98.137545, 13.9017565], [98.1374722, 13.90173], [98.1374268, 13.9018477]]]}}, {"type": "Feature", "properties": {"osm_id": 1564000293, "building": "yes"}, "geometry": {"type": "Polygon", "coordinates": [[[98.1375195, 13.9018817], [98.1376083, 13.9019216], [98.1376562, 13.9018214], [98.1375674, 13.9017815], [98.1375195, 13.9018817]]]}}, {"type": "Feature", "properties": {"osm_id": 1564000294, "building": "yes"}, "geometry": {"type": "Polygon", "coordinates": [[[98.1373027, 13.9021183], [98.1373804, 13.9021199], [98.1373832, 13.9019943], [98.1373055, 13.9019927], [98.1373027, 13.9021183]]]}}, {"type": "Feature", "properties": {"osm_id": 1564000295, "building": "yes"}, "geometry": {"type": "Polygon", "coordinates": [[[98.137389, 13.902121], [98.1374667, 13.9021227], [98.1374696, 13.901997], [98.1373918, 13.9019954], [98.137389, 13.902121]]]}}, {"type": "Feature", "properties": {"osm_id": 1564000296, "building": "yes"}, "geometry": {"type": "Polygon", "coordinates": [[[98.1369064, 13.9021369], [98.136981, 13.9021155], [98.1369442, 13.901995], [98.1368697, 13.9020164], [98.1369064, 13.9021369]]]}}, {"type": "Feature", "properties": {"osm_id": 1564000297, "building": "yes"}, "geometry": {"type": "Polygon", "coordinates": [[[98.1367804, 13.9022125], [98.136855, 13.902191], [98.1368182, 13.9020705], [98.1367437, 13.902092], [98.1367804, 13.9022125]]]}}, {"type": "Feature", "properties": {"osm_id": 1564000298, "building": "yes"}, "geometry": {"type": "Polygon", "coordinates": [[[98.1371289, 13.9012196], [98.1372317, 13.9012241], [98.1372349, 13.9011556], [98.1371321, 13.9011512], [98.1371289, 13.9012196]]]}}, {"type": "Feature", "properties": {"osm_id": 1564000299, "building": "yes"}, "geometry": {"type": "Polygon", "coordinates": [[[98.1371655, 13.9009914], [98.1371785, 13.9010905], [98.1372485, 13.9010819], [98.1372356, 13.9009828], [98.1371655, 13.9009914]]]}}, {"type": "Feature", "properties": {"osm_id": 1564000300, "building": "yes"}, "geometry": {"type": "Polygon", "coordinates": [[[98.1376754, 13.9014689], [98.1377615, 13.9014571], [98.1377517, 13.9013903], [98.1376656, 13.9014021], [98.1376754, 13.9014689]]]}}, {"type": "Feature", "properties": {"osm_id": 1564000301, "building": "yes"}, "geometry": {"type": "Polygon", "coordinates": [[[98.1373278, 13.9017585], [98.1373686, 13.9016539], [98.1374554, 13.9016858], [98.1374145, 13.9017904], [98.1373278, 13.9017585]]]}}, {"type": "Feature", "properties": {"osm_id": 1564000302, "building": "yes"}, "geometry": {"type": "Polygon", "coordinates": [[[98.1376496, 13.9020214], [98.1376605, 13.9019467], [98.1375324, 13.9019291], [98.1375214, 13.9020038], [98.1376496, 13.9020214]]]}}, {"type": "Feature", "properties": {"osm_id": 1564000303, "building": "yes"}, "geometry": {"type": "Polygon", "coordinates": [[[98.1377481, 13.9017885], [98.1378253, 13.9017799], [98.1378104, 13.901655], [98.1377332, 13.9016637], [98.1377481, 13.9017885]]]}}, {"type": "Feature", "properties": {"osm_id": 1564000304, "building": "yes"}, "geometry": {"type": "Polygon", "coordinates": [[[98.1378372, 13.9017745], [98.1379144, 13.9017658], [98.1378995, 13.901641], [98.1378223, 13.9016497], [98.1378372, 13.9017745]]]}}, {"type": "Feature", "properties": {"osm_id": 1564000305, "building": "yes"}, "geometry": {"type": "Polygon", "coordinates": [[[98.1376418, 13.9016961], [98.1377191, 13.9017044], [98.1377333, 13.9015795], [98.137656, 13.9015712], [98.1376418, 13.9016961]]]}}, {"type": "Feature", "properties": {"osm_id": 1564000306, "building": "yes"}, "geometry": {"type": "Polygon", "coordinates": [[[98.1374987, 13.9014379], [98.1376017, 13.9014462], [98.1376124, 13.90134], [98.1375459, 13.90134], [98.1375459, 13.9013858], [98.137503, 13.901392], [98.1374987, 13.9014379]]]}}, {"type": "Feature", "properties": {"osm_id": 1564000307, "building": "yes"}, "geometry": {"type": "Polygon", "coordinates": [[[98.1377853, 13.9020591], [98.1377902, 13.9019707], [98.1378579, 13.9019742], [98.137853, 13.9020626], [98.1377853, 13.9020591]]]}}, {"type": "Feature", "properties": {"osm_id": 1564000308, "building": "yes"}, "geometry": {"type": "Polygon", "coordinates": [[[98.1377943, 13.9014799], [98.1378701, 13.901463], [98.1378411, 13.9013405], [98.1377653, 13.9013574], [98.1377943, 13.9014799]]]}}, {"type": "Feature", "properties": {"osm_id": 1564000309, "building": "yes"}, "geometry": {"type": "Polygon", "coordinates": [[[98.1379077, 13.9014751], [98.1379835, 13.9014582], [98.1379545, 13.9013357], [98.1378787, 13.9013526], [98.1379077, 13.9014751]]]}}, {"type": "Feature", "properties": {"osm_id": 1564000310, "building": "yes"}, "geometry": {"type": "Polygon", "coordinates": [[[98.1373161, 13.9012007], [98.1374022, 13.9011889], [98.1373925, 13.901122], [98.1373064, 13.9011339], [98.1373161, 13.9012007]]]}}, {"type": "Feature", "properties": {"osm_id": 1564000311, "building": "yes"}, "geometry": {"type": "Polygon", "coordinates": [[[98.1372482, 13.900934], [98.1372865, 13.9010267], [98.137352, 13.9010011], [98.1373137, 13.9009084], [98.1372482, 13.900934]]]}}, {"type": "Feature", "properties": {"osm_id": 1564000312, "building": "yes"}, "geometry": {"type": "Polygon", "coordinates": [[[98.1377968, 13.9016361], [98.1378829, 13.9016243], [98.1378731, 13.9015575], [98.137787, 13.9015693], [98.1377968, 13.9016361]]]}}, {"type": "Feature", "properties": {"osm_id": 1564000313, "building": "yes"}, "geometry": {"type": "Polygon", "coordinates": [[[98.1380753, 13.9014655], [98.1381511, 13.9014486], [98.1381221, 13.9013261], [98.1380463, 13.9013431], [98.1380753, 13.9014655]]]}}, {"type": "Feature", "properties": {"osm_id": 1564000314, "building": "yes"}, "geometry": {"type": "Polygon", "coordinates": [[[98.1384298, 13.9004479], [98.1384107, 13.9003748], [98.1382852, 13.9004057], [98.1383044, 13.9004789], [98.1384298, 13.9004479]]]}}, {"type": "Feature", "properties": {"osm_id": 1564000315, "building": "yes"}, "geometry": {"type": "Polygon", "coordinates": [[[98.1384569, 13.9007326], [98.1384378, 13.9006595], [98.1383123, 13.9006905], [98.1383315, 13.9007636], [98.1384569, 13.9007326]]]}}, {"type": "Feature", "properties": {"osm_id": 1564000316, "building": "yes"}, "geometry": {"type": "Polygon", "coordinates": [[[98.1384742, 13.900814], [98.138455, 13.9007408], [98.1383296, 13.9007718], [98.1383487, 13.9008449], [98.1384742, 13.900814]]]}}, {"type": "Feature", "properties": {"osm_id": 1564000317, "building": "yes"}, "geometry": {"type": "Polygon", "coordinates": [[[98.1384391, 13.9008989], [98.1384233, 13.9008445], [98.1382106, 13.9009027], [98.1382263, 13.900957], [98.1384391, 13.9008989]]]}}, {"type": "Feature", "properties": {"osm_id": 1564000318, "building": "yes"}, "geometry": {"type": "Polygon", "coordinates": [[[98.138303, 13.9015088], [98.1382874, 13.9014348], [98.1381606, 13.90146], [98.1381762, 13.9015339], [98.138303, 13.9015088]]]}}, {"type": "Feature", "properties": {"osm_id": 1564000319, "building": "yes"}, "geometry": {"type": "Polygon", "coordinates": [[[98.1381788, 13.9013203], [98.1382649, 13.9013085], [98.1382552, 13.9012417], [98.1381691, 13.9012535], [98.1381788, 13.9013203]]]}}, {"type": "Feature", "properties": {"osm_id": 1564000320, "building": "yes"}, "geometry": {"type": "Polygon", "coordinates": [[[98.1384914, 13.9011657], [98.1384723, 13.9010925], [98.1383468, 13.9011235], [98.138366, 13.9011967], [98.1384914, 13.9011657]]]}}, {"type": "Feature", "properties": {"osm_id": 1564000321, "building": "yes"}, "geometry": {"type": "Polygon", "coordinates": [[[98.1383127, 13.901098], [98.1384713, 13.9010839], [98.1384653, 13.9010203], [98.1383067, 13.9010344], [98.1383127, 13.901098]]]}}, {"type": "Feature", "properties": {"osm_id": 1564000322, "building": "yes"}, "geometry": {"type": "Polygon", "coordinates": [[[98.1382302, 13.9016789], [98.1383163, 13.9016671], [98.1383065, 13.9016003], [98.1382204, 13.9016121], [98.1382302, 13.9016789]]]}}, {"type": "Feature", "properties": {"osm_id": 1564000323, "building": "yes"}, "geometry": {"type": "Polygon", "coordinates": [[[98.1383422, 13.901795], [98.1384283, 13.9017832], [98.1384186, 13.9017163], [98.1383325, 13.9017282], [98.1383422, 13.901795]]]}}, {"type": "Feature", "properties": {"osm_id": 1564000324, "building": "yes"}, "geometry": {"type": "Polygon", "coordinates": [[[98.1384818, 13.9015304], [98.1384795, 13.901455], [98.1383501, 13.9014587], [98.1383524, 13.9015341], [98.1384818, 13.9015304]]]}}, {"type": "Feature", "properties": {"osm_id": 1564002124, "building": "yes"}, "geometry": {"type": "Polygon", "coordinates": [[[98.1381256, 13.9019277], [98.1381754, 13.901921], [98.1381662, 13.9018568], [98.1381165, 13.9018635], [98.1381256, 13.9019277]]]}}, {"type": "Feature", "properties": {"osm_id": 1564002125, "building": "yes"}, "geometry": {"type": "Polygon", "coordinates": [[[98.1380354, 13.9019239], [98.1380236, 13.9018752], [98.1380779, 13.9018628], [98.1380897, 13.9019115], [98.1380354, 13.9019239]]]}}, {"type": "Feature", "properties": {"osm_id": 1564002126, "building": "yes"}, "geometry": {"type": "Polygon", "coordinates": [[[98.1381867, 13.9018889], [98.1382237, 13.9018877], [98.1382274, 13.9019188], [98.1383001, 13.9019092], [98.1382841, 13.9018243], [98.1381756, 13.901841], [98.1381867, 13.9018889]]]}}, {"type": "Feature", "properties": {"osm_id": 1564002127, "building": "yes"}, "geometry": {"type": "Polygon", "coordinates": [[[98.138385, 13.9018994], [98.1384412, 13.9018917], [98.1384288, 13.9018057], [98.1383726, 13.9018133], [98.138385, 13.9018994]]]}}, {"type": "Feature", "properties": {"osm_id": 1564002128, "building": "yes"}, "geometry": {"type": "Polygon", "coordinates": [[[98.1382326, 13.9018137], [98.1382888, 13.901806], [98.1382764, 13.90172], [98.1382202, 13.9017277], [98.1382326, 13.9018137]]]}}, {"type": "Feature", "properties": {"osm_id": 1564002129, "building": "yes"}, "geometry": {"type": "Polygon", "coordinates": [[[98.1385117, 13.9016412], [98.1385132, 13.9015861], [98.1384237, 13.9015838], [98.1384222, 13.9016389], [98.1385117, 13.9016412]]]}}, {"type": "Feature", "properties": {"osm_id": 1564002130, "building": "yes"}, "geometry": {"type": "Polygon", "coordinates": [[[98.138374, 13.9012718], [98.1384805, 13.9012672], [98.1384785, 13.9012218], [98.1383719, 13.9012264], [98.138374, 13.9012718]]]}}, {"type": "Feature", "properties": {"osm_id": 1564002131, "building": "yes"}, "geometry": {"type": "Polygon", "coordinates": [[[98.1383736, 13.9013313], [98.1384801, 13.9013267], [98.1384781, 13.9012812], [98.1383715, 13.9012858], [98.1383736, 13.9013313]]]}}, {"type": "Feature", "properties": {"osm_id": 1564002132, "building": "yes"}, "geometry": {"type": "Polygon", "coordinates": [[[98.1384019, 13.901409], [98.1385085, 13.9014045], [98.1385064, 13.901359], [98.1383998, 13.9013636], [98.1384019, 13.901409]]]}}, {"type": "Feature", "properties": {"osm_id": 1564002133, "building": "yes"}, "geometry": {"type": "Polygon", "coordinates": [[[98.1382898, 13.901409], [98.1383963, 13.9014045], [98.1383943, 13.901359], [98.1382877, 13.9013636], [98.1382898, 13.901409]]]}}, {"type": "Feature", "properties": {"osm_id": 1564002134, "building": "yes"}, "geometry": {"type": "Polygon", "coordinates": [[[98.1383033, 13.9013461], [98.138362, 13.9013423], [98.1383586, 13.901294], [98.1382999, 13.9012979], [98.1383033, 13.9013461]]]}}, {"type": "Feature", "properties": {"osm_id": 1564002135, "building": "yes"}, "geometry": {"type": "Polygon", "coordinates": [[[98.1381764, 13.901444], [98.1382568, 13.9014298], [98.1382523, 13.9014057], [98.1381719, 13.9014198], [98.1381764, 13.901444]]]}}, {"type": "Feature", "properties": {"osm_id": 1564002136, "building": "yes"}, "geometry": {"type": "Polygon", "coordinates": [[[98.1381632, 13.9021334], [98.1382194, 13.9021258], [98.1382069, 13.9020397], [98.1381508, 13.9020474], [98.1381632, 13.9021334]]]}}, {"type": "Feature", "properties": {"osm_id": 1564002137, "building": "yes"}, "geometry": {"type": "Polygon", "coordinates": [[[98.1382485, 13.9021336], [98.138305, 13.9021284], [98.1382966, 13.902042], [98.1382402, 13.9020471], [98.1382485, 13.9021336]]]}}, {"type": "Feature", "properties": {"osm_id": 1564002138, "building": "yes"}, "geometry": {"type": "Polygon", "coordinates": [[[98.1383898, 13.9021824], [98.1383813, 13.902028], [98.1383156, 13.9020314], [98.1383241, 13.9021858], [98.1383898, 13.9021824]]]}}, {"type": "Feature", "properties": {"osm_id": 1564002139, "building": "yes"}, "geometry": {"type": "Polygon", "coordinates": [[[98.1384063, 13.9021073], [98.1384627, 13.9021021], [98.1384544, 13.9020156], [98.1383979, 13.9020208], [98.1384063, 13.9021073]]]}}, {"type": "Feature", "properties": {"osm_id": 1564002140, "building": "yes"}, "geometry": {"type": "Polygon", "coordinates": [[[98.1386662, 13.9018861], [98.1386684, 13.9018311], [98.138579, 13.9018277], [98.1385768, 13.9018827], [98.1386662, 13.9018861]]]}}, {"type": "Feature", "properties": {"osm_id": 1564002141, "building": "yes"}, "geometry": {"type": "Polygon", "coordinates": [[[98.1387587, 13.9020724], [98.1387657, 13.9019973], [98.1386368, 13.9019859], [98.1386298, 13.902061], [98.1387587, 13.9020724]]]}}, {"type": "Feature", "properties": {"osm_id": 1564002142, "building": "yes"}, "geometry": {"type": "Polygon", "coordinates": [[[98.1387294, 13.9016542], [98.1387209, 13.9015791], [98.1385922, 13.901593], [98.1386008, 13.9016681], [98.1387294, 13.9016542]]]}}, {"type": "Feature", "properties": {"osm_id": 1564002143, "building": "yes"}, "geometry": {"type": "Polygon", "coordinates": [[[98.1386959, 13.9017294], [98.138853, 13.9017545], [98.1388637, 13.9016915], [98.1387066, 13.9016664], [98.1386959, 13.9017294]]]}}, {"type": "Feature", "properties": {"osm_id": 1564002144, "building": "yes"}, "geometry": {"type": "Polygon", "coordinates": [[[98.1387238, 13.901744], [98.1387143, 13.9017906], [98.1388245, 13.9018118], [98.138834, 13.9017652], [98.1387238, 13.901744]]]}}, {"type": "Feature", "properties": {"osm_id": 1564002145, "building": "yes"}, "geometry": {"type": "Polygon", "coordinates": [[[98.1386855, 13.9019032], [98.1387423, 13.9019046], [98.1387445, 13.9018177], [98.1386878, 13.9018164], [98.1386855, 13.9019032]]]}}, {"type": "Feature", "properties": {"osm_id": 1564002146, "building": "yes"}, "geometry": {"type": "Polygon", "coordinates": [[[98.1387438, 13.9018733], [98.1388286, 13.901892], [98.138844, 13.9018261], [98.1387592, 13.9018075], [98.1387438, 13.9018733]]]}}, {"type": "Feature", "properties": {"osm_id": 1564002147, "building": "yes"}, "geometry": {"type": "Polygon", "coordinates": [[[98.1388044, 13.90165], [98.1388183, 13.9016292], [98.1388537, 13.9016406], [98.1388849, 13.9015875], [98.1387904, 13.9015292], [98.1387529, 13.9015854], [98.138769, 13.9016021], [98.1387604, 13.9016261], [98.1388044, 13.90165]]]}}, {"type": "Feature", "properties": {"osm_id": 1564002148, "building": "yes"}, "geometry": {"type": "Polygon", "coordinates": [[[98.1389082, 13.9015534], [98.1389575, 13.901495], [98.1388572, 13.9014154], [98.138808, 13.9014739], [98.1389082, 13.9015534]]]}}, {"type": "Feature", "properties": {"osm_id": 1564002149, "building": "yes"}, "geometry": {"type": "Polygon", "coordinates": [[[98.1387247, 13.9011556], [98.1387398, 13.9012029], [98.1388089, 13.9011821], [98.1387939, 13.9011348], [98.1387247, 13.9011556]]]}}, {"type": "Feature", "properties": {"osm_id": 1564002150, "building": "yes"}, "geometry": {"type": "Polygon", "coordinates": [[[98.1390586, 13.901155], [98.1390213, 13.901186], [98.1391179, 13.9012958], [98.1391552, 13.9012648], [98.1390586, 13.901155]]]}}, {"type": "Feature", "properties": {"osm_id": 1564002566, "building": "yes"}, "geometry": {"type": "Polygon", "coordinates": [[[98.1390034, 13.9011222], [98.1389635, 13.9010334], [98.1389228, 13.9010506], [98.1389626, 13.9011394], [98.1390034, 13.9011222]]]}}, {"type": "Feature", "properties": {"osm_id": 1564002567, "building": "yes"}, "geometry": {"type": "Polygon", "coordinates": [[[98.1387319, 13.8999046], [98.1385812, 13.8999143], [98.138586, 13.8999857], [98.1387367, 13.899976], [98.1387319, 13.8999046]]]}}, {"type": "Feature", "properties": {"osm_id": 1564002568, "building": "yes"}, "geometry": {"type": "Polygon", "coordinates": [[[98.1384175, 13.8996729], [98.1382681, 13.8996951], [98.1382793, 13.8997659], [98.1384286, 13.8997437], [98.1384175, 13.8996729]]]}}, {"type": "Feature", "properties": {"osm_id": 1564002569, "building": "yes"}, "geometry": {"type": "Polygon", "coordinates": [[[98.1388102, 13.8995666], [98.1386707, 13.8995327], [98.138654, 13.8995977], [98.1387935, 13.8996315], [98.1388102, 13.8995666]]]}}, {"type": "Feature", "properties": {"osm_id": 1564002570, "building": "yes"}, "geometry": {"type": "Polygon", "coordinates": [[[98.139018, 13.8996295], [98.1389508, 13.8996202], [98.1389439, 13.8996673], [98.1390111, 13.8996765], [98.139018, 13.8996295]]]}}, {"type": "Feature", "properties": {"osm_id": 1564005128, "building": "yes"}, "geometry": {"type": "Polygon", "coordinates": [[[98.1378367, 13.8987889], [98.1378473, 13.8988953], [98.1379112, 13.8988893], [98.1379006, 13.8987829], [98.1378367, 13.8987889]]]}}, {"type": "Feature", "properties": {"osm_id": 1564005129, "building": "yes"}, "geometry": {"type": "Polygon", "coordinates": [[[98.1378756, 13.8984106], [98.1377656, 13.8984158], [98.1377687, 13.898478], [98.1378787, 13.8984728], [98.1378756, 13.8984106]]]}}, {"type": "Feature", "properties": {"osm_id": 1564005130, "building": "yes"}, "geometry": {"type": "Polygon", "coordinates": [[[98.1379126, 13.898066], [98.1378026, 13.8980712], [98.1378057, 13.8981334], [98.1379157, 13.8981282], [98.1379126, 13.898066]]]}}, {"type": "Feature", "properties": {"osm_id": 1564005131, "building": "yes"}, "geometry": {"type": "Polygon", "coordinates": [[[98.1386545, 13.8983962], [98.1385445, 13.8984014], [98.1385476, 13.8984636], [98.1386576, 13.8984584], [98.1386545, 13.8983962]]]}}, {"type": "Feature", "properties": {"osm_id": 1564005132, "building": "yes"}, "geometry": {"type": "Polygon", "coordinates": [[[98.1386966, 13.8981944], [98.1385895, 13.8981695], [98.1385746, 13.89823], [98.1386817, 13.8982549], [98.1386966, 13.8981944]]]}}, {"type": "Feature", "properties": {"osm_id": 1564005133, "building": "yes"}, "geometry": {"type": "Polygon", "coordinates": [[[98.1386109, 13.8979162], [98.1384875, 13.8978803], [98.138468, 13.8979435], [98.1385915, 13.8979794], [98.1386109, 13.8979162]]]}}, {"type": "Feature", "properties": {"osm_id": 1564005134, "building": "yes"}, "geometry": {"type": "Polygon", "coordinates": [[[98.1388245, 13.8977547], [98.1386994, 13.8977251], [98.1386833, 13.8977891], [98.1388085, 13.8978188], [98.1388245, 13.8977547]]]}}, {"type": "Feature", "properties": {"osm_id": 1564005135, "building": "yes"}, "geometry": {"type": "Polygon", "coordinates": [[[98.1388369, 13.8976806], [98.1387117, 13.8976509], [98.1386956, 13.897715], [98.1388208, 13.8977447], [98.1388369, 13.8976806]]]}}, {"type": "Feature", "properties": {"osm_id": 1564005136, "building": "yes"}, "geometry": {"type": "Polygon", "coordinates": [[[98.1387092, 13.8981768], [98.1385699, 13.8981453], [98.1385801, 13.898103], [98.1387104, 13.8981325], [98.1387142, 13.8981561], [98.1387092, 13.8981768]]]}}, {"type": "Feature", "properties": {"osm_id": 1564005137, "building": "yes"}, "geometry": {"type": "Polygon", "coordinates": [[[98.1382273, 13.8979862], [98.1383827, 13.8979741], [98.1383784, 13.8979219], [98.138223, 13.8979341], [98.1382273, 13.8979862]]]}}, {"type": "Feature", "properties": {"osm_id": 1564005138, "building": "yes"}, "geometry": {"type": "Polygon", "coordinates": [[[98.1378398, 13.8976921], [98.137809, 13.8975707], [98.137743, 13.8975865], [98.1377738, 13.897708], [98.1378398, 13.8976921]]]}}, {"type": "Feature", "properties": {"osm_id": 1564005139, "building": "yes"}, "geometry": {"type": "Polygon", "coordinates": [[[98.1379163, 13.8976721], [98.1378855, 13.8975507], [98.1378195, 13.8975665], [98.1378504, 13.897688], [98.1379163, 13.8976721]]]}}, {"type": "Feature", "properties": {"osm_id": 1564005140, "building": "yes"}, "geometry": {"type": "Polygon", "coordinates": [[[98.1379384, 13.8977282], [98.1378116, 13.8977502], [98.1378236, 13.8978151], [98.1379505, 13.8977931], [98.1379384, 13.8977282]]]}}, {"type": "Feature", "properties": {"osm_id": 1564005141, "building": "yes"}, "geometry": {"type": "Polygon", "coordinates": [[[98.1379051, 13.8974092], [98.1378743, 13.8972878], [98.1378083, 13.8973036], [98.1378392, 13.8974251], [98.1379051, 13.8974092]]]}}, {"type": "Feature", "properties": {"osm_id": 1564005142, "building": "yes"}, "geometry": {"type": "Polygon", "coordinates": [[[98.1377464, 13.8974872], [98.1377155, 13.8973658], [98.1376496, 13.8973815], [98.1376804, 13.897503], [98.1377464, 13.8974872]]]}}, {"type": "Feature", "properties": {"osm_id": 1564005143, "building": "yes"}, "geometry": {"type": "Polygon", "coordinates": [[[98.1375726, 13.897402], [98.1375418, 13.8972805], [98.1374758, 13.8972963], [98.1375067, 13.8974178], [98.1375726, 13.897402]]]}}, {"type": "Feature", "properties": {"osm_id": 1564005144, "building": "yes"}, "geometry": {"type": "Polygon", "coordinates": [[[98.1372494, 13.8972474], [98.1373485, 13.8972325], [98.1373359, 13.8971536], [98.1372368, 13.8971685], [98.1372494, 13.8972474]]]}}, {"type": "Feature", "properties": {"osm_id": 1564005145, "building": "yes"}, "geometry": {"type": "Polygon", "coordinates": [[[98.1372623, 13.8969289], [98.1373583, 13.8969009], [98.1373346, 13.8968244], [98.1372386, 13.8968525], [98.1372623, 13.8969289]]]}}, {"type": "Feature", "properties": {"osm_id": 1564005146, "building": "yes"}, "geometry": {"type": "Polygon", "coordinates": [[[98.1377319, 13.8965397], [98.1377133, 13.896416], [98.1376461, 13.8964255], [98.1376647, 13.8965493], [98.1377319, 13.8965397]]]}}, {"type": "Feature", "properties": {"osm_id": 1564005147, "building": "yes"}, "geometry": {"type": "Polygon", "coordinates": [[[98.1379094, 13.8960828], [98.1379099, 13.8959578], [98.137842, 13.8959575], [98.1378415, 13.8960826], [98.1379094, 13.8960828]]]}}, {"type": "Feature", "properties": {"osm_id": 1564005148, "building": "yes"}, "geometry": {"type": "Polygon", "coordinates": [[[98.1379777, 13.89645], [98.1379469, 13.8963286], [98.1378809, 13.8963443], [98.1379118, 13.8964659], [98.1379777, 13.89645]]]}}, {"type": "Feature", "properties": {"osm_id": 1564005149, "building": "yes"}, "geometry": {"type": "Polygon", "coordinates": [[[98.1379281, 13.8968432], [98.1379212, 13.8967183], [98.1378533, 13.8967219], [98.1378603, 13.8968468], [98.1379281, 13.8968432]]]}}, {"type": "Feature", "properties": {"osm_id": 1564005150, "building": "yes"}, "geometry": {"type": "Polygon", "coordinates": [[[98.1380225, 13.896889], [98.1380156, 13.8967642], [98.1379477, 13.8967677], [98.1379547, 13.8968926], [98.1380225, 13.896889]]]}}, {"type": "Feature", "properties": {"osm_id": 1564005151, "building": "yes"}, "geometry": {"type": "Polygon", "coordinates": [[[98.1377693, 13.896819], [98.1377579, 13.8966944], [98.1376902, 13.8967003], [98.1377017, 13.8968249], [98.1377693, 13.896819]]]}}, {"type": "Feature", "properties": {"osm_id": 1564005152, "building": "yes"}, "geometry": {"type": "Polygon", "coordinates": [[[98.1366894, 13.8968556], [98.1367854, 13.8968276], [98.1367617, 13.8967512], [98.1366657, 13.8967792], [98.1366894, 13.8968556]]]}}, {"type": "Feature", "properties": {"osm_id": 1564005153, "building": "yes"}, "geometry": {"type": "Polygon", "coordinates": [[[98.1380957, 13.8976227], [98.1380649, 13.8975013], [98.1379989, 13.8975171], [98.1380298, 13.8976386], [98.1380957, 13.8976227]]]}}, {"type": "Feature", "properties": {"osm_id": 1564005154, "building": "yes"}, "geometry": {"type": "Polygon", "coordinates": [[[98.1386123, 13.8977562], [98.1384889, 13.8977204], [98.1384694, 13.8977835], [98.1385929, 13.8978194], [98.1386123, 13.8977562]]]}}, {"type": "Feature", "properties": {"osm_id": 1564005155, "building": "yes"}, "geometry": {"type": "Polygon", "coordinates": [[[98.1385837, 13.8975424], [98.1384558, 13.8975569], [98.1384637, 13.8976224], [98.1385917, 13.8976079], [98.1385837, 13.8975424]]]}}, {"type": "Feature", "properties": {"osm_id": 1564005156, "building": "yes"}, "geometry": {"type": "Polygon", "coordinates": [[[98.1385687, 13.8974403], [98.1384407, 13.8974549], [98.1384486, 13.8975204], [98.1385766, 13.8975059], [98.1385687, 13.8974403]]]}}, {"type": "Feature", "properties": {"osm_id": 1564005157, "building": "yes"}, "geometry": {"type": "Polygon", "coordinates": [[[98.1384807, 13.8972529], [98.1383528, 13.8972674], [98.1383606, 13.8973329], [98.1384887, 13.8973184], [98.1384807, 13.8972529]]]}}, {"type": "Feature", "properties": {"osm_id": 1564005158, "building": "yes"}, "geometry": {"type": "Polygon", "coordinates": [[[98.1384617, 13.8969972], [98.1383345, 13.8969777], [98.1383238, 13.8970429], [98.1384512, 13.8970624], [98.1384617, 13.8969972]]]}}, {"type": "Feature", "properties": {"osm_id": 1564005159, "building": "yes"}, "geometry": {"type": "Polygon", "coordinates": [[[98.1385304, 13.8968451], [98.1384032, 13.8968256], [98.1383926, 13.8968908], [98.1385199, 13.8969103], [98.1385304, 13.8968451]]]}}, {"type": "Feature", "properties": {"osm_id": 1564005160, "building": "yes"}, "geometry": {"type": "Polygon", "coordinates": [[[98.1384896, 13.8971701], [98.1383624, 13.8971506], [98.1383518, 13.8972157], [98.1384791, 13.8972352], [98.1384896, 13.8971701]]]}}, {"type": "Feature", "properties": {"osm_id": 1564005161, "building": "yes"}, "geometry": {"type": "Polygon", "coordinates": [[[98.1387857, 13.897118], [98.1386585, 13.8970985], [98.1386479, 13.8971637], [98.1387752, 13.8971832], [98.1387857, 13.897118]]]}}, {"type": "Feature", "properties": {"osm_id": 1564005162, "building": "yes"}, "geometry": {"type": "Polygon", "coordinates": [[[98.1390492, 13.8977485], [98.1389241, 13.8977188], [98.138908, 13.8977829], [98.1390332, 13.8978126], [98.1390492, 13.8977485]]]}}, {"type": "Feature", "properties": {"osm_id": 1564005163, "building": "yes"}, "geometry": {"type": "Polygon", "coordinates": [[[98.1389713, 13.8975729], [98.1389452, 13.8976953], [98.1390117, 13.8977087], [98.1390378, 13.8975861], [98.1389713, 13.8975729]]]}}, {"type": "Feature", "properties": {"osm_id": 1564005164, "building": "yes"}, "geometry": {"type": "Polygon", "coordinates": [[[98.1393982, 13.897627], [98.1393722, 13.8977494], [98.1394387, 13.8977628], [98.1394648, 13.8976403], [98.1393982, 13.897627]]]}}, {"type": "Feature", "properties": {"osm_id": 1564005165, "building": "yes"}, "geometry": {"type": "Polygon", "coordinates": [[[98.1391159, 13.8980703], [98.1391254, 13.898195], [98.1391932, 13.8981902], [98.1391837, 13.8980654], [98.1391159, 13.8980703]]]}}, {"type": "Feature", "properties": {"osm_id": 1564005166, "building": "yes"}, "geometry": {"type": "Polygon", "coordinates": [[[98.1391996, 13.8980829], [98.1392091, 13.8982076], [98.1392769, 13.8982027], [98.1392674, 13.8980779], [98.1391996, 13.8980829]]]}}, {"type": "Feature", "properties": {"osm_id": 1564005167, "building": "yes"}, "geometry": {"type": "Polygon", "coordinates": [[[98.1392855, 13.8980995], [98.1392949, 13.8982242], [98.1393627, 13.8982194], [98.1393532, 13.8980946], [98.1392855, 13.8980995]]]}}, {"type": "Feature", "properties": {"osm_id": 1564005168, "building": "yes"}, "geometry": {"type": "Polygon", "coordinates": [[[98.1391288, 13.8984497], [98.1391923, 13.8984613], [98.1392103, 13.898369], [98.1391469, 13.8983574], [98.1391288, 13.8984497]]]}}, {"type": "Feature", "properties": {"osm_id": 1564005169, "building": "yes"}, "geometry": {"type": "Polygon", "coordinates": [[[98.1389007, 13.8983226], [98.1389689, 13.8983156], [98.1389611, 13.8982446], [98.138893, 13.8982516], [98.1389007, 13.8983226]]]}}, {"type": "Feature", "properties": {"osm_id": 1564005170, "building": "yes"}, "geometry": {"type": "Polygon", "coordinates": [[[98.1389823, 13.8981082], [98.1390752, 13.8981243], [98.1390911, 13.8980379], [98.1389982, 13.8980218], [98.1389823, 13.8981082]]]}}, {"type": "Feature", "properties": {"osm_id": 1564005171, "building": "yes"}, "geometry": {"type": "Polygon", "coordinates": [[[98.1394097, 13.8981283], [98.1394929, 13.8981261], [98.1394903, 13.8980335], [98.1394072, 13.8980357], [98.1394097, 13.8981283]]]}}, {"type": "Feature", "properties": {"osm_id": 1564005172, "building": "yes"}, "geometry": {"type": "Polygon", "coordinates": [[[98.1394108, 13.8979947], [98.1394965, 13.8979771], [98.1394831, 13.8979161], [98.1393974, 13.8979338], [98.1394108, 13.8979947]]]}}, {"type": "Feature", "properties": {"osm_id": 1564005173, "building": "yes"}, "geometry": {"type": "Polygon", "coordinates": [[[98.1396081, 13.8980827], [98.1397365, 13.8980727], [98.1397311, 13.898007], [98.1396026, 13.898017], [98.1396081, 13.8980827]]]}}, {"type": "Feature", "properties": {"osm_id": 1564005174, "building": "yes"}, "geometry": {"type": "Polygon", "coordinates": [[[98.1399231, 13.8982131], [98.1399723, 13.8980975], [98.1399095, 13.8980723], [98.1398603, 13.898188], [98.1399231, 13.8982131]]]}}, {"type": "Feature", "properties": {"osm_id": 1564005175, "building": "yes"}, "geometry": {"type": "Polygon", "coordinates": [[[98.1396764, 13.8979944], [98.1397255, 13.8978788], [98.1396628, 13.8978536], [98.1396135, 13.8979693], [98.1396764, 13.8979944]]]}}, {"type": "Feature", "properties": {"osm_id": 1564005176, "building": "yes"}, "geometry": {"type": "Polygon", "coordinates": [[[98.139863, 13.8977882], [98.1399122, 13.8976726], [98.1398494, 13.8976474], [98.1398002, 13.8977631], [98.139863, 13.8977882]]]}}, {"type": "Feature", "properties": {"osm_id": 1564005177, "building": "yes"}, "geometry": {"type": "Polygon", "coordinates": [[[98.1392693, 13.8971981], [98.1392833, 13.8971377], [98.1393584, 13.8971541], [98.1393444, 13.8972145], [98.1392693, 13.8971981]]]}}, {"type": "Feature", "properties": {"osm_id": 1564005178, "building": "yes"}, "geometry": {"type": "Polygon", "coordinates": [[[98.1395973, 13.8984041], [98.1396727, 13.8984012], [98.1396688, 13.8983062], [98.1395934, 13.8983092], [98.1395973, 13.8984041]]]}}, {"type": "Feature", "properties": {"osm_id": 1564005179, "building": "yes"}, "geometry": {"type": "Polygon", "coordinates": [[[98.1396791, 13.8983048], [98.1396834, 13.898412], [98.1397416, 13.8984098], [98.1397372, 13.8983026], [98.1396791, 13.8983048]]]}}, {"type": "Feature", "properties": {"osm_id": 1564005180, "building": "yes"}, "geometry": {"type": "Polygon", "coordinates": [[[98.1396898, 13.8981006], [98.1396942, 13.8982078], [98.1397523, 13.8982057], [98.1397479, 13.8980985], [98.1396898, 13.8981006]]]}}, {"type": "Feature", "properties": {"osm_id": 1564005181, "building": "yes"}, "geometry": {"type": "Polygon", "coordinates": [[[98.1397687, 13.8981516], [98.1398405, 13.8981743], [98.1398707, 13.8980839], [98.139799, 13.8980613], [98.1397687, 13.8981516]]]}}, {"type": "Feature", "properties": {"osm_id": 1564005182, "building": "yes"}, "geometry": {"type": "Polygon", "coordinates": [[[98.1399837, 13.8982219], [98.140049, 13.8982584], [98.1400979, 13.898176], [98.1400325, 13.8981395], [98.1399837, 13.8982219]]]}}, {"type": "Feature", "properties": {"osm_id": 1564005183, "building": "yes"}, "geometry": {"type": "Polygon", "coordinates": [[[98.1397797, 13.8985734], [98.1398546, 13.8985645], [98.1398426, 13.8984701], [98.1397677, 13.8984792], [98.1397797, 13.8985734]]]}}, {"type": "Feature", "properties": {"osm_id": 1564005184, "building": "yes"}, "geometry": {"type": "Polygon", "coordinates": [[[98.1399524, 13.8985811], [98.1399481, 13.8984562], [98.1398802, 13.8984584], [98.1398845, 13.8985834], [98.1399524, 13.8985811]]]}}, {"type": "Feature", "properties": {"osm_id": 1564005185, "building": "yes"}, "geometry": {"type": "Polygon", "coordinates": [[[98.1400361, 13.8985936], [98.1400318, 13.8984686], [98.1399639, 13.8984708], [98.1399682, 13.8985959], [98.1400361, 13.8985936]]]}}, {"type": "Feature", "properties": {"osm_id": 1564005197, "building": "yes"}, "geometry": {"type": "Polygon", "coordinates": [[[98.1399809, 13.8978623], [98.1400195, 13.897743], [98.1399547, 13.8977233], [98.1399161, 13.8978427], [98.1399809, 13.8978623]]]}}, {"type": "Feature", "properties": {"osm_id": 1564005198, "building": "yes"}, "geometry": {"type": "Polygon", "coordinates": [[[98.1400294, 13.896604], [98.1399928, 13.8964841], [98.1399276, 13.8965029], [98.1399643, 13.8966228], [98.1400294, 13.896604]]]}}, {"type": "Feature", "properties": {"osm_id": 1564005199, "building": "yes"}, "geometry": {"type": "Polygon", "coordinates": [[[98.1396051, 13.8965459], [98.1396002, 13.896421], [98.1395323, 13.8964234], [98.1395372, 13.8965485], [98.1396051, 13.8965459]]]}}, {"type": "Feature", "properties": {"osm_id": 1564005200, "building": "yes"}, "geometry": {"type": "Polygon", "coordinates": [[[98.1397038, 13.8965751], [98.1396989, 13.8964501], [98.139631, 13.8964526], [98.1396359, 13.8965776], [98.1397038, 13.8965751]]]}}, {"type": "Feature", "properties": {"osm_id": 1564005201, "building": "yes"}, "geometry": {"type": "Polygon", "coordinates": [[[98.139796, 13.8965834], [98.1397912, 13.8964584], [98.1397233, 13.8964609], [98.1397281, 13.896586], [98.139796, 13.8965834]]]}}, {"type": "Feature", "properties": {"osm_id": 1564005202, "building": "yes"}, "geometry": {"type": "Polygon", "coordinates": [[[98.1398752, 13.8965008], [98.14, 13.89647], [98.1399833, 13.8964061], [98.1398583, 13.8964369], [98.1398752, 13.8965008]]]}}, {"type": "Feature", "properties": {"osm_id": 1564005203, "building": "yes"}, "geometry": {"type": "Polygon", "coordinates": [[[98.1398194, 13.8963675], [98.1399442, 13.8963367], [98.1399275, 13.8962728], [98.1398026, 13.8963036], [98.1398194, 13.8963675]]]}}, {"type": "Feature", "properties": {"osm_id": 1564005204, "building": "yes"}, "geometry": {"type": "Polygon", "coordinates": [[[98.1397894, 13.8962738], [98.1399142, 13.896243], [98.1398974, 13.896179], [98.1397725, 13.8962099], [98.1397894, 13.8962738]]]}}, {"type": "Feature", "properties": {"osm_id": 1564005205, "building": "yes"}, "geometry": {"type": "Polygon", "coordinates": [[[98.1397248, 13.8960552], [98.139853, 13.8960425], [98.1398461, 13.8959769], [98.1397178, 13.8959896], [98.1397248, 13.8960552]]]}}, {"type": "Feature", "properties": {"osm_id": 1564005206, "building": "yes"}, "geometry": {"type": "Polygon", "coordinates": [[[98.1396519, 13.8959865], [98.13978, 13.8959737], [98.1397731, 13.8959081], [98.1396449, 13.8959209], [98.1396519, 13.8959865]]]}}, {"type": "Feature", "properties": {"osm_id": 1564005207, "building": "yes"}, "geometry": {"type": "Polygon", "coordinates": [[[98.1395661, 13.8957719], [98.1396942, 13.8957592], [98.1396873, 13.8956936], [98.1395591, 13.8957063], [98.1395661, 13.8957719]]]}}, {"type": "Feature", "properties": {"osm_id": 1564005208, "building": "yes"}, "geometry": {"type": "Polygon", "coordinates": [[[98.1394545, 13.8954928], [98.1395826, 13.8954801], [98.1395757, 13.8954145], [98.1394475, 13.8954272], [98.1394545, 13.8954928]]]}}, {"type": "Feature", "properties": {"osm_id": 1564005209, "building": "yes"}, "geometry": {"type": "Polygon", "coordinates": [[[98.1397204, 13.896188], [98.1398587, 13.8961628], [98.1398398, 13.8960649], [98.1397015, 13.8960901], [98.1397204, 13.896188]]]}}, {"type": "Feature", "properties": {"osm_id": 1564005210, "building": "yes"}, "geometry": {"type": "Polygon", "coordinates": [[[98.1389675, 13.8975502], [98.139197, 13.8976032], [98.1392186, 13.8975151], [98.1389892, 13.897462], [98.1389675, 13.8975502]]]}}, {"type": "Feature", "properties": {"osm_id": 1564005211, "building": "yes"}, "geometry": {"type": "Polygon", "coordinates": [[[98.1392438, 13.8976203], [98.139337, 13.897647], [98.1393518, 13.8975986], [98.1392586, 13.8975718], [98.1392438, 13.8976203]]]}}, {"type": "Feature", "properties": {"osm_id": 1564005212, "building": "yes"}, "geometry": {"type": "Polygon", "coordinates": [[[98.1393389, 13.8979408], [98.1393563, 13.8980337], [98.1394075, 13.8980247], [98.1393902, 13.8979318], [98.1393389, 13.8979408]]]}}, {"type": "Feature", "properties": {"osm_id": 1564005213, "building": "yes"}, "geometry": {"type": "Polygon", "coordinates": [[[98.1397106, 13.8976423], [98.1397246, 13.8975819], [98.1397997, 13.8975983], [98.1397857, 13.8976587], [98.1397106, 13.8976423]]]}}, {"type": "Feature", "properties": {"osm_id": 1564005214, "building": "yes"}, "geometry": {"type": "Polygon", "coordinates": [[[98.1394521, 13.8954203], [98.1395803, 13.8954076], [98.1395734, 13.8953419], [98.1394451, 13.8953547], [98.1394521, 13.8954203]]]}}, {"type": "Feature", "properties": {"osm_id": 1564005215, "building": "yes"}, "geometry": {"type": "Polygon", "coordinates": [[[98.1394028, 13.8953474], [98.1395309, 13.8953347], [98.139524, 13.895269], [98.1393958, 13.8952818], [98.1394028, 13.8953474]]]}}, {"type": "Feature", "properties": {"osm_id": 1564005216, "building": "yes"}, "geometry": {"type": "Polygon", "coordinates": [[[98.1393513, 13.8951745], [98.1394794, 13.8951618], [98.1394725, 13.8950962], [98.1393443, 13.8951089], [98.1393513, 13.8951745]]]}}, {"type": "Feature", "properties": {"osm_id": 1564005217, "building": "yes"}, "geometry": {"type": "Polygon", "coordinates": [[[98.1393246, 13.8952734], [98.1393194, 13.8952117], [98.1393961, 13.8952056], [98.1394013, 13.8952673], [98.1393246, 13.8952734]]]}}, {"type": "Feature", "properties": {"osm_id": 1564005218, "building": "yes"}, "geometry": {"type": "Polygon", "coordinates": [[[98.1393089, 13.8947833], [98.1393947, 13.8947521], [98.1393625, 13.8946646], [98.1393175, 13.8946667], [98.1393089, 13.8947833]]]}}, {"type": "Feature", "properties": {"osm_id": 1564005219, "building": "yes"}, "geometry": {"type": "Polygon", "coordinates": [[[98.1390388, 13.8950518], [98.1391669, 13.895039], [98.13916, 13.8949734], [98.1390318, 13.8949862], [98.1390388, 13.8950518]]]}}, {"type": "Feature", "properties": {"osm_id": 1564005220, "building": "yes"}, "geometry": {"type": "Polygon", "coordinates": [[[98.1390409, 13.8949414], [98.1391691, 13.8949286], [98.1391622, 13.894863], [98.1390339, 13.8948758], [98.1390409, 13.8949414]]]}}, {"type": "Feature", "properties": {"osm_id": 1564005221, "building": "yes"}, "geometry": {"type": "Polygon", "coordinates": [[[98.1390697, 13.894842], [98.1391908, 13.8947995], [98.1391678, 13.8947374], [98.1390465, 13.89478], [98.1390697, 13.894842]]]}}, {"type": "Feature", "properties": {"osm_id": 1564005222, "building": "yes"}, "geometry": {"type": "Polygon", "coordinates": [[[98.1390869, 13.8946129], [98.139208, 13.8945704], [98.1391849, 13.8945083], [98.1390637, 13.8945509], [98.1390869, 13.8946129]]]}}, {"type": "Feature", "properties": {"osm_id": 1564005223, "building": "yes"}, "geometry": {"type": "Polygon", "coordinates": [[[98.1390933, 13.8945171], [98.1392144, 13.8944745], [98.1391914, 13.8944125], [98.1390701, 13.894455], [98.1390933, 13.8945171]]]}}, {"type": "Feature", "properties": {"osm_id": 1564005224, "building": "yes"}, "geometry": {"type": "Polygon", "coordinates": [[[98.1377366, 13.8949577], [98.1378797, 13.894907], [98.1378506, 13.8948296], [98.1377075, 13.8948804], [98.1377366, 13.8949577]]]}}, {"type": "Feature", "properties": {"osm_id": 1564005225, "building": "yes"}, "geometry": {"type": "Polygon", "coordinates": [[[98.1382907, 13.8946209], [98.1383231, 13.8947419], [98.1383889, 13.8947253], [98.1383564, 13.8946042], [98.1382907, 13.8946209]]]}}, {"type": "Feature", "properties": {"osm_id": 1564005226, "building": "yes"}, "geometry": {"type": "Polygon", "coordinates": [[[98.1377767, 13.8943677], [98.1377646, 13.8942432], [98.137697, 13.8942494], [98.137709, 13.894374], [98.1377767, 13.8943677]]]}}, {"type": "Feature", "properties": {"osm_id": 1564005227, "building": "yes"}, "geometry": {"type": "Polygon", "coordinates": [[[98.1379311, 13.8943781], [98.1379191, 13.8942536], [98.1378515, 13.8942597], [98.1378635, 13.8943843], [98.1379311, 13.8943781]]]}}, {"type": "Feature", "properties": {"osm_id": 1564005228, "building": "yes"}, "geometry": {"type": "Polygon", "coordinates": [[[98.137856, 13.8943989], [98.137844, 13.8942744], [98.1377764, 13.8942806], [98.1377884, 13.8944052], [98.137856, 13.8943989]]]}}, {"type": "Feature", "properties": {"osm_id": 1564005229, "building": "yes"}, "geometry": {"type": "Polygon", "coordinates": [[[98.1389884, 13.8941502], [98.1390946, 13.8940793], [98.1390561, 13.894025], [98.1389499, 13.8940958], [98.1389884, 13.8941502]]]}}, {"type": "Feature", "properties": {"osm_id": 1564005230, "building": "yes"}, "geometry": {"type": "Polygon", "coordinates": [[[98.1387887, 13.8939717], [98.138911, 13.8939324], [98.1388897, 13.8938698], [98.1387673, 13.8939091], [98.1387887, 13.8939717]]]}}, {"type": "Feature", "properties": {"osm_id": 1564005231, "building": "yes"}, "geometry": {"type": "Polygon", "coordinates": [[[98.1388074, 13.8936399], [98.1389297, 13.8936006], [98.1389084, 13.8935379], [98.138786, 13.8935773], [98.1388074, 13.8936399]]]}}, {"type": "Feature", "properties": {"osm_id": 1564005232, "building": "yes"}, "geometry": {"type": "Polygon", "coordinates": [[[98.1384644, 13.8941237], [98.1386167, 13.894053], [98.1385886, 13.8939959], [98.1384363, 13.8940666], [98.1384644, 13.8941237]]]}}, {"type": "Feature", "properties": {"osm_id": 1564005233, "building": "yes"}, "geometry": {"type": "Polygon", "coordinates": [[[98.1388198, 13.8938659], [98.1389799, 13.8938144], [98.1389594, 13.8937543], [98.1387992, 13.8938059], [98.1388198, 13.8938659]]]}}, {"type": "Feature", "properties": {"osm_id": 1564013176, "building": "yes"}, "geometry": {"type": "Polygon", "coordinates": [[[98.1375952, 13.8939702], [98.1376904, 13.8939555], [98.1376775, 13.8938763], [98.1375822, 13.893891], [98.1375952, 13.8939702]]]}}, {"type": "Feature", "properties": {"osm_id": 1564013177, "building": "yes"}, "geometry": {"type": "Polygon", "coordinates": [[[98.1381224, 13.8936645], [98.1380045, 13.8937148], [98.1380318, 13.8937752], [98.1381498, 13.8937248], [98.1381224, 13.8936645]]]}}, {"type": "Feature", "properties": {"osm_id": 1564013178, "building": "yes"}, "geometry": {"type": "Polygon", "coordinates": [[[98.1383941, 13.8937489], [98.138359, 13.8936286], [98.1382936, 13.8936465], [98.1383288, 13.8937669], [98.1383941, 13.8937489]]]}}, {"type": "Feature", "properties": {"osm_id": 1564013179, "building": "yes"}, "geometry": {"type": "Polygon", "coordinates": [[[98.1380136, 13.8936036], [98.1379784, 13.8934833], [98.1379131, 13.8935013], [98.1379482, 13.8936217], [98.1380136, 13.8936036]]]}}, {"type": "Feature", "properties": {"osm_id": 1564013180, "building": "yes"}, "geometry": {"type": "Polygon", "coordinates": [[[98.1382998, 13.8931616], [98.1382646, 13.8930413], [98.1381993, 13.8930593], [98.1382345, 13.8931797], [98.1382998, 13.8931616]]]}}, {"type": "Feature", "properties": {"osm_id": 1564013181, "building": "yes"}, "geometry": {"type": "Polygon", "coordinates": [[[98.1376705, 13.8937122], [98.1376376, 13.8936237], [98.1377041, 13.8936004], [98.1377371, 13.8936889], [98.1376705, 13.8937122]]]}}, {"type": "Feature", "properties": {"osm_id": 1564013182, "building": "yes"}, "geometry": {"type": "Polygon", "coordinates": [[[98.1385806, 13.8935325], [98.1384554, 13.893562], [98.1384714, 13.8936261], [98.1385966, 13.8935966], [98.1385806, 13.8935325]]]}}, {"type": "Feature", "properties": {"osm_id": 1564013183, "building": "yes"}, "geometry": {"type": "Polygon", "coordinates": [[[98.1388602, 13.8934189], [98.1387351, 13.8934484], [98.138751, 13.8935125], [98.1388763, 13.8934829], [98.1388602, 13.8934189]]]}}, {"type": "Feature", "properties": {"osm_id": 1564013184, "building": "yes"}, "geometry": {"type": "Polygon", "coordinates": [[[98.1387529, 13.8932453], [98.1386277, 13.8932748], [98.1386437, 13.8933388], [98.138769, 13.8933093], [98.1387529, 13.8932453]]]}}, {"type": "Feature", "properties": {"osm_id": 1564013185, "building": "yes"}, "geometry": {"type": "Polygon", "coordinates": [[[98.1386814, 13.8930306], [98.1385562, 13.8930601], [98.1385722, 13.8931241], [98.1386974, 13.8930946], [98.1386814, 13.8930306]]]}}, {"type": "Feature", "properties": {"osm_id": 1564013186, "building": "yes"}, "geometry": {"type": "Polygon", "coordinates": [[[98.1386261, 13.8929264], [98.1385009, 13.8929559], [98.1385169, 13.8930199], [98.1386421, 13.8929904], [98.1386261, 13.8929264]]]}}, {"type": "Feature", "properties": {"osm_id": 1564013187, "building": "yes"}, "geometry": {"type": "Polygon", "coordinates": [[[98.1384828, 13.8928976], [98.1386664, 13.8928546], [98.1386479, 13.8927803], [98.1384643, 13.8928234], [98.1384828, 13.8928976]]]}}, {"type": "Feature", "properties": {"osm_id": 1564013188, "building": "yes"}, "geometry": {"type": "Polygon", "coordinates": [[[98.1385739, 13.8927015], [98.1384487, 13.892731], [98.1384647, 13.8927951], [98.13859, 13.8927656], [98.1385739, 13.8927015]]]}}, {"type": "Feature", "properties": {"osm_id": 1564013189, "building": "yes"}, "geometry": {"type": "Polygon", "coordinates": [[[98.138569, 13.8925651], [98.1384438, 13.8925946], [98.1384598, 13.8926587], [98.138585, 13.8926292], [98.138569, 13.8925651]]]}}, {"type": "Feature", "properties": {"osm_id": 1564013190, "building": "yes"}, "geometry": {"type": "Polygon", "coordinates": [[[98.1385271, 13.8923857], [98.1384019, 13.8924152], [98.1384179, 13.8924792], [98.1385431, 13.8924497], [98.1385271, 13.8923857]]]}}, {"type": "Feature", "properties": {"osm_id": 1564013191, "building": "yes"}, "geometry": {"type": "Polygon", "coordinates": [[[98.1384704, 13.8923091], [98.1383452, 13.8923386], [98.1383612, 13.8924027], [98.1384864, 13.8923731], [98.1384704, 13.8923091]]]}}, {"type": "Feature", "properties": {"osm_id": 1564013192, "building": "yes"}, "geometry": {"type": "Polygon", "coordinates": [[[98.13833, 13.8928497], [98.1382971, 13.8927612], [98.1383636, 13.8927378], [98.1383965, 13.8928264], [98.13833, 13.8928497]]]}}, {"type": "Feature", "properties": {"osm_id": 1564013193, "building": "yes"}, "geometry": {"type": "Polygon", "coordinates": [[[98.1384434, 13.8937761], [98.1385095, 13.8937484], [98.138469, 13.8936574], [98.1384029, 13.8936851], [98.1384434, 13.8937761]]]}}, {"type": "Feature", "properties": {"osm_id": 1564013194, "building": "yes"}, "geometry": {"type": "Polygon", "coordinates": [[[98.1388031, 13.8937896], [98.1389254, 13.8937503], [98.1389041, 13.8936877], [98.1387817, 13.893727], [98.1388031, 13.8937896]]]}}, {"type": "Feature", "properties": {"osm_id": 1564013195, "building": "yes"}, "geometry": {"type": "Polygon", "coordinates": [[[98.138048, 13.892109], [98.1381575, 13.8920799], [98.1381074, 13.8919028], [98.137998, 13.8919319], [98.138048, 13.892109]]]}}, {"type": "Feature", "properties": {"osm_id": 1564013196, "building": "yes"}, "geometry": {"type": "Polygon", "coordinates": [[[98.1376008, 13.8922954], [98.1378026, 13.8922504], [98.1377652, 13.8920922], [98.1375634, 13.8921372], [98.1376008, 13.8922954]]]}}, {"type": "Feature", "properties": {"osm_id": 1564013197, "building": "yes"}, "geometry": {"type": "Polygon", "coordinates": [[[98.1377989, 13.8922825], [98.1376738, 13.892312], [98.1376897, 13.8923761], [98.137815, 13.8923465], [98.1377989, 13.8922825]]]}}, {"type": "Feature", "properties": {"osm_id": 1564013198, "building": "yes"}, "geometry": {"type": "Polygon", "coordinates": [[[98.137762, 13.8918399], [98.1376368, 13.8918694], [98.1376528, 13.8919334], [98.137778, 13.8919039], [98.137762, 13.8918399]]]}}, {"type": "Feature", "properties": {"osm_id": 1564013199, "building": "yes"}, "geometry": {"type": "Polygon", "coordinates": [[[98.1377414, 13.8917052], [98.1378618, 13.8916207], [98.1378214, 13.8915664], [98.137701, 13.891651], [98.1377414, 13.8917052]]]}}, {"type": "Feature", "properties": {"osm_id": 1564013200, "building": "yes"}, "geometry": {"type": "Polygon", "coordinates": [[[98.1377031, 13.8914091], [98.1375899, 13.8914688], [98.1376224, 13.8915268], [98.1377356, 13.891467], [98.1377031, 13.8914091]]]}}, {"type": "Feature", "properties": {"osm_id": 1564013201, "building": "yes"}, "geometry": {"type": "Polygon", "coordinates": [[[98.1364982, 13.8901406], [98.1364259, 13.8900371], [98.1363697, 13.8900741], [98.136442, 13.8901777], [98.1364982, 13.8901406]]]}}, {"type": "Feature", "properties": {"osm_id": 1564013202, "building": "yes"}, "geometry": {"type": "Polygon", "coordinates": [[[98.1362474, 13.8898626], [98.1361615, 13.8897694], [98.1361109, 13.8898133], [98.1361968, 13.8899066], [98.1362474, 13.8898626]]]}}, {"type": "Feature", "properties": {"osm_id": 1564013203, "building": "yes"}, "geometry": {"type": "Polygon", "coordinates": [[[98.1359311, 13.8895051], [98.1360224, 13.8894584], [98.1359885, 13.889396], [98.1358972, 13.8894427], [98.1359311, 13.8895051]]]}}, {"type": "Feature", "properties": {"osm_id": 1564013204, "building": "yes"}, "geometry": {"type": "Polygon", "coordinates": [[[98.1357534, 13.8892809], [98.1358267, 13.8892475], [98.1358059, 13.8892046], [98.1357327, 13.889238], [98.1357534, 13.8892809]]]}}, {"type": "Feature", "properties": {"osm_id": 1564013205, "building": "yes"}, "geometry": {"type": "Polygon", "coordinates": [[[98.1356291, 13.889321], [98.1357023, 13.8892875], [98.1356816, 13.8892447], [98.1356083, 13.8892781], [98.1356291, 13.889321]]]}}, {"type": "Feature", "properties": {"osm_id": 1564013206, "building": "yes"}, "geometry": {"type": "Polygon", "coordinates": [[[98.1343635, 13.8886857], [98.1344285, 13.8886736], [98.134417, 13.8886148], [98.1343519, 13.8886269], [98.1343635, 13.8886857]]]}}, {"type": "Feature", "properties": {"osm_id": 1564013207, "building": "yes"}, "geometry": {"type": "Polygon", "coordinates": [[[98.1350754, 13.8884653], [98.1351337, 13.8884347], [98.1351044, 13.8883821], [98.1350461, 13.8884126], [98.1350754, 13.8884653]]]}}, {"type": "Feature", "properties": {"osm_id": 1564013208, "building": "yes"}, "geometry": {"type": "Polygon", "coordinates": [[[98.1354774, 13.8889215], [98.1355357, 13.888891], [98.1355064, 13.8888383], [98.1354481, 13.8888689], [98.1354774, 13.8889215]]]}}, {"type": "Feature", "properties": {"osm_id": 1564013209, "building": "yes"}, "geometry": {"type": "Polygon", "coordinates": [[[98.1348347, 13.8882976], [98.134893, 13.8882671], [98.1348637, 13.8882144], [98.1348054, 13.888245], [98.1348347, 13.8882976]]]}}, {"type": "Feature", "properties": {"osm_id": 1564013210, "building": "yes"}, "geometry": {"type": "Polygon", "coordinates": [[[98.134806, 13.8881595], [98.1348792, 13.8881261], [98.1348585, 13.8880832], [98.1347852, 13.8881166], [98.134806, 13.8881595]]]}}, {"type": "Feature", "properties": {"osm_id": 1564013211, "building": "yes"}, "geometry": {"type": "Polygon", "coordinates": [[[98.1341675, 13.8876361], [98.1342997, 13.8875691], [98.1342668, 13.887508], [98.1341346, 13.8875749], [98.1341675, 13.8876361]]]}}, {"type": "Feature", "properties": {"osm_id": 1564013212, "building": "yes"}, "geometry": {"type": "Polygon", "coordinates": [[[98.1353912, 13.8897595], [98.1354408, 13.8898215], [98.1354794, 13.8897925], [98.1354298, 13.8897304], [98.1353912, 13.8897595]]]}}, {"type": "Feature", "properties": {"osm_id": 1564013213, "building": "yes"}, "geometry": {"type": "Polygon", "coordinates": [[[98.1339456, 13.8867694], [98.1340376, 13.8867673], [98.1340341, 13.8866258], [98.1339422, 13.886628], [98.1339456, 13.8867694]]]}}, {"type": "Feature", "properties": {"osm_id": 1564013214, "building": "yes"}, "geometry": {"type": "Polygon", "coordinates": [[[98.1341198, 13.8865632], [98.1342117, 13.8865611], [98.1342082, 13.8864196], [98.1341163, 13.8864218], [98.1341198, 13.8865632]]]}}, {"type": "Feature", "properties": {"osm_id": 1564013215, "building": "yes"}, "geometry": {"type": "Polygon", "coordinates": [[[98.1343126, 13.8865955], [98.1343922, 13.8865904], [98.1343847, 13.8864795], [98.1343051, 13.8864846], [98.1343126, 13.8865955]]]}}, {"type": "Feature", "properties": {"osm_id": 1564013216, "building": "yes"}, "geometry": {"type": "Polygon", "coordinates": [[[98.1343038, 13.8864608], [98.1345394, 13.8864307], [98.1345262, 13.886334], [98.1342907, 13.8863642], [98.1343038, 13.8864608]]]}}, {"type": "Feature", "properties": {"osm_id": 1564013217, "building": "yes"}, "geometry": {"type": "Polygon", "coordinates": [[[98.1339076, 13.8863206], [98.1339181, 13.8865511], [98.1340184, 13.8865468], [98.1340079, 13.8863163], [98.1339076, 13.8863206]]]}}, {"type": "Feature", "properties": {"osm_id": 1564013218, "building": "yes"}, "geometry": {"type": "Polygon", "coordinates": [[[98.1342249, 13.8863088], [98.1343314, 13.8863], [98.1343107, 13.8860641], [98.1342043, 13.8860729], [98.1342249, 13.8863088]]]}}, {"type": "Feature", "properties": {"osm_id": 1564013219, "building": "yes"}, "geometry": {"type": "Polygon", "coordinates": [[[98.1338523, 13.8862005], [98.1339414, 13.8861983], [98.1339394, 13.8861214], [98.1338503, 13.8861236], [98.1338523, 13.8862005]]]}}, {"type": "Feature", "properties": {"osm_id": 1564013220, "building": "yes"}, "geometry": {"type": "Polygon", "coordinates": [[[98.134812, 13.8857524], [98.1348083, 13.8856751], [98.1346939, 13.8856802], [98.1346976, 13.8857576], [98.134812, 13.8857524]]]}}, {"type": "Feature", "properties": {"osm_id": 1564013221, "building": "yes"}, "geometry": {"type": "Polygon", "coordinates": [[[98.1340701, 13.8861013], [98.1340653, 13.8860245], [98.1341278, 13.8860208], [98.1341325, 13.8860976], [98.1340701, 13.8861013]]]}}, {"type": "Feature", "properties": {"osm_id": 1564013222, "building": "yes"}, "geometry": {"type": "Polygon", "coordinates": [[[98.1347169, 13.8852197], [98.1346834, 13.8851494], [98.1345795, 13.885196], [98.1346129, 13.8852662], [98.1347169, 13.8852197]]]}}, {"type": "Feature", "properties": {"osm_id": 1564013223, "building": "yes"}, "geometry": {"type": "Polygon", "coordinates": [[[98.1346801, 13.8851345], [98.1346466, 13.8850642], [98.1345427, 13.8851107], [98.1345761, 13.885181], [98.1346801, 13.8851345]]]}}, {"type": "Feature", "properties": {"osm_id": 1564013224, "building": "yes"}, "geometry": {"type": "Polygon", "coordinates": [[[98.1346206, 13.8850602], [98.1345872, 13.88499], [98.1344832, 13.8850365], [98.1345167, 13.8851068], [98.1346206, 13.8850602]]]}}, {"type": "Feature", "properties": {"osm_id": 1564013225, "building": "yes"}, "geometry": {"type": "Polygon", "coordinates": [[[98.134564, 13.8849585], [98.1345305, 13.8848883], [98.1344266, 13.8849348], [98.13446, 13.8850051], [98.134564, 13.8849585]]]}}, {"type": "Feature", "properties": {"osm_id": 1564016019, "building": "yes"}, "geometry": {"type": "Polygon", "coordinates": [[[98.1350706, 13.8857624], [98.1350669, 13.8856851], [98.1349525, 13.8856902], [98.1349562, 13.8857676], [98.1350706, 13.8857624]]]}}, {"type": "Feature", "properties": {"osm_id": 1564016020, "building": "yes"}, "geometry": {"type": "Polygon", "coordinates": [[[98.1351174, 13.8860304], [98.1351137, 13.8859531], [98.1349993, 13.8859582], [98.135003, 13.8860356], [98.1351174, 13.8860304]]]}}, {"type": "Feature", "properties": {"osm_id": 1564016021, "building": "yes"}, "geometry": {"type": "Polygon", "coordinates": [[[98.1351354, 13.8865174], [98.1350936, 13.8864514], [98.1349961, 13.8865097], [98.1350379, 13.8865757], [98.1351354, 13.8865174]]]}}, {"type": "Feature", "properties": {"osm_id": 1564016022, "building": "yes"}, "geometry": {"type": "Polygon", "coordinates": [[[98.1352012, 13.8866078], [98.1351663, 13.8865382], [98.1350634, 13.8865868], [98.1350983, 13.8866564], [98.1352012, 13.8866078]]]}}, {"type": "Feature", "properties": {"osm_id": 1564016023, "building": "yes"}, "geometry": {"type": "Polygon", "coordinates": [[[98.1352702, 13.8866844], [98.1352353, 13.8866147], [98.1351324, 13.8866634], [98.1351673, 13.886733], [98.1352702, 13.8866844]]]}}, {"type": "Feature", "properties": {"osm_id": 1564016024, "building": "yes"}, "geometry": {"type": "Polygon", "coordinates": [[[98.1353713, 13.8867944], [98.1353364, 13.8867248], [98.1352334, 13.8867735], [98.1352684, 13.8868431], [98.1353713, 13.8867944]]]}}, {"type": "Feature", "properties": {"osm_id": 1564016025, "building": "yes"}, "geometry": {"type": "Polygon", "coordinates": [[[98.1355759, 13.8869763], [98.135541, 13.8869067], [98.135438, 13.8869553], [98.135473, 13.8870249], [98.1355759, 13.8869763]]]}}, {"type": "Feature", "properties": {"osm_id": 1564016026, "building": "yes"}, "geometry": {"type": "Polygon", "coordinates": [[[98.1357551, 13.8872134], [98.135734, 13.8871387], [98.1356236, 13.8871681], [98.1356447, 13.8872428], [98.1357551, 13.8872134]]]}}, {"type": "Feature", "properties": {"osm_id": 1564016027, "building": "yes"}, "geometry": {"type": "Polygon", "coordinates": [[[98.1357724, 13.8873378], [98.1357512, 13.8872631], [98.1356408, 13.8872925], [98.135662, 13.8873672], [98.1357724, 13.8873378]]]}}, {"type": "Feature", "properties": {"osm_id": 1564016028, "building": "yes"}, "geometry": {"type": "Polygon", "coordinates": [[[98.1346613, 13.8870048], [98.134692, 13.887089], [98.1348294, 13.8870416], [98.1347986, 13.8869575], [98.1346613, 13.8870048]]]}}, {"type": "Feature", "properties": {"osm_id": 1564016029, "building": "yes"}, "geometry": {"type": "Polygon", "coordinates": [[[98.1352308, 13.887005], [98.1351959, 13.8869354], [98.1350929, 13.886984], [98.1351279, 13.8870536], [98.1352308, 13.887005]]]}}, {"type": "Feature", "properties": {"osm_id": 1564016030, "building": "yes"}, "geometry": {"type": "Polygon", "coordinates": [[[98.1354748, 13.8872969], [98.1354399, 13.8872273], [98.135337, 13.8872759], [98.1353719, 13.8873456], [98.1354748, 13.8872969]]]}}, {"type": "Feature", "properties": {"osm_id": 1564016031, "building": "yes"}, "geometry": {"type": "Polygon", "coordinates": [[[98.13497, 13.8870182], [98.1350484, 13.8870065], [98.135058, 13.8870665], [98.1349796, 13.8870782], [98.13497, 13.8870182]]]}}, {"type": "Feature", "properties": {"osm_id": 1564016032, "building": "yes"}, "geometry": {"type": "Polygon", "coordinates": [[[98.1349893, 13.8877539], [98.1349543, 13.8876843], [98.1348514, 13.887733], [98.1348863, 13.8878026], [98.1349893, 13.8877539]]]}}, {"type": "Feature", "properties": {"osm_id": 1564016033, "building": "yes"}, "geometry": {"type": "Polygon", "coordinates": [[[98.1351864, 13.887852], [98.1351515, 13.8877824], [98.1350486, 13.8878311], [98.1350835, 13.8879007], [98.1351864, 13.887852]]]}}, {"type": "Feature", "properties": {"osm_id": 1564016034, "building": "yes"}, "geometry": {"type": "Polygon", "coordinates": [[[98.134829, 13.8876511], [98.1347941, 13.8875814], [98.1346912, 13.8876301], [98.1347261, 13.8876997], [98.134829, 13.8876511]]]}}, {"type": "Feature", "properties": {"osm_id": 1564016035, "building": "yes"}, "geometry": {"type": "Polygon", "coordinates": [[[98.1348266, 13.8874692], [98.1347916, 13.8873996], [98.1346887, 13.8874482], [98.1347236, 13.8875178], [98.1348266, 13.8874692]]]}}, {"type": "Feature", "properties": {"osm_id": 1564016036, "building": "yes"}, "geometry": {"type": "Polygon", "coordinates": [[[98.1352486, 13.8876236], [98.1353269, 13.8876119], [98.1353365, 13.887672], [98.1352581, 13.8876836], [98.1352486, 13.8876236]]]}}, {"type": "Feature", "properties": {"osm_id": 1564016037, "building": "yes"}, "geometry": {"type": "Polygon", "coordinates": [[[98.135627, 13.8875803], [98.1356129, 13.8875041], [98.1355002, 13.8875237], [98.1355143, 13.8875999], [98.135627, 13.8875803]]]}}, {"type": "Feature", "properties": {"osm_id": 1564016038, "building": "yes"}, "geometry": {"type": "Polygon", "coordinates": [[[98.1355907, 13.8874668], [98.1355557, 13.8873972], [98.1354528, 13.8874458], [98.1354877, 13.8875154], [98.1355907, 13.8874668]]]}}, {"type": "Feature", "properties": {"osm_id": 1564016039, "building": "yes"}, "geometry": {"type": "Polygon", "coordinates": [[[98.1354268, 13.8873897], [98.1354944, 13.887345], [98.1354676, 13.8873069], [98.1354, 13.8873516], [98.1354268, 13.8873897]]]}}, {"type": "Feature", "properties": {"osm_id": 1564016040, "building": "yes"}, "geometry": {"type": "Polygon", "coordinates": [[[98.1351551, 13.8877535], [98.135138, 13.8876779], [98.1350262, 13.8877016], [98.1350432, 13.8877772], [98.1351551, 13.8877535]]]}}, {"type": "Feature", "properties": {"osm_id": 1564016041, "building": "yes"}, "geometry": {"type": "Polygon", "coordinates": [[[98.1355226, 13.8877435], [98.1356715, 13.8877029], [98.1356522, 13.8876361], [98.1355033, 13.8876767], [98.1355226, 13.8877435]]]}}, {"type": "Feature", "properties": {"osm_id": 1564016042, "building": "yes"}, "geometry": {"type": "Polygon", "coordinates": [[[98.1356711, 13.8880912], [98.135657, 13.888015], [98.1355443, 13.8880346], [98.1355584, 13.8881108], [98.1356711, 13.8880912]]]}}, {"type": "Feature", "properties": {"osm_id": 1564016043, "building": "yes"}, "geometry": {"type": "Polygon", "coordinates": [[[98.1356666, 13.8877885], [98.1357403, 13.8877601], [98.1357634, 13.8878166], [98.1356897, 13.8878449], [98.1356666, 13.8877885]]]}}, {"type": "Feature", "properties": {"osm_id": 1564016044, "building": "yes"}, "geometry": {"type": "Polygon", "coordinates": [[[98.1359197, 13.8881727], [98.1359919, 13.8881355], [98.1359696, 13.8880947], [98.1358974, 13.888132], [98.1359197, 13.8881727]]]}}, {"type": "Feature", "properties": {"osm_id": 1564016045, "building": "yes"}, "geometry": {"type": "Polygon", "coordinates": [[[98.1359309, 13.8883067], [98.136066, 13.8882338], [98.1360313, 13.8881732], [98.1358962, 13.8882461], [98.1359309, 13.8883067]]]}}, {"type": "Feature", "properties": {"osm_id": 1564016046, "building": "yes"}, "geometry": {"type": "Polygon", "coordinates": [[[98.1366163, 13.8882908], [98.1365601, 13.8882358], [98.1364788, 13.8883141], [98.1365351, 13.8883691], [98.1366163, 13.8882908]]]}}, {"type": "Feature", "properties": {"osm_id": 1564016047, "building": "yes"}, "geometry": {"type": "Polygon", "coordinates": [[[98.1362721, 13.8881693], [98.1364072, 13.8880963], [98.1363725, 13.8880357], [98.1362373, 13.8881086], [98.1362721, 13.8881693]]]}}, {"type": "Feature", "properties": {"osm_id": 1564016048, "building": "yes"}, "geometry": {"type": "Polygon", "coordinates": [[[98.1358771, 13.8876222], [98.1359554, 13.8876104], [98.135965, 13.8876705], [98.1358866, 13.8876822], [98.1358771, 13.8876222]]]}}, {"type": "Feature", "properties": {"osm_id": 1564016049, "building": "yes"}, "geometry": {"type": "Polygon", "coordinates": [[[98.1362048, 13.8880484], [98.1362512, 13.8880366], [98.1362322, 13.8880025], [98.1361938, 13.8880103], [98.1362048, 13.8880484]]]}}, {"type": "Feature", "properties": {"osm_id": 1564016050, "building": "yes"}, "geometry": {"type": "Polygon", "coordinates": [[[98.136139, 13.8886023], [98.1361216, 13.8884531], [98.1360506, 13.8884609], [98.136068, 13.8886101], [98.136139, 13.8886023]]]}}, {"type": "Feature", "properties": {"osm_id": 1564016051, "building": "yes"}, "geometry": {"type": "Polygon", "coordinates": [[[98.13622, 13.8883707], [98.1362966, 13.8883506], [98.1363129, 13.8884093], [98.1362364, 13.8884293], [98.13622, 13.8883707]]]}}, {"type": "Feature", "properties": {"osm_id": 1564016052, "building": "yes"}, "geometry": {"type": "Polygon", "coordinates": [[[98.1362684, 13.8884921], [98.1363481, 13.8884744], [98.1363375, 13.8884294], [98.1362578, 13.8884472], [98.1362684, 13.8884921]]]}}, {"type": "Feature", "properties": {"osm_id": 1564016053, "building": "yes"}, "geometry": {"type": "Polygon", "coordinates": [[[98.1360111, 13.8888425], [98.1359314, 13.8888471], [98.1359383, 13.8889581], [98.1360179, 13.8889534], [98.1360111, 13.8888425]]]}}, {"type": "Feature", "properties": {"osm_id": 1564016054, "building": "yes"}, "geometry": {"type": "Polygon", "coordinates": [[[98.136366, 13.8885144], [98.1364425, 13.8884943], [98.1364588, 13.888553], [98.1363823, 13.888573], [98.136366, 13.8885144]]]}}, {"type": "Feature", "properties": {"osm_id": 1564016055, "building": "yes"}, "geometry": {"type": "Polygon", "coordinates": [[[98.1360897, 13.8883963], [98.1362248, 13.8883234], [98.1361901, 13.8882628], [98.1360549, 13.8883357], [98.1360897, 13.8883963]]]}}, {"type": "Feature", "properties": {"osm_id": 1564016056, "building": "yes"}, "geometry": {"type": "Polygon", "coordinates": [[[98.1359755, 13.8887591], [98.1359585, 13.8886835], [98.1358466, 13.8887072], [98.1358637, 13.8887828], [98.1359755, 13.8887591]]]}}, {"type": "Feature", "properties": {"osm_id": 1564016057, "building": "yes"}, "geometry": {"type": "Polygon", "coordinates": [[[98.1356877, 13.8888029], [98.1357613, 13.8887745], [98.1357845, 13.888831], [98.1357108, 13.8888593], [98.1356877, 13.8888029]]]}}, {"type": "Feature", "properties": {"osm_id": 1564016058, "building": "yes"}, "geometry": {"type": "Polygon", "coordinates": [[[98.13561, 13.8887745], [98.1356823, 13.8887373], [98.13566, 13.8886966], [98.1355877, 13.8887338], [98.13561, 13.8887745]]]}}, {"type": "Feature", "properties": {"osm_id": 1564016059, "building": "yes"}, "geometry": {"type": "Polygon", "coordinates": [[[98.1356442, 13.8885988], [98.1356301, 13.8885225], [98.1355174, 13.8885421], [98.1355315, 13.8886184], [98.1356442, 13.8885988]]]}}, {"type": "Feature", "properties": {"osm_id": 1564016060, "building": "yes"}, "geometry": {"type": "Polygon", "coordinates": [[[98.1362417, 13.8893026], [98.1362032, 13.8892347], [98.1361029, 13.8892883], [98.1361414, 13.8893562], [98.1362417, 13.8893026]]]}}, {"type": "Feature", "properties": {"osm_id": 1564016061, "building": "yes"}, "geometry": {"type": "Polygon", "coordinates": [[[98.1363601, 13.8893908], [98.1363213, 13.8893232], [98.1362212, 13.8893771], [98.13626, 13.8894448], [98.1363601, 13.8893908]]]}}, {"type": "Feature", "properties": {"osm_id": 1564016062, "building": "yes"}, "geometry": {"type": "Polygon", "coordinates": [[[98.13599, 13.8891267], [98.1360622, 13.8890895], [98.1360399, 13.8890488], [98.1359677, 13.889086], [98.13599, 13.8891267]]]}}, {"type": "Feature", "properties": {"osm_id": 1564016063, "building": "yes"}, "geometry": {"type": "Polygon", "coordinates": [[[98.1369501, 13.8888122], [98.1368939, 13.8887573], [98.1368126, 13.8888356], [98.1368689, 13.8888905], [98.1369501, 13.8888122]]]}}, {"type": "Feature", "properties": {"osm_id": 1564018588, "building": "yes"}, "geometry": {"type": "Polygon", "coordinates": [[[98.1367812, 13.8891262], [98.1368577, 13.8891061], [98.136874, 13.8891648], [98.1367975, 13.8891848], [98.1367812, 13.8891262]]]}}, {"type": "Feature", "properties": {"osm_id": 1564018589, "building": "yes"}, "geometry": {"type": "Polygon", "coordinates": [[[98.1369652, 13.8888953], [98.1370418, 13.8888752], [98.1370581, 13.8889339], [98.1369816, 13.8889539], [98.1369652, 13.8888953]]]}}, {"type": "Feature", "properties": {"osm_id": 1564018590, "building": "yes"}, "geometry": {"type": "Polygon", "coordinates": [[[98.1370172, 13.8890277], [98.1370842, 13.8889822], [98.137057, 13.8889444], [98.13699, 13.88899], [98.1370172, 13.8890277]]]}}, {"type": "Feature", "properties": {"osm_id": 1564018591, "building": "yes"}, "geometry": {"type": "Polygon", "coordinates": [[[98.1377344, 13.8892012], [98.1378695, 13.8891283], [98.1378348, 13.8890677], [98.1376996, 13.8891406], [98.1377344, 13.8892012]]]}}, {"type": "Feature", "properties": {"osm_id": 1564018592, "building": "yes"}, "geometry": {"type": "Polygon", "coordinates": [[[98.1370389, 13.8891964], [98.1371154, 13.8891763], [98.1371317, 13.889235], [98.1370552, 13.889255], [98.1370389, 13.8891964]]]}}, {"type": "Feature", "properties": {"osm_id": 1564018593, "building": "yes"}, "geometry": {"type": "Polygon", "coordinates": [[[98.1371476, 13.8890167], [98.1372114, 13.8889669], [98.1371816, 13.888931], [98.1371179, 13.8889808], [98.1371476, 13.8890167]]]}}, {"type": "Feature", "properties": {"osm_id": 1564018594, "building": "yes"}, "geometry": {"type": "Polygon", "coordinates": [[[98.1368429, 13.8898719], [98.1368077, 13.8898023], [98.1367049, 13.8898513], [98.1367401, 13.8899209], [98.1368429, 13.8898719]]]}}, {"type": "Feature", "properties": {"osm_id": 1564018595, "building": "yes"}, "geometry": {"type": "Polygon", "coordinates": [[[98.1367734, 13.8897991], [98.1367459, 13.8897264], [98.1366384, 13.8897647], [98.136666, 13.8898374], [98.1367734, 13.8897991]]]}}, {"type": "Feature", "properties": {"osm_id": 1564018596, "building": "yes"}, "geometry": {"type": "Polygon", "coordinates": [[[98.137638, 13.8890258], [98.1377031, 13.8889819], [98.1377388, 13.8890319], [98.1376737, 13.8890757], [98.137638, 13.8890258]]]}}, {"type": "Feature", "properties": {"osm_id": 1564018597, "building": "yes"}, "geometry": {"type": "Polygon", "coordinates": [[[98.1373157, 13.8891508], [98.1373844, 13.8891125], [98.1374156, 13.8891652], [98.1373468, 13.8892035], [98.1373157, 13.8891508]]]}}, {"type": "Feature", "properties": {"osm_id": 1564018598, "building": "yes"}, "geometry": {"type": "Polygon", "coordinates": [[[98.1375405, 13.8893266], [98.1375869, 13.8893148], [98.1375679, 13.8892807], [98.1375295, 13.8892885], [98.1375405, 13.8893266]]]}}, {"type": "Feature", "properties": {"osm_id": 1564018599, "building": "yes"}, "geometry": {"type": "Polygon", "coordinates": [[[98.1383188, 13.8899567], [98.1384705, 13.889928], [98.1384568, 13.8898599], [98.138305, 13.8898887], [98.1383188, 13.8899567]]]}}, {"type": "Feature", "properties": {"osm_id": 1564018600, "building": "yes"}, "geometry": {"type": "Polygon", "coordinates": [[[98.137297, 13.8895962], [98.13728, 13.8895206], [98.1371681, 13.8895443], [98.1371852, 13.8896199], [98.137297, 13.8895962]]]}}, {"type": "Feature", "properties": {"osm_id": 1564018601, "building": "yes"}, "geometry": {"type": "Polygon", "coordinates": [[[98.1376158, 13.8895], [98.1377116, 13.8894692], [98.137696, 13.8894235], [98.1376002, 13.8894544], [98.1376158, 13.8895]]]}}, {"type": "Feature", "properties": {"osm_id": 1564018602, "building": "yes"}, "geometry": {"type": "Polygon", "coordinates": [[[98.1377502, 13.8896937], [98.137846, 13.8896628], [98.1378304, 13.8896172], [98.1377346, 13.8896481], [98.1377502, 13.8896937]]]}}, {"type": "Feature", "properties": {"osm_id": 1564018603, "building": "yes"}, "geometry": {"type": "Polygon", "coordinates": [[[98.1375038, 13.8889707], [98.1375743, 13.8889006], [98.1375389, 13.888867], [98.1374684, 13.8889371], [98.1375038, 13.8889707]]]}}, {"type": "Feature", "properties": {"osm_id": 1564018604, "building": "yes"}, "geometry": {"type": "Polygon", "coordinates": [[[98.1368437, 13.8900026], [98.1369416, 13.8899787], [98.1369295, 13.8899321], [98.1368316, 13.889956], [98.1368437, 13.8900026]]]}}, {"type": "Feature", "properties": {"osm_id": 1564018605, "building": "yes"}, "geometry": {"type": "Polygon", "coordinates": [[[98.1368697, 13.8900865], [98.1369676, 13.8900626], [98.1369555, 13.890016], [98.1368576, 13.8900399], [98.1368697, 13.8900865]]]}}, {"type": "Feature", "properties": {"osm_id": 1564018606, "building": "yes"}, "geometry": {"type": "Polygon", "coordinates": [[[98.1371866, 13.8902119], [98.1371696, 13.8901363], [98.1370577, 13.89016], [98.1370748, 13.8902356], [98.1371866, 13.8902119]]]}}, {"type": "Feature", "properties": {"osm_id": 1564018607, "building": "yes"}, "geometry": {"type": "Polygon", "coordinates": [[[98.1369908, 13.8902904], [98.1370673, 13.8902703], [98.1370836, 13.890329], [98.1370071, 13.890349], [98.1369908, 13.8902904]]]}}, {"type": "Feature", "properties": {"osm_id": 1564018608, "building": "yes"}, "geometry": {"type": "Polygon", "coordinates": [[[98.1378383, 13.8893288], [98.1379157, 13.8892659], [98.1378839, 13.889229], [98.1378065, 13.8892919], [98.1378383, 13.8893288]]]}}, {"type": "Feature", "properties": {"osm_id": 1564018609, "building": "yes"}, "geometry": {"type": "Polygon", "coordinates": [[[98.1372023, 13.8904084], [98.1371853, 13.8903328], [98.1370734, 13.8903565], [98.1370905, 13.8904321], [98.1372023, 13.8904084]]]}}, {"type": "Feature", "properties": {"osm_id": 1564018610, "building": "yes"}, "geometry": {"type": "Polygon", "coordinates": [[[98.1371361, 13.8904866], [98.137234, 13.8904628], [98.1372219, 13.8904161], [98.137124, 13.89044], [98.1371361, 13.8904866]]]}}, {"type": "Feature", "properties": {"osm_id": 1564018611, "building": "yes"}, "geometry": {"type": "Polygon", "coordinates": [[[98.1374628, 13.8903733], [98.1375607, 13.8903494], [98.1375486, 13.8903028], [98.1374507, 13.8903266], [98.1374628, 13.8903733]]]}}, {"type": "Feature", "properties": {"osm_id": 1564018612, "building": "yes"}, "geometry": {"type": "Polygon", "coordinates": [[[98.1374885, 13.8905066], [98.1375864, 13.8904827], [98.1375743, 13.8904361], [98.1374765, 13.89046], [98.1374885, 13.8905066]]]}}, {"type": "Feature", "properties": {"osm_id": 1564018613, "building": "yes"}, "geometry": {"type": "Polygon", "coordinates": [[[98.1372898, 13.8903313], [98.1373663, 13.8903112], [98.1373826, 13.8903699], [98.1373061, 13.8903899], [98.1372898, 13.8903313]]]}}, {"type": "Feature", "properties": {"osm_id": 1564018614, "building": "yes"}, "geometry": {"type": "Polygon", "coordinates": [[[98.1377662, 13.8902812], [98.1377405, 13.8901332], [98.1376701, 13.8901448], [98.1376958, 13.8902928], [98.1377662, 13.8902812]]]}}, {"type": "Feature", "properties": {"osm_id": 1564018615, "building": "yes"}, "geometry": {"type": "Polygon", "coordinates": [[[98.1382053, 13.8902036], [98.1381883, 13.890128], [98.1380764, 13.8901517], [98.1380935, 13.8902273], [98.1382053, 13.8902036]]]}}, {"type": "Feature", "properties": {"osm_id": 1564018616, "building": "yes"}, "geometry": {"type": "Polygon", "coordinates": [[[98.1379721, 13.8901063], [98.1380486, 13.8900862], [98.1380649, 13.8901449], [98.1379884, 13.8901649], [98.1379721, 13.8901063]]]}}, {"type": "Feature", "properties": {"osm_id": 1564018617, "building": "yes"}, "geometry": {"type": "Polygon", "coordinates": [[[98.1378372, 13.8905638], [98.1377967, 13.890419], [98.1377278, 13.8904372], [98.1377683, 13.8905821], [98.1378372, 13.8905638]]]}}, {"type": "Feature", "properties": {"osm_id": 1564018618, "building": "yes"}, "geometry": {"type": "Polygon", "coordinates": [[[98.1379831, 13.8909033], [98.1379426, 13.8907585], [98.1378737, 13.8907767], [98.1379142, 13.8909216], [98.1379831, 13.8909033]]]}}, {"type": "Feature", "properties": {"osm_id": 1564018619, "building": "yes"}, "geometry": {"type": "Polygon", "coordinates": [[[98.1383498, 13.8908012], [98.1385039, 13.8907897], [98.1384984, 13.8907206], [98.1383442, 13.890732], [98.1383498, 13.8908012]]]}}, {"type": "Feature", "properties": {"osm_id": 1564018620, "building": "yes"}, "geometry": {"type": "Polygon", "coordinates": [[[98.1383985, 13.890854], [98.1384993, 13.8908491], [98.1384969, 13.8908011], [98.1383961, 13.8908059], [98.1383985, 13.890854]]]}}, {"type": "Feature", "properties": {"osm_id": 1564018621, "building": "yes"}, "geometry": {"type": "Polygon", "coordinates": [[[98.1380744, 13.8904785], [98.1380574, 13.8904029], [98.1379455, 13.8904266], [98.1379626, 13.8905022], [98.1380744, 13.8904785]]]}}, {"type": "Feature", "properties": {"osm_id": 1564018622, "building": "yes"}, "geometry": {"type": "Polygon", "coordinates": [[[98.1382567, 13.8906274], [98.1383546, 13.8906035], [98.1383425, 13.8905569], [98.1382446, 13.8905808], [98.1382567, 13.8906274]]]}}, {"type": "Feature", "properties": {"osm_id": 1564018623, "building": "yes"}, "geometry": {"type": "Polygon", "coordinates": [[[98.1382622, 13.8905144], [98.1383423, 13.8904984], [98.1383327, 13.8904532], [98.1382526, 13.8904693], [98.1382622, 13.8905144]]]}}, {"type": "Feature", "properties": {"osm_id": 1564018624, "building": "yes"}, "geometry": {"type": "Polygon", "coordinates": [[[98.1382991, 13.8902809], [98.1382605, 13.8902109], [98.1382186, 13.8902327], [98.1382573, 13.8903027], [98.1382991, 13.8902809]]]}}, {"type": "Feature", "properties": {"osm_id": 1564018625, "building": "yes"}, "geometry": {"type": "Polygon", "coordinates": [[[98.1383662, 13.8904327], [98.1383492, 13.8903571], [98.1382373, 13.8903808], [98.1382544, 13.8904564], [98.1383662, 13.8904327]]]}}, {"type": "Feature", "properties": {"osm_id": 1564018626, "building": "yes"}, "geometry": {"type": "Polygon", "coordinates": [[[98.1381588, 13.890425], [98.1382353, 13.8904049], [98.1382516, 13.8904636], [98.1381751, 13.8904836], [98.1381588, 13.890425]]]}}, {"type": "Feature", "properties": {"osm_id": 1564018627, "building": "yes"}, "geometry": {"type": "Polygon", "coordinates": [[[98.1379166, 13.8912217], [98.1377644, 13.8912482], [98.1377771, 13.8913165], [98.1379293, 13.89129], [98.1379166, 13.8912217]]]}}, {"type": "Feature", "properties": {"osm_id": 1564018628, "building": "yes"}, "geometry": {"type": "Polygon", "coordinates": [[[98.1378772, 13.8913653], [98.1379733, 13.8913354], [98.1379582, 13.8912896], [98.1378621, 13.8913195], [98.1378772, 13.8913653]]]}}, {"type": "Feature", "properties": {"osm_id": 1564018629, "building": "yes"}, "geometry": {"type": "Polygon", "coordinates": [[[98.1375703, 13.8909904], [98.1376664, 13.8909604], [98.1376513, 13.8909147], [98.1375552, 13.8909446], [98.1375703, 13.8909904]]]}}, {"type": "Feature", "properties": {"osm_id": 1564018630, "building": "yes"}, "geometry": {"type": "Polygon", "coordinates": [[[98.1382071, 13.8916486], [98.1382509, 13.8917662], [98.1383149, 13.8917437], [98.138271, 13.8916261], [98.1382071, 13.8916486]]]}}, {"type": "Feature", "properties": {"osm_id": 1564018631, "building": "yes"}, "geometry": {"type": "Polygon", "coordinates": [[[98.1384549, 13.8911187], [98.1385314, 13.8910986], [98.1385477, 13.8911573], [98.1384712, 13.8911773], [98.1384549, 13.8911187]]]}}, {"type": "Feature", "properties": {"osm_id": 1564018632, "building": "yes"}, "geometry": {"type": "Polygon", "coordinates": [[[98.1382597, 13.8910332], [98.1383362, 13.8910131], [98.1383525, 13.8910718], [98.138276, 13.8910918], [98.1382597, 13.8910332]]]}}, {"type": "Feature", "properties": {"osm_id": 1564018633, "building": "yes"}, "geometry": {"type": "Polygon", "coordinates": [[[98.1384356, 13.8919289], [98.1385121, 13.8919088], [98.1385284, 13.8919675], [98.1384519, 13.8919875], [98.1384356, 13.8919289]]]}}, {"type": "Feature", "properties": {"osm_id": 1564018634, "building": "yes"}, "geometry": {"type": "Polygon", "coordinates": [[[98.1385703, 13.8910862], [98.1386664, 13.8910563], [98.1386513, 13.8910105], [98.1385551, 13.8910404], [98.1385703, 13.8910862]]]}}, {"type": "Feature", "properties": {"osm_id": 1564018635, "building": "yes"}, "geometry": {"type": "Polygon", "coordinates": [[[98.138339, 13.8912957], [98.1384155, 13.8912756], [98.1384318, 13.8913343], [98.1383553, 13.8913543], [98.138339, 13.8912957]]]}}, {"type": "Feature", "properties": {"osm_id": 1564018636, "building": "yes"}, "geometry": {"type": "Polygon", "coordinates": [[[98.1383812, 13.8912124], [98.1383596, 13.8911384], [98.1384198, 13.8911218], [98.1384414, 13.8911958], [98.1383812, 13.8912124]]]}}, {"type": "Feature", "properties": {"osm_id": 1564018637, "building": "yes"}, "geometry": {"type": "Polygon", "coordinates": [[[98.1386033, 13.89167], [98.1387285, 13.8916407], [98.1387126, 13.8915765], [98.1385873, 13.8916059], [98.1386033, 13.89167]]]}}, {"type": "Feature", "properties": {"osm_id": 1564018638, "building": "yes"}, "geometry": {"type": "Polygon", "coordinates": [[[98.1386861, 13.8912861], [98.1387822, 13.8912562], [98.1387671, 13.8912105], [98.138671, 13.8912403], [98.1386861, 13.8912861]]]}}, {"type": "Feature", "properties": {"osm_id": 1564018639, "building": "yes"}, "geometry": {"type": "Polygon", "coordinates": [[[98.1386153, 13.8911882], [98.1387114, 13.8911583], [98.1386963, 13.8911126], [98.1386002, 13.8911424], [98.1386153, 13.8911882]]]}}, {"type": "Feature", "properties": {"osm_id": 1564018640, "building": "yes"}, "geometry": {"type": "Polygon", "coordinates": [[[98.1383664, 13.8915069], [98.1384625, 13.891477], [98.1384474, 13.8914313], [98.1383513, 13.8914611], [98.1383664, 13.8915069]]]}}, {"type": "Feature", "properties": {"osm_id": 1564018641, "building": "yes"}, "geometry": {"type": "Polygon", "coordinates": [[[98.1386147, 13.891747], [98.1387141, 13.8917301], [98.1387055, 13.8916828], [98.1386061, 13.8916997], [98.1386147, 13.891747]]]}}, {"type": "Feature", "properties": {"osm_id": 1564018642, "building": "yes"}, "geometry": {"type": "Polygon", "coordinates": [[[98.1385695, 13.8921548], [98.1387237, 13.8921696], [98.1387288, 13.8921187], [98.1385747, 13.8921039], [98.1385695, 13.8921548]]]}}, {"type": "Feature", "properties": {"osm_id": 1564018643, "building": "yes"}, "geometry": {"type": "Polygon", "coordinates": [[[98.1386684, 13.8919267], [98.1388226, 13.8919414], [98.1388277, 13.8918905], [98.1386736, 13.8918758], [98.1386684, 13.8919267]]]}}, {"type": "Feature", "properties": {"osm_id": 1564018644, "building": "yes"}, "geometry": {"type": "Polygon", "coordinates": [[[98.1386743, 13.8920723], [98.1387749, 13.8920803], [98.138779, 13.8920324], [98.1386784, 13.8920244], [98.1386743, 13.8920723]]]}}, {"type": "Feature", "properties": {"osm_id": 1564018645, "building": "yes"}, "geometry": {"type": "Polygon", "coordinates": [[[98.1385829, 13.8922447], [98.1387104, 13.8922627], [98.1387202, 13.8921974], [98.1385926, 13.8921795], [98.1385829, 13.8922447]]]}}, {"type": "Feature", "properties": {"osm_id": 1564018646, "building": "yes"}, "geometry": {"type": "Polygon", "coordinates": [[[98.138772, 13.8917215], [98.1388681, 13.8916916], [98.138853, 13.8916458], [98.1387568, 13.8916757], [98.138772, 13.8917215]]]}}, {"type": "Feature", "properties": {"osm_id": 1564018647, "building": "yes"}, "geometry": {"type": "Polygon", "coordinates": [[[98.13873, 13.8915547], [98.1388297, 13.8915393], [98.1388219, 13.8914918], [98.1387222, 13.8915072], [98.13873, 13.8915547]]]}}, {"type": "Feature", "properties": {"osm_id": 1564018648, "building": "yes"}, "geometry": {"type": "Polygon", "coordinates": [[[98.1386598, 13.8914165], [98.138803, 13.8913887], [98.1387909, 13.8913298], [98.1386477, 13.8913576], [98.1386598, 13.8914165]]]}}, {"type": "Feature", "properties": {"osm_id": 1564018649, "building": "yes"}, "geometry": {"type": "Polygon", "coordinates": [[[98.1385735, 13.8913455], [98.1386254, 13.8913364], [98.1386165, 13.8912891], [98.1385647, 13.8912983], [98.1385735, 13.8913455]]]}}, {"type": "Feature", "properties": {"osm_id": 1564018650, "building": "yes"}, "geometry": {"type": "Polygon", "coordinates": [[[98.1386891, 13.8914859], [98.1387837, 13.8914742], [98.1387775, 13.8914276], [98.138683, 13.8914393], [98.1386891, 13.8914859]]]}}, {"type": "Feature", "properties": {"osm_id": 1564018651, "building": "yes"}, "geometry": {"type": "Polygon", "coordinates": [[[98.1385528, 13.891214], [98.1386046, 13.8912048], [98.1385958, 13.8911576], [98.1385439, 13.8911668], [98.1385528, 13.891214]]]}}, {"type": "Feature", "properties": {"osm_id": 1564018652, "building": "yes"}, "geometry": {"type": "Polygon", "coordinates": [[[98.1386622, 13.8918577], [98.1387141, 13.8918485], [98.1387052, 13.8918012], [98.1386533, 13.8918104], [98.1386622, 13.8918577]]]}}, {"type": "Feature", "properties": {"osm_id": 1564018653, "building": "yes"}, "geometry": {"type": "Polygon", "coordinates": [[[98.1390185, 13.8919468], [98.139146, 13.8919648], [98.1391557, 13.8918995], [98.1390282, 13.8918816], [98.1390185, 13.8919468]]]}}, {"type": "Feature", "properties": {"osm_id": 1564018654, "building": "yes"}, "geometry": {"type": "Polygon", "coordinates": [[[98.1389146, 13.8922639], [98.1390152, 13.892272], [98.1390193, 13.892224], [98.1389187, 13.892216], [98.1389146, 13.8922639]]]}}, {"type": "Feature", "properties": {"osm_id": 1564018655, "building": "yes"}, "geometry": {"type": "Polygon", "coordinates": [[[98.1392336, 13.8921597], [98.1393611, 13.8921777], [98.1393522, 13.892125], [98.1392433, 13.8920944], [98.1392336, 13.8921597]]]}}, {"type": "Feature", "properties": {"osm_id": 1564018656, "building": "yes"}, "geometry": {"type": "Polygon", "coordinates": [[[98.1388127, 13.89252], [98.1389092, 13.8925288], [98.1389027, 13.8925971], [98.1388061, 13.8925884], [98.1388127, 13.89252]]]}}, {"type": "Feature", "properties": {"osm_id": 1564018657, "building": "yes"}, "geometry": {"type": "Polygon", "coordinates": [[[98.1388491, 13.8926763], [98.1389777, 13.8926844], [98.1389821, 13.8926185], [98.1388535, 13.8926105], [98.1388491, 13.8926763]]]}}, {"type": "Feature", "properties": {"osm_id": 1564018658, "building": "yes"}, "geometry": {"type": "Polygon", "coordinates": [[[98.1390419, 13.8927803], [98.1389132, 13.8927861], [98.1389163, 13.8928519], [98.139045, 13.892846], [98.1390419, 13.8927803]]]}}, {"type": "Feature", "properties": {"osm_id": 1564018659, "building": "yes"}, "geometry": {"type": "Polygon", "coordinates": [[[98.1389087, 13.8930056], [98.1390627, 13.8929893], [98.1390569, 13.8929384], [98.138903, 13.8929548], [98.1389087, 13.8930056]]]}}, {"type": "Feature", "properties": {"osm_id": 1564018660, "building": "yes"}, "geometry": {"type": "Polygon", "coordinates": [[[98.1389931, 13.892585], [98.1390449, 13.8925758], [98.1390361, 13.8925285], [98.1389842, 13.8925377], [98.1389931, 13.892585]]]}}, {"type": "Feature", "properties": {"osm_id": 1564018661, "building": "yes"}, "geometry": {"type": "Polygon", "coordinates": [[[98.1389186, 13.8925845], [98.1389703, 13.8925943], [98.1389798, 13.8925471], [98.1389281, 13.8925374], [98.1389186, 13.8925845]]]}}, {"type": "Feature", "properties": {"osm_id": 1564018662, "building": "yes"}, "geometry": {"type": "Polygon", "coordinates": [[[98.1388072, 13.8927526], [98.1389078, 13.8927606], [98.1389119, 13.8927127], [98.1388113, 13.8927047], [98.1388072, 13.8927526]]]}}, {"type": "Feature", "properties": {"osm_id": 1564018663, "building": "yes"}, "geometry": {"type": "Polygon", "coordinates": [[[98.1391672, 13.8930179], [98.1392675, 13.8930065], [98.1392617, 13.8929588], [98.1391615, 13.8929701], [98.1391672, 13.8930179]]]}}, {"type": "Feature", "properties": {"osm_id": 1564018664, "building": "yes"}, "geometry": {"type": "Polygon", "coordinates": [[[98.1393687, 13.8933071], [98.139242, 13.8933302], [98.1392545, 13.8933949], [98.1393812, 13.8933718], [98.1393687, 13.8933071]]]}}, {"type": "Feature", "properties": {"osm_id": 1564018665, "building": "yes"}, "geometry": {"type": "Polygon", "coordinates": [[[98.1391816, 13.8936575], [98.139349, 13.8936369], [98.1393408, 13.8935741], [98.1391733, 13.8935947], [98.1391816, 13.8936575]]]}}, {"type": "Feature", "properties": {"osm_id": 1564018666, "building": "yes"}, "geometry": {"type": "Polygon", "coordinates": [[[98.1391935, 13.893562], [98.139322, 13.893554], [98.1393177, 13.8934882], [98.1391891, 13.8934962], [98.1391935, 13.893562]]]}}, {"type": "Feature", "properties": {"osm_id": 1564018667, "building": "yes"}, "geometry": {"type": "Polygon", "coordinates": [[[98.1392718, 13.8934703], [98.1394365, 13.893435], [98.1394225, 13.8933732], [98.1392577, 13.8934085], [98.1392718, 13.8934703]]]}}, {"type": "Feature", "properties": {"osm_id": 1564018668, "building": "yes"}, "geometry": {"type": "Polygon", "coordinates": [[[98.139857, 13.8941801], [98.1399856, 13.8941722], [98.1399813, 13.8941064], [98.1398527, 13.8941143], [98.139857, 13.8941801]]]}}, {"type": "Feature", "properties": {"osm_id": 1564018669, "building": "yes"}, "geometry": {"type": "Polygon", "coordinates": [[[98.1398538, 13.8940943], [98.1399674, 13.8940569], [98.1399567, 13.894013], [98.1398344, 13.8940526], [98.1398538, 13.8940943]]]}}, {"type": "Feature", "properties": {"osm_id": 1564018670, "building": "yes"}, "geometry": {"type": "Polygon", "coordinates": [[[98.1398354, 13.8940277], [98.1398873, 13.8940186], [98.1398784, 13.8939713], [98.1398265, 13.8939805], [98.1398354, 13.8940277]]]}}, {"type": "Feature", "properties": {"osm_id": 1564018671, "building": "yes"}, "geometry": {"type": "Polygon", "coordinates": [[[98.1394751, 13.8944009], [98.1396037, 13.894393], [98.1395994, 13.8943272], [98.1394707, 13.8943351], [98.1394751, 13.8944009]]]}}, {"type": "Feature", "properties": {"osm_id": 1564018672, "building": "yes"}, "geometry": {"type": "Polygon", "coordinates": [[[98.1394003, 13.8941435], [98.1395214, 13.8941009], [98.1394984, 13.8940389], [98.1393771, 13.8940814], [98.1394003, 13.8941435]]]}}, {"type": "Feature", "properties": {"osm_id": 1564018673, "building": "yes"}, "geometry": {"type": "Polygon", "coordinates": [[[98.1392968, 13.8938382], [98.1392785, 13.8937789], [98.1393522, 13.8937575], [98.1393705, 13.8938168], [98.1392968, 13.8938382]]]}}, {"type": "Feature", "properties": {"osm_id": 1564018674, "building": "yes"}, "geometry": {"type": "Polygon", "coordinates": [[[98.1398613, 13.8952416], [98.1399899, 13.8952337], [98.1399856, 13.8951679], [98.139857, 13.8951758], [98.1398613, 13.8952416]]]}}, {"type": "Feature", "properties": {"osm_id": 1564018675, "building": "yes"}, "geometry": {"type": "Polygon", "coordinates": [[[98.1399248, 13.8947026], [98.1400536, 13.8947056], [98.1400553, 13.8946397], [98.1399264, 13.8946367], [98.1399248, 13.8947026]]]}}, {"type": "Feature", "properties": {"osm_id": 1564018676, "building": "yes"}, "geometry": {"type": "Polygon", "coordinates": [[[98.1399371, 13.8946189], [98.1400659, 13.8946219], [98.1400675, 13.894556], [98.1399387, 13.894553], [98.1399371, 13.8946189]]]}}, {"type": "Feature", "properties": {"osm_id": 1564018677, "building": "yes"}, "geometry": {"type": "Polygon", "coordinates": [[[98.13976, 13.8946109], [98.1397834, 13.8947339], [98.1398502, 13.894722], [98.1398268, 13.8945989], [98.13976, 13.8946109]]]}}, {"type": "Feature", "properties": {"osm_id": 1564018678, "building": "yes"}, "geometry": {"type": "Polygon", "coordinates": [[[98.1396097, 13.8946061], [98.139633, 13.8947291], [98.1396998, 13.8947172], [98.1396765, 13.8945941], [98.1396097, 13.8946061]]]}}, {"type": "Feature", "properties": {"osm_id": 1564018679, "building": "yes"}, "geometry": {"type": "Polygon", "coordinates": [[[98.1396876, 13.8951389], [98.1397936, 13.8951149], [98.1397664, 13.8950384], [98.139764, 13.8950001], [98.1396974, 13.8950145], [98.1397098, 13.8950647], [98.1396752, 13.8950886], [98.1396876, 13.8951389]]]}}, {"type": "Feature", "properties": {"osm_id": 1564018680, "building": "yes"}, "geometry": {"type": "Polygon", "coordinates": [[[98.1398226, 13.8953648], [98.1399512, 13.8953568], [98.1399469, 13.895291], [98.1398182, 13.895299], [98.1398226, 13.8953648]]]}}, {"type": "Feature", "properties": {"osm_id": 1564018681, "building": "yes"}, "geometry": {"type": "Polygon", "coordinates": [[[98.1398547, 13.8955203], [98.1399832, 13.8955123], [98.1399789, 13.8954465], [98.1398503, 13.8954545], [98.1398547, 13.8955203]]]}}, {"type": "Feature", "properties": {"osm_id": 1564018682, "building": "yes"}, "geometry": {"type": "Polygon", "coordinates": [[[98.1399007, 13.8957255], [98.1398955, 13.8956638], [98.1399722, 13.8956577], [98.1399774, 13.8957194], [98.1399007, 13.8957255]]]}}, {"type": "Feature", "properties": {"osm_id": 1564018683, "building": "yes"}, "geometry": {"type": "Polygon", "coordinates": [[[98.139874, 13.895619], [98.1399546, 13.895592], [98.1399394, 13.8955492], [98.1398588, 13.8955762], [98.139874, 13.895619]]]}}, {"type": "Feature", "properties": {"osm_id": 1564018684, "building": "yes"}, "geometry": {"type": "Polygon", "coordinates": [[[98.1398965, 13.8958583], [98.1399892, 13.8958346], [98.1399767, 13.8957885], [98.139884, 13.8958122], [98.1398965, 13.8958583]]]}}, {"type": "Feature", "properties": {"osm_id": 1564018685, "building": "yes"}, "geometry": {"type": "Polygon", "coordinates": [[[98.140004, 13.8960006], [98.1401266, 13.8959622], [98.1401057, 13.8958994], [98.139983, 13.8959378], [98.140004, 13.8960006]]]}}, {"type": "Feature", "properties": {"osm_id": 1564033352, "building": "yes"}, "geometry": {"type": "Polygon", "coordinates": [[[98.0981669, 13.9017757], [98.0981614, 13.9017259], [98.0980781, 13.9017347], [98.0980836, 13.9017845], [98.0981669, 13.9017757]]]}}, {"type": "Feature", "properties": {"osm_id": 1564033353, "building": "yes"}, "geometry": {"type": "Polygon", "coordinates": [[[98.0981317, 13.9013406], [98.0981798, 13.9013414], [98.0981818, 13.9012288], [98.0981337, 13.901228], [98.0981317, 13.9013406]]]}}, {"type": "Feature", "properties": {"osm_id": 1564033354, "building": "yes"}, "geometry": {"type": "Polygon", "coordinates": [[[98.0989051, 13.9011651], [98.0990044, 13.9011523], [98.0989907, 13.9010523], [98.0988914, 13.9010652], [98.0989051, 13.9011651]]]}}, {"type": "Feature", "properties": {"osm_id": 1564033355, "building": "yes"}, "geometry": {"type": "Polygon", "coordinates": [[[98.0991774, 13.9015336], [98.0992023, 13.901474], [98.0993347, 13.9015261], [98.0993098, 13.9015858], [98.0991774, 13.9015336]]]}}, {"type": "Feature", "properties": {"osm_id": 1564033356, "building": "yes"}, "geometry": {"type": "Polygon", "coordinates": [[[98.0991567, 13.9017477], [98.0991743, 13.901686], [98.099288, 13.9017164], [98.0992705, 13.9017781], [98.0991567, 13.9017477]]]}}, {"type": "Feature", "properties": {"osm_id": 1564033357, "building": "yes"}, "geometry": {"type": "Polygon", "coordinates": [[[98.0995744, 13.9012476], [98.0995915, 13.9011566], [98.0994601, 13.9011334], [98.099443, 13.9012244], [98.0995744, 13.9012476]]]}}, {"type": "Feature", "properties": {"osm_id": 1564033358, "building": "yes"}, "geometry": {"type": "Polygon", "coordinates": [[[98.0997184, 13.9013828], [98.099725, 13.9013178], [98.0998414, 13.901329], [98.0998348, 13.901394], [98.0997184, 13.9013828]]]}}, {"type": "Feature", "properties": {"osm_id": 1564033359, "building": "yes"}, "geometry": {"type": "Polygon", "coordinates": [[[98.0986386, 13.9015835], [98.0986402, 13.901514], [98.0987581, 13.9015165], [98.0987566, 13.901586], [98.0986386, 13.9015835]]]}}, {"type": "Feature", "properties": {"osm_id": 1564087651, "building": "yes"}, "geometry": {"type": "Polygon", "coordinates": [[[98.0800179, 13.9383574], [98.0801493, 13.9382454], [98.0800914, 13.9381813], [98.0799599, 13.9382933], [98.0800179, 13.9383574]]]}}, {"type": "Feature", "properties": {"osm_id": 1564087652, "building": "yes"}, "geometry": {"type": "Polygon", "coordinates": [[[98.0800661, 13.9389743], [98.0801386, 13.9389691], [98.080132, 13.9388828], [98.0800596, 13.938888], [98.0800661, 13.9389743]]]}}, {"type": "Feature", "properties": {"osm_id": 1564087653, "building": "yes"}, "geometry": {"type": "Polygon", "coordinates": [[[98.0801681, 13.9389509], [98.0802834, 13.9389327], [98.0802685, 13.9388441], [98.0801532, 13.9388623], [98.0801681, 13.9389509]]]}}, {"type": "Feature", "properties": {"osm_id": 1564087654, "building": "yes"}, "geometry": {"type": "Polygon", "coordinates": [[[98.0804282, 13.9388337], [98.0805436, 13.9387582], [98.080474, 13.9386582], [98.0803587, 13.9387337], [98.0804282, 13.9388337]]]}}, {"type": "Feature", "properties": {"osm_id": 1564087655, "building": "yes"}, "geometry": {"type": "Polygon", "coordinates": [[[98.0810666, 13.9390238], [98.0811524, 13.9389691], [98.0810978, 13.9388884], [98.081012, 13.938943], [98.0810666, 13.9390238]]]}}, {"type": "Feature", "properties": {"osm_id": 1564087656, "building": "yes"}, "geometry": {"type": "Polygon", "coordinates": [[[98.0807367, 13.9392294], [98.0808279, 13.9391539], [98.0807735, 13.9390921], [98.0806823, 13.9391676], [98.0807367, 13.9392294]]]}}, {"type": "Feature", "properties": {"osm_id": 1564087657, "building": "yes"}, "geometry": {"type": "Polygon", "coordinates": [[[98.0813134, 13.9392424], [98.0813724, 13.9391878], [98.0813185, 13.939133], [98.0812595, 13.9391877], [98.0813134, 13.9392424]]]}}, {"type": "Feature", "properties": {"osm_id": 1564087658, "building": "yes"}, "geometry": {"type": "Polygon", "coordinates": [[[98.0810854, 13.9396043], [98.0811163, 13.9396418], [98.0812101, 13.9395689], [98.0811793, 13.9395314], [98.0810854, 13.9396043]]]}}, {"type": "Feature", "properties": {"osm_id": 1564087659, "building": "yes"}, "geometry": {"type": "Polygon", "coordinates": [[[98.0810532, 13.9395705], [98.0811605, 13.9395106], [98.0811167, 13.9394367], [98.0810094, 13.9394966], [98.0810532, 13.9395705]]]}}, {"type": "Feature", "properties": {"osm_id": 1564087660, "building": "yes"}, "geometry": {"type": "Polygon", "coordinates": [[[98.0803156, 13.9392763], [98.0804336, 13.9392763], [98.0804336, 13.9390837], [98.0803156, 13.9390837], [98.0803156, 13.9392763]]]}}, {"type": "Feature", "properties": {"osm_id": 1564089223, "building": "yes"}, "geometry": {"type": "Polygon", "coordinates": [[[98.0814783, 13.9118823], [98.0815226, 13.911851], [98.08148, 13.9117941], [98.0814357, 13.9118254], [98.0814783, 13.9118823]]]}}, {"type": "Feature", "properties": {"osm_id": 1564089224, "building": "yes"}, "geometry": {"type": "Polygon", "coordinates": [[[98.0815668, 13.9116102], [98.0816162, 13.9115828], [98.081584, 13.9115281], [98.0815347, 13.9115555], [98.0815668, 13.9116102]]]}}, {"type": "Feature", "properties": {"osm_id": 1564089225, "building": "yes"}, "geometry": {"type": "Polygon", "coordinates": [[[98.0815521, 13.9116284], [98.0815105, 13.9115659], [98.0814596, 13.9115978], [98.0815012, 13.9116603], [98.0815521, 13.9116284]]]}}, {"type": "Feature", "properties": {"osm_id": 1564089226, "building": "yes"}, "geometry": {"type": "Polygon", "coordinates": [[[98.0814293, 13.9117251], [98.0814731, 13.9116894], [98.0814182, 13.9116259], [98.0813744, 13.9116615], [98.0814293, 13.9117251]]]}}, {"type": "Feature", "properties": {"osm_id": 1564089227, "building": "yes"}, "geometry": {"type": "Polygon", "coordinates": [[[98.0810641, 13.9121268], [98.0811086, 13.9120707], [98.0810361, 13.9120165], [98.0809916, 13.9120727], [98.0810641, 13.9121268]]]}}, {"type": "Feature", "properties": {"osm_id": 1564089228, "building": "yes"}, "geometry": {"type": "Polygon", "coordinates": [[[98.0806214, 13.9125631], [98.0807957, 13.9125735], [98.0808014, 13.9124832], [98.0806271, 13.9124728], [98.0806214, 13.9125631]]]}}, {"type": "Feature", "properties": {"osm_id": 1564089229, "building": "yes"}, "geometry": {"type": "Polygon", "coordinates": [[[98.0809942, 13.9122481], [98.0810425, 13.9121726], [98.0809436, 13.912113], [98.0808953, 13.9121885], [98.0809942, 13.9122481]]]}}, {"type": "Feature", "properties": {"osm_id": 1564131008, "building": "yes"}, "geometry": {"type": "Polygon", "coordinates": [[[98.1380465, 13.8895593], [98.1381982, 13.8895306], [98.1381845, 13.8894625], [98.1380327, 13.8894913], [98.1380465, 13.8895593]]]}}, {"type": "Feature", "properties": {"osm_id": 1564131009, "building": "yes"}, "geometry": {"type": "Polygon", "coordinates": [[[98.1381789, 13.8897023], [98.1382747, 13.8896715], [98.1382591, 13.8896258], [98.1381633, 13.8896567], [98.1381789, 13.8897023]]]}}, {"type": "Feature", "properties": {"osm_id": 1564131010, "building": "yes"}, "geometry": {"type": "Polygon", "coordinates": [[[98.137871, 13.8894429], [98.1379174, 13.8894311], [98.1378984, 13.889397], [98.13786, 13.8894048], [98.137871, 13.8894429]]]}}, {"type": "Feature", "properties": {"osm_id": 1564131011, "building": "yes"}, "geometry": {"type": "Polygon", "coordinates": [[[98.1382591, 13.8898152], [98.138179, 13.8898314], [98.1381888, 13.8898766], [98.1382689, 13.8898602], [98.1382591, 13.8898152]]]}}, {"type": "Feature", "properties": {"osm_id": 1564131012, "building": "yes"}, "geometry": {"type": "Polygon", "coordinates": [[[98.138377, 13.8900318], [98.1384728, 13.890001], [98.1384572, 13.8899553], [98.1383614, 13.8899862], [98.138377, 13.8900318]]]}}, {"type": "Feature", "properties": {"osm_id": 1564131013, "building": "yes"}, "geometry": {"type": "Polygon", "coordinates": [[[98.1383967, 13.8901363], [98.1385484, 13.8901076], [98.1385347, 13.8900395], [98.1383829, 13.8900683], [98.1383967, 13.8901363]]]}}, {"type": "Feature", "properties": {"osm_id": 1564131014, "building": "yes"}, "geometry": {"type": "Polygon", "coordinates": [[[98.1388785, 13.8898576], [98.1389577, 13.8898585], [98.1389569, 13.8899193], [98.1388777, 13.8899183], [98.1388785, 13.8898576]]]}}, {"type": "Feature", "properties": {"osm_id": 1564131015, "building": "yes"}, "geometry": {"type": "Polygon", "coordinates": [[[98.138661, 13.8905347], [98.1387619, 13.8905378], [98.1387634, 13.8904897], [98.1386625, 13.8904867], [98.138661, 13.8905347]]]}}, {"type": "Feature", "properties": {"osm_id": 1564131016, "building": "yes"}, "geometry": {"type": "Polygon", "coordinates": [[[98.1384902, 13.8903007], [98.1385667, 13.8902806], [98.138583, 13.8903393], [98.1385065, 13.8903593], [98.1384902, 13.8903007]]]}}, {"type": "Feature", "properties": {"osm_id": 1564131017, "building": "yes"}, "geometry": {"type": "Polygon", "coordinates": [[[98.1384414, 13.8902537], [98.1385393, 13.8902299], [98.1385272, 13.8901832], [98.1384293, 13.8902071], [98.1384414, 13.8902537]]]}}, {"type": "Feature", "properties": {"osm_id": 1564131018, "building": "yes"}, "geometry": {"type": "Polygon", "coordinates": [[[98.1387151, 13.8908509], [98.1387892, 13.8908174], [98.1387691, 13.8907755], [98.138695, 13.8908092], [98.1387151, 13.8908509]]]}}, {"type": "Feature", "properties": {"osm_id": 1564131019, "building": "yes"}, "geometry": {"type": "Polygon", "coordinates": [[[98.1388916, 13.8903394], [98.1388728, 13.8901905], [98.1388019, 13.890199], [98.1388207, 13.890348], [98.1388916, 13.8903394]]]}}, {"type": "Feature", "properties": {"osm_id": 1564131020, "building": "yes"}, "geometry": {"type": "Polygon", "coordinates": [[[98.1389233, 13.8901091], [98.1389102, 13.8900332], [98.138972, 13.8900232], [98.1389849, 13.8900991], [98.1389233, 13.8901091]]]}}, {"type": "Feature", "properties": {"osm_id": 1564131021, "building": "yes"}, "geometry": {"type": "Polygon", "coordinates": [[[98.1391951, 13.8900884], [98.1391781, 13.8900128], [98.1390662, 13.8900365], [98.1390833, 13.8901121], [98.1391951, 13.8900884]]]}}, {"type": "Feature", "properties": {"osm_id": 1564131022, "building": "yes"}, "geometry": {"type": "Polygon", "coordinates": [[[98.1399996, 13.8898216], [98.1399761, 13.8897263], [98.1399279, 13.8897376], [98.1399515, 13.8898329], [98.1399996, 13.8898216]]]}}, {"type": "Feature", "properties": {"osm_id": 1564131024, "building": "yes"}, "geometry": {"type": "Polygon", "coordinates": [[[98.1389207, 13.8910896], [98.1390215, 13.8910853], [98.1390193, 13.8910373], [98.1389185, 13.8910416], [98.1389207, 13.8910896]]]}}, {"type": "Feature", "properties": {"osm_id": 1564131025, "building": "yes"}, "geometry": {"type": "Polygon", "coordinates": [[[98.13884, 13.8908661], [98.1387659, 13.8908999], [98.1387862, 13.8909416], [98.1388602, 13.8909078], [98.13884, 13.8908661]]]}}, {"type": "Feature", "properties": {"osm_id": 1564131026, "building": "yes"}, "geometry": {"type": "Polygon", "coordinates": [[[98.1390266, 13.8913406], [98.1391227, 13.8913107], [98.1391076, 13.891265], [98.1390115, 13.8912948], [98.1390266, 13.8913406]]]}}, {"type": "Feature", "properties": {"osm_id": 1564131027, "building": "yes"}, "geometry": {"type": "Polygon", "coordinates": [[[98.1391959, 13.8911034], [98.1392043, 13.8910057], [98.1391551, 13.8910017], [98.1391465, 13.8910993], [98.1391959, 13.8911034]]]}}, {"type": "Feature", "properties": {"osm_id": 1564131028, "building": "yes"}, "geometry": {"type": "Polygon", "coordinates": [[[98.1393097, 13.8909963], [98.1393151, 13.8910756], [98.1393625, 13.8910725], [98.1393571, 13.8909932], [98.1393097, 13.8909963]]]}}, {"type": "Feature", "properties": {"osm_id": 1564131029, "building": "yes"}, "geometry": {"type": "Polygon", "coordinates": [[[98.1395507, 13.8912218], [98.1395323, 13.8910728], [98.1394614, 13.8910811], [98.1394797, 13.8912302], [98.1395507, 13.8912218]]]}}, {"type": "Feature", "properties": {"osm_id": 1564131030, "building": "yes"}, "geometry": {"type": "Polygon", "coordinates": [[[98.1394614, 13.890821], [98.1395604, 13.8908017], [98.1395506, 13.8907546], [98.1394517, 13.8907738], [98.1394614, 13.890821]]]}}, {"type": "Feature", "properties": {"osm_id": 1564131031, "building": "yes"}, "geometry": {"type": "Polygon", "coordinates": [[[98.13943, 13.8906729], [98.1395065, 13.8906528], [98.1395228, 13.8907115], [98.1394463, 13.8907315], [98.13943, 13.8906729]]]}}, {"type": "Feature", "properties": {"osm_id": 1564131032, "building": "yes"}, "geometry": {"type": "Polygon", "coordinates": [[[98.1393698, 13.8903925], [98.1393878, 13.8902435], [98.1393169, 13.8902355], [98.1392988, 13.8903846], [98.1393698, 13.8903925]]]}}, {"type": "Feature", "properties": {"osm_id": 1564131033, "building": "yes"}, "geometry": {"type": "Polygon", "coordinates": [[[98.1396222, 13.8928723], [98.1396175, 13.8927744], [98.139568, 13.8927766], [98.1395727, 13.8928745], [98.1396222, 13.8928723]]]}}, {"type": "Feature", "properties": {"osm_id": 1564131034, "building": "yes"}, "geometry": {"type": "Polygon", "coordinates": [[[98.1392143, 13.8922213], [98.1392635, 13.8922394], [98.1392811, 13.8921945], [98.1392318, 13.8921763], [98.1392143, 13.8922213]]]}}, {"type": "Feature", "properties": {"osm_id": 1564131035, "building": "yes"}, "geometry": {"type": "Polygon", "coordinates": [[[98.1395895, 13.8902573], [98.13956, 13.8901636], [98.1395126, 13.8901778], [98.1395422, 13.8902715], [98.1395895, 13.8902573]]]}}, {"type": "Feature", "properties": {"osm_id": 1564131036, "building": "yes"}, "geometry": {"type": "Polygon", "coordinates": [[[98.1396746, 13.8902024], [98.1397213, 13.8901902], [98.1397023, 13.8901561], [98.1396639, 13.8901639], [98.1396746, 13.8902024]]]}}, {"type": "Feature", "properties": {"osm_id": 1564131037, "building": "yes"}, "geometry": {"type": "Polygon", "coordinates": [[[98.1392029, 13.890734], [98.1392062, 13.8908133], [98.1392537, 13.8908114], [98.1392503, 13.8907321], [98.1392029, 13.890734]]]}}, {"type": "Feature", "properties": {"osm_id": 1564132598, "building": "yes"}, "geometry": {"type": "Polygon", "coordinates": [[[98.1355407, 13.8856318], [98.1355073, 13.8855615], [98.1354033, 13.8856081], [98.1354368, 13.8856784], [98.1355407, 13.8856318]]]}}, {"type": "Feature", "properties": {"osm_id": 1564132600, "building": "yes"}, "geometry": {"type": "Polygon", "coordinates": [[[98.1357775, 13.8882211], [98.1358497, 13.8881839], [98.1358274, 13.8881431], [98.1357552, 13.8881804], [98.1357775, 13.8882211]]]}}, {"type": "Feature", "properties": {"osm_id": 1564132601, "building": "yes"}, "geometry": {"type": "Polygon", "coordinates": [[[98.1360075, 13.8883339], [98.1360512, 13.8883148], [98.1360266, 13.8882842], [98.1359901, 13.8882982], [98.1360075, 13.8883339]]]}}, {"type": "Feature", "properties": {"osm_id": 1564132602, "building": "yes"}, "geometry": {"type": "Polygon", "coordinates": [[[98.1367319, 13.888852], [98.1367957, 13.8888022], [98.1367659, 13.8887663], [98.1367022, 13.8888161], [98.1367319, 13.888852]]]}}, {"type": "Feature", "properties": {"osm_id": 1564132629, "building": "yes"}, "geometry": {"type": "Polygon", "coordinates": [[[98.139999, 13.8933172], [98.1400512, 13.8933058], [98.1400418, 13.8932652], [98.1399896, 13.8932766], [98.139999, 13.8933172]]]}}, {"type": "Feature", "properties": {"osm_id": 1564142936, "building": "yes"}, "geometry": {"type": "Polygon", "coordinates": [[[98.0986718, 13.9020277], [98.0986828, 13.9019635], [98.0987288, 13.9019709], [98.0987354, 13.901932], [98.0988751, 13.9019544], [98.0988651, 13.902013], [98.0987339, 13.9019919], [98.0987263, 13.9020365], [98.0986718, 13.9020277]]]}}, {"type": "Feature", "properties": {"osm_id": 1564142937, "building": "yes"}, "geometry": {"type": "Polygon", "coordinates": [[[98.0987385, 13.9027057], [98.0988801, 13.9027432], [98.0988951, 13.9026897], [98.0987535, 13.9026522], [98.0987385, 13.9027057]]]}}, {"type": "Feature", "properties": {"osm_id": 1564142938, "building": "yes"}, "geometry": {"type": "Polygon", "coordinates": [[[98.0983133, 13.9025237], [98.0983726, 13.9025384], [98.0983823, 13.9025015], [98.0984595, 13.9025206], [98.0984726, 13.9024707], [98.0983361, 13.9024369], [98.0983133, 13.9025237]]]}}, {"type": "Feature", "properties": {"osm_id": 1564142939, "building": "yes"}, "geometry": {"type": "Polygon", "coordinates": [[[98.0982997, 13.9026286], [98.0984168, 13.9026557], [98.0984336, 13.9025871], [98.0983165, 13.90256], [98.0982997, 13.9026286]]]}}, {"type": "Feature", "properties": {"osm_id": 1564142940, "building": "yes"}, "geometry": {"type": "Polygon", "coordinates": [[[98.0987905, 13.9039035], [98.0989193, 13.9039133], [98.0989253, 13.9038386], [98.0987965, 13.9038288], [98.0987905, 13.9039035]]]}}, {"type": "Feature", "properties": {"osm_id": 1564142941, "building": "yes"}, "geometry": {"type": "Polygon", "coordinates": [[[98.0969301, 13.9048885], [98.097032, 13.9048896], [98.0970328, 13.9048175], [98.0969309, 13.9048164], [98.0969301, 13.9048885]]]}}, {"type": "Feature", "properties": {"osm_id": 1564142942, "building": "yes"}, "geometry": {"type": "Polygon", "coordinates": [[[98.0962326, 13.9088572], [98.0961421, 13.9088459], [98.0961559, 13.9087411], [98.0962464, 13.9087523], [98.0962326, 13.9088572]]]}}, {"type": "Feature", "properties": {"osm_id": 1564142943, "building": "yes"}, "geometry": {"type": "Polygon", "coordinates": [[[98.0960568, 13.9088354], [98.0961421, 13.9088459], [98.0961554, 13.9087447], [98.0960701, 13.9087342], [98.0960568, 13.9088354]]]}}, {"type": "Feature", "properties": {"osm_id": 1564142944, "building": "yes"}, "geometry": {"type": "Polygon", "coordinates": [[[98.0950951, 13.9085528], [98.0951675, 13.90855], [98.0951615, 13.9084052], [98.0950891, 13.908408], [98.0950951, 13.9085528]]]}}, {"type": "Feature", "properties": {"osm_id": 1564142945, "building": "yes"}, "geometry": {"type": "Polygon", "coordinates": [[[98.0945163, 13.9086108], [98.0945759, 13.9086174], [98.0945941, 13.9084635], [98.0945345, 13.9084568], [98.0945163, 13.9086108]]]}}, {"type": "Feature", "properties": {"osm_id": 1564142946, "building": "yes"}, "geometry": {"type": "Polygon", "coordinates": [[[98.0952643, 13.908266], [98.0953173, 13.9082734], [98.0953365, 13.9081444], [98.0952834, 13.908137], [98.0952643, 13.908266]]]}}, {"type": "Feature", "properties": {"osm_id": 1564142947, "building": "yes"}, "geometry": {"type": "Polygon", "coordinates": [[[98.0938211, 13.9095554], [98.0938719, 13.9096511], [98.0940653, 13.9095544], [98.0940145, 13.9094587], [98.0938211, 13.9095554]]]}}, {"type": "Feature", "properties": {"osm_id": 1564147761, "building": "yes"}, "geometry": {"type": "Polygon", "coordinates": [[[98.0928044, 13.9047188], [98.0928639, 13.9047157], [98.0928595, 13.9046367], [98.0928, 13.9046399], [98.0928044, 13.9047188]]]}}, {"type": "Feature", "properties": {"osm_id": 1564147762, "building": "yes"}, "geometry": {"type": "Polygon", "coordinates": [[[98.092891, 13.9047146], [98.0929563, 13.9047068], [98.092946, 13.9046248], [98.0928807, 13.9046326], [98.092891, 13.9047146]]]}}, {"type": "Feature", "properties": {"osm_id": 1564147763, "building": "yes"}, "geometry": {"type": "Polygon", "coordinates": [[[98.0929876, 13.9047153], [98.0930485, 13.9047042], [98.0930354, 13.9046362], [98.0929745, 13.9046473], [98.0929876, 13.9047153]]]}}, {"type": "Feature", "properties": {"osm_id": 1564147764, "building": "yes"}, "geometry": {"type": "Polygon", "coordinates": [[[98.0928734, 13.9045667], [98.0929345, 13.9045578], [98.0929275, 13.9045128], [98.092924, 13.9044899], [98.0928629, 13.9044988], [98.0928734, 13.9045667]]]}}, {"type": "Feature", "properties": {"osm_id": 1564147765, "building": "yes"}, "geometry": {"type": "Polygon", "coordinates": [[[98.0933777, 13.9045341], [98.0934578, 13.9045279], [98.0934477, 13.9044048], [98.0933676, 13.904411], [98.0933777, 13.9045341]]]}}, {"type": "Feature", "properties": {"osm_id": 1564147766, "building": "yes"}, "geometry": {"type": "Polygon", "coordinates": [[[98.0935773, 13.9046499], [98.0936484, 13.9046401], [98.093633, 13.9045342], [98.0935619, 13.904544], [98.0935773, 13.9046499]]]}}, {"type": "Feature", "properties": {"osm_id": 1564147900, "building": "yes"}, "geometry": {"type": "Polygon", "coordinates": [[[98.0932126, 13.9045741], [98.0932969, 13.9045619], [98.093279, 13.9044459], [98.0931947, 13.9044581], [98.0932126, 13.9045741]]]}}, {"type": "Feature", "properties": {"osm_id": 1564147901, "building": "yes"}, "geometry": {"type": "Polygon", "coordinates": [[[98.0935666, 13.9045043], [98.0936289, 13.9044917], [98.0936102, 13.9044043], [98.0935479, 13.9044169], [98.0935666, 13.9045043]]]}}, {"type": "Feature", "properties": {"osm_id": 1564147902, "building": "yes"}, "geometry": {"type": "Polygon", "coordinates": [[[98.0938109, 13.9045147], [98.0938735, 13.9045044], [98.0938514, 13.9043765], [98.0937887, 13.9043867], [98.0938109, 13.9045147]]]}}, {"type": "Feature", "properties": {"osm_id": 1564147903, "building": "yes"}, "geometry": {"type": "Polygon", "coordinates": [[[98.0937362, 13.9044985], [98.0937942, 13.9044918], [98.0937843, 13.9044109], [98.0937263, 13.9044177], [98.0937362, 13.9044985]]]}}, {"type": "Feature", "properties": {"osm_id": 1564148644, "building": "yes"}, "geometry": {"type": "Polygon", "coordinates": [[[98.0934111, 13.9046808], [98.0934759, 13.9046742], [98.0934657, 13.9045792], [98.0934009, 13.9045858], [98.0934111, 13.9046808]]]}}, {"type": "Feature", "properties": {"osm_id": 1564148645, "building": "yes"}, "geometry": {"type": "Polygon", "coordinates": [[[98.0934283, 13.9048782], [98.0935025, 13.9048682], [98.0934909, 13.9047871], [98.0934167, 13.9047971], [98.0934283, 13.9048782]]]}}, {"type": "Feature", "properties": {"osm_id": 1564148646, "building": "yes"}, "geometry": {"type": "Polygon", "coordinates": [[[98.0935173, 13.9048576], [98.0935873, 13.9048513], [98.0935799, 13.904773], [98.0935099, 13.9047793], [98.0935173, 13.9048576]]]}}, {"type": "Feature", "properties": {"osm_id": 1564148647, "building": "yes"}, "geometry": {"type": "Polygon", "coordinates": [[[98.0931731, 13.9049047], [98.0932379, 13.9049031], [98.0932356, 13.9048179], [98.0931708, 13.9048195], [98.0931731, 13.9049047]]]}}, {"type": "Feature", "properties": {"osm_id": 1564148949, "building": "yes"}, "geometry": {"type": "Polygon", "coordinates": [[[98.093541, 13.9050356], [98.0936043, 13.90503], [98.0935962, 13.9049443], [98.0935329, 13.9049499], [98.093541, 13.9050356]]]}}, {"type": "Feature", "properties": {"osm_id": 1564148950, "building": "yes"}, "geometry": {"type": "Polygon", "coordinates": [[[98.093449, 13.9050383], [98.0935103, 13.9050366], [98.093508, 13.9049576], [98.0934467, 13.9049593], [98.093449, 13.9050383]]]}}, {"type": "Feature", "properties": {"osm_id": 1564148951, "building": "yes"}, "geometry": {"type": "Polygon", "coordinates": [[[98.0931801, 13.9050427], [98.0932456, 13.9050308], [98.0932324, 13.9049628], [98.093167, 13.9049747], [98.0931801, 13.9050427]]]}}, {"type": "Feature", "properties": {"osm_id": 1564148952, "building": "yes"}, "geometry": {"type": "Polygon", "coordinates": [[[98.0933539, 13.9050374], [98.0934245, 13.905035], [98.0934212, 13.9049443], [98.0933506, 13.9049467], [98.0933539, 13.9050374]]]}}, {"type": "Feature", "properties": {"osm_id": 1564148953, "building": "yes"}, "geometry": {"type": "Polygon", "coordinates": [[[98.0938756, 13.9049491], [98.0939359, 13.9049398], [98.093925, 13.9048733], [98.0938647, 13.9048826], [98.0938756, 13.9049491]]]}}, {"type": "Feature", "properties": {"osm_id": 1564148954, "building": "yes"}, "geometry": {"type": "Polygon", "coordinates": [[[98.0940587, 13.9051517], [98.0941163, 13.9051515], [98.0941161, 13.9050907], [98.0940584, 13.905091], [98.0940587, 13.9051517]]]}}, {"type": "Feature", "properties": {"osm_id": 1564148955, "building": "yes"}, "geometry": {"type": "Polygon", "coordinates": [[[98.0939526, 13.9049739], [98.0940084, 13.90497], [98.094003, 13.904898], [98.0939472, 13.9049019], [98.0939526, 13.9049739]]]}}, {"type": "Feature", "properties": {"osm_id": 1564148956, "building": "yes"}, "geometry": {"type": "Polygon", "coordinates": [[[98.0938027, 13.9049722], [98.0938514, 13.9049651], [98.0938423, 13.9049061], [98.0937935, 13.9049133], [98.0938027, 13.9049722]]]}}, {"type": "Feature", "properties": {"osm_id": 1564148957, "building": "yes"}, "geometry": {"type": "Polygon", "coordinates": [[[98.0938071, 13.9051949], [98.0938575, 13.9051896], [98.0938486, 13.9051092], [98.0937982, 13.9051145], [98.0938071, 13.9051949]]]}}, {"type": "Feature", "properties": {"osm_id": 1564148958, "building": "yes"}, "geometry": {"type": "Polygon", "coordinates": [[[98.0936486, 13.9051847], [98.0937014, 13.9051808], [98.0936969, 13.9051224], [98.0936441, 13.9051262], [98.0936486, 13.9051847]]]}}, {"type": "Feature", "properties": {"osm_id": 1564149697, "building": "yes"}, "geometry": {"type": "Polygon", "coordinates": [[[98.0938646, 13.9042611], [98.0939496, 13.9042496], [98.0939345, 13.9041445], [98.0938496, 13.904156], [98.0938646, 13.9042611]]]}}, {"type": "Feature", "properties": {"osm_id": 1564149698, "building": "yes"}, "geometry": {"type": "Polygon", "coordinates": [[[98.0935192, 13.9042903], [98.0935929, 13.9042842], [98.0935852, 13.9041955], [98.0935115, 13.9042016], [98.0935192, 13.9042903]]]}}, {"type": "Feature", "properties": {"osm_id": 1564149699, "building": "yes"}, "geometry": {"type": "Polygon", "coordinates": [[[98.093599, 13.904144], [98.0936662, 13.9041405], [98.0936609, 13.9040468], [98.0935937, 13.9040504], [98.093599, 13.904144]]]}}, {"type": "Feature", "properties": {"osm_id": 1564149700, "building": "yes"}, "geometry": {"type": "Polygon", "coordinates": [[[98.0934352, 13.9041644], [98.093497, 13.9041609], [98.0934912, 13.9040625], [98.0934294, 13.9040659], [98.0934352, 13.9041644]]]}}, {"type": "Feature", "properties": {"osm_id": 1564149701, "building": "yes"}, "geometry": {"type": "Polygon", "coordinates": [[[98.0935904, 13.9039413], [98.0936418, 13.9039389], [98.0936377, 13.9038573], [98.0935863, 13.9038597], [98.0935904, 13.9039413]]]}}, {"type": "Feature", "properties": {"osm_id": 1564149702, "building": "yes"}, "geometry": {"type": "Polygon", "coordinates": [[[98.0935122, 13.9039595], [98.0935643, 13.9039564], [98.0935585, 13.9038647], [98.0935064, 13.9038678], [98.0935122, 13.9039595]]]}}, {"type": "Feature", "properties": {"osm_id": 1564149704, "building": "yes"}, "geometry": {"type": "Polygon", "coordinates": [[[98.0933357, 13.9039605], [98.0933829, 13.9039595], [98.0933806, 13.9038519], [98.0933333, 13.9038529], [98.0933357, 13.9039605]]]}}, {"type": "Feature", "properties": {"osm_id": 1564149705, "building": "yes"}, "geometry": {"type": "Polygon", "coordinates": [[[98.0934053, 13.9039583], [98.0934716, 13.9039541], [98.0934652, 13.903858], [98.0933989, 13.9038622], [98.0934053, 13.9039583]]]}}, {"type": "Feature", "properties": {"osm_id": 1564150171, "building": "yes"}, "geometry": {"type": "Polygon", "coordinates": [[[98.0934456, 13.904305], [98.09352, 13.9042989], [98.0935192, 13.9042903], [98.0935115, 13.9042016], [98.0934371, 13.9042077], [98.0934456, 13.904305]]]}}, {"type": "Feature", "properties": {"osm_id": 1564150172, "building": "yes"}, "geometry": {"type": "Polygon", "coordinates": [[[98.0933617, 13.9043046], [98.0934214, 13.9042968], [98.0934084, 13.9042034], [98.0933487, 13.9042112], [98.0933617, 13.9043046]]]}}, {"type": "Feature", "properties": {"osm_id": 1564150173, "building": "yes"}, "geometry": {"type": "Polygon", "coordinates": [[[98.0932914, 13.9043278], [98.0933423, 13.9043203], [98.0933286, 13.9042318], [98.0932776, 13.9042393], [98.0932914, 13.9043278]]]}}, {"type": "Feature", "properties": {"osm_id": 1564150212, "building": "yes"}, "geometry": {"type": "Polygon", "coordinates": [[[98.0932566, 13.9041762], [98.0933117, 13.9041777], [98.0933138, 13.9041044], [98.0932587, 13.9041029], [98.0932566, 13.9041762]]]}}, {"type": "Feature", "properties": {"osm_id": 1564150213, "building": "yes"}, "geometry": {"type": "Polygon", "coordinates": [[[98.0930851, 13.9041751], [98.0931544, 13.9041702], [98.0931492, 13.9040999], [98.0930799, 13.9041048], [98.0930851, 13.9041751]]]}}, {"type": "Feature", "properties": {"osm_id": 1564150214, "building": "yes"}, "geometry": {"type": "Polygon", "coordinates": [[[98.0931806, 13.9042927], [98.0932342, 13.9042896], [98.0932302, 13.9042244], [98.0931767, 13.9042275], [98.0931806, 13.9042927]]]}}, {"type": "Feature", "properties": {"osm_id": 1564151353, "building": "yes"}, "geometry": {"type": "Polygon", "coordinates": [[[98.0928524, 13.9050977], [98.0929038, 13.905097], [98.0929034, 13.9050695], [98.092903, 13.905043], [98.0928516, 13.9050438], [98.0928524, 13.9050977]]]}}, {"type": "Feature", "properties": {"osm_id": 1564151354, "building": "yes"}, "geometry": {"type": "Polygon", "coordinates": [[[98.092969, 13.9050625], [98.0929125, 13.9050633], [98.0929114, 13.9049926], [98.0929679, 13.9049918], [98.092969, 13.9050625]]]}}, {"type": "Feature", "properties": {"osm_id": 1564151355, "building": "yes"}, "geometry": {"type": "Polygon", "coordinates": [[[98.0929987, 13.9049149], [98.0930799, 13.9049107], [98.0930753, 13.9048264], [98.0929941, 13.9048306], [98.0929987, 13.9049149]]]}}, {"type": "Feature", "properties": {"osm_id": 1564151356, "building": "yes"}, "geometry": {"type": "Polygon", "coordinates": [[[98.0940419, 13.9048149], [98.0940936, 13.9048123], [98.0940901, 13.9047462], [98.0940383, 13.9047489], [98.0940419, 13.9048149]]]}}, {"type": "Feature", "properties": {"osm_id": 1564151357, "building": "yes"}, "geometry": {"type": "Polygon", "coordinates": [[[98.0941208, 13.904811], [98.0941863, 13.904797], [98.0941694, 13.9047225], [98.0941039, 13.9047365], [98.0941208, 13.904811]]]}}, {"type": "Feature", "properties": {"osm_id": 1564151358, "building": "yes"}, "geometry": {"type": "Polygon", "coordinates": [[[98.094151, 13.9049795], [98.0942093, 13.9049707], [98.0941978, 13.9048981], [98.0941394, 13.9049068], [98.094151, 13.9049795]]]}}, {"type": "Feature", "properties": {"osm_id": 1564151359, "building": "yes"}, "geometry": {"type": "Polygon", "coordinates": [[[98.0940488, 13.9053191], [98.0941119, 13.90532], [98.0941131, 13.9052454], [98.09405, 13.9052444], [98.0940488, 13.9053191]]]}}, {"type": "Feature", "properties": {"osm_id": 1564151360, "building": "yes"}, "geometry": {"type": "Polygon", "coordinates": [[[98.0941538, 13.9053298], [98.0942141, 13.9053284], [98.094212, 13.9052472], [98.0941516, 13.9052487], [98.0941538, 13.9053298]]]}}, {"type": "Feature", "properties": {"osm_id": 1564151961, "building": "yes"}, "geometry": {"type": "Polygon", "coordinates": [[[98.0939941, 13.9053164], [98.0940283, 13.9053133], [98.094023, 13.9052558], [98.0939887, 13.9052589], [98.0939941, 13.9053164]]]}}, {"type": "Feature", "properties": {"osm_id": 1564151962, "building": "yes"}, "geometry": {"type": "Polygon", "coordinates": [[[98.0936645, 13.9053575], [98.0937187, 13.9053483], [98.0937071, 13.9052842], [98.0936529, 13.9052934], [98.0936645, 13.9053575]]]}}, {"type": "Feature", "properties": {"osm_id": 1564151963, "building": "yes"}, "geometry": {"type": "Polygon", "coordinates": [[[98.093562, 13.9052087], [98.0936158, 13.9052046], [98.0936124, 13.9051627], [98.0935586, 13.9051668], [98.093562, 13.9052087]]]}}, {"type": "Feature", "properties": {"osm_id": 1564151964, "building": "yes"}, "geometry": {"type": "Polygon", "coordinates": [[[98.0932327, 13.9054343], [98.0933035, 13.9054266], [98.093289, 13.9053019], [98.0932182, 13.9053096], [98.0932327, 13.9054343]]]}}, {"type": "Feature", "properties": {"osm_id": 1564151965, "building": "yes"}, "geometry": {"type": "Polygon", "coordinates": [[[98.0929773, 13.9054333], [98.0930398, 13.9054281], [98.0930303, 13.9053199], [98.0929679, 13.9053251], [98.0929773, 13.9054333]]]}}, {"type": "Feature", "properties": {"osm_id": 1564151966, "building": "yes"}, "geometry": {"type": "Polygon", "coordinates": [[[98.0928577, 13.9052937], [98.0929368, 13.9052786], [98.0929215, 13.905203], [98.0928424, 13.9052181], [98.0928577, 13.9052937]]]}}, {"type": "Feature", "properties": {"osm_id": 1564151967, "building": "yes"}, "geometry": {"type": "Polygon", "coordinates": [[[98.093046, 13.9052863], [98.0930977, 13.9052787], [98.0930845, 13.9051939], [98.0930328, 13.9052015], [98.093046, 13.9052863]]]}}, {"type": "Feature", "properties": {"osm_id": 1564151968, "building": "yes"}, "geometry": {"type": "Polygon", "coordinates": [[[98.0932159, 13.9052678], [98.0932737, 13.9052639], [98.0932692, 13.9051999], [98.0932114, 13.9052037], [98.0932159, 13.9052678]]]}}, {"type": "Feature", "properties": {"osm_id": 1564151969, "building": "yes"}, "geometry": {"type": "Polygon", "coordinates": [[[98.0933113, 13.9052443], [98.0933714, 13.9052409], [98.0933678, 13.9051803], [98.0933077, 13.9051837], [98.0933113, 13.9052443]]]}}, {"type": "Feature", "properties": {"osm_id": 1564152188, "building": "yes"}, "geometry": {"type": "Polygon", "coordinates": [[[98.0934097, 13.9053871], [98.0934535, 13.9053863], [98.0934522, 13.9053212], [98.0934083, 13.905322], [98.0934097, 13.9053871]]]}}, {"type": "Feature", "properties": {"osm_id": 1564152189, "building": "yes"}, "geometry": {"type": "Polygon", "coordinates": [[[98.0933048, 13.9053894], [98.0933554, 13.9053871], [98.0933525, 13.9053256], [98.0933018, 13.9053279], [98.0933048, 13.9053894]]]}}, {"type": "Feature", "properties": {"osm_id": 1564152190, "building": "yes"}, "geometry": {"type": "Polygon", "coordinates": [[[98.0934806, 13.9052647], [98.0935385, 13.9052595], [98.0935259, 13.9051285], [98.0934679, 13.9051338], [98.0934806, 13.9052647]]]}}, {"type": "Feature", "properties": {"osm_id": 1564152191, "building": "yes"}, "geometry": {"type": "Polygon", "coordinates": [[[98.0938284, 13.9053626], [98.0938878, 13.9053557], [98.0938747, 13.9052481], [98.0938152, 13.905255], [98.0938284, 13.9053626]]]}}, {"type": "Feature", "properties": {"osm_id": 1564152192, "building": "yes"}, "geometry": {"type": "Polygon", "coordinates": [[[98.0940547, 13.9055797], [98.0941183, 13.9055752], [98.0941123, 13.9054963], [98.0940487, 13.9055009], [98.0940547, 13.9055797]]]}}, {"type": "Feature", "properties": {"osm_id": 1564152193, "building": "yes"}, "geometry": {"type": "Polygon", "coordinates": [[[98.0942476, 13.9055012], [98.094311, 13.9054891], [98.0942985, 13.9054273], [98.0942351, 13.9054394], [98.0942476, 13.9055012]]]}}, {"type": "Feature", "properties": {"osm_id": 1564152194, "building": "yes"}, "geometry": {"type": "Polygon", "coordinates": [[[98.0946008, 13.9056823], [98.0946885, 13.9056775], [98.0946846, 13.9056116], [98.0945969, 13.9056164], [98.0946008, 13.9056823]]]}}, {"type": "Feature", "properties": {"osm_id": 1564152420, "building": "yes"}, "geometry": {"type": "Polygon", "coordinates": [[[98.0944535, 13.905231], [98.0944932, 13.9052328], [98.0944959, 13.9051785], [98.0944561, 13.9051767], [98.0944535, 13.905231]]]}}, {"type": "Feature", "properties": {"osm_id": 1564152421, "building": "yes"}, "geometry": {"type": "Polygon", "coordinates": [[[98.0944811, 13.9062765], [98.0946356, 13.9062723], [98.0946337, 13.9062046], [98.0944791, 13.9062088], [98.0944811, 13.9062765]]]}}, {"type": "Feature", "properties": {"osm_id": 1564152422, "building": "yes"}, "geometry": {"type": "Polygon", "coordinates": [[[98.0936823, 13.9046255], [98.0937353, 13.9046217], [98.0937294, 13.9045464], [98.0936764, 13.9045503], [98.0936823, 13.9046255]]]}}, {"type": "Feature", "properties": {"osm_id": 1564204405, "building": "yes"}, "geometry": {"type": "Polygon", "coordinates": [[[98.0764723, 13.9388727], [98.0765238, 13.9388059], [98.0766172, 13.9388425], [98.0765663, 13.9389192], [98.0764723, 13.9388727]]]}}, {"type": "Feature", "properties": {"osm_id": 1564204406, "building": "yes"}, "geometry": {"type": "Polygon", "coordinates": [[[98.0766726, 13.9387367], [98.0767492, 13.9386802], [98.076833, 13.9387545], [98.0767995, 13.9387917], [98.0767229, 13.9387654], [98.0766726, 13.9387367]]]}}, {"type": "Feature", "properties": {"osm_id": 1564204407, "building": "yes"}, "geometry": {"type": "Polygon", "coordinates": [[[98.0764544, 13.9389742], [98.076476, 13.9389134], [98.0765659, 13.9389423], [98.0765196, 13.9390102], [98.0764544, 13.9389742]]]}}, {"type": "Feature", "properties": {"osm_id": 1564204408, "building": "yes"}, "geometry": {"type": "Polygon", "coordinates": [[[98.0770593, 13.9400478], [98.0771524, 13.9400373], [98.0771457, 13.9399822], [98.0770527, 13.9399928], [98.0770593, 13.9400478]]]}}, {"type": "Feature", "properties": {"osm_id": 1564204409, "building": "yes"}, "geometry": {"type": "Polygon", "coordinates": [[[98.0776676, 13.9387157], [98.0777058, 13.938732], [98.0777415, 13.9386892], [98.0777135, 13.9386673], [98.0776815, 13.9386471], [98.077645, 13.9387015], [98.0776676, 13.9387157]]]}}, {"type": "Feature", "properties": {"osm_id": 1564204410, "building": "yes"}, "geometry": {"type": "Polygon", "coordinates": [[[98.0770498, 13.9382951], [98.0771216, 13.9383473], [98.0771647, 13.9382914], [98.0770928, 13.9382392], [98.0770498, 13.9382951]]]}}, {"type": "Feature", "properties": {"osm_id": 1564204411, "building": "yes"}, "geometry": {"type": "Polygon", "coordinates": [[[98.0771071, 13.9382185], [98.0771434, 13.9381564], [98.077234, 13.9382062], [98.0771977, 13.9382683], [98.0771071, 13.9382185]]]}}, {"type": "Feature", "properties": {"osm_id": 1564204412, "building": "yes"}, "geometry": {"type": "Polygon", "coordinates": [[[98.077014, 13.9381893], [98.0770628, 13.9382022], [98.0770804, 13.9381799], [98.0770276, 13.9381408], [98.077014, 13.9381893]]]}}, {"type": "Feature", "properties": {"osm_id": 1564204413, "building": "yes"}, "geometry": {"type": "Polygon", "coordinates": [[[98.0777748, 13.9386026], [98.0778775, 13.9386871], [98.0779191, 13.9386395], [98.0778307, 13.9385667], [98.0777748, 13.9386026]]]}}, {"type": "Feature", "properties": {"osm_id": 1564444754, "building": "yes"}, "geometry": {"type": "Polygon", "coordinates": [[[98.0871569, 13.912141], [98.0871097, 13.9119304], [98.087208, 13.9119096], [98.0872552, 13.9121202], [98.0871569, 13.912141]]]}}, {"type": "Feature", "properties": {"osm_id": 1564444755, "building": "yes"}, "geometry": {"type": "Polygon", "coordinates": [[[98.0880907, 13.9112107], [98.088136, 13.9111413], [98.0882322, 13.9112005], [98.0881869, 13.9112699], [98.0880907, 13.9112107]]]}}, {"type": "Feature", "properties": {"osm_id": 1564444756, "building": "yes"}, "geometry": {"type": "Polygon", "coordinates": [[[98.0902533, 13.9066061], [98.0902263, 13.9065489], [98.0903868, 13.9064777], [98.0904136, 13.9065346], [98.0903706, 13.9065536], [98.0903859, 13.906586], [98.0904494, 13.9065578], [98.0904755, 13.9066133], [98.0903659, 13.9066619], [98.0903247, 13.9065744], [98.0902533, 13.9066061]]]}}, {"type": "Feature", "properties": {"osm_id": 1564444757, "building": "yes"}, "geometry": {"type": "Polygon", "coordinates": [[[98.0934289, 13.9035056], [98.0933611, 13.9035072], [98.0933625, 13.9035659], [98.0934303, 13.9035643], [98.0934289, 13.9035056]]]}}, {"type": "Feature", "properties": {"osm_id": 1564444758, "building": "yes"}, "geometry": {"type": "Polygon", "coordinates": [[[98.0939352, 13.9041301], [98.093919, 13.9040252], [98.0939749, 13.9040171], [98.093991, 13.904122], [98.0939352, 13.9041301]]]}}, {"type": "Feature", "properties": {"osm_id": 1564444759, "building": "yes"}, "geometry": {"type": "Polygon", "coordinates": [[[98.0939632, 13.9042242], [98.0939541, 13.9041564], [98.0939985, 13.9041508], [98.0940076, 13.9042186], [98.0939632, 13.9042242]]]}}, {"type": "Feature", "properties": {"osm_id": 1564444760, "building": "yes"}, "geometry": {"type": "Polygon", "coordinates": [[[98.0937905, 13.9042755], [98.0937883, 13.9042262], [98.0938435, 13.9042239], [98.0938457, 13.9042732], [98.0937905, 13.9042755]]]}}, {"type": "Feature", "properties": {"osm_id": 1564444761, "building": "yes"}, "geometry": {"type": "Polygon", "coordinates": [[[98.094005, 13.9046133], [98.094005, 13.9045748], [98.0940558, 13.9045748], [98.0940558, 13.9046133], [98.094005, 13.9046133]]]}}, {"type": "Feature", "properties": {"osm_id": 1564444762, "building": "yes"}, "geometry": {"type": "Polygon", "coordinates": [[[98.0939299, 13.904599], [98.0939256, 13.9045409], [98.0939712, 13.9045378], [98.0939755, 13.9045958], [98.0939299, 13.904599]]]}}, {"type": "Feature", "properties": {"osm_id": 1564444763, "building": "yes"}, "geometry": {"type": "Polygon", "coordinates": [[[98.0939873, 13.9044419], [98.0939886, 13.9043713], [98.0940361, 13.904372], [98.0940349, 13.9044427], [98.0939873, 13.9044419]]]}}, {"type": "Feature", "properties": {"osm_id": 1564444764, "building": "yes"}, "geometry": {"type": "Polygon", "coordinates": [[[98.0941419, 13.9044211], [98.0941419, 13.9043657], [98.0941895, 13.9043657], [98.0941895, 13.9044211], [98.0941419, 13.9044211]]]}}, {"type": "Feature", "properties": {"osm_id": 1564444765, "building": "yes"}, "geometry": {"type": "Polygon", "coordinates": [[[98.094033, 13.906363], [98.0940357, 13.9062613], [98.0940949, 13.9062628], [98.0940922, 13.9063645], [98.094033, 13.906363]]]}}, {"type": "Feature", "properties": {"osm_id": 1564444766, "building": "yes"}, "geometry": {"type": "Polygon", "coordinates": [[[98.0945688, 13.9065775], [98.0945713, 13.9065215], [98.0946581, 13.9065251], [98.0946556, 13.9065811], [98.0945688, 13.9065775]]]}}, {"type": "Feature", "properties": {"osm_id": 1564444767, "building": "yes"}, "geometry": {"type": "Polygon", "coordinates": [[[98.0949009, 13.9072937], [98.0949202, 13.907125], [98.0950144, 13.9071352], [98.0949951, 13.9073038], [98.0949009, 13.9072937]]]}}, {"type": "Feature", "properties": {"osm_id": 1564444768, "building": "yes"}, "geometry": {"type": "Polygon", "coordinates": [[[98.094803, 13.9070636], [98.0948164, 13.906975], [98.0949091, 13.9069882], [98.0948956, 13.9070768], [98.094803, 13.9070636]]]}}, {"type": "Feature", "properties": {"osm_id": 1564444769, "building": "yes"}, "geometry": {"type": "Polygon", "coordinates": [[[98.0945075, 13.9071607], [98.0945129, 13.9070758], [98.0945716, 13.9070794], [98.0945663, 13.9071642], [98.0945075, 13.9071607]]]}}, {"type": "Feature", "properties": {"osm_id": 1564444770, "building": "yes"}, "geometry": {"type": "Polygon", "coordinates": [[[98.0946881, 13.9072268], [98.0946934, 13.9071638], [98.0947507, 13.9071683], [98.0947454, 13.9072313], [98.0946881, 13.9072268]]]}}, {"type": "Feature", "properties": {"osm_id": 1564444771, "building": "yes"}, "geometry": {"type": "Polygon", "coordinates": [[[98.0948278, 13.9068897], [98.0948439, 13.9068022], [98.0949358, 13.906818], [98.0949197, 13.9069056], [98.0948278, 13.9068897]]]}}, {"type": "Feature", "properties": {"osm_id": 1564444772, "building": "yes"}, "geometry": {"type": "Polygon", "coordinates": [[[98.0953668, 13.9078841], [98.0954089, 13.9077459], [98.095474, 13.9077646], [98.0954319, 13.9079028], [98.0953668, 13.9078841]]]}}, {"type": "Feature", "properties": {"osm_id": 1564444773, "building": "yes"}, "geometry": {"type": "Polygon", "coordinates": [[[98.0954459, 13.9079078], [98.0954773, 13.9078155], [98.0955381, 13.907835], [98.0955068, 13.9079273], [98.0954459, 13.9079078]]]}}, {"type": "Feature", "properties": {"osm_id": 1564444774, "building": "yes"}, "geometry": {"type": "Polygon", "coordinates": [[[98.0956005, 13.9079897], [98.0956661, 13.9078196], [98.0957246, 13.9078408], [98.095659, 13.9080109], [98.0956005, 13.9079897]]]}}, {"type": "Feature", "properties": {"osm_id": 1564444775, "building": "yes"}, "geometry": {"type": "Polygon", "coordinates": [[[98.0791517, 13.9129267], [98.0791428, 13.912812], [98.0792318, 13.9128055], [98.0792407, 13.9129202], [98.0791517, 13.9129267]]]}}, {"type": "Feature", "properties": {"osm_id": 1564444776, "building": "yes"}, "geometry": {"type": "Polygon", "coordinates": [[[98.0788963, 13.9125867], [98.0789095, 13.9124785], [98.0789854, 13.9124872], [98.0789722, 13.9125955], [98.0788963, 13.9125867]]]}}, {"type": "Feature", "properties": {"osm_id": 1564444777, "building": "yes"}, "geometry": {"type": "Polygon", "coordinates": [[[98.0785131, 13.9125117], [98.0785354, 13.912439], [98.0786021, 13.9124582], [98.0785799, 13.912531], [98.0785131, 13.9125117]]]}}, {"type": "Feature", "properties": {"osm_id": 1564444778, "building": "yes"}, "geometry": {"type": "Polygon", "coordinates": [[[98.0786196, 13.9125438], [98.0786458, 13.9124571], [98.078703, 13.9124734], [98.0786767, 13.9125601], [98.0786196, 13.9125438]]]}}, {"type": "Feature", "properties": {"osm_id": 1564444779, "building": "yes"}, "geometry": {"type": "Polygon", "coordinates": [[[98.0788021, 13.9126112], [98.0788236, 13.9125127], [98.0787288, 13.9124954], [98.0787102, 13.9125936], [98.0788021, 13.9126112]]]}}, {"type": "Feature", "properties": {"osm_id": 1564444780, "building": "yes"}, "geometry": {"type": "Polygon", "coordinates": [[[98.0793305, 13.9135805], [98.0793266, 13.9135312], [98.0794162, 13.9135245], [98.0794201, 13.9135738], [98.0793305, 13.9135805]]]}}, {"type": "Feature", "properties": {"osm_id": 1564444781, "building": "yes"}, "geometry": {"type": "Polygon", "coordinates": [[[98.0787762, 13.9159227], [98.0788669, 13.9158544], [98.0789117, 13.9159104], [98.078821, 13.9159787], [98.0787762, 13.9159227]]]}}, {"type": "Feature", "properties": {"osm_id": 1564444782, "building": "yes"}, "geometry": {"type": "Polygon", "coordinates": [[[98.0767731, 13.912924], [98.076749, 13.9128837], [98.0767084, 13.9129066], [98.0767326, 13.9129469], [98.0767731, 13.912924]]]}}, {"type": "Feature", "properties": {"osm_id": 1564444783, "building": "yes"}, "geometry": {"type": "Polygon", "coordinates": [[[98.076628, 13.9129291], [98.0766698, 13.9129079], [98.0766993, 13.9129626], [98.0766574, 13.9129839], [98.076628, 13.9129291]]]}}, {"type": "Feature", "properties": {"osm_id": 1564444784, "building": "yes"}, "geometry": {"type": "Polygon", "coordinates": [[[98.0768689, 13.9129954], [98.0769218, 13.9129675], [98.0769571, 13.9130309], [98.0769042, 13.9130587], [98.0768689, 13.9129954]]]}}, {"type": "Feature", "properties": {"osm_id": 1564444785, "building": "yes"}, "geometry": {"type": "Polygon", "coordinates": [[[98.0769366, 13.9128433], [98.0769087, 13.9127933], [98.0768426, 13.9128281], [98.0768705, 13.9128781], [98.0769366, 13.9128433]]]}}, {"type": "Feature", "properties": {"osm_id": 1564444786, "building": "yes"}, "geometry": {"type": "Polygon", "coordinates": [[[98.0764798, 13.9129857], [98.0765311, 13.91296], [98.0765623, 13.9130187], [98.076511, 13.9130444], [98.0764798, 13.9129857]]]}}, {"type": "Feature", "properties": {"osm_id": 1564444787, "building": "yes"}, "geometry": {"type": "Polygon", "coordinates": [[[98.0765525, 13.9129608], [98.0766074, 13.9129427], [98.0766266, 13.9129978], [98.0765717, 13.9130158], [98.0765525, 13.9129608]]]}}, {"type": "Feature", "properties": {"osm_id": 1564483138, "building": "yes"}, "geometry": {"type": "Polygon", "coordinates": [[[98.092822, 13.9075706], [98.0928041, 13.9074539], [98.0928773, 13.9074433], [98.0928951, 13.9075601], [98.092822, 13.9075706]]]}}, {"type": "Feature", "properties": {"osm_id": 1564483139, "building": "yes"}, "geometry": {"type": "Polygon", "coordinates": [[[98.0930966, 13.9078355], [98.0930862, 13.9077099], [98.0931727, 13.9077031], [98.0931832, 13.9078287], [98.0930966, 13.9078355]]]}}, {"type": "Feature", "properties": {"osm_id": 1564483140, "building": "yes"}, "geometry": {"type": "Polygon", "coordinates": [[[98.0940871, 13.9086473], [98.0940694, 13.9085385], [98.0941272, 13.9085297], [98.0941449, 13.9086384], [98.0940871, 13.9086473]]]}}, {"type": "Feature", "properties": {"osm_id": 1564483141, "building": "yes"}, "geometry": {"type": "Polygon", "coordinates": [[[98.0926835, 13.9079932], [98.0926773, 13.9078902], [98.0927117, 13.9078882], [98.0927179, 13.9079913], [98.0926835, 13.9079932]]]}}, {"type": "Feature", "properties": {"osm_id": 1564483142, "building": "yes"}, "geometry": {"type": "Polygon", "coordinates": [[[98.0932535, 13.9086632], [98.0932727, 13.9085565], [98.0933497, 13.9085695], [98.0933306, 13.9086763], [98.0932535, 13.9086632]]]}}, {"type": "Feature", "properties": {"osm_id": 1564549416, "building": "yes"}, "geometry": {"type": "Polygon", "coordinates": [[[98.1271175, 13.8870602], [98.1271377, 13.8870911], [98.127182, 13.8870637], [98.1271617, 13.8870328], [98.1271175, 13.8870602]]]}}, {"type": "Feature", "properties": {"osm_id": 1564549417, "building": "yes"}, "geometry": {"type": "Polygon", "coordinates": [[[98.1198125, 13.8850611], [98.1198186, 13.8850988], [98.1199118, 13.8850845], [98.1199057, 13.8850468], [98.1198125, 13.8850611]]]}}, {"type": "Feature", "properties": {"osm_id": 1564549418, "building": "yes"}, "geometry": {"type": "Polygon", "coordinates": [[[98.1199975, 13.8851698], [98.1199589, 13.8852802], [98.12003, 13.8853036], [98.1200686, 13.8851932], [98.1199975, 13.8851698]]]}}, {"type": "Feature", "properties": {"osm_id": 1564549419, "building": "yes"}, "geometry": {"type": "Polygon", "coordinates": [[[98.1288787, 13.9019857], [98.1288782, 13.902003], [98.1289129, 13.9020039], [98.1289133, 13.9019866], [98.1288787, 13.9019857]]]}}, {"type": "Feature", "properties": {"osm_id": 1564549420, "building": "yes"}, "geometry": {"type": "Polygon", "coordinates": [[[98.1289554, 13.9020186], [98.1289545, 13.9020525], [98.129001, 13.9020537], [98.129002, 13.9020198], [98.1289554, 13.9020186]]]}}, {"type": "Feature", "properties": {"osm_id": 1564549421, "building": "yes"}, "geometry": {"type": "Polygon", "coordinates": [[[98.128079, 13.9019405], [98.128077, 13.9020141], [98.1281984, 13.9020173], [98.1282004, 13.9019437], [98.128079, 13.9019405]]]}}, {"type": "Feature", "properties": {"osm_id": 1564549422, "building": "yes"}, "geometry": {"type": "Polygon", "coordinates": [[[98.1279865, 13.9018077], [98.1279767, 13.9018744], [98.1280048, 13.9018783], [98.1280147, 13.9018116], [98.1279865, 13.9018077]]]}}, {"type": "Feature", "properties": {"osm_id": 1564549423, "building": "yes"}, "geometry": {"type": "Polygon", "coordinates": [[[98.1278953, 13.9019769], [98.1278908, 13.9020342], [98.1279619, 13.9020394], [98.1279664, 13.9019821], [98.1278953, 13.9019769]]]}}, {"type": "Feature", "properties": {"osm_id": 1564549424, "building": "yes"}, "geometry": {"type": "Polygon", "coordinates": [[[98.1280133, 13.9017205], [98.1280059, 13.9017751], [98.1280971, 13.9017868], [98.1281045, 13.9017322], [98.1280133, 13.9017205]]]}}, {"type": "Feature", "properties": {"osm_id": 1564549425, "building": "yes"}, "geometry": {"type": "Polygon", "coordinates": [[[98.1289263, 13.9018903], [98.1289491, 13.9018902], [98.1289487, 13.9018433], [98.1289259, 13.9018435], [98.1289263, 13.9018903]]]}}, {"type": "Feature", "properties": {"osm_id": 1564549426, "building": "yes"}, "geometry": {"type": "Polygon", "coordinates": [[[98.1289233, 13.9020069], [98.1289574, 13.9020079], [98.1289587, 13.9019682], [98.1289246, 13.9019672], [98.1289233, 13.9020069]]]}}, {"type": "Feature", "properties": {"osm_id": 1564549427, "building": "yes"}, "geometry": {"type": "Polygon", "coordinates": [[[98.1289259, 13.901761], [98.1289253, 13.9017205], [98.1288448, 13.9017217], [98.1288456, 13.9017673], [98.1288933, 13.9017666], [98.1288938, 13.9017986], [98.1289414, 13.9017979], [98.1289408, 13.9017608], [98.1289259, 13.901761]]]}}, {"type": "Feature", "properties": {"osm_id": 1564549428, "building": "yes"}, "geometry": {"type": "Polygon", "coordinates": [[[98.1287429, 13.9017205], [98.1287411, 13.9017625], [98.1288068, 13.9017651], [98.1288086, 13.9017231], [98.1287429, 13.9017205]]]}}, {"type": "Feature", "properties": {"osm_id": 1564549429, "building": "yes"}, "geometry": {"type": "Polygon", "coordinates": [[[98.1285189, 13.9017895], [98.1285182, 13.9018182], [98.1288709, 13.901826], [98.1288716, 13.9017973], [98.1285189, 13.9017895]]]}}, {"type": "Feature", "properties": {"osm_id": 1564549430, "building": "yes"}, "geometry": {"type": "Polygon", "coordinates": [[[98.1284653, 13.9017211], [98.128463, 13.9017672], [98.1284975, 13.9017688], [98.1284998, 13.9017227], [98.1284653, 13.9017211]]]}}, {"type": "Feature", "properties": {"osm_id": 1564549431, "building": "yes"}, "geometry": {"type": "Polygon", "coordinates": [[[98.1284016, 13.9017166], [98.1283985, 13.9017784], [98.1284534, 13.901781], [98.1284565, 13.9017192], [98.1284016, 13.9017166]]]}}, {"type": "Feature", "properties": {"osm_id": 1564549432, "building": "yes"}, "geometry": {"type": "Polygon", "coordinates": [[[98.1284378, 13.9020026], [98.1284395, 13.9019418], [98.128383, 13.9019403], [98.1283812, 13.9020063], [98.1284149, 13.9020072], [98.1284111, 13.9021423], [98.1284814, 13.9021441], [98.1284853, 13.9020039], [98.1284378, 13.9020026]]]}}, {"type": "Feature", "properties": {"osm_id": 1564549433, "building": "yes"}, "geometry": {"type": "Polygon", "coordinates": [[[98.1283841, 13.9018786], [98.1283803, 13.9019257], [98.1284393, 13.9019303], [98.1284431, 13.9018832], [98.1283841, 13.9018786]]]}}, {"type": "Feature", "properties": {"osm_id": 1564549434, "building": "yes"}, "geometry": {"type": "Polygon", "coordinates": [[[98.1283928, 13.9017973], [98.128388, 13.901864], [98.1284457, 13.9018679], [98.1284505, 13.9018012], [98.1283928, 13.9017973]]]}}, {"type": "Feature", "properties": {"osm_id": 1564933677, "building": "yes"}, "geometry": {"type": "Polygon", "coordinates": [[[98.0869703, 13.9438476], [98.0870599, 13.9438555], [98.0870715, 13.9437306], [98.0869819, 13.9437228], [98.0869703, 13.9438476]]]}}, {"type": "Feature", "properties": {"osm_id": 1565072697, "building": "yes"}, "geometry": {"type": "Polygon", "coordinates": [[[98.1268064, 13.9313298], [98.1268714, 13.9313464], [98.1269079, 13.9312115], [98.1268668, 13.9312113], [98.1268511, 13.9312124], [98.1268311, 13.9312729], [98.1268487, 13.9312809], [98.1268064, 13.9313298]]]}}, {"type": "Feature", "properties": {"osm_id": 1565072809, "building": "yes"}, "geometry": {"type": "Polygon", "coordinates": [[[98.1269362, 13.9313775], [98.1269963, 13.9313919], [98.1270379, 13.931225], [98.1269896, 13.9312192], [98.1269685, 13.9312501], [98.1269403, 13.9313039], [98.1269362, 13.9313775]]]}}, {"type": "Feature", "properties": {"osm_id": 1565073025, "building": "yes"}, "geometry": {"type": "Polygon", "coordinates": [[[98.1264871, 13.9313302], [98.1265732, 13.9313617], [98.1265913, 13.9312916], [98.1265, 13.9312731], [98.1264923, 13.9312999], [98.1265177, 13.931307], [98.1264919, 13.9313103], [98.1264871, 13.9313302]]]}}, {"type": "Feature", "properties": {"osm_id": 1565073084, "building": "yes"}, "geometry": {"type": "Polygon", "coordinates": [[[98.1264424, 13.931235], [98.1265879, 13.9312767], [98.1266135, 13.9312057], [98.1264639, 13.9311657], [98.1264424, 13.931235]]]}}, {"type": "Feature", "properties": {"osm_id": 1565073338, "building": "yes"}, "geometry": {"type": "Polygon", "coordinates": [[[98.1265075, 13.9310796], [98.1266987, 13.9311484], [98.1267203, 13.9310734], [98.1266367, 13.9310401], [98.12661, 13.931046], [98.1265793, 13.9310357], [98.1265439, 13.9310251], [98.1265314, 13.9310427], [98.1265096, 13.931048], [98.1265075, 13.9310796]]]}}, {"type": "Feature", "properties": {"osm_id": 1565074271, "building": "yes"}, "geometry": {"type": "Polygon", "coordinates": [[[98.1266155, 13.9308163], [98.1266748, 13.9308329], [98.1266732, 13.9308457], [98.1267013, 13.9308558], [98.1267344, 13.9308025], [98.1266637, 13.9307754], [98.1266337, 13.9307706], [98.1266117, 13.9307759], [98.1266139, 13.9307941], [98.1266155, 13.9308163]]]}}, {"type": "Feature", "properties": {"osm_id": 1565074780, "building": "yes"}, "geometry": {"type": "Polygon", "coordinates": [[[98.1267445, 13.9306066], [98.126835, 13.9306329], [98.1268653, 13.9306276], [98.1268703, 13.9305978], [98.1268357, 13.9305735], [98.1267949, 13.930555], [98.126752, 13.9305413], [98.1267417, 13.9305759], [98.1267445, 13.9306066]]]}}, {"type": "Feature", "properties": {"osm_id": 1565075159, "building": "yes"}, "geometry": {"type": "Polygon", "coordinates": [[[98.1270213, 13.9305794], [98.1270627, 13.9305863], [98.127085, 13.9304877], [98.127058, 13.9304784], [98.1270281, 13.9304822], [98.1270217, 13.9305317], [98.1270213, 13.9305794]]]}}, {"type": "Feature", "properties": {"osm_id": 1565075171, "building": "yes"}, "geometry": {"type": "Polygon", "coordinates": [[[98.1272059, 13.930601], [98.1272506, 13.9306108], [98.1272838, 13.9305022], [98.1272393, 13.930489], [98.1272434, 13.9305438], [98.1272254, 13.9305518], [98.1272233, 13.9305755], [98.1272059, 13.930601]]]}}, {"type": "Feature", "properties": {"osm_id": 1565075263, "building": "yes"}, "geometry": {"type": "Polygon", "coordinates": [[[98.1273103, 13.9306609], [98.1273755, 13.930673], [98.1273965, 13.9305804], [98.1273883, 13.9305516], [98.1273599, 13.9305453], [98.1273362, 13.9305438], [98.127337, 13.930592], [98.1273343, 13.9306119], [98.1273114, 13.9306104], [98.1273027, 13.9306301], [98.1273103, 13.9306609]]]}}, {"type": "Feature", "properties": {"osm_id": 1565075264, "building": "yes"}, "geometry": {"type": "Polygon", "coordinates": [[[98.1275716, 13.9308537], [98.1276484, 13.9308605], [98.1276742, 13.9307026], [98.1276767, 13.9306869], [98.127643, 13.9306864], [98.1276293, 13.9306853], [98.1275926, 13.9306927], [98.1275997, 13.9307475], [98.127609, 13.9307919], [98.1275742, 13.9308169], [98.1275716, 13.9308537]]]}}, {"type": "Feature", "properties": {"osm_id": 1565075265, "building": "yes"}, "geometry": {"type": "Polygon", "coordinates": [[[98.1276831, 13.9308492], [98.1277758, 13.9308487], [98.1277845, 13.9307154], [98.1277399, 13.9307011], [98.1276972, 13.9306984], [98.1276742, 13.9307026], [98.1276806, 13.9307928], [98.1276817, 13.930824], [98.1276831, 13.9308492]]]}}, {"type": "Feature", "properties": {"osm_id": 1565075266, "building": "yes"}, "geometry": {"type": "Polygon", "coordinates": [[[98.1278773, 13.9308108], [98.1279304, 13.9308233], [98.1279539, 13.930735], [98.1279137, 13.9307249], [98.1278857, 13.9307321], [98.1278812, 13.9307732], [98.1278773, 13.9308108]]]}}, {"type": "Feature", "properties": {"osm_id": 1565075486, "building": "yes"}, "geometry": {"type": "Polygon", "coordinates": [[[98.1274399, 13.9314754], [98.1274981, 13.931488], [98.1275378, 13.9313525], [98.1275144, 13.9313387], [98.127497, 13.9313459], [98.1274785, 13.9313656], [98.1274663, 13.9313707], [98.1274371, 13.9313975], [98.1274497, 13.9314235], [98.1274552, 13.931448], [98.1274295, 13.9314518], [98.1274424, 13.9314625], [98.1274399, 13.9314754]]]}}, {"type": "Feature", "properties": {"osm_id": 1565075487, "building": "yes"}, "geometry": {"type": "Polygon", "coordinates": [[[98.1278825, 13.9316056], [98.1279044, 13.9316162], [98.1279686, 13.9316218], [98.1279862, 13.9314671], [98.1279653, 13.9314618], [98.1279362, 13.9314606], [98.1279051, 13.9314617], [98.1279014, 13.93151], [98.1278998, 13.931539], [98.1278943, 13.9315545], [98.1278897, 13.9315739], [98.1278825, 13.9316056]]]}}, {"type": "Feature", "properties": {"osm_id": 1565075488, "building": "yes"}, "geometry": {"type": "Polygon", "coordinates": [[[98.1280391, 13.9316238], [98.1281019, 13.9316357], [98.1281113, 13.9315453], [98.1280928, 13.9315316], [98.1280695, 13.9315268], [98.1280474, 13.9315165], [98.1280397, 13.9315451], [98.1280419, 13.9315868], [98.1280391, 13.9316238]]]}}, {"type": "Feature", "properties": {"osm_id": 1565075489, "building": "yes"}, "geometry": {"type": "Polygon", "coordinates": [[[98.1281876, 13.9316251], [98.1282315, 13.9316309], [98.128251, 13.9314975], [98.1282217, 13.9314896], [98.1282059, 13.931505], [98.1282059, 13.9315263], [98.1281956, 13.9315391], [98.1281934, 13.9315551], [98.1281994, 13.9315711], [98.1281885, 13.9315866], [98.1281876, 13.9316251]]]}}, {"type": "Feature", "properties": {"osm_id": 1565075570, "building": "yes"}, "geometry": {"type": "Polygon", "coordinates": [[[98.1284496, 13.9317367], [98.1285061, 13.9317466], [98.1285396, 13.9316241], [98.1285238, 13.9316093], [98.1285113, 13.9315923], [98.12849, 13.9315987], [98.128481, 13.9316301], [98.1284685, 13.9316583], [98.1284582, 13.9316884], [98.1284496, 13.9317367]]]}}, {"type": "Feature", "properties": {"osm_id": 1565075571, "building": "yes"}, "geometry": {"type": "Polygon", "coordinates": [[[98.1285325, 13.9317537], [98.1285913, 13.9317678], [98.1286231, 13.9316256], [98.1286013, 13.9316166], [98.1285801, 13.9316076], [98.1285539, 13.9316071], [98.1285539, 13.9316475], [98.1285398, 13.9316809], [98.1285384, 13.9317143], [98.1285325, 13.9317537]]]}}, {"type": "Feature", "properties": {"osm_id": 1565075572, "building": "yes"}, "geometry": {"type": "Polygon", "coordinates": [[[98.128905, 13.9318396], [98.1289436, 13.9318449], [98.1289707, 13.9316968], [98.128934, 13.931703], [98.1289007, 13.931703], [98.1288857, 13.9317168], [98.1288923, 13.9317421], [98.1289088, 13.9317517], [98.128914, 13.9317849], [98.1289102, 13.9318052], [98.128905, 13.9318396]]]}}, {"type": "Feature", "properties": {"osm_id": 1565075696, "building": "yes"}, "geometry": {"type": "Polygon", "coordinates": [[[98.1291897, 13.9318591], [98.1292462, 13.9318693], [98.1292602, 13.9317714], [98.1292368, 13.9317618], [98.1292164, 13.9317754], [98.1292001, 13.9317877], [98.1291984, 13.9318216], [98.1291919, 13.9318318], [98.1291897, 13.9318591]]]}}, {"type": "Feature", "properties": {"osm_id": 1565075697, "building": "yes"}, "geometry": {"type": "Polygon", "coordinates": [[[98.1293596, 13.93187], [98.1293826, 13.9318753], [98.1293856, 13.9318888], [98.1294225, 13.9318925], [98.1294341, 13.9318103], [98.1294413, 13.9317598], [98.129419, 13.9317445], [98.1294024, 13.9317498], [98.1293837, 13.931764], [98.129369, 13.9317876], [98.1293577, 13.9318341], [98.1293576, 13.9318537], [98.1293596, 13.93187]]]}}, {"type": "Feature", "properties": {"osm_id": 1565075705, "building": "yes"}, "geometry": {"type": "Polygon", "coordinates": [[[98.1294311, 13.9319132], [98.1294755, 13.9319193], [98.1294803, 13.9318163], [98.1294341, 13.9318103], [98.1294346, 13.931877], [98.1294311, 13.9319132]]]}}, {"type": "Feature", "properties": {"osm_id": 1565075768, "building": "yes"}, "geometry": {"type": "Polygon", "coordinates": [[[98.1290884, 13.931275], [98.1291425, 13.931282], [98.1291623, 13.9311684], [98.1290907, 13.9312098], [98.1290884, 13.931275]]]}}, {"type": "Feature", "properties": {"osm_id": 1565075877, "building": "yes"}, "geometry": {"type": "Polygon", "coordinates": [[[98.1281811, 13.930556], [98.1282603, 13.9305557], [98.128279, 13.9303961], [98.1282502, 13.9303766], [98.1282123, 13.9303851], [98.1282102, 13.9304153], [98.1281926, 13.9304291], [98.1281831, 13.9304943], [98.1281811, 13.930556]]]}}, {"type": "Feature", "properties": {"osm_id": 1565075878, "building": "yes"}, "geometry": {"type": "Polygon", "coordinates": [[[98.1280276, 13.930554], [98.1280817, 13.9305606], [98.128114, 13.9304066], [98.1280889, 13.9303934], [98.1280631, 13.9303929], [98.128056, 13.9304397], [98.1280709, 13.9304594], [98.1280709, 13.9304889], [98.1280212, 13.9305073], [98.1280276, 13.930554]]]}}, {"type": "Feature", "properties": {"osm_id": 1565075879, "building": "yes"}, "geometry": {"type": "Polygon", "coordinates": [[[98.1273897, 13.9304114], [98.1275057, 13.9304465], [98.1275238, 13.9303892], [98.1274114, 13.9303543], [98.1273897, 13.9304114]]]}}, {"type": "Feature", "properties": {"osm_id": 1565075970, "building": "yes"}, "geometry": {"type": "Polygon", "coordinates": [[[98.0838722, 13.9432194], [98.0839628, 13.9431394], [98.0839194, 13.9430931], [98.0838288, 13.9431731], [98.0838722, 13.9432194]]]}}, {"type": "Feature", "properties": {"osm_id": 1565076003, "building": "yes"}, "geometry": {"type": "Polygon", "coordinates": [[[98.0842176, 13.9436006], [98.0841204, 13.9434853], [98.0842809, 13.9433582], [98.0843821, 13.9434762], [98.0842176, 13.9436006]]]}}, {"type": "Feature", "properties": {"osm_id": 1565076006, "building": "yes"}, "geometry": {"type": "Polygon", "coordinates": [[[98.1270305, 13.9300416], [98.127146, 13.9300719], [98.1271671, 13.9300066], [98.1270657, 13.929984], [98.1270405, 13.9299978], [98.1270305, 13.9300416]]]}}, {"type": "Feature", "properties": {"osm_id": 1565076007, "building": "yes"}, "geometry": {"type": "Polygon", "coordinates": [[[98.1270748, 13.9299668], [98.127182, 13.9299939], [98.1272026, 13.9299445], [98.1270862, 13.9299149], [98.1270748, 13.9299668]]]}}, {"type": "Feature", "properties": {"osm_id": 1565076008, "building": "yes"}, "geometry": {"type": "Polygon", "coordinates": [[[98.1270746, 13.9298975], [98.1271661, 13.9299164], [98.1271837, 13.9299027], [98.1272007, 13.9298575], [98.1271034, 13.9298319], [98.1270893, 13.9298649], [98.1270746, 13.9298975]]]}}, {"type": "Feature", "properties": {"osm_id": 1565076009, "building": "yes"}, "geometry": {"type": "Polygon", "coordinates": [[[98.1271307, 13.9298207], [98.127269, 13.9298675], [98.1272839, 13.9298321], [98.1272534, 13.9298077], [98.1272322, 13.9297946], [98.1271824, 13.9297799], [98.1271606, 13.9297698], [98.1271421, 13.9297667], [98.1271346, 13.9297931], [98.1271307, 13.9298207]]]}}, {"type": "Feature", "properties": {"osm_id": 1565076040, "building": "yes"}, "geometry": {"type": "Polygon", "coordinates": [[[98.1268772, 13.9302679], [98.1269341, 13.9302822], [98.1269777, 13.9302111], [98.1269266, 13.9301858], [98.126889, 13.9302274], [98.1268772, 13.9302679]]]}}, {"type": "Feature", "properties": {"osm_id": 1565076188, "building": "yes"}, "geometry": {"type": "Polygon", "coordinates": [[[98.1274209, 13.9297792], [98.1274595, 13.9297943], [98.1274898, 13.9297361], [98.127451, 13.9297233], [98.1274295, 13.929744], [98.1274209, 13.9297792]]]}}, {"type": "Feature", "properties": {"osm_id": 1565076189, "building": "yes"}, "geometry": {"type": "Polygon", "coordinates": [[[98.1279067, 13.9298012], [98.1279684, 13.9298129], [98.1279832, 13.9296334], [98.1279136, 13.9296316], [98.1279067, 13.9298012]]]}}, {"type": "Feature", "properties": {"osm_id": 1565076190, "building": "yes"}, "geometry": {"type": "Polygon", "coordinates": [[[98.128123, 13.9297024], [98.1281725, 13.9297039], [98.1281777, 13.9295609], [98.1281235, 13.9295493], [98.1281236, 13.9296207], [98.128123, 13.9297024]]]}}, {"type": "Feature", "properties": {"osm_id": 1565076191, "building": "yes"}, "geometry": {"type": "Polygon", "coordinates": [[[98.1282324, 13.9296839], [98.1283, 13.9296859], [98.1283102, 13.9295614], [98.1282625, 13.9295548], [98.1282319, 13.929557], [98.1282311, 13.9296234], [98.1282324, 13.9296839]]]}}, {"type": "Feature", "properties": {"osm_id": 1565076201, "building": "yes"}, "geometry": {"type": "Polygon", "coordinates": [[[98.127736, 13.9296885], [98.1277734, 13.9296888], [98.1277733, 13.9295631], [98.1277591, 13.9295488], [98.127745, 13.929568], [98.1277387, 13.92963], [98.127736, 13.9296885]]]}}, {"type": "Feature", "properties": {"osm_id": 1565076568, "building": "yes"}, "geometry": {"type": "Polygon", "coordinates": [[[98.1285763, 13.9296862], [98.1286394, 13.9296901], [98.1286411, 13.9295403], [98.1285908, 13.9295491], [98.1285819, 13.9296002], [98.1285763, 13.9296862]]]}}, {"type": "Feature", "properties": {"osm_id": 1565076569, "building": "yes"}, "geometry": {"type": "Polygon", "coordinates": [[[98.1287659, 13.9296452], [98.1288447, 13.9296431], [98.1288416, 13.9295409], [98.1288049, 13.9295339], [98.1287676, 13.9295252], [98.1287659, 13.9296452]]]}}, {"type": "Feature", "properties": {"osm_id": 1565076570, "building": "yes"}, "geometry": {"type": "Polygon", "coordinates": [[[98.1290501, 13.9296462], [98.1291359, 13.9296454], [98.1291258, 13.9295319], [98.1291062, 13.9295224], [98.1290615, 13.9295222], [98.1290662, 13.9295907], [98.1290501, 13.9296462]]]}}, {"type": "Feature", "properties": {"osm_id": 1565076571, "building": "yes"}, "geometry": {"type": "Polygon", "coordinates": [[[98.1291712, 13.9296232], [98.1292296, 13.9296261], [98.1292409, 13.929571], [98.1292012, 13.9295684], [98.1291843, 13.9295679], [98.1291743, 13.9295912], [98.1291712, 13.9296232]]]}}, {"type": "Feature", "properties": {"osm_id": 1565076612, "building": "yes"}, "geometry": {"type": "Polygon", "coordinates": [[[98.1298947, 13.9296451], [98.1299487, 13.9296473], [98.1299544, 13.9294597], [98.129899, 13.9294627], [98.1298952, 13.9295467], [98.1298947, 13.9296451]]]}}, {"type": "Feature", "properties": {"osm_id": 1565076843, "building": "yes"}, "geometry": {"type": "Polygon", "coordinates": [[[98.1286375, 13.9320704], [98.1286973, 13.9320835], [98.1287354, 13.9319948], [98.1287087, 13.9319697], [98.1286762, 13.9319676], [98.12864, 13.9319927], [98.1286375, 13.9320704]]]}}, {"type": "Feature", "properties": {"osm_id": 1565076844, "building": "yes"}, "geometry": {"type": "Polygon", "coordinates": [[[98.1284673, 13.9320347], [98.1285394, 13.932045], [98.1285696, 13.9319486], [98.1285642, 13.9319338], [98.1285517, 13.9319201], [98.1285227, 13.9319164], [98.1285041, 13.9319132], [98.1284938, 13.931917], [98.1284747, 13.9319687], [98.1284673, 13.9320347]]]}}, {"type": "Feature", "properties": {"osm_id": 1565076845, "building": "yes"}, "geometry": {"type": "Polygon", "coordinates": [[[98.1283938, 13.9320579], [98.1284535, 13.9320635], [98.128474, 13.9319051], [98.1284104, 13.9318925], [98.1284025, 13.9319606], [98.1283938, 13.9320579]]]}}, {"type": "Feature", "properties": {"osm_id": 1565076846, "building": "yes"}, "geometry": {"type": "Polygon", "coordinates": [[[98.1283188, 13.9320268], [98.1283816, 13.932035], [98.1283917, 13.9318972], [98.1283727, 13.9318935], [98.1283267, 13.9318946], [98.1283226, 13.9319584], [98.1283188, 13.9320268]]]}}, {"type": "Feature", "properties": {"osm_id": 1565076847, "building": "yes"}, "geometry": {"type": "Polygon", "coordinates": [[[98.1282374, 13.9320096], [98.1282952, 13.9320201], [98.1283177, 13.9318716], [98.1282973, 13.9318705], [98.1282622, 13.9318716], [98.128262, 13.9319388], [98.1282779, 13.9319405], [98.1282766, 13.9319765], [98.1282381, 13.9319762], [98.1282374, 13.9320096]]]}}, {"type": "Feature", "properties": {"osm_id": 1565076848, "building": "yes"}, "geometry": {"type": "Polygon", "coordinates": [[[98.12811, 13.9319621], [98.1281707, 13.9319669], [98.1281794, 13.9318635], [98.1281641, 13.931846], [98.1281461, 13.9318578], [98.1281243, 13.9318796], [98.1281183, 13.93191], [98.12811, 13.9319621]]]}}, {"type": "Feature", "properties": {"osm_id": 1565076849, "building": "yes"}, "geometry": {"type": "Polygon", "coordinates": [[[98.1279902, 13.9319265], [98.1280543, 13.9319436], [98.1280927, 13.9318224], [98.1280699, 13.9318229], [98.1280568, 13.9318326], [98.1280394, 13.9318374], [98.1280394, 13.9318608], [98.1280214, 13.9318587], [98.1280198, 13.9318806], [98.1280062, 13.9318982], [98.1279902, 13.9319265]]]}}, {"type": "Feature", "properties": {"osm_id": 1565077216, "building": "yes"}, "geometry": {"type": "Polygon", "coordinates": [[[98.1276942, 13.9318341], [98.1277444, 13.931842], [98.1277458, 13.9317908], [98.1277158, 13.9317855], [98.1277126, 13.9317664], [98.1277006, 13.9317665], [98.1276908, 13.9317969], [98.1276942, 13.9318341]]]}}, {"type": "Feature", "properties": {"osm_id": 1565077217, "building": "yes"}, "geometry": {"type": "Polygon", "coordinates": [[[98.1276042, 13.9318356], [98.1276608, 13.9318501], [98.1276866, 13.9317432], [98.1276724, 13.9317337], [98.1276463, 13.9317247], [98.1276349, 13.9317295], [98.1276164, 13.9317316], [98.1276158, 13.9317913], [98.1276082, 13.9317993], [98.1276042, 13.9318356]]]}}, {"type": "Feature", "properties": {"osm_id": 1565077218, "building": "yes"}, "geometry": {"type": "Polygon", "coordinates": [[[98.1273939, 13.9317842], [98.1274446, 13.9317921], [98.1274769, 13.9316887], [98.1274578, 13.9316755], [98.127435, 13.93167], [98.1274198, 13.9316764], [98.1274049, 13.9317299], [98.1273939, 13.9317842]]]}}, {"type": "Feature", "properties": {"osm_id": 1565077219, "building": "yes"}, "geometry": {"type": "Polygon", "coordinates": [[[98.1273038, 13.9317311], [98.1273648, 13.9317461], [98.1273797, 13.9316758], [98.1273525, 13.9316758], [98.1273162, 13.9316742], [98.1273097, 13.9316886], [98.1273038, 13.9317311]]]}}, {"type": "Feature", "properties": {"osm_id": 1565077736, "building": "yes"}, "geometry": {"type": "Polygon", "coordinates": [[[98.1270046, 13.9317243], [98.1270511, 13.9317313], [98.1270901, 13.9315754], [98.1270596, 13.9315707], [98.1270161, 13.9315735], [98.1270089, 13.9316283], [98.1270072, 13.9316729], [98.1270046, 13.9317243]]]}}, {"type": "Feature", "properties": {"osm_id": 1565077737, "building": "yes"}, "geometry": {"type": "Polygon", "coordinates": [[[98.1268732, 13.9315884], [98.1269169, 13.9315937], [98.1269286, 13.9315426], [98.126903, 13.9315357], [98.1268954, 13.9315501], [98.1268872, 13.9315619], [98.1268732, 13.9315884]]]}}, {"type": "Feature", "properties": {"osm_id": 1565077738, "building": "yes"}, "geometry": {"type": "Polygon", "coordinates": [[[98.1267009, 13.9316228], [98.1267054, 13.9316777], [98.1267065, 13.9316966], [98.1267464, 13.9317065], [98.1267844, 13.9315166], [98.1267563, 13.9315066], [98.1267444, 13.9315173], [98.1267231, 13.9315194], [98.1267078, 13.9315739], [98.1267009, 13.9316228]]]}}, {"type": "Feature", "properties": {"osm_id": 1565077739, "building": "yes"}, "geometry": {"type": "Polygon", "coordinates": [[[98.126599, 13.9315776], [98.1266374, 13.9315878], [98.1266644, 13.931501], [98.1266391, 13.9314851], [98.1266133, 13.9314767], [98.1266087, 13.9315279], [98.126599, 13.9315776]]]}}, {"type": "Feature", "properties": {"osm_id": 1565077740, "building": "yes"}, "geometry": {"type": "Polygon", "coordinates": [[[98.1263675, 13.9314711], [98.1264557, 13.9314962], [98.1264768, 13.9314269], [98.1264207, 13.9314122], [98.1263629, 13.9314088], [98.1263635, 13.9314371], [98.1263675, 13.9314711]]]}}, {"type": "Feature", "properties": {"osm_id": 1565077741, "building": "yes"}, "geometry": {"type": "Polygon", "coordinates": [[[98.1263002, 13.9315372], [98.1264449, 13.9315697], [98.1264643, 13.9315184], [98.1264077, 13.9315044], [98.1263754, 13.931497], [98.1263405, 13.9314862], [98.1263127, 13.931482], [98.1263072, 13.9315018], [98.1263002, 13.9315372]]]}}, {"type": "Feature", "properties": {"osm_id": 1565077742, "building": "yes"}, "geometry": {"type": "Polygon", "coordinates": [[[98.1262642, 13.9316041], [98.1264318, 13.9316449], [98.1264469, 13.9315821], [98.1263964, 13.9315687], [98.1263296, 13.9315557], [98.1262983, 13.9315515], [98.1262841, 13.9315659], [98.1262642, 13.9316041]]]}}, {"type": "Feature", "properties": {"osm_id": 1565077743, "building": "yes"}, "geometry": {"type": "Polygon", "coordinates": [[[98.1261754, 13.9316653], [98.1263427, 13.9317005], [98.1263561, 13.9316475], [98.1262958, 13.9316346], [98.1262435, 13.9316186], [98.126188, 13.9316136], [98.126176, 13.9316301], [98.1261754, 13.9316653]]]}}, {"type": "Feature", "properties": {"osm_id": 1565097896, "building": "yes"}, "geometry": {"type": "Polygon", "coordinates": [[[98.0751527, 13.9137552], [98.0751905, 13.9137445], [98.0751791, 13.913707], [98.0751414, 13.9137178], [98.0751527, 13.9137552]]]}}, {"type": "Feature", "properties": {"osm_id": 1565097897, "building": "yes"}, "geometry": {"type": "Polygon", "coordinates": [[[98.0750891, 13.9137723], [98.0750762, 13.9137437], [98.075122, 13.9137242], [98.0751349, 13.9137529], [98.0750891, 13.9137723]]]}}, {"type": "Feature", "properties": {"osm_id": 1565097900, "building": "yes"}, "geometry": {"type": "Polygon", "coordinates": [[[98.0757048, 13.9133558], [98.075669, 13.9133092], [98.0757048, 13.9132833], [98.0757406, 13.9133299], [98.0757048, 13.9133558]]]}}, {"type": "Feature", "properties": {"osm_id": 1565097901, "building": "yes"}, "geometry": {"type": "Polygon", "coordinates": [[[98.0757477, 13.9133225], [98.0757185, 13.9132831], [98.0757473, 13.9132631], [98.0757764, 13.9133024], [98.0757477, 13.9133225]]]}}, {"type": "Feature", "properties": {"osm_id": 1565097902, "building": "yes"}, "geometry": {"type": "Polygon", "coordinates": [[[98.075695, 13.9132667], [98.0756695, 13.913236], [98.0757026, 13.9132101], [98.0757281, 13.9132408], [98.075695, 13.9132667]]]}}, {"type": "Feature", "properties": {"osm_id": 1565097903, "building": "yes"}, "geometry": {"type": "Polygon", "coordinates": [[[98.0758774, 13.9133872], [98.0758271, 13.9133004], [98.0758844, 13.9132691], [98.0759347, 13.9133559], [98.0758774, 13.9133872]]]}}, {"type": "Feature", "properties": {"osm_id": 1565097904, "building": "yes"}, "geometry": {"type": "Polygon", "coordinates": [[[98.0761252, 13.9131175], [98.0761, 13.9130733], [98.0761284, 13.9130581], [98.0761535, 13.9131024], [98.0761252, 13.9131175]]]}}, {"type": "Feature", "properties": {"osm_id": 1565097905, "building": "yes"}, "geometry": {"type": "Polygon", "coordinates": [[[98.0761743, 13.9130946], [98.076143, 13.9130435], [98.0761959, 13.9130128], [98.0762273, 13.913064], [98.0761743, 13.9130946]]]}}, {"type": "Feature", "properties": {"osm_id": 1565100236, "building": "yes"}, "geometry": {"type": "Polygon", "coordinates": [[[98.0764265, 13.9132914], [98.0764017, 13.9132592], [98.0764316, 13.9132376], [98.0764563, 13.9132698], [98.0764265, 13.9132914]]]}}, {"type": "Feature", "properties": {"osm_id": 1565101378, "building": "yes"}, "geometry": {"type": "Polygon", "coordinates": [[[98.0765142, 13.913251], [98.0764778, 13.9131854], [98.0765342, 13.9131559], [98.0765706, 13.9132215], [98.0765142, 13.913251]]]}}, {"type": "Feature", "properties": {"osm_id": 1565101379, "building": "yes"}, "geometry": {"type": "Polygon", "coordinates": [[[98.0766045, 13.913209], [98.0765945, 13.9131875], [98.0766382, 13.9131683], [98.0766482, 13.9131898], [98.0766045, 13.913209]]]}}, {"type": "Feature", "properties": {"osm_id": 1565101380, "building": "yes"}, "geometry": {"type": "Polygon", "coordinates": [[[98.0766803, 13.9131413], [98.0766519, 13.9130963], [98.0766915, 13.9130728], [98.0767199, 13.9131177], [98.0766803, 13.9131413]]]}}, {"type": "Feature", "properties": {"osm_id": 1565101381, "building": "yes"}, "geometry": {"type": "Polygon", "coordinates": [[[98.0767461, 13.9131037], [98.0767257, 13.9130681], [98.0767611, 13.913049], [98.0767815, 13.9130846], [98.0767461, 13.9131037]]]}}, {"type": "Feature", "properties": {"osm_id": 1565101382, "building": "yes"}, "geometry": {"type": "Polygon", "coordinates": [[[98.0764271, 13.9130808], [98.0763977, 13.9130352], [98.0764323, 13.9130141], [98.0764618, 13.9130598], [98.0764271, 13.9130808]]]}}, {"type": "Feature", "properties": {"osm_id": 1565101383, "building": "yes"}, "geometry": {"type": "Polygon", "coordinates": [[[98.0763106, 13.9130254], [98.0762765, 13.9129741], [98.0763059, 13.9129557], [98.07634, 13.913007], [98.0763106, 13.9130254]]]}}, {"type": "Feature", "properties": {"osm_id": 1565101384, "building": "yes"}, "geometry": {"type": "Polygon", "coordinates": [[[98.0763608, 13.9130003], [98.0763404, 13.9129634], [98.0763857, 13.9129398], [98.0764061, 13.9129767], [98.0763608, 13.9130003]]]}}, {"type": "Feature", "properties": {"osm_id": 1565101385, "building": "yes"}, "geometry": {"type": "Polygon", "coordinates": [[[98.076421, 13.9129745], [98.07639, 13.9129195], [98.0764249, 13.912901], [98.0764559, 13.912956], [98.076421, 13.9129745]]]}}, {"type": "Feature", "properties": {"osm_id": 1565101386, "building": "yes"}, "geometry": {"type": "Polygon", "coordinates": [[[98.0765807, 13.9129063], [98.0765567, 13.912875], [98.0765829, 13.912856], [98.076607, 13.9128873], [98.0765807, 13.9129063]]]}}, {"type": "Feature", "properties": {"osm_id": 1565101387, "building": "yes"}, "geometry": {"type": "Polygon", "coordinates": [[[98.0766248, 13.9128987], [98.076597, 13.9128524], [98.0766339, 13.9128315], [98.0766617, 13.9128778], [98.0766248, 13.9128987]]]}}, {"type": "Feature", "properties": {"osm_id": 1565101388, "building": "yes"}, "geometry": {"type": "Polygon", "coordinates": [[[98.0766821, 13.9128673], [98.0766558, 13.9128216], [98.0766979, 13.9127989], [98.0767241, 13.9128446], [98.0766821, 13.9128673]]]}}, {"type": "Feature", "properties": {"osm_id": 1565101389, "building": "yes"}, "geometry": {"type": "Polygon", "coordinates": [[[98.0770365, 13.9127739], [98.0770121, 13.9127386], [98.0770318, 13.9127258], [98.0770562, 13.9127611], [98.0770365, 13.9127739]]]}}, {"type": "Feature", "properties": {"osm_id": 1565101390, "building": "yes"}, "geometry": {"type": "Polygon", "coordinates": [[[98.0770868, 13.9127493], [98.0770225, 13.9126581], [98.0770762, 13.9126224], [98.0771405, 13.9127136], [98.0770868, 13.9127493]]]}}, {"type": "Feature", "properties": {"osm_id": 1565101391, "building": "yes"}, "geometry": {"type": "Polygon", "coordinates": [[[98.0772452, 13.9126355], [98.0772079, 13.9125898], [98.0772593, 13.9125503], [98.0772966, 13.9125959], [98.0772452, 13.9126355]]]}}, {"type": "Feature", "properties": {"osm_id": 1565101392, "building": "yes"}, "geometry": {"type": "Polygon", "coordinates": [[[98.0770805, 13.9125867], [98.07707, 13.9125734], [98.0770938, 13.9125558], [98.0771042, 13.9125691], [98.0770805, 13.9125867]]]}}, {"type": "Feature", "properties": {"osm_id": 1565101393, "building": "yes"}, "geometry": {"type": "Polygon", "coordinates": [[[98.0772832, 13.9127772], [98.0772717, 13.9127597], [98.0773012, 13.9127415], [98.0773126, 13.912759], [98.0772832, 13.9127772]]]}}, {"type": "Feature", "properties": {"osm_id": 1565101394, "building": "yes"}, "geometry": {"type": "Polygon", "coordinates": [[[98.077322, 13.9127211], [98.0772993, 13.9126949], [98.0773302, 13.9126697], [98.0773529, 13.9126959], [98.077322, 13.9127211]]]}}, {"type": "Feature", "properties": {"osm_id": 1565101395, "building": "yes"}, "geometry": {"type": "Polygon", "coordinates": [[[98.0774547, 13.9126165], [98.0774196, 13.9125838], [98.0774659, 13.9125369], [98.0775011, 13.9125696], [98.0774547, 13.9126165]]]}}, {"type": "Feature", "properties": {"osm_id": 1565102195, "building": "yes"}, "geometry": {"type": "Polygon", "coordinates": [[[98.0774223, 13.9126764], [98.0773856, 13.9126269], [98.0774144, 13.9126067], [98.0774512, 13.9126562], [98.0774223, 13.9126764]]]}}, {"type": "Feature", "properties": {"osm_id": 1565103424, "building": "yes"}, "geometry": {"type": "Polygon", "coordinates": [[[98.0782951, 13.9117571], [98.0782491, 13.9116892], [98.0782856, 13.9116658], [98.0783317, 13.9117338], [98.0782951, 13.9117571]]]}}, {"type": "Feature", "properties": {"osm_id": 1565103425, "building": "yes"}, "geometry": {"type": "Polygon", "coordinates": [[[98.0783945, 13.9117391], [98.0783717, 13.9116997], [98.0784071, 13.9116804], [98.0784299, 13.9117199], [98.0783945, 13.9117391]]]}}, {"type": "Feature", "properties": {"osm_id": 1565103426, "building": "yes"}, "geometry": {"type": "Polygon", "coordinates": [[[98.0784445, 13.9116996], [98.0784176, 13.9116611], [98.0784541, 13.911637], [98.078481, 13.9116755], [98.0784445, 13.9116996]]]}}, {"type": "Feature", "properties": {"osm_id": 1565103427, "building": "yes"}, "geometry": {"type": "Polygon", "coordinates": [[[98.0784789, 13.9116342], [98.078449, 13.9115883], [98.0784799, 13.9115694], [98.0785097, 13.9116153], [98.0784789, 13.9116342]]]}}, {"type": "Feature", "properties": {"osm_id": 1565103428, "building": "yes"}, "geometry": {"type": "Polygon", "coordinates": [[[98.0785599, 13.9115914], [98.0785293, 13.9115523], [98.0785608, 13.9115291], [98.0785914, 13.9115683], [98.0785599, 13.9115914]]]}}, {"type": "Feature", "properties": {"osm_id": 1565103429, "building": "yes"}, "geometry": {"type": "Polygon", "coordinates": [[[98.0786396, 13.9116271], [98.0786092, 13.9115818], [98.0786434, 13.9115602], [98.0786738, 13.9116054], [98.0786396, 13.9116271]]]}}, {"type": "Feature", "properties": {"osm_id": 1565103430, "building": "yes"}, "geometry": {"type": "Polygon", "coordinates": [[[98.0787232, 13.9116297], [98.0786792, 13.9115637], [98.0787214, 13.9115372], [98.0787654, 13.9116032], [98.0787232, 13.9116297]]]}}, {"type": "Feature", "properties": {"osm_id": 1565103431, "building": "yes"}, "geometry": {"type": "Polygon", "coordinates": [[[98.0785904, 13.9115253], [98.078558, 13.9114793], [98.0785974, 13.9114532], [98.0786297, 13.9114991], [98.0785904, 13.9115253]]]}}, {"type": "Feature", "properties": {"osm_id": 1565103432, "building": "yes"}, "geometry": {"type": "Polygon", "coordinates": [[[98.0787019, 13.9114685], [98.0786706, 13.9114261], [98.0787067, 13.911401], [98.078738, 13.9114435], [98.0787019, 13.9114685]]]}}, {"type": "Feature", "properties": {"osm_id": 1565103433, "building": "yes"}, "geometry": {"type": "Polygon", "coordinates": [[[98.078833, 13.9114024], [98.0787757, 13.9113151], [98.0788087, 13.9112948], [98.0788659, 13.9113821], [98.078833, 13.9114024]]]}}, {"type": "Feature", "properties": {"osm_id": 1565103434, "building": "yes"}, "geometry": {"type": "Polygon", "coordinates": [[[98.0788788, 13.9113766], [98.0788212, 13.9112803], [98.0788904, 13.9112413], [98.078948, 13.9113376], [98.0788788, 13.9113766]]]}}, {"type": "Feature", "properties": {"osm_id": 1565104595, "building": "yes"}, "geometry": {"type": "Polygon", "coordinates": [[[98.0809805, 13.9124714], [98.0809799, 13.9124098], [98.0810293, 13.9124094], [98.0810299, 13.9124709], [98.0809805, 13.9124714]]]}}, {"type": "Feature", "properties": {"osm_id": 1565104596, "building": "yes"}, "geometry": {"type": "Polygon", "coordinates": [[[98.080808, 13.9124636], [98.0808129, 13.9123683], [98.0808996, 13.9123725], [98.0808948, 13.9124678], [98.080808, 13.9124636]]]}}, {"type": "Feature", "properties": {"osm_id": 1565104597, "building": "yes"}, "geometry": {"type": "Polygon", "coordinates": [[[98.0806219, 13.9124415], [98.0806235, 13.9123511], [98.0807151, 13.9123526], [98.0807135, 13.912443], [98.0806219, 13.9124415]]]}}, {"type": "Feature", "properties": {"osm_id": 1565104598, "building": "yes"}, "geometry": {"type": "Polygon", "coordinates": [[[98.0807159, 13.9124441], [98.0807175, 13.9123536], [98.0808051, 13.9123567], [98.0808018, 13.9124485], [98.0807159, 13.9124441]]]}}, {"type": "Feature", "properties": {"osm_id": 1565105345, "building": "yes"}, "geometry": {"type": "Polygon", "coordinates": [[[98.0791266, 13.9126124], [98.0791251, 13.9125711], [98.0791694, 13.9125696], [98.0791709, 13.9126109], [98.0791266, 13.9126124]]]}}, {"type": "Feature", "properties": {"osm_id": 1565105346, "building": "yes"}, "geometry": {"type": "Polygon", "coordinates": [[[98.0791363, 13.912557], [98.0791334, 13.9125003], [98.0791623, 13.9124989], [98.0791652, 13.9125556], [98.0791363, 13.912557]]]}}, {"type": "Feature", "properties": {"osm_id": 1565105347, "building": "yes"}, "geometry": {"type": "Polygon", "coordinates": [[[98.0791739, 13.9125605], [98.0791731, 13.9125299], [98.0791997, 13.9125292], [98.0792005, 13.9125598], [98.0791739, 13.9125605]]]}}, {"type": "Feature", "properties": {"osm_id": 1565107859, "building": "yes"}, "geometry": {"type": "Polygon", "coordinates": [[[98.0810558, 13.9122966], [98.0810792, 13.9122692], [98.0810452, 13.9122419], [98.0810219, 13.9122693], [98.0810558, 13.9122966]]]}}, {"type": "Feature", "properties": {"osm_id": 1565108158, "building": "yes"}, "geometry": {"type": "Polygon", "coordinates": [[[98.0810924, 13.9121894], [98.0811327, 13.9121314], [98.0812055, 13.912179], [98.0811746, 13.9122234], [98.0811287, 13.9121933], [98.0811193, 13.912207], [98.0810924, 13.9121894]]]}}, {"type": "Feature", "properties": {"osm_id": 1565108159, "building": "yes"}, "geometry": {"type": "Polygon", "coordinates": [[[98.0813239, 13.9121225], [98.0812795, 13.9120692], [98.0813095, 13.9120457], [98.0813539, 13.9120989], [98.0813239, 13.9121225]]]}}, {"type": "Feature", "properties": {"osm_id": 1565108160, "building": "yes"}, "geometry": {"type": "Polygon", "coordinates": [[[98.0813325, 13.9120422], [98.0813635, 13.9120105], [98.081425, 13.9120671], [98.081394, 13.9120988], [98.0813325, 13.9120422]]]}}, {"type": "Feature", "properties": {"osm_id": 1565108161, "building": "yes"}, "geometry": {"type": "Polygon", "coordinates": [[[98.0813875, 13.9119324], [98.0813563, 13.9119021], [98.0813823, 13.911877], [98.0814135, 13.9119072], [98.0813875, 13.9119324]]]}}, {"type": "Feature", "properties": {"osm_id": 1565114575, "building": "yes"}, "geometry": {"type": "Polygon", "coordinates": [[[98.0813554, 13.9118087], [98.0813913, 13.9117707], [98.0813359, 13.9117212], [98.0812999, 13.9117592], [98.0813554, 13.9118087]]]}}, {"type": "Feature", "properties": {"osm_id": 1565114576, "building": "yes"}, "geometry": {"type": "Polygon", "coordinates": [[[98.081733, 13.9114679], [98.0817543, 13.9114432], [98.0817146, 13.9114109], [98.0816933, 13.9114356], [98.081733, 13.9114679]]]}}, {"type": "Feature", "properties": {"osm_id": 1565121211, "building": "yes"}, "geometry": {"type": "Polygon", "coordinates": [[[98.0901015, 13.909995], [98.0900359, 13.9099225], [98.0900825, 13.9098828], [98.0901481, 13.9099553], [98.0901015, 13.909995]]]}}, {"type": "Feature", "properties": {"osm_id": 1565121212, "building": "yes"}, "geometry": {"type": "Polygon", "coordinates": [[[98.0898064, 13.9101881], [98.0898568, 13.9102299], [98.0899019, 13.9101787], [98.0898746, 13.9101561], [98.0898437, 13.9101911], [98.0898206, 13.9101719], [98.0898064, 13.9101881]]]}}, {"type": "Feature", "properties": {"osm_id": 1565131757, "building": "yes"}, "geometry": {"type": "Polygon", "coordinates": [[[98.0989761, 13.891062], [98.0989157, 13.8909999], [98.0991033, 13.890828], [98.0991637, 13.8908901], [98.0989761, 13.891062]]]}}, {"type": "Feature", "properties": {"osm_id": 1565131758, "building": "yes"}, "geometry": {"type": "Polygon", "coordinates": [[[98.0972104, 13.8853644], [98.097208, 13.8853131], [98.0972593, 13.8853108], [98.0972617, 13.8853621], [98.0972104, 13.8853644]]]}}, {"type": "Feature", "properties": {"osm_id": 1565131759, "building": "yes"}, "geometry": {"type": "Polygon", "coordinates": [[[98.0969116, 13.88549], [98.0969091, 13.8854387], [98.0969605, 13.8854364], [98.096963, 13.8854877], [98.0969116, 13.88549]]]}}, {"type": "Feature", "properties": {"osm_id": 1565131760, "building": "yes"}, "geometry": {"type": "Polygon", "coordinates": [[[98.0971014, 13.885289], [98.0970989, 13.8852377], [98.0971503, 13.8852354], [98.0971528, 13.8852867], [98.0971014, 13.885289]]]}}, {"type": "Feature", "properties": {"osm_id": 1565131761, "building": "yes"}, "geometry": {"type": "Polygon", "coordinates": [[[98.097014, 13.8853529], [98.0970113, 13.885285], [98.0970626, 13.885283], [98.0970654, 13.8853509], [98.097014, 13.8853529]]]}}, {"type": "Feature", "properties": {"osm_id": 1565131762, "building": "yes"}, "geometry": {"type": "Polygon", "coordinates": [[[98.0969814, 13.885559], [98.0969752, 13.8855007], [98.0970227, 13.885496], [98.0970288, 13.8855543], [98.0969814, 13.885559]]]}}, {"type": "Feature", "properties": {"osm_id": 1565131763, "building": "yes"}, "geometry": {"type": "Polygon", "coordinates": [[[98.097145, 13.8853715], [98.0971389, 13.8853132], [98.0971864, 13.8853085], [98.0971925, 13.8853668], [98.097145, 13.8853715]]]}}, {"type": "Feature", "properties": {"osm_id": 1565133130, "building": "yes"}, "geometry": {"type": "Polygon", "coordinates": [[[98.0796848, 13.911557], [98.079736, 13.9115578], [98.0797375, 13.9114702], [98.0796863, 13.9114694], [98.0796848, 13.911557]]]}}, {"type": "Feature", "properties": {"osm_id": 1565133131, "building": "yes"}, "geometry": {"type": "Polygon", "coordinates": [[[98.082873, 13.9091953], [98.0828216, 13.9091654], [98.0828834, 13.9090654], [98.0829348, 13.9090953], [98.082873, 13.9091953]]]}}, {"type": "Feature", "properties": {"osm_id": 1565133132, "building": "yes"}, "geometry": {"type": "Polygon", "coordinates": [[[98.0792712, 13.9150473], [98.0792009, 13.9150036], [98.0792329, 13.914955], [98.0793032, 13.9149988], [98.0792712, 13.9150473]]]}}, {"type": "Feature", "properties": {"osm_id": 1565133133, "building": "yes"}, "geometry": {"type": "Polygon", "coordinates": [[[98.0771606, 13.9126954], [98.0770963, 13.9126042], [98.07715, 13.9125685], [98.0772143, 13.9126597], [98.0771606, 13.9126954]]]}}, {"type": "Feature", "properties": {"osm_id": 1565133134, "building": "yes"}, "geometry": {"type": "Polygon", "coordinates": [[[98.077387, 13.9124934], [98.0773478, 13.9125214], [98.0773081, 13.912469], [98.0773474, 13.912441], [98.077387, 13.9124934]]]}}, {"type": "Feature", "properties": {"osm_id": 1565138549, "building": "yes"}, "geometry": {"type": "Polygon", "coordinates": [[[98.0781161, 13.9275019], [98.0781176, 13.9274182], [98.0782064, 13.9274197], [98.0782048, 13.9275035], [98.0781161, 13.9275019]]]}}, {"type": "Feature", "properties": {"osm_id": 1565138550, "building": "yes"}, "geometry": {"type": "Polygon", "coordinates": [[[98.0781168, 13.9274082], [98.0781175, 13.927358], [98.0782074, 13.9273591], [98.0782067, 13.9274094], [98.0781168, 13.9274082]]]}}, {"type": "Feature", "properties": {"osm_id": 1565138551, "building": "yes"}, "geometry": {"type": "Polygon", "coordinates": [[[98.0780612, 13.927336], [98.0781917, 13.9273322], [98.0781895, 13.9272592], [98.078059, 13.927263], [98.0780612, 13.927336]]]}}, {"type": "Feature", "properties": {"osm_id": 1565138552, "building": "yes"}, "geometry": {"type": "Polygon", "coordinates": [[[98.0779711, 13.9274023], [98.0780433, 13.9273989], [98.0780365, 13.9272594], [98.0779642, 13.9272627], [98.0779711, 13.9274023]]]}}, {"type": "Feature", "properties": {"osm_id": 1565138553, "building": "yes"}, "geometry": {"type": "Polygon", "coordinates": [[[98.0786822, 13.9359239], [98.0786144, 13.9358185], [98.0786865, 13.9357748], [98.0787543, 13.9358801], [98.0786822, 13.9359239]]]}}, {"type": "Feature", "properties": {"osm_id": 1565138554, "building": "yes"}, "geometry": {"type": "Polygon", "coordinates": [[[98.0854455, 13.9439044], [98.0855801, 13.9438465], [98.0855406, 13.94376], [98.0854061, 13.9438179], [98.0854455, 13.9439044]]]}}, {"type": "Feature", "properties": {"osm_id": 1565138555, "building": "yes"}, "geometry": {"type": "Polygon", "coordinates": [[[98.0853218, 13.9438308], [98.0852708, 13.9437594], [98.0853756, 13.9437044], [98.0854209, 13.9437731], [98.0853218, 13.9438308]]]}}, {"type": "Feature", "properties": {"osm_id": 1565138556, "building": "yes"}, "geometry": {"type": "Polygon", "coordinates": [[[98.0850011, 13.9436746], [98.0849612, 13.9436429], [98.0850272, 13.9435648], [98.085067, 13.9435965], [98.0850011, 13.9436746]]]}}, {"type": "Feature", "properties": {"osm_id": 1565138557, "building": "yes"}, "geometry": {"type": "Polygon", "coordinates": [[[98.0847151, 13.9440915], [98.0846451, 13.9440399], [98.084752, 13.9439032], [98.084822, 13.9439547], [98.0847151, 13.9440915]]]}}, {"type": "Feature", "properties": {"osm_id": 1565138558, "building": "yes"}, "geometry": {"type": "Polygon", "coordinates": [[[98.0840609, 13.9438317], [98.084039, 13.943795], [98.0841086, 13.9437559], [98.0841305, 13.9437926], [98.0840609, 13.9438317]]]}}, {"type": "Feature", "properties": {"osm_id": 1565138559, "building": "yes"}, "geometry": {"type": "Polygon", "coordinates": [[[98.0844463, 13.94386], [98.0844147, 13.9438307], [98.0844702, 13.9437742], [98.0845018, 13.9438034], [98.0844463, 13.94386]]]}}, {"type": "Feature", "properties": {"osm_id": 1565138560, "building": "yes"}, "geometry": {"type": "Polygon", "coordinates": [[[98.083114, 13.9446447], [98.0830872, 13.9445973], [98.08317, 13.9445532], [98.0831968, 13.9446006], [98.083114, 13.9446447]]]}}, {"type": "Feature", "properties": {"osm_id": 1565138561, "building": "yes"}, "geometry": {"type": "Polygon", "coordinates": [[[98.0829442, 13.9445825], [98.0829346, 13.9445292], [98.0830277, 13.9445136], [98.0830372, 13.9445668], [98.0829442, 13.9445825]]]}}, {"type": "Feature", "properties": {"osm_id": 1565138562, "building": "yes"}, "geometry": {"type": "Polygon", "coordinates": [[[98.0830255, 13.9434203], [98.0829362, 13.9433504], [98.0829943, 13.9432805], [98.0830836, 13.9433504], [98.0830255, 13.9434203]]]}}, {"type": "Feature", "properties": {"osm_id": 1565138563, "building": "yes"}, "geometry": {"type": "Polygon", "coordinates": [[[98.0829184, 13.9418359], [98.0828667, 13.941758], [98.082993, 13.9416791], [98.0830447, 13.941757], [98.0829184, 13.9418359]]]}}, {"type": "Feature", "properties": {"osm_id": 1565138564, "building": "yes"}, "geometry": {"type": "Polygon", "coordinates": [[[98.0828187, 13.9415686], [98.0827786, 13.941526], [98.0828634, 13.9414509], [98.0829035, 13.9414935], [98.0828187, 13.9415686]]]}}, {"type": "Feature", "properties": {"osm_id": 1565138565, "building": "yes"}, "geometry": {"type": "Polygon", "coordinates": [[[98.0825429, 13.9413007], [98.0824998, 13.941261], [98.0825788, 13.9411802], [98.0826219, 13.9412199], [98.0825429, 13.9413007]]]}}, {"type": "Feature", "properties": {"osm_id": 1565138566, "building": "yes"}, "geometry": {"type": "Polygon", "coordinates": [[[98.0832858, 13.9417563], [98.0832542, 13.9417179], [98.0833135, 13.9416719], [98.0833451, 13.9417104], [98.0832858, 13.9417563]]]}}, {"type": "Feature", "properties": {"osm_id": 1565138567, "building": "yes"}, "geometry": {"type": "Polygon", "coordinates": [[[98.082653, 13.9407525], [98.0826317, 13.9407222], [98.0827019, 13.9406756], [98.0827232, 13.9407058], [98.082653, 13.9407525]]]}}, {"type": "Feature", "properties": {"osm_id": 1565138568, "building": "yes"}, "geometry": {"type": "Polygon", "coordinates": [[[98.0812429, 13.9408304], [98.0812047, 13.9407815], [98.0813049, 13.9407079], [98.0813431, 13.9407569], [98.0812429, 13.9408304]]]}}, {"type": "Feature", "properties": {"osm_id": 1565138569, "building": "yes"}, "geometry": {"type": "Polygon", "coordinates": [[[98.0821835, 13.9403847], [98.0821221, 13.9403197], [98.0822236, 13.9402295], [98.082285, 13.9402945], [98.0821835, 13.9403847]]]}}, {"type": "Feature", "properties": {"osm_id": 1565138570, "building": "yes"}, "geometry": {"type": "Polygon", "coordinates": [[[98.0819465, 13.94018], [98.0818692, 13.9400999], [98.0819663, 13.9400116], [98.0820436, 13.9400917], [98.0819465, 13.94018]]]}}, {"type": "Feature", "properties": {"osm_id": 1565138571, "building": "yes"}, "geometry": {"type": "Polygon", "coordinates": [[[98.0815978, 13.9403051], [98.0815492, 13.9402523], [98.0816794, 13.9401395], [98.0817279, 13.9401923], [98.0815978, 13.9403051]]]}}, {"type": "Feature", "properties": {"osm_id": 1565138572, "building": "yes"}, "geometry": {"type": "Polygon", "coordinates": [[[98.0814457, 13.9405497], [98.08148, 13.9405895], [98.0815468, 13.9405354], [98.0815126, 13.9404955], [98.0814457, 13.9405497]]]}}, {"type": "Feature", "properties": {"osm_id": 1565138573, "building": "yes"}, "geometry": {"type": "Polygon", "coordinates": [[[98.0817289, 13.9403766], [98.0817631, 13.9404164], [98.08183, 13.9403623], [98.0817958, 13.9403224], [98.0817289, 13.9403766]]]}}, {"type": "Feature", "properties": {"osm_id": 1565138574, "building": "yes"}, "geometry": {"type": "Polygon", "coordinates": [[[98.0813847, 13.9416737], [98.0814307, 13.9417016], [98.0814995, 13.9415946], [98.0814535, 13.9415667], [98.0813847, 13.9416737]]]}}, {"type": "Feature", "properties": {"osm_id": 1565138575, "building": "yes"}, "geometry": {"type": "Polygon", "coordinates": [[[98.0815368, 13.9417494], [98.0814605, 13.9417104], [98.0815011, 13.9416358], [98.0815773, 13.9416748], [98.0815368, 13.9417494]]]}}, {"type": "Feature", "properties": {"osm_id": 1565138576, "building": "yes"}, "geometry": {"type": "Polygon", "coordinates": [[[98.0820628, 13.941413], [98.0819287, 13.9412735], [98.0819702, 13.9412358], [98.0821044, 13.9413753], [98.0820628, 13.941413]]]}}, {"type": "Feature", "properties": {"osm_id": 1565142228, "building": "yes"}, "geometry": {"type": "Polygon", "coordinates": [[[98.0840343, 13.9419455], [98.0839901, 13.9419022], [98.0840491, 13.9418454], [98.0840933, 13.9418887], [98.0840343, 13.9419455]]]}}, {"type": "Feature", "properties": {"osm_id": 1565142229, "building": "yes"}, "geometry": {"type": "Polygon", "coordinates": [[[98.0831743, 13.9415092], [98.083153, 13.9414789], [98.0832232, 13.9414323], [98.0832445, 13.9414625], [98.0831743, 13.9415092]]]}}, {"type": "Feature", "properties": {"osm_id": 1565142230, "building": "yes"}, "geometry": {"type": "Polygon", "coordinates": [[[98.0851856, 13.9421767], [98.085135, 13.9421405], [98.0851843, 13.9420756], [98.0852349, 13.9421117], [98.0851856, 13.9421767]]]}}, {"type": "Feature", "properties": {"osm_id": 1565142231, "building": "yes"}, "geometry": {"type": "Polygon", "coordinates": [[[98.0795451, 13.9374328], [98.0796155, 13.9374124], [98.0795852, 13.9373142], [98.0795149, 13.9373346], [98.0795451, 13.9374328]]]}}, {"type": "Feature", "properties": {"osm_id": 1565142232, "building": "yes"}, "geometry": {"type": "Polygon", "coordinates": [[[98.0796781, 13.9373449], [98.0797612, 13.9373327], [98.0797524, 13.9372758], [98.0796693, 13.937288], [98.0796781, 13.9373449]]]}}, {"type": "Feature", "properties": {"osm_id": 1565142233, "building": "yes"}, "geometry": {"type": "Polygon", "coordinates": [[[98.0785387, 13.9375362], [98.0787114, 13.937433], [98.0786695, 13.9373669], [98.0784967, 13.9374702], [98.0785387, 13.9375362]]]}}, {"type": "Feature", "properties": {"osm_id": 1565142234, "building": "yes"}, "geometry": {"type": "Polygon", "coordinates": [[[98.0802909, 13.9381882], [98.0803813, 13.9380429], [98.0803062, 13.9379988], [98.0802157, 13.9381441], [98.0802909, 13.9381882]]]}}, {"type": "Feature", "properties": {"osm_id": 1565142235, "building": "yes"}, "geometry": {"type": "Polygon", "coordinates": [[[98.0802979, 13.9382351], [98.0803622, 13.9382772], [98.0804011, 13.9382212], [98.0803368, 13.9381792], [98.0802979, 13.9382351]]]}}, {"type": "Feature", "properties": {"osm_id": 1565142236, "building": "yes"}, "geometry": {"type": "Polygon", "coordinates": [[[98.0802171, 13.9376573], [98.0802645, 13.9376911], [98.080312, 13.9376285], [98.0802646, 13.9375946], [98.0802171, 13.9376573]]]}}, {"type": "Feature", "properties": {"osm_id": 1565142237, "building": "yes"}, "geometry": {"type": "Polygon", "coordinates": [[[98.0800518, 13.9379937], [98.080119, 13.93804], [98.0802262, 13.9378932], [98.0801585, 13.937838], [98.0800518, 13.9379937]]]}}, {"type": "Feature", "properties": {"osm_id": 1565142238, "building": "yes"}, "geometry": {"type": "Polygon", "coordinates": [[[98.0799998, 13.9378419], [98.0799506, 13.937893], [98.0800309, 13.9379659], [98.0800802, 13.9379148], [98.0799998, 13.9378419]]]}}, {"type": "Feature", "properties": {"osm_id": 1565142239, "building": "yes"}, "geometry": {"type": "Polygon", "coordinates": [[[98.0803256, 13.9386802], [98.0804223, 13.9386434], [98.080396, 13.9385785], [98.0802993, 13.9386153], [98.0803256, 13.9386802]]]}}, {"type": "Feature", "properties": {"osm_id": 1565142240, "building": "yes"}, "geometry": {"type": "Polygon", "coordinates": [[[98.0792255, 13.9385593], [98.0792434, 13.9386271], [98.0793499, 13.9386006], [98.0793321, 13.9385327], [98.0792255, 13.9385593]]]}}, {"type": "Feature", "properties": {"osm_id": 1565142241, "building": "yes"}, "geometry": {"type": "Polygon", "coordinates": [[[98.0801871, 13.9375688], [98.0801498, 13.9376204], [98.0801946, 13.937651], [98.0802321, 13.9375993], [98.0801871, 13.9375688]]]}}, {"type": "Feature", "properties": {"osm_id": 1565142242, "building": "yes"}, "geometry": {"type": "Polygon", "coordinates": [[[98.0791607, 13.9373688], [98.0791334, 13.9373044], [98.0790864, 13.9373233], [98.0791135, 13.9373876], [98.0791607, 13.9373688]]]}}, {"type": "Feature", "properties": {"osm_id": 1565142243, "building": "yes"}, "geometry": {"type": "Polygon", "coordinates": [[[98.0789144, 13.9356307], [98.0788838, 13.9355881], [98.0788276, 13.9356261], [98.0788581, 13.9356687], [98.0789144, 13.9356307]]]}}, {"type": "Feature", "properties": {"osm_id": 1565144382, "building": "yes"}, "geometry": {"type": "Polygon", "coordinates": [[[98.0789988, 13.9371528], [98.0789715, 13.9370884], [98.0789245, 13.9371073], [98.0789516, 13.9371716], [98.0789988, 13.9371528]]]}}, {"type": "Feature", "properties": {"osm_id": 1565144383, "building": "yes"}, "geometry": {"type": "Polygon", "coordinates": [[[98.0790193, 13.9377373], [98.0788917, 13.9375913], [98.0788647, 13.9376136], [98.0789922, 13.9377595], [98.0790193, 13.9377373]]]}}, {"type": "Feature", "properties": {"osm_id": 1565144384, "building": "yes"}, "geometry": {"type": "Polygon", "coordinates": [[[98.0788675, 13.937476], [98.0789198, 13.9374539], [98.0788982, 13.9374059], [98.0788459, 13.937428], [98.0788675, 13.937476]]]}}, {"type": "Feature", "properties": {"osm_id": 1565144385, "building": "yes"}, "geometry": {"type": "Polygon", "coordinates": [[[98.0779884, 13.9373652], [98.0779069, 13.9374631], [98.0777932, 13.9373673], [98.0778597, 13.9372903], [98.0778854, 13.9373132], [98.0779155, 13.9373215], [98.0779627, 13.9372632], [98.0780185, 13.9373236], [98.0779884, 13.9373652]]]}}, {"type": "Feature", "properties": {"osm_id": 1565144386, "building": "yes"}, "geometry": {"type": "Polygon", "coordinates": [[[98.078883, 13.9381003], [98.0789609, 13.9382306], [98.0790293, 13.9381921], [98.0789513, 13.9380618], [98.078883, 13.9381003]]]}}, {"type": "Feature", "properties": {"osm_id": 1565144387, "building": "yes"}, "geometry": {"type": "Polygon", "coordinates": [[[98.0789109, 13.9382568], [98.0789272, 13.9383524], [98.0790513, 13.9383326], [98.079035, 13.938237], [98.0789109, 13.9382568]]]}}, {"type": "Feature", "properties": {"osm_id": 1565144388, "building": "yes"}, "geometry": {"type": "Polygon", "coordinates": [[[98.0789179, 13.9383787], [98.0789317, 13.9384552], [98.0790545, 13.9384345], [98.0790408, 13.9383579], [98.0789179, 13.9383787]]]}}, {"type": "Feature", "properties": {"osm_id": 1565144389, "building": "yes"}, "geometry": {"type": "Polygon", "coordinates": [[[98.0790357, 13.9384507], [98.0789541, 13.9384688], [98.0789624, 13.9385039], [98.079044, 13.9384859], [98.0790357, 13.9384507]]]}}, {"type": "Feature", "properties": {"osm_id": 1565144390, "building": "yes"}, "geometry": {"type": "Polygon", "coordinates": [[[98.0790572, 13.9384924], [98.0789756, 13.9385105], [98.0789839, 13.9385456], [98.0790655, 13.9385275], [98.0790572, 13.9384924]]]}}, {"type": "Feature", "properties": {"osm_id": 1565144391, "building": "yes"}, "geometry": {"type": "Polygon", "coordinates": [[[98.0790937, 13.9385361], [98.0790121, 13.9385542], [98.0790203, 13.9385893], [98.079102, 13.9385713], [98.0790937, 13.9385361]]]}}, {"type": "Feature", "properties": {"osm_id": 1565144392, "building": "yes"}, "geometry": {"type": "Polygon", "coordinates": [[[98.0777728, 13.9382602], [98.0778274, 13.9382917], [98.0778994, 13.9381738], [98.0778448, 13.9381424], [98.0777728, 13.9382602]]]}}, {"type": "Feature", "properties": {"osm_id": 1565144393, "building": "yes"}, "geometry": {"type": "Polygon", "coordinates": [[[98.0783224, 13.9383824], [98.0782986, 13.9384191], [98.0783926, 13.9384765], [98.0784164, 13.9384399], [98.0783224, 13.9383824]]]}}, {"type": "Feature", "properties": {"osm_id": 1565144394, "building": "yes"}, "geometry": {"type": "Polygon", "coordinates": [[[98.0783868, 13.9383208], [98.078454, 13.9383783], [98.078517, 13.9383091], [98.0784499, 13.9382515], [98.0783868, 13.9383208]]]}}, {"type": "Feature", "properties": {"osm_id": 1565144395, "building": "yes"}, "geometry": {"type": "Polygon", "coordinates": [[[98.0782881, 13.9382625], [98.0783553, 13.93832], [98.0784183, 13.9382508], [98.0783512, 13.9381932], [98.0782881, 13.9382625]]]}}, {"type": "Feature", "properties": {"osm_id": 1565144396, "building": "yes"}, "geometry": {"type": "Polygon", "coordinates": [[[98.0774878, 13.9383638], [98.0774229, 13.9383302], [98.077472, 13.938241], [98.0775368, 13.9382747], [98.0774878, 13.9383638]]]}}, {"type": "Feature", "properties": {"osm_id": 1565144397, "building": "yes"}, "geometry": {"type": "Polygon", "coordinates": [[[98.0778846, 13.9385692], [98.077935, 13.9385044], [98.0778863, 13.9384688], [98.0778359, 13.9385336], [98.0778846, 13.9385692]]]}}, {"type": "Feature", "properties": {"osm_id": 1565144398, "building": "yes"}, "geometry": {"type": "Polygon", "coordinates": [[[98.0779631, 13.9386434], [98.0779027, 13.9386025], [98.0779623, 13.9385196], [98.0780226, 13.9385605], [98.0779631, 13.9386434]]]}}, {"type": "Feature", "properties": {"osm_id": 1565144399, "building": "yes"}, "geometry": {"type": "Polygon", "coordinates": [[[98.0776009, 13.9376354], [98.0776355, 13.9375551], [98.0775691, 13.9375282], [98.0775346, 13.9376087], [98.0776009, 13.9376354]]]}}, {"type": "Feature", "properties": {"osm_id": 1565144400, "building": "yes"}, "geometry": {"type": "Polygon", "coordinates": [[[98.0775063, 13.9370664], [98.0775406, 13.9370779], [98.077552, 13.9370457], [98.0775174, 13.9370389], [98.0775063, 13.9370664]]]}}, {"type": "Feature", "properties": {"osm_id": 1565144401, "building": "yes"}, "geometry": {"type": "Polygon", "coordinates": [[[98.0774999, 13.9371046], [98.0775342, 13.9371161], [98.0775457, 13.9370839], [98.0775111, 13.9370771], [98.0774999, 13.9371046]]]}}, {"type": "Feature", "properties": {"osm_id": 1565144402, "building": "yes"}, "geometry": {"type": "Polygon", "coordinates": [[[98.0774871, 13.9371504], [98.0775213, 13.9371619], [98.0775328, 13.9371297], [98.0774982, 13.9371229], [98.0774871, 13.9371504]]]}}, {"type": "Feature", "properties": {"osm_id": 1565144403, "building": "yes"}, "geometry": {"type": "Polygon", "coordinates": [[[98.0774656, 13.9371921], [98.0774999, 13.9372036], [98.0775113, 13.9371714], [98.0774767, 13.9371645], [98.0774656, 13.9371921]]]}}, {"type": "Feature", "properties": {"osm_id": 1565144404, "building": "yes"}, "geometry": {"type": "Polygon", "coordinates": [[[98.0775429, 13.9372108], [98.0775771, 13.9372223], [98.0775886, 13.9371901], [98.077554, 13.9371833], [98.0775429, 13.9372108]]]}}, {"type": "Feature", "properties": {"osm_id": 1565144405, "building": "yes"}, "geometry": {"type": "Polygon", "coordinates": [[[98.0802199, 13.9392372], [98.0802926, 13.9392369], [98.080292, 13.9390995], [98.0802192, 13.9390998], [98.0802199, 13.9392372]]]}}, {"type": "Feature", "properties": {"osm_id": 1565144406, "building": "yes"}, "geometry": {"type": "Polygon", "coordinates": [[[98.0804868, 13.9390743], [98.0805582, 13.9390608], [98.080541, 13.9389758], [98.0804698, 13.9389894], [98.0804868, 13.9390743]]]}}, {"type": "Feature", "properties": {"osm_id": 1565144407, "building": "yes"}, "geometry": {"type": "Polygon", "coordinates": [[[98.0798339, 13.9392394], [98.0799065, 13.9392428], [98.0799108, 13.9391564], [98.0798383, 13.939153], [98.0798339, 13.9392394]]]}}, {"type": "Feature", "properties": {"osm_id": 1565144408, "building": "yes"}, "geometry": {"type": "Polygon", "coordinates": [[[98.0792445, 13.9396339], [98.0793207, 13.9396286], [98.0793115, 13.9395034], [98.0792354, 13.9395085], [98.0792445, 13.9396339]]]}}, {"type": "Feature", "properties": {"osm_id": 1565144409, "building": "yes"}, "geometry": {"type": "Polygon", "coordinates": [[[98.0789486, 13.9393216], [98.0790183, 13.9393092], [98.0789981, 13.9392033], [98.0789284, 13.9392159], [98.0789486, 13.9393216]]]}}, {"type": "Feature", "properties": {"osm_id": 1565144410, "building": "yes"}, "geometry": {"type": "Polygon", "coordinates": [[[98.0789049, 13.9391728], [98.0788851, 13.9390543], [98.0788444, 13.9390606], [98.0788642, 13.9391791], [98.0789049, 13.9391728]]]}}, {"type": "Feature", "properties": {"osm_id": 1565144411, "building": "yes"}, "geometry": {"type": "Polygon", "coordinates": [[[98.0789821, 13.9391457], [98.0789624, 13.9390272], [98.0789217, 13.9390335], [98.0789414, 13.939152], [98.0789821, 13.9391457]]]}}, {"type": "Feature", "properties": {"osm_id": 1565144412, "building": "yes"}, "geometry": {"type": "Polygon", "coordinates": [[[98.077425, 13.9373808], [98.0775065, 13.937409], [98.0775176, 13.9373788], [98.0774361, 13.9373506], [98.077425, 13.9373808]]]}}, {"type": "Feature", "properties": {"osm_id": 1565144413, "building": "yes"}, "geometry": {"type": "Polygon", "coordinates": [[[98.0774143, 13.9374225], [98.0774958, 13.9374507], [98.0775069, 13.9374205], [98.0774254, 13.9373923], [98.0774143, 13.9374225]]]}}, {"type": "Feature", "properties": {"osm_id": 1565144414, "building": "yes"}, "geometry": {"type": "Polygon", "coordinates": [[[98.077395, 13.9374621], [98.0774765, 13.9374902], [98.0774875, 13.93746], [98.0774061, 13.9374318], [98.077395, 13.9374621]]]}}, {"type": "Feature", "properties": {"osm_id": 1565144415, "building": "yes"}, "geometry": {"type": "Polygon", "coordinates": [[[98.0775293, 13.9373127], [98.0775636, 13.9373242], [98.077575, 13.937292], [98.0775404, 13.9372851], [98.0775293, 13.9373127]]]}}, {"type": "Feature", "properties": {"osm_id": 1565144416, "building": "yes"}, "geometry": {"type": "Polygon", "coordinates": [[[98.0774999, 13.9373545], [98.0775342, 13.937366], [98.0775457, 13.9373338], [98.0775111, 13.937327], [98.0774999, 13.9373545]]]}}, {"type": "Feature", "properties": {"osm_id": 1565147733, "building": "yes"}, "geometry": {"type": "Polygon", "coordinates": [[[98.0775468, 13.9374438], [98.0776512, 13.9375082], [98.0776719, 13.9374765], [98.0775675, 13.9374121], [98.0775468, 13.9374438]]]}}, {"type": "Feature", "properties": {"osm_id": 1565147734, "building": "yes"}, "geometry": {"type": "Polygon", "coordinates": [[[98.0775813, 13.937396], [98.0776857, 13.9374603], [98.0777064, 13.9374286], [98.077602, 13.9373643], [98.0775813, 13.937396]]]}}, {"type": "Feature", "properties": {"osm_id": 1565147735, "building": "yes"}, "geometry": {"type": "Polygon", "coordinates": [[[98.0771191, 13.9378295], [98.0771869, 13.9378816], [98.0772074, 13.9378564], [98.0771396, 13.9378043], [98.0771191, 13.9378295]]]}}, {"type": "Feature", "properties": {"osm_id": 1565147736, "building": "yes"}, "geometry": {"type": "Polygon", "coordinates": [[[98.0771561, 13.9377888], [98.0772239, 13.9378409], [98.0772443, 13.9378157], [98.0771766, 13.9377636], [98.0771561, 13.9377888]]]}}, {"type": "Feature", "properties": {"osm_id": 1565147737, "building": "yes"}, "geometry": {"type": "Polygon", "coordinates": [[[98.0769696, 13.937987], [98.0770449, 13.9380282], [98.0770611, 13.9380003], [98.0769859, 13.937959], [98.0769696, 13.937987]]]}}, {"type": "Feature", "properties": {"osm_id": 1565214745, "building": "yes"}, "geometry": {"type": "Polygon", "coordinates": [[[98.0950892, 13.9094362], [98.0951102, 13.9094806], [98.0951455, 13.9094649], [98.0951245, 13.9094205], [98.0950892, 13.9094362]]]}}, {"type": "Feature", "properties": {"osm_id": 1565214746, "building": "yes"}, "geometry": {"type": "Polygon", "coordinates": [[[98.095234, 13.9093282], [98.0952545, 13.9093713], [98.0952957, 13.9093529], [98.0952753, 13.9093098], [98.095234, 13.9093282]]]}}, {"type": "Feature", "properties": {"osm_id": 1565214747, "building": "yes"}, "geometry": {"type": "Polygon", "coordinates": [[[98.0937991, 13.9091368], [98.0938325, 13.9092074], [98.093909, 13.9091733], [98.0938756, 13.9091027], [98.0937991, 13.9091368]]]}}, {"type": "Feature", "properties": {"osm_id": 1565214748, "building": "yes"}, "geometry": {"type": "Polygon", "coordinates": [[[98.0942845, 13.9082516], [98.0942897, 13.9083309], [98.0943516, 13.9083271], [98.0943464, 13.9082478], [98.0942845, 13.9082516]]]}}, {"type": "Feature", "properties": {"osm_id": 1565214749, "building": "yes"}, "geometry": {"type": "Polygon", "coordinates": [[[98.0918169, 13.9076085], [98.0917883, 13.9076397], [98.0918397, 13.907684], [98.0918683, 13.9076528], [98.0918169, 13.9076085]]]}}, {"type": "Feature", "properties": {"osm_id": 1565214750, "building": "yes"}, "geometry": {"type": "Polygon", "coordinates": [[[98.0992614, 13.9096679], [98.0992338, 13.9096858], [98.0992627, 13.9097278], [98.0992903, 13.90971], [98.0992614, 13.9096679]]]}}, {"type": "Feature", "properties": {"osm_id": 1565214751, "building": "yes"}, "geometry": {"type": "Polygon", "coordinates": [[[98.0991729, 13.9096328], [98.0991425, 13.9096524], [98.0991809, 13.9097083], [98.0992112, 13.9096887], [98.0991729, 13.9096328]]]}}, {"type": "Feature", "properties": {"osm_id": 1565214752, "building": "yes"}, "geometry": {"type": "Polygon", "coordinates": [[[98.0937833, 13.9096549], [98.0937449, 13.9096884], [98.0937813, 13.9097278], [98.0938197, 13.9096943], [98.0937833, 13.9096549]]]}}, {"type": "Feature", "properties": {"osm_id": 1565214753, "building": "yes"}, "geometry": {"type": "Polygon", "coordinates": [[[98.0995028, 13.9022828], [98.099494, 13.9023332], [98.0996154, 13.9023531], [98.0996242, 13.9023027], [98.0995028, 13.9022828]]]}}, {"type": "Feature", "properties": {"osm_id": 1565214754, "building": "yes"}, "geometry": {"type": "Polygon", "coordinates": [[[98.0988684, 13.9023414], [98.0988537, 13.902393], [98.0989958, 13.9024313], [98.0990106, 13.9023797], [98.0988684, 13.9023414]]]}}, {"type": "Feature", "properties": {"osm_id": 1565214755, "building": "yes"}, "geometry": {"type": "Polygon", "coordinates": [[[98.098572, 13.9027723], [98.0985402, 13.9028836], [98.0986539, 13.9029142], [98.0986856, 13.9028029], [98.098572, 13.9027723]]]}}, {"type": "Feature", "properties": {"osm_id": 1565214756, "building": "yes"}, "geometry": {"type": "Polygon", "coordinates": [[[98.0991548, 13.9029324], [98.0991456, 13.9029646], [98.0992969, 13.9030054], [98.0993061, 13.9029732], [98.0991548, 13.9029324]]]}}, {"type": "Feature", "properties": {"osm_id": 1565214757, "building": "yes"}, "geometry": {"type": "Polygon", "coordinates": [[[98.0991286, 13.9028335], [98.0991093, 13.9029012], [98.0991769, 13.9029194], [98.0991962, 13.9028517], [98.0991286, 13.9028335]]]}}, {"type": "Feature", "properties": {"osm_id": 1565214758, "building": "yes"}, "geometry": {"type": "Polygon", "coordinates": [[[98.0992681, 13.9025523], [98.0992546, 13.9025996], [98.0993593, 13.9026278], [98.0993728, 13.9025805], [98.0992681, 13.9025523]]]}}, {"type": "Feature", "properties": {"osm_id": 1565214759, "building": "yes"}, "geometry": {"type": "Polygon", "coordinates": [[[98.0992842, 13.9028101], [98.0992731, 13.902849], [98.0993995, 13.902883], [98.0994106, 13.9028441], [98.0992842, 13.9028101]]]}}, {"type": "Feature", "properties": {"osm_id": 1565214760, "building": "yes"}, "geometry": {"type": "Polygon", "coordinates": [[[98.0981804, 13.9043657], [98.0981684, 13.9044078], [98.0982153, 13.9044204], [98.0982273, 13.9043784], [98.0981804, 13.9043657]]]}}, {"type": "Feature", "properties": {"osm_id": 1565214761, "building": "yes"}, "geometry": {"type": "Polygon", "coordinates": [[[98.0984259, 13.9046456], [98.0984126, 13.9046919], [98.0984728, 13.9047081], [98.098486, 13.9046618], [98.0984259, 13.9046456]]]}}, {"type": "Feature", "properties": {"osm_id": 1565214762, "building": "yes"}, "geometry": {"type": "Polygon", "coordinates": [[[98.098218, 13.9046209], [98.0982014, 13.9046789], [98.098281, 13.9047003], [98.0982976, 13.9046423], [98.098218, 13.9046209]]]}}, {"type": "Feature", "properties": {"osm_id": 1565214763, "building": "yes"}, "geometry": {"type": "Polygon", "coordinates": [[[98.0978921, 13.9059995], [98.0978804, 13.9060406], [98.0979645, 13.9060633], [98.0979763, 13.9060222], [98.0978921, 13.9059995]]]}}, {"type": "Feature", "properties": {"osm_id": 1565214764, "building": "yes"}, "geometry": {"type": "Polygon", "coordinates": [[[98.097876, 13.9060646], [98.097862, 13.9061135], [98.0979511, 13.9061375], [98.0979651, 13.9060886], [98.097876, 13.9060646]]]}}, {"type": "Feature", "properties": {"osm_id": 1565214765, "building": "yes"}, "geometry": {"type": "Polygon", "coordinates": [[[98.0979404, 13.9061713], [98.097918, 13.9062498], [98.0980423, 13.9062833], [98.0980647, 13.9062048], [98.0979404, 13.9061713]]]}}, {"type": "Feature", "properties": {"osm_id": 1565214766, "building": "yes"}, "geometry": {"type": "Polygon", "coordinates": [[[98.0974039, 13.9079275], [98.0973855, 13.9079922], [98.097469, 13.9080147], [98.0974875, 13.9079499], [98.0974039, 13.9079275]]]}}, {"type": "Feature", "properties": {"osm_id": 1565214767, "building": "yes"}, "geometry": {"type": "Polygon", "coordinates": [[[98.0970325, 13.9078194], [98.0970821, 13.9078328], [98.0971116, 13.9077296], [98.0970619, 13.9077162], [98.0970325, 13.9078194]]]}}, {"type": "Feature", "properties": {"osm_id": 1565214768, "building": "yes"}, "geometry": {"type": "Polygon", "coordinates": [[[98.0968782, 13.9074705], [98.0968646, 13.9075183], [98.0969775, 13.9075486], [98.0969911, 13.9075009], [98.0968782, 13.9074705]]]}}, {"type": "Feature", "properties": {"osm_id": 1565214769, "building": "yes"}, "geometry": {"type": "Polygon", "coordinates": [[[98.0950919, 13.9079288], [98.0951013, 13.9080401], [98.095175, 13.9080342], [98.0951656, 13.9079229], [98.0950919, 13.9079288]]]}}, {"type": "Feature", "properties": {"osm_id": 1565214770, "building": "yes"}, "geometry": {"type": "Polygon", "coordinates": [[[98.0942711, 13.9086057], [98.0942773, 13.9086792], [98.0943838, 13.9086708], [98.0943776, 13.9085972], [98.0942711, 13.9086057]]]}}, {"type": "Feature", "properties": {"osm_id": 1565214771, "building": "yes"}, "geometry": {"type": "Polygon", "coordinates": [[[98.0944723, 13.9090978], [98.0944785, 13.9091715], [98.0945876, 13.9091629], [98.0945814, 13.9090891], [98.0944723, 13.9090978]]]}}, {"type": "Feature", "properties": {"osm_id": 1565214772, "building": "yes"}, "geometry": {"type": "Polygon", "coordinates": [[[98.0940485, 13.9089129], [98.094058, 13.9090262], [98.0942389, 13.9090119], [98.0942294, 13.9088986], [98.0940485, 13.9089129]]]}}, {"type": "Feature", "properties": {"osm_id": 1565214773, "building": "yes"}, "geometry": {"type": "Polygon", "coordinates": [[[98.0943167, 13.9087072], [98.0943228, 13.908779], [98.0944401, 13.9087697], [98.094434, 13.9086979], [98.0943167, 13.9087072]]]}}, {"type": "Feature", "properties": {"osm_id": 1565214774, "building": "yes"}, "geometry": {"type": "Polygon", "coordinates": [[[98.0938795, 13.9081631], [98.0938907, 13.9082958], [98.0939721, 13.9082894], [98.0939609, 13.9081566], [98.0938795, 13.9081631]]]}}, {"type": "Feature", "properties": {"osm_id": 1565214775, "building": "yes"}, "geometry": {"type": "Polygon", "coordinates": [[[98.0911544, 13.9085146], [98.091248, 13.9086058], [98.0912778, 13.9085771], [98.0911841, 13.9084858], [98.0911544, 13.9085146]]]}}, {"type": "Feature", "properties": {"osm_id": 1565214776, "building": "yes"}, "geometry": {"type": "Polygon", "coordinates": [[[98.0909505, 13.9081722], [98.0910268, 13.9082465], [98.0910619, 13.9082126], [98.0909856, 13.9081383], [98.0909505, 13.9081722]]]}}, {"type": "Feature", "properties": {"osm_id": 1565214777, "building": "yes"}, "geometry": {"type": "Polygon", "coordinates": [[[98.0908473, 13.9082529], [98.0909055, 13.9083096], [98.0909331, 13.9082829], [98.0908749, 13.9082262], [98.0908473, 13.9082529]]]}}, {"type": "Feature", "properties": {"osm_id": 1565214778, "building": "yes"}, "geometry": {"type": "Polygon", "coordinates": [[[98.0908124, 13.9082881], [98.0908653, 13.9083395], [98.0908875, 13.908318], [98.0908347, 13.9082665], [98.0908124, 13.9082881]]]}}, {"type": "Feature", "properties": {"osm_id": 1565214779, "building": "yes"}, "geometry": {"type": "Polygon", "coordinates": [[[98.0908862, 13.9083929], [98.0909524, 13.9084574], [98.0909754, 13.9084352], [98.0909091, 13.9083706], [98.0908862, 13.9083929]]]}}, {"type": "Feature", "properties": {"osm_id": 1565214780, "building": "yes"}, "geometry": {"type": "Polygon", "coordinates": [[[98.0905784, 13.9080804], [98.0906426, 13.9081429], [98.0906951, 13.9080921], [98.0906309, 13.9080296], [98.0905784, 13.9080804]]]}}, {"type": "Feature", "properties": {"osm_id": 1565214781, "building": "yes"}, "geometry": {"type": "Polygon", "coordinates": [[[98.090229, 13.9086278], [98.0903545, 13.908722], [98.0904087, 13.9086539], [98.0902833, 13.9085597], [98.090229, 13.9086278]]]}}, {"type": "Feature", "properties": {"osm_id": 1565214782, "building": "yes"}, "geometry": {"type": "Polygon", "coordinates": [[[98.0903025, 13.9088111], [98.0903571, 13.9087425], [98.0901891, 13.9086164], [98.0901345, 13.908685], [98.0903025, 13.9088111]]]}}, {"type": "Feature", "properties": {"osm_id": 1565214783, "building": "yes"}, "geometry": {"type": "Polygon", "coordinates": [[[98.0905402, 13.9090509], [98.0905875, 13.9090971], [98.090626, 13.90906], [98.0905787, 13.9090138], [98.0905402, 13.9090509]]]}}, {"type": "Feature", "properties": {"osm_id": 1565214784, "building": "yes"}, "geometry": {"type": "Polygon", "coordinates": [[[98.0899715, 13.9099648], [98.0900209, 13.910013], [98.0900547, 13.9099804], [98.0900053, 13.9099322], [98.0899715, 13.9099648]]]}}, {"type": "Feature", "properties": {"osm_id": 1565214785, "building": "yes"}, "geometry": {"type": "Polygon", "coordinates": [[[98.0897462, 13.9100923], [98.0898116, 13.9101562], [98.0898455, 13.9101236], [98.0897801, 13.9100597], [98.0897462, 13.9100923]]]}}, {"type": "Feature", "properties": {"osm_id": 1565214786, "building": "yes"}, "geometry": {"type": "Polygon", "coordinates": [[[98.0889496, 13.9101626], [98.0889936, 13.9102055], [98.0890515, 13.9101496], [98.0890076, 13.9101067], [98.0889496, 13.9101626]]]}}, {"type": "Feature", "properties": {"osm_id": 1565214787, "building": "yes"}, "geometry": {"type": "Polygon", "coordinates": [[[98.0892728, 13.9101184], [98.0893529, 13.9101966], [98.0893989, 13.9101522], [98.0893188, 13.910074], [98.0892728, 13.9101184]]]}}, {"type": "Feature", "properties": {"osm_id": 1565214788, "building": "yes"}, "geometry": {"type": "Polygon", "coordinates": [[[98.0896578, 13.9093466], [98.0896996, 13.9093856], [98.0897236, 13.9093613], [98.0897703, 13.9094048], [98.0898077, 13.9093671], [98.0897191, 13.9092846], [98.0896578, 13.9093466]]]}}, {"type": "Feature", "properties": {"osm_id": 1565214789, "building": "yes"}, "geometry": {"type": "Polygon", "coordinates": [[[98.0902156, 13.909159], [98.0903211, 13.9092533], [98.0903551, 13.9092175], [98.0902496, 13.9091232], [98.0902156, 13.909159]]]}}, {"type": "Feature", "properties": {"osm_id": 1565214790, "building": "yes"}, "geometry": {"type": "Polygon", "coordinates": [[[98.0904476, 13.9092719], [98.0903931, 13.9093143], [98.0904799, 13.9094196], [98.0905344, 13.9093772], [98.0904476, 13.9092719]]]}}, {"type": "Feature", "properties": {"osm_id": 1565214791, "building": "yes"}, "geometry": {"type": "Polygon", "coordinates": [[[98.0917445, 13.9086109], [98.0917532, 13.9087134], [98.0918303, 13.9087072], [98.0918216, 13.9086047], [98.0917445, 13.9086109]]]}}, {"type": "Feature", "properties": {"osm_id": 1565214792, "building": "yes"}, "geometry": {"type": "Polygon", "coordinates": [[[98.092493, 13.9082852], [98.0924984, 13.9083895], [98.0925704, 13.908386], [98.092565, 13.9082817], [98.092493, 13.9082852]]]}}, {"type": "Feature", "properties": {"osm_id": 1565214793, "building": "yes"}, "geometry": {"type": "Polygon", "coordinates": [[[98.0919751, 13.907986], [98.0919966, 13.9080694], [98.0920717, 13.9080511], [98.0920502, 13.9079678], [98.0919751, 13.907986]]]}}, {"type": "Feature", "properties": {"osm_id": 1565214794, "building": "yes"}, "geometry": {"type": "Polygon", "coordinates": [[[98.0920932, 13.9079574], [98.0921153, 13.9080432], [98.0921897, 13.9080251], [98.0921676, 13.9079393], [98.0920932, 13.9079574]]]}}, {"type": "Feature", "properties": {"osm_id": 1565214795, "building": "yes"}, "geometry": {"type": "Polygon", "coordinates": [[[98.0921096, 13.9082688], [98.0921104, 13.9083642], [98.0922203, 13.9083633], [98.0922194, 13.9082679], [98.0921096, 13.9082688]]]}}, {"type": "Feature", "properties": {"osm_id": 1565214796, "building": "yes"}, "geometry": {"type": "Polygon", "coordinates": [[[98.0930212, 13.9085901], [98.0930197, 13.9086432], [98.0930775, 13.9086447], [98.0930791, 13.9085917], [98.0930212, 13.9085901]]]}}, {"type": "Feature", "properties": {"osm_id": 1565214797, "building": "yes"}, "geometry": {"type": "Polygon", "coordinates": [[[98.0929086, 13.908551], [98.0929055, 13.908658], [98.0929917, 13.9086604], [98.0929948, 13.9085534], [98.0929086, 13.908551]]]}}, {"type": "Feature", "properties": {"osm_id": 1565214798, "building": "yes"}, "geometry": {"type": "Polygon", "coordinates": [[[98.0933833, 13.9085302], [98.0933806, 13.9086245], [98.093453, 13.9086265], [98.0934558, 13.9085322], [98.0933833, 13.9085302]]]}}, {"type": "Feature", "properties": {"osm_id": 1565214799, "building": "yes"}, "geometry": {"type": "Polygon", "coordinates": [[[98.0939412, 13.9084677], [98.0939383, 13.9085699], [98.0940083, 13.9085718], [98.0940112, 13.9084696], [98.0939412, 13.9084677]]]}}, {"type": "Feature", "properties": {"osm_id": 1565214800, "building": "yes"}, "geometry": {"type": "Polygon", "coordinates": [[[98.0934723, 13.9079976], [98.0935139, 13.9081128], [98.0935742, 13.9080923], [98.0935326, 13.9079771], [98.0934723, 13.9079976]]]}}, {"type": "Feature", "properties": {"osm_id": 1565214801, "building": "yes"}, "geometry": {"type": "Polygon", "coordinates": [[[98.0935872, 13.9079131], [98.093582, 13.9079533], [98.093681, 13.9079652], [98.0936862, 13.9079251], [98.0935872, 13.9079131]]]}}, {"type": "Feature", "properties": {"osm_id": 1565214802, "building": "yes"}, "geometry": {"type": "Polygon", "coordinates": [[[98.0976413, 13.9068821], [98.0976352, 13.9069302], [98.0977003, 13.9069381], [98.0977065, 13.90689], [98.0976413, 13.9068821]]]}}, {"type": "Feature", "properties": {"osm_id": 1565214803, "building": "yes"}, "geometry": {"type": "Polygon", "coordinates": [[[98.0974562, 13.9068144], [98.0974488, 13.9068724], [98.0975515, 13.9068847], [98.0975589, 13.9068268], [98.0974562, 13.9068144]]]}}, {"type": "Feature", "properties": {"osm_id": 1565214804, "building": "yes"}, "geometry": {"type": "Polygon", "coordinates": [[[98.0974965, 13.9079249], [98.0974927, 13.9080181], [98.0976064, 13.9080225], [98.0976102, 13.9079292], [98.0974965, 13.9079249]]]}}, {"type": "Feature", "properties": {"osm_id": 1565214805, "building": "yes"}, "geometry": {"type": "Polygon", "coordinates": [[[98.0975381, 13.9076059], [98.0975344, 13.9076955], [98.0976427, 13.9076997], [98.0976463, 13.9076101], [98.0975381, 13.9076059]]]}}, {"type": "Feature", "properties": {"osm_id": 1565214806, "building": "yes"}, "geometry": {"type": "Polygon", "coordinates": [[[98.0981221, 13.9098439], [98.0980822, 13.9099366], [98.0981771, 13.909975], [98.098217, 13.9098823], [98.0981221, 13.9098439]]]}}, {"type": "Feature", "properties": {"osm_id": 1565214807, "building": "yes"}, "geometry": {"type": "Polygon", "coordinates": [[[98.096559, 13.9087072], [98.0965315, 13.9087535], [98.0966046, 13.9087945], [98.0966322, 13.9087482], [98.096559, 13.9087072]]]}}, {"type": "Feature", "properties": {"osm_id": 1565214808, "building": "yes"}, "geometry": {"type": "Polygon", "coordinates": [[[98.0966704, 13.908801], [98.0966239, 13.908879], [98.0966891, 13.9089155], [98.0967356, 13.9088375], [98.0966704, 13.908801]]]}}, {"type": "Feature", "properties": {"osm_id": 1565214809, "building": "yes"}, "geometry": {"type": "Polygon", "coordinates": [[[98.0967589, 13.9088517], [98.0967108, 13.9089325], [98.0967803, 13.9089715], [98.0968284, 13.9088907], [98.0967589, 13.9088517]]]}}, {"type": "Feature", "properties": {"osm_id": 1565214810, "building": "yes"}, "geometry": {"type": "Polygon", "coordinates": [[[98.0973047, 13.9089598], [98.0972934, 13.9090045], [98.0973516, 13.9090184], [98.0973629, 13.9089736], [98.0973047, 13.9089598]]]}}, {"type": "Feature", "properties": {"osm_id": 1565214811, "building": "yes"}, "geometry": {"type": "Polygon", "coordinates": [[[98.0979112, 13.9090593], [98.0979801, 13.9090805], [98.0980252, 13.9089422], [98.0979563, 13.9089211], [98.0979112, 13.9090593]]]}}, {"type": "Feature", "properties": {"osm_id": 1565214812, "building": "yes"}, "geometry": {"type": "Polygon", "coordinates": [[[98.0977768, 13.9081423], [98.0977737, 13.9082184], [98.097927, 13.9082243], [98.0979301, 13.9081482], [98.0977768, 13.9081423]]]}}, {"type": "Feature", "properties": {"osm_id": 1565214813, "building": "yes"}, "geometry": {"type": "Polygon", "coordinates": [[[98.0977084, 13.908262], [98.0977064, 13.9083109], [98.0977888, 13.9083141], [98.0977908, 13.9082652], [98.0977084, 13.908262]]]}}, {"type": "Feature", "properties": {"osm_id": 1565214814, "building": "yes"}, "geometry": {"type": "Polygon", "coordinates": [[[98.0977231, 13.9084234], [98.0977209, 13.908478], [98.0978586, 13.9084833], [98.0978608, 13.9084288], [98.0977231, 13.9084234]]]}}, {"type": "Feature", "properties": {"osm_id": 1565214815, "building": "yes"}, "geometry": {"type": "Polygon", "coordinates": [[[98.096315, 13.9078585], [98.0962959, 13.9079045], [98.0963713, 13.907934], [98.0963904, 13.907888], [98.096315, 13.9078585]]]}}, {"type": "Feature", "properties": {"osm_id": 1565214816, "building": "yes"}, "geometry": {"type": "Polygon", "coordinates": [[[98.0953105, 13.907753], [98.0952735, 13.9077386], [98.0952346, 13.9078323], [98.0952716, 13.9078468], [98.0953105, 13.907753]]]}}, {"type": "Feature", "properties": {"osm_id": 1565214817, "building": "yes"}, "geometry": {"type": "Polygon", "coordinates": [[[98.0952059, 13.907684], [98.0951884, 13.9077973], [98.0952298, 13.9078033], [98.0952472, 13.90769], [98.0952059, 13.907684]]]}}, {"type": "Feature", "properties": {"osm_id": 1565214818, "building": "yes"}, "geometry": {"type": "Polygon", "coordinates": [[[98.0941612, 13.9050882], [98.0941612, 13.9051664], [98.0942228, 13.9051664], [98.0942228, 13.9050882], [98.0941612, 13.9050882]]]}}, {"type": "Feature", "properties": {"osm_id": 1565214819, "building": "yes"}, "geometry": {"type": "Polygon", "coordinates": [[[98.096488, 13.9051325], [98.0965041, 13.9051859], [98.0966159, 13.9051541], [98.0965998, 13.9051007], [98.096488, 13.9051325]]]}}, {"type": "Feature", "properties": {"osm_id": 1565214820, "building": "yes"}, "geometry": {"type": "Polygon", "coordinates": [[[98.0966744, 13.9053291], [98.0966824, 13.9054007], [98.0967264, 13.905396], [98.0967184, 13.9053244], [98.0966744, 13.9053291]]]}}, {"type": "Feature", "properties": {"osm_id": 1565214821, "building": "yes"}, "geometry": {"type": "Polygon", "coordinates": [[[98.0990642, 13.9117274], [98.0989784, 13.9118107], [98.0990294, 13.9118601], [98.0991152, 13.9117768], [98.0990642, 13.9117274]]]}}, {"type": "Feature", "properties": {"osm_id": 1565214822, "building": "yes"}, "geometry": {"type": "Polygon", "coordinates": [[[98.0957383, 13.9090431], [98.0957398, 13.9091223], [98.0958027, 13.9091212], [98.0958012, 13.909042], [98.0957383, 13.9090431]]]}}, {"type": "Feature", "properties": {"osm_id": 1565214823, "building": "yes"}, "geometry": {"type": "Polygon", "coordinates": [[[98.0958402, 13.9089858], [98.0958427, 13.9091169], [98.0958939, 13.909116], [98.0958914, 13.9089849], [98.0958402, 13.9089858]]]}}, {"type": "Feature", "properties": {"osm_id": 1565214824, "building": "yes"}, "geometry": {"type": "Polygon", "coordinates": [[[98.0963472, 13.9090561], [98.0963493, 13.9091695], [98.0964303, 13.9091681], [98.0964282, 13.9090547], [98.0963472, 13.9090561]]]}}, {"type": "Feature", "properties": {"osm_id": 1565214825, "building": "yes"}, "geometry": {"type": "Polygon", "coordinates": [[[98.0956058, 13.908742], [98.0956039, 13.9088318], [98.0957086, 13.9088338], [98.0957104, 13.9087441], [98.0956058, 13.908742]]]}}, {"type": "Feature", "properties": {"osm_id": 1565214826, "building": "yes"}, "geometry": {"type": "Polygon", "coordinates": [[[98.0927029, 13.9074903], [98.0927354, 13.9076039], [98.0928038, 13.9075855], [98.0927713, 13.9074719], [98.0927029, 13.9074903]]]}}, {"type": "Feature", "properties": {"osm_id": 1565214827, "building": "yes"}, "geometry": {"type": "Polygon", "coordinates": [[[98.09396, 13.9068144], [98.0939526, 13.9069067], [98.0940069, 13.9069108], [98.0940143, 13.9068185], [98.09396, 13.9068144]]]}}, {"type": "Feature", "properties": {"osm_id": 1565214828, "building": "yes"}, "geometry": {"type": "Polygon", "coordinates": [[[98.0926584, 13.9042043], [98.0926698, 13.9042499], [98.0927288, 13.904236], [98.0927174, 13.9041904], [98.0926584, 13.9042043]]]}}, {"type": "Feature", "properties": {"osm_id": 1565214829, "building": "yes"}, "geometry": {"type": "Polygon", "coordinates": [[[98.0928656, 13.9037956], [98.0928791, 13.9038593], [98.0929329, 13.9038487], [98.0929195, 13.9037849], [98.0928656, 13.9037956]]]}}, {"type": "Feature", "properties": {"osm_id": 1565214830, "building": "yes"}, "geometry": {"type": "Polygon", "coordinates": [[[98.0933283, 13.9037715], [98.093329, 13.9038076], [98.0933719, 13.9038068], [98.0933713, 13.9037707], [98.0933283, 13.9037715]]]}}, {"type": "Feature", "properties": {"osm_id": 1565214831, "building": "yes"}, "geometry": {"type": "Polygon", "coordinates": [[[98.0932304, 13.9037656], [98.0932344, 13.9038216], [98.0932868, 13.903818], [98.0932828, 13.9037621], [98.0932304, 13.9037656]]]}}, {"type": "Feature", "properties": {"osm_id": 1565214832, "building": "yes"}, "geometry": {"type": "Polygon", "coordinates": [[[98.0931446, 13.9038971], [98.0931446, 13.9039622], [98.093213, 13.9039622], [98.093213, 13.9038971], [98.0931446, 13.9038971]]]}}, {"type": "Feature", "properties": {"osm_id": 1565270978, "building": "yes"}, "geometry": {"type": "Polygon", "coordinates": [[[98.0784878, 13.9360971], [98.0785391, 13.9360975], [98.0785395, 13.9360516], [98.0785852, 13.9360362], [98.0785865, 13.9358948], [98.0784384, 13.9358935], [98.078437, 13.9360412], [98.0784883, 13.9360417], [98.0784878, 13.9360971]]]}}, {"type": "Feature", "properties": {"osm_id": 1565270979, "building": "yes"}, "geometry": {"type": "Polygon", "coordinates": [[[98.080838, 13.9386249], [98.0809076, 13.9386909], [98.0807955, 13.9388023], [98.0807259, 13.9387362], [98.080838, 13.9386249]]]}}, {"type": "Feature", "properties": {"osm_id": 1565270980, "building": "yes"}, "geometry": {"type": "Polygon", "coordinates": [[[98.0790397, 13.9391566], [98.0791398, 13.9391297], [98.0791136, 13.9390379], [98.0790135, 13.9390648], [98.0790397, 13.9391566]]]}}, {"type": "Feature", "properties": {"osm_id": 1565270981, "building": "yes"}, "geometry": {"type": "Polygon", "coordinates": [[[98.0781664, 13.9393523], [98.0782166, 13.9393481], [98.078204, 13.9392073], [98.0781551, 13.9392258], [98.0781664, 13.9393523]]]}}, {"type": "Feature", "properties": {"osm_id": 1565270982, "building": "yes"}, "geometry": {"type": "Polygon", "coordinates": [[[98.0779911, 13.9392975], [98.0780367, 13.9392494], [98.077963, 13.9391837], [98.0779174, 13.9392319], [98.0779911, 13.9392975]]]}}, {"type": "Feature", "properties": {"osm_id": 1565270983, "building": "yes"}, "geometry": {"type": "Polygon", "coordinates": [[[98.077375, 13.9392212], [98.0774366, 13.9392312], [98.0774559, 13.9391197], [98.0773942, 13.9391097], [98.077375, 13.9392212]]]}}, {"type": "Feature", "properties": {"osm_id": 1565270984, "building": "yes"}, "geometry": {"type": "Polygon", "coordinates": [[[98.0776001, 13.939414], [98.0776583, 13.9393826], [98.0775974, 13.9392762], [98.0775392, 13.9393076], [98.0776001, 13.939414]]]}}, {"type": "Feature", "properties": {"osm_id": 1565270985, "building": "yes"}, "geometry": {"type": "Polygon", "coordinates": [[[98.0767797, 13.9397118], [98.0768469, 13.9397147], [98.0768517, 13.9396079], [98.0767845, 13.939605], [98.0767797, 13.9397118]]]}}, {"type": "Feature", "properties": {"osm_id": 1565270990, "building": "yes"}, "geometry": {"type": "Polygon", "coordinates": [[[98.0753598, 13.9401388], [98.0754481, 13.9400832], [98.0753918, 13.939999], [98.0753036, 13.9400547], [98.0753598, 13.9401388]]]}}, {"type": "Feature", "properties": {"osm_id": 1565270991, "building": "yes"}, "geometry": {"type": "Polygon", "coordinates": [[[98.0758307, 13.9403238], [98.0758767, 13.9402923], [98.0758115, 13.9402027], [98.0757655, 13.9402342], [98.0758307, 13.9403238]]]}}, {"type": "Feature", "properties": {"osm_id": 1565270992, "building": "yes"}, "geometry": {"type": "Polygon", "coordinates": [[[98.0758766, 13.940242], [98.0759082, 13.9402051], [98.0758623, 13.9401679], [98.0758306, 13.9402048], [98.0758766, 13.940242]]]}}, {"type": "Feature", "properties": {"osm_id": 1565270993, "building": "yes"}, "geometry": {"type": "Polygon", "coordinates": [[[98.0757962, 13.9402013], [98.0758403, 13.9401664], [98.0757962, 13.940114], [98.0757522, 13.9401488], [98.0757962, 13.9402013]]]}}, {"type": "Feature", "properties": {"osm_id": 1565270994, "building": "yes"}, "geometry": {"type": "Polygon", "coordinates": [[[98.0756902, 13.9404066], [98.0757408, 13.9403736], [98.0757008, 13.9403158], [98.0756543, 13.940346], [98.0756407, 13.9403263], [98.0755871, 13.9403613], [98.0756165, 13.9404038], [98.075666, 13.9403715], [98.0756902, 13.9404066]]]}}, {"type": "Feature", "properties": {"osm_id": 1565270995, "building": "yes"}, "geometry": {"type": "Polygon", "coordinates": [[[98.0758475, 13.9401305], [98.0758812, 13.9400977], [98.0758257, 13.9400441], [98.0757921, 13.940077], [98.0758475, 13.9401305]]]}}, {"type": "Feature", "properties": {"osm_id": 1565270996, "building": "yes"}, "geometry": {"type": "Polygon", "coordinates": [[[98.0759143, 13.9401081], [98.0759425, 13.9400824], [98.0759766, 13.9401176], [98.0759601, 13.9401554], [98.0759143, 13.9401081]]]}}, {"type": "Feature", "properties": {"osm_id": 1565270997, "building": "yes"}, "geometry": {"type": "Polygon", "coordinates": [[[98.0759902, 13.9400256], [98.0760229, 13.9399925], [98.0760607, 13.9400277], [98.0760279, 13.9400607], [98.0759902, 13.9400256]]]}}, {"type": "Feature", "properties": {"osm_id": 1565270998, "building": "yes"}, "geometry": {"type": "Polygon", "coordinates": [[[98.075868, 13.9401522], [98.0758967, 13.9401207], [98.0759533, 13.9401694], [98.0759372, 13.9402118], [98.075868, 13.9401522]]]}}, {"type": "Feature", "properties": {"osm_id": 1565270999, "building": "yes"}, "geometry": {"type": "Polygon", "coordinates": [[[98.0759398, 13.9398465], [98.0759822, 13.9398052], [98.0760597, 13.9398801], [98.0760173, 13.9399214], [98.0759398, 13.9398465]]]}}, {"type": "Feature", "properties": {"osm_id": 1565271000, "building": "yes"}, "geometry": {"type": "Polygon", "coordinates": [[[98.0757455, 13.9403491], [98.0758089, 13.9403062], [98.07571, 13.9401689], [98.0756721, 13.9401946], [98.0756997, 13.940233], [98.0756305, 13.9402799], [98.0756632, 13.9403254], [98.075707, 13.9402957], [98.0757455, 13.9403491]]]}}, {"type": "Feature", "properties": {"osm_id": 1565288723, "building": "yes"}, "geometry": {"type": "Polygon", "coordinates": [[[98.0755442, 13.9404464], [98.0755904, 13.9404224], [98.0755665, 13.9403793], [98.0755204, 13.9404033], [98.0755442, 13.9404464]]]}}, {"type": "Feature", "properties": {"osm_id": 1565288724, "building": "yes"}, "geometry": {"type": "Polygon", "coordinates": [[[98.0751495, 13.9404461], [98.0751894, 13.940418], [98.0752298, 13.9404722], [98.07519, 13.9405002], [98.0751495, 13.9404461]]]}}, {"type": "Feature", "properties": {"osm_id": 1565288725, "building": "yes"}, "geometry": {"type": "Polygon", "coordinates": [[[98.0752678, 13.940495], [98.075291, 13.9404823], [98.0753229, 13.9405371], [98.0752997, 13.9405498], [98.0752678, 13.940495]]]}}, {"type": "Feature", "properties": {"osm_id": 1565288726, "building": "yes"}, "geometry": {"type": "Polygon", "coordinates": [[[98.0749916, 13.9406447], [98.0750233, 13.940628], [98.0749878, 13.9405648], [98.0749562, 13.9405816], [98.0749916, 13.9406447]]]}}, {"type": "Feature", "properties": {"osm_id": 1565288727, "building": "yes"}, "geometry": {"type": "Polygon", "coordinates": [[[98.0753295, 13.9406108], [98.0753606, 13.9405953], [98.075336, 13.9405489], [98.0753049, 13.9405644], [98.0753295, 13.9406108]]]}}, {"type": "Feature", "properties": {"osm_id": 1565288728, "building": "yes"}, "geometry": {"type": "Polygon", "coordinates": [[[98.0752451, 13.9406099], [98.0752919, 13.9405827], [98.0753373, 13.9406563], [98.0752906, 13.9406834], [98.0752451, 13.9406099]]]}}, {"type": "Feature", "properties": {"osm_id": 1565288729, "building": "yes"}, "geometry": {"type": "Polygon", "coordinates": [[[98.0753149, 13.9407177], [98.075303, 13.9406924], [98.0753617, 13.9406664], [98.0753735, 13.9406917], [98.0753149, 13.9407177]]]}}, {"type": "Feature", "properties": {"osm_id": 1565288730, "building": "yes"}, "geometry": {"type": "Polygon", "coordinates": [[[98.0752275, 13.9407079], [98.0752737, 13.9406848], [98.075233, 13.9406082], [98.0751868, 13.9406313], [98.0752275, 13.9407079]]]}}, {"type": "Feature", "properties": {"osm_id": 1565288731, "building": "yes"}, "geometry": {"type": "Polygon", "coordinates": [[[98.0752204, 13.9407171], [98.0751738, 13.9406356], [98.0751175, 13.9406659], [98.0751642, 13.9407474], [98.0752204, 13.9407171]]]}}, {"type": "Feature", "properties": {"osm_id": 1565288732, "building": "yes"}, "geometry": {"type": "Polygon", "coordinates": [[[98.075121, 13.940706], [98.0751532, 13.9407626], [98.0750939, 13.9407945], [98.0750617, 13.9407378], [98.075121, 13.940706]]]}}, {"type": "Feature", "properties": {"osm_id": 1565288733, "building": "yes"}, "geometry": {"type": "Polygon", "coordinates": [[[98.0749728, 13.9406476], [98.0750332, 13.9407278], [98.0749853, 13.9407618], [98.0749249, 13.9406816], [98.0749728, 13.9406476]]]}}, {"type": "Feature", "properties": {"osm_id": 1565288735, "building": "yes"}, "geometry": {"type": "Polygon", "coordinates": [[[98.0753925, 13.94047], [98.0753238, 13.9405126], [98.0753621, 13.9405706], [98.0753845, 13.9405567], [98.0754043, 13.9405867], [98.0754505, 13.940558], [98.0753925, 13.94047]]]}}, {"type": "Feature", "properties": {"osm_id": 1565288736, "building": "yes"}, "geometry": {"type": "Polygon", "coordinates": [[[98.0751824, 13.9407894], [98.0752444, 13.9407653], [98.0752334, 13.9407387], [98.0751715, 13.9407629], [98.0751824, 13.9407894]]]}}, {"type": "Feature", "properties": {"osm_id": 1565291581, "building": "yes"}, "geometry": {"type": "Polygon", "coordinates": [[[98.0754136, 13.9403297], [98.0754644, 13.9403029], [98.0754447, 13.9402677], [98.0753939, 13.9402945], [98.0754136, 13.9403297]]]}}, {"type": "Feature", "properties": {"osm_id": 1565291582, "building": "yes"}, "geometry": {"type": "Polygon", "coordinates": [[[98.0755236, 13.9403767], [98.0755606, 13.9403561], [98.0755082, 13.9402677], [98.0754713, 13.9402884], [98.0755236, 13.9403767]]]}}, {"type": "Feature", "properties": {"osm_id": 1565291583, "building": "yes"}, "geometry": {"type": "Polygon", "coordinates": [[[98.0755675, 13.9404677], [98.0756155, 13.9404387], [98.075645, 13.9404847], [98.0755971, 13.9405138], [98.0755675, 13.9404677]]]}}, {"type": "Feature", "properties": {"osm_id": 1565291584, "building": "yes"}, "geometry": {"type": "Polygon", "coordinates": [[[98.075818, 13.9399663], [98.0758511, 13.9399358], [98.0757815, 13.9398647], [98.0757484, 13.9398952], [98.075818, 13.9399663]]]}}, {"type": "Feature", "properties": {"osm_id": 1565291585, "building": "yes"}, "geometry": {"type": "Polygon", "coordinates": [[[98.0759269, 13.9402987], [98.0759522, 13.9402793], [98.0759274, 13.9402488], [98.0759021, 13.9402682], [98.0759269, 13.9402987]]]}}, {"type": "Feature", "properties": {"osm_id": 1565291586, "building": "yes"}, "geometry": {"type": "Polygon", "coordinates": [[[98.0761081, 13.9396831], [98.0761417, 13.9396543], [98.0760886, 13.9395958], [98.0760549, 13.9396245], [98.0761081, 13.9396831]]]}}, {"type": "Feature", "properties": {"osm_id": 1565291587, "building": "yes"}, "geometry": {"type": "Polygon", "coordinates": [[[98.0760659, 13.9398947], [98.0761044, 13.9398639], [98.0761427, 13.939909], [98.0761041, 13.9399398], [98.0760659, 13.9398947]]]}}, {"type": "Feature", "properties": {"osm_id": 1565291588, "building": "yes"}, "geometry": {"type": "Polygon", "coordinates": [[[98.0763656, 13.9394458], [98.0763957, 13.9394413], [98.0764114, 13.9395412], [98.0763814, 13.9395457], [98.0763656, 13.9394458]]]}}, {"type": "Feature", "properties": {"osm_id": 1565291589, "building": "yes"}, "geometry": {"type": "Polygon", "coordinates": [[[98.0764289, 13.9395842], [98.0765399, 13.9395925], [98.0765336, 13.9396721], [98.0764226, 13.9396638], [98.0764289, 13.9395842]]]}}, {"type": "Feature", "properties": {"osm_id": 1565291590, "building": "yes"}, "geometry": {"type": "Polygon", "coordinates": [[[98.0765274, 13.9396921], [98.0764654, 13.9396845], [98.0764563, 13.9397547], [98.0765183, 13.9397623], [98.0765274, 13.9396921]]]}}, {"type": "Feature", "properties": {"osm_id": 1565291591, "building": "yes"}, "geometry": {"type": "Polygon", "coordinates": [[[98.0764713, 13.9398855], [98.0765712, 13.9398954], [98.0765797, 13.9398144], [98.0764798, 13.9398045], [98.0764713, 13.9398855]]]}}, {"type": "Feature", "properties": {"osm_id": 1565291592, "building": "yes"}, "geometry": {"type": "Polygon", "coordinates": [[[98.0764576, 13.9399211], [98.0765329, 13.9399502], [98.0764953, 13.9400418], [98.07642, 13.9400127], [98.0764576, 13.9399211]]]}}, {"type": "Feature", "properties": {"osm_id": 1565291593, "building": "yes"}, "geometry": {"type": "Polygon", "coordinates": [[[98.0770399, 13.9397027], [98.0770934, 13.9397019], [98.0770919, 13.9396038], [98.0770384, 13.9396046], [98.0770399, 13.9397027]]]}}, {"type": "Feature", "properties": {"osm_id": 1565291594, "building": "yes"}, "geometry": {"type": "Polygon", "coordinates": [[[98.0770293, 13.93981], [98.077096, 13.939807], [98.0770931, 13.9397485], [98.0770265, 13.9397515], [98.0770293, 13.93981]]]}}, {"type": "Feature", "properties": {"osm_id": 1565291595, "building": "yes"}, "geometry": {"type": "Polygon", "coordinates": [[[98.0771368, 13.9401311], [98.0772074, 13.9401067], [98.0771898, 13.9400588], [98.0771192, 13.9400832], [98.0771368, 13.9401311]]]}}, {"type": "Feature", "properties": {"osm_id": 1565293261, "building": "yes"}, "geometry": {"type": "Polygon", "coordinates": [[[98.0764858, 13.9390863], [98.0765689, 13.9391016], [98.0765804, 13.9390427], [98.0764973, 13.9390274], [98.0764858, 13.9390863]]]}}, {"type": "Feature", "properties": {"osm_id": 1565293262, "building": "yes"}, "geometry": {"type": "Polygon", "coordinates": [[[98.0768134, 13.9391985], [98.076859, 13.9391985], [98.0768589, 13.9390957], [98.0768133, 13.9390957], [98.0768134, 13.9391985]]]}}, {"type": "Feature", "properties": {"osm_id": 1565293263, "building": "yes"}, "geometry": {"type": "Polygon", "coordinates": [[[98.0776354, 13.9390397], [98.0776959, 13.9390761], [98.0777499, 13.9389919], [98.0776894, 13.9389554], [98.0776354, 13.9390397]]]}}, {"type": "Feature", "properties": {"osm_id": 1565293264, "building": "yes"}, "geometry": {"type": "Polygon", "coordinates": [[[98.0774823, 13.9390043], [98.0775488, 13.9390122], [98.0775603, 13.9389204], [98.0774939, 13.9389126], [98.0774823, 13.9390043]]]}}, {"type": "Feature", "properties": {"osm_id": 1565293265, "building": "yes"}, "geometry": {"type": "Polygon", "coordinates": [[[98.0773627, 13.9378071], [98.0774072, 13.937829], [98.0774329, 13.9377798], [98.0773884, 13.9377579], [98.0773627, 13.9378071]]]}}, {"type": "Feature", "properties": {"osm_id": 1565293266, "building": "yes"}, "geometry": {"type": "Polygon", "coordinates": [[[98.0782222, 13.9376349], [98.0782985, 13.9375909], [98.0782553, 13.9375204], [98.07814, 13.9375558], [98.0782222, 13.9376349]]]}}, {"type": "Feature", "properties": {"osm_id": 1565293267, "building": "yes"}, "geometry": {"type": "Polygon", "coordinates": [[[98.0783913, 13.9374434], [98.0784243, 13.9374203], [98.0785537, 13.9375942], [98.0785208, 13.9376173], [98.0783913, 13.9374434]]]}}, {"type": "Feature", "properties": {"osm_id": 1565293268, "building": "yes"}, "geometry": {"type": "Polygon", "coordinates": [[[98.079028, 13.9371658], [98.0790116, 13.9371272], [98.0790531, 13.9371106], [98.0790695, 13.9371493], [98.079028, 13.9371658]]]}}, {"type": "Feature", "properties": {"osm_id": 1565293269, "building": "yes"}, "geometry": {"type": "Polygon", "coordinates": [[[98.077634, 13.9312181], [98.0776688, 13.9311985], [98.0776432, 13.9311558], [98.0776084, 13.9311754], [98.077634, 13.9312181]]]}}, {"type": "Feature", "properties": {"osm_id": 1565293270, "building": "yes"}, "geometry": {"type": "Polygon", "coordinates": [[[98.0773439, 13.9314315], [98.0773737, 13.9314029], [98.0773475, 13.9313772], [98.0773177, 13.9314058], [98.0773439, 13.9314315]]]}}, {"type": "Feature", "properties": {"osm_id": 1565293271, "building": "yes"}, "geometry": {"type": "Polygon", "coordinates": [[[98.0780395, 13.9284518], [98.0780935, 13.9284448], [98.0780861, 13.9283918], [98.0780321, 13.9283989], [98.0780395, 13.9284518]]]}}, {"type": "Feature", "properties": {"osm_id": 1565293272, "building": "yes"}, "geometry": {"type": "Polygon", "coordinates": [[[98.0780876, 13.9276531], [98.0781579, 13.9276521], [98.0781571, 13.9275987], [98.0780868, 13.9275997], [98.0780876, 13.9276531]]]}}, {"type": "Feature", "properties": {"osm_id": 1565293273, "building": "yes"}, "geometry": {"type": "Polygon", "coordinates": [[[98.0775416, 13.9246231], [98.0776075, 13.9246216], [98.0776048, 13.9245106], [98.0775389, 13.9245121], [98.0775416, 13.9246231]]]}}, {"type": "Feature", "properties": {"osm_id": 1565293274, "building": "yes"}, "geometry": {"type": "Polygon", "coordinates": [[[98.0844478, 13.9409355], [98.0844992, 13.94091], [98.0845211, 13.9409514], [98.0844696, 13.9409769], [98.0844478, 13.9409355]]]}}, {"type": "Feature", "properties": {"osm_id": 1565293275, "building": "yes"}, "geometry": {"type": "Polygon", "coordinates": [[[98.0825837, 13.9407182], [98.0826655, 13.9406631], [98.0826297, 13.940613], [98.0825479, 13.9406681], [98.0825837, 13.9407182]]]}}, {"type": "Feature", "properties": {"osm_id": 1565293276, "building": "yes"}, "geometry": {"type": "Polygon", "coordinates": [[[98.082021, 13.9407828], [98.0820912, 13.9407225], [98.0821141, 13.9407477], [98.0820439, 13.940808], [98.082021, 13.9407828]]]}}, {"type": "Feature", "properties": {"osm_id": 1565293277, "building": "yes"}, "geometry": {"type": "Polygon", "coordinates": [[[98.0821251, 13.9408154], [98.0821546, 13.9407937], [98.0821329, 13.940766], [98.0821034, 13.9407876], [98.0821251, 13.9408154]]]}}, {"type": "Feature", "properties": {"osm_id": 1565293278, "building": "yes"}, "geometry": {"type": "Polygon", "coordinates": [[[98.0816394, 13.9405925], [98.0818609, 13.940425], [98.081936, 13.9405186], [98.0817146, 13.9406861], [98.0816394, 13.9405925]]]}}, {"type": "Feature", "properties": {"osm_id": 1565295747, "building": "yes"}, "geometry": {"type": "Polygon", "coordinates": [[[98.0775328, 13.9401365], [98.0775769, 13.9401381], [98.0775792, 13.9400794], [98.0775351, 13.9400777], [98.0775328, 13.9401365]]]}}, {"type": "Feature", "properties": {"osm_id": 1565295748, "building": "yes"}, "geometry": {"type": "Polygon", "coordinates": [[[98.0774927, 13.940314], [98.0775491, 13.9403141], [98.0775492, 13.9402079], [98.0774929, 13.9402078], [98.0774927, 13.940314]]]}}, {"type": "Feature", "properties": {"osm_id": 1565295749, "building": "yes"}, "geometry": {"type": "Polygon", "coordinates": [[[98.07737, 13.9400376], [98.077445, 13.9400185], [98.0774133, 13.939912], [98.0773414, 13.9399321], [98.07737, 13.9400376]]]}}, {"type": "Feature", "properties": {"osm_id": 1565295750, "building": "yes"}, "geometry": {"type": "Polygon", "coordinates": [[[98.077659, 13.9405076], [98.0778355, 13.9405032], [98.0778374, 13.9405743], [98.0776609, 13.9405788], [98.077659, 13.9405076]]]}}, {"type": "Feature", "properties": {"osm_id": 1565295751, "building": "yes"}, "geometry": {"type": "Polygon", "coordinates": [[[98.0775884, 13.9404912], [98.0776318, 13.9404887], [98.0776368, 13.9405695], [98.0775933, 13.940572], [98.0775884, 13.9404912]]]}}, {"type": "Feature", "properties": {"osm_id": 1565295752, "building": "yes"}, "geometry": {"type": "Polygon", "coordinates": [[[98.0773638, 13.9405774], [98.0774275, 13.9405829], [98.0774314, 13.9405405], [98.0773677, 13.940535], [98.0773638, 13.9405774]]]}}, {"type": "Feature", "properties": {"osm_id": 1565295753, "building": "yes"}, "geometry": {"type": "Polygon", "coordinates": [[[98.0772012, 13.9407908], [98.077249, 13.9407923], [98.0772514, 13.9407239], [98.0772036, 13.9407223], [98.0772012, 13.9407908]]]}}, {"type": "Feature", "properties": {"osm_id": 1565295754, "building": "yes"}, "geometry": {"type": "Polygon", "coordinates": [[[98.0772177, 13.940674], [98.0772711, 13.9406708], [98.0772661, 13.9405906], [98.0772126, 13.9405938], [98.0772177, 13.940674]]]}}, {"type": "Feature", "properties": {"osm_id": 1565295755, "building": "yes"}, "geometry": {"type": "Polygon", "coordinates": [[[98.0771294, 13.9407747], [98.0771756, 13.9407796], [98.0771824, 13.940719], [98.0771361, 13.9407141], [98.0771294, 13.9407747]]]}}, {"type": "Feature", "properties": {"osm_id": 1565295756, "building": "yes"}, "geometry": {"type": "Polygon", "coordinates": [[[98.0771483, 13.9406662], [98.0771952, 13.9406664], [98.0771954, 13.9405962], [98.0771485, 13.9405961], [98.0771483, 13.9406662]]]}}, {"type": "Feature", "properties": {"osm_id": 1565295757, "building": "yes"}, "geometry": {"type": "Polygon", "coordinates": [[[98.0770756, 13.9406819], [98.0771281, 13.9406831], [98.0771302, 13.9405985], [98.0770777, 13.9405973], [98.0770756, 13.9406819]]]}}, {"type": "Feature", "properties": {"osm_id": 1565295758, "building": "yes"}, "geometry": {"type": "Polygon", "coordinates": [[[98.0769761, 13.9406644], [98.0770498, 13.9406656], [98.0770511, 13.9405937], [98.0769774, 13.9405925], [98.0769761, 13.9406644]]]}}, {"type": "Feature", "properties": {"osm_id": 1565295759, "building": "yes"}, "geometry": {"type": "Polygon", "coordinates": [[[98.0768995, 13.9406584], [98.0769622, 13.9406588], [98.0769627, 13.9406029], [98.0769, 13.9406024], [98.0768995, 13.9406584]]]}}, {"type": "Feature", "properties": {"osm_id": 1565295760, "building": "yes"}, "geometry": {"type": "Polygon", "coordinates": [[[98.0772936, 13.9406884], [98.0774139, 13.9406984], [98.0774215, 13.9406124], [98.0773012, 13.9406024], [98.0772936, 13.9406884]]]}}, {"type": "Feature", "properties": {"osm_id": 1565295761, "building": "yes"}, "geometry": {"type": "Polygon", "coordinates": [[[98.0774287, 13.9407128], [98.0774771, 13.9407176], [98.0774883, 13.9406107], [98.0774399, 13.940606], [98.0774287, 13.9407128]]]}}, {"type": "Feature", "properties": {"osm_id": 1565295762, "building": "yes"}, "geometry": {"type": "Polygon", "coordinates": [[[98.0774972, 13.9407703], [98.0775598, 13.9407708], [98.0775604, 13.9406997], [98.0774978, 13.9406992], [98.0774972, 13.9407703]]]}}, {"type": "Feature", "properties": {"osm_id": 1565295763, "building": "yes"}, "geometry": {"type": "Polygon", "coordinates": [[[98.0775769, 13.9407031], [98.0776334, 13.9407078], [98.0776451, 13.9406095], [98.0775819, 13.9406048], [98.0775769, 13.9407031]]]}}, {"type": "Feature", "properties": {"osm_id": 1565295764, "building": "yes"}, "geometry": {"type": "Polygon", "coordinates": [[[98.0774176, 13.9407351], [98.0774793, 13.9407351], [98.0774793, 13.9408186], [98.0774176, 13.9408186], [98.0774176, 13.9407351]]]}}, {"type": "Feature", "properties": {"osm_id": 1565295765, "building": "yes"}, "geometry": {"type": "Polygon", "coordinates": [[[98.0770099, 13.9405275], [98.0770711, 13.940525], [98.0770696, 13.9404899], [98.0770084, 13.9404924], [98.0770099, 13.9405275]]]}}, {"type": "Feature", "properties": {"osm_id": 1565295766, "building": "yes"}, "geometry": {"type": "Polygon", "coordinates": [[[98.0770988, 13.940521], [98.0771545, 13.9405219], [98.0771557, 13.9404539], [98.0771, 13.9404529], [98.0770988, 13.940521]]]}}, {"type": "Feature", "properties": {"osm_id": 1565295767, "building": "yes"}, "geometry": {"type": "Polygon", "coordinates": [[[98.0772128, 13.9405502], [98.0772723, 13.9405362], [98.0772589, 13.9404826], [98.0771994, 13.9404966], [98.0772128, 13.9405502]]]}}, {"type": "Feature", "properties": {"osm_id": 1565295768, "building": "yes"}, "geometry": {"type": "Polygon", "coordinates": [[[98.0774897, 13.9409104], [98.0775533, 13.9409148], [98.0775614, 13.9408028], [98.0774978, 13.9407985], [98.0774897, 13.9409104]]]}}, {"type": "Feature", "properties": {"osm_id": 1565295769, "building": "yes"}, "geometry": {"type": "Polygon", "coordinates": [[[98.0768145, 13.9405705], [98.0768718, 13.9405731], [98.0768763, 13.9404824], [98.076819, 13.9404798], [98.0768145, 13.9405705]]]}}, {"type": "Feature", "properties": {"osm_id": 1565295770, "building": "yes"}, "geometry": {"type": "Polygon", "coordinates": [[[98.0766809, 13.9405218], [98.076734, 13.9405172], [98.076728, 13.9404514], [98.0766749, 13.940456], [98.0766809, 13.9405218]]]}}, {"type": "Feature", "properties": {"osm_id": 1565295771, "building": "yes"}, "geometry": {"type": "Polygon", "coordinates": [[[98.0767361, 13.9403871], [98.0767968, 13.9403807], [98.0768068, 13.9404709], [98.0767461, 13.9404772], [98.0767361, 13.9403871]]]}}, {"type": "Feature", "properties": {"osm_id": 1565295772, "building": "yes"}, "geometry": {"type": "Polygon", "coordinates": [[[98.0764522, 13.9402416], [98.0765276, 13.9401934], [98.0765638, 13.9402468], [98.0764884, 13.940295], [98.0764522, 13.9402416]]]}}, {"type": "Feature", "properties": {"osm_id": 1565295773, "building": "yes"}, "geometry": {"type": "Polygon", "coordinates": [[[98.0765835, 13.9404537], [98.076656, 13.9404537], [98.076656, 13.9403961], [98.0765835, 13.9403961], [98.0765835, 13.9404537]]]}}, {"type": "Feature", "properties": {"osm_id": 1565295774, "building": "yes"}, "geometry": {"type": "Polygon", "coordinates": [[[98.0785364, 13.9405698], [98.0786137, 13.9405747], [98.0786187, 13.9404998], [98.0785414, 13.9404949], [98.0785364, 13.9405698]]]}}, {"type": "Feature", "properties": {"osm_id": 1565295775, "building": "yes"}, "geometry": {"type": "Polygon", "coordinates": [[[98.0785166, 13.9405956], [98.078598, 13.9406062], [98.0785892, 13.9406703], [98.0785077, 13.9406597], [98.0785166, 13.9405956]]]}}, {"type": "Feature", "properties": {"osm_id": 1565295776, "building": "yes"}, "geometry": {"type": "Polygon", "coordinates": [[[98.0785012, 13.9406913], [98.0785674, 13.940701], [98.0785407, 13.9407627], [98.0784809, 13.9407383], [98.0785012, 13.9406913]]]}}, {"type": "Feature", "properties": {"osm_id": 1565295777, "building": "yes"}, "geometry": {"type": "Polygon", "coordinates": [[[98.0784825, 13.9407643], [98.0785306, 13.9407719], [98.0785183, 13.9408449], [98.0784732, 13.9408192], [98.0784825, 13.9407643]]]}}, {"type": "Feature", "properties": {"osm_id": 1565295778, "building": "yes"}, "geometry": {"type": "Polygon", "coordinates": [[[98.0783602, 13.94095], [98.0784402, 13.9409512], [98.0784393, 13.9410119], [98.0783592, 13.9410107], [98.0783602, 13.94095]]]}}, {"type": "Feature", "properties": {"osm_id": 1565295779, "building": "yes"}, "geometry": {"type": "Polygon", "coordinates": [[[98.0785141, 13.9409787], [98.0785829, 13.9409858], [98.0785928, 13.9408955], [98.0785239, 13.9408884], [98.0785141, 13.9409787]]]}}, {"type": "Feature", "properties": {"osm_id": 1565295780, "building": "yes"}, "geometry": {"type": "Polygon", "coordinates": [[[98.0783145, 13.9407211], [98.0783495, 13.9407191], [98.0783459, 13.9406606], [98.0783108, 13.9406627], [98.0783145, 13.9407211]]]}}, {"type": "Feature", "properties": {"osm_id": 1565295781, "building": "yes"}, "geometry": {"type": "Polygon", "coordinates": [[[98.0786501, 13.9407029], [98.0787207, 13.9407043], [98.0787224, 13.9406279], [98.0786523, 13.940607], [98.0786501, 13.9407029]]]}}, {"type": "Feature", "properties": {"osm_id": 1565295782, "building": "yes"}, "geometry": {"type": "Polygon", "coordinates": [[[98.0790712, 13.9410584], [98.0791022, 13.9410089], [98.0790278, 13.9409652], [98.0789969, 13.9410147], [98.0790712, 13.9410584]]]}}, {"type": "Feature", "properties": {"osm_id": 1565295783, "building": "yes"}, "geometry": {"type": "Polygon", "coordinates": [[[98.0790829, 13.9412868], [98.0791482, 13.9411702], [98.0792121, 13.9412039], [98.0791468, 13.9413206], [98.0790829, 13.9412868]]]}}, {"type": "Feature", "properties": {"osm_id": 1565295784, "building": "yes"}, "geometry": {"type": "Polygon", "coordinates": [[[98.0789494, 13.9412004], [98.0790196, 13.9412163], [98.0790327, 13.9411622], [98.0789624, 13.9411462], [98.0789494, 13.9412004]]]}}, {"type": "Feature", "properties": {"osm_id": 1565295785, "building": "yes"}, "geometry": {"type": "Polygon", "coordinates": [[[98.0791554, 13.9414144], [98.0792158, 13.9414478], [98.0792489, 13.9413913], [98.0791885, 13.9413579], [98.0791554, 13.9414144]]]}}, {"type": "Feature", "properties": {"osm_id": 1565295786, "building": "yes"}, "geometry": {"type": "Polygon", "coordinates": [[[98.0792678, 13.9414445], [98.0793208, 13.9414789], [98.0793448, 13.9414441], [98.0792918, 13.9414097], [98.0792678, 13.9414445]]]}}, {"type": "Feature", "properties": {"osm_id": 1565295787, "building": "yes"}, "geometry": {"type": "Polygon", "coordinates": [[[98.0790027, 13.9414233], [98.0790495, 13.9414571], [98.0790843, 13.9414116], [98.0790375, 13.9413779], [98.0790027, 13.9414233]]]}}, {"type": "Feature", "properties": {"osm_id": 1565295788, "building": "yes"}, "geometry": {"type": "Polygon", "coordinates": [[[98.0792895, 13.9413451], [98.0793545, 13.9413814], [98.0793906, 13.9413205], [98.0793256, 13.9412842], [98.0792895, 13.9413451]]]}}, {"type": "Feature", "properties": {"osm_id": 1565295789, "building": "yes"}, "geometry": {"type": "Polygon", "coordinates": [[[98.0792209, 13.9411365], [98.0792833, 13.9411738], [98.0793721, 13.9410339], [98.0793097, 13.9409965], [98.0792209, 13.9411365]]]}}, {"type": "Feature", "properties": {"osm_id": 1565295790, "building": "yes"}, "geometry": {"type": "Polygon", "coordinates": [[[98.0790958, 13.9417266], [98.0791373, 13.9417675], [98.0791886, 13.9417186], [98.0791471, 13.9416776], [98.0790958, 13.9417266]]]}}, {"type": "Feature", "properties": {"osm_id": 1565295791, "building": "yes"}, "geometry": {"type": "Polygon", "coordinates": [[[98.078943, 13.941524], [98.0789939, 13.9415556], [98.0790176, 13.9415197], [98.0789667, 13.9414881], [98.078943, 13.941524]]]}}, {"type": "Feature", "properties": {"osm_id": 1565295792, "building": "yes"}, "geometry": {"type": "Polygon", "coordinates": [[[98.079079, 13.941564], [98.0791357, 13.9415847], [98.0791635, 13.9415129], [98.0791067, 13.9414922], [98.079079, 13.941564]]]}}, {"type": "Feature", "properties": {"osm_id": 1565295793, "building": "yes"}, "geometry": {"type": "Polygon", "coordinates": [[[98.079159, 13.9415787], [98.0791807, 13.9415362], [98.0792517, 13.9415705], [98.0792299, 13.941613], [98.079159, 13.9415787]]]}}, {"type": "Feature", "properties": {"osm_id": 1565295794, "building": "yes"}, "geometry": {"type": "Polygon", "coordinates": [[[98.0792466, 13.941514], [98.0792716, 13.9414798], [98.0793349, 13.9415235], [98.0793099, 13.9415576], [98.0792466, 13.941514]]]}}, {"type": "Feature", "properties": {"osm_id": 1565295795, "building": "yes"}, "geometry": {"type": "Polygon", "coordinates": [[[98.0795954, 13.941388], [98.0796229, 13.9413451], [98.0796911, 13.9413863], [98.0796635, 13.9414292], [98.0795954, 13.941388]]]}}, {"type": "Feature", "properties": {"osm_id": 1565295796, "building": "yes"}, "geometry": {"type": "Polygon", "coordinates": [[[98.079609, 13.9411864], [98.0796571, 13.9410923], [98.0796192, 13.9410741], [98.0795712, 13.9411682], [98.079609, 13.9411864]]]}}, {"type": "Feature", "properties": {"osm_id": 1565295797, "building": "yes"}, "geometry": {"type": "Polygon", "coordinates": [[[98.07963, 13.9411791], [98.0796663, 13.9411282], [98.079716, 13.9411615], [98.0796797, 13.9412125], [98.07963, 13.9411791]]]}}, {"type": "Feature", "properties": {"osm_id": 1565295798, "building": "yes"}, "geometry": {"type": "Polygon", "coordinates": [[[98.0800352, 13.9415117], [98.0800854, 13.9415391], [98.0801307, 13.9414609], [98.0800804, 13.9414335], [98.0800352, 13.9415117]]]}}, {"type": "Feature", "properties": {"osm_id": 1565295799, "building": "yes"}, "geometry": {"type": "Polygon", "coordinates": [[[98.0802875, 13.9414371], [98.0803752, 13.9412827], [98.0804567, 13.9413262], [98.0803691, 13.9414807], [98.0802875, 13.9414371]]]}}, {"type": "Feature", "properties": {"osm_id": 1565295800, "building": "yes"}, "geometry": {"type": "Polygon", "coordinates": [[[98.0804322, 13.940804], [98.0804983, 13.9408429], [98.0805663, 13.940734], [98.0805002, 13.9406951], [98.0804322, 13.940804]]]}}, {"type": "Feature", "properties": {"osm_id": 1565296146, "building": "yes"}, "geometry": {"type": "Polygon", "coordinates": [[[98.0810883, 13.941918], [98.0811486, 13.9419518], [98.0812444, 13.941791], [98.081184, 13.9417571], [98.0810883, 13.941918]]]}}, {"type": "Feature", "properties": {"osm_id": 1565296147, "building": "yes"}, "geometry": {"type": "Polygon", "coordinates": [[[98.0811767, 13.941972], [98.0812321, 13.9418717], [98.0813131, 13.9419138], [98.0812577, 13.9420142], [98.0811767, 13.941972]]]}}, {"type": "Feature", "properties": {"osm_id": 1565296148, "building": "yes"}, "geometry": {"type": "Polygon", "coordinates": [[[98.0810645, 13.9421003], [98.0811, 13.9420407], [98.0811454, 13.9420661], [98.0811099, 13.9421258], [98.0810645, 13.9421003]]]}}, {"type": "Feature", "properties": {"osm_id": 1565296149, "building": "yes"}, "geometry": {"type": "Polygon", "coordinates": [[[98.0810364, 13.9420465], [98.0810859, 13.9419827], [98.0810458, 13.9419534], [98.0809963, 13.9420173], [98.0810364, 13.9420465]]]}}, {"type": "Feature", "properties": {"osm_id": 1565296150, "building": "yes"}, "geometry": {"type": "Polygon", "coordinates": [[[98.0812783, 13.9421202], [98.0813306, 13.9421592], [98.0814046, 13.9420659], [98.0813523, 13.9420269], [98.0812783, 13.9421202]]]}}, {"type": "Feature", "properties": {"osm_id": 1565296151, "building": "yes"}, "geometry": {"type": "Polygon", "coordinates": [[[98.0814316, 13.9420702], [98.0814762, 13.9420963], [98.0815523, 13.941974], [98.0815076, 13.9419479], [98.0814316, 13.9420702]]]}}, {"type": "Feature", "properties": {"osm_id": 1565296152, "building": "yes"}, "geometry": {"type": "Polygon", "coordinates": [[[98.0826554, 13.942688], [98.0826954, 13.9426512], [98.0826632, 13.9426183], [98.0826232, 13.9426551], [98.0826554, 13.942688]]]}}, {"type": "Feature", "properties": {"osm_id": 1565296153, "building": "yes"}, "geometry": {"type": "Polygon", "coordinates": [[[98.0826081, 13.9426396], [98.0826488, 13.9426031], [98.0826207, 13.9425736], [98.08258, 13.9426101], [98.0826081, 13.9426396]]]}}, {"type": "Feature", "properties": {"osm_id": 1565296154, "building": "yes"}, "geometry": {"type": "Polygon", "coordinates": [[[98.0826631, 13.942595], [98.0826996, 13.9425612], [98.0826739, 13.9425352], [98.0826375, 13.942569], [98.0826631, 13.942595]]]}}, {"type": "Feature", "properties": {"osm_id": 1565296155, "building": "yes"}, "geometry": {"type": "Polygon", "coordinates": [[[98.0829179, 13.9429438], [98.0829951, 13.9428831], [98.0829559, 13.9428362], [98.0828788, 13.9428969], [98.0829179, 13.9429438]]]}}, {"type": "Feature", "properties": {"osm_id": 1565296156, "building": "yes"}, "geometry": {"type": "Polygon", "coordinates": [[[98.0831077, 13.9431778], [98.0832077, 13.9431585], [98.0832266, 13.9432505], [98.0831266, 13.9432698], [98.0831077, 13.9431778]]]}}, {"type": "Feature", "properties": {"osm_id": 1565296157, "building": "yes"}, "geometry": {"type": "Polygon", "coordinates": [[[98.0829474, 13.9436232], [98.0830564, 13.9435835], [98.0830842, 13.9436553], [98.0829752, 13.943695], [98.0829474, 13.9436232]]]}}, {"type": "Feature", "properties": {"osm_id": 1565296158, "building": "yes"}, "geometry": {"type": "Polygon", "coordinates": [[[98.0832517, 13.9440397], [98.0833871, 13.9439819], [98.0834266, 13.9440692], [98.0832912, 13.944127], [98.0832517, 13.9440397]]]}}, {"type": "Feature", "properties": {"osm_id": 1565296159, "building": "yes"}, "geometry": {"type": "Polygon", "coordinates": [[[98.0833124, 13.9441418], [98.0834428, 13.9440765], [98.0834825, 13.9441512], [98.0833521, 13.9442165], [98.0833124, 13.9441418]]]}}, {"type": "Feature", "properties": {"osm_id": 1565296160, "building": "yes"}, "geometry": {"type": "Polygon", "coordinates": [[[98.0838637, 13.9446857], [98.0839072, 13.9446589], [98.0838456, 13.9446095], [98.0838144, 13.9446462], [98.0838637, 13.9446857]]]}}, {"type": "Feature", "properties": {"osm_id": 1565296161, "building": "yes"}, "geometry": {"type": "Polygon", "coordinates": [[[98.0836141, 13.9445875], [98.0836188, 13.944546], [98.0837092, 13.9445556], [98.0837045, 13.9445971], [98.0836141, 13.9445875]]]}}, {"type": "Feature", "properties": {"osm_id": 1565297143, "building": "yes"}, "geometry": {"type": "Polygon", "coordinates": [[[98.0816068, 13.9435771], [98.0816377, 13.9436256], [98.0817286, 13.9435711], [98.0816977, 13.9435226], [98.0816068, 13.9435771]]]}}, {"type": "Feature", "properties": {"osm_id": 1565297144, "building": "yes"}, "geometry": {"type": "Polygon", "coordinates": [[[98.0817841, 13.9436666], [98.0818442, 13.9436434], [98.0818106, 13.9435891], [98.081755, 13.9436188], [98.0817841, 13.9436666]]]}}, {"type": "Feature", "properties": {"osm_id": 1565297145, "building": "yes"}, "geometry": {"type": "Polygon", "coordinates": [[[98.0817855, 13.9437438], [98.0818688, 13.9437108], [98.0819111, 13.9437665], [98.0818218, 13.9438305], [98.0817855, 13.9437438]]]}}, {"type": "Feature", "properties": {"osm_id": 1565297146, "building": "yes"}, "geometry": {"type": "Polygon", "coordinates": [[[98.0821348, 13.9441241], [98.0821861, 13.9440989], [98.0822209, 13.9441335], [98.0822681, 13.9441283], [98.0822897, 13.9441698], [98.0821854, 13.9442211], [98.0821348, 13.9441241]]]}}, {"type": "Feature", "properties": {"osm_id": 1565444724, "building": "yes"}, "geometry": {"type": "Polygon", "coordinates": [[[98.0831886, 13.9449842], [98.0832316, 13.944986], [98.0832277, 13.9450742], [98.0831848, 13.9450724], [98.0831886, 13.9449842]]]}}, {"type": "Feature", "properties": {"osm_id": 1565463244, "building": "yes"}, "geometry": {"type": "Polygon", "coordinates": [[[98.1240193, 13.941527], [98.1240215, 13.9414562], [98.1241974, 13.9414582], [98.1241899, 13.9415311], [98.1240193, 13.941527]]]}}, {"type": "Feature", "properties": {"osm_id": 1565463245, "building": "yes"}, "geometry": {"type": "Polygon", "coordinates": [[[98.1240622, 13.941603], [98.124073, 13.9415467], [98.1241996, 13.9415561], [98.1241856, 13.9416155], [98.1240622, 13.941603]]]}}, {"type": "Feature", "properties": {"osm_id": 1565463246, "building": "yes"}, "geometry": {"type": "Polygon", "coordinates": [[[98.1244393, 13.9410144], [98.1244449, 13.9409595], [98.1246148, 13.9409554], [98.1246035, 13.9410076], [98.1244393, 13.9410144]]]}}, {"type": "Feature", "properties": {"osm_id": 1565463247, "building": "yes"}, "geometry": {"type": "Polygon", "coordinates": [[[98.1239792, 13.9407712], [98.1239806, 13.9405816], [98.1240542, 13.9405926], [98.1240429, 13.940774], [98.1239792, 13.9407712]]]}}, {"type": "Feature", "properties": {"osm_id": 1565463248, "building": "yes"}, "geometry": {"type": "Polygon", "coordinates": [[[98.124501, 13.9407972], [98.1244936, 13.9407338], [98.1246617, 13.9407166], [98.1246608, 13.9407791], [98.124501, 13.9407972]]]}}, {"type": "Feature", "properties": {"osm_id": 1565463249, "building": "yes"}, "geometry": {"type": "Polygon", "coordinates": [[[98.1245095, 13.9406169], [98.1245132, 13.9405425], [98.1246869, 13.9405534], [98.1246822, 13.940625], [98.1245095, 13.9406169]]]}}, {"type": "Feature", "properties": {"osm_id": 1565463250, "building": "yes"}, "geometry": {"type": "Polygon", "coordinates": [[[98.1244917, 13.9405289], [98.1244926, 13.9404682], [98.1246178, 13.9404664], [98.1246141, 13.9405253], [98.1244917, 13.9405289]]]}}, {"type": "Feature", "properties": {"osm_id": 1565463251, "building": "yes"}, "geometry": {"type": "Polygon", "coordinates": [[[98.1241733, 13.9398988], [98.1241733, 13.9398319], [98.1243162, 13.9398307], [98.1243101, 13.9398976], [98.1241733, 13.9398988]]]}}, {"type": "Feature", "properties": {"osm_id": 1565463252, "building": "yes"}, "geometry": {"type": "Polygon", "coordinates": [[[98.1245233, 13.9399527], [98.124522, 13.9398737], [98.1246835, 13.9398797], [98.1246798, 13.9399515], [98.1245233, 13.9399527]]]}}, {"type": "Feature", "properties": {"osm_id": 1565463253, "building": "yes"}, "geometry": {"type": "Polygon", "coordinates": [[[98.1241469, 13.9397888], [98.1241469, 13.939717], [98.1243317, 13.9397146], [98.1243256, 13.9397876], [98.1241469, 13.9397888]]]}}, {"type": "Feature", "properties": {"osm_id": 1565463254, "building": "yes"}, "geometry": {"type": "Polygon", "coordinates": [[[98.1241321, 13.940022], [98.124137, 13.9399574], [98.1242824, 13.9399646], [98.1242701, 13.9400268], [98.1241321, 13.940022]]]}}, {"type": "Feature", "properties": {"osm_id": 1565463255, "building": "yes"}, "geometry": {"type": "Polygon", "coordinates": [[[98.1236921, 13.9399012], [98.1236933, 13.9398295], [98.1238203, 13.9398295], [98.1238154, 13.9398976], [98.1236921, 13.9399012]]]}}, {"type": "Feature", "properties": {"osm_id": 1565463256, "building": "yes"}, "geometry": {"type": "Polygon", "coordinates": [[[98.1234419, 13.9399551], [98.1234432, 13.9398773], [98.1235849, 13.9398725], [98.1235763, 13.9399574], [98.1234419, 13.9399551]]]}}, {"type": "Feature", "properties": {"osm_id": 1565463257, "building": "yes"}, "geometry": {"type": "Polygon", "coordinates": [[[98.1241013, 13.93966], [98.1241062, 13.9395786], [98.1242701, 13.9395762], [98.1242615, 13.93966], [98.1241013, 13.93966]]]}}, {"type": "Feature", "properties": {"osm_id": 1565463258, "building": "yes"}, "geometry": {"type": "Polygon", "coordinates": [[[98.1245832, 13.9395774], [98.1245819, 13.939514], [98.1247803, 13.9395176], [98.1247705, 13.9395858], [98.1245832, 13.9395774]]]}}, {"type": "Feature", "properties": {"osm_id": 1565463259, "building": "yes"}, "geometry": {"type": "Polygon", "coordinates": [[[98.1245795, 13.9397425], [98.1245795, 13.9396647], [98.1247409, 13.9396695], [98.1247409, 13.9397461], [98.1245795, 13.9397425]]]}}, {"type": "Feature", "properties": {"osm_id": 1565463260, "building": "yes"}, "geometry": {"type": "Polygon", "coordinates": [[[98.1245696, 13.9398585], [98.1245684, 13.9397975], [98.12472, 13.9397975], [98.1247138, 13.9398669], [98.1245696, 13.9398585]]]}}, {"type": "Feature", "properties": {"osm_id": 1565463261, "building": "yes"}, "geometry": {"type": "Polygon", "coordinates": [[[98.1243056, 13.9395211], [98.1243042, 13.9394717], [98.1243806, 13.9394703], [98.1243764, 13.9395198], [98.1243056, 13.9395211]]]}}, {"type": "Feature", "properties": {"osm_id": 1565463262, "building": "yes"}, "geometry": {"type": "Polygon", "coordinates": [[[98.1236785, 13.9393947], [98.1236869, 13.93919], [98.123796, 13.93919], [98.123779, 13.9393947], [98.1236785, 13.9393947]]]}}, {"type": "Feature", "properties": {"osm_id": 1565463263, "building": "yes"}, "geometry": {"type": "Polygon", "coordinates": [[[98.1233684, 13.9393027], [98.1233727, 13.9391557], [98.1234519, 13.939157], [98.1234378, 13.939304], [98.1233684, 13.9393027]]]}}, {"type": "Feature", "properties": {"osm_id": 1565463264, "building": "yes"}, "geometry": {"type": "Polygon", "coordinates": [[[98.1233854, 13.9394511], [98.1233854, 13.9393425], [98.1234689, 13.9393439], [98.1234548, 13.9394524], [98.1233854, 13.9394511]]]}}, {"type": "Feature", "properties": {"osm_id": 1565463265, "building": "yes"}, "geometry": {"type": "Polygon", "coordinates": [[[98.1230669, 13.9395101], [98.1230655, 13.9394387], [98.123207, 13.9394373], [98.1232056, 13.9395088], [98.1230669, 13.9395101]]]}}, {"type": "Feature", "properties": {"osm_id": 1565463266, "building": "yes"}, "geometry": {"type": "Polygon", "coordinates": [[[98.1230655, 13.9394002], [98.1230626, 13.9393302], [98.1232113, 13.9393356], [98.1232056, 13.939403], [98.1230655, 13.9394002]]]}}, {"type": "Feature", "properties": {"osm_id": 1565463267, "building": "yes"}, "geometry": {"type": "Polygon", "coordinates": [[[98.1230131, 13.9392285], [98.1230067, 13.9391617], [98.1231872, 13.9391625], [98.1231915, 13.9392326], [98.1230131, 13.9392285]]]}}, {"type": "Feature", "properties": {"osm_id": 1565468077, "building": "yes"}, "geometry": {"type": "Polygon", "coordinates": [[[98.127923, 13.9293588], [98.1279358, 13.9291761], [98.1280405, 13.9291815], [98.1280179, 13.929367], [98.127923, 13.9293588]]]}}, {"type": "Feature", "properties": {"osm_id": 1565468078, "building": "yes"}, "geometry": {"type": "Polygon", "coordinates": [[[98.128028, 13.9293673], [98.128045, 13.9292182], [98.1281462, 13.9292291], [98.1281291, 13.9293783], [98.128028, 13.9293673]]]}}, {"type": "Feature", "properties": {"osm_id": 1565468079, "building": "yes"}, "geometry": {"type": "Polygon", "coordinates": [[[98.1275026, 13.9290964], [98.1275266, 13.9290428], [98.1276526, 13.9290648], [98.1276357, 13.9291238], [98.1275026, 13.9290964]]]}}, {"type": "Feature", "properties": {"osm_id": 1565468080, "building": "yes"}, "geometry": {"type": "Polygon", "coordinates": [[[98.1275479, 13.9289644], [98.1275748, 13.9289012], [98.1276696, 13.9289205], [98.1276456, 13.9289823], [98.1275479, 13.9289644]]]}}, {"type": "Feature", "properties": {"osm_id": 1565468081, "building": "yes"}, "geometry": {"type": "Polygon", "coordinates": [[[98.1277239, 13.9289232], [98.1277437, 13.9288738], [98.1278541, 13.9289095], [98.1278357, 13.9289617], [98.1277239, 13.9289232]]]}}, {"type": "Feature", "properties": {"osm_id": 1565468082, "building": "yes"}, "geometry": {"type": "Polygon", "coordinates": [[[98.1279006, 13.9285569], [98.1279156, 13.9284872], [98.1280787, 13.9285205], [98.1280594, 13.9285851], [98.1279006, 13.9285569]]]}}, {"type": "Feature", "properties": {"osm_id": 1565468083, "building": "yes"}, "geometry": {"type": "Polygon", "coordinates": [[[98.1279424, 13.9284424], [98.1279564, 13.9283737], [98.1281237, 13.9284049], [98.1281034, 13.9284664], [98.1279424, 13.9284424]]]}}, {"type": "Feature", "properties": {"osm_id": 1565468084, "building": "yes"}, "geometry": {"type": "Polygon", "coordinates": [[[98.1279918, 13.9283695], [98.1280036, 13.9282831], [98.1281795, 13.9283206], [98.1281592, 13.9284007], [98.1279918, 13.9283695]]]}}, {"type": "Feature", "properties": {"osm_id": 1565468085, "building": "yes"}, "geometry": {"type": "Polygon", "coordinates": [[[98.1280304, 13.9282779], [98.128039, 13.9281977], [98.128187, 13.92823], [98.1281667, 13.928306], [98.1280304, 13.9282779]]]}}, {"type": "Feature", "properties": {"osm_id": 1565468086, "building": "yes"}, "geometry": {"type": "Polygon", "coordinates": [[[98.1280551, 13.9281467], [98.1280701, 13.9280821], [98.1281967, 13.9281196], [98.1281688, 13.9281789], [98.1280551, 13.9281467]]]}}, {"type": "Feature", "properties": {"osm_id": 1565468087, "building": "yes"}, "geometry": {"type": "Polygon", "coordinates": [[[98.1283801, 13.9293546], [98.1283897, 13.9292255], [98.128468, 13.9292317], [98.1284562, 13.9293587], [98.1283801, 13.9293546]]]}}, {"type": "Feature", "properties": {"osm_id": 1565468088, "building": "yes"}, "geometry": {"type": "Polygon", "coordinates": [[[98.1289853, 13.9293728], [98.1289853, 13.9292023], [98.1290843, 13.9291969], [98.1290768, 13.9293655], [98.1289853, 13.9293728]]]}}, {"type": "Feature", "properties": {"osm_id": 1565468089, "building": "yes"}, "geometry": {"type": "Polygon", "coordinates": [[[98.1292282, 13.9290138], [98.1292674, 13.9289086], [98.1293346, 13.9289195], [98.1292879, 13.9290265], [98.1292282, 13.9290138]]]}}, {"type": "Feature", "properties": {"osm_id": 1565468090, "building": "yes"}, "geometry": {"type": "Polygon", "coordinates": [[[98.1297588, 13.9293001], [98.1297439, 13.9291822], [98.1298037, 13.9291723], [98.1298139, 13.9292974], [98.1297588, 13.9293001]]]}}, {"type": "Feature", "properties": {"osm_id": 1565468091, "building": "yes"}, "geometry": {"type": "Polygon", "coordinates": [[[98.1296411, 13.9292983], [98.1296533, 13.9291877], [98.1297149, 13.9291922], [98.1296953, 13.9293083], [98.1296411, 13.9292983]]]}}, {"type": "Feature", "properties": {"osm_id": 1565468092, "building": "yes"}, "geometry": {"type": "Polygon", "coordinates": [[[98.1283043, 13.9277779], [98.128436, 13.9278], [98.1284392, 13.9277337], [98.1283108, 13.9277084], [98.1283043, 13.9277779]]]}}, {"type": "Feature", "properties": {"osm_id": 1565468093, "building": "yes"}, "geometry": {"type": "Polygon", "coordinates": [[[98.1270294, 13.9303438], [98.1270489, 13.9302191], [98.1271448, 13.9302381], [98.1271139, 13.9303691], [98.1270294, 13.9303438]]]}}, {"type": "Feature", "properties": {"osm_id": 1565468094, "building": "yes"}, "geometry": {"type": "Polygon", "coordinates": [[[98.1261319, 13.9316904], [98.1263486, 13.9317557], [98.1263187, 13.9318246], [98.1262832, 13.9318101], [98.1262682, 13.9318355], [98.1261917, 13.9318101], [98.1262066, 13.9317793], [98.1261095, 13.9317503], [98.1261319, 13.9316904]]]}}, {"type": "Feature", "properties": {"osm_id": 1565468095, "building": "yes"}, "geometry": {"type": "Polygon", "coordinates": [[[98.1260067, 13.9319533], [98.1260347, 13.9318736], [98.126244, 13.9319407], [98.1262103, 13.9320059], [98.1260067, 13.9319533]]]}}, {"type": "Feature", "properties": {"osm_id": 1565468096, "building": "yes"}, "geometry": {"type": "Polygon", "coordinates": [[[98.126003, 13.9320893], [98.1260478, 13.9319805], [98.1262586, 13.9320363], [98.1262085, 13.9321401], [98.126003, 13.9320893]]]}}, {"type": "Feature", "properties": {"osm_id": 1565468097, "building": "yes"}, "geometry": {"type": "Polygon", "coordinates": [[[98.1263418, 13.9321695], [98.1264061, 13.9320091], [98.1264898, 13.9320403], [98.1264169, 13.9321965], [98.1263418, 13.9321695]]]}}, {"type": "Feature", "properties": {"osm_id": 1565468098, "building": "yes"}, "geometry": {"type": "Polygon", "coordinates": [[[98.1264491, 13.932184], [98.1264909, 13.9320601], [98.126552, 13.9320757], [98.1265209, 13.9321976], [98.1264491, 13.932184]]]}}, {"type": "Feature", "properties": {"osm_id": 1565468099, "building": "yes"}, "geometry": {"type": "Polygon", "coordinates": [[[98.1263867, 13.9325204], [98.1264437, 13.9323611], [98.126551, 13.9323923], [98.126493, 13.9325443], [98.1263867, 13.9325204]]]}}, {"type": "Feature", "properties": {"osm_id": 1565468100, "building": "yes"}, "geometry": {"type": "Polygon", "coordinates": [[[98.1266443, 13.9322413], [98.1266829, 13.9321122], [98.1267731, 13.932132], [98.1267291, 13.932258], [98.1266443, 13.9322413]]]}}, {"type": "Feature", "properties": {"osm_id": 1565468101, "building": "yes"}, "geometry": {"type": "Polygon", "coordinates": [[[98.1267623, 13.9322549], [98.1267913, 13.9321507], [98.126861, 13.9321643], [98.1268278, 13.9322726], [98.1267623, 13.9322549]]]}}, {"type": "Feature", "properties": {"osm_id": 1565468102, "building": "yes"}, "geometry": {"type": "Polygon", "coordinates": [[[98.1268396, 13.9322653], [98.1268857, 13.9321039], [98.1269619, 13.9321205], [98.1269115, 13.9322861], [98.1268396, 13.9322653]]]}}, {"type": "Feature", "properties": {"osm_id": 1565468103, "building": "yes"}, "geometry": {"type": "Polygon", "coordinates": [[[98.1267677, 13.9326152], [98.1268074, 13.9324465], [98.1269082, 13.9324694], [98.1268567, 13.932637], [98.1267677, 13.9326152]]]}}, {"type": "Feature", "properties": {"osm_id": 1565468104, "building": "yes"}, "geometry": {"type": "Polygon", "coordinates": [[[98.1271951, 13.9324109], [98.1272444, 13.9321812], [98.1273762, 13.9322183], [98.1273048, 13.9324408], [98.1271951, 13.9324109]]]}}, {"type": "Feature", "properties": {"osm_id": 1565468105, "building": "yes"}, "geometry": {"type": "Polygon", "coordinates": [[[98.1273196, 13.9324802], [98.1273553, 13.9323475], [98.1274391, 13.9323654], [98.1274009, 13.9324994], [98.1273196, 13.9324802]]]}}, {"type": "Feature", "properties": {"osm_id": 1565468106, "building": "yes"}, "geometry": {"type": "Polygon", "coordinates": [[[98.1274113, 13.9325429], [98.1274339, 13.9324494], [98.1275061, 13.9324728], [98.127482, 13.9325648], [98.1274113, 13.9325429]]]}}, {"type": "Feature", "properties": {"osm_id": 1565468107, "building": "yes"}, "geometry": {"type": "Polygon", "coordinates": [[[98.1258923, 13.9323178], [98.1259293, 13.9322388], [98.1260809, 13.9322986], [98.1260414, 13.9323692], [98.1258923, 13.9323178]]]}}, {"type": "Feature", "properties": {"osm_id": 1565468108, "building": "yes"}, "geometry": {"type": "Polygon", "coordinates": [[[98.125859, 13.9325343], [98.1258812, 13.9324661], [98.1260883, 13.9325295], [98.126055, 13.9326168], [98.1259502, 13.9325821], [98.1259552, 13.932551], [98.125859, 13.9325343]]]}}, {"type": "Feature", "properties": {"osm_id": 1565468109, "building": "yes"}, "geometry": {"type": "Polygon", "coordinates": [[[98.1256786, 13.9330557], [98.1257151, 13.9329526], [98.1258889, 13.9330348], [98.1258481, 13.9331161], [98.1256786, 13.9330557]]]}}, {"type": "Feature", "properties": {"osm_id": 1565468110, "building": "yes"}, "geometry": {"type": "Polygon", "coordinates": [[[98.1256217, 13.9332348], [98.1256357, 13.9331765], [98.1257934, 13.9332233], [98.1257666, 13.9332806], [98.1256217, 13.9332348]]]}}, {"type": "Feature", "properties": {"osm_id": 1565468111, "building": "yes"}, "geometry": {"type": "Polygon", "coordinates": [[[98.1254936, 13.9336877], [98.1255134, 13.9336149], [98.1256705, 13.9336492], [98.1256436, 13.9337166], [98.1254936, 13.9336877]]]}}, {"type": "Feature", "properties": {"osm_id": 1565468112, "building": "yes"}, "geometry": {"type": "Polygon", "coordinates": [[[98.1253917, 13.9338979], [98.125403, 13.9338251], [98.1255148, 13.9338388], [98.1254893, 13.9339062], [98.1253917, 13.9338979]]]}}, {"type": "Feature", "properties": {"osm_id": 1565468113, "building": "yes"}, "geometry": {"type": "Polygon", "coordinates": [[[98.1253284, 13.9342797], [98.1253411, 13.934233], [98.1254728, 13.9342488], [98.1254558, 13.9342969], [98.1253284, 13.9342797]]]}}, {"type": "Feature", "properties": {"osm_id": 1565468114, "building": "yes"}, "geometry": {"type": "Polygon", "coordinates": [[[98.1252965, 13.9343779], [98.1253149, 13.9343133], [98.125477, 13.9343546], [98.1254522, 13.934415], [98.1252965, 13.9343779]]]}}, {"type": "Feature", "properties": {"osm_id": 1565468115, "building": "yes"}, "geometry": {"type": "Polygon", "coordinates": [[[98.1249926, 13.935252], [98.1250234, 13.9351523], [98.1252027, 13.9351958], [98.1251794, 13.9352557], [98.1251215, 13.935243], [98.1251103, 13.9352829], [98.1249926, 13.935252]]]}}, {"type": "Feature", "properties": {"osm_id": 1565526603, "building": "yes"}, "geometry": {"type": "Polygon", "coordinates": [[[98.1395684, 13.9190685], [98.1396332, 13.919036], [98.1395764, 13.9189233], [98.1395118, 13.9189532], [98.1395684, 13.9190685]]]}}, {"type": "Feature", "properties": {"osm_id": 1565526604, "building": "yes"}, "geometry": {"type": "Polygon", "coordinates": [[[98.1391266, 13.919201], [98.1391795, 13.9191893], [98.1391495, 13.9190597], [98.1390945, 13.9190717], [98.1391266, 13.919201]]]}}, {"type": "Feature", "properties": {"osm_id": 1565526605, "building": "yes"}, "geometry": {"type": "Polygon", "coordinates": [[[98.1390372, 13.9191588], [98.1391023, 13.919303], [98.1390445, 13.9193275], [98.1389794, 13.9191834], [98.1390372, 13.9191588]]]}}, {"type": "Feature", "properties": {"osm_id": 1565526606, "building": "yes"}, "geometry": {"type": "Polygon", "coordinates": [[[98.1389358, 13.9191898], [98.1390087, 13.919352], [98.1389196, 13.9193892], [98.1388474, 13.9192269], [98.1389358, 13.9191898]]]}}, {"type": "Feature", "properties": {"osm_id": 1565526607, "building": "yes"}, "geometry": {"type": "Polygon", "coordinates": [[[98.1387568, 13.9194304], [98.1388432, 13.9193931], [98.1387927, 13.9192868], [98.1387088, 13.9193218], [98.1387568, 13.9194304]]]}}, {"type": "Feature", "properties": {"osm_id": 1565526608, "building": "yes"}, "geometry": {"type": "Polygon", "coordinates": [[[98.1387865, 13.9195089], [98.1388449, 13.9196652], [98.1387477, 13.9196995], [98.1386893, 13.9195431], [98.1387865, 13.9195089]]]}}, {"type": "Feature", "properties": {"osm_id": 1565526609, "building": "yes"}, "geometry": {"type": "Polygon", "coordinates": [[[98.1386294, 13.9193729], [98.1386715, 13.9194975], [98.1387472, 13.9194734], [98.13871, 13.91935], [98.1386294, 13.9193729]]]}}, {"type": "Feature", "properties": {"osm_id": 1565526610, "building": "yes"}, "geometry": {"type": "Polygon", "coordinates": [[[98.1386021, 13.9198946], [98.1386985, 13.9198853], [98.1386837, 13.9197622], [98.1385856, 13.9197749], [98.1386021, 13.9198946]]]}}, {"type": "Feature", "properties": {"osm_id": 1565526611, "building": "yes"}, "geometry": {"type": "Polygon", "coordinates": [[[98.1393484, 13.9195399], [98.1393325, 13.9194169], [98.1394308, 13.9194059], [98.1394453, 13.919528], [98.1393484, 13.9195399]]]}}, {"type": "Feature", "properties": {"osm_id": 1565526612, "building": "yes"}, "geometry": {"type": "Polygon", "coordinates": [[[98.1390426, 13.9194428], [98.1391422, 13.9194352], [98.1391573, 13.9196196], [98.1390618, 13.9196258], [98.1390426, 13.9194428]]]}}, {"type": "Feature", "properties": {"osm_id": 1565581751, "building": "yes"}, "geometry": {"type": "Polygon", "coordinates": [[[98.0875144, 13.9448941], [98.0877126, 13.9449063], [98.0877206, 13.9447846], [98.0875223, 13.9447723], [98.0875144, 13.9448941]]]}}, {"type": "Feature", "properties": {"osm_id": 1565583838, "building": "yes"}, "geometry": {"type": "Polygon", "coordinates": [[[98.1337613, 13.9447209], [98.1338449, 13.9447632], [98.1339079, 13.9446461], [98.1338243, 13.9446037], [98.1337613, 13.9447209]]]}}, {"type": "Feature", "properties": {"osm_id": 1565583839, "building": "yes"}, "geometry": {"type": "Polygon", "coordinates": [[[98.135325, 13.9448862], [98.1353652, 13.9447716], [98.1352745, 13.9447416], [98.1352342, 13.9448561], [98.135325, 13.9448862]]]}}, {"type": "Feature", "properties": {"osm_id": 1565583840, "building": "yes"}, "geometry": {"type": "Polygon", "coordinates": [[[98.1355463, 13.9449604], [98.1356247, 13.9449841], [98.1356717, 13.9448384], [98.1355932, 13.9448146], [98.1355463, 13.9449604]]]}}, {"type": "Feature", "properties": {"osm_id": 1565583842, "building": "yes"}, "geometry": {"type": "Polygon", "coordinates": [[[98.1364354, 13.9449447], [98.1364757, 13.9448224], [98.1364013, 13.9447994], [98.1363611, 13.9449217], [98.1364354, 13.9449447]]]}}, {"type": "Feature", "properties": {"osm_id": 1565583843, "building": "yes"}, "geometry": {"type": "Polygon", "coordinates": [[[98.1364663, 13.9449395], [98.1365513, 13.9449593], [98.1365741, 13.9448669], [98.1364891, 13.9448471], [98.1364663, 13.9449395]]]}}, {"type": "Feature", "properties": {"osm_id": 1565583847, "building": "yes"}, "geometry": {"type": "Polygon", "coordinates": [[[98.1371583, 13.9450007], [98.1372696, 13.9450007], [98.1372696, 13.9449369], [98.1371583, 13.9449369], [98.1371583, 13.9450007]]]}}, {"type": "Feature", "properties": {"osm_id": 1565583850, "building": "yes"}, "geometry": {"type": "Polygon", "coordinates": [[[98.1376304, 13.9448133], [98.1377779, 13.9448133], [98.1377779, 13.9447391], [98.1376304, 13.9447391], [98.1376304, 13.9448133]]]}}, {"type": "Feature", "properties": {"osm_id": 1565583851, "building": "yes"}, "geometry": {"type": "Polygon", "coordinates": [[[98.1376652, 13.9449187], [98.137794, 13.9449161], [98.1377922, 13.9448331], [98.1376635, 13.9448357], [98.1376652, 13.9449187]]]}}, {"type": "Feature", "properties": {"osm_id": 1565583856, "building": "yes"}, "geometry": {"type": "Polygon", "coordinates": [[[98.1379281, 13.9448979], [98.1380716, 13.9448979], [98.1380716, 13.944825], [98.1379281, 13.944825], [98.1379281, 13.9448979]]]}}, {"type": "Feature", "properties": {"osm_id": 1565583857, "building": "yes"}, "geometry": {"type": "Polygon", "coordinates": [[[98.1379884, 13.945045], [98.1381159, 13.9450319], [98.1381071, 13.9449517], [98.1379797, 13.9449647], [98.1379884, 13.945045]]]}}, {"type": "Feature", "properties": {"osm_id": 1565583859, "building": "yes"}, "geometry": {"type": "Polygon", "coordinates": [[[98.1381735, 13.9449877], [98.1382982, 13.9449786], [98.1382923, 13.9449021], [98.1381676, 13.9449112], [98.1381735, 13.9449877]]]}}, {"type": "Feature", "properties": {"osm_id": 1565583860, "building": "yes"}, "geometry": {"type": "Polygon", "coordinates": [[[98.1384873, 13.9448836], [98.13849, 13.9448003], [98.1384286, 13.9447984], [98.1384259, 13.9448817], [98.1384873, 13.9448836]]]}}, {"type": "Feature", "properties": {"osm_id": 1565583876, "building": "yes"}, "geometry": {"type": "Polygon", "coordinates": [[[98.139697, 13.9448823], [98.1397051, 13.9447469], [98.1396317, 13.9447428], [98.1396237, 13.9448782], [98.139697, 13.9448823]]]}}, {"type": "Feature", "properties": {"osm_id": 1565583877, "building": "yes"}, "geometry": {"type": "Polygon", "coordinates": [[[98.1397359, 13.9449929], [98.1397396, 13.9450533], [98.1398738, 13.9450455], [98.13987, 13.9449851], [98.1397359, 13.9449929]]]}}, {"type": "Feature", "properties": {"osm_id": 1565583887, "building": "yes"}, "geometry": {"type": "Polygon", "coordinates": [[[98.1400082, 13.9451204], [98.1400082, 13.9449799], [98.1399263, 13.9449799], [98.1399263, 13.9451204], [98.1400082, 13.9451204]]]}}, {"type": "Feature", "properties": {"osm_id": 1565584038, "building": "yes"}, "geometry": {"type": "Polygon", "coordinates": [[[98.1335239, 13.9450046], [98.1335451, 13.944944], [98.1333775, 13.9448887], [98.1333563, 13.9449493], [98.1335239, 13.9450046]]]}}, {"type": "Feature", "properties": {"osm_id": 1565861179, "building": "yes"}, "geometry": {"type": "Polygon", "coordinates": [[[98.1247157, 13.9386265], [98.1250009, 13.9386233], [98.1249991, 13.9384706], [98.1247139, 13.9384737], [98.1247157, 13.9386265]]]}}, {"type": "Feature", "properties": {"osm_id": 1565861180, "building": "yes"}, "geometry": {"type": "Polygon", "coordinates": [[[98.125014, 13.9386258], [98.1250965, 13.9386244], [98.125097, 13.9386563], [98.125155, 13.9386553], [98.1251544, 13.9386215], [98.1252268, 13.9386203], [98.1252246, 13.9384983], [98.1250118, 13.9385019], [98.125014, 13.9386258]]]}}, {"type": "Feature", "properties": {"osm_id": 1565861181, "building": "yes"}, "geometry": {"type": "Polygon", "coordinates": [[[98.1266779, 13.9389249], [98.1267442, 13.9389409], [98.1267751, 13.9388204], [98.1267088, 13.9388044], [98.1266779, 13.9389249]]]}}, {"type": "Feature", "properties": {"osm_id": 1565861182, "building": "yes"}, "geometry": {"type": "Polygon", "coordinates": [[[98.1269279, 13.9386098], [98.1270116, 13.9386056], [98.1270045, 13.93847], [98.1269207, 13.9384742], [98.1269279, 13.9386098]]]}}, {"type": "Feature", "properties": {"osm_id": 1565861183, "building": "yes"}, "geometry": {"type": "Polygon", "coordinates": [[[98.1265398, 13.9385518], [98.1266516, 13.9385582], [98.1266556, 13.9384925], [98.1265438, 13.9384861], [98.1265398, 13.9385518]]]}}, {"type": "Feature", "properties": {"osm_id": 1565861184, "building": "yes"}, "geometry": {"type": "Polygon", "coordinates": [[[98.1258175, 13.938085], [98.1258947, 13.9380839], [98.1258921, 13.9379226], [98.125815, 13.9379238], [98.1258175, 13.938085]]]}}, {"type": "Feature", "properties": {"osm_id": 1565861185, "building": "yes"}, "geometry": {"type": "Polygon", "coordinates": [[[98.1261464, 13.9409472], [98.1262177, 13.9409508], [98.126225, 13.9408129], [98.1261537, 13.9408094], [98.1261464, 13.9409472]]]}}, {"type": "Feature", "properties": {"osm_id": 1565861186, "building": "yes"}, "geometry": {"type": "Polygon", "coordinates": [[[98.1262589, 13.9409824], [98.1263412, 13.9409819], [98.1263399, 13.9407938], [98.1262576, 13.9407944], [98.1262589, 13.9409824]]]}}, {"type": "Feature", "properties": {"osm_id": 1565861187, "building": "yes"}, "geometry": {"type": "Polygon", "coordinates": [[[98.1259613, 13.9414217], [98.1260479, 13.9414205], [98.1260454, 13.9412545], [98.1259587, 13.9412558], [98.1259613, 13.9414217]]]}}, {"type": "Feature", "properties": {"osm_id": 1565861188, "building": "yes"}, "geometry": {"type": "Polygon", "coordinates": [[[98.1261416, 13.9414103], [98.1262233, 13.9414116], [98.1262272, 13.9411772], [98.1261455, 13.941176], [98.1261416, 13.9414103]]]}}, {"type": "Feature", "properties": {"osm_id": 1565863292, "building": "yes"}, "geometry": {"type": "Polygon", "coordinates": [[[98.1264957, 13.9413847], [98.1266406, 13.9413906], [98.1266431, 13.9413335], [98.1264982, 13.9413276], [98.1264957, 13.9413847]]]}}, {"type": "Feature", "properties": {"osm_id": 1565863293, "building": "yes"}, "geometry": {"type": "Polygon", "coordinates": [[[98.1265008, 13.9413164], [98.126641, 13.9413181], [98.126642, 13.9412391], [98.1265018, 13.9412373], [98.1265008, 13.9413164]]]}}, {"type": "Feature", "properties": {"osm_id": 1565863294, "building": "yes"}, "geometry": {"type": "Polygon", "coordinates": [[[98.126586, 13.9415201], [98.1266726, 13.9415265], [98.1266613, 13.9416696], [98.1265747, 13.9416632], [98.126586, 13.9415201]]]}}, {"type": "Feature", "properties": {"osm_id": 1565863295, "building": "yes"}, "geometry": {"type": "Polygon", "coordinates": [[[98.126854, 13.9419674], [98.126928, 13.9419665], [98.126926, 13.941802], [98.126852, 13.9418028], [98.126854, 13.9419674]]]}}, {"type": "Feature", "properties": {"osm_id": 1565863296, "building": "yes"}, "geometry": {"type": "Polygon", "coordinates": [[[98.1261048, 13.9416287], [98.1261687, 13.9416298], [98.1261709, 13.9415149], [98.1261069, 13.9415138], [98.1261048, 13.9416287]]]}}, {"type": "Feature", "properties": {"osm_id": 1565864851, "building": "yes"}, "geometry": {"type": "Polygon", "coordinates": [[[98.1257742, 13.9424347], [98.1258741, 13.9424315], [98.1258694, 13.9422945], [98.1257695, 13.9422978], [98.1257742, 13.9424347]]]}}, {"type": "Feature", "properties": {"osm_id": 1565864852, "building": "yes"}, "geometry": {"type": "Polygon", "coordinates": [[[98.125768, 13.9421704], [98.1258367, 13.9421696], [98.1258351, 13.9420189], [98.1257664, 13.9420196], [98.125768, 13.9421704]]]}}, {"type": "Feature", "properties": {"osm_id": 1565864853, "building": "yes"}, "geometry": {"type": "Polygon", "coordinates": [[[98.1261707, 13.9419935], [98.126172, 13.9417737], [98.1260915, 13.9417732], [98.1260901, 13.941993], [98.1261707, 13.9419935]]]}}, {"type": "Feature", "properties": {"osm_id": 1565864854, "building": "yes"}, "geometry": {"type": "Polygon", "coordinates": [[[98.1254624, 13.9418508], [98.1256327, 13.9418481], [98.1256315, 13.9417724], [98.1254611, 13.9417751], [98.1254624, 13.9418508]]]}}, {"type": "Feature", "properties": {"osm_id": 1565864855, "building": "yes"}, "geometry": {"type": "Polygon", "coordinates": [[[98.1252161, 13.9416723], [98.1253744, 13.9416683], [98.1253761, 13.9417326], [98.1252178, 13.9417366], [98.1252161, 13.9416723]]]}}, {"type": "Feature", "properties": {"osm_id": 1565864856, "building": "yes"}, "geometry": {"type": "Polygon", "coordinates": [[[98.125565, 13.9421045], [98.1256393, 13.9421052], [98.1256408, 13.9419773], [98.1255664, 13.9419765], [98.125565, 13.9421045]]]}}, {"type": "Feature", "properties": {"osm_id": 1565864857, "building": "yes"}, "geometry": {"type": "Polygon", "coordinates": [[[98.1254897, 13.9420946], [98.1255394, 13.9420947], [98.1255396, 13.9420204], [98.1254899, 13.9420203], [98.1254897, 13.9420946]]]}}, {"type": "Feature", "properties": {"osm_id": 1565864858, "building": "yes"}, "geometry": {"type": "Polygon", "coordinates": [[[98.1252487, 13.9421542], [98.1251898, 13.9421543], [98.1251901, 13.9423075], [98.125249, 13.9423074], [98.1252487, 13.9421542]]]}}, {"type": "Feature", "properties": {"osm_id": 1565864859, "building": "yes"}, "geometry": {"type": "Polygon", "coordinates": [[[98.1250766, 13.9422564], [98.1251562, 13.9422563], [98.1251559, 13.9421186], [98.1250922, 13.9421187], [98.1250923, 13.9421528], [98.1250763, 13.9421529], [98.1250766, 13.9422564]]]}}, {"type": "Feature", "properties": {"osm_id": 1565864860, "building": "yes"}, "geometry": {"type": "Polygon", "coordinates": [[[98.1254022, 13.9424329], [98.1254987, 13.9424319], [98.1254971, 13.9422888], [98.1254007, 13.9422898], [98.1254022, 13.9424329]]]}}, {"type": "Feature", "properties": {"osm_id": 1566337160, "building": "yes"}, "geometry": {"type": "Polygon", "coordinates": [[[98.1397564, 13.9104588], [98.1397201, 13.9103779], [98.1398273, 13.9103577], [98.139852, 13.9104445], [98.1397564, 13.9104588]]]}}, {"type": "Feature", "properties": {"osm_id": 1566337169, "building": "yes"}, "geometry": {"type": "Polygon", "coordinates": [[[98.1396679, 13.910553], [98.1396662, 13.910487], [98.1397381, 13.9104853], [98.1397398, 13.9105512], [98.1396679, 13.910553]]]}}, {"type": "Feature", "properties": {"osm_id": 1566337195, "building": "yes"}, "geometry": {"type": "Polygon", "coordinates": [[[98.1397124, 13.9098326], [98.1397107, 13.9097472], [98.1399014, 13.9097269], [98.1399109, 13.9098208], [98.1397124, 13.9098326]]]}}, {"type": "Feature", "properties": {"osm_id": 1566337555, "building": "yes"}, "geometry": {"type": "Polygon", "coordinates": [[[98.1397343, 13.9102146], [98.1397211, 13.9101214], [98.1398254, 13.9101075], [98.1398386, 13.9102007], [98.1397343, 13.9102146]]]}}, {"type": "Feature", "properties": {"osm_id": 1566337636, "building": "yes"}, "geometry": {"type": "Polygon", "coordinates": [[[98.1395291, 13.9115193], [98.1395125, 13.9114325], [98.1393143, 13.9114682], [98.1393308, 13.9115549], [98.1395291, 13.9115193]]]}}, {"type": "Feature", "properties": {"osm_id": 1566337691, "building": "yes"}, "geometry": {"type": "Polygon", "coordinates": [[[98.1394533, 13.9117367], [98.1394499, 13.9116395], [98.1393245, 13.9116435], [98.1393279, 13.9117408], [98.1394533, 13.9117367]]]}}, {"type": "Feature", "properties": {"osm_id": 1566337748, "building": "yes"}, "geometry": {"type": "Polygon", "coordinates": [[[98.139485, 13.9110258], [98.1394823, 13.9109584], [98.139329, 13.9109642], [98.1393317, 13.9110317], [98.139485, 13.9110258]]]}}, {"type": "Feature", "properties": {"osm_id": 1566344240, "building": "yes"}, "geometry": {"type": "Polygon", "coordinates": [[[98.1254645, 13.9394698], [98.1255524, 13.9394721], [98.1255568, 13.9393112], [98.1254689, 13.939309], [98.1254645, 13.9394698]]]}}, {"type": "Feature", "properties": {"osm_id": 1566344308, "building": "yes"}, "geometry": {"type": "Polygon", "coordinates": [[[98.1250155, 13.9394703], [98.1250839, 13.939472], [98.1250868, 13.9393583], [98.1250184, 13.9393567], [98.1250155, 13.9394703]]]}}, {"type": "Feature", "properties": {"osm_id": 1566344315, "building": "yes"}, "geometry": {"type": "Polygon", "coordinates": [[[98.1248781, 13.9412064], [98.1248745, 13.9411223], [98.1247041, 13.9411291], [98.1247077, 13.9412132], [98.1248781, 13.9412064]]]}}, {"type": "Feature", "properties": {"osm_id": 1566344326, "building": "yes"}, "geometry": {"type": "Polygon", "coordinates": [[[98.1244761, 13.9411892], [98.1244771, 13.9411132], [98.1246816, 13.9411157], [98.1246806, 13.9411918], [98.1244761, 13.9411892]]]}}, {"type": "Feature", "properties": {"osm_id": 1566344435, "building": "yes"}, "geometry": {"type": "Polygon", "coordinates": [[[98.1256042, 13.9409536], [98.1256865, 13.9409611], [98.125698, 13.9408432], [98.1256158, 13.9408356], [98.1256042, 13.9409536]]]}}, {"type": "Feature", "properties": {"osm_id": 1566344585, "building": "yes"}, "geometry": {"type": "Polygon", "coordinates": [[[98.1254897, 13.9410939], [98.1255733, 13.9410997], [98.1255782, 13.9410316], [98.1254946, 13.9410259], [98.1254897, 13.9410939]]]}}, {"type": "Feature", "properties": {"osm_id": 1566352065, "building": "yes"}, "geometry": {"type": "Polygon", "coordinates": [[[98.0968558, 13.9021696], [98.096845, 13.9020842], [98.0969562, 13.9020724], [98.0969621, 13.9021582], [98.0968558, 13.9021696]]]}}, {"type": "Feature", "properties": {"osm_id": 1566352066, "building": "yes"}, "geometry": {"type": "Polygon", "coordinates": [[[98.119992, 13.9372706], [98.1199955, 13.9372079], [98.1200507, 13.9372093], [98.1200507, 13.9372725], [98.119992, 13.9372706]]]}}, {"type": "Feature", "properties": {"osm_id": 1566352067, "building": "yes"}, "geometry": {"type": "Polygon", "coordinates": [[[98.1200818, 13.9372224], [98.1200904, 13.9371627], [98.1201666, 13.9371645], [98.1201689, 13.9372252], [98.1200818, 13.9372224]]]}}, {"type": "Feature", "properties": {"osm_id": 1566352068, "building": "yes"}, "geometry": {"type": "Polygon", "coordinates": [[[98.1228319, 13.936453], [98.1228307, 13.9363366], [98.1226404, 13.9363006], [98.1226722, 13.936228], [98.1229628, 13.9363147], [98.122916, 13.9364688], [98.1228319, 13.936453]]]}}, {"type": "Feature", "properties": {"osm_id": 1566352069, "building": "yes"}, "geometry": {"type": "Polygon", "coordinates": [[[98.1241506, 13.9378426], [98.1241339, 13.9376702], [98.1242794, 13.9376366], [98.1243103, 13.9378111], [98.1241506, 13.9378426]]]}}, {"type": "Feature", "properties": {"osm_id": 1566352070, "building": "yes"}, "geometry": {"type": "Polygon", "coordinates": [[[98.1248971, 13.9357207], [98.1249013, 13.9356226], [98.1250502, 13.9356375], [98.1250428, 13.9357568], [98.1248971, 13.9357207]]]}}, {"type": "Feature", "properties": {"osm_id": 1566352071, "building": "yes"}, "geometry": {"type": "Polygon", "coordinates": [[[98.1252551, 13.9359156], [98.1252559, 13.9357772], [98.1253685, 13.9357719], [98.1253565, 13.9358984], [98.1252551, 13.9359156]]]}}, {"type": "Feature", "properties": {"osm_id": 1566352072, "building": "yes"}, "geometry": {"type": "Polygon", "coordinates": [[[98.125483, 13.9356886], [98.1254521, 13.9355107], [98.1255923, 13.9355173], [98.1255659, 13.9356502], [98.125483, 13.9356886]]]}}, {"type": "Feature", "properties": {"osm_id": 1566352073, "building": "yes"}, "geometry": {"type": "Polygon", "coordinates": [[[98.1247638, 13.9363218], [98.1247872, 13.9362257], [98.1249774, 13.9362819], [98.1249627, 13.9363368], [98.1247638, 13.9363218]]]}}, {"type": "Feature", "properties": {"osm_id": 1566352074, "building": "yes"}, "geometry": {"type": "Polygon", "coordinates": [[[98.1255601, 13.9366328], [98.1255656, 13.9365371], [98.1257212, 13.9365739], [98.125723, 13.9365116], [98.1257879, 13.9365431], [98.1257687, 13.9366655], [98.1255601, 13.9366328]]]}}, {"type": "Feature", "properties": {"osm_id": 1566352075, "building": "yes"}, "geometry": {"type": "Polygon", "coordinates": [[[98.1237146, 13.9396513], [98.1237005, 13.9395602], [98.1238404, 13.9395626], [98.1238404, 13.9396386], [98.1237146, 13.9396513]]]}}, {"type": "Feature", "properties": {"osm_id": 1566352076, "building": "yes"}, "geometry": {"type": "Polygon", "coordinates": [[[98.1239613, 13.939844], [98.1239516, 13.9397113], [98.1240389, 13.9397157], [98.1240394, 13.9398205], [98.1239613, 13.939844]]]}}, {"type": "Feature", "properties": {"osm_id": 1566352077, "building": "yes"}, "geometry": {"type": "Polygon", "coordinates": [[[98.1239811, 13.9396828], [98.1239811, 13.939617], [98.1240592, 13.9396132], [98.1240578, 13.9396807], [98.1239811, 13.9396828]]]}}, {"type": "Feature", "properties": {"osm_id": 1566352078, "building": "yes"}, "geometry": {"type": "Polygon", "coordinates": [[[98.124079, 13.9404657], [98.1240622, 13.9403851], [98.1242354, 13.9403743], [98.1242354, 13.9404383], [98.124079, 13.9404657]]]}}, {"type": "Feature", "properties": {"osm_id": 1566352079, "building": "yes"}, "geometry": {"type": "Polygon", "coordinates": [[[98.1240882, 13.9403495], [98.1241115, 13.9402851], [98.1242442, 13.9402609], [98.1242488, 13.9403212], [98.1240882, 13.9403495]]]}}, {"type": "Feature", "properties": {"osm_id": 1566352080, "building": "yes"}, "geometry": {"type": "Polygon", "coordinates": [[[98.124455, 13.9403206], [98.1245046, 13.9402035], [98.1246521, 13.9402269], [98.1246547, 13.9403304], [98.124455, 13.9403206]]]}}, {"type": "Feature", "properties": {"osm_id": 1566352081, "building": "yes"}, "geometry": {"type": "Polygon", "coordinates": [[[98.1236338, 13.9407172], [98.1237017, 13.940716], [98.123727, 13.9404253], [98.1236294, 13.9404237], [98.1236338, 13.9407172]]]}}, {"type": "Feature", "properties": {"osm_id": 1566352082, "building": "yes"}, "geometry": {"type": "Polygon", "coordinates": [[[98.123027, 13.9406571], [98.1231136, 13.9406515], [98.1231263, 13.9405194], [98.1230254, 13.9405213], [98.123027, 13.9406571]]]}}, {"type": "Feature", "properties": {"osm_id": 1566352083, "building": "yes"}, "geometry": {"type": "Polygon", "coordinates": [[[98.1231991, 13.9406628], [98.1232771, 13.9406529], [98.1232771, 13.9405337], [98.1231891, 13.9405415], [98.1231991, 13.9406628]]]}}, {"type": "Feature", "properties": {"osm_id": 1566352084, "building": "yes"}, "geometry": {"type": "Polygon", "coordinates": [[[98.1233393, 13.9407152], [98.1233991, 13.9407052], [98.1233947, 13.9405586], [98.1233092, 13.9405683], [98.1233393, 13.9407152]]]}}, {"type": "Feature", "properties": {"osm_id": 1566352085, "building": "yes"}, "geometry": {"type": "Polygon", "coordinates": [[[98.1234745, 13.9407393], [98.1235508, 13.9407248], [98.1235976, 13.9405717], [98.1234579, 13.9405738], [98.1234745, 13.9407393]]]}}, {"type": "Feature", "properties": {"osm_id": 1566352086, "building": "yes"}, "geometry": {"type": "Polygon", "coordinates": [[[98.1227367, 13.9407938], [98.122736, 13.9407059], [98.1228761, 13.9407278], [98.1228777, 13.9407912], [98.1227367, 13.9407938]]]}}, {"type": "Feature", "properties": {"osm_id": 1566352087, "building": "yes"}, "geometry": {"type": "Polygon", "coordinates": [[[98.1226834, 13.9411235], [98.1226984, 13.9410554], [98.1228268, 13.9410532], [98.1228157, 13.9411204], [98.1226834, 13.9411235]]]}}, {"type": "Feature", "properties": {"osm_id": 1566352088, "building": "yes"}, "geometry": {"type": "Polygon", "coordinates": [[[98.123139, 13.940964], [98.1232429, 13.940964], [98.1232424, 13.9408062], [98.123142, 13.9408141], [98.123139, 13.940964]]]}}, {"type": "Feature", "properties": {"osm_id": 1566352089, "building": "yes"}, "geometry": {"type": "Polygon", "coordinates": [[[98.1226776, 13.9417336], [98.1226806, 13.9416503], [98.122575, 13.9416575], [98.122575, 13.9417207], [98.1226776, 13.9417336]]]}}, {"type": "Feature", "properties": {"osm_id": 1566352090, "building": "yes"}, "geometry": {"type": "Polygon", "coordinates": [[[98.122651, 13.9416347], [98.122651, 13.9415855], [98.1227569, 13.9415803], [98.1227564, 13.9416553], [98.122651, 13.9416347]]]}}, {"type": "Feature", "properties": {"osm_id": 1566352091, "building": "yes"}, "geometry": {"type": "Polygon", "coordinates": [[[98.1226892, 13.9415504], [98.1226909, 13.9415028], [98.122772, 13.9415028], [98.1227743, 13.9415434], [98.1226892, 13.9415504]]]}}, {"type": "Feature", "properties": {"osm_id": 1566472818, "building": "yes"}, "geometry": {"type": "Polygon", "coordinates": [[[98.1231379, 13.9449181], [98.1232842, 13.9449516], [98.1233107, 13.9448885], [98.1231582, 13.9448392], [98.1231379, 13.9449181]]]}}, {"type": "Feature", "properties": {"osm_id": 1566475397, "building": "yes"}, "geometry": {"type": "Polygon", "coordinates": [[[98.1290092, 13.9067752], [98.1292144, 13.9067746], [98.1292142, 13.906697], [98.1291006, 13.9066973], [98.1290837, 13.9066419], [98.1290087, 13.9066421], [98.1290092, 13.9067752]]]}}, {"type": "Feature", "properties": {"osm_id": 1566475398, "building": "yes"}, "geometry": {"type": "Polygon", "coordinates": [[[98.1285803, 13.9069504], [98.1287374, 13.9069504], [98.1287374, 13.9068767], [98.1285802, 13.9068767], [98.1285803, 13.9069504]]]}}, {"type": "Feature", "properties": {"osm_id": 1566475401, "building": "yes"}, "geometry": {"type": "Polygon", "coordinates": [[[98.1293481, 13.9078973], [98.1293313, 13.9078052], [98.129244, 13.9078202], [98.1292608, 13.9079123], [98.1293481, 13.9078973]]]}}, {"type": "Feature", "properties": {"osm_id": 1566475402, "building": "yes"}, "geometry": {"type": "Polygon", "coordinates": [[[98.1297117, 13.9077292], [98.1297933, 13.9077277], [98.1297918, 13.9076506], [98.1297103, 13.907652], [98.1297117, 13.9077292]]]}}, {"type": "Feature", "properties": {"osm_id": 1566475404, "building": "yes"}, "geometry": {"type": "Polygon", "coordinates": [[[98.1287938, 13.9023545], [98.1289428, 13.9023627], [98.1289481, 13.9022716], [98.1287991, 13.9022634], [98.1287938, 13.9023545]]]}}, {"type": "Feature", "properties": {"osm_id": 1566475405, "building": "yes"}, "geometry": {"type": "Polygon", "coordinates": [[[98.1290289, 13.9021203], [98.1291653, 13.9021165], [98.1291624, 13.9020173], [98.129026, 13.902021], [98.1290289, 13.9021203]]]}}, {"type": "Feature", "properties": {"osm_id": 1566475406, "building": "yes"}, "geometry": {"type": "Polygon", "coordinates": [[[98.1290103, 13.9024625], [98.1290696, 13.9024622], [98.1290692, 13.9023853], [98.1290099, 13.9023857], [98.1290103, 13.9024625]]]}}, {"type": "Feature", "properties": {"osm_id": 1566524111, "building": "yes"}, "geometry": {"type": "Polygon", "coordinates": [[[98.1353682, 13.8883814], [98.1354975, 13.888359], [98.1354862, 13.8882977], [98.135357, 13.8883201], [98.1353682, 13.8883814]]]}}, {"type": "Feature", "properties": {"osm_id": 1566524112, "building": "yes"}, "geometry": {"type": "Polygon", "coordinates": [[[98.1353711, 13.8882142], [98.1354753, 13.8881934], [98.1354636, 13.8881382], [98.1353594, 13.888159], [98.1353711, 13.8882142]]]}}, {"type": "Feature", "properties": {"osm_id": 1566524113, "building": "yes"}, "geometry": {"type": "Polygon", "coordinates": [[[98.1358, 13.8875891], [98.1359241, 13.8875483], [98.1359022, 13.8874856], [98.1357781, 13.8875264], [98.1358, 13.8875891]]]}}, {"type": "Feature", "properties": {"osm_id": 1566524114, "building": "yes"}, "geometry": {"type": "Polygon", "coordinates": [[[98.1360897, 13.8874591], [98.136202, 13.8874745], [98.1362092, 13.8874251], [98.1360969, 13.8874096], [98.1360897, 13.8874591]]]}}, {"type": "Feature", "properties": {"osm_id": 1566524115, "building": "yes"}, "geometry": {"type": "Polygon", "coordinates": [[[98.1360319, 13.8871064], [98.1361343, 13.8871073], [98.1361349, 13.8870422], [98.1360325, 13.8870413], [98.1360319, 13.8871064]]]}}, {"type": "Feature", "properties": {"osm_id": 1566524116, "building": "yes"}, "geometry": {"type": "Polygon", "coordinates": [[[98.1360538, 13.887018], [98.1361493, 13.8870171], [98.1361486, 13.8869528], [98.1360532, 13.8869536], [98.1360538, 13.887018]]]}}, {"type": "Feature", "properties": {"osm_id": 1566524117, "building": "yes"}, "geometry": {"type": "Polygon", "coordinates": [[[98.134902, 13.8851989], [98.1350469, 13.8851874], [98.1350411, 13.8851196], [98.1348962, 13.8851312], [98.134902, 13.8851989]]]}}, {"type": "Feature", "properties": {"osm_id": 1566524118, "building": "yes"}, "geometry": {"type": "Polygon", "coordinates": [[[98.1348408, 13.8850392], [98.1349879, 13.8850153], [98.1349809, 13.8849749], [98.1348339, 13.8849988], [98.1348408, 13.8850392]]]}}, {"type": "Feature", "properties": {"osm_id": 1566524127, "building": "yes"}, "geometry": {"type": "Polygon", "coordinates": [[[98.1337674, 13.8860408], [98.1338391, 13.8860488], [98.1338503, 13.8859541], [98.133771, 13.8859453], [98.1337585, 13.8860511], [98.1337674, 13.8860408]]]}}, {"type": "Feature", "properties": {"osm_id": 1566524128, "building": "yes"}, "geometry": {"type": "Polygon", "coordinates": [[[98.1340084, 13.8860163], [98.1341387, 13.8860031], [98.1341294, 13.8859168], [98.1339991, 13.88593], [98.1340084, 13.8860163]]]}}, {"type": "Feature", "properties": {"osm_id": 1566524129, "building": "yes"}, "geometry": {"type": "Polygon", "coordinates": [[[98.134922, 13.8872892], [98.1350105, 13.8872565], [98.1349753, 13.8871668], [98.1348868, 13.8871994], [98.134922, 13.8872892]]]}}, {"type": "Feature", "properties": {"osm_id": 1566524130, "building": "yes"}, "geometry": {"type": "Polygon", "coordinates": [[[98.1352529, 13.8872126], [98.1353925, 13.8871373], [98.1353653, 13.8870899], [98.1352257, 13.8871652], [98.1352529, 13.8872126]]]}}, {"type": "Feature", "properties": {"osm_id": 1566524131, "building": "yes"}, "geometry": {"type": "Polygon", "coordinates": [[[98.1351564, 13.8875537], [98.1352947, 13.8875345], [98.1352852, 13.8874706], [98.135147, 13.8874899], [98.1351564, 13.8875537]]]}}, {"type": "Feature", "properties": {"osm_id": 1566524132, "building": "yes"}, "geometry": {"type": "Polygon", "coordinates": [[[98.135119, 13.8874234], [98.135264, 13.8873868], [98.1352435, 13.8873104], [98.1350985, 13.887347], [98.135119, 13.8874234]]]}}, {"type": "Feature", "properties": {"osm_id": 1566524133, "building": "yes"}, "geometry": {"type": "Polygon", "coordinates": [[[98.1365846, 13.8887093], [98.1366865, 13.8886199], [98.1366503, 13.888581], [98.1365484, 13.8886704], [98.1365846, 13.8887093]]]}}, {"type": "Feature", "properties": {"osm_id": 1566524134, "building": "yes"}, "geometry": {"type": "Polygon", "coordinates": [[[98.1372456, 13.8887804], [98.1373384, 13.8887058], [98.1373032, 13.8886646], [98.1372104, 13.8887391], [98.1372456, 13.8887804]]]}}, {"type": "Feature", "properties": {"osm_id": 1566524135, "building": "yes"}, "geometry": {"type": "Polygon", "coordinates": [[[98.1370816, 13.8887183], [98.1371535, 13.8886709], [98.1371183, 13.8886206], [98.1370464, 13.8886681], [98.1370816, 13.8887183]]]}}, {"type": "Feature", "properties": {"osm_id": 1566524136, "building": "yes"}, "geometry": {"type": "Polygon", "coordinates": [[[98.1379365, 13.8896314], [98.1380061, 13.889574], [98.1379462, 13.8895056], [98.1378766, 13.889563], [98.1379365, 13.8896314]]]}}, {"type": "Feature", "properties": {"osm_id": 1566524137, "building": "yes"}, "geometry": {"type": "Polygon", "coordinates": [[[98.1389792, 13.8897862], [98.1390635, 13.8897786], [98.139058, 13.8897222], [98.1389738, 13.8897298], [98.1389792, 13.8897862]]]}}, {"type": "Feature", "properties": {"osm_id": 1566524138, "building": "yes"}, "geometry": {"type": "Polygon", "coordinates": [[[98.138674, 13.8896823], [98.1387492, 13.8896739], [98.1387397, 13.8895949], [98.1386646, 13.8896033], [98.138674, 13.8896823]]]}}, {"type": "Feature", "properties": {"osm_id": 1566524139, "building": "yes"}, "geometry": {"type": "Polygon", "coordinates": [[[98.1387967, 13.8897418], [98.138856, 13.8897455], [98.1388606, 13.8896768], [98.1388013, 13.889673], [98.1387967, 13.8897418]]]}}, {"type": "Feature", "properties": {"osm_id": 1566524140, "building": "yes"}, "geometry": {"type": "Polygon", "coordinates": [[[98.1371714, 13.8906197], [98.1372548, 13.8905821], [98.1372326, 13.8905357], [98.1371298, 13.890582], [98.1371714, 13.8906197]]]}}, {"type": "Feature", "properties": {"osm_id": 1566524526, "building": "yes"}, "geometry": {"type": "Polygon", "coordinates": [[[98.1378944, 13.8932204], [98.137956, 13.8932156], [98.1379483, 13.8931235], [98.1378867, 13.8931283], [98.1378944, 13.8932204]]]}}, {"type": "Feature", "properties": {"osm_id": 1566524527, "building": "yes"}, "geometry": {"type": "Polygon", "coordinates": [[[98.1379824, 13.8931572], [98.1380545, 13.8931494], [98.1380438, 13.8930568], [98.1379717, 13.8930647], [98.1379824, 13.8931572]]]}}, {"type": "Feature", "properties": {"osm_id": 1566524528, "building": "yes"}, "geometry": {"type": "Polygon", "coordinates": [[[98.1378431, 13.8929735], [98.1379477, 13.8929637], [98.1379383, 13.8928694], [98.1378337, 13.8928792], [98.1378431, 13.8929735]]]}}, {"type": "Feature", "properties": {"osm_id": 1566524529, "building": "yes"}, "geometry": {"type": "Polygon", "coordinates": [[[98.1377391, 13.8939178], [98.1378152, 13.893912], [98.1378104, 13.8938518], [98.1377343, 13.8938575], [98.1377391, 13.8939178]]]}}, {"type": "Feature", "properties": {"osm_id": 1566524530, "building": "yes"}, "geometry": {"type": "Polygon", "coordinates": [[[98.1383102, 13.8944853], [98.1383791, 13.8944742], [98.1383663, 13.8943992], [98.1382975, 13.8944102], [98.1383102, 13.8944853]]]}}, {"type": "Feature", "properties": {"osm_id": 1566524531, "building": "yes"}, "geometry": {"type": "Polygon", "coordinates": [[[98.1396363, 13.8949272], [98.1397581, 13.8948913], [98.1397324, 13.894809], [98.1396105, 13.8948449], [98.1396363, 13.8949272]]]}}, {"type": "Feature", "properties": {"osm_id": 1566525169, "building": "yes"}, "geometry": {"type": "Polygon", "coordinates": [[[98.1389028, 13.8962694], [98.1389663, 13.896266], [98.1389594, 13.8961456], [98.1388959, 13.8961491], [98.1389028, 13.8962694]]]}}, {"type": "Feature", "properties": {"osm_id": 1566866100, "building": "yes"}, "geometry": {"type": "Polygon", "coordinates": [[[98.1284795, 13.9023157], [98.1285147, 13.9020847], [98.1285872, 13.9020951], [98.1285725, 13.9021914], [98.1286803, 13.9022069], [98.128728, 13.9022532], [98.1287177, 13.9023608], [98.1286874, 13.9023581], [98.1286663, 13.902354], [98.1286509, 13.9023404], [98.1284795, 13.9023157]]]}}, {"type": "Feature", "properties": {"osm_id": 1566866101, "building": "yes"}, "geometry": {"type": "Polygon", "coordinates": [[[98.1283008, 13.9022384], [98.1283138, 13.9021597], [98.1284903, 13.9021872], [98.1284719, 13.9022987], [98.1284141, 13.9022898], [98.1284195, 13.9022569], [98.1283008, 13.9022384]]]}}, {"type": "Feature", "properties": {"osm_id": 1566866102, "building": "yes"}, "geometry": {"type": "Polygon", "coordinates": [[[98.1279513, 13.902116], [98.1280073, 13.9021199], [98.1280097, 13.902088], [98.1279537, 13.902084], [98.1279513, 13.902116]]]}}, {"type": "Feature", "properties": {"osm_id": 1566866103, "building": "yes"}, "geometry": {"type": "Polygon", "coordinates": [[[98.1288104, 13.9021805], [98.1288137, 13.9021029], [98.1289371, 13.9021078], [98.1289338, 13.9021854], [98.1288104, 13.9021805]]]}}, {"type": "Feature", "properties": {"osm_id": 1566866104, "building": "yes"}, "geometry": {"type": "Polygon", "coordinates": [[[98.1248011, 13.9230974], [98.1248975, 13.9230324], [98.1248427, 13.9229559], [98.1247463, 13.9230209], [98.1248011, 13.9230974]]]}}, {"type": "Feature", "properties": {"osm_id": 1566866105, "building": "yes"}, "geometry": {"type": "Polygon", "coordinates": [[[98.1281382, 13.9077158], [98.1281386, 13.9076487], [98.1281816, 13.907649], [98.1281812, 13.9077161], [98.1281382, 13.9077158]]]}}, {"type": "Feature", "properties": {"osm_id": 1566866106, "building": "yes"}, "geometry": {"type": "Polygon", "coordinates": [[[98.1276455, 13.9079826], [98.1276384, 13.907957], [98.1276802, 13.9079462], [98.1276873, 13.9079718], [98.1276455, 13.9079826]]]}}, {"type": "Feature", "properties": {"osm_id": 1566866107, "building": "yes"}, "geometry": {"type": "Polygon", "coordinates": [[[98.1296225, 13.9078676], [98.1297161, 13.9078588], [98.1297056, 13.9077531], [98.1296119, 13.9077619], [98.1296225, 13.9078676]]]}}, {"type": "Feature", "properties": {"osm_id": 1566866108, "building": "yes"}, "geometry": {"type": "Polygon", "coordinates": [[[98.1292723, 13.9056382], [98.1292777, 13.9055959], [98.129228, 13.90559], [98.1292227, 13.9056324], [98.1292723, 13.9056382]]]}}, {"type": "Feature", "properties": {"osm_id": 1566872024, "building": "yes"}, "geometry": {"type": "Polygon", "coordinates": [[[98.1256574, 13.9449891], [98.1257335, 13.9449916], [98.1257385, 13.944848], [98.1256623, 13.9448456], [98.1256574, 13.9449891]]]}}, {"type": "Feature", "properties": {"osm_id": 1566872025, "building": "yes"}, "geometry": {"type": "Polygon", "coordinates": [[[98.1252299, 13.9449273], [98.1252857, 13.9449277], [98.1252864, 13.9448205], [98.1252306, 13.9448201], [98.1252299, 13.9449273]]]}}, {"type": "Feature", "properties": {"osm_id": 1566872026, "building": "yes"}, "geometry": {"type": "Polygon", "coordinates": [[[98.1249988, 13.9448727], [98.1250653, 13.9448752], [98.1250697, 13.9447664], [98.1250032, 13.9447639], [98.1249988, 13.9448727]]]}}, {"type": "Feature", "properties": {"osm_id": 1566872027, "building": "yes"}, "geometry": {"type": "Polygon", "coordinates": [[[98.1248937, 13.9448943], [98.1249386, 13.9448974], [98.1249477, 13.9447742], [98.1249028, 13.9447711], [98.1248937, 13.9448943]]]}}, {"type": "Feature", "properties": {"osm_id": 1566872028, "building": "yes"}, "geometry": {"type": "Polygon", "coordinates": [[[98.1248215, 13.9448557], [98.1248507, 13.9448589], [98.1248608, 13.9447733], [98.1248315, 13.9447701], [98.1248215, 13.9448557]]]}}, {"type": "Feature", "properties": {"osm_id": 1566872029, "building": "yes"}, "geometry": {"type": "Polygon", "coordinates": [[[98.125104, 13.9450224], [98.1251417, 13.9450275], [98.1251497, 13.9449721], [98.1251121, 13.944967], [98.125104, 13.9450224]]]}}, {"type": "Feature", "properties": {"osm_id": 1566872030, "building": "yes"}, "geometry": {"type": "Polygon", "coordinates": [[[98.1252208, 13.9450233], [98.1252518, 13.94502], [98.125248, 13.944986], [98.1252158, 13.9449787], [98.1252208, 13.9450233]]]}}, {"type": "Feature", "properties": {"osm_id": 1566872033, "building": "yes"}, "geometry": {"type": "Polygon", "coordinates": [[[98.1241703, 13.9447705], [98.1241818, 13.9446464], [98.1242458, 13.944652], [98.1242344, 13.9447761], [98.1241703, 13.9447705]]]}}, {"type": "Feature", "properties": {"osm_id": 1566872035, "building": "yes"}, "geometry": {"type": "Polygon", "coordinates": [[[98.1242283, 13.9449032], [98.1242567, 13.9449049], [98.1242603, 13.944847], [98.124232, 13.9448453], [98.1242283, 13.9449032]]]}}, {"type": "Feature", "properties": {"osm_id": 1566872036, "building": "yes"}, "geometry": {"type": "Polygon", "coordinates": [[[98.1221452, 13.945012], [98.1222004, 13.9450216], [98.1222094, 13.9449726], [98.1221666, 13.9449652], [98.1221452, 13.945012]]]}}]}