{
"type": "FeatureCollection",
"name": "buildings",
"crs": { "type": "name", "properties": { "name": "urn:ogc:def:crs:OGC:1.3:CRS84" } },
"features": [
{ "type": "Feature", "properties": { "bid": "KDG-B0000", "source": "OSM", "src_id": "582862266", "area_m2": 91.2, "overlap": 0.0, "overlap_outwash": 0.0, "dist_m": 515.2, "landslide": "", "f_veg": 0.154, "f_soil": 0.31, "f_grey": 0.521, "f_dark": 0.014, "status": "clear", "status_auto": "clear", "note": "", "reach": "" }, "geometry": { "type": "Polygon", "coordinates": [ [ [ 98.1505801, 13.8786224 ], [ 98.1505834, 13.878678 ], [ 98.1507202, 13.8786702 ], [ 98.1507169, 13.8786146 ], [ 98.1505801, 13.8786224 ] ] ] } },
{ "type": "Feature", "properties": { "bid": "KDG-B0001", "source": "OSM", "src_id": "582862267", "area_m2": 123.2, "overlap": 0.0, "overlap_outwash": 0.0, "dist_m": 501.6, "landslide": "", "f_veg": 0.383, "f_soil": 0.191, "f_grey": 0.409, "f_dark": 0.017, "status": "clear", "status_auto": "clear", "note": "", "reach": "" }, "geometry": { "type": "Polygon", "coordinates": [ [ [ 98.1507021, 13.8785013 ], [ 98.1507786, 13.8785039 ], [ 98.1507834, 13.8783692 ], [ 98.150707, 13.8783666 ], [ 98.1507021, 13.8785013 ] ] ] } },
{ "type": "Feature", "properties": { "bid": "KDG-B0002", "source": "OSM", "src_id": "582862268", "area_m2": 133.0, "overlap": 0.0, "overlap_outwash": 0.0, "dist_m": 474.2, "landslide": "", "f_veg": 0.18, "f_soil": 0.314, "f_grey": 0.495, "f_dark": 0.011, "status": "clear", "status_auto": "clear", "note": "", "reach": "" }, "geometry": { "type": "Polygon", "coordinates": [ [ [ 98.150847, 13.8781446 ], [ 98.150969, 13.8781432 ], [ 98.150968, 13.8780521 ], [ 98.1508459, 13.8780534 ], [ 98.150847, 13.8781446 ] ] ] } },
{ "type": "Feature", "properties": { "bid": "KDG-B0003", "source": "OSM", "src_id": "582862269", "area_m2": 45.8, "overlap": 0.0, "overlap_outwash": 0.0, "dist_m": 474.7, "landslide": "", "f_veg": 0.578, "f_soil": 0.093, "f_grey": 0.328, "f_dark": 0.002, "status": "clear", "status_auto": "clear", "note": "", "reach": "" }, "geometry": { "type": "Polygon", "coordinates": [ [ [ 98.1504782, 13.8782383 ], [ 98.150546500000019, 13.8782344 ], [ 98.1505432, 13.8781785 ], [ 98.1504748, 13.8781824 ], [ 98.1504782, 13.8782383 ] ] ] } },
{ "type": "Feature", "properties": { "bid": "KDG-B0004", "source": "OSM", "src_id": "582862270", "area_m2": 168.8, "overlap": 0.0, "overlap_outwash": 0.0, "dist_m": 446.4, "landslide": "", "f_veg": 0.309, "f_soil": 0.033, "f_grey": 0.629, "f_dark": 0.028, "status": "clear", "status_auto": "clear", "note": "", "reach": "" }, "geometry": { "type": "Polygon", "coordinates": [ [ [ 98.150446, 13.8780482 ], [ 98.15056, 13.8780456 ], [ 98.150557, 13.8779218 ], [ 98.150443, 13.8779244 ], [ 98.150446, 13.8780482 ] ] ] } },
{ "type": "Feature", "properties": { "bid": "KDG-B0005", "source": "OSM", "src_id": "582862271", "area_m2": 145.3, "overlap": 0.0, "overlap_outwash": 0.0, "dist_m": 471.9, "landslide": "", "f_veg": 0.072, "f_soil": 0.099, "f_grey": 0.824, "f_dark": 0.005, "status": "clear", "status_auto": "clear", "note": "", "reach": "" }, "geometry": { "type": "Polygon", "coordinates": [ [ [ 98.1506605, 13.8781888 ], [ 98.150796, 13.8781836 ], [ 98.1507923, 13.878094 ], [ 98.1506569, 13.8780992 ], [ 98.1506605, 13.8781888 ] ] ] } },
{ "type": "Feature", "properties": { "bid": "KDG-B0006", "source": "OSM", "src_id": "582862272", "area_m2": 198.1, "overlap": 0.0, "overlap_outwash": 0.0, "dist_m": 453.0, "landslide": "", "f_veg": 0.234, "f_soil": 0.304, "f_grey": 0.44, "f_dark": 0.022, "status": "clear", "status_auto": "clear", "note": "", "reach": "" }, "geometry": { "type": "Polygon", "coordinates": [ [ [ 98.1505948, 13.8779401 ], [ 98.1505928, 13.8780494 ], [ 98.1507444, 13.878052 ], [ 98.1507464, 13.8779427 ], [ 98.1505948, 13.8779401 ] ] ] } },
{ "type": "Feature", "properties": { "bid": "KDG-B0007", "source": "OSM", "src_id": "582862273", "area_m2": 146.1, "overlap": 0.0, "overlap_outwash": 0.0, "dist_m": 439.6, "landslide": "", "f_veg": 0.238, "f_soil": 0.108, "f_grey": 0.625, "f_dark": 0.029, "status": "clear", "status_auto": "clear", "note": "", "reach": "" }, "geometry": { "type": "Polygon", "coordinates": [ [ [ 98.150573400000013, 13.8778191 ], [ 98.150573400000013, 13.8778998 ], [ 98.150724900000014, 13.8778998 ], [ 98.150724900000014, 13.8778191 ], [ 98.150573400000013, 13.8778191 ] ] ] } },
{ "type": "Feature", "properties": { "bid": "KDG-B0008", "source": "OSM", "src_id": "582862274", "area_m2": 122.0, "overlap": 0.0, "overlap_outwash": 0.0, "dist_m": 381.4, "landslide": "", "f_veg": 0.522, "f_soil": 0.112, "f_grey": 0.357, "f_dark": 0.008, "status": "clear", "status_auto": "clear", "note": "", "reach": "" }, "geometry": { "type": "Polygon", "coordinates": [ [ [ 98.150176400000021, 13.8774727 ], [ 98.1502971, 13.8774727 ], [ 98.1502971, 13.8773881 ], [ 98.150176400000021, 13.8773881 ], [ 98.150176400000021, 13.8774727 ] ] ] } },
{ "type": "Feature", "properties": { "bid": "KDG-B0009", "source": "OSM", "src_id": "582862275", "area_m2": 105.2, "overlap": 0.0, "overlap_outwash": 0.0, "dist_m": 377.2, "landslide": "", "f_veg": 0.467, "f_soil": 0.257, "f_grey": 0.266, "f_dark": 0.01, "status": "clear", "status_auto": "clear", "note": "", "reach": "" }, "geometry": { "type": "Polygon", "coordinates": [ [ [ 98.1504714, 13.8773087 ], [ 98.1506364, 13.8772996 ], [ 98.1506333, 13.8772464 ], [ 98.1504683, 13.8772556 ], [ 98.1504714, 13.8773087 ] ] ] } },
{ "type": "Feature", "properties": { "bid": "KDG-B0010", "source": "OSM", "src_id": "582862276", "area_m2": 158.9, "overlap": 0.0, "overlap_outwash": 0.0, "dist_m": 407.2, "landslide": "", "f_veg": 0.104, "f_soil": 0.025, "f_grey": 0.854, "f_dark": 0.017, "status": "clear", "status_auto": "clear", "note": "", "reach": "" }, "geometry": { "type": "Polygon", "coordinates": [ [ [ 98.1505653, 13.8776068 ], [ 98.1507061, 13.8775925 ], [ 98.1506961, 13.8774991 ], [ 98.1505552, 13.8775134 ], [ 98.1505653, 13.8776068 ] ] ] } },
{ "type": "Feature", "properties": { "bid": "KDG-B0011", "source": "OSM", "src_id": "582862277", "area_m2": 74.4, "overlap": 0.0, "overlap_outwash": 0.0, "dist_m": 387.3, "landslide": "", "f_veg": 0.28, "f_soil": 0.67, "f_grey": 0.05, "f_dark": 0.0, "status": "clear", "status_auto": "clear", "note": "", "reach": "" }, "geometry": { "type": "Polygon", "coordinates": [ [ [ 98.150501, 13.8773412 ], [ 98.1504988, 13.8773786 ], [ 98.1506651, 13.8773877 ], [ 98.1506672, 13.8773504 ], [ 98.150501, 13.8773412 ] ] ] } },
{ "type": "Feature", "properties": { "bid": "KDG-B0012", "source": "OSM", "src_id": "582862278", "area_m2": 172.4, "overlap": 0.0, "overlap_outwash": 0.0, "dist_m": 394.9, "landslide": "", "f_veg": 0.747, "f_soil": 0.088, "f_grey": 0.155, "f_dark": 0.011, "status": "clear", "status_auto": "clear", "note": "", "reach": "" }, "geometry": { "type": "Polygon", "coordinates": [ [ [ 98.150506300000018, 13.8774936 ], [ 98.1506887, 13.8774806 ], [ 98.1506827, 13.8774019 ], [ 98.1505004, 13.8774149 ], [ 98.150506300000018, 13.8774936 ] ] ] } },
{ "type": "Feature", "properties": { "bid": "KDG-B0013", "source": "OSM", "src_id": "582862279", "area_m2": 90.8, "overlap": 0.0, "overlap_outwash": 0.0, "dist_m": 368.8, "landslide": "", "f_veg": 0.071, "f_soil": 0.116, "f_grey": 0.772, "f_dark": 0.04, "status": "clear", "status_auto": "clear", "note": "", "reach": "" }, "geometry": { "type": "Polygon", "coordinates": [ [ [ 98.1505211, 13.8772241 ], [ 98.1506324, 13.8772202 ], [ 98.1506298, 13.877152 ], [ 98.1505185, 13.8771559 ], [ 98.1505211, 13.8772241 ] ] ] } },
{ "type": "Feature", "properties": { "bid": "KDG-B0014", "source": "OSM", "src_id": "582862280", "area_m2": 238.8, "overlap": 0.0, "overlap_outwash": 0.0, "dist_m": 359.9, "landslide": "", "f_veg": 0.768, "f_soil": 0.212, "f_grey": 0.019, "f_dark": 0.0, "status": "clear", "status_auto": "clear", "note": "", "reach": "" }, "geometry": { "type": "Polygon", "coordinates": [ [ [ 98.150678, 13.8771303 ], [ 98.1508376, 13.8771069 ], [ 98.1508185, 13.8769845 ], [ 98.1506589, 13.8770079 ], [ 98.150678, 13.8771303 ] ] ] } },
{ "type": "Feature", "properties": { "bid": "KDG-B0015", "source": "OSM", "src_id": "582862281", "area_m2": 140.2, "overlap": 0.0, "overlap_outwash": 0.0, "dist_m": 395.9, "landslide": "", "f_veg": 0.013, "f_soil": 0.172, "f_grey": 0.799, "f_dark": 0.016, "status": "clear", "status_auto": "clear", "note": "", "reach": "" }, "geometry": { "type": "Polygon", "coordinates": [ [ [ 98.1509703, 13.8773074 ], [ 98.1511125, 13.8772801 ], [ 98.1510963, 13.8772007 ], [ 98.1509541, 13.877228 ], [ 98.1509703, 13.8773074 ] ] ] } },
{ "type": "Feature", "properties": { "bid": "KDG-B0016", "source": "OSM", "src_id": "582862282", "area_m2": 108.2, "overlap": 0.0, "overlap_outwash": 0.0, "dist_m": 407.5, "landslide": "", "f_veg": 0.295, "f_soil": 0.031, "f_grey": 0.647, "f_dark": 0.026, "status": "clear", "status_auto": "clear", "note": "", "reach": "" }, "geometry": { "type": "Polygon", "coordinates": [ [ [ 98.1509677, 13.8774115 ], [ 98.1510977, 13.8773946 ], [ 98.1510883, 13.8773262 ], [ 98.1509582, 13.8773432 ], [ 98.1509677, 13.8774115 ] ] ] } },
{ "type": "Feature", "properties": { "bid": "KDG-B0017", "source": "OSM", "src_id": "582862283", "area_m2": 104.5, "overlap": 0.0, "overlap_outwash": 0.0, "dist_m": 403.0, "landslide": "", "f_veg": 0.496, "f_soil": 0.351, "f_grey": 0.144, "f_dark": 0.01, "status": "clear", "status_auto": "clear", "note": "", "reach": "" }, "geometry": { "type": "Polygon", "coordinates": [ [ [ 98.1508027, 13.8774558 ], [ 98.15091, 13.877448 ], [ 98.1509037, 13.877367 ], [ 98.1507964, 13.8773748 ], [ 98.1508027, 13.8774558 ] ] ] } },
{ "type": "Feature", "properties": { "bid": "KDG-B0018", "source": "OSM", "src_id": "582862284", "area_m2": 104.9, "overlap": 0.0, "overlap_outwash": 0.0, "dist_m": 421.6, "landslide": "", "f_veg": 0.301, "f_soil": 0.469, "f_grey": 0.206, "f_dark": 0.023, "status": "clear", "status_auto": "clear", "note": "", "reach": "" }, "geometry": { "type": "Polygon", "coordinates": [ [ [ 98.1508107, 13.8775535 ], [ 98.1508235, 13.8776284 ], [ 98.1509375, 13.8776102 ], [ 98.1509247, 13.8775352 ], [ 98.1508107, 13.8775535 ] ] ] } },
{ "type": "Feature", "properties": { "bid": "KDG-B0019", "source": "OSM", "src_id": "582862285", "area_m2": 110.3, "overlap": 0.0, "overlap_outwash": 0.0, "dist_m": 431.4, "landslide": "", "f_veg": 0.266, "f_soil": 0.191, "f_grey": 0.523, "f_dark": 0.019, "status": "clear", "status_auto": "clear", "note": "", "reach": "" }, "geometry": { "type": "Polygon", "coordinates": [ [ [ 98.1508537, 13.8777045 ], [ 98.1509851, 13.8776876 ], [ 98.1509757, 13.8776186 ], [ 98.1508442, 13.8776355 ], [ 98.1508537, 13.8777045 ] ] ] } },
{ "type": "Feature", "properties": { "bid": "KDG-B0020", "source": "OSM", "src_id": "582862286", "area_m2": 128.1, "overlap": 0.0, "overlap_outwash": 0.0, "dist_m": 454.1, "landslide": "", "f_veg": 0.244, "f_soil": 0.027, "f_grey": 0.722, "f_dark": 0.007, "status": "clear", "status_auto": "clear", "note": "", "reach": "" }, "geometry": { "type": "Polygon", "coordinates": [ [ [ 98.1510615, 13.8778451 ], [ 98.151197, 13.8778373 ], [ 98.1511922, 13.8777585 ], [ 98.1510567, 13.8777663 ], [ 98.1510615, 13.8778451 ] ] ] } },
{ "type": "Feature", "properties": { "bid": "KDG-B0021", "source": "OSM", "src_id": "582862287", "area_m2": 100.9, "overlap": 0.0, "overlap_outwash": 0.0, "dist_m": 444.3, "landslide": "", "f_veg": 0.092, "f_soil": 0.677, "f_grey": 0.227, "f_dark": 0.005, "status": "clear", "status_auto": "clear", "note": "", "reach": "" }, "geometry": { "type": "Polygon", "coordinates": [ [ [ 98.1508523, 13.877823 ], [ 98.1509878, 13.8778139 ], [ 98.1509833, 13.8777518 ], [ 98.1508479, 13.877761 ], [ 98.1508523, 13.877823 ] ] ] } },
{ "type": "Feature", "properties": { "bid": "KDG-B0022", "source": "OSM", "src_id": "582862288", "area_m2": 70.4, "overlap": 0.0, "overlap_outwash": 0.0, "dist_m": 453.7, "landslide": "", "f_veg": 0.307, "f_soil": 0.37, "f_grey": 0.307, "f_dark": 0.015, "status": "clear", "status_auto": "clear", "note": "", "reach": "" }, "geometry": { "type": "Polygon", "coordinates": [ [ [ 98.150848300000021, 13.8778529 ], [ 98.1508501, 13.8779039 ], [ 98.1509655, 13.8779 ], [ 98.150963600000011, 13.877849 ], [ 98.150848300000021, 13.8778529 ] ] ] } },
{ "type": "Feature", "properties": { "bid": "KDG-B0023", "source": "OSM", "src_id": "582862289", "area_m2": 119.7, "overlap": 0.0, "overlap_outwash": 0.0, "dist_m": 465.2, "landslide": "", "f_veg": 0.262, "f_soil": 0.131, "f_grey": 0.58, "f_dark": 0.027, "status": "clear", "status_auto": "clear", "note": "", "reach": "" }, "geometry": { "type": "Polygon", "coordinates": [ [ [ 98.1509663, 13.8780131 ], [ 98.1510736, 13.8780039 ], [ 98.1510653, 13.8779113 ], [ 98.150958, 13.8779204 ], [ 98.1509663, 13.8780131 ] ] ] } },
{ "type": "Feature", "properties": { "bid": "KDG-B0024", "source": "OSM", "src_id": "582862290", "area_m2": 52.6, "overlap": 0.0, "overlap_outwash": 0.0, "dist_m": 466.0, "landslide": "", "f_veg": 0.04, "f_soil": 0.081, "f_grey": 0.824, "f_dark": 0.055, "status": "clear", "status_auto": "clear", "note": "", "reach": "" }, "geometry": { "type": "Polygon", "coordinates": [ [ [ 98.1510817, 13.8779688 ], [ 98.1511286, 13.8779675 ], [ 98.1511258, 13.8778738 ], [ 98.1510789, 13.8778751 ], [ 98.1510817, 13.8779688 ] ] ] } },
{ "type": "Feature", "properties": { "bid": "KDG-B0025", "source": "OSM", "src_id": "582862291", "area_m2": 109.0, "overlap": 0.0, "overlap_outwash": 0.0, "dist_m": 468.8, "landslide": "", "f_veg": 0.0, "f_soil": 0.016, "f_grey": 0.981, "f_dark": 0.002, "status": "clear", "status_auto": "clear", "note": "", "reach": "" }, "geometry": { "type": "Polygon", "coordinates": [ [ [ 98.1511407, 13.8779948 ], [ 98.1512158, 13.8779961 ], [ 98.151218, 13.8778747 ], [ 98.1511429, 13.8778734 ], [ 98.1511407, 13.8779948 ] ] ] } },
{ "type": "Feature", "properties": { "bid": "KDG-B0026", "source": "OSM", "src_id": "582862292", "area_m2": 70.0, "overlap": 0.0, "overlap_outwash": 0.0, "dist_m": 482.1, "landslide": "", "f_veg": 0.329, "f_soil": 0.119, "f_grey": 0.507, "f_dark": 0.045, "status": "clear", "status_auto": "clear", "note": "", "reach": "" }, "geometry": { "type": "Polygon", "coordinates": [ [ [ 98.1512493, 13.878043 ], [ 98.1513177, 13.8780404 ], [ 98.1513142, 13.8779549 ], [ 98.1512458, 13.8779575 ], [ 98.1512493, 13.878043 ] ] ] } },
{ "type": "Feature", "properties": { "bid": "KDG-B0027", "source": "OSM", "src_id": "582862293", "area_m2": 71.2, "overlap": 0.0, "overlap_outwash": 0.0, "dist_m": 481.1, "landslide": "", "f_veg": 0.135, "f_soil": 0.419, "f_grey": 0.352, "f_dark": 0.093, "status": "clear", "status_auto": "clear", "note": "", "reach": "" }, "geometry": { "type": "Polygon", "coordinates": [ [ [ 98.1510025, 13.8781576 ], [ 98.1510642, 13.8781537 ], [ 98.1510578, 13.8780575 ], [ 98.1509961, 13.8780614 ], [ 98.1510025, 13.8781576 ] ] ] } },
{ "type": "Feature", "properties": { "bid": "KDG-B0028", "source": "OSM", "src_id": "582862294", "area_m2": 129.7, "overlap": 0.0, "overlap_outwash": 0.0, "dist_m": 493.9, "landslide": "", "f_veg": 0.872, "f_soil": 0.071, "f_grey": 0.054, "f_dark": 0.003, "status": "clear", "status_auto": "clear", "note": "", "reach": "" }, "geometry": { "type": "Polygon", "coordinates": [ [ [ 98.1508926, 13.8783372 ], [ 98.1509931, 13.878332 ], [ 98.1509872, 13.8782244 ], [ 98.1508866, 13.8782296 ], [ 98.1508926, 13.8783372 ] ] ] } },
{ "type": "Feature", "properties": { "bid": "KDG-B0029", "source": "OSM", "src_id": "582862295", "area_m2": 218.1, "overlap": 0.0, "overlap_outwash": 0.0, "dist_m": 501.5, "landslide": "", "f_veg": 0.436, "f_soil": 0.141, "f_grey": 0.41, "f_dark": 0.013, "status": "clear", "status_auto": "clear", "note": "", "reach": "" }, "geometry": { "type": "Polygon", "coordinates": [ [ [ 98.1510495, 13.8784062 ], [ 98.151158100000018, 13.8784075 ], [ 98.1511602, 13.8782395 ], [ 98.151051600000017, 13.8782382 ], [ 98.1510495, 13.8784062 ] ] ] } },
{ "type": "Feature", "properties": { "bid": "KDG-B0030", "source": "OSM", "src_id": "582862296", "area_m2": 111.1, "overlap": 0.0, "overlap_outwash": 0.0, "dist_m": 486.9, "landslide": "", "f_veg": 0.375, "f_soil": 0.036, "f_grey": 0.555, "f_dark": 0.033, "status": "clear", "status_auto": "clear", "note": "", "reach": "" }, "geometry": { "type": "Polygon", "coordinates": [ [ [ 98.1511205, 13.8781732 ], [ 98.1512037, 13.8781771 ], [ 98.1512092, 13.8780656 ], [ 98.1511261, 13.8780617 ], [ 98.1511205, 13.8781732 ] ] ] } },
{ "type": "Feature", "properties": { "bid": "KDG-B0031", "source": "OSM", "src_id": "582862297", "area_m2": 124.1, "overlap": 0.0, "overlap_outwash": 0.0, "dist_m": 432.1, "landslide": "", "f_veg": 0.095, "f_soil": 0.085, "f_grey": 0.805, "f_dark": 0.015, "status": "clear", "status_auto": "clear", "note": "", "reach": "" }, "geometry": { "type": "Polygon", "coordinates": [ [ [ 98.1512681, 13.8775105 ], [ 98.1514035, 13.8775014 ], [ 98.1513981, 13.8774251 ], [ 98.1512626, 13.8774342 ], [ 98.1512681, 13.8775105 ] ] ] } },
{ "type": "Feature", "properties": { "bid": "KDG-B0032", "source": "OSM", "src_id": "582862298", "area_m2": 67.6, "overlap": 0.0, "overlap_outwash": 0.0, "dist_m": 453.4, "landslide": "", "f_veg": 0.213, "f_soil": 0.005, "f_grey": 0.769, "f_dark": 0.013, "status": "clear", "status_auto": "clear", "note": "", "reach": "" }, "geometry": { "type": "Polygon", "coordinates": [ [ [ 98.1514129, 13.8776511 ], [ 98.1514867, 13.8776459 ], [ 98.1514809, 13.8775696 ], [ 98.1514072, 13.8775748 ], [ 98.1514129, 13.8776511 ] ] ] } },
{ "type": "Feature", "properties": { "bid": "KDG-B0033", "source": "OSM", "src_id": "582862299", "area_m2": 106.3, "overlap": 0.0, "overlap_outwash": 0.0, "dist_m": 445.7, "landslide": "", "f_veg": 0.525, "f_soil": 0.264, "f_grey": 0.206, "f_dark": 0.005, "status": "clear", "status_auto": "clear", "note": "", "reach": "" }, "geometry": { "type": "Polygon", "coordinates": [ [ [ 98.1512332, 13.8776706 ], [ 98.1513472, 13.877668 ], [ 98.1513453, 13.87759 ], [ 98.1512313, 13.8775926 ], [ 98.1512332, 13.8776706 ] ] ] } },
{ "type": "Feature", "properties": { "bid": "KDG-B0034", "source": "OSM", "src_id": "582862300", "area_m2": 93.5, "overlap": 0.0, "overlap_outwash": 0.0, "dist_m": 460.7, "landslide": "", "f_veg": 0.208, "f_soil": 0.084, "f_grey": 0.673, "f_dark": 0.035, "status": "clear", "status_auto": "clear", "note": "", "reach": "" }, "geometry": { "type": "Polygon", "coordinates": [ [ [ 98.1512426, 13.8778256 ], [ 98.1513378, 13.8778191 ], [ 98.1513319, 13.8777373 ], [ 98.1512367, 13.8777438 ], [ 98.1512426, 13.8778256 ] ] ] } },
{ "type": "Feature", "properties": { "bid": "KDG-B0035", "source": "OSM", "src_id": "582862301", "area_m2": 88.9, "overlap": 0.0, "overlap_outwash": 0.0, "dist_m": 465.2, "landslide": "", "f_veg": 0.075, "f_soil": 0.326, "f_grey": 0.58, "f_dark": 0.02, "status": "clear", "status_auto": "clear", "note": "", "reach": "" }, "geometry": { "type": "Polygon", "coordinates": [ [ [ 98.1513861, 13.8777917 ], [ 98.15148, 13.8777878 ], [ 98.1514765, 13.8777087 ], [ 98.1513826, 13.8777126 ], [ 98.1513861, 13.8777917 ] ] ] } },
{ "type": "Feature", "properties": { "bid": "KDG-B0036", "source": "OSM", "src_id": "582862302", "area_m2": 98.8, "overlap": 0.0, "overlap_outwash": 0.0, "dist_m": 477.7, "landslide": "", "f_veg": 0.486, "f_soil": 0.018, "f_grey": 0.49, "f_dark": 0.006, "status": "clear", "status_auto": "clear", "note": "", "reach": "" }, "geometry": { "type": "Polygon", "coordinates": [ [ [ 98.151595300000011, 13.8777956 ], [ 98.151712, 13.8777709 ], [ 98.1516968, 13.8777033 ], [ 98.1515801, 13.877728 ], [ 98.151595300000011, 13.8777956 ] ] ] } },
{ "type": "Feature", "properties": { "bid": "KDG-B0037", "source": "OSM", "src_id": "582862303", "area_m2": 123.3, "overlap": 0.0, "overlap_outwash": 0.0, "dist_m": 484.0, "landslide": "", "f_veg": 0.448, "f_soil": 0.038, "f_grey": 0.497, "f_dark": 0.017, "status": "clear", "status_auto": "clear", "note": "", "reach": "" }, "geometry": { "type": "Polygon", "coordinates": [ [ [ 98.1514022, 13.8778959 ], [ 98.1514095, 13.8779632 ], [ 98.1515611, 13.8779476 ], [ 98.1515537, 13.8778803 ], [ 98.1514022, 13.8778959 ] ] ] } },
{ "type": "Feature", "properties": { "bid": "KDG-B0038", "source": "OSM", "src_id": "582862304", "area_m2": 191.8, "overlap": 0.0, "overlap_outwash": 0.0, "dist_m": 494.3, "landslide": "", "f_veg": 0.128, "f_soil": 0.202, "f_grey": 0.65, "f_dark": 0.02, "status": "clear", "status_auto": "clear", "note": "", "reach": "" }, "geometry": { "type": "Polygon", "coordinates": [ [ [ 98.1514572, 13.8780951 ], [ 98.1515926, 13.878086 ], [ 98.1515842, 13.8779681 ], [ 98.1514487, 13.8779772 ], [ 98.1514572, 13.8780951 ] ] ] } },
{ "type": "Feature", "properties": { "bid": "KDG-B0039", "source": "OSM", "src_id": "582862305", "area_m2": 124.8, "overlap": 0.0, "overlap_outwash": 0.0, "dist_m": 502.6, "landslide": "", "f_veg": 0.815, "f_soil": 0.093, "f_grey": 0.092, "f_dark": 0.0, "status": "clear", "status_auto": "clear", "note": "", "reach": "" }, "geometry": { "type": "Polygon", "coordinates": [ [ [ 98.1513123, 13.8782344 ], [ 98.1514129, 13.878237 ], [ 98.1514158, 13.8781333 ], [ 98.1513152, 13.8781307 ], [ 98.1513123, 13.8782344 ] ] ] } },
{ "type": "Feature", "properties": { "bid": "KDG-B0040", "source": "OSM", "src_id": "582862306", "area_m2": 125.4, "overlap": 0.0, "overlap_outwash": 0.0, "dist_m": 522.2, "landslide": "", "f_veg": 0.459, "f_soil": 0.082, "f_grey": 0.423, "f_dark": 0.036, "status": "clear", "status_auto": "clear", "note": "", "reach": "" }, "geometry": { "type": "Polygon", "coordinates": [ [ [ 98.1512144, 13.8784961 ], [ 98.1512909, 13.8785091 ], [ 98.1513149, 13.878376 ], [ 98.151238500000019, 13.878363 ], [ 98.1512144, 13.8784961 ] ] ] } },
{ "type": "Feature", "properties": { "bid": "KDG-B0041", "source": "OSM", "src_id": "582862307", "area_m2": 149.5, "overlap": 0.0, "overlap_outwash": 0.0, "dist_m": 522.0, "landslide": "", "f_veg": 0.25, "f_soil": 0.515, "f_grey": 0.234, "f_dark": 0.001, "status": "clear", "status_auto": "clear", "note": "", "reach": "" }, "geometry": { "type": "Polygon", "coordinates": [ [ [ 98.1513526, 13.8784388 ], [ 98.1514531, 13.8784219 ], [ 98.1514316, 13.8783011 ], [ 98.151331, 13.8783181 ], [ 98.1513526, 13.8784388 ] ] ] } },
{ "type": "Feature", "properties": { "bid": "KDG-B0042", "source": "OSM", "src_id": "582862308", "area_m2": 141.1, "overlap": 0.0, "overlap_outwash": 0.0, "dist_m": 540.8, "landslide": "", "f_veg": 0.508, "f_soil": 0.405, "f_grey": 0.065, "f_dark": 0.022, "status": "clear", "status_auto": "clear", "note": "", "reach": "" }, "geometry": { "type": "Polygon", "coordinates": [ [ [ 98.1514075, 13.8786771 ], [ 98.1514679, 13.8786666 ], [ 98.1514332, 13.8784772 ], [ 98.1513728, 13.8784876 ], [ 98.1514075, 13.8786771 ] ] ] } },
{ "type": "Feature", "properties": { "bid": "KDG-B0043", "source": "OSM", "src_id": "582862309", "area_m2": 88.3, "overlap": 0.0, "overlap_outwash": 0.0, "dist_m": 557.9, "landslide": "", "f_veg": 0.791, "f_soil": 0.047, "f_grey": 0.162, "f_dark": 0.0, "status": "clear", "status_auto": "clear", "note": "", "reach": "" }, "geometry": { "type": "Polygon", "coordinates": [ [ [ 98.151492, 13.8786901 ], [ 98.1515725, 13.8786966 ], [ 98.1515803, 13.8786054 ], [ 98.1514999, 13.8785989 ], [ 98.151492, 13.8786901 ] ] ] } },
{ "type": "Feature", "properties": { "bid": "KDG-B0044", "source": "OSM", "src_id": "582862310", "area_m2": 62.2, "overlap": 0.0, "overlap_outwash": 0.0, "dist_m": 579.2, "landslide": "", "f_veg": 0.901, "f_soil": 0.093, "f_grey": 0.005, "f_dark": 0.001, "status": "clear", "status_auto": "clear", "note": "", "reach": "" }, "geometry": { "type": "Polygon", "coordinates": [ [ [ 98.1516469, 13.878817 ], [ 98.1517033, 13.878832 ], [ 98.1517275, 13.8787461 ], [ 98.1516711, 13.8787311 ], [ 98.1516469, 13.878817 ] ] ] } },
{ "type": "Feature", "properties": { "bid": "KDG-B0045", "source": "OSM", "src_id": "582862311", "area_m2": 121.8, "overlap": 0.0, "overlap_outwash": 0.0, "dist_m": 589.3, "landslide": "", "f_veg": 0.592, "f_soil": 0.221, "f_grey": 0.181, "f_dark": 0.005, "status": "clear", "status_auto": "clear", "note": "", "reach": "" }, "geometry": { "type": "Polygon", "coordinates": [ [ [ 98.151767, 13.878899 ], [ 98.1518541, 13.8789036 ], [ 98.1518606, 13.878787 ], [ 98.1517734, 13.8787824 ], [ 98.151767, 13.878899 ] ] ] } },
{ "type": "Feature", "properties": { "bid": "KDG-B0046", "source": "OSM", "src_id": "582862312", "area_m2": 144.9, "overlap": 0.0, "overlap_outwash": 0.0, "dist_m": 597.9, "landslide": "", "f_veg": 0.398, "f_soil": 0.257, "f_grey": 0.276, "f_dark": 0.069, "status": "clear", "status_auto": "clear", "note": "", "reach": "" }, "geometry": { "type": "Polygon", "coordinates": [ [ [ 98.1518615, 13.8789361 ], [ 98.1519594, 13.8789498 ], [ 98.1519774, 13.8788284 ], [ 98.1518795, 13.8788148 ], [ 98.1518615, 13.8789361 ] ] ] } },
{ "type": "Feature", "properties": { "bid": "KDG-B0047", "source": "OSM", "src_id": "582862313", "area_m2": 57.5, "overlap": null, "overlap_outwash": null, "dist_m": null, "landslide": null, "f_veg": null, "f_soil": null, "f_grey": null, "f_dark": null, "status": "not_surveyed", "status_auto": "not_surveyed", "note": "", "reach": "" }, "geometry": { "type": "Polygon", "coordinates": [ [ [ 98.1520459, 13.8789042 ], [ 98.1521223, 13.878899 ], [ 98.1521178, 13.8788363 ], [ 98.1520414, 13.8788415 ], [ 98.1520459, 13.8789042 ] ] ] } },
{ "type": "Feature", "properties": { "bid": "KDG-B0048", "source": "OSM", "src_id": "582862314", "area_m2": 116.4, "overlap": null, "overlap_outwash": null, "dist_m": null, "landslide": null, "f_veg": null, "f_soil": null, "f_grey": null, "f_dark": null, "status": "not_surveyed", "status_auto": "not_surveyed", "note": "", "reach": "" }, "geometry": { "type": "Polygon", "coordinates": [ [ [ 98.1521612, 13.8786432 ], [ 98.1522477, 13.8786432 ], [ 98.1522477, 13.8785306 ], [ 98.1521612, 13.8785306 ], [ 98.1521612, 13.8786432 ] ] ] } },
{ "type": "Feature", "properties": { "bid": "KDG-B0049", "source": "OSM", "src_id": "582862315", "area_m2": 87.9, "overlap": null, "overlap_outwash": null, "dist_m": null, "landslide": null, "f_veg": null, "f_soil": null, "f_grey": null, "f_dark": null, "status": "not_surveyed", "status_auto": "not_surveyed", "note": "", "reach": "" }, "geometry": { "type": "Polygon", "coordinates": [ [ [ 98.1522135, 13.8788281 ], [ 98.15229, 13.8788248 ], [ 98.1522857, 13.8787289 ], [ 98.1522092, 13.8787321 ], [ 98.1522135, 13.8788281 ] ] ] } },
{ "type": "Feature", "properties": { "bid": "KDG-B0050", "source": "OSM", "src_id": "582862319", "area_m2": 76.3, "overlap": null, "overlap_outwash": null, "dist_m": null, "landslide": null, "f_veg": null, "f_soil": null, "f_grey": null, "f_dark": null, "status": "not_surveyed", "status_auto": "not_surveyed", "note": "", "reach": "" }, "geometry": { "type": "Polygon", "coordinates": [ [ [ 98.1520828, 13.8790982 ], [ 98.1521458, 13.8790865 ], [ 98.1521265, 13.8789888 ], [ 98.1520635, 13.8790005 ], [ 98.1520828, 13.8790982 ] ] ] } },
{ "type": "Feature", "properties": { "bid": "KDG-B0051", "source": "OSM", "src_id": "582862331", "area_m2": 85.2, "overlap": null, "overlap_outwash": null, "dist_m": null, "landslide": null, "f_veg": null, "f_soil": null, "f_grey": null, "f_dark": null, "status": "not_surveyed", "status_auto": "not_surveyed", "note": "", "reach": "" }, "geometry": { "type": "Polygon", "coordinates": [ [ [ 98.1515691, 13.8797303 ], [ 98.1516261, 13.8797492 ], [ 98.1516655, 13.8796371 ], [ 98.1516085, 13.8796183 ], [ 98.1515691, 13.8797303 ] ] ] } },
{ "type": "Feature", "properties": { "bid": "KDG-B0052", "source": "OSM", "src_id": "582862341", "area_m2": 135.4, "overlap": null, "overlap_outwash": null, "dist_m": null, "landslide": null, "f_veg": null, "f_soil": null, "f_grey": null, "f_dark": null, "status": "not_surveyed", "status_auto": "not_surveyed", "note": "", "reach": "" }, "geometry": { "type": "Polygon", "coordinates": [ [ [ 98.1536043, 13.8776433 ], [ 98.1537276, 13.8775886 ], [ 98.1536919, 13.8775126 ], [ 98.1535685, 13.8775673 ], [ 98.1536043, 13.8776433 ] ] ] } },
{ "type": "Feature", "properties": { "bid": "KDG-B0053", "source": "OSM", "src_id": "582862343", "area_m2": 171.7, "overlap": null, "overlap_outwash": null, "dist_m": null, "landslide": null, "f_veg": null, "f_soil": null, "f_grey": null, "f_dark": null, "status": "not_surveyed", "status_auto": "not_surveyed", "note": "", "reach": "" }, "geometry": { "type": "Polygon", "coordinates": [ [ [ 98.1535801, 13.8770236 ], [ 98.1535759, 13.8771174 ], [ 98.1537288, 13.8771239 ], [ 98.153733, 13.8770301 ], [ 98.1535801, 13.8770236 ] ] ] } },
{ "type": "Feature", "properties": { "bid": "KDG-B0054", "source": "OSM", "src_id": "582862344", "area_m2": 34.4, "overlap": null, "overlap_outwash": null, "dist_m": null, "landslide": null, "f_veg": null, "f_soil": null, "f_grey": null, "f_dark": null, "status": "not_surveyed", "status_auto": "not_surveyed", "note": "", "reach": "" }, "geometry": { "type": "Polygon", "coordinates": [ [ [ 98.1535909, 13.8767749 ], [ 98.153651200000013, 13.876771 ], [ 98.1536479, 13.8767235 ], [ 98.1535876, 13.8767274 ], [ 98.1535909, 13.8767749 ] ] ] } },
{ "type": "Feature", "properties": { "bid": "KDG-B0055", "source": "OSM", "src_id": "582862345", "area_m2": 124.0, "overlap": 0.0, "overlap_outwash": 0.0, "dist_m": 513.8, "landslide": "", "f_veg": 0.528, "f_soil": 0.084, "f_grey": 0.35, "f_dark": 0.037, "status": "clear", "status_auto": "clear", "note": "", "reach": "" }, "geometry": { "type": "Polygon", "coordinates": [ [ [ 98.153412500000016, 13.876715 ], [ 98.1535426, 13.8766955 ], [ 98.1535302, 13.8766176 ], [ 98.1534001, 13.8766371 ], [ 98.153412500000016, 13.876715 ] ] ] } },
{ "type": "Feature", "properties": { "bid": "KDG-B0056", "source": "OSM", "src_id": "582862346", "area_m2": 135.4, "overlap": null, "overlap_outwash": null, "dist_m": null, "landslide": null, "f_veg": null, "f_soil": null, "f_grey": null, "f_dark": null, "status": "not_surveyed", "status_auto": "not_surveyed", "note": "", "reach": "" }, "geometry": { "type": "Polygon", "coordinates": [ [ [ 98.1536378, 13.8769363 ], [ 98.1537853, 13.8769272 ], [ 98.1537803, 13.8768507 ], [ 98.1536328, 13.8768598 ], [ 98.1536378, 13.8769363 ] ] ] } },
{ "type": "Feature", "properties": { "bid": "KDG-B0057", "source": "OSM", "src_id": "582862347", "area_m2": 59.9, "overlap": null, "overlap_outwash": null, "dist_m": null, "landslide": null, "f_veg": null, "f_soil": null, "f_grey": null, "f_dark": null, "status": "not_surveyed", "status_auto": "not_surveyed", "note": "", "reach": "" }, "geometry": { "type": "Polygon", "coordinates": [ [ [ 98.1537437, 13.8767697 ], [ 98.1537474, 13.876827 ], [ 98.1538345, 13.8768218 ], [ 98.1538309, 13.8767645 ], [ 98.1537437, 13.8767697 ] ] ] } },
{ "type": "Feature", "properties": { "bid": "KDG-B0058", "source": "OSM", "src_id": "582862348", "area_m2": 60.7, "overlap": null, "overlap_outwash": null, "dist_m": null, "landslide": null, "f_veg": null, "f_soil": null, "f_grey": null, "f_dark": null, "status": "not_surveyed", "status_auto": "not_surveyed", "note": "", "reach": "" }, "geometry": { "type": "Polygon", "coordinates": [ [ [ 98.153674, 13.876758 ], [ 98.1537692, 13.8767593 ], [ 98.15377, 13.876706 ], [ 98.1536748, 13.8767047 ], [ 98.153674, 13.876758 ] ] ] } },
{ "type": "Feature", "properties": { "bid": "KDG-B0059", "source": "OSM", "src_id": "582862349", "area_m2": 147.7, "overlap": 0.0, "overlap_outwash": 0.0, "dist_m": 378.8, "landslide": "", "f_veg": 0.403, "f_soil": 0.265, "f_grey": 0.302, "f_dark": 0.03, "status": "clear", "status_auto": "clear", "note": "", "reach": "" }, "geometry": { "type": "Polygon", "coordinates": [ [ [ 98.1520674, 13.8763661 ], [ 98.1521653, 13.8763491 ], [ 98.1521428, 13.8762268 ], [ 98.1520449, 13.8762437 ], [ 98.1520674, 13.8763661 ] ] ] } },
{ "type": "Feature", "properties": { "bid": "KDG-B0060", "source": "OSM", "src_id": "582862350", "area_m2": 157.0, "overlap": 0.0, "overlap_outwash": 0.0, "dist_m": 337.6, "landslide": "", "f_veg": 0.26, "f_soil": 0.213, "f_grey": 0.513, "f_dark": 0.014, "status": "clear", "status_auto": "clear", "note": "", "reach": "" }, "geometry": { "type": "Polygon", "coordinates": [ [ [ 98.151889, 13.876038 ], [ 98.1519735, 13.8760367 ], [ 98.1519709, 13.8758812 ], [ 98.1518865, 13.8758825 ], [ 98.151889, 13.876038 ] ] ] } },
{ "type": "Feature", "properties": { "bid": "KDG-B0061", "source": "OSM", "src_id": "582862351", "area_m2": 138.2, "overlap": 0.0, "overlap_outwash": 0.0, "dist_m": 355.5, "landslide": "", "f_veg": 0.982, "f_soil": 0.013, "f_grey": 0.005, "f_dark": 0.0, "status": "clear", "status_auto": "clear", "note": "", "reach": "" }, "geometry": { "type": "Polygon", "coordinates": [ [ [ 98.1520593, 13.8760718 ], [ 98.1521384, 13.8760809 ], [ 98.1521561, 13.8759368 ], [ 98.1520769, 13.8759277 ], [ 98.1520593, 13.8760718 ] ] ] } },
{ "type": "Feature", "properties": { "bid": "KDG-B0062", "source": "OSM", "src_id": "582862352", "area_m2": 148.7, "overlap": 0.0, "overlap_outwash": 0.0, "dist_m": 367.0, "landslide": "", "f_veg": 0.76, "f_soil": 0.001, "f_grey": 0.222, "f_dark": 0.017, "status": "clear", "status_auto": "clear", "note": "", "reach": "" }, "geometry": { "type": "Polygon", "coordinates": [ [ [ 98.1521867, 13.8761617 ], [ 98.1522578, 13.8761526 ], [ 98.1522344, 13.8759806 ], [ 98.1521633, 13.8759897 ], [ 98.1521867, 13.8761617 ] ] ] } },
{ "type": "Feature", "properties": { "bid": "KDG-B0063", "source": "OSM", "src_id": "582862353", "area_m2": 129.4, "overlap": 0.0, "overlap_outwash": 0.0, "dist_m": 374.6, "landslide": "", "f_veg": 0.121, "f_soil": 0.223, "f_grey": 0.61, "f_dark": 0.046, "status": "clear", "status_auto": "clear", "note": "", "reach": "" }, "geometry": { "type": "Polygon", "coordinates": [ [ [ 98.1522712, 13.8761526 ], [ 98.1523383, 13.8761486 ], [ 98.1523283, 13.8759878 ], [ 98.1522613, 13.8759917 ], [ 98.1522712, 13.8761526 ] ] ] } },
{ "type": "Feature", "properties": { "bid": "KDG-B0064", "source": "OSM", "src_id": "582862354", "area_m2": 87.7, "overlap": 0.0, "overlap_outwash": 0.0, "dist_m": 366.8, "landslide": "", "f_veg": 0.148, "f_soil": 0.786, "f_grey": 0.066, "f_dark": 0.0, "status": "clear", "status_auto": "clear", "note": "", "reach": "" }, "geometry": { "type": "Polygon", "coordinates": [ [ [ 98.1524952, 13.8757177 ], [ 98.1525904, 13.875676 ], [ 98.1525607, 13.875612 ], [ 98.1524654, 13.8756536 ], [ 98.1524952, 13.8757177 ] ] ] } },
{ "type": "Feature", "properties": { "bid": "KDG-B0065", "source": "OSM", "src_id": "582862355", "area_m2": 158.9, "overlap": 0.0, "overlap_outwash": 0.0, "dist_m": 359.8, "landslide": "", "f_veg": 0.315, "f_soil": 0.129, "f_grey": 0.493, "f_dark": 0.064, "status": "clear", "status_auto": "clear", "note": "", "reach": "" }, "geometry": { "type": "Polygon", "coordinates": [ [ [ 98.1523021, 13.8758752 ], [ 98.1524, 13.8758804 ], [ 98.1524076, 13.875745 ], [ 98.1523097, 13.8757398 ], [ 98.1523021, 13.8758752 ] ] ] } },
{ "type": "Feature", "properties": { "bid": "KDG-B0066", "source": "OSM", "src_id": "582862356", "area_m2": 144.6, "overlap": 0.0, "overlap_outwash": 0.0, "dist_m": 391.1, "landslide": "", "f_veg": 0.837, "f_soil": 0.117, "f_grey": 0.042, "f_dark": 0.004, "status": "clear", "status_auto": "clear", "note": "", "reach": "" }, "geometry": { "type": "Polygon", "coordinates": [ [ [ 98.1526186, 13.8759534 ], [ 98.1527071, 13.8759547 ], [ 98.1527092, 13.875818 ], [ 98.1526207, 13.8758167 ], [ 98.1526186, 13.8759534 ] ] ] } },
{ "type": "Feature", "properties": { "bid": "KDG-B0067", "source": "OSM", "src_id": "582862357", "area_m2": 158.5, "overlap": 0.0, "overlap_outwash": 0.0, "dist_m": 399.0, "landslide": "", "f_veg": 0.549, "f_soil": 0.176, "f_grey": 0.251, "f_dark": 0.024, "status": "clear", "status_auto": "clear", "note": "", "reach": "" }, "geometry": { "type": "Polygon", "coordinates": [ [ [ 98.1525032, 13.8761734 ], [ 98.1526025, 13.8761864 ], [ 98.1526207, 13.8760552 ], [ 98.1525215, 13.8760422 ], [ 98.1525032, 13.8761734 ] ] ] } },
{ "type": "Feature", "properties": { "bid": "KDG-B0068", "source": "OSM", "src_id": "582862358", "area_m2": 130.6, "overlap": 0.0, "overlap_outwash": 0.0, "dist_m": 414.8, "landslide": "", "f_veg": 0.679, "f_soil": 0.002, "f_grey": 0.314, "f_dark": 0.004, "status": "clear", "status_auto": "clear", "note": "", "reach": "" }, "geometry": { "type": "Polygon", "coordinates": [ [ [ 98.1526695, 13.8762137 ], [ 98.1527553, 13.8762177 ], [ 98.152761500000011, 13.8760906 ], [ 98.1526757, 13.8760867 ], [ 98.1526695, 13.8762137 ] ] ] } },
{ "type": "Feature", "properties": { "bid": "KDG-B0069", "source": "OSM", "src_id": "582862359", "area_m2": 109.9, "overlap": 0.0, "overlap_outwash": 0.0, "dist_m": 457.3, "landslide": "", "f_veg": 0.439, "f_soil": 0.337, "f_grey": 0.218, "f_dark": 0.006, "status": "clear", "status_auto": "clear", "note": "", "reach": "" }, "geometry": { "type": "Polygon", "coordinates": [ [ [ 98.1531697, 13.8762437 ], [ 98.1532489, 13.8762268 ], [ 98.1532237, 13.876116 ], [ 98.1531446, 13.8761329 ], [ 98.1531697, 13.8762437 ] ] ] } },
{ "type": "Feature", "properties": { "bid": "KDG-B0070", "source": "OSM", "src_id": "582862360", "area_m2": 178.9, "overlap": 0.0, "overlap_outwash": 0.0, "dist_m": 464.4, "landslide": "", "f_veg": 0.18, "f_soil": 0.161, "f_grey": 0.654, "f_dark": 0.005, "status": "clear", "status_auto": "clear", "note": "", "reach": "" }, "geometry": { "type": "Polygon", "coordinates": [ [ [ 98.153273, 13.876232 ], [ 98.1533857, 13.8762124 ], [ 98.153362, 13.8760837 ], [ 98.1532493, 13.8761033 ], [ 98.153273, 13.876232 ] ] ] } },
{ "type": "Feature", "properties": { "bid": "KDG-B0071", "source": "OSM", "src_id": "582862361", "area_m2": 152.8, "overlap": 0.0, "overlap_outwash": 0.0, "dist_m": 426.4, "landslide": "", "f_veg": 0.492, "f_soil": 0.175, "f_grey": 0.307, "f_dark": 0.025, "status": "clear", "status_auto": "clear", "note": "", "reach": "" }, "geometry": { "type": "Polygon", "coordinates": [ [ [ 98.1530048, 13.8760002 ], [ 98.1531134, 13.8759677 ], [ 98.1530793, 13.8758602 ], [ 98.1529706, 13.8758928 ], [ 98.1530048, 13.8760002 ] ] ] } },
{ "type": "Feature", "properties": { "bid": "KDG-B0072", "source": "OSM", "src_id": "582862362", "area_m2": 78.0, "overlap": 0.0, "overlap_outwash": 0.0, "dist_m": 433.1, "landslide": "", "f_veg": 0.255, "f_soil": 0.021, "f_grey": 0.721, "f_dark": 0.003, "status": "clear", "status_auto": "clear", "note": "", "reach": "" }, "geometry": { "type": "Polygon", "coordinates": [ [ [ 98.1531872, 13.8757776 ], [ 98.1532904, 13.8757333 ], [ 98.1532664, 13.8756804 ], [ 98.1531631, 13.8757247 ], [ 98.1531872, 13.8757776 ] ] ] } },
{ "type": "Feature", "properties": { "bid": "KDG-B0073", "source": "OSM", "src_id": "582862363", "area_m2": 120.1, "overlap": 0.0, "overlap_outwash": 0.0, "dist_m": 444.9, "landslide": "", "f_veg": 0.252, "f_soil": 0.192, "f_grey": 0.54, "f_dark": 0.016, "status": "clear", "status_auto": "clear", "note": "", "reach": "" }, "geometry": { "type": "Polygon", "coordinates": [ [ [ 98.1532784, 13.8758856 ], [ 98.1533816, 13.8758323 ], [ 98.15334, 13.8757564 ], [ 98.1532368, 13.8758098 ], [ 98.1532784, 13.8758856 ] ] ] } },
{ "type": "Feature", "properties": { "bid": "KDG-B0074", "source": "OSM", "src_id": "582862364", "area_m2": 79.0, "overlap": 0.0, "overlap_outwash": 0.0, "dist_m": 471.5, "landslide": "", "f_veg": 0.534, "f_soil": 0.0, "f_grey": 0.464, "f_dark": 0.001, "status": "clear", "status_auto": "clear", "note": "", "reach": "" }, "geometry": { "type": "Polygon", "coordinates": [ [ [ 98.1534594, 13.8760224 ], [ 98.1535466, 13.8759664 ], [ 98.1535107, 13.8759137 ], [ 98.1534235, 13.8759697 ], [ 98.1534594, 13.8760224 ] ] ] } },
{ "type": "Feature", "properties": { "bid": "KDG-B0075", "source": "OSM", "src_id": "582862365", "area_m2": 77.1, "overlap": 0.0, "overlap_outwash": 0.0, "dist_m": 486.9, "landslide": "", "f_veg": 0.012, "f_soil": 0.01, "f_grey": 0.978, "f_dark": 0.0, "status": "clear", "status_auto": "clear", "note": "", "reach": "" }, "geometry": { "type": "Polygon", "coordinates": [ [ [ 98.1535654, 13.8761187 ], [ 98.153651200000013, 13.8760744 ], [ 98.1536191, 13.8760158 ], [ 98.1535333, 13.87606 ], [ 98.1535654, 13.8761187 ] ] ] } },
{ "type": "Feature", "properties": { "bid": "KDG-B0076", "source": "OSM", "src_id": "582862366", "area_m2": 121.2, "overlap": 0.0, "overlap_outwash": 0.0, "dist_m": 500.5, "landslide": "", "f_veg": 0.426, "f_soil": 0.009, "f_grey": 0.502, "f_dark": 0.063, "status": "clear", "status_auto": "clear", "note": "", "reach": "" }, "geometry": { "type": "Polygon", "coordinates": [ [ [ 98.153666, 13.8762255 ], [ 98.1537692, 13.8761721 ], [ 98.1537273, 13.8760956 ], [ 98.153624, 13.8761489 ], [ 98.153666, 13.8762255 ] ] ] } },
{ "type": "Feature", "properties": { "bid": "KDG-B0077", "source": "OSM", "src_id": "582862367", "area_m2": 79.9, "overlap": 0.0, "overlap_outwash": 0.0, "dist_m": 512.5, "landslide": "", "f_veg": 0.459, "f_soil": 0.001, "f_grey": 0.525, "f_dark": 0.015, "status": "clear", "status_auto": "clear", "note": "", "reach": "" }, "geometry": { "type": "Polygon", "coordinates": [ [ [ 98.1537236, 13.8762827 ], [ 98.1538336, 13.8762372 ], [ 98.153811, 13.8761858 ], [ 98.153701, 13.8762313 ], [ 98.1537236, 13.8762827 ] ] ] } },
{ "type": "Feature", "properties": { "bid": "KDG-B0078", "source": "OSM", "src_id": "582862368", "area_m2": 160.8, "overlap": 0.0, "overlap_outwash": 0.0, "dist_m": 519.2, "landslide": "", "f_veg": 0.054, "f_soil": 0.636, "f_grey": 0.305, "f_dark": 0.005, "status": "clear", "status_auto": "clear", "note": "", "reach": "" }, "geometry": { "type": "Polygon", "coordinates": [ [ [ 98.1537639, 13.8763817 ], [ 98.1539033, 13.8763218 ], [ 98.153866600000015, 13.8762411 ], [ 98.1537271, 13.876301 ], [ 98.1537639, 13.8763817 ] ] ] } },
{ "type": "Feature", "properties": { "bid": "KDG-B0079", "source": "OSM", "src_id": "582862369", "area_m2": 133.7, "overlap": null, "overlap_outwash": null, "dist_m": null, "landslide": null, "f_veg": null, "f_soil": null, "f_grey": null, "f_dark": null, "status": "not_surveyed", "status_auto": "not_surveyed", "note": "", "reach": "" }, "geometry": { "type": "Polygon", "coordinates": [ [ [ 98.1538148, 13.876478 ], [ 98.1539436, 13.8764273 ], [ 98.15391240000001, 13.8763527 ], [ 98.1537836, 13.8764035 ], [ 98.1538148, 13.876478 ] ] ] } },
{ "type": "Feature", "properties": { "bid": "KDG-B0080", "source": "OSM", "src_id": "582862370", "area_m2": 144.7, "overlap": null, "overlap_outwash": null, "dist_m": null, "landslide": null, "f_veg": null, "f_soil": null, "f_grey": null, "f_dark": null, "status": "not_surveyed", "status_auto": "not_surveyed", "note": "", "reach": "" }, "geometry": { "type": "Polygon", "coordinates": [ [ [ 98.1537625, 13.8765978 ], [ 98.1538872, 13.8765887 ], [ 98.1538798, 13.8764922 ], [ 98.153755, 13.8765013 ], [ 98.1537625, 13.8765978 ] ] ] } },
{ "type": "Feature", "properties": { "bid": "KDG-B0081", "source": "OSM", "src_id": "582862371", "area_m2": 152.2, "overlap": 0.0, "overlap_outwash": 0.0, "dist_m": 292.0, "landslide": "", "f_veg": 1.0, "f_soil": 0.0, "f_grey": 0.0, "f_dark": 0.0, "status": "clear", "status_auto": "clear", "note": "", "reach": "" }, "geometry": { "type": "Polygon", "coordinates": [ [ [ 98.1519909, 13.8752542 ], [ 98.1521264, 13.8752347 ], [ 98.1521123, 13.8751427 ], [ 98.1519769, 13.8751622 ], [ 98.1519909, 13.8752542 ] ] ] } },
{ "type": "Feature", "properties": { "bid": "KDG-B0082", "source": "OSM", "src_id": "582862372", "area_m2": 132.9, "overlap": 0.0, "overlap_outwash": 0.0, "dist_m": 321.6, "landslide": "", "f_veg": 0.54, "f_soil": 0.042, "f_grey": 0.407, "f_dark": 0.011, "status": "clear", "status_auto": "clear", "note": "", "reach": "" }, "geometry": { "type": "Polygon", "coordinates": [ [ [ 98.1522551, 13.8753154 ], [ 98.1523879, 13.8753232 ], [ 98.1523931, 13.8752398 ], [ 98.1522603, 13.875232 ], [ 98.1522551, 13.8753154 ] ] ] } },
{ "type": "Feature", "properties": { "bid": "KDG-B0083", "source": "OSM", "src_id": "582862373", "area_m2": 59.9, "overlap": 0.0, "overlap_outwash": 0.0, "dist_m": 323.7, "landslide": "", "f_veg": 0.801, "f_soil": 0.184, "f_grey": 0.015, "f_dark": 0.0, "status": "clear", "status_auto": "clear", "note": "", "reach": "" }, "geometry": { "type": "Polygon", "coordinates": [ [ [ 98.1523316, 13.8752164 ], [ 98.1524, 13.8752242 ], [ 98.1524087, 13.8751519 ], [ 98.1523403, 13.8751441 ], [ 98.1523316, 13.8752164 ] ] ] } },
{ "type": "Feature", "properties": { "bid": "KDG-B0084", "source": "OSM", "src_id": "582862374", "area_m2": 102.0, "overlap": 0.0, "overlap_outwash": 0.0, "dist_m": 348.6, "landslide": "", "f_veg": 0.143, "f_soil": 0.08, "f_grey": 0.767, "f_dark": 0.01, "status": "clear", "status_auto": "clear", "note": "", "reach": "" }, "geometry": { "type": "Polygon", "coordinates": [ [ [ 98.1525542, 13.8752334 ], [ 98.1525607, 13.8753489 ], [ 98.1526344, 13.875345 ], [ 98.1526279, 13.8752295 ], [ 98.1525542, 13.8752334 ] ] ] } },
{ "type": "Feature", "properties": { "bid": "KDG-B0085", "source": "OSM", "src_id": "582862375", "area_m2": 27.8, "overlap": 0.0, "overlap_outwash": 0.0, "dist_m": 351.0, "landslide": "", "f_veg": 0.988, "f_soil": 0.008, "f_grey": 0.004, "f_dark": 0.0, "status": "clear", "status_auto": "clear", "note": "", "reach": "" }, "geometry": { "type": "Polygon", "coordinates": [ [ [ 98.1526561, 13.8751631 ], [ 98.1527098, 13.8751461 ], [ 98.1526966, 13.8751069 ], [ 98.152643, 13.8751238 ], [ 98.1526561, 13.8751631 ] ] ] } },
{ "type": "Feature", "properties": { "bid": "KDG-B0086", "source": "OSM", "src_id": "582862376", "area_m2": 123.4, "overlap": 0.0, "overlap_outwash": 0.0, "dist_m": 367.9, "landslide": "", "f_veg": 0.198, "f_soil": 0.073, "f_grey": 0.707, "f_dark": 0.022, "status": "clear", "status_auto": "clear", "note": "", "reach": "" }, "geometry": { "type": "Polygon", "coordinates": [ [ [ 98.1527969, 13.8753219 ], [ 98.1528908, 13.8752959 ], [ 98.1528609, 13.8751942 ], [ 98.152767, 13.8752203 ], [ 98.1527969, 13.8753219 ] ] ] } },
{ "type": "Feature", "properties": { "bid": "KDG-B0087", "source": "OSM", "src_id": "582862377", "area_m2": 95.6, "overlap": 0.0, "overlap_outwash": 0.0, "dist_m": 351.6, "landslide": "", "f_veg": 0.324, "f_soil": 0.003, "f_grey": 0.613, "f_dark": 0.06, "status": "clear", "status_auto": "clear", "note": "", "reach": "" }, "geometry": { "type": "Polygon", "coordinates": [ [ [ 98.1527084, 13.8751032 ], [ 98.1528291, 13.8750758 ], [ 98.152814, 13.875013 ], [ 98.1526933, 13.8750403 ], [ 98.1527084, 13.8751032 ] ] ] } },
{ "type": "Feature", "properties": { "bid": "KDG-B0088", "source": "OSM", "src_id": "582862378", "area_m2": 145.6, "overlap": 0.0, "overlap_outwash": 0.0, "dist_m": 337.0, "landslide": "", "f_veg": 0.425, "f_soil": 0.039, "f_grey": 0.475, "f_dark": 0.061, "status": "clear", "status_auto": "clear", "note": "", "reach": "" }, "geometry": { "type": "Polygon", "coordinates": [ [ [ 98.1526145, 13.8749873 ], [ 98.1527661, 13.8749769 ], [ 98.1527602, 13.8748969 ], [ 98.1526087, 13.8749073 ], [ 98.1526145, 13.8749873 ] ] ] } },
{ "type": "Feature", "properties": { "bid": "KDG-B0089", "source": "OSM", "src_id": "582862379", "area_m2": 108.2, "overlap": 0.0, "overlap_outwash": 0.0, "dist_m": 360.1, "landslide": "", "f_veg": 0.327, "f_soil": 0.11, "f_grey": 0.553, "f_dark": 0.009, "status": "clear", "status_auto": "clear", "note": "", "reach": "" }, "geometry": { "type": "Polygon", "coordinates": [ [ [ 98.1529565, 13.8746904 ], [ 98.153090600000013, 13.87468 ], [ 98.1530851, 13.8746129 ], [ 98.152951, 13.8746233 ], [ 98.1529565, 13.8746904 ] ] ] } },
{ "type": "Feature", "properties": { "bid": "KDG-B0090", "source": "OSM", "src_id": "582862380", "area_m2": 95.4, "overlap": 0.0, "overlap_outwash": 0.0, "dist_m": 408.4, "landslide": "", "f_veg": 0.36, "f_soil": 0.513, "f_grey": 0.122, "f_dark": 0.005, "status": "clear", "status_auto": "clear", "note": "", "reach": "" }, "geometry": { "type": "Polygon", "coordinates": [ [ [ 98.1531537, 13.8754052 ], [ 98.1532623, 13.8753531 ], [ 98.1532322, 13.8752941 ], [ 98.1531236, 13.8753461 ], [ 98.1531537, 13.8754052 ] ] ] } },
{ "type": "Feature", "properties": { "bid": "KDG-B0091", "source": "OSM", "src_id": "582862381", "area_m2": 123.5, "overlap": 0.0, "overlap_outwash": 0.0, "dist_m": 397.3, "landslide": "", "f_veg": 0.162, "f_soil": 0.471, "f_grey": 0.343, "f_dark": 0.024, "status": "clear", "status_auto": "clear", "note": "", "reach": "" }, "geometry": { "type": "Polygon", "coordinates": [ [ [ 98.1530893, 13.8753219 ], [ 98.153206, 13.8752854 ], [ 98.1531793, 13.8752052 ], [ 98.1530627, 13.8752416 ], [ 98.1530893, 13.8753219 ] ] ] } },
{ "type": "Feature", "properties": { "bid": "KDG-B0092", "source": "OSM", "src_id": "582862382", "area_m2": 105.1, "overlap": 0.0, "overlap_outwash": 0.0, "dist_m": 381.4, "landslide": "", "f_veg": 0.579, "f_soil": 0.036, "f_grey": 0.369, "f_dark": 0.016, "status": "clear", "status_auto": "clear", "note": "", "reach": "" }, "geometry": { "type": "Polygon", "coordinates": [ [ [ 98.1530102, 13.8751162 ], [ 98.1531362, 13.8750862 ], [ 98.1531196, 13.8750204 ], [ 98.1529936, 13.8750503 ], [ 98.1530102, 13.8751162 ] ] ] } },
{ "type": "Feature", "properties": { "bid": "KDG-B0093", "source": "OSM", "src_id": "582862383", "area_m2": 138.7, "overlap": 0.0, "overlap_outwash": 0.0, "dist_m": 370.0, "landslide": "", "f_veg": 0.463, "f_soil": 0.212, "f_grey": 0.323, "f_dark": 0.003, "status": "clear", "status_auto": "clear", "note": "", "reach": "" }, "geometry": { "type": "Polygon", "coordinates": [ [ [ 98.1529659, 13.8749795 ], [ 98.1530665, 13.8749743 ], [ 98.1530602, 13.8748593 ], [ 98.1529596, 13.8748645 ], [ 98.1529659, 13.8749795 ] ] ] } },
{ "type": "Feature", "properties": { "bid": "KDG-B0094", "source": "OSM", "src_id": "582862384", "area_m2": 149.2, "overlap": 0.0, "overlap_outwash": 0.0, "dist_m": 383.1, "landslide": "", "f_veg": 0.318, "f_soil": 0.309, "f_grey": 0.344, "f_dark": 0.029, "status": "clear", "status_auto": "clear", "note": "", "reach": "" }, "geometry": { "type": "Polygon", "coordinates": [ [ [ 98.1531295, 13.8749586 ], [ 98.1532194, 13.874943 ], [ 98.1531945, 13.8748084 ], [ 98.1531047, 13.874824 ], [ 98.1531295, 13.8749586 ] ] ] } },
{ "type": "Feature", "properties": { "bid": "KDG-B0095", "source": "OSM", "src_id": "582862385", "area_m2": 119.3, "overlap": 0.0, "overlap_outwash": 0.0, "dist_m": 399.7, "landslide": "", "f_veg": 0.574, "f_soil": 0.076, "f_grey": 0.337, "f_dark": 0.014, "status": "clear", "status_auto": "clear", "note": "", "reach": "" }, "geometry": { "type": "Polygon", "coordinates": [ [ [ 98.1532958, 13.8749313 ], [ 98.1533709, 13.8749209 ], [ 98.1533517, 13.8747906 ], [ 98.1532766, 13.874801 ], [ 98.1532958, 13.8749313 ] ] ] } },
{ "type": "Feature", "properties": { "bid": "KDG-B0096", "source": "OSM", "src_id": "582862386", "area_m2": 67.9, "overlap": 0.0, "overlap_outwash": 0.0, "dist_m": 431.4, "landslide": "", "f_veg": 0.439, "f_soil": 0.09, "f_grey": 0.411, "f_dark": 0.059, "status": "clear", "status_auto": "clear", "note": "", "reach": "" }, "geometry": { "type": "Polygon", "coordinates": [ [ [ 98.153518600000012, 13.8751267 ], [ 98.153586, 13.8751085 ], [ 98.1535635, 13.8750303 ], [ 98.1534961, 13.8750485 ], [ 98.153518600000012, 13.8751267 ] ] ] } },
{ "type": "Feature", "properties": { "bid": "KDG-B0097", "source": "OSM", "src_id": "582862387", "area_m2": 75.2, "overlap": 0.0, "overlap_outwash": 0.0, "dist_m": 414.5, "landslide": "", "f_veg": 0.297, "f_soil": 0.348, "f_grey": 0.258, "f_dark": 0.098, "status": "clear", "status_auto": "clear", "note": "", "reach": "" }, "geometry": { "type": "Polygon", "coordinates": [ [ [ 98.1533541, 13.8751593 ], [ 98.1534102, 13.8751442 ], [ 98.1533805, 13.87504 ], [ 98.1533244, 13.875055 ], [ 98.1533541, 13.8751593 ] ] ] } },
{ "type": "Feature", "properties": { "bid": "KDG-B0098", "source": "OSM", "src_id": "582862388", "area_m2": 186.5, "overlap": 0.0, "overlap_outwash": 0.0, "dist_m": 428.0, "landslide": "", "f_veg": 0.293, "f_soil": 0.354, "f_grey": 0.322, "f_dark": 0.03, "status": "clear", "status_auto": "clear", "note": "", "reach": "" }, "geometry": { "type": "Polygon", "coordinates": [ [ [ 98.1533039, 13.8755523 ], [ 98.1534541, 13.875482 ], [ 98.1534122, 13.8753977 ], [ 98.153262, 13.875468 ], [ 98.1533039, 13.8755523 ] ] ] } },
{ "type": "Feature", "properties": { "bid": "KDG-B0099", "source": "OSM", "src_id": "582862389", "area_m2": 102.7, "overlap": 0.0, "overlap_outwash": 0.0, "dist_m": 466.0, "landslide": "", "f_veg": 0.243, "f_soil": 0.014, "f_grey": 0.744, "f_dark": 0.0, "status": "clear", "status_auto": "clear", "note": "", "reach": "" }, "geometry": { "type": "Polygon", "coordinates": [ [ [ 98.1538419, 13.8751158 ], [ 98.1539971, 13.8750912 ], [ 98.153988, 13.8750373 ], [ 98.1538328, 13.8750619 ], [ 98.1538419, 13.8751158 ] ] ] } },
{ "type": "Feature", "properties": { "bid": "KDG-B0100", "source": "OSM", "src_id": "582862390", "area_m2": 121.4, "overlap": 0.0, "overlap_outwash": 0.0, "dist_m": 527.5, "landslide": "", "f_veg": 0.531, "f_soil": 0.272, "f_grey": 0.179, "f_dark": 0.018, "status": "clear", "status_auto": "clear", "note": "", "reach": "" }, "geometry": { "type": "Polygon", "coordinates": [ [ [ 98.1542292, 13.8756669 ], [ 98.1543593, 13.8756643 ], [ 98.1543576, 13.8755862 ], [ 98.1542276, 13.8755888 ], [ 98.1542292, 13.8756669 ] ] ] } },
{ "type": "Feature", "properties": { "bid": "KDG-B0101", "source": "OSM", "src_id": "582862391", "area_m2": 143.2, "overlap": 0.0, "overlap_outwash": 0.0, "dist_m": 522.0, "landslide": "", "f_veg": 0.152, "f_soil": 0.229, "f_grey": 0.604, "f_dark": 0.016, "status": "clear", "status_auto": "clear", "note": "", "reach": "" }, "geometry": { "type": "Polygon", "coordinates": [ [ [ 98.1542346, 13.8754482 ], [ 98.1542392, 13.8755373 ], [ 98.1543733, 13.8755308 ], [ 98.1543687, 13.8754417 ], [ 98.1542346, 13.8754482 ] ] ] } },
{ "type": "Feature", "properties": { "bid": "KDG-B0102", "source": "OSM", "src_id": "582862392", "area_m2": 83.4, "overlap": 0.0, "overlap_outwash": 0.0, "dist_m": 479.0, "landslide": "", "f_veg": 0.148, "f_soil": 0.0, "f_grey": 0.837, "f_dark": 0.015, "status": "clear", "status_auto": "clear", "note": "", "reach": "" }, "geometry": { "type": "Polygon", "coordinates": [ [ [ 98.1540173, 13.8752998 ], [ 98.1540079, 13.8752464 ], [ 98.153881, 13.8752674 ], [ 98.1538904, 13.8753208 ], [ 98.1540173, 13.8752998 ] ] ] } },
{ "type": "Feature", "properties": { "bid": "KDG-B0103", "source": "OSM", "src_id": "582862393", "area_m2": 54.5, "overlap": 0.0, "overlap_outwash": 0.0, "dist_m": 496.1, "landslide": "", "f_veg": 0.806, "f_soil": 0.075, "f_grey": 0.117, "f_dark": 0.002, "status": "clear", "status_auto": "clear", "note": "", "reach": "" }, "geometry": { "type": "Polygon", "coordinates": [ [ [ 98.1541072, 13.875206 ], [ 98.1541635, 13.8752047 ], [ 98.1541615, 13.8751238 ], [ 98.1541052, 13.8751251 ], [ 98.1541072, 13.875206 ] ] ] } },
{ "type": "Feature", "properties": { "bid": "KDG-B0104", "source": "OSM", "src_id": "582862394", "area_m2": 112.9, "overlap": 0.0, "overlap_outwash": 0.0, "dist_m": 503.0, "landslide": "", "f_veg": 0.917, "f_soil": 0.017, "f_grey": 0.055, "f_dark": 0.011, "status": "clear", "status_auto": "clear", "note": "", "reach": "" }, "geometry": { "type": "Polygon", "coordinates": [ [ [ 98.1541327, 13.8753466 ], [ 98.1542131, 13.8753479 ], [ 98.1542151, 13.8752304 ], [ 98.1541347, 13.8752291 ], [ 98.1541327, 13.8753466 ] ] ] } },
{ "type": "Feature", "properties": { "bid": "KDG-B0105", "source": "OSM", "src_id": "582862396", "area_m2": 185.4, "overlap": 0.0, "overlap_outwash": 0.0, "dist_m": 455.8, "landslide": "", "f_veg": 0.237, "f_soil": 0.1, "f_grey": 0.643, "f_dark": 0.02, "status": "clear", "status_auto": "clear", "note": "", "reach": "" }, "geometry": { "type": "Polygon", "coordinates": [ [ [ 98.153501, 13.8757138 ], [ 98.1536579, 13.8756487 ], [ 98.1536211, 13.8755651 ], [ 98.1534642, 13.8756302 ], [ 98.153501, 13.8757138 ] ] ] } },
{ "type": "Feature", "properties": { "bid": "KDG-B0106", "source": "OSM", "src_id": "582862397", "area_m2": 100.4, "overlap": 0.0, "overlap_outwash": 0.0, "dist_m": 493.9, "landslide": "", "f_veg": 0.656, "f_soil": 0.004, "f_grey": 0.34, "f_dark": 0.0, "status": "clear", "status_auto": "clear", "note": "", "reach": "" }, "geometry": { "type": "Polygon", "coordinates": [ [ [ 98.15388990000001, 13.8755771 ], [ 98.153889100000015, 13.8756499 ], [ 98.1540044, 13.8756512 ], [ 98.1540053, 13.8755784 ], [ 98.15388990000001, 13.8755771 ] ] ] } },
{ "type": "Feature", "properties": { "bid": "KDG-B0107", "source": "OSM", "src_id": "582862398", "area_m2": 109.7, "overlap": 0.0, "overlap_outwash": 0.0, "dist_m": 491.6, "landslide": "", "f_veg": 0.206, "f_soil": 0.053, "f_grey": 0.717, "f_dark": 0.024, "status": "clear", "status_auto": "clear", "note": "", "reach": "" }, "geometry": { "type": "Polygon", "coordinates": [ [ [ 98.1538188, 13.8757633 ], [ 98.1539449, 13.8757424 ], [ 98.15393250000001, 13.8756717 ], [ 98.1538064, 13.8756925 ], [ 98.1538188, 13.8757633 ] ] ] } },
{ "type": "Feature", "properties": { "bid": "KDG-B0108", "source": "OSM", "src_id": "582862399", "area_m2": 122.1, "overlap": 0.0, "overlap_outwash": 0.0, "dist_m": 481.3, "landslide": "", "f_veg": 0.255, "f_soil": 0.075, "f_grey": 0.668, "f_dark": 0.001, "status": "clear", "status_auto": "clear", "note": "", "reach": "" }, "geometry": { "type": "Polygon", "coordinates": [ [ [ 98.1536646, 13.8758739 ], [ 98.1537893, 13.8758258 ], [ 98.1537603, 13.875755 ], [ 98.1536356, 13.8758032 ], [ 98.1536646, 13.8758739 ] ] ] } },
{ "type": "Feature", "properties": { "bid": "KDG-B0109", "source": "OSM", "src_id": "582862401", "area_m2": 117.9, "overlap": 0.0, "overlap_outwash": 0.0, "dist_m": 493.2, "landslide": "", "f_veg": 0.029, "f_soil": 0.082, "f_grey": 0.879, "f_dark": 0.01, "status": "clear", "status_auto": "clear", "note": "", "reach": "" }, "geometry": { "type": "Polygon", "coordinates": [ [ [ 98.1537102, 13.8758909 ], [ 98.1537265, 13.8759398 ], [ 98.1539089, 13.8758826 ], [ 98.1538926, 13.8758336 ], [ 98.1537102, 13.8758909 ] ] ] } },
{ "type": "Feature", "properties": { "bid": "KDG-B0110", "source": "OSM", "src_id": "582862403", "area_m2": 112.6, "overlap": 0.0, "overlap_outwash": 0.0, "dist_m": 520.7, "landslide": "", "f_veg": 0.923, "f_soil": 0.005, "f_grey": 0.043, "f_dark": 0.029, "status": "clear", "status_auto": "clear", "note": "", "reach": "" }, "geometry": { "type": "Polygon", "coordinates": [ [ [ 98.1540737, 13.875913 ], [ 98.1541474, 13.8759052 ], [ 98.1541332, 13.8757789 ], [ 98.154059500000017, 13.8757867 ], [ 98.1540737, 13.875913 ] ] ] } },
{ "type": "Feature", "properties": { "bid": "KDG-B0111", "source": "OSM", "src_id": "582862405", "area_m2": 96.5, "overlap": 0.0, "overlap_outwash": 0.0, "dist_m": 501.5, "landslide": "", "f_veg": 0.004, "f_soil": 0.291, "f_grey": 0.699, "f_dark": 0.006, "status": "clear", "status_auto": "clear", "note": "", "reach": "" }, "geometry": { "type": "Polygon", "coordinates": [ [ [ 98.1537612, 13.8759547 ], [ 98.1537822, 13.8760048 ], [ 98.1539204, 13.8759501 ], [ 98.1538993, 13.8759 ], [ 98.1537612, 13.8759547 ] ] ] } },
{ "type": "Feature", "properties": { "bid": "KDG-B0112", "source": "OSM", "src_id": "582862406", "area_m2": 31.6, "overlap": 0.0, "overlap_outwash": 0.0, "dist_m": 508.6, "landslide": "", "f_veg": 0.011, "f_soil": 0.008, "f_grey": 0.979, "f_dark": 0.003, "status": "clear", "status_auto": "clear", "note": "", "reach": "" }, "geometry": { "type": "Polygon", "coordinates": [ [ [ 98.1538162, 13.8760341 ], [ 98.1539033, 13.8759976 ], [ 98.153892, 13.875972 ], [ 98.1538048, 13.8760085 ], [ 98.1538162, 13.8760341 ] ] ] } },
{ "type": "Feature", "properties": { "bid": "KDG-B0113", "source": "OSM", "src_id": "582862407", "area_m2": 111.9, "overlap": 0.0, "overlap_outwash": 0.0, "dist_m": 512.9, "landslide": "", "f_veg": 0.448, "f_soil": 0.057, "f_grey": 0.469, "f_dark": 0.026, "status": "clear", "status_auto": "clear", "note": "", "reach": "" }, "geometry": { "type": "Polygon", "coordinates": [ [ [ 98.1538631, 13.8761122 ], [ 98.153973100000016, 13.8760679 ], [ 98.1539421, 13.8759953 ], [ 98.1538321, 13.8760396 ], [ 98.1538631, 13.8761122 ] ] ] } },
{ "type": "Feature", "properties": { "bid": "KDG-B0114", "source": "OSM", "src_id": "582862408", "area_m2": 185.8, "overlap": null, "overlap_outwash": null, "dist_m": null, "landslide": null, "f_veg": null, "f_soil": null, "f_grey": null, "f_dark": null, "status": "not_surveyed", "status_auto": "not_surveyed", "note": "", "reach": "" }, "geometry": { "type": "Polygon", "coordinates": [ [ [ 98.1540683, 13.8761565 ], [ 98.1542024, 13.8761565 ], [ 98.1542024, 13.8760406 ], [ 98.1540683, 13.8760406 ], [ 98.1540683, 13.8761565 ] ] ] } },
{ "type": "Feature", "properties": { "bid": "KDG-B0115", "source": "OSM", "src_id": "582862409", "area_m2": 191.8, "overlap": null, "overlap_outwash": null, "dist_m": null, "landslide": null, "f_veg": null, "f_soil": null, "f_grey": null, "f_dark": null, "status": "not_surveyed", "status_auto": "not_surveyed", "note": "", "reach": "" }, "geometry": { "type": "Polygon", "coordinates": [ [ [ 98.1548314, 13.8755615 ], [ 98.1549709, 13.8755497 ], [ 98.1549607, 13.8754356 ], [ 98.1548212, 13.8754473 ], [ 98.1548314, 13.8755615 ] ] ] } },
{ "type": "Feature", "properties": { "bid": "KDG-B0116", "source": "OSM", "src_id": "582862439", "area_m2": 103.6, "overlap": null, "overlap_outwash": null, "dist_m": null, "landslide": null, "f_veg": null, "f_soil": null, "f_grey": null, "f_dark": null, "status": "not_surveyed", "status_auto": "not_surveyed", "note": "", "reach": "" }, "geometry": { "type": "Polygon", "coordinates": [ [ [ 98.1540777, 13.8763062 ], [ 98.1541514, 13.8763192 ], [ 98.1541727, 13.8762054 ], [ 98.154099, 13.8761924 ], [ 98.1540777, 13.8763062 ] ] ] } },
{ "type": "Feature", "properties": { "bid": "KDG-B0117", "source": "OSM", "src_id": "582862445", "area_m2": 203.3, "overlap": null, "overlap_outwash": null, "dist_m": null, "landslide": null, "f_veg": null, "f_soil": null, "f_grey": null, "f_dark": null, "status": "not_surveyed", "status_auto": "not_surveyed", "note": "", "reach": "" }, "geometry": { "type": "Polygon", "coordinates": [ [ [ 98.1538792, 13.8769962 ], [ 98.1540763, 13.877047 ], [ 98.1540984, 13.8769664 ], [ 98.1539012, 13.8769156 ], [ 98.1538792, 13.8769962 ] ] ] } },
{ "type": "Feature", "properties": { "bid": "KDG-B0118", "source": "OSM", "src_id": "1564126683", "area_m2": 106.1, "overlap": 0.0, "overlap_outwash": 0.0, "dist_m": 123.8, "landslide": "", "f_veg": 0.144, "f_soil": 0.271, "f_grey": 0.577, "f_dark": 0.008, "status": "clear", "status_auto": "clear", "note": "", "reach": "A" }, "geometry": { "type": "Polygon", "coordinates": [ [ [ 98.1379616, 13.880687 ], [ 98.1378859, 13.8806623 ], [ 98.1378494, 13.8807677 ], [ 98.1379251, 13.8807924 ], [ 98.1379616, 13.880687 ] ] ] } },
{ "type": "Feature", "properties": { "bid": "KDG-B0119", "source": "OSM", "src_id": "1564126684", "area_m2": 106.0, "overlap": 0.0, "overlap_outwash": 0.0, "dist_m": 122.2, "landslide": "", "f_veg": 0.18, "f_soil": 0.1, "f_grey": 0.685, "f_dark": 0.035, "status": "clear", "status_auto": "clear", "note": "", "reach": "A" }, "geometry": { "type": "Polygon", "coordinates": [ [ [ 98.1382474, 13.8808427 ], [ 98.1381718, 13.880818 ], [ 98.1381353, 13.8809234 ], [ 98.1382109, 13.8809481 ], [ 98.1382474, 13.8808427 ] ] ] } },
{ "type": "Feature", "properties": { "bid": "KDG-B0120", "source": "OSM", "src_id": "1564126685", "area_m2": 106.0, "overlap": 0.0, "overlap_outwash": 0.0, "dist_m": 124.1, "landslide": "", "f_veg": 0.027, "f_soil": 0.423, "f_grey": 0.55, "f_dark": 0.001, "status": "clear", "status_auto": "clear", "note": "", "reach": "A" }, "geometry": { "type": "Polygon", "coordinates": [ [ [ 98.1383287, 13.8808933 ], [ 98.1382531, 13.8808685 ], [ 98.1382166, 13.8809739 ], [ 98.1382922, 13.8809986 ], [ 98.1383287, 13.8808933 ] ] ] } },
{ "type": "Feature", "properties": { "bid": "KDG-B0121", "source": "OSM", "src_id": "1564126686", "area_m2": 91.5, "overlap": 0.0, "overlap_outwash": 0.0, "dist_m": 150.5, "landslide": "", "f_veg": 0.115, "f_soil": 0.017, "f_grey": 0.861, "f_dark": 0.008, "status": "clear", "status_auto": "clear", "note": "", "reach": "" }, "geometry": { "type": "Polygon", "coordinates": [ [ [ 98.1390646, 13.881332 ], [ 98.1391187, 13.8812538 ], [ 98.1390512, 13.8812098 ], [ 98.1389971, 13.881288 ], [ 98.1390646, 13.881332 ] ] ] } },
{ "type": "Feature", "properties": { "bid": "KDG-B0122", "source": "OSM", "src_id": "1564126687", "area_m2": 64.6, "overlap": 0.0, "overlap_outwash": 0.0, "dist_m": 125.9, "landslide": "", "f_veg": 0.027, "f_soil": 0.182, "f_grey": 0.789, "f_dark": 0.002, "status": "clear", "status_auto": "clear", "note": "", "reach": "A" }, "geometry": { "type": "Polygon", "coordinates": [ [ [ 98.1385595, 13.8810451 ], [ 98.1386256, 13.8810741 ], [ 98.1386572, 13.8810062 ], [ 98.1385911, 13.8809772 ], [ 98.1385595, 13.8810451 ] ] ] } },
{ "type": "Feature", "properties": { "bid": "KDG-B0123", "source": "OSM", "src_id": "1564126688", "area_m2": 45.0, "overlap": 0.0, "overlap_outwash": 0.0, "dist_m": 120.6, "landslide": "", "f_veg": 0.0, "f_soil": 0.013, "f_grey": 0.987, "f_dark": 0.0, "status": "clear", "status_auto": "clear", "note": "", "reach": "A" }, "geometry": { "type": "Polygon", "coordinates": [ [ [ 98.1384006, 13.880963 ], [ 98.1384439, 13.8809866 ], [ 98.1384822, 13.8809205 ], [ 98.1384389, 13.8808969 ], [ 98.1384006, 13.880963 ] ] ] } },
{ "type": "Feature", "properties": { "bid": "KDG-B0124", "source": "OSM", "src_id": "1564126689", "area_m2": 44.1, "overlap": 0.0, "overlap_outwash": 0.0, "dist_m": 118.7, "landslide": "", "f_veg": 0.496, "f_soil": 0.003, "f_grey": 0.499, "f_dark": 0.002, "status": "clear", "status_auto": "clear", "note": "", "reach": "A" }, "geometry": { "type": "Polygon", "coordinates": [ [ [ 98.138379500000013, 13.8809435 ], [ 98.138411, 13.8808743 ], [ 98.1383663, 13.8808552 ], [ 98.138334900000018, 13.8809244 ], [ 98.138379500000013, 13.8809435 ] ] ] } },
{ "type": "Feature", "properties": { "bid": "KDG-B0125", "source": "OSM", "src_id": "1564126690", "area_m2": 106.0, "overlap": 0.0, "overlap_outwash": 0.0, "dist_m": 121.4, "landslide": "", "f_veg": 0.381, "f_soil": 0.041, "f_grey": 0.564, "f_dark": 0.015, "status": "clear", "status_auto": "clear", "note": "", "reach": "A" }, "geometry": { "type": "Polygon", "coordinates": [ [ [ 98.1381359, 13.88078 ], [ 98.1380603, 13.8807553 ], [ 98.1380238, 13.8808606 ], [ 98.1380994, 13.8808854 ], [ 98.1381359, 13.88078 ] ] ] } },
{ "type": "Feature", "properties": { "bid": "KDG-B0126", "source": "OSM", "src_id": "1564126691", "area_m2": 45.1, "overlap": 0.0, "overlap_outwash": 0.0, "dist_m": 165.1, "landslide": "", "f_veg": 0.208, "f_soil": 0.0, "f_grey": 0.779, "f_dark": 0.013, "status": "clear", "status_auto": "clear", "note": "", "reach": "" }, "geometry": { "type": "Polygon", "coordinates": [ [ [ 98.139225400000015, 13.8814083 ], [ 98.1392687, 13.881432 ], [ 98.139307, 13.8813659 ], [ 98.1392637, 13.8813422 ], [ 98.139225400000015, 13.8814083 ] ] ] } },
{ "type": "Feature", "properties": { "bid": "KDG-B0127", "source": "OSM", "src_id": "1564126692", "area_m2": 106.3, "overlap": 0.0, "overlap_outwash": 0.0, "dist_m": 170.2, "landslide": "", "f_veg": 0.004, "f_soil": 0.38, "f_grey": 0.616, "f_dark": 0.0, "status": "clear", "status_auto": "clear", "note": "", "reach": "" }, "geometry": { "type": "Polygon", "coordinates": [ [ [ 98.1393731, 13.8815231 ], [ 98.139423, 13.8814111 ], [ 98.1393561, 13.881383 ], [ 98.1393062, 13.881495 ], [ 98.1393731, 13.8815231 ] ] ] } },
{ "type": "Feature", "properties": { "bid": "KDG-B0128", "source": "OSM", "src_id": "1564126693", "area_m2": 93.3, "overlap": 0.0, "overlap_outwash": 0.0, "dist_m": 196.9, "landslide": "", "f_veg": 0.215, "f_soil": 0.681, "f_grey": 0.084, "f_dark": 0.02, "status": "clear", "status_auto": "clear", "note": "", "reach": "" }, "geometry": { "type": "Polygon", "coordinates": [ [ [ 98.1395984, 13.8817249 ], [ 98.1396503, 13.8816234 ], [ 98.1395886, 13.8815937 ], [ 98.1395367, 13.8816952 ], [ 98.1395984, 13.8817249 ] ] ] } },
{ "type": "Feature", "properties": { "bid": "KDG-B0129", "source": "OSM", "src_id": "1564126694", "area_m2": 134.2, "overlap": 0.0, "overlap_outwash": 0.0, "dist_m": 220.2, "landslide": "", "f_veg": 0.09, "f_soil": 0.102, "f_grey": 0.788, "f_dark": 0.02, "status": "clear", "status_auto": "clear", "note": "", "reach": "A" }, "geometry": { "type": "Polygon", "coordinates": [ [ [ 98.1396729, 13.8819423 ], [ 98.1397296, 13.881825 ], [ 98.1396729, 13.8817915 ], [ 98.1396507, 13.8818418 ], [ 98.1396113, 13.8818298 ], [ 98.1395817, 13.8818872 ], [ 98.1396729, 13.8819423 ] ] ] } },
{ "type": "Feature", "properties": { "bid": "KDG-B0130", "source": "OSM", "src_id": "1564126695", "area_m2": 91.5, "overlap": 0.0, "overlap_outwash": 0.0, "dist_m": 126.6, "landslide": "", "f_veg": 0.057, "f_soil": 0.04, "f_grey": 0.901, "f_dark": 0.003, "status": "clear", "status_auto": "clear", "note": "", "reach": "" }, "geometry": { "type": "Polygon", "coordinates": [ [ [ 98.139376500000012, 13.8811084 ], [ 98.1394305, 13.8810302 ], [ 98.139363, 13.8809862 ], [ 98.139309, 13.8810644 ], [ 98.139376500000012, 13.8811084 ] ] ] } },
{ "type": "Feature", "properties": { "bid": "KDG-B0131", "source": "OSM", "src_id": "1564126696", "area_m2": 67.2, "overlap": 0.0, "overlap_outwash": 0.0, "dist_m": 253.1, "landslide": "", "f_veg": 0.154, "f_soil": 0.008, "f_grey": 0.706, "f_dark": 0.132, "status": "clear", "status_auto": "clear", "note": "", "reach": "A" }, "geometry": { "type": "Polygon", "coordinates": [ [ [ 98.1400323, 13.8821158 ], [ 98.1400727, 13.8820216 ], [ 98.1400219, 13.882001 ], [ 98.1399814, 13.8820952 ], [ 98.1400323, 13.8821158 ] ] ] } },
{ "type": "Feature", "properties": { "bid": "KDG-B0132", "source": "OSM", "src_id": "1564126697", "area_m2": 45.0, "overlap": 0.0, "overlap_outwash": 0.0, "dist_m": 245.9, "landslide": "", "f_veg": 0.318, "f_soil": 0.057, "f_grey": 0.519, "f_dark": 0.106, "status": "clear", "status_auto": "clear", "note": "", "reach": "A" }, "geometry": { "type": "Polygon", "coordinates": [ [ [ 98.1399165, 13.8820386 ], [ 98.1399657, 13.8820454 ], [ 98.1399766, 13.8819703 ], [ 98.1399274, 13.8819636 ], [ 98.1399165, 13.8820386 ] ] ] } },
{ "type": "Feature", "properties": { "bid": "KDG-B0133", "source": "OSM", "src_id": "1564126698", "area_m2": 270.2, "overlap": 0.0, "overlap_outwash": 0.0, "dist_m": 186.3, "landslide": "", "f_veg": 0.0, "f_soil": 0.302, "f_grey": 0.696, "f_dark": 0.002, "status": "clear", "status_auto": "clear", "note": "", "reach": "A" }, "geometry": { "type": "Polygon", "coordinates": [ [ [ 98.1409344, 13.8815884 ], [ 98.1411592, 13.8816264 ], [ 98.1411767, 13.8815288 ], [ 98.1409519, 13.8814908 ], [ 98.1409344, 13.8815884 ] ] ] } },
{ "type": "Feature", "properties": { "bid": "KDG-B0134", "source": "OSM", "src_id": "1564126699", "area_m2": 151.3, "overlap": 0.0, "overlap_outwash": 0.0, "dist_m": 203.1, "landslide": "", "f_veg": 0.011, "f_soil": 0.036, "f_grey": 0.952, "f_dark": 0.001, "status": "clear", "status_auto": "clear", "note": "", "reach": "A" }, "geometry": { "type": "Polygon", "coordinates": [ [ [ 98.1406932, 13.8816366 ], [ 98.140713, 13.8815656 ], [ 98.140547, 13.8815218 ], [ 98.1405271, 13.8815928 ], [ 98.1406932, 13.8816366 ] ] ] } },
{ "type": "Feature", "properties": { "bid": "KDG-B0135", "source": "OSM", "src_id": "1564126700", "area_m2": 158.2, "overlap": 0.0, "overlap_outwash": 0.0, "dist_m": 227.3, "landslide": "", "f_veg": 0.182, "f_soil": 0.538, "f_grey": 0.262, "f_dark": 0.018, "status": "clear", "status_auto": "clear", "note": "", "reach": "" }, "geometry": { "type": "Polygon", "coordinates": [ [ [ 98.1403401, 13.8817939 ], [ 98.1403559, 13.8817259 ], [ 98.1401708, 13.8816851 ], [ 98.140154900000013, 13.8817531 ], [ 98.1403401, 13.8817939 ] ] ] } },
{ "type": "Feature", "properties": { "bid": "KDG-B0136", "source": "OSM", "src_id": "1564126701", "area_m2": 273.5, "overlap": 0.0, "overlap_outwash": 0.0, "dist_m": 242.7, "landslide": "", "f_veg": 0.0, "f_soil": 0.0, "f_grey": 1.0, "f_dark": 0.0, "status": "clear", "status_auto": "clear", "note": "", "reach": "A" }, "geometry": { "type": "Polygon", "coordinates": [ [ [ 98.1404694, 13.8819673 ], [ 98.1407273, 13.8820394 ], [ 98.1407516, 13.8819574 ], [ 98.1404937, 13.8818854 ], [ 98.1404694, 13.8819673 ] ] ] } },
{ "type": "Feature", "properties": { "bid": "KDG-B0137", "source": "OSM", "src_id": "1564126702", "area_m2": 197.5, "overlap": 0.0, "overlap_outwash": 0.0, "dist_m": 231.1, "landslide": "", "f_veg": 0.0, "f_soil": 0.001, "f_grey": 0.999, "f_dark": 0.0, "status": "clear", "status_auto": "clear", "note": "", "reach": "A" }, "geometry": { "type": "Polygon", "coordinates": [ [ [ 98.140705, 13.8819218 ], [ 98.1407317, 13.8818411 ], [ 98.1405462, 13.8817832 ], [ 98.1405195, 13.881864 ], [ 98.140705, 13.8819218 ] ] ] } },
{ "type": "Feature", "properties": { "bid": "KDG-B0138", "source": "OSM", "src_id": "1564126703", "area_m2": 186.5, "overlap": 0.0, "overlap_outwash": 0.0, "dist_m": 217.2, "landslide": "", "f_veg": 0.711, "f_soil": 0.105, "f_grey": 0.183, "f_dark": 0.001, "status": "clear", "status_auto": "clear", "note": "", "reach": "A" }, "geometry": { "type": "Polygon", "coordinates": [ [ [ 98.1404033, 13.8820208 ], [ 98.1404399, 13.8820316 ], [ 98.1405619, 13.8816412 ], [ 98.1405253, 13.8816304 ], [ 98.1404033, 13.8820208 ] ] ] } },
{ "type": "Feature", "properties": { "bid": "KDG-B0139", "source": "OSM", "src_id": "1564126704", "area_m2": 38.3, "overlap": 0.0, "overlap_outwash": 0.0, "dist_m": 212.5, "landslide": "", "f_veg": 0.0, "f_soil": 0.005, "f_grey": 0.964, "f_dark": 0.031, "status": "clear", "status_auto": "clear", "note": "", "reach": "A" }, "geometry": { "type": "Polygon", "coordinates": [ [ [ 98.1410693, 13.8818009 ], [ 98.1410809, 13.881759 ], [ 98.1410095, 13.8817404 ], [ 98.1409979, 13.8817823 ], [ 98.1410693, 13.8818009 ] ] ] } },
{ "type": "Feature", "properties": { "bid": "KDG-B0140", "source": "OSM", "src_id": "1564126705", "area_m2": 21.6, "overlap": 0.0, "overlap_outwash": 0.0, "dist_m": 202.9, "landslide": "", "f_veg": 0.585, "f_soil": 0.11, "f_grey": 0.303, "f_dark": 0.001, "status": "clear", "status_auto": "clear", "note": "", "reach": "A" }, "geometry": { "type": "Polygon", "coordinates": [ [ [ 98.1413282, 13.881747 ], [ 98.1413366, 13.881699 ], [ 98.1413, 13.8816929 ], [ 98.1412915, 13.8817409 ], [ 98.1413282, 13.881747 ] ] ] } },
{ "type": "Feature", "properties": { "bid": "KDG-B0141", "source": "OSM", "src_id": "1564126706", "area_m2": 116.9, "overlap": 0.0, "overlap_outwash": 0.0, "dist_m": 246.5, "landslide": "", "f_veg": 0.93, "f_soil": 0.0, "f_grey": 0.069, "f_dark": 0.0, "status": "clear", "status_auto": "clear", "note": "", "reach": "" }, "geometry": { "type": "Polygon", "coordinates": [ [ [ 98.1411193, 13.882266 ], [ 98.1411668, 13.882279 ], [ 98.1412224, 13.8820883 ], [ 98.1411749, 13.8820753 ], [ 98.1411193, 13.882266 ] ] ] } },
{ "type": "Feature", "properties": { "bid": "KDG-B0142", "source": "OSM", "src_id": "1564126707", "area_m2": 151.4, "overlap": 0.0, "overlap_outwash": 0.0, "dist_m": 340.3, "landslide": "", "f_veg": 0.302, "f_soil": 0.016, "f_grey": 0.681, "f_dark": 0.001, "status": "clear", "status_auto": "clear", "note": "", "reach": "" }, "geometry": { "type": "Polygon", "coordinates": [ [ [ 98.1407596, 13.8829504 ], [ 98.1407795, 13.8828794 ], [ 98.1406134, 13.8828356 ], [ 98.1405935, 13.8829066 ], [ 98.1407596, 13.8829504 ] ] ] } },
{ "type": "Feature", "properties": { "bid": "KDG-B0143", "source": "OSM", "src_id": "1564126708", "area_m2": 197.4, "overlap": 0.0, "overlap_outwash": 0.0, "dist_m": 314.1, "landslide": "", "f_veg": 0.008, "f_soil": 0.916, "f_grey": 0.071, "f_dark": 0.005, "status": "clear", "status_auto": "clear", "note": "", "reach": "" }, "geometry": { "type": "Polygon", "coordinates": [ [ [ 98.14133, 13.8827188 ], [ 98.1412451, 13.8826991 ], [ 98.1411996, 13.882883 ], [ 98.141284500000012, 13.8829028 ], [ 98.14133, 13.8827188 ] ] ] } },
{ "type": "Feature", "properties": { "bid": "KDG-B0144", "source": "OSM", "src_id": "1564126709", "area_m2": 116.7, "overlap": 0.0, "overlap_outwash": 0.0, "dist_m": 318.3, "landslide": "", "f_veg": 0.26, "f_soil": 0.478, "f_grey": 0.258, "f_dark": 0.004, "status": "clear", "status_auto": "clear", "note": "", "reach": "" }, "geometry": { "type": "Polygon", "coordinates": [ [ [ 98.1415452, 13.8828615 ], [ 98.1416387, 13.882858 ], [ 98.1416346, 13.8827537 ], [ 98.1415411, 13.8827572 ], [ 98.1415452, 13.8828615 ] ] ] } },
{ "type": "Feature", "properties": { "bid": "KDG-B0145", "source": "OSM", "src_id": "1564126710", "area_m2": 151.4, "overlap": 0.0, "overlap_outwash": 0.0, "dist_m": 323.2, "landslide": "", "f_veg": 0.033, "f_soil": 0.466, "f_grey": 0.492, "f_dark": 0.009, "status": "clear", "status_auto": "clear", "note": "", "reach": "A" }, "geometry": { "type": "Polygon", "coordinates": [ [ [ 98.1419611, 13.8827753 ], [ 98.1418858, 13.8827839 ], [ 98.141906, 13.8829498 ], [ 98.1419813, 13.8829412 ], [ 98.1419611, 13.8827753 ] ] ] } },
{ "type": "Feature", "properties": { "bid": "KDG-B0146", "source": "OSM", "src_id": "1564126711", "area_m2": 93.4, "overlap": 0.0, "overlap_outwash": 0.0, "dist_m": 398.3, "landslide": "", "f_veg": 0.268, "f_soil": 0.023, "f_grey": 0.697, "f_dark": 0.011, "status": "clear", "status_auto": "clear", "note": "", "reach": "" }, "geometry": { "type": "Polygon", "coordinates": [ [ [ 98.141968, 13.8835691 ], [ 98.1420646, 13.8835663 ], [ 98.1420621, 13.8834855 ], [ 98.1419654, 13.8834884 ], [ 98.141968, 13.8835691 ] ] ] } },
{ "type": "Feature", "properties": { "bid": "KDG-B0147", "source": "OSM", "src_id": "1564126712", "area_m2": 151.3, "overlap": 0.0, "overlap_outwash": 0.0, "dist_m": 311.2, "landslide": "", "f_veg": 0.292, "f_soil": 0.407, "f_grey": 0.27, "f_dark": 0.031, "status": "clear", "status_auto": "clear", "note": "", "reach": "A" }, "geometry": { "type": "Polygon", "coordinates": [ [ [ 98.1423645, 13.8827467 ], [ 98.1422887, 13.8827461 ], [ 98.1422872, 13.8829131 ], [ 98.142363, 13.8829138 ], [ 98.1423645, 13.8827467 ] ] ] } },
{ "type": "Feature", "properties": { "bid": "KDG-B0148", "source": "OSM", "src_id": "1564126713", "area_m2": 111.5, "overlap": 0.0, "overlap_outwash": 0.0, "dist_m": 375.7, "landslide": "", "f_veg": 0.189, "f_soil": 0.67, "f_grey": 0.134, "f_dark": 0.006, "status": "clear", "status_auto": "clear", "note": "", "reach": "" }, "geometry": { "type": "Polygon", "coordinates": [ [ [ 98.1418324, 13.8833357 ], [ 98.1419625, 13.8833252 ], [ 98.141956400000012, 13.883254 ], [ 98.1418263, 13.8832644 ], [ 98.1418324, 13.8833357 ] ] ] } },
{ "type": "Feature", "properties": { "bid": "KDG-B0149", "source": "OSM", "src_id": "1564126714", "area_m2": 113.5, "overlap": 0.0, "overlap_outwash": 0.0, "dist_m": 378.0, "landslide": "", "f_veg": 0.145, "f_soil": 0.15, "f_grey": 0.693, "f_dark": 0.012, "status": "clear", "status_auto": "clear", "note": "", "reach": "" }, "geometry": { "type": "Polygon", "coordinates": [ [ [ 98.1420934, 13.883397 ], [ 98.1422286, 13.8834071 ], [ 98.14223410000001, 13.8833373 ], [ 98.1420989, 13.8833272 ], [ 98.1420934, 13.883397 ] ] ] } },
{ "type": "Feature", "properties": { "bid": "KDG-B0150", "source": "OSM", "src_id": "1564126715", "area_m2": 107.0, "overlap": 0.0, "overlap_outwash": 0.0, "dist_m": 343.9, "landslide": "", "f_veg": 0.171, "f_soil": 0.304, "f_grey": 0.525, "f_dark": 0.0, "status": "clear", "status_auto": "clear", "note": "", "reach": "" }, "geometry": { "type": "Polygon", "coordinates": [ [ [ 98.141065500000011, 13.8830085 ], [ 98.1412139, 13.8830368 ], [ 98.1412257, 13.8829787 ], [ 98.1410773, 13.8829504 ], [ 98.141065500000011, 13.8830085 ] ] ] } },
{ "type": "Feature", "properties": { "bid": "KDG-B0151", "source": "OSM", "src_id": "1564126716", "area_m2": 69.5, "overlap": 0.0, "overlap_outwash": 0.0, "dist_m": 355.5, "landslide": "", "f_veg": 0.148, "f_soil": 0.45, "f_grey": 0.366, "f_dark": 0.036, "status": "clear", "status_auto": "clear", "note": "", "reach": "" }, "geometry": { "type": "Polygon", "coordinates": [ [ [ 98.1414858, 13.883177 ], [ 98.14160320000002, 13.8831339 ], [ 98.141586300000014, 13.8830906 ], [ 98.1414689, 13.8831337 ], [ 98.1414858, 13.883177 ] ] ] } },
{ "type": "Feature", "properties": { "bid": "KDG-B0152", "source": "OSM", "src_id": "1564126717", "area_m2": 46.0, "overlap": 0.0, "overlap_outwash": 0.0, "dist_m": 327.0, "landslide": "", "f_veg": 0.271, "f_soil": 0.578, "f_grey": 0.151, "f_dark": 0.0, "status": "clear", "status_auto": "clear", "note": "", "reach": "" }, "geometry": { "type": "Polygon", "coordinates": [ [ [ 98.1417825, 13.8829006 ], [ 98.141834, 13.8828969 ], [ 98.1418284, 13.8828227 ], [ 98.141776800000017, 13.8828264 ], [ 98.1417825, 13.8829006 ] ] ] } },
{ "type": "Feature", "properties": { "bid": "KDG-B0153", "source": "OSM", "src_id": "1564126718", "area_m2": 38.4, "overlap": 0.0, "overlap_outwash": 0.0, "dist_m": 314.5, "landslide": "", "f_veg": 0.095, "f_soil": 0.011, "f_grey": 0.895, "f_dark": 0.0, "status": "clear", "status_auto": "clear", "note": "", "reach": "" }, "geometry": { "type": "Polygon", "coordinates": [ [ [ 98.1417239, 13.8827157 ], [ 98.1416795, 13.8827204 ], [ 98.1416874, 13.8827918 ], [ 98.1417319, 13.8827871 ], [ 98.1417239, 13.8827157 ] ] ] } },
{ "type": "Feature", "properties": { "bid": "KDG-B0154", "source": "OSM", "src_id": "1564126719", "area_m2": 38.4, "overlap": 0.0, "overlap_outwash": 0.0, "dist_m": 329.0, "landslide": "", "f_veg": 0.397, "f_soil": 0.0, "f_grey": 0.587, "f_dark": 0.016, "status": "clear", "status_auto": "clear", "note": "", "reach": "" }, "geometry": { "type": "Polygon", "coordinates": [ [ [ 98.1417426, 13.8828463 ], [ 98.1416982, 13.8828509 ], [ 98.1417061, 13.8829224 ], [ 98.1417505, 13.8829177 ], [ 98.1417426, 13.8828463 ] ] ] } },
{ "type": "Feature", "properties": { "bid": "KDG-B0155", "source": "OSM", "src_id": "1564126720", "area_m2": 69.5, "overlap": 0.0, "overlap_outwash": 0.0, "dist_m": 311.9, "landslide": "", "f_veg": 0.277, "f_soil": 0.425, "f_grey": 0.287, "f_dark": 0.01, "status": "clear", "status_auto": "clear", "note": "", "reach": "A" }, "geometry": { "type": "Polygon", "coordinates": [ [ [ 98.1422362, 13.8828428 ], [ 98.1422316, 13.882721 ], [ 98.14218390000002, 13.8827227 ], [ 98.1421885, 13.8828445 ], [ 98.1422362, 13.8828428 ] ] ] } },
{ "type": "Feature", "properties": { "bid": "KDG-B0156", "source": "OSM", "src_id": "1564126721", "area_m2": 45.9, "overlap": 0.0, "overlap_outwash": 0.0, "dist_m": 291.4, "landslide": "", "f_veg": 0.316, "f_soil": 0.475, "f_grey": 0.162, "f_dark": 0.047, "status": "clear", "status_auto": "clear", "note": "", "reach": "A" }, "geometry": { "type": "Polygon", "coordinates": [ [ [ 98.1418583, 13.8825715 ], [ 98.1419099, 13.8825677 ], [ 98.1419042, 13.8824936 ], [ 98.1418527, 13.8824973 ], [ 98.1418583, 13.8825715 ] ] ] } },
{ "type": "Feature", "properties": { "bid": "KDG-B0157", "source": "OSM", "src_id": "1564126722", "area_m2": 46.0, "overlap": 0.0, "overlap_outwash": 0.0, "dist_m": 282.3, "landslide": "", "f_veg": 0.0, "f_soil": 0.003, "f_grey": 0.997, "f_dark": 0.0, "status": "clear", "status_auto": "clear", "note": "", "reach": "A" }, "geometry": { "type": "Polygon", "coordinates": [ [ [ 98.1420939, 13.8824895 ], [ 98.1421456, 13.8824903 ], [ 98.142146900000014, 13.882416 ], [ 98.1420952, 13.8824151 ], [ 98.1420939, 13.8824895 ] ] ] } },
{ "type": "Feature", "properties": { "bid": "KDG-B0158", "source": "OSM", "src_id": "1564126723", "area_m2": 111.5, "overlap": 0.0, "overlap_outwash": 0.0, "dist_m": 263.0, "landslide": "", "f_veg": 0.001, "f_soil": 0.691, "f_grey": 0.284, "f_dark": 0.024, "status": "clear", "status_auto": "clear", "note": "", "reach": "A" }, "geometry": { "type": "Polygon", "coordinates": [ [ [ 98.1425855, 13.882463 ], [ 98.142556400000018, 13.8823395 ], [ 98.1424846, 13.8823554 ], [ 98.1425137, 13.8824789 ], [ 98.1425855, 13.882463 ] ] ] } },
{ "type": "Feature", "properties": { "bid": "KDG-B0159", "source": "OSM", "src_id": "1564126724", "area_m2": 151.4, "overlap": 0.0, "overlap_outwash": 0.0, "dist_m": 260.0, "landslide": "", "f_veg": 0.07, "f_soil": 0.022, "f_grey": 0.89, "f_dark": 0.018, "status": "clear", "status_auto": "clear", "note": "", "reach": "A" }, "geometry": { "type": "Polygon", "coordinates": [ [ [ 98.14243, 13.8822864 ], [ 98.1423567, 13.8823053 ], [ 98.1424011, 13.8824668 ], [ 98.1424743, 13.8824478 ], [ 98.14243, 13.8822864 ] ] ] } },
{ "type": "Feature", "properties": { "bid": "KDG-B0160", "source": "OSM", "src_id": "1564126725", "area_m2": 151.5, "overlap": 0.0, "overlap_outwash": 0.0, "dist_m": 235.1, "landslide": "", "f_veg": 0.013, "f_soil": 0.009, "f_grey": 0.967, "f_dark": 0.012, "status": "clear", "status_auto": "clear", "note": "", "reach": "A" }, "geometry": { "type": "Polygon", "coordinates": [ [ [ 98.1432108, 13.8821159 ], [ 98.1431375, 13.8821349 ], [ 98.1431819, 13.8822963 ], [ 98.143255200000013, 13.8822773 ], [ 98.1432108, 13.8821159 ] ] ] } },
{ "type": "Feature", "properties": { "bid": "KDG-B0161", "source": "OSM", "src_id": "1564126726", "area_m2": 69.5, "overlap": 0.0, "overlap_outwash": 0.0, "dist_m": 239.3, "landslide": "", "f_veg": 0.07, "f_soil": 0.159, "f_grey": 0.662, "f_dark": 0.11, "status": "clear", "status_auto": "clear", "note": "", "reach": "A" }, "geometry": { "type": "Polygon", "coordinates": [ [ [ 98.143011700000017, 13.8822805 ], [ 98.1429787, 13.882163 ], [ 98.1429326, 13.8821752 ], [ 98.1429657, 13.8822927 ], [ 98.143011700000017, 13.8822805 ] ] ] } },
{ "type": "Feature", "properties": { "bid": "KDG-B0162", "source": "OSM", "src_id": "1564126727", "area_m2": 46.0, "overlap": 0.0, "overlap_outwash": 0.0, "dist_m": 245.3, "landslide": "", "f_veg": 0.036, "f_soil": 0.53, "f_grey": 0.434, "f_dark": 0.0, "status": "clear", "status_auto": "clear", "note": "", "reach": "A" }, "geometry": { "type": "Polygon", "coordinates": [ [ [ 98.1430397, 13.882298 ], [ 98.1430905, 13.8822889 ], [ 98.1430766, 13.8822157 ], [ 98.1430257, 13.8822249 ], [ 98.1430397, 13.882298 ] ] ] } },
{ "type": "Feature", "properties": { "bid": "KDG-B0163", "source": "OSM", "src_id": "1564126728", "area_m2": 46.0, "overlap": 0.0, "overlap_outwash": 0.0, "dist_m": 218.2, "landslide": "", "f_veg": 0.195, "f_soil": 0.805, "f_grey": 0.0, "f_dark": 0.0, "status": "clear", "status_auto": "clear", "note": "", "reach": "A" }, "geometry": { "type": "Polygon", "coordinates": [ [ [ 98.1430845, 13.8820514 ], [ 98.1431354, 13.8820422 ], [ 98.143121400000012, 13.8819691 ], [ 98.1430705, 13.8819783 ], [ 98.1430845, 13.8820514 ] ] ] } },
{ "type": "Feature", "properties": { "bid": "KDG-B0164", "source": "OSM", "src_id": "1564126729", "area_m2": 45.9, "overlap": 0.0, "overlap_outwash": 0.0, "dist_m": 237.0, "landslide": "", "f_veg": 0.131, "f_soil": 0.0, "f_grey": 0.869, "f_dark": 0.0, "status": "clear", "status_auto": "clear", "note": "", "reach": "A" }, "geometry": { "type": "Polygon", "coordinates": [ [ [ 98.1433194, 13.882218 ], [ 98.1433703, 13.8822094 ], [ 98.1433572, 13.8821362 ], [ 98.1433063, 13.8821447 ], [ 98.1433194, 13.882218 ] ] ] } },
{ "type": "Feature", "properties": { "bid": "KDG-B0165", "source": "OSM", "src_id": "1564126730", "area_m2": 111.5, "overlap": 0.0, "overlap_outwash": 0.0, "dist_m": 218.2, "landslide": "", "f_veg": 0.0, "f_soil": 0.012, "f_grey": 0.967, "f_dark": 0.021, "status": "clear", "status_auto": "clear", "note": "", "reach": "A" }, "geometry": { "type": "Polygon", "coordinates": [ [ [ 98.1435932, 13.8820982 ], [ 98.1435904, 13.8819715 ], [ 98.1435168, 13.8819731 ], [ 98.1435196, 13.8820998 ], [ 98.1435932, 13.8820982 ] ] ] } },
{ "type": "Feature", "properties": { "bid": "KDG-B0166", "source": "OSM", "src_id": "1564126731", "area_m2": 151.5, "overlap": 0.0, "overlap_outwash": 0.0, "dist_m": 211.8, "landslide": "", "f_veg": 0.206, "f_soil": 0.117, "f_grey": 0.652, "f_dark": 0.025, "status": "clear", "status_auto": "clear", "note": "", "reach": "A" }, "geometry": { "type": "Polygon", "coordinates": [ [ [ 98.1436721, 13.8819117 ], [ 98.1436023, 13.8819405 ], [ 98.1436696, 13.8820943 ], [ 98.1437394, 13.8820655 ], [ 98.1436721, 13.8819117 ] ] ] } },
{ "type": "Feature", "properties": { "bid": "KDG-B0167", "source": "OSM", "src_id": "1564126732", "area_m2": 45.9, "overlap": 0.0, "overlap_outwash": 0.0, "dist_m": 210.0, "landslide": "", "f_veg": 0.295, "f_soil": 0.005, "f_grey": 0.684, "f_dark": 0.016, "status": "clear", "status_auto": "clear", "note": "", "reach": "A" }, "geometry": { "type": "Polygon", "coordinates": [ [ [ 98.1437528, 13.8819678 ], [ 98.1438037, 13.8819592 ], [ 98.1437906, 13.8818859 ], [ 98.1437397, 13.8818945 ], [ 98.1437528, 13.8819678 ] ] ] } },
{ "type": "Feature", "properties": { "bid": "KDG-B0168", "source": "OSM", "src_id": "1564126733", "area_m2": 111.5, "overlap": 0.0, "overlap_outwash": 0.0, "dist_m": 187.3, "landslide": "", "f_veg": 0.007, "f_soil": 0.0, "f_grey": 0.986, "f_dark": 0.007, "status": "clear", "status_auto": "clear", "note": "", "reach": "A" }, "geometry": { "type": "Polygon", "coordinates": [ [ [ 98.1440924, 13.8817452 ], [ 98.1440318, 13.8816329 ], [ 98.1439666, 13.881666 ], [ 98.1440271, 13.8817783 ], [ 98.1440924, 13.8817452 ] ] ] } },
{ "type": "Feature", "properties": { "bid": "KDG-B0169", "source": "OSM", "src_id": "1564126734", "area_m2": 111.5, "overlap": 0.0, "overlap_outwash": 0.0, "dist_m": 197.4, "landslide": "", "f_veg": 0.302, "f_soil": 0.066, "f_grey": 0.577, "f_dark": 0.055, "status": "clear", "status_auto": "clear", "note": "", "reach": "" }, "geometry": { "type": "Polygon", "coordinates": [ [ [ 98.1449367, 13.8813934 ], [ 98.1448761, 13.8812811 ], [ 98.1448109, 13.8813142 ], [ 98.1448715, 13.8814265 ], [ 98.1449367, 13.8813934 ] ] ] } },
{ "type": "Feature", "properties": { "bid": "KDG-B0170", "source": "OSM", "src_id": "1564126735", "area_m2": 38.3, "overlap": 0.0, "overlap_outwash": 0.0, "dist_m": 321.3, "landslide": "", "f_veg": 0.686, "f_soil": 0.06, "f_grey": 0.235, "f_dark": 0.019, "status": "clear", "status_auto": "clear", "note": "", "reach": "A" }, "geometry": { "type": "Polygon", "coordinates": [ [ [ 98.1425436, 13.8828797 ], [ 98.1425422, 13.882923 ], [ 98.1426162, 13.8829252 ], [ 98.1426176, 13.8828819 ], [ 98.1425436, 13.8828797 ] ] ] } },
{ "type": "Feature", "properties": { "bid": "KDG-B0171", "source": "OSM", "src_id": "1564126736", "area_m2": 111.5, "overlap": 0.0, "overlap_outwash": 0.0, "dist_m": 401.4, "landslide": "", "f_veg": 0.0, "f_soil": 0.106, "f_grey": 0.856, "f_dark": 0.038, "status": "clear", "status_auto": "clear", "note": "", "reach": "" }, "geometry": { "type": "Polygon", "coordinates": [ [ [ 98.1426334, 13.8836127 ], [ 98.1425034, 13.8836008 ], [ 98.1424965, 13.883672 ], [ 98.1426265, 13.8836838 ], [ 98.1426334, 13.8836127 ] ] ] } },
{ "type": "Feature", "properties": { "bid": "KDG-B0172", "source": "OSM", "src_id": "1564126737", "area_m2": 46.0, "overlap": 0.0, "overlap_outwash": 0.0, "dist_m": 391.0, "landslide": "", "f_veg": 0.019, "f_soil": 0.001, "f_grey": 0.839, "f_dark": 0.14, "status": "clear", "status_auto": "clear", "note": "", "reach": "" }, "geometry": { "type": "Polygon", "coordinates": [ [ [ 98.1429079, 13.8835863 ], [ 98.1429112, 13.8835362 ], [ 98.1428347, 13.8835315 ], [ 98.1428314, 13.8835816 ], [ 98.1429079, 13.8835863 ] ] ] } },
{ "type": "Feature", "properties": { "bid": "KDG-B0173", "source": "OSM", "src_id": "1564126738", "area_m2": 93.4, "overlap": 0.0, "overlap_outwash": 0.0, "dist_m": 426.9, "landslide": "", "f_veg": 0.058, "f_soil": 0.207, "f_grey": 0.664, "f_dark": 0.072, "status": "clear", "status_auto": "clear", "note": "", "reach": "" }, "geometry": { "type": "Polygon", "coordinates": [ [ [ 98.142992400000011, 13.8839417 ], [ 98.143089, 13.8839388 ], [ 98.1430865, 13.883858 ], [ 98.1429898, 13.8838609 ], [ 98.142992400000011, 13.8839417 ] ] ] } },
{ "type": "Feature", "properties": { "bid": "KDG-B0174", "source": "OSM", "src_id": "1564126739", "area_m2": 93.3, "overlap": 0.0, "overlap_outwash": 0.0, "dist_m": 422.3, "landslide": "", "f_veg": 0.0, "f_soil": 0.04, "f_grey": 0.954, "f_dark": 0.006, "status": "clear", "status_auto": "clear", "note": "", "reach": "" }, "geometry": { "type": "Polygon", "coordinates": [ [ [ 98.1431717, 13.8838945 ], [ 98.1432684, 13.8838916 ], [ 98.1432658, 13.8838109 ], [ 98.1431692, 13.8838138 ], [ 98.1431717, 13.8838945 ] ] ] } },
{ "type": "Feature", "properties": { "bid": "KDG-B0175", "source": "OSM", "src_id": "1564126740", "area_m2": 113.5, "overlap": 0.0, "overlap_outwash": 0.0, "dist_m": 453.2, "landslide": "", "f_veg": 0.001, "f_soil": 0.831, "f_grey": 0.132, "f_dark": 0.036, "status": "clear", "status_auto": "clear", "note": "", "reach": "" }, "geometry": { "type": "Polygon", "coordinates": [ [ [ 98.1426104, 13.8841509 ], [ 98.1427456, 13.884161 ], [ 98.1427511, 13.8840912 ], [ 98.1426159, 13.8840811 ], [ 98.1426104, 13.8841509 ] ] ] } },
{ "type": "Feature", "properties": { "bid": "KDG-B0176", "source": "OSM", "src_id": "1564126741", "area_m2": 113.5, "overlap": 0.0, "overlap_outwash": 0.0, "dist_m": 442.7, "landslide": "", "f_veg": 0.229, "f_soil": 0.098, "f_grey": 0.667, "f_dark": 0.005, "status": "clear", "status_auto": "clear", "note": "", "reach": "" }, "geometry": { "type": "Polygon", "coordinates": [ [ [ 98.1426141, 13.8840566 ], [ 98.1427494, 13.8840667 ], [ 98.142754900000014, 13.8839969 ], [ 98.1426197, 13.8839868 ], [ 98.1426141, 13.8840566 ] ] ] } },
{ "type": "Feature", "properties": { "bid": "KDG-B0177", "source": "OSM", "src_id": "1564126742", "area_m2": 113.6, "overlap": 0.0, "overlap_outwash": 0.0, "dist_m": 429.5, "landslide": "", "f_veg": 0.045, "f_soil": 0.002, "f_grey": 0.896, "f_dark": 0.057, "status": "clear", "status_auto": "clear", "note": "", "reach": "" }, "geometry": { "type": "Polygon", "coordinates": [ [ [ 98.1427253, 13.883963 ], [ 98.142860200000015, 13.8839499 ], [ 98.142853, 13.8838802 ], [ 98.142718, 13.8838933 ], [ 98.1427253, 13.883963 ] ] ] } },
{ "type": "Feature", "properties": { "bid": "KDG-B0178", "source": "OSM", "src_id": "1564126743", "area_m2": 45.9, "overlap": 0.0, "overlap_outwash": 0.0, "dist_m": 443.2, "landslide": "", "f_veg": 0.721, "f_soil": 0.0, "f_grey": 0.278, "f_dark": 0.0, "status": "clear", "status_auto": "clear", "note": "", "reach": "" }, "geometry": { "type": "Polygon", "coordinates": [ [ [ 98.1429322, 13.8840558 ], [ 98.1429231, 13.8840064 ], [ 98.1428477, 13.8840195 ], [ 98.1428568, 13.8840689 ], [ 98.1429322, 13.8840558 ] ] ] } },
{ "type": "Feature", "properties": { "bid": "KDG-B0179", "source": "OSM", "src_id": "1564126744", "area_m2": 111.6, "overlap": 0.0, "overlap_outwash": 0.0, "dist_m": 451.3, "landslide": "", "f_veg": 0.107, "f_soil": 0.004, "f_grey": 0.875, "f_dark": 0.014, "status": "clear", "status_auto": "clear", "note": "", "reach": "" }, "geometry": { "type": "Polygon", "coordinates": [ [ [ 98.1431416, 13.8841969 ], [ 98.1430959, 13.8840782 ], [ 98.1430269, 13.8841032 ], [ 98.1430726, 13.884222 ], [ 98.1431416, 13.8841969 ] ] ] } },
{ "type": "Feature", "properties": { "bid": "KDG-B0180", "source": "OSM", "src_id": "1564126745", "area_m2": 113.5, "overlap": 0.0, "overlap_outwash": 0.0, "dist_m": 477.4, "landslide": "", "f_veg": 0.464, "f_soil": 0.421, "f_grey": 0.109, "f_dark": 0.007, "status": "clear", "status_auto": "clear", "note": "", "reach": "" }, "geometry": { "type": "Polygon", "coordinates": [ [ [ 98.1426451, 13.8843885 ], [ 98.1427805, 13.8843806 ], [ 98.142776200000014, 13.8843107 ], [ 98.1426408, 13.8843186 ], [ 98.1426451, 13.8843885 ] ] ] } },
{ "type": "Feature", "properties": { "bid": "KDG-B0181", "source": "OSM", "src_id": "1564126746", "area_m2": 46.0, "overlap": 0.0, "overlap_outwash": 0.0, "dist_m": 481.3, "landslide": "", "f_veg": 0.011, "f_soil": 0.415, "f_grey": 0.572, "f_dark": 0.002, "status": "clear", "status_auto": "clear", "note": "", "reach": "" }, "geometry": { "type": "Polygon", "coordinates": [ [ [ 98.1429672, 13.8844351 ], [ 98.1430175, 13.8844233 ], [ 98.1429995, 13.884351 ], [ 98.1429493, 13.8843628 ], [ 98.1429672, 13.8844351 ] ] ] } },
{ "type": "Feature", "properties": { "bid": "KDG-B0182", "source": "OSM", "src_id": "1564126747", "area_m2": 113.5, "overlap": 0.0, "overlap_outwash": 0.0, "dist_m": 498.3, "landslide": "", "f_veg": 0.081, "f_soil": 0.295, "f_grey": 0.616, "f_dark": 0.008, "status": "clear", "status_auto": "clear", "note": "", "reach": "" }, "geometry": { "type": "Polygon", "coordinates": [ [ [ 98.1424583, 13.8845662 ], [ 98.1425937, 13.8845583 ], [ 98.1425894, 13.8844884 ], [ 98.142454, 13.8844963 ], [ 98.1424583, 13.8845662 ] ] ] } },
{ "type": "Feature", "properties": { "bid": "KDG-B0183", "source": "OSM", "src_id": "1564126748", "area_m2": 93.3, "overlap": 0.0, "overlap_outwash": 0.0, "dist_m": 511.9, "landslide": "", "f_veg": 0.001, "f_soil": 0.122, "f_grey": 0.867, "f_dark": 0.011, "status": "clear", "status_auto": "clear", "note": "", "reach": "" }, "geometry": { "type": "Polygon", "coordinates": [ [ [ 98.1425067, 13.884696 ], [ 98.1426033, 13.8846932 ], [ 98.1426008, 13.8846124 ], [ 98.1425042, 13.8846153 ], [ 98.1425067, 13.884696 ] ] ] } },
{ "type": "Feature", "properties": { "bid": "KDG-B0184", "source": "OSM", "src_id": "1564126749", "area_m2": 93.4, "overlap": 0.0, "overlap_outwash": 0.0, "dist_m": 485.8, "landslide": "", "f_veg": 0.392, "f_soil": 0.03, "f_grey": 0.565, "f_dark": 0.013, "status": "clear", "status_auto": "clear", "note": "", "reach": "" }, "geometry": { "type": "Polygon", "coordinates": [ [ [ 98.1424357, 13.884453 ], [ 98.1425324, 13.8844502 ], [ 98.1425298, 13.8843694 ], [ 98.1424332, 13.8843723 ], [ 98.1424357, 13.884453 ] ] ] } },
{ "type": "Feature", "properties": { "bid": "KDG-B0185", "source": "OSM", "src_id": "1564126750", "area_m2": 113.5, "overlap": 0.0, "overlap_outwash": 0.0, "dist_m": 434.3, "landslide": "", "f_veg": 0.956, "f_soil": 0.005, "f_grey": 0.038, "f_dark": 0.001, "status": "clear", "status_auto": "clear", "note": "", "reach": "" }, "geometry": { "type": "Polygon", "coordinates": [ [ [ 98.142404900000017, 13.8839623 ], [ 98.1425401, 13.8839724 ], [ 98.1425457, 13.8839026 ], [ 98.142410500000011, 13.8838925 ], [ 98.142404900000017, 13.8839623 ] ] ] } },
{ "type": "Feature", "properties": { "bid": "KDG-B0186", "source": "OSM", "src_id": "1564126751", "area_m2": 113.5, "overlap": 0.0, "overlap_outwash": 0.0, "dist_m": 484.8, "landslide": "", "f_veg": 0.297, "f_soil": 0.023, "f_grey": 0.674, "f_dark": 0.007, "status": "clear", "status_auto": "clear", "note": "", "reach": "" }, "geometry": { "type": "Polygon", "coordinates": [ [ [ 98.1419213, 13.8842653 ], [ 98.1419042, 13.8843959 ], [ 98.1419758, 13.8844048 ], [ 98.1419928, 13.8842742 ], [ 98.1419213, 13.8842653 ] ] ] } },
{ "type": "Feature", "properties": { "bid": "KDG-B0187", "source": "OSM", "src_id": "1564126752", "area_m2": 113.4, "overlap": 0.0, "overlap_outwash": 0.0, "dist_m": 472.4, "landslide": "", "f_veg": 0.159, "f_soil": 0.347, "f_grey": 0.491, "f_dark": 0.003, "status": "clear", "status_auto": "clear", "note": "", "reach": "" }, "geometry": { "type": "Polygon", "coordinates": [ [ [ 98.1420329, 13.8842386 ], [ 98.1421592, 13.8842864 ], [ 98.1421854, 13.8842212 ], [ 98.1420591, 13.8841734 ], [ 98.1420329, 13.8842386 ] ] ] } },
{ "type": "Feature", "properties": { "bid": "KDG-B0188", "source": "OSM", "src_id": "1564126753", "area_m2": 113.6, "overlap": 0.0, "overlap_outwash": 0.0, "dist_m": 503.9, "landslide": "", "f_veg": 0.086, "f_soil": 0.029, "f_grey": 0.885, "f_dark": 0.0, "status": "clear", "status_auto": "clear", "note": "", "reach": "" }, "geometry": { "type": "Polygon", "coordinates": [ [ [ 98.1417073, 13.8844392 ], [ 98.14173, 13.884569 ], [ 98.1418012, 13.8845573 ], [ 98.1417785, 13.8844275 ], [ 98.1417073, 13.8844392 ] ] ] } },
{ "type": "Feature", "properties": { "bid": "KDG-B0189", "source": "OSM", "src_id": "1564126754", "area_m2": 93.4, "overlap": 0.0, "overlap_outwash": 0.0, "dist_m": 439.1, "landslide": "", "f_veg": 0.078, "f_soil": 0.139, "f_grey": 0.768, "f_dark": 0.015, "status": "clear", "status_auto": "clear", "note": "", "reach": "" }, "geometry": { "type": "Polygon", "coordinates": [ [ [ 98.1413604, 13.8839479 ], [ 98.1414535, 13.8839223 ], [ 98.1414307, 13.8838445 ], [ 98.1413377, 13.8838702 ], [ 98.1413604, 13.8839479 ] ] ] } },
{ "type": "Feature", "properties": { "bid": "KDG-B0190", "source": "OSM", "src_id": "1564126755", "area_m2": 111.6, "overlap": 0.0, "overlap_outwash": 0.339, "dist_m": 412.1, "landslide": "", "f_veg": 0.074, "f_soil": 0.239, "f_grey": 0.687, "f_dark": 0.0, "status": "outwash", "status_auto": "outwash", "note": "", "reach": "" }, "geometry": { "type": "Polygon", "coordinates": [ [ [ 98.1401253, 13.883527 ], [ 98.1402426, 13.8835826 ], [ 98.1402749, 13.8835183 ], [ 98.1401576, 13.8834627 ], [ 98.1401253, 13.883527 ] ] ] } },
{ "type": "Feature", "properties": { "bid": "KDG-B0191", "source": "OSM", "src_id": "1564126756", "area_m2": 111.6, "overlap": 0.0, "overlap_outwash": 0.063, "dist_m": 388.2, "landslide": "", "f_veg": 0.044, "f_soil": 0.522, "f_grey": 0.433, "f_dark": 0.001, "status": "clear", "status_auto": "clear", "note": "", "reach": "" }, "geometry": { "type": "Polygon", "coordinates": [ [ [ 98.1400054, 13.8834242 ], [ 98.1400525, 13.8833059 ], [ 98.1399838, 13.8832802 ], [ 98.1399367, 13.8833984 ], [ 98.1400054, 13.8834242 ] ] ] } },
{ "type": "Feature", "properties": { "bid": "KDG-B0192", "source": "OSM", "src_id": "1564126757", "area_m2": 69.6, "overlap": 0.0, "overlap_outwash": 0.0, "dist_m": 430.8, "landslide": "", "f_veg": 0.364, "f_soil": 0.047, "f_grey": 0.581, "f_dark": 0.007, "status": "clear", "status_auto": "clear", "note": "", "reach": "" }, "geometry": { "type": "Polygon", "coordinates": [ [ [ 98.1408082, 13.8838321 ], [ 98.1408201, 13.8837108 ], [ 98.1407725, 13.8837064 ], [ 98.1407607, 13.8838278 ], [ 98.1408082, 13.8838321 ] ] ] } },
{ "type": "Feature", "properties": { "bid": "KDG-B0193", "source": "OSM", "src_id": "1564126758", "area_m2": 93.4, "overlap": 0.0, "overlap_outwash": 0.0, "dist_m": 480.1, "landslide": "", "f_veg": 0.055, "f_soil": 0.091, "f_grey": 0.84, "f_dark": 0.014, "status": "clear", "status_auto": "clear", "note": "", "reach": "" }, "geometry": { "type": "Polygon", "coordinates": [ [ [ 98.1412103, 13.8842935 ], [ 98.141307, 13.8842906 ], [ 98.1413044, 13.8842098 ], [ 98.1412078, 13.8842127 ], [ 98.1412103, 13.8842935 ] ] ] } },
{ "type": "Feature", "properties": { "bid": "KDG-B0194", "source": "OSM", "src_id": "1564126759", "area_m2": 93.3, "overlap": 0.0, "overlap_outwash": 0.0, "dist_m": 490.8, "landslide": "", "f_veg": 0.0, "f_soil": 0.635, "f_grey": 0.365, "f_dark": 0.0, "status": "clear", "status_auto": "clear", "note": "", "reach": "" }, "geometry": { "type": "Polygon", "coordinates": [ [ [ 98.141232700000018, 13.8843914 ], [ 98.1413294, 13.8843885 ], [ 98.1413268, 13.8843078 ], [ 98.1412302, 13.8843107 ], [ 98.141232700000018, 13.8843914 ] ] ] } },
{ "type": "Feature", "properties": { "bid": "KDG-B0195", "source": "OSM", "src_id": "1564126760", "area_m2": 113.4, "overlap": 0.0, "overlap_outwash": 0.0, "dist_m": 522.9, "landslide": "", "f_veg": 0.195, "f_soil": 0.197, "f_grey": 0.584, "f_dark": 0.024, "status": "clear", "status_auto": "clear", "note": "", "reach": "" }, "geometry": { "type": "Polygon", "coordinates": [ [ [ 98.1413581, 13.8847123 ], [ 98.1414864, 13.8846696 ], [ 98.1414629, 13.8846034 ], [ 98.1413347, 13.8846461 ], [ 98.1413581, 13.8847123 ] ] ] } },
{ "type": "Feature", "properties": { "bid": "KDG-B0196", "source": "OSM", "src_id": "1564126761", "area_m2": 69.5, "overlap": 0.0, "overlap_outwash": 0.0, "dist_m": 531.7, "landslide": "", "f_veg": 0.703, "f_soil": 0.057, "f_grey": 0.229, "f_dark": 0.012, "status": "clear", "status_auto": "clear", "note": "", "reach": "" }, "geometry": { "type": "Polygon", "coordinates": [ [ [ 98.1414126, 13.88477 ], [ 98.14153, 13.8847269 ], [ 98.1415131, 13.8846835 ], [ 98.1413957, 13.8847267 ], [ 98.1414126, 13.88477 ] ] ] } },
{ "type": "Feature", "properties": { "bid": "KDG-B0197", "source": "OSM", "src_id": "1564126762", "area_m2": 93.3, "overlap": 0.0, "overlap_outwash": 0.0, "dist_m": 552.9, "landslide": "", "f_veg": 0.007, "f_soil": 0.053, "f_grey": 0.938, "f_dark": 0.002, "status": "clear", "status_auto": "clear", "note": "", "reach": "" }, "geometry": { "type": "Polygon", "coordinates": [ [ [ 98.1415864, 13.8849702 ], [ 98.1416818, 13.8849547 ], [ 98.141668, 13.884875 ], [ 98.1415727, 13.8848906 ], [ 98.1415864, 13.8849702 ] ] ] } },
{ "type": "Feature", "properties": { "bid": "KDG-B0198", "source": "OSM", "src_id": "1564126763", "area_m2": 46.0, "overlap": 0.0, "overlap_outwash": 0.0, "dist_m": 544.0, "landslide": "", "f_veg": 0.193, "f_soil": 0.13, "f_grey": 0.644, "f_dark": 0.033, "status": "clear", "status_auto": "clear", "note": "", "reach": "" }, "geometry": { "type": "Polygon", "coordinates": [ [ [ 98.141736600000016, 13.8848793 ], [ 98.141784800000011, 13.8848611 ], [ 98.141757, 13.8847918 ], [ 98.1417088, 13.88481 ], [ 98.141736600000016, 13.8848793 ] ] ] } },
{ "type": "Feature", "properties": { "bid": "KDG-B0199", "source": "OSM", "src_id": "1564126764", "area_m2": 113.5, "overlap": 0.0, "overlap_outwash": 0.0, "dist_m": 536.2, "landslide": "", "f_veg": 0.172, "f_soil": 0.165, "f_grey": 0.653, "f_dark": 0.01, "status": "clear", "status_auto": "clear", "note": "", "reach": "" }, "geometry": { "type": "Polygon", "coordinates": [ [ [ 98.1417977, 13.8847461 ], [ 98.1418449, 13.8848696 ], [ 98.1419125, 13.8848452 ], [ 98.1418654, 13.8847218 ], [ 98.1417977, 13.8847461 ] ] ] } },
{ "type": "Feature", "properties": { "bid": "KDG-B0200", "source": "OSM", "src_id": "1564126765", "area_m2": 46.0, "overlap": 0.0, "overlap_outwash": 0.0, "dist_m": 526.7, "landslide": "", "f_veg": 0.311, "f_soil": 0.096, "f_grey": 0.588, "f_dark": 0.004, "status": "clear", "status_auto": "clear", "note": "", "reach": "" }, "geometry": { "type": "Polygon", "coordinates": [ [ [ 98.1419695, 13.884747 ], [ 98.1420198, 13.8847354 ], [ 98.1420022, 13.884663 ], [ 98.1419519, 13.8846746 ], [ 98.1419695, 13.884747 ] ] ] } },
{ "type": "Feature", "properties": { "bid": "KDG-B0201", "source": "OSM", "src_id": "1564126766", "area_m2": 93.3, "overlap": 0.0, "overlap_outwash": 0.0, "dist_m": 513.6, "landslide": "", "f_veg": 0.0, "f_soil": 0.002, "f_grey": 0.993, "f_dark": 0.004, "status": "clear", "status_auto": "clear", "note": "", "reach": "" }, "geometry": { "type": "Polygon", "coordinates": [ [ [ 98.1421753, 13.8846957 ], [ 98.1422636, 13.8846576 ], [ 98.1422299, 13.8845838 ], [ 98.1421415, 13.8846219 ], [ 98.1421753, 13.8846957 ] ] ] } },
{ "type": "Feature", "properties": { "bid": "KDG-B0202", "source": "OSM", "src_id": "1564126767", "area_m2": 38.4, "overlap": 0.0, "overlap_outwash": 0.0, "dist_m": 528.6, "landslide": "", "f_veg": 0.042, "f_soil": 0.051, "f_grey": 0.879, "f_dark": 0.028, "status": "clear", "status_auto": "clear", "note": "", "reach": "" }, "geometry": { "type": "Polygon", "coordinates": [ [ [ 98.1421365, 13.8847289 ], [ 98.1421432, 13.8847718 ], [ 98.1422164, 13.8847609 ], [ 98.142209600000015, 13.884718 ], [ 98.1421365, 13.8847289 ] ] ] } },
{ "type": "Feature", "properties": { "bid": "KDG-B0203", "source": "OSM", "src_id": "1564126768", "area_m2": 93.3, "overlap": 0.0, "overlap_outwash": 0.0, "dist_m": 523.3, "landslide": "", "f_veg": 0.0, "f_soil": 0.168, "f_grey": 0.832, "f_dark": 0.0, "status": "clear", "status_auto": "clear", "note": "", "reach": "" }, "geometry": { "type": "Polygon", "coordinates": [ [ [ 98.1424843, 13.8847976 ], [ 98.142580900000013, 13.8847947 ], [ 98.1425784, 13.884714 ], [ 98.1424817, 13.8847169 ], [ 98.1424843, 13.8847976 ] ] ] } },
{ "type": "Feature", "properties": { "bid": "KDG-B0204", "source": "OSM", "src_id": "1564130976", "area_m2": 81.2, "overlap": 0.0, "overlap_outwash": 0.173, "dist_m": 351.6, "landslide": "", "f_veg": 0.354, "f_soil": 0.119, "f_grey": 0.523, "f_dark": 0.003, "status": "clear", "status_auto": "clear", "note": "", "reach": "" }, "geometry": { "type": "Polygon", "coordinates": [ [ [ 98.1396547, 13.8830802 ], [ 98.1396995, 13.8830802 ], [ 98.1397443, 13.883033 ], [ 98.1397331, 13.8829895 ], [ 98.1396397, 13.8830076 ], [ 98.1396547, 13.8830802 ] ] ] } },
{ "type": "Feature", "properties": { "bid": "KDG-B0205", "source": "OSM", "src_id": "1564130977", "area_m2": 38.3, "overlap": 0.0, "overlap_outwash": 0.0, "dist_m": 224.0, "landslide": "", "f_veg": 0.265, "f_soil": 0.083, "f_grey": 0.652, "f_dark": 0.0, "status": "clear", "status_auto": "clear", "note": "", "reach": "" }, "geometry": { "type": "Polygon", "coordinates": [ [ [ 98.1414381, 13.8819787 ], [ 98.1414708, 13.8819492 ], [ 98.1414203, 13.8818967 ], [ 98.1413877, 13.8819263 ], [ 98.1414381, 13.8819787 ] ] ] } },
{ "type": "Feature", "properties": { "bid": "KDG-B0206", "source": "OSM", "src_id": "1564130978", "area_m2": 111.5, "overlap": 0.0, "overlap_outwash": 0.0, "dist_m": 206.9, "landslide": "", "f_veg": 0.17, "f_soil": 0.044, "f_grey": 0.774, "f_dark": 0.012, "status": "clear", "status_auto": "clear", "note": "", "reach": "" }, "geometry": { "type": "Polygon", "coordinates": [ [ [ 98.14466010000001, 13.8816846 ], [ 98.144558, 13.8816055 ], [ 98.1445121, 13.8816613 ], [ 98.1446142, 13.8817404 ], [ 98.14466010000001, 13.8816846 ] ] ] } },
{ "type": "Feature", "properties": { "bid": "KDG-B0207", "source": "OSM", "src_id": "1564130979", "area_m2": 111.5, "overlap": 0.0, "overlap_outwash": 0.0, "dist_m": 176.9, "landslide": "", "f_veg": 0.735, "f_soil": 0.149, "f_grey": 0.11, "f_dark": 0.007, "status": "clear", "status_auto": "clear", "note": "", "reach": "" }, "geometry": { "type": "Polygon", "coordinates": [ [ [ 98.1453813, 13.8811758 ], [ 98.1453207, 13.8810635 ], [ 98.1452555, 13.8810966 ], [ 98.1453161, 13.8812089 ], [ 98.1453813, 13.8811758 ] ] ] } },
{ "type": "Feature", "properties": { "bid": "KDG-B0208", "source": "OSM", "src_id": "1564130980", "area_m2": 45.9, "overlap": 0.0, "overlap_outwash": 0.0, "dist_m": 163.7, "landslide": "", "f_veg": 0.0, "f_soil": 0.023, "f_grey": 0.975, "f_dark": 0.002, "status": "clear", "status_auto": "clear", "note": "", "reach": "" }, "geometry": { "type": "Polygon", "coordinates": [ [ [ 98.1454766, 13.8810649 ], [ 98.1455209, 13.881039 ], [ 98.145481500000017, 13.8809753 ], [ 98.1454372, 13.8810011 ], [ 98.1454766, 13.8810649 ] ] ] } },
{ "type": "Feature", "properties": { "bid": "KDG-B0209", "source": "OSM", "src_id": "1564130981", "area_m2": 111.5, "overlap": 0.0, "overlap_outwash": 0.0, "dist_m": 190.8, "landslide": "", "f_veg": 0.436, "f_soil": 0.402, "f_grey": 0.162, "f_dark": 0.0, "status": "clear", "status_auto": "clear", "note": "", "reach": "" }, "geometry": { "type": "Polygon", "coordinates": [ [ [ 98.1451571, 13.8812374 ], [ 98.1450965, 13.8811251 ], [ 98.1450313, 13.8811582 ], [ 98.1450919, 13.8812705 ], [ 98.1451571, 13.8812374 ] ] ] } },
{ "type": "Feature", "properties": { "bid": "KDG-B0210", "source": "OSM", "src_id": "1564130982", "area_m2": 111.5, "overlap": 0.0, "overlap_outwash": 0.0, "dist_m": 138.2, "landslide": "", "f_veg": 0.097, "f_soil": 0.001, "f_grey": 0.9, "f_dark": 0.002, "status": "clear", "status_auto": "clear", "note": "", "reach": "A" }, "geometry": { "type": "Polygon", "coordinates": [ [ [ 98.1458147, 13.8808965 ], [ 98.1457541, 13.8807842 ], [ 98.1456889, 13.8808173 ], [ 98.1457495, 13.8809296 ], [ 98.1458147, 13.8808965 ] ] ] } },
{ "type": "Feature", "properties": { "bid": "KDG-B0211", "source": "OSM", "src_id": "1564130983", "area_m2": 111.5, "overlap": 0.0, "overlap_outwash": 0.0, "dist_m": 130.5, "landslide": "", "f_veg": 0.324, "f_soil": 0.0, "f_grey": 0.672, "f_dark": 0.004, "status": "clear", "status_auto": "clear", "note": "", "reach": "A" }, "geometry": { "type": "Polygon", "coordinates": [ [ [ 98.1458782, 13.8808312 ], [ 98.1458176, 13.8807189 ], [ 98.1457524, 13.880752 ], [ 98.145813, 13.8808643 ], [ 98.1458782, 13.8808312 ] ] ] } },
{ "type": "Feature", "properties": { "bid": "KDG-B0212", "source": "OSM", "src_id": "1564130984", "area_m2": 59.9, "overlap": 0.0, "overlap_outwash": 0.0, "dist_m": 152.2, "landslide": "", "f_veg": 0.154, "f_soil": 0.017, "f_grey": 0.786, "f_dark": 0.042, "status": "clear", "status_auto": "clear", "note": "", "reach": "" }, "geometry": { "type": "Polygon", "coordinates": [ [ [ 98.1456558, 13.8809993 ], [ 98.1457145, 13.8809744 ], [ 98.1456823, 13.8809027 ], [ 98.1456235, 13.8809276 ], [ 98.1456558, 13.8809993 ] ] ] } },
{ "type": "Feature", "properties": { "bid": "KDG-B0213", "source": "OSM", "src_id": "1564130988", "area_m2": 111.6, "overlap": 0.0, "overlap_outwash": 0.0, "dist_m": 107.1, "landslide": "", "f_veg": 0.263, "f_soil": 0.079, "f_grey": 0.643, "f_dark": 0.014, "status": "clear", "status_auto": "clear", "note": "", "reach": "A" }, "geometry": { "type": "Polygon", "coordinates": [ [ [ 98.145599, 13.8804753 ], [ 98.1454711, 13.8805012 ], [ 98.1454861, 13.8805712 ], [ 98.145614, 13.8805452 ], [ 98.145599, 13.8804753 ] ] ] } },
{ "type": "Feature", "properties": { "bid": "KDG-B0214", "source": "OSM", "src_id": "1564130989", "area_m2": 59.9, "overlap": 0.0, "overlap_outwash": 0.0, "dist_m": 118.9, "landslide": "", "f_veg": 0.003, "f_soil": 0.341, "f_grey": 0.627, "f_dark": 0.029, "status": "clear", "status_auto": "clear", "note": "", "reach": "A" }, "geometry": { "type": "Polygon", "coordinates": [ [ [ 98.1455102, 13.8806649 ], [ 98.1455734, 13.8806546 ], [ 98.14556, 13.8805774 ], [ 98.1454968, 13.8805878 ], [ 98.1455102, 13.8806649 ] ] ] } },
{ "type": "Feature", "properties": { "bid": "KDG-B0215", "source": "OSM", "src_id": "1564130990", "area_m2": 45.9, "overlap": 0.0, "overlap_outwash": 0.0, "dist_m": 128.7, "landslide": "", "f_veg": 0.586, "f_soil": 0.011, "f_grey": 0.366, "f_dark": 0.037, "status": "clear", "status_auto": "clear", "note": "", "reach": "" }, "geometry": { "type": "Polygon", "coordinates": [ [ [ 98.1453748, 13.8807192 ], [ 98.14542320000001, 13.8807017 ], [ 98.1453965, 13.8806319 ], [ 98.145348100000021, 13.8806495 ], [ 98.1453748, 13.8807192 ] ] ] } },
{ "type": "Feature", "properties": { "bid": "KDG-B0216", "source": "OSM", "src_id": "1564130995", "area_m2": 111.5, "overlap": 0.0, "overlap_outwash": 0.0, "dist_m": 73.6, "landslide": "", "f_veg": 0.033, "f_soil": 0.031, "f_grey": 0.874, "f_dark": 0.061, "status": "clear", "status_auto": "clear", "note": "", "reach": "A" }, "geometry": { "type": "Polygon", "coordinates": [ [ [ 98.1460398, 13.8803045 ], [ 98.14596490000001, 13.8802006 ], [ 98.1459046, 13.8802415 ], [ 98.145979400000016, 13.8803454 ], [ 98.1460398, 13.8803045 ] ] ] } },
{ "type": "Feature", "properties": { "bid": "KDG-B0217", "source": "OSM", "src_id": "1564130996", "area_m2": 60.0, "overlap": 0.0, "overlap_outwash": 0.0, "dist_m": 73.8, "landslide": "", "f_veg": 0.039, "f_soil": 0.0, "f_grey": 0.961, "f_dark": 0.0, "status": "clear", "status_auto": "clear", "note": "", "reach": "A" }, "geometry": { "type": "Polygon", "coordinates": [ [ [ 98.146245, 13.8801975 ], [ 98.1463046, 13.8801744 ], [ 98.1462747, 13.8801018 ], [ 98.1462151, 13.8801249 ], [ 98.146245, 13.8801975 ] ] ] } },
{ "type": "Feature", "properties": { "bid": "KDG-B0218", "source": "OSM", "src_id": "1564130997", "area_m2": 111.4, "overlap": 0.0, "overlap_outwash": 0.0, "dist_m": 47.0, "landslide": "", "f_veg": 0.004, "f_soil": 0.0, "f_grey": 0.995, "f_dark": 0.0, "status": "clear", "status_auto": "clear", "note": "", "reach": "A" }, "geometry": { "type": "Polygon", "coordinates": [ [ [ 98.1458692, 13.8800753 ], [ 98.1458127, 13.879961 ], [ 98.1457464, 13.8799919 ], [ 98.1458029, 13.8801062 ], [ 98.1458692, 13.8800753 ] ] ] } },
{ "type": "Feature", "properties": { "bid": "KDG-B0219", "source": "OSM", "src_id": "1564130998", "area_m2": 60.0, "overlap": 0.0, "overlap_outwash": 0.0, "dist_m": 85.8, "landslide": "", "f_veg": 0.345, "f_soil": 0.008, "f_grey": 0.623, "f_dark": 0.023, "status": "clear", "status_auto": "clear", "note": "", "reach": "A" }, "geometry": { "type": "Polygon", "coordinates": [ [ [ 98.1453476, 13.8802442 ], [ 98.1453289, 13.8801846 ], [ 98.1452518, 13.8802075 ], [ 98.1452705, 13.880267 ], [ 98.1453476, 13.8802442 ] ] ] } },
{ "type": "Feature", "properties": { "bid": "KDG-B0220", "source": "OSM", "src_id": "1564130999", "area_m2": 59.9, "overlap": 0.0, "overlap_outwash": 0.0, "dist_m": 70.2, "landslide": "", "f_veg": 0.0, "f_soil": 0.0, "f_grey": 0.993, "f_dark": 0.007, "status": "clear", "status_auto": "clear", "note": "", "reach": "A" }, "geometry": { "type": "Polygon", "coordinates": [ [ [ 98.1461224, 13.8802246 ], [ 98.1461773, 13.8801925 ], [ 98.1461358, 13.8801255 ], [ 98.1460809, 13.8801576 ], [ 98.1461224, 13.8802246 ] ] ] } },
{ "type": "Feature", "properties": { "bid": "KDG-B0221", "source": "OSM", "src_id": "1564131000", "area_m2": 45.9, "overlap": 0.0, "overlap_outwash": 0.0, "dist_m": 73.9, "landslide": "", "f_veg": 0.0, "f_soil": 0.005, "f_grey": 0.979, "f_dark": 0.015, "status": "clear", "status_auto": "clear", "note": "", "reach": "" }, "geometry": { "type": "Polygon", "coordinates": [ [ [ 98.1463536, 13.8801207 ], [ 98.146402, 13.8801032 ], [ 98.1463753, 13.8800335 ], [ 98.1463269, 13.880051 ], [ 98.1463536, 13.8801207 ] ] ] } },
{ "type": "Feature", "properties": { "bid": "KDG-B0222", "source": "OSM", "src_id": "1564131001", "area_m2": 60.0, "overlap": null, "overlap_outwash": null, "dist_m": null, "landslide": null, "f_veg": null, "f_soil": null, "f_grey": null, "f_dark": null, "status": "not_surveyed", "status_auto": "not_surveyed", "note": "", "reach": "A" }, "geometry": { "type": "Polygon", "coordinates": [ [ [ 98.1466406, 13.8800108 ], [ 98.1465766, 13.8800145 ], [ 98.1465815, 13.8800926 ], [ 98.1466455, 13.8800889 ], [ 98.1466406, 13.8800108 ] ] ] } },
{ "type": "Feature", "properties": { "bid": "KDG-B0223", "source": "OSM", "src_id": "1564131002", "area_m2": 45.9, "overlap": 0.0, "overlap_outwash": 0.0, "dist_m": 56.1, "landslide": "", "f_veg": 0.0, "f_soil": 0.0, "f_grey": 1.0, "f_dark": 0.0, "status": "clear", "status_auto": "clear", "note": "", "reach": "A" }, "geometry": { "type": "Polygon", "coordinates": [ [ [ 98.145741900000019, 13.8801219 ], [ 98.1457862, 13.880096 ], [ 98.1457468, 13.8800324 ], [ 98.1457024, 13.8800581 ], [ 98.145741900000019, 13.8801219 ] ] ] } },
{ "type": "Feature", "properties": { "bid": "KDG-B0224", "source": "OSM", "src_id": "1564131003", "area_m2": 174.7, "overlap": 0.0, "overlap_outwash": 0.0, "dist_m": 93.9, "landslide": "", "f_veg": 0.004, "f_soil": 0.083, "f_grey": 0.905, "f_dark": 0.008, "status": "clear", "status_auto": "clear", "note": "", "reach": "A" }, "geometry": { "type": "Polygon", "coordinates": [ [ [ 98.1458645, 13.8805139 ], [ 98.1460878, 13.8804274 ], [ 98.146064600000017, 13.8803709 ], [ 98.1458413, 13.8804575 ], [ 98.1458645, 13.8805139 ] ] ] } },
{ "type": "Feature", "properties": { "bid": "KDG-B0225", "source": "OSM", "src_id": "1564131004", "area_m2": 38.1, "overlap": 0.0, "overlap_outwash": 0.0, "dist_m": 87.1, "landslide": "", "f_veg": 0.001, "f_soil": 0.138, "f_grey": 0.83, "f_dark": 0.032, "status": "clear", "status_auto": "clear", "note": "", "reach": "A" }, "geometry": { "type": "Polygon", "coordinates": [ [ [ 98.1461744, 13.880348 ], [ 98.1462184, 13.8803323 ], [ 98.1461942, 13.8802685 ], [ 98.1461502, 13.8802842 ], [ 98.1461744, 13.880348 ] ] ] } },
{ "type": "Feature", "properties": { "bid": "KDG-B0226", "source": "OSM", "src_id": "1564131005", "area_m2": 111.5, "overlap": null, "overlap_outwash": null, "dist_m": null, "landslide": null, "f_veg": null, "f_soil": null, "f_grey": null, "f_dark": null, "status": "not_surveyed", "status_auto": "not_surveyed", "note": "", "reach": "A" }, "geometry": { "type": "Polygon", "coordinates": [ [ [ 98.1480306, 13.8805144 ], [ 98.1480511, 13.8803892 ], [ 98.1479785, 13.8803779 ], [ 98.1479579, 13.8805031 ], [ 98.1480306, 13.8805144 ] ] ] } },
{ "type": "Feature", "properties": { "bid": "KDG-B0227", "source": "OSM", "src_id": "1564131006", "area_m2": 111.4, "overlap": 0.0, "overlap_outwash": 0.0, "dist_m": 233.6, "landslide": "", "f_veg": 0.008, "f_soil": 0.806, "f_grey": 0.186, "f_dark": 0.0, "status": "clear", "status_auto": "clear", "note": "", "reach": "A" }, "geometry": { "type": "Polygon", "coordinates": [ [ [ 98.1480038, 13.8782579 ], [ 98.1478738, 13.8782466 ], [ 98.1478672, 13.8783177 ], [ 98.1479972, 13.878329 ], [ 98.1480038, 13.8782579 ] ] ] } },
{ "type": "Feature", "properties": { "bid": "KDG-B0228", "source": "OSM", "src_id": "1564131007", "area_m2": 46.0, "overlap": 0.0, "overlap_outwash": 0.0, "dist_m": 285.9, "landslide": "", "f_veg": 0.0, "f_soil": 0.021, "f_grey": 0.979, "f_dark": 0.0, "status": "clear", "status_auto": "clear", "note": "", "reach": "A" }, "geometry": { "type": "Polygon", "coordinates": [ [ [ 98.148422, 13.8782417 ], [ 98.1484228, 13.8781915 ], [ 98.1483462, 13.8781903 ], [ 98.1483454, 13.8782405 ], [ 98.148422, 13.8782417 ] ] ] } },
{ "type": "Feature", "properties": { "bid": "KDG-B0229", "source": "OSM", "src_id": "1564131680", "area_m2": 38.1, "overlap": null, "overlap_outwash": null, "dist_m": null, "landslide": null, "f_veg": null, "f_soil": null, "f_grey": null, "f_dark": null, "status": "not_surveyed", "status_auto": "not_surveyed", "note": "", "reach": "" }, "geometry": { "type": "Polygon", "coordinates": [ [ [ 98.1498894, 13.8811333 ], [ 98.1498927, 13.8810879 ], [ 98.1498229, 13.8810832 ], [ 98.1498196, 13.8811286 ], [ 98.1498894, 13.8811333 ] ] ] } },
{ "type": "Feature", "properties": { "bid": "KDG-B0230", "source": "OSM", "src_id": "1564131682", "area_m2": 95.3, "overlap": null, "overlap_outwash": null, "dist_m": null, "landslide": null, "f_veg": null, "f_soil": null, "f_grey": null, "f_dark": null, "status": "not_surveyed", "status_auto": "not_surveyed", "note": "", "reach": "" }, "geometry": { "type": "Polygon", "coordinates": [ [ [ 98.1495967, 13.8811803 ], [ 98.1497404, 13.8811921 ], [ 98.1497452, 13.881137 ], [ 98.1496015, 13.8811252 ], [ 98.1495967, 13.8811803 ] ] ] } },
{ "type": "Feature", "properties": { "bid": "KDG-B0231", "source": "OSM", "src_id": "1564131683", "area_m2": 111.6, "overlap": null, "overlap_outwash": null, "dist_m": null, "landslide": null, "f_veg": null, "f_soil": null, "f_grey": null, "f_dark": null, "status": "not_surveyed", "status_auto": "not_surveyed", "note": "", "reach": "" }, "geometry": { "type": "Polygon", "coordinates": [ [ [ 98.150043, 13.8808222 ], [ 98.1499126, 13.8808151 ], [ 98.1499084, 13.8808864 ], [ 98.1500388, 13.8808936 ], [ 98.150043, 13.8808222 ] ] ] } },
{ "type": "Feature", "properties": { "bid": "KDG-B0232", "source": "OSM", "src_id": "1564131684", "area_m2": 74.5, "overlap": 0.0, "overlap_outwash": 0.0, "dist_m": 429.3, "landslide": "", "f_veg": 0.012, "f_soil": 0.001, "f_grey": 0.987, "f_dark": 0.0, "status": "clear", "status_auto": "clear", "note": "", "reach": "" }, "geometry": { "type": "Polygon", "coordinates": [ [ [ 98.149632, 13.8809019 ], [ 98.1497047, 13.8809068 ], [ 98.1497108, 13.8808214 ], [ 98.1496382, 13.8808165 ], [ 98.149632, 13.8809019 ] ] ] } },
{ "type": "Feature", "properties": { "bid": "KDG-B0233", "source": "OSM", "src_id": "1564131685", "area_m2": 147.8, "overlap": 0.0, "overlap_outwash": 0.0, "dist_m": 424.8, "landslide": "", "f_veg": 0.505, "f_soil": 0.239, "f_grey": 0.256, "f_dark": 0.001, "status": "clear", "status_auto": "clear", "note": "", "reach": "" }, "geometry": { "type": "Polygon", "coordinates": [ [ [ 98.14951330000001, 13.8810964 ], [ 98.1496848, 13.8810939 ], [ 98.1496837, 13.8810218 ], [ 98.1495122, 13.8810243 ], [ 98.14951330000001, 13.8810964 ] ] ] } },
{ "type": "Feature", "properties": { "bid": "KDG-B0234", "source": "OSM", "src_id": "1564131686", "area_m2": 95.4, "overlap": 0.0, "overlap_outwash": 0.0, "dist_m": 426.8, "landslide": "", "f_veg": 0.025, "f_soil": 0.005, "f_grey": 0.969, "f_dark": 0.0, "status": "clear", "status_auto": "clear", "note": "", "reach": "" }, "geometry": { "type": "Polygon", "coordinates": [ [ [ 98.149569, 13.8809776 ], [ 98.1497127, 13.8809893 ], [ 98.1497175, 13.8809342 ], [ 98.1495738, 13.8809224 ], [ 98.149569, 13.8809776 ] ] ] } },
{ "type": "Feature", "properties": { "bid": "KDG-B0235", "source": "OSM", "src_id": "1564131688", "area_m2": 38.0, "overlap": null, "overlap_outwash": null, "dist_m": null, "landslide": null, "f_veg": null, "f_soil": null, "f_grey": null, "f_dark": null, "status": "not_surveyed", "status_auto": "not_surveyed", "note": "", "reach": "" }, "geometry": { "type": "Polygon", "coordinates": [ [ [ 98.1500426, 13.880796 ], [ 98.1500459, 13.8807506 ], [ 98.149976, 13.8807459 ], [ 98.1499728, 13.8807912 ], [ 98.1500426, 13.880796 ] ] ] } },
{ "type": "Feature", "properties": { "bid": "KDG-B0236", "source": "OSM", "src_id": "1565309113", "area_m2": 147.2, "overlap": 0.0, "overlap_outwash": 0.0, "dist_m": 481.3, "landslide": "", "f_veg": 0.0, "f_soil": 0.648, "f_grey": 0.346, "f_dark": 0.006, "status": "clear", "status_auto": "clear", "note": "", "reach": "" }, "geometry": { "type": "Polygon", "coordinates": [ [ [ 98.1540661, 13.8749561 ], [ 98.1542213, 13.8749066 ], [ 98.154197, 13.874835 ], [ 98.154041800000016, 13.8748845 ], [ 98.1540661, 13.8749561 ] ] ] } },
{ "type": "Feature", "properties": { "bid": "KDG-B0237", "source": "OSM", "src_id": "1565309114", "area_m2": 157.7, "overlap": 0.0, "overlap_outwash": 0.0, "dist_m": 519.6, "landslide": "", "f_veg": 0.898, "f_soil": 0.0, "f_grey": 0.095, "f_dark": 0.006, "status": "clear", "status_auto": "clear", "note": "", "reach": "" }, "geometry": { "type": "Polygon", "coordinates": [ [ [ 98.1544219, 13.8749586 ], [ 98.1545286, 13.8749613 ], [ 98.1545319, 13.8748377 ], [ 98.15442520000002, 13.874835 ], [ 98.1544219, 13.8749586 ] ] ] } },
{ "type": "Feature", "properties": { "bid": "KDG-B0238", "source": "OSM", "src_id": "1565309115", "area_m2": 85.6, "overlap": 0.0, "overlap_outwash": 0.0, "dist_m": 521.8, "landslide": "", "f_veg": 0.067, "f_soil": 0.048, "f_grey": 0.885, "f_dark": 0.0, "status": "clear", "status_auto": "clear", "note": "", "reach": "" }, "geometry": { "type": "Polygon", "coordinates": [ [ [ 98.1544965, 13.8746755 ], [ 98.1546271, 13.87468 ], [ 98.1546291, 13.8746252 ], [ 98.1544985, 13.8746207 ], [ 98.1544965, 13.8746755 ] ] ] } },
{ "type": "Feature", "properties": { "bid": "KDG-B0239", "source": "OSM", "src_id": "1565309116", "area_m2": 60.4, "overlap": 0.0, "overlap_outwash": 0.0, "dist_m": 521.1, "landslide": "", "f_veg": 0.844, "f_soil": 0.027, "f_grey": 0.127, "f_dark": 0.002, "status": "clear", "status_auto": "clear", "note": "", "reach": "" }, "geometry": { "type": "Polygon", "coordinates": [ [ [ 98.1545107, 13.8745867 ], [ 98.1546019, 13.8745868 ], [ 98.1546019, 13.8745313 ], [ 98.1545107, 13.8745314 ], [ 98.1545107, 13.8745867 ] ] ] } },
{ "type": "Feature", "properties": { "bid": "KDG-B0240", "source": "OSM", "src_id": "1565309117", "area_m2": 83.0, "overlap": 0.0, "overlap_outwash": 0.0, "dist_m": 494.5, "landslide": "", "f_veg": 0.602, "f_soil": 0.0, "f_grey": 0.391, "f_dark": 0.007, "status": "clear", "status_auto": "clear", "note": "", "reach": "" }, "geometry": { "type": "Polygon", "coordinates": [ [ [ 98.1543951, 13.8744372 ], [ 98.1544026, 13.874375 ], [ 98.1542925, 13.8743625 ], [ 98.1542849, 13.8744247 ], [ 98.1543951, 13.8744372 ] ] ] } },
{ "type": "Feature", "properties": { "bid": "KDG-B0241", "source": "OSM", "src_id": "1565309118", "area_m2": 107.9, "overlap": 0.0, "overlap_outwash": 0.0, "dist_m": 448.2, "landslide": "", "f_veg": 0.209, "f_soil": 0.008, "f_grey": 0.773, "f_dark": 0.01, "status": "clear", "status_auto": "clear", "note": "", "reach": "" }, "geometry": { "type": "Polygon", "coordinates": [ [ [ 98.1536631, 13.8750456 ], [ 98.1536907, 13.8751826 ], [ 98.1537542, 13.8751705 ], [ 98.1537265, 13.8750335 ], [ 98.1536631, 13.8750456 ] ] ] } },
{ "type": "Feature", "properties": { "bid": "KDG-B0242", "source": "OSM", "src_id": "1565309119", "area_m2": 142.5, "overlap": 0.0, "overlap_outwash": 0.0, "dist_m": 470.6, "landslide": "", "f_veg": 0.216, "f_soil": 0.018, "f_grey": 0.741, "f_dark": 0.025, "status": "clear", "status_auto": "clear", "note": "", "reach": "" }, "geometry": { "type": "Polygon", "coordinates": [ [ [ 98.154007, 13.8751038 ], [ 98.1538516, 13.8751335 ], [ 98.153866600000015, 13.8752074 ], [ 98.154022, 13.8751776 ], [ 98.154007, 13.8751038 ] ] ] } },
{ "type": "Feature", "properties": { "bid": "KDG-B0243", "source": "OSM", "src_id": "1565309120", "area_m2": 125.3, "overlap": 0.0, "overlap_outwash": 0.0, "dist_m": 402.7, "landslide": "", "f_veg": 0.348, "f_soil": 0.118, "f_grey": 0.527, "f_dark": 0.007, "status": "clear", "status_auto": "clear", "note": "", "reach": "" }, "geometry": { "type": "Polygon", "coordinates": [ [ [ 98.1532163, 13.8750323 ], [ 98.1532404, 13.8751513 ], [ 98.1533252, 13.8751351 ], [ 98.153301200000016, 13.8750162 ], [ 98.1532163, 13.8750323 ] ] ] } },
{ "type": "Feature", "properties": { "bid": "KDG-B0244", "source": "OSM", "src_id": "1565309121", "area_m2": 121.2, "overlap": 0.0, "overlap_outwash": 0.0, "dist_m": 421.1, "landslide": "", "f_veg": 0.111, "f_soil": 0.137, "f_grey": 0.75, "f_dark": 0.002, "status": "clear", "status_auto": "clear", "note": "", "reach": "" }, "geometry": { "type": "Polygon", "coordinates": [ [ [ 98.153395, 13.875044 ], [ 98.153431, 13.8752075 ], [ 98.1534903, 13.8751952 ], [ 98.1534543, 13.8750317 ], [ 98.153395, 13.875044 ] ] ] } },
{ "type": "Feature", "properties": { "bid": "KDG-B0245", "source": "OSM", "src_id": "1565309122", "area_m2": 200.4, "overlap": 0.0, "overlap_outwash": 0.0, "dist_m": 304.5, "landslide": "", "f_veg": 0.135, "f_soil": 0.003, "f_grey": 0.847, "f_dark": 0.015, "status": "clear", "status_auto": "clear", "note": "", "reach": "" }, "geometry": { "type": "Polygon", "coordinates": [ [ [ 98.1525985, 13.8747013 ], [ 98.1526003, 13.8746128 ], [ 98.1524108, 13.8746092 ], [ 98.152409, 13.8746976 ], [ 98.1525985, 13.8747013 ] ] ] } },
{ "type": "Feature", "properties": { "bid": "KDG-B0246", "source": "OSM", "src_id": "1565309123", "area_m2": 108.5, "overlap": 0.0, "overlap_outwash": 0.0, "dist_m": 289.4, "landslide": "", "f_veg": 0.607, "f_soil": 0.042, "f_grey": 0.35, "f_dark": 0.0, "status": "clear", "status_auto": "clear", "note": "", "reach": "" }, "geometry": { "type": "Polygon", "coordinates": [ [ [ 98.1522635, 13.874601 ], [ 98.1522642, 13.8746915 ], [ 98.1523646, 13.8746906 ], [ 98.1523638, 13.8746002 ], [ 98.1522635, 13.874601 ] ] ] } },
{ "type": "Feature", "properties": { "bid": "KDG-B0247", "source": "OSM", "src_id": "1565309124", "area_m2": 79.5, "overlap": 0.0, "overlap_outwash": 0.0, "dist_m": 305.0, "landslide": "", "f_veg": 0.437, "f_soil": 0.002, "f_grey": 0.561, "f_dark": 0.0, "status": "clear", "status_auto": "clear", "note": "", "reach": "" }, "geometry": { "type": "Polygon", "coordinates": [ [ [ 98.1525697, 13.8745679 ], [ 98.1525684, 13.8745113 ], [ 98.1524509, 13.8745139 ], [ 98.1524522, 13.8745704 ], [ 98.1525697, 13.8745679 ] ] ] } },
{ "type": "Feature", "properties": { "bid": "KDG-B0248", "source": "OSM", "src_id": "1565309125", "area_m2": 86.9, "overlap": 0.0, "overlap_outwash": 0.0, "dist_m": 309.2, "landslide": "", "f_veg": 0.145, "f_soil": 0.031, "f_grey": 0.814, "f_dark": 0.01, "status": "clear", "status_auto": "clear", "note": "", "reach": "" }, "geometry": { "type": "Polygon", "coordinates": [ [ [ 98.1525905, 13.8741435 ], [ 98.1526064, 13.8742128 ], [ 98.1527064, 13.8741911 ], [ 98.1526905, 13.8741219 ], [ 98.1525905, 13.8741435 ] ] ] } },
{ "type": "Feature", "properties": { "bid": "KDG-B0249", "source": "OSM", "src_id": "1565309126", "area_m2": 107.7, "overlap": 0.0, "overlap_outwash": 0.0, "dist_m": 362.2, "landslide": "", "f_veg": 0.01, "f_soil": 0.585, "f_grey": 0.391, "f_dark": 0.014, "status": "clear", "status_auto": "clear", "note": "", "reach": "" }, "geometry": { "type": "Polygon", "coordinates": [ [ [ 98.153067, 13.8742681 ], [ 98.1532016, 13.8742895 ], [ 98.1532126, 13.8742243 ], [ 98.153078, 13.8742029 ], [ 98.153067, 13.8742681 ] ] ] } },
{ "type": "Feature", "properties": { "bid": "KDG-B0250", "source": "OSM", "src_id": "1565309127", "area_m2": 665.1, "overlap": 0.0, "overlap_outwash": 0.0, "dist_m": 349.2, "landslide": "", "f_veg": 0.014, "f_soil": 0.006, "f_grey": 0.971, "f_dark": 0.008, "status": "clear", "status_auto": "clear", "note": "", "reach": "" }, "geometry": { "type": "Polygon", "coordinates": [ [ [ 98.1529842, 13.8731532 ], [ 98.1533164, 13.8731579 ], [ 98.1533189, 13.8729904 ], [ 98.1529868, 13.8729857 ], [ 98.1529842, 13.8731532 ] ] ] } },
{ "type": "Feature", "properties": { "bid": "KDG-B0251", "source": "OSM", "src_id": "1565309128", "area_m2": 380.0, "overlap": 0.0, "overlap_outwash": 0.0, "dist_m": 356.5, "landslide": "", "f_veg": 0.133, "f_soil": 0.021, "f_grey": 0.817, "f_dark": 0.03, "status": "clear", "status_auto": "clear", "note": "", "reach": "" }, "geometry": { "type": "Polygon", "coordinates": [ [ [ 98.1532761, 13.8728837 ], [ 98.1532777, 13.8727542 ], [ 98.1530322, 13.8727513 ], [ 98.1530306, 13.8728808 ], [ 98.1532761, 13.8728837 ] ] ] } },
{ "type": "Feature", "properties": { "bid": "KDG-B0252", "source": "OSM", "src_id": "1565309129", "area_m2": 705.9, "overlap": 0.0, "overlap_outwash": 0.0, "dist_m": 332.2, "landslide": "", "f_veg": 0.087, "f_soil": 0.216, "f_grey": 0.68, "f_dark": 0.016, "status": "clear", "status_auto": "clear", "note": "", "reach": "" }, "geometry": { "type": "Polygon", "coordinates": [ [ [ 98.1529898, 13.8728212 ], [ 98.153011, 13.8721247 ], [ 98.1529563, 13.8721231 ], [ 98.1529498, 13.8723359 ], [ 98.1527041, 13.8723289 ], [ 98.152702, 13.8723976 ], [ 98.152938, 13.8724043 ], [ 98.1529254, 13.8728193 ], [ 98.1529898, 13.8728212 ] ] ] } },
{ "type": "Feature", "properties": { "bid": "KDG-B0253", "source": "OSM", "src_id": "1565309130", "area_m2": 236.5, "overlap": 0.0, "overlap_outwash": 0.0, "dist_m": 328.3, "landslide": "", "f_veg": 0.1, "f_soil": 0.017, "f_grey": 0.878, "f_dark": 0.006, "status": "clear", "status_auto": "clear", "note": "", "reach": "" }, "geometry": { "type": "Polygon", "coordinates": [ [ [ 98.152892900000012, 13.8725171 ], [ 98.1528971, 13.8724167 ], [ 98.1527003, 13.872409 ], [ 98.1526961, 13.8725094 ], [ 98.152892900000012, 13.8725171 ] ] ] } },
{ "type": "Feature", "properties": { "bid": "KDG-B0254", "source": "OSM", "src_id": "1565309131", "area_m2": 250.0, "overlap": null, "overlap_outwash": null, "dist_m": null, "landslide": null, "f_veg": null, "f_soil": null, "f_grey": null, "f_dark": null, "status": "not_surveyed", "status_auto": "not_surveyed", "note": "", "reach": "" }, "geometry": { "type": "Polygon", "coordinates": [ [ [ 98.1528161, 13.8721389 ], [ 98.1528139, 13.8723195 ], [ 98.1529296, 13.8723209 ], [ 98.1529319, 13.8721402 ], [ 98.1528161, 13.8721389 ] ] ] } },
{ "type": "Feature", "properties": { "bid": "KDG-B0255", "source": "OSM", "src_id": "1565309132", "area_m2": 223.3, "overlap": 0.0, "overlap_outwash": 0.0, "dist_m": 319.8, "landslide": "", "f_veg": 0.044, "f_soil": 0.065, "f_grey": 0.891, "f_dark": 0.0, "status": "clear", "status_auto": "clear", "note": "", "reach": "" }, "geometry": { "type": "Polygon", "coordinates": [ [ [ 98.152551, 13.8723065 ], [ 98.1527316, 13.8723099 ], [ 98.1527347, 13.8721539 ], [ 98.1526753, 13.8721527 ], [ 98.1526737, 13.8722312 ], [ 98.1525525, 13.8722289 ], [ 98.152551, 13.8723065 ] ] ] } },
{ "type": "Feature", "properties": { "bid": "KDG-B0256", "source": "OSM", "src_id": "1565309135", "area_m2": 310.9, "overlap": 0.0, "overlap_outwash": 0.0, "dist_m": 361.8, "landslide": "", "f_veg": 0.501, "f_soil": 0.073, "f_grey": 0.424, "f_dark": 0.001, "status": "clear", "status_auto": "clear", "note": "", "reach": "" }, "geometry": { "type": "Polygon", "coordinates": [ [ [ 98.1532238, 13.8725253 ], [ 98.1532291, 13.8724001 ], [ 98.1530218, 13.8723917 ], [ 98.1530165, 13.872517 ], [ 98.1532238, 13.8725253 ] ] ] } },
{ "type": "Feature", "properties": { "bid": "KDG-B0257", "source": "OSM", "src_id": "1565309136", "area_m2": 76.4, "overlap": null, "overlap_outwash": null, "dist_m": null, "landslide": null, "f_veg": null, "f_soil": null, "f_grey": null, "f_dark": null, "status": "not_surveyed", "status_auto": "not_surveyed", "note": "", "reach": "" }, "geometry": { "type": "Polygon", "coordinates": [ [ [ 98.1531491, 13.8723158 ], [ 98.1530377, 13.8723069 ], [ 98.1530329, 13.8723639 ], [ 98.1531443, 13.8723728 ], [ 98.1531491, 13.8723158 ] ] ] } },
{ "type": "Feature", "properties": { "bid": "KDG-B0258", "source": "OSM", "src_id": "1565309137", "area_m2": 76.5, "overlap": null, "overlap_outwash": null, "dist_m": null, "landslide": null, "f_veg": null, "f_soil": null, "f_grey": null, "f_dark": null, "status": "not_surveyed", "status_auto": "not_surveyed", "note": "", "reach": "" }, "geometry": { "type": "Polygon", "coordinates": [ [ [ 98.1531412, 13.8722371 ], [ 98.1530194, 13.8722289 ], [ 98.1530157, 13.8722812 ], [ 98.1531375, 13.8722894 ], [ 98.1531412, 13.8722371 ] ] ] } },
{ "type": "Feature", "properties": { "bid": "KDG-B0259", "source": "OSM", "src_id": "1565309138", "area_m2": 385.7, "overlap": 0.0, "overlap_outwash": 0.0, "dist_m": 301.1, "landslide": "", "f_veg": 0.195, "f_soil": 0.019, "f_grey": 0.775, "f_dark": 0.011, "status": "clear", "status_auto": "clear", "note": "", "reach": "" }, "geometry": { "type": "Polygon", "coordinates": [ [ [ 98.1525695, 13.8726412 ], [ 98.1525674, 13.8727269 ], [ 98.1526258, 13.8727282 ], [ 98.1526241, 13.8727962 ], [ 98.152549, 13.8727945 ], [ 98.1525496, 13.8727689 ], [ 98.15251, 13.872768 ], [ 98.1525083, 13.8728411 ], [ 98.1527264, 13.872846 ], [ 98.1527311, 13.8726448 ], [ 98.1525695, 13.8726412 ] ] ] } },
{ "type": "Feature", "properties": { "bid": "KDG-B0260", "source": "OSM", "src_id": "1565309139", "area_m2": 83.9, "overlap": 0.0, "overlap_outwash": 0.0, "dist_m": 287.9, "landslide": "", "f_veg": 0.531, "f_soil": 0.229, "f_grey": 0.205, "f_dark": 0.034, "status": "clear", "status_auto": "clear", "note": "", "reach": "" }, "geometry": { "type": "Polygon", "coordinates": [ [ [ 98.1523853, 13.8728437 ], [ 98.1524573, 13.8728424 ], [ 98.1524556, 13.8727449 ], [ 98.1523836, 13.8727462 ], [ 98.1523853, 13.8728437 ] ] ] } },
{ "type": "Feature", "properties": { "bid": "KDG-B0261", "source": "OSM", "src_id": "1565309140", "area_m2": 55.6, "overlap": 0.0, "overlap_outwash": 0.0, "dist_m": 305.5, "landslide": "", "f_veg": 0.357, "f_soil": 0.167, "f_grey": 0.45, "f_dark": 0.026, "status": "clear", "status_auto": "clear", "note": "", "reach": "" }, "geometry": { "type": "Polygon", "coordinates": [ [ [ 98.1525694, 13.8730016 ], [ 98.1526439, 13.8730013 ], [ 98.1526437, 13.8729389 ], [ 98.1525691, 13.8729392 ], [ 98.1525694, 13.8730016 ] ] ] } },
{ "type": "Feature", "properties": { "bid": "KDG-B0262", "source": "OSM", "src_id": "1565309141", "area_m2": 61.3, "overlap": null, "overlap_outwash": null, "dist_m": null, "landslide": null, "f_veg": null, "f_soil": null, "f_grey": null, "f_dark": null, "status": "not_surveyed", "status_auto": "not_surveyed", "note": "", "reach": "" }, "geometry": { "type": "Polygon", "coordinates": [ [ [ 98.1527289, 13.8720808 ], [ 98.1528047, 13.8720784 ], [ 98.1528026, 13.872011 ], [ 98.1527296, 13.8720104 ], [ 98.1527289, 13.8720808 ] ] ] } },
{ "type": "Feature", "properties": { "bid": "KDG-B0263", "source": "OSM", "src_id": "1565309145", "area_m2": 102.7, "overlap": 0.0, "overlap_outwash": 0.0, "dist_m": 284.7, "landslide": "", "f_veg": 0.976, "f_soil": 0.0, "f_grey": 0.024, "f_dark": 0.0, "status": "clear", "status_auto": "clear", "note": "", "reach": "" }, "geometry": { "type": "Polygon", "coordinates": [ [ [ 98.1522781, 13.8725136 ], [ 98.1524069, 13.8725025 ], [ 98.1524008, 13.8724363 ], [ 98.152272, 13.8724474 ], [ 98.1522781, 13.8725136 ] ] ] } },
{ "type": "Feature", "properties": { "bid": "KDG-B0264", "source": "OSM", "src_id": "1565309146", "area_m2": 190.9, "overlap": 0.0, "overlap_outwash": 0.0, "dist_m": 481.8, "landslide": "", "f_veg": 0.772, "f_soil": 0.137, "f_grey": 0.092, "f_dark": 0.0, "status": "clear", "status_auto": "clear", "note": "", "reach": "" }, "geometry": { "type": "Polygon", "coordinates": [ [ [ 98.1542317, 13.8738894 ], [ 98.1543602, 13.8738923 ], [ 98.1543632, 13.8737681 ], [ 98.1542346, 13.8737652 ], [ 98.1542317, 13.8738894 ] ] ] } },
{ "type": "Feature", "properties": { "bid": "KDG-B0265", "source": "OSM", "src_id": "1565309147", "area_m2": 66.0, "overlap": 0.0, "overlap_outwash": 0.0, "dist_m": 488.4, "landslide": "", "f_veg": 0.808, "f_soil": 0.191, "f_grey": 0.001, "f_dark": 0.001, "status": "clear", "status_auto": "clear", "note": "", "reach": "" }, "geometry": { "type": "Polygon", "coordinates": [ [ [ 98.1543051, 13.873691 ], [ 98.154362, 13.8736871 ], [ 98.154355, 13.8735906 ], [ 98.1542981, 13.8735945 ], [ 98.1543051, 13.873691 ] ] ] } },
{ "type": "Feature", "properties": { "bid": "KDG-B0266", "source": "OSM", "src_id": "1565309162", "area_m2": 67.7, "overlap": null, "overlap_outwash": null, "dist_m": null, "landslide": null, "f_veg": null, "f_soil": null, "f_grey": null, "f_dark": null, "status": "not_surveyed", "status_auto": "not_surveyed", "note": "", "reach": "" }, "geometry": { "type": "Polygon", "coordinates": [ [ [ 98.1553466, 13.8752543 ], [ 98.155347, 13.875202 ], [ 98.1552387, 13.8752011 ], [ 98.1552382, 13.8752534 ], [ 98.1553354, 13.8752542 ], [ 98.1553466, 13.8752543 ] ] ] } },
{ "type": "Feature", "properties": { "bid": "KDG-B0267", "source": "OSM", "src_id": "1565318570", "area_m2": 110.6, "overlap": null, "overlap_outwash": null, "dist_m": null, "landslide": null, "f_veg": null, "f_soil": null, "f_grey": null, "f_dark": null, "status": "not_surveyed", "status_auto": "not_surveyed", "note": "", "reach": "" }, "geometry": { "type": "Polygon", "coordinates": [ [ [ 98.1526706, 13.8785648 ], [ 98.1526793, 13.8784405 ], [ 98.1526051, 13.8784357 ], [ 98.1525965, 13.8785599 ], [ 98.1526706, 13.8785648 ] ] ] } },
{ "type": "Feature", "properties": { "bid": "KDG-B0268", "source": "OSM", "src_id": "1565318578", "area_m2": 159.7, "overlap": 0.0, "overlap_outwash": 0.0, "dist_m": 570.0, "landslide": "", "f_veg": 0.367, "f_soil": 0.16, "f_grey": 0.465, "f_dark": 0.009, "status": "clear", "status_auto": "clear", "note": "", "reach": "" }, "geometry": { "type": "Polygon", "coordinates": [ [ [ 98.1520262, 13.8786267 ], [ 98.1520351, 13.8785424 ], [ 98.1518782, 13.8785268 ], [ 98.1518693, 13.8786111 ], [ 98.1520262, 13.8786267 ] ] ] } },
{ "type": "Feature", "properties": { "bid": "KDG-B0269", "source": "OSM", "src_id": "1565318579", "area_m2": 67.1, "overlap": null, "overlap_outwash": null, "dist_m": null, "landslide": null, "f_veg": null, "f_soil": null, "f_grey": null, "f_dark": null, "status": "not_surveyed", "status_auto": "not_surveyed", "note": "", "reach": "" }, "geometry": { "type": "Polygon", "coordinates": [ [ [ 98.1520822, 13.878658 ], [ 98.1520818, 13.8787364 ], [ 98.1521534, 13.8787368 ], [ 98.152153900000016, 13.8786584 ], [ 98.1520822, 13.878658 ] ] ] } },
{ "type": "Feature", "properties": { "bid": "KDG-B0270", "source": "OSM", "src_id": "1565318580", "area_m2": 209.5, "overlap": null, "overlap_outwash": null, "dist_m": null, "landslide": null, "f_veg": null, "f_soil": null, "f_grey": null, "f_dark": null, "status": "not_surveyed", "status_auto": "not_surveyed", "note": "", "reach": "" }, "geometry": { "type": "Polygon", "coordinates": [ [ [ 98.1545406, 13.8758984 ], [ 98.154645, 13.8758879 ], [ 98.1546272, 13.8757218 ], [ 98.1545228, 13.8757323 ], [ 98.1545406, 13.8758984 ] ] ] } },
{ "type": "Feature", "properties": { "bid": "KDG-B0271", "source": "OSM", "src_id": "1565491064", "area_m2": 22.9, "overlap": null, "overlap_outwash": null, "dist_m": null, "landslide": null, "f_veg": null, "f_soil": null, "f_grey": null, "f_dark": null, "status": "not_surveyed", "status_auto": "not_surveyed", "note": "", "reach": "" }, "geometry": { "type": "Polygon", "coordinates": [ [ [ 98.1519358, 13.8792013 ], [ 98.1519336, 13.8791646 ], [ 98.1518816, 13.8791676 ], [ 98.1518838, 13.8792043 ], [ 98.1519358, 13.8792013 ] ] ] } },
{ "type": "Feature", "properties": { "bid": "KDG-B0272", "source": "VIDA/microsoft", "src_id": "00220000000000000227", "area_m2": 56.1, "overlap": 0.0, "overlap_outwash": 0.0, "dist_m": 488.6, "landslide": "", "f_veg": 0.491, "f_soil": 0.09, "f_grey": 0.414, "f_dark": 0.004, "status": "clear", "status_auto": "clear", "note": "", "reach": "" }, "geometry": { "type": "Polygon", "coordinates": [ [ [ 98.15045753419011, 13.87979278986208 ], [ 98.150401182596767, 13.879794493802274 ], [ 98.150403850126821, 13.879877707274918 ], [ 98.150460118361863, 13.879876006104114 ], [ 98.15045753419011, 13.87979278986208 ] ] ] } },
{ "type": "Feature", "properties": { "bid": "KDG-B0273", "source": "VIDA/microsoft", "src_id": "0022000000000000026c", "area_m2": 68.6, "overlap": 0.0, "overlap_outwash": 0.0, "dist_m": 500.9, "landslide": "", "f_veg": 0.662, "f_soil": 0.022, "f_grey": 0.308, "f_dark": 0.007, "status": "clear", "status_auto": "clear", "note": "", "reach": "" }, "geometry": { "type": "Polygon", "coordinates": [ [ [ 98.150578240116246, 13.879114885286194 ], [ 98.150575906021857, 13.879032626755219 ], [ 98.150506216666699, 13.87903451213093 ], [ 98.150508550758872, 13.879116770675067 ], [ 98.150578240116246, 13.879114885286194 ] ] ] } },
{ "type": "Feature", "properties": { "bid": "KDG-B0274", "source": "VIDA/microsoft", "src_id": "00220000000000000586", "area_m2": 82.9, "overlap": 0.0, "overlap_outwash": 0.0, "dist_m": 510.1, "landslide": "", "f_veg": 0.123, "f_soil": 0.027, "f_grey": 0.848, "f_dark": 0.002, "status": "clear", "status_auto": "clear", "note": "", "reach": "" }, "geometry": { "type": "Polygon", "coordinates": [ [ [ 98.150673604607718, 13.879409976879062 ], [ 98.150676522229631, 13.879302262732114 ], [ 98.150612251214298, 13.879300631866951 ], [ 98.150609250234439, 13.879408348805635 ], [ 98.150673604607718, 13.879409976879062 ] ] ] } },
{ "type": "Feature", "properties": { "bid": "KDG-B0275", "source": "VIDA/microsoft", "src_id": "00220000000000000622", "area_m2": 77.0, "overlap": 0.0, "overlap_outwash": 0.0, "dist_m": 501.2, "landslide": "", "f_veg": 0.227, "f_soil": 0.333, "f_grey": 0.434, "f_dark": 0.006, "status": "clear", "status_auto": "clear", "note": "", "reach": "" }, "geometry": { "type": "Polygon", "coordinates": [ [ [ 98.150526556615162, 13.879403118990686 ], [ 98.150585492481397, 13.879405542262221 ], [ 98.15059032739191, 13.879296359693885 ], [ 98.150531391521781, 13.879293936413029 ], [ 98.150526556615162, 13.879403118990686 ] ] ] } },
{ "type": "Feature", "properties": { "bid": "KDG-B0276", "source": "VIDA/microsoft", "src_id": "00220000000000001231", "area_m2": 54.3, "overlap": 0.0, "overlap_outwash": 0.0, "dist_m": 313.8, "landslide": "", "f_veg": 0.375, "f_soil": 0.077, "f_grey": 0.431, "f_dark": 0.117, "status": "clear", "status_auto": "clear", "note": "", "reach": "" }, "geometry": { "type": "Polygon", "coordinates": [ [ [ 98.152472549018697, 13.87468471055592 ], [ 98.152470214863783, 13.874739296977268 ], [ 98.152553244134026, 13.874742672192317 ], [ 98.152555578291583, 13.874688085777587 ], [ 98.152472549018697, 13.87468471055592 ] ] ] } },
{ "type": "Feature", "properties": { "bid": "KDG-B0277", "source": "VIDA/microsoft", "src_id": "00220000000000001842", "area_m2": 81.4, "overlap": 0.0, "overlap_outwash": 0.0, "dist_m": 515.6, "landslide": "", "f_veg": 0.202, "f_soil": 0.051, "f_grey": 0.726, "f_dark": 0.021, "status": "clear", "status_auto": "clear", "note": "", "reach": "" }, "geometry": { "type": "Polygon", "coordinates": [ [ [ 98.150665101824586, 13.879695103171043 ], [ 98.150651680766941, 13.879787016611951 ], [ 98.150724287884643, 13.879796971717774 ], [ 98.150737708955631, 13.879705058278379 ], [ 98.150665101824586, 13.879695103171043 ] ] ] } },
{ "type": "Feature", "properties": { "bid": "KDG-B0278", "source": "VIDA/microsoft", "src_id": "00220000000000001a87", "area_m2": 122.7, "overlap": 0.0, "overlap_outwash": 0.0, "dist_m": 316.1, "landslide": "", "f_veg": 0.237, "f_soil": 0.218, "f_grey": 0.542, "f_dark": 0.003, "status": "clear", "status_auto": "clear", "note": "", "reach": "" }, "geometry": { "type": "Polygon", "coordinates": [ [ [ 98.150723871081226, 13.876543580325158 ], [ 98.150604415322661, 13.876592505632663 ], [ 98.150636092336597, 13.876665445360459 ], [ 98.150755548146975, 13.876616607771737 ], [ 98.150723871081226, 13.876543580325158 ] ] ] } },
{ "type": "Feature", "properties": { "bid": "KDG-B0279", "source": "VIDA/microsoft", "src_id": "00220000000000001ae7", "area_m2": 90.2, "overlap": 0.0, "overlap_outwash": 0.0, "dist_m": 256.0, "landslide": "", "f_veg": 0.018, "f_soil": 0.331, "f_grey": 0.632, "f_dark": 0.019, "status": "clear", "status_auto": "clear", "note": "", "reach": "A" }, "geometry": { "type": "Polygon", "coordinates": [ [ [ 98.142446957872934, 13.882295893626525 ], [ 98.142478881402539, 13.882382699716102 ], [ 98.142555981368403, 13.882355902402733 ], [ 98.142523974453781, 13.882269099131102 ], [ 98.142446957872934, 13.882295893626525 ] ] ] } },
{ "type": "Feature", "properties": { "bid": "KDG-B0280", "source": "VIDA/microsoft", "src_id": "00220000000000001bc6", "area_m2": 67.7, "overlap": 0.0, "overlap_outwash": 0.0, "dist_m": 512.0, "landslide": "", "f_veg": 0.902, "f_soil": 0.055, "f_grey": 0.028, "f_dark": 0.015, "status": "clear", "status_auto": "clear", "note": "", "reach": "" }, "geometry": { "type": "Polygon", "coordinates": [ [ [ 98.150578490197788, 13.878577321375149 ], [ 98.150656182239416, 13.878575256925819 ], [ 98.15065418158494, 13.87850246766728 ], [ 98.150576489545443, 13.878504444325388 ], [ 98.150578490197788, 13.878577321375149 ] ] ] } },
{ "type": "Feature", "properties": { "bid": "KDG-B0281", "source": "VIDA/microsoft", "src_id": "00220000000000001d7f", "area_m2": 40.1, "overlap": 0.0, "overlap_outwash": 0.0, "dist_m": 389.9, "landslide": "", "f_veg": 0.061, "f_soil": 0.0, "f_grey": 0.937, "f_dark": 0.001, "status": "clear", "status_auto": "clear", "note": "", "reach": "" }, "geometry": { "type": "Polygon", "coordinates": [ [ [ 98.149511816830596, 13.879083475239847 ], [ 98.149507398787918, 13.878997774887925 ], [ 98.149468386649133, 13.878999602514249 ], [ 98.149472804689452, 13.879085390653534 ], [ 98.149511816830596, 13.879083475239847 ] ] ] } },
{ "type": "Feature", "properties": { "bid": "KDG-B0282", "source": "VIDA/microsoft", "src_id": "00220000000000001fbd", "area_m2": 76.5, "overlap": 0.0, "overlap_outwash": 0.0, "dist_m": 532.0, "landslide": "", "f_veg": 0.557, "f_soil": 0.001, "f_grey": 0.435, "f_dark": 0.006, "status": "clear", "status_auto": "clear", "note": "", "reach": "" }, "geometry": { "type": "Polygon", "coordinates": [ [ [ 98.150782306942148, 13.880042486004772 ], [ 98.150785724732927, 13.880098024059679 ], [ 98.150900595939234, 13.880091295762895 ], [ 98.15089717814314, 13.880035845504313 ], [ 98.150782306942148, 13.880042486004772 ] ] ] } },
{ "type": "Feature", "properties": { "bid": "KDG-B0283", "source": "VIDA/microsoft", "src_id": "00220000000000002738", "area_m2": 19.5, "overlap": 0.0, "overlap_outwash": 0.0, "dist_m": 36.8, "landslide": "", "f_veg": 0.0, "f_soil": 0.0, "f_grey": 1.0, "f_dark": 0.0, "status": "clear", "status_auto": "clear", "note": "", "reach": "" }, "geometry": { "type": "Polygon", "coordinates": [ [ [ 98.146027814696893, 13.872260578206202 ], [ 98.145975550928767, 13.872257140807578 ], [ 98.145973300336721, 13.87228820037326 ], [ 98.146025647458558, 13.872291722767821 ], [ 98.146027814696893, 13.872260578206202 ] ] ] } },
{ "type": "Feature", "properties": { "bid": "KDG-B0284", "source": "VIDA/microsoft", "src_id": "002200000000000027a6", "area_m2": 146.3, "overlap": 0.0, "overlap_outwash": 0.0, "dist_m": 458.9, "landslide": "", "f_veg": 0.269, "f_soil": 0.063, "f_grey": 0.664, "f_dark": 0.004, "status": "clear", "status_auto": "clear", "note": "", "reach": "" }, "geometry": { "type": "Polygon", "coordinates": [ [ [ 98.150132929601895, 13.879650002719716 ], [ 98.150182778903059, 13.879651763549498 ], [ 98.150183362423491, 13.879636207188479 ], [ 98.150319989696968, 13.879641042758751 ], [ 98.150322240422952, 13.879579610137423 ], [ 98.150135763842172, 13.879573101497737 ], [ 98.150132929601895, 13.879650002719716 ] ] ] } },
{ "type": "Feature", "properties": { "bid": "KDG-B0285", "source": "VIDA/microsoft", "src_id": "00220000000000002e0b", "area_m2": 137.0, "overlap": 0.0, "overlap_outwash": 0.0, "dist_m": 303.3, "landslide": "", "f_veg": 0.142, "f_soil": 0.477, "f_grey": 0.373, "f_dark": 0.007, "status": "clear", "status_auto": "clear", "note": "", "reach": "" }, "geometry": { "type": "Polygon", "coordinates": [ [ [ 98.150725705016228, 13.876513148336967 ], [ 98.150701280340101, 13.87644014241881 ], [ 98.150559233921257, 13.876484905460746 ], [ 98.150583658549905, 13.876557911437581 ], [ 98.150725705016228, 13.876513148336967 ] ] ] } },
{ "type": "Feature", "properties": { "bid": "KDG-B0286", "source": "VIDA/microsoft", "src_id": "002200000000000031df", "area_m2": 31.8, "overlap": 0.0, "overlap_outwash": 0.0, "dist_m": 404.0, "landslide": "", "f_veg": 1.0, "f_soil": 0.0, "f_grey": 0.0, "f_dark": 0.0, "status": "clear", "status_auto": "clear", "note": "", "reach": "" }, "geometry": { "type": "Polygon", "coordinates": [ [ [ 98.140025978077162, 13.883438209247462 ], [ 98.139979469645965, 13.883426854661428 ], [ 98.139965550461739, 13.883480690685008 ], [ 98.140012058884082, 13.883492045273989 ], [ 98.140025978077162, 13.883438209247462 ] ] ] } },
{ "type": "Feature", "properties": { "bid": "KDG-B0287", "source": "VIDA/microsoft", "src_id": "002200000000000036c2", "area_m2": 50.7, "overlap": 0.0, "overlap_outwash": 0.0, "dist_m": 534.2, "landslide": "", "f_veg": 0.411, "f_soil": 0.154, "f_grey": 0.435, "f_dark": 0.0, "status": "clear", "status_auto": "clear", "note": "", "reach": "" }, "geometry": { "type": "Polygon", "coordinates": [ [ [ 98.150896928060476, 13.879481441394985 ], [ 98.150834240706573, 13.879480108904643 ], [ 98.15083282357287, 13.879547833701485 ], [ 98.150895510925551, 13.879549078405654 ], [ 98.150896928060476, 13.879481441394985 ] ] ] } },
{ "type": "Feature", "properties": { "bid": "KDG-B0288", "source": "VIDA/microsoft", "src_id": "0022000000000000376c", "area_m2": 70.9, "overlap": 0.0, "overlap_outwash": 0.0, "dist_m": 243.2, "landslide": "", "f_veg": 0.988, "f_soil": 0.0, "f_grey": 0.012, "f_dark": 0.0, "status": "clear", "status_auto": "clear", "note": "", "reach": "A" }, "geometry": { "type": "Polygon", "coordinates": [ [ [ 98.135279687130492, 13.877800470587696 ], [ 98.135260268202799, 13.877888897454856 ], [ 98.135324442361252, 13.87790212293894 ], [ 98.135343861306069, 13.877813696067903 ], [ 98.135279687130492, 13.877800470587696 ] ] ] } },
{ "type": "Feature", "properties": { "bid": "KDG-B0289", "source": "VIDA/microsoft", "src_id": "002200000000000037cd", "area_m2": 81.5, "overlap": null, "overlap_outwash": null, "dist_m": null, "landslide": null, "f_veg": null, "f_soil": null, "f_grey": null, "f_dark": null, "status": "not_surveyed", "status_auto": "not_surveyed", "note": "", "reach": "A" }, "geometry": { "type": "Polygon", "coordinates": [ [ [ 98.150882506629884, 13.870521753610602 ], [ 98.150869502336533, 13.870456532890339 ], [ 98.15076871914151, 13.870475428223717 ], [ 98.150781723416912, 13.870540648971676 ], [ 98.150882506629884, 13.870521753610602 ] ] ] } },
{ "type": "Feature", "properties": { "bid": "KDG-B0290", "source": "VIDA/microsoft", "src_id": "002200000000000038f9", "area_m2": 18.3, "overlap": 0.0, "overlap_outwash": 0.0, "dist_m": 104.7, "landslide": "", "f_veg": 0.998, "f_soil": 0.0, "f_grey": 0.002, "f_dark": 0.0, "status": "clear", "status_auto": "clear", "note": "", "reach": "A" }, "geometry": { "type": "Polygon", "coordinates": [ [ [ 98.143123939734323, 13.87476317467021 ], [ 98.143084764301562, 13.874749381998425 ], [ 98.143071928100539, 13.874783867121627 ], [ 98.143111020174388, 13.874797662573579 ], [ 98.143123939734323, 13.87476317467021 ] ] ] } },
{ "type": "Feature", "properties": { "bid": "KDG-B0291", "source": "VIDA/microsoft", "src_id": "00220000000000003de8", "area_m2": 27.4, "overlap": 0.0, "overlap_outwash": 0.0, "dist_m": 228.7, "landslide": "", "f_veg": 0.864, "f_soil": 0.0, "f_grey": 0.094, "f_dark": 0.041, "status": "clear", "status_auto": "clear", "note": "", "reach": "A" }, "geometry": { "type": "Polygon", "coordinates": [ [ [ 98.140488896945143, 13.881793714043663 ], [ 98.140500899201868, 13.881728092042401 ], [ 98.140467059510911, 13.881722284660821 ], [ 98.140455057259729, 13.881787906661581 ], [ 98.140488896945143, 13.881793714043663 ] ] ] } },
{ "type": "Feature", "properties": { "bid": "KDG-B0292", "source": "VIDA/microsoft", "src_id": "002200000000000043ef", "area_m2": 86.3, "overlap": 0.0, "overlap_outwash": 0.0, "dist_m": 401.8, "landslide": "", "f_veg": 0.614, "f_soil": 0.247, "f_grey": 0.138, "f_dark": 0.001, "status": "clear", "status_auto": "clear", "note": "", "reach": "" }, "geometry": { "type": "Polygon", "coordinates": [ [ [ 98.14964702573738, 13.879126366867959 ], [ 98.149649109723711, 13.879004021489681 ], [ 98.149590091253515, 13.879003092935799 ], [ 98.149588090628242, 13.879125435546962 ], [ 98.14964702573738, 13.879126366867959 ] ] ] } },
{ "type": "Feature", "properties": { "bid": "KDG-B0293", "source": "VIDA/microsoft", "src_id": "002200000000000044e3", "area_m2": 27.6, "overlap": 0.0, "overlap_outwash": 0.0, "dist_m": 556.9, "landslide": "", "f_veg": 0.376, "f_soil": 0.623, "f_grey": 0.0, "f_dark": 0.0, "status": "clear", "status_auto": "clear", "note": "", "reach": "" }, "geometry": { "type": "Polygon", "coordinates": [ [ [ 98.141845164443993, 13.884957869057514 ], [ 98.141840580164057, 13.884908775035953 ], [ 98.141793987226166, 13.884912873650768 ], [ 98.141798571503173, 13.884961967679278 ], [ 98.141845164443993, 13.884957869057514 ] ] ] } },
{ "type": "Feature", "properties": { "bid": "KDG-B0294", "source": "VIDA/microsoft", "src_id": "0022000000000000450a", "area_m2": 79.0, "overlap": 0.0, "overlap_outwash": 0.0, "dist_m": 535.6, "landslide": "", "f_veg": 0.0, "f_soil": 0.296, "f_grey": 0.704, "f_dark": 0.0, "status": "clear", "status_auto": "clear", "note": "", "reach": "" }, "geometry": { "type": "Polygon", "coordinates": [ [ [ 98.150903430209297, 13.879362810885182 ], [ 98.150844410725767, 13.879363462736745 ], [ 98.150845744498866, 13.879475424041583 ], [ 98.15090476398349, 13.879474772176128 ], [ 98.150903430209297, 13.879362810885182 ] ] ] } },
{ "type": "Feature", "properties": { "bid": "KDG-B0295", "source": "VIDA/microsoft", "src_id": "0022000000000000466a", "area_m2": 112.5, "overlap": 0.0, "overlap_outwash": 0.0, "dist_m": 124.2, "landslide": "", "f_veg": 0.252, "f_soil": 0.743, "f_grey": 0.005, "f_dark": 0.001, "status": "clear", "status_auto": "clear", "note": "", "reach": "" }, "geometry": { "type": "Polygon", "coordinates": [ [ [ 98.1391574921916, 13.881092007106396 ], [ 98.139236088905463, 13.881095446054303 ], [ 98.139241673192686, 13.880975964461774 ], [ 98.139163076472826, 13.880972437718723 ], [ 98.1391574921916, 13.881092007106396 ] ] ] } },
{ "type": "Feature", "properties": { "bid": "KDG-B0296", "source": "VIDA/microsoft", "src_id": "00220000000000004a6c", "area_m2": 79.1, "overlap": 0.0, "overlap_outwash": 0.0, "dist_m": 348.6, "landslide": "", "f_veg": 0.578, "f_soil": 0.153, "f_grey": 0.269, "f_dark": 0.001, "status": "clear", "status_auto": "clear", "note": "", "reach": "" }, "geometry": { "type": "Polygon", "coordinates": [ [ [ 98.141159692764944, 13.883060625626806 ], [ 98.141168777889831, 13.883012744585292 ], [ 98.141035001624246, 13.882988760564627 ], [ 98.141025916516028, 13.883036553821198 ], [ 98.141159692764944, 13.883060625626806 ] ] ] } },
{ "type": "Feature", "properties": { "bid": "KDG-B0297", "source": "VIDA/microsoft", "src_id": "00220000000000004b93", "area_m2": 242.9, "overlap": 0.0, "overlap_outwash": 0.0, "dist_m": 73.4, "landslide": "", "f_veg": 0.218, "f_soil": 0.094, "f_grey": 0.688, "f_dark": 0.0, "status": "clear", "status_auto": "clear", "note": "", "reach": "" }, "geometry": { "type": "Polygon", "coordinates": [ [ [ 98.146369322249285, 13.873004153876714 ], [ 98.146364320906741, 13.872851942475034 ], [ 98.146322559709986, 13.872853246215065 ], [ 98.146325643869389, 13.872945570906747 ], [ 98.146217281589387, 13.872948918285816 ], [ 98.146214864278804, 13.872876145256816 ], [ 98.146158599314077, 13.872877844464668 ], [ 98.146162933798706, 13.873010504251232 ], [ 98.146369322249285, 13.873004153876714 ] ] ] } },
{ "type": "Feature", "properties": { "bid": "KDG-B0298", "source": "VIDA/microsoft", "src_id": "00220000000000004d23", "area_m2": 103.6, "overlap": 0.0, "overlap_outwash": 0.0, "dist_m": 214.0, "landslide": "", "f_veg": 0.478, "f_soil": 0.522, "f_grey": 0.0, "f_dark": 0.0, "status": "clear", "status_auto": "clear", "note": "", "reach": "" }, "geometry": { "type": "Polygon", "coordinates": [ [ [ 98.140434720116431, 13.881544550001957 ], [ 98.140311363794893, 13.881542339339564 ], [ 98.140310030214181, 13.881612609411372 ], [ 98.140433386533459, 13.881614820058672 ], [ 98.140434720116431, 13.881544550001957 ] ] ] } },
{ "type": "Feature", "properties": { "bid": "KDG-B0299", "source": "VIDA/microsoft", "src_id": "00220000000000004ff7", "area_m2": 94.3, "overlap": 0.0, "overlap_outwash": 0.0, "dist_m": 465.0, "landslide": "", "f_veg": 0.846, "f_soil": 0.022, "f_grey": 0.129, "f_dark": 0.003, "status": "clear", "status_auto": "clear", "note": "", "reach": "" }, "geometry": { "type": "Polygon", "coordinates": [ [ [ 98.150185779865396, 13.879213909809547 ], [ 98.150187530426848, 13.879289341227198 ], [ 98.150292064028463, 13.879287083813921 ], [ 98.150290313464538, 13.879211564635071 ], [ 98.150185779865396, 13.879213909809547 ] ] ] } },
{ "type": "Feature", "properties": { "bid": "KDG-B0300", "source": "VIDA/microsoft", "src_id": "002200000000000051d5", "area_m2": 97.3, "overlap": 0.0, "overlap_outwash": 0.0, "dist_m": 477.8, "landslide": "", "f_veg": 0.151, "f_soil": 0.378, "f_grey": 0.45, "f_dark": 0.021, "status": "clear", "status_auto": "clear", "note": "", "reach": "" }, "geometry": { "type": "Polygon", "coordinates": [ [ [ 98.150410018790467, 13.878897099135843 ], [ 98.150411769357277, 13.878839809138585 ], [ 98.15026980686153, 13.878835678038277 ], [ 98.150268056298145, 13.878892968048577 ], [ 98.150410018790467, 13.878897099135843 ] ] ] } },
{ "type": "Feature", "properties": { "bid": "KDG-B0301", "source": "VIDA/microsoft", "src_id": "002200000000000052c4", "area_m2": 589.7, "overlap": 0.0, "overlap_outwash": 0.0, "dist_m": 89.9, "landslide": "", "f_veg": 0.148, "f_soil": 0.134, "f_grey": 0.706, "f_dark": 0.013, "status": "clear", "status_auto": "clear", "note": "", "reach": "A" }, "geometry": { "type": "Polygon", "coordinates": [ [ [ 98.147383351522151, 13.875383940162124 ], [ 98.147322334319455, 13.875409585864244 ], [ 98.147354593407982, 13.87548189209414 ], [ 98.147251814501175, 13.875525080710613 ], [ 98.147315332348654, 13.875667707815298 ], [ 98.14738085081612, 13.875640156462456 ], [ 98.147443368492574, 13.875780534738205 ], [ 98.14754164638812, 13.875739251489962 ], [ 98.147383351522151, 13.875383940162124 ] ] ] } },
{ "type": "Feature", "properties": { "bid": "KDG-B0302", "source": "VIDA/microsoft", "src_id": "0022000000000000567f", "area_m2": 26.9, "overlap": null, "overlap_outwash": null, "dist_m": null, "landslide": null, "f_veg": null, "f_soil": null, "f_grey": null, "f_dark": null, "status": "not_surveyed", "status_auto": "not_surveyed", "note": "", "reach": "" }, "geometry": { "type": "Polygon", "coordinates": [ [ [ 98.151416601626622, 13.880306961815675 ], [ 98.151414100782517, 13.880361556204237 ], [ 98.151455197998203, 13.880363345319401 ], [ 98.151457782205256, 13.880308835932528 ], [ 98.151416601626622, 13.880306961815675 ] ] ] } },
{ "type": "Feature", "properties": { "bid": "KDG-B0303", "source": "VIDA/microsoft", "src_id": "0022000000000000572c", "area_m2": 54.9, "overlap": 0.0, "overlap_outwash": 0.0, "dist_m": 73.9, "landslide": "", "f_veg": 0.936, "f_soil": 0.035, "f_grey": 0.019, "f_dark": 0.01, "status": "clear", "status_auto": "clear", "note": "", "reach": "" }, "geometry": { "type": "Polygon", "coordinates": [ [ [ 98.142227244350778, 13.875529233697634 ], [ 98.142229578178345, 13.875602011538883 ], [ 98.142292508199731, 13.875600178678255 ], [ 98.142290257721228, 13.875527310293474 ], [ 98.142227244350778, 13.875529233697634 ] ] ] } },
{ "type": "Feature", "properties": { "bid": "KDG-B0304", "source": "VIDA/microsoft", "src_id": "00220000000000005a0b", "area_m2": 48.1, "overlap": 0.0, "overlap_outwash": 0.0, "dist_m": 494.7, "landslide": "", "f_veg": 0.142, "f_soil": 0.592, "f_grey": 0.23, "f_dark": 0.036, "status": "clear", "status_auto": "clear", "note": "", "reach": "" }, "geometry": { "type": "Polygon", "coordinates": [ [ [ 98.150373673698624, 13.878527886200043 ], [ 98.15037300681638, 13.878591898861323 ], [ 98.150435860495222, 13.878592523801355 ], [ 98.1504364440177, 13.87852842614925 ], [ 98.150373673698624, 13.878527886200043 ] ] ] } },
{ "type": "Feature", "properties": { "bid": "KDG-B0305", "source": "VIDA/microsoft", "src_id": "00220000000000005c3d", "area_m2": 62.6, "overlap": 0.0, "overlap_outwash": 0.0, "dist_m": 430.0, "landslide": "", "f_veg": 0.928, "f_soil": 0.051, "f_grey": 0.014, "f_dark": 0.007, "status": "clear", "status_auto": "clear", "note": "", "reach": "" }, "geometry": { "type": "Polygon", "coordinates": [ [ [ 98.149926863955343, 13.879239047146553 ], [ 98.149924946680613, 13.879160987911417 ], [ 98.149857925456587, 13.879162520800971 ], [ 98.149859842729555, 13.879240580047865 ], [ 98.149926863955343, 13.879239047146553 ] ] ] } },
{ "type": "Feature", "properties": { "bid": "KDG-B0306", "source": "VIDA/microsoft", "src_id": "00220000000000005c48", "area_m2": 15.6, "overlap": 0.0, "overlap_outwash": 0.0, "dist_m": 321.9, "landslide": "", "f_veg": 1.0, "f_soil": 0.0, "f_grey": 0.0, "f_dark": 0.0, "status": "clear", "status_auto": "clear", "note": "", "reach": "" }, "geometry": { "type": "Polygon", "coordinates": [ [ [ 98.149825581902803, 13.876922711996061 ], [ 98.149792154688299, 13.876923563265782 ], [ 98.149793155003735, 13.876962590854848 ], [ 98.149826582218694, 13.876961739582168 ], [ 98.149825581902803, 13.876922711996061 ] ] ] } },
{ "type": "Feature", "properties": { "bid": "KDG-B0307", "source": "VIDA/microsoft", "src_id": "00220000000000005eb4", "area_m2": 64.4, "overlap": 0.0, "overlap_outwash": 0.0, "dist_m": 536.4, "landslide": "", "f_veg": 0.429, "f_soil": 0.001, "f_grey": 0.57, "f_dark": 0.0, "status": "clear", "status_auto": "clear", "note": "", "reach": "" }, "geometry": { "type": "Polygon", "coordinates": [ [ [ 98.150812733621478, 13.880133990473615 ], [ 98.150810232798051, 13.880197977238728 ], [ 98.150894260512402, 13.880201055649664 ], [ 98.150896761338714, 13.880136981113365 ], [ 98.150812733621478, 13.880133990473615 ] ] ] } },
{ "type": "Feature", "properties": { "bid": "KDG-B0308", "source": "VIDA/microsoft", "src_id": "002200000000000061e8", "area_m2": 52.8, "overlap": 0.0, "overlap_outwash": 0.0, "dist_m": 592.1, "landslide": "", "f_veg": 0.418, "f_soil": 0.006, "f_grey": 0.576, "f_dark": 0.0, "status": "clear", "status_auto": "clear", "note": "", "reach": "" }, "geometry": { "type": "Polygon", "coordinates": [ [ [ 98.151513384359319, 13.878963086798079 ], [ 98.151461366750624, 13.878957887381826 ], [ 98.151452530429751, 13.879042010546572 ], [ 98.151504548032165, 13.879047122181236 ], [ 98.151513384359319, 13.878963086798079 ] ] ] } },
{ "type": "Feature", "properties": { "bid": "KDG-B0309", "source": "VIDA/microsoft", "src_id": "0022000000000000634c", "area_m2": 53.3, "overlap": 0.0, "overlap_outwash": 0.0, "dist_m": 453.4, "landslide": "", "f_veg": 1.0, "f_soil": 0.0, "f_grey": 0.0, "f_dark": 0.0, "status": "clear", "status_auto": "clear", "note": "", "reach": "" }, "geometry": { "type": "Polygon", "coordinates": [ [ [ 98.150056905315097, 13.878971461753371 ], [ 98.150059322752838, 13.879039058509532 ], [ 98.150125260481659, 13.879036859486421 ], [ 98.150122843041743, 13.878969262740849 ], [ 98.150056905315097, 13.878971461753371 ] ] ] } },
{ "type": "Feature", "properties": { "bid": "KDG-B0310", "source": "VIDA/microsoft", "src_id": "00220000000000006e34", "area_m2": 36.2, "overlap": 0.0, "overlap_outwash": 0.0, "dist_m": 286.2, "landslide": "", "f_veg": 0.497, "f_soil": 0.377, "f_grey": 0.124, "f_dark": 0.002, "status": "clear", "status_auto": "clear", "note": "", "reach": "A" }, "geometry": { "type": "Polygon", "coordinates": [ [ [ 98.141913178521932, 13.882456854441324 ], [ 98.141855083159754, 13.882449748799701 ], [ 98.141848415115405, 13.882501060343165 ], [ 98.141906510472282, 13.88250816598355 ], [ 98.141913178521932, 13.882456854441324 ] ] ] } },
{ "type": "Feature", "properties": { "bid": "KDG-B0311", "source": "VIDA/microsoft", "src_id": "00220000000000007079", "area_m2": 26.8, "overlap": 0.0, "overlap_outwash": 0.0, "dist_m": 582.1, "landslide": "", "f_veg": 0.037, "f_soil": 0.001, "f_grey": 0.952, "f_dark": 0.01, "status": "clear", "status_auto": "clear", "note": "", "reach": "" }, "geometry": { "type": "Polygon", "coordinates": [ [ [ 98.15131148288647, 13.879489734107599 ], [ 98.151275637514019, 13.879490929765167 ], [ 98.151277971630762, 13.879553350432433 ], [ 98.151313817004365, 13.879552066990687 ], [ 98.15131148288647, 13.879489734107599 ] ] ] } },
{ "type": "Feature", "properties": { "bid": "KDG-B0312", "source": "VIDA/microsoft", "src_id": "002200000000000072da", "area_m2": 37.8, "overlap": 0.0, "overlap_outwash": 0.0, "dist_m": 580.7, "landslide": "", "f_veg": 0.884, "f_soil": 0.0, "f_grey": 0.116, "f_dark": 0.0, "status": "clear", "status_auto": "clear", "note": "", "reach": "" }, "geometry": { "type": "Polygon", "coordinates": [ [ [ 98.151296394483367, 13.879828449544137 ], [ 98.151252463073291, 13.87982701824089 ], [ 98.1512499622348, 13.879898904925206 ], [ 98.15129389364337, 13.879900336223532 ], [ 98.151296394483367, 13.879828449544137 ] ] ] } },
{ "type": "Feature", "properties": { "bid": "KDG-B0313", "source": "VIDA/microsoft", "src_id": "00220000000000007539", "area_m2": 115.9, "overlap": 0.0, "overlap_outwash": 0.0, "dist_m": 559.5, "landslide": "", "f_veg": 0.661, "f_soil": 0.0, "f_grey": 0.338, "f_dark": 0.0, "status": "clear", "status_auto": "clear", "note": "", "reach": "" }, "geometry": { "type": "Polygon", "coordinates": [ [ [ 98.151026887785989, 13.880146509736425 ], [ 98.151033806751556, 13.880218872424461 ], [ 98.151166767723197, 13.880206888254532 ], [ 98.151159848745039, 13.880134613375214 ], [ 98.151026887785989, 13.880146509736425 ] ] ] } },
{ "type": "Feature", "properties": { "bid": "KDG-B0314", "source": "VIDA/microsoft", "src_id": "00220000000000007936", "area_m2": 28.7, "overlap": 0.0, "overlap_outwash": 0.0, "dist_m": 380.1, "landslide": "", "f_veg": 0.058, "f_soil": 0.155, "f_grey": 0.773, "f_dark": 0.013, "status": "clear", "status_auto": "clear", "note": "", "reach": "" }, "geometry": { "type": "Polygon", "coordinates": [ [ [ 98.149355018158985, 13.878864955896979 ], [ 98.149356768700514, 13.878915896973536 ], [ 98.149403866619195, 13.878914414188687 ], [ 98.149402116076544, 13.878863473117773 ], [ 98.149355018158985, 13.878864955896979 ] ] ] } },
{ "type": "Feature", "properties": { "bid": "KDG-B0315", "source": "VIDA/microsoft", "src_id": "00220000000000007c50", "area_m2": 165.5, "overlap": 0.0, "overlap_outwash": 0.0, "dist_m": 481.6, "landslide": "", "f_veg": 0.357, "f_soil": 0.103, "f_grey": 0.54, "f_dark": 0.001, "status": "clear", "status_auto": "clear", "note": "", "reach": "" }, "geometry": { "type": "Polygon", "coordinates": [ [ [ 98.14203353692298, 13.88426099614224 ], [ 98.142017116824732, 13.884383913658279 ], [ 98.142127890046496, 13.884397866246141 ], [ 98.14214431016967, 13.884274948735152 ], [ 98.14203353692298, 13.88426099614224 ] ] ] } },
{ "type": "Feature", "properties": { "bid": "KDG-B0316", "source": "VIDA/microsoft", "src_id": "00220000000000007ccd", "area_m2": 46.9, "overlap": 0.0, "overlap_outwash": 0.0, "dist_m": 219.9, "landslide": "", "f_veg": 0.425, "f_soil": 0.326, "f_grey": 0.245, "f_dark": 0.004, "status": "clear", "status_auto": "clear", "note": "", "reach": "A" }, "geometry": { "type": "Polygon", "coordinates": [ [ [ 98.143241549510819, 13.882071025012561 ], [ 98.143230463676872, 13.881975887840094 ], [ 98.143189704497388, 13.881980406405388 ], [ 98.143200790325139, 13.882075455808788 ], [ 98.143241549510819, 13.882071025012561 ] ] ] } },
{ "type": "Feature", "properties": { "bid": "KDG-B0317", "source": "VIDA/microsoft", "src_id": "00220000000000007d59", "area_m2": 109.9, "overlap": 0.0, "overlap_outwash": 0.0, "dist_m": 230.8, "landslide": "", "f_veg": 0.725, "f_soil": 0.027, "f_grey": 0.248, "f_dark": 0.0, "status": "clear", "status_auto": "clear", "note": "", "reach": "A" }, "geometry": { "type": "Polygon", "coordinates": [ [ [ 98.147978938780284, 13.878689197766223 ], [ 98.14797727162933, 13.878660637447011 ], [ 98.148049459300651, 13.878656562873646 ], [ 98.14804604163794, 13.878599445042878 ], [ 98.147915086925778, 13.878606795588377 ], [ 98.147920171731997, 13.878692473762637 ], [ 98.147978938780284, 13.878689197766223 ] ] ] } },
{ "type": "Feature", "properties": { "bid": "KDG-B0318", "source": "VIDA/microsoft", "src_id": "0022000000000000807c", "area_m2": 29.5, "overlap": 0.0, "overlap_outwash": 0.0, "dist_m": 322.6, "landslide": "", "f_veg": 0.126, "f_soil": 0.403, "f_grey": 0.47, "f_dark": 0.0, "status": "clear", "status_auto": "clear", "note": "", "reach": "" }, "geometry": { "type": "Polygon", "coordinates": [ [ [ 98.150443946449869, 13.876779818666849 ], [ 98.150494796288285, 13.876782160749432 ], [ 98.150497130380074, 13.876733805477501 ], [ 98.150446280540038, 13.876731463391492 ], [ 98.150443946449869, 13.876779818666849 ] ] ] } },
{ "type": "Feature", "properties": { "bid": "KDG-B0319", "source": "VIDA/microsoft", "src_id": "002200000000000082aa", "area_m2": 82.6, "overlap": 0.0, "overlap_outwash": 0.0, "dist_m": 74.4, "landslide": "", "f_veg": 0.388, "f_soil": 0.276, "f_grey": 0.333, "f_dark": 0.002, "status": "clear", "status_auto": "clear", "note": "", "reach": "A" }, "geometry": { "type": "Polygon", "coordinates": [ [ [ 98.147174876290094, 13.875371928898909 ], [ 98.147199799927051, 13.875426134278063 ], [ 98.147306079745377, 13.875380107963588 ], [ 98.147281072715387, 13.875325817625905 ], [ 98.147174876290094, 13.875371928898909 ] ] ] } },
{ "type": "Feature", "properties": { "bid": "KDG-B0320", "source": "VIDA/microsoft", "src_id": "002200000000000085fb", "area_m2": 102.0, "overlap": null, "overlap_outwash": null, "dist_m": null, "landslide": null, "f_veg": null, "f_soil": null, "f_grey": null, "f_dark": null, "status": "not_surveyed", "status_auto": "not_surveyed", "note": "", "reach": "" }, "geometry": { "type": "Polygon", "coordinates": [ [ [ 98.150322490503626, 13.880467401808861 ], [ 98.150185946585552, 13.880462212533484 ], [ 98.150183445783568, 13.880524619493482 ], [ 98.150319989696968, 13.88052980875614 ], [ 98.150322490503626, 13.880467401808861 ] ] ] } },
{ "type": "Feature", "properties": { "bid": "KDG-B0321", "source": "VIDA/microsoft", "src_id": "002200000000000086a6", "area_m2": 140.2, "overlap": 0.0, "overlap_outwash": 0.0, "dist_m": 317.1, "landslide": "", "f_veg": 0.518, "f_soil": 0.154, "f_grey": 0.322, "f_dark": 0.006, "status": "clear", "status_auto": "clear", "note": "", "reach": "" }, "geometry": { "type": "Polygon", "coordinates": [ [ [ 98.151078238196661, 13.876300383212904 ], [ 98.151114917083532, 13.876396592273666 ], [ 98.151222202933326, 13.876357991501905 ], [ 98.151185523992595, 13.876261870281295 ], [ 98.151078238196661, 13.876300383212904 ] ] ] } },
{ "type": "Feature", "properties": { "bid": "KDG-B0322", "source": "VIDA/microsoft", "src_id": "00220000000000008c1c", "area_m2": 129.6, "overlap": 0.0, "overlap_outwash": 0.0, "dist_m": 253.2, "landslide": "", "f_veg": 0.362, "f_soil": 0.179, "f_grey": 0.46, "f_dark": 0.0, "status": "clear", "status_auto": "clear", "note": "", "reach": "A" }, "geometry": { "type": "Polygon", "coordinates": [ [ [ 98.148137401652548, 13.878110632228427 ], [ 98.148024785446538, 13.87811324568866 ], [ 98.148027119459414, 13.878209548666831 ], [ 98.148139652311272, 13.878206937961362 ], [ 98.148137401652548, 13.878110632228427 ] ] ] } },
{ "type": "Feature", "properties": { "bid": "KDG-B0323", "source": "VIDA/microsoft", "src_id": "00220000000000008f2f", "area_m2": 88.8, "overlap": 0.0, "overlap_outwash": 0.0, "dist_m": 441.8, "landslide": "", "f_veg": 0.104, "f_soil": 0.467, "f_grey": 0.428, "f_dark": 0.0, "status": "clear", "status_auto": "clear", "note": "", "reach": "" }, "geometry": { "type": "Polygon", "coordinates": [ [ [ 98.149966209778228, 13.878272258674647 ], [ 98.149836585378253, 13.878311429301419 ], [ 98.149853340673602, 13.878363625314462 ], [ 98.149982965103305, 13.878324542428645 ], [ 98.149966209778228, 13.878272258674647 ] ] ] } },
{ "type": "Feature", "properties": { "bid": "KDG-B0324", "source": "VIDA/microsoft", "src_id": "00220000000000009361", "area_m2": 138.6, "overlap": 0.0, "overlap_outwash": 0.0, "dist_m": 288.6, "landslide": "", "f_veg": 0.414, "f_soil": 0.267, "f_grey": 0.319, "f_dark": 0.0, "status": "clear", "status_auto": "clear", "note": "", "reach": "A" }, "geometry": { "type": "Polygon", "coordinates": [ [ [ 98.148499508527948, 13.878943428907686 ], [ 98.148580449329586, 13.878952668002992 ], [ 98.148597537769831, 13.878811388683593 ], [ 98.14851659694925, 13.878802149582283 ], [ 98.148499508527948, 13.878943428907686 ] ] ] } },
{ "type": "Feature", "properties": { "bid": "KDG-B0325", "source": "VIDA/microsoft", "src_id": "00220000000000009c22", "area_m2": 66.3, "overlap": 0.0, "overlap_outwash": 0.0, "dist_m": 219.9, "landslide": "", "f_veg": 0.604, "f_soil": 0.396, "f_grey": 0.0, "f_dark": 0.0, "status": "clear", "status_auto": "clear", "note": "", "reach": "A" }, "geometry": { "type": "Polygon", "coordinates": [ [ [ 98.143094933241656, 13.882075472528285 ], [ 98.143084097485882, 13.881985593894525 ], [ 98.14302325057939, 13.881992537542811 ], [ 98.143034086326139, 13.882082416194866 ], [ 98.143094933241656, 13.882075472528285 ] ] ] } },
{ "type": "Feature", "properties": { "bid": "KDG-B0326", "source": "VIDA/microsoft", "src_id": "0022000000000000a142", "area_m2": 125.3, "overlap": 0.0, "overlap_outwash": 0.0, "dist_m": 239.8, "landslide": "", "f_veg": 0.305, "f_soil": 0.46, "f_grey": 0.229, "f_dark": 0.006, "status": "clear", "status_auto": "clear", "note": "", "reach": "A" }, "geometry": { "type": "Polygon", "coordinates": [ [ [ 98.148191417481357, 13.879389612607769 ], [ 98.148154656704634, 13.879226778943609 ], [ 98.148093222069164, 13.879239799711215 ], [ 98.148129982814979, 13.879402721199655 ], [ 98.148191417481357, 13.879389612607769 ] ] ] } },
{ "type": "Feature", "properties": { "bid": "KDG-B0327", "source": "VIDA/microsoft", "src_id": "0022000000000000a830", "area_m2": 130.3, "overlap": 0.0, "overlap_outwash": 0.0, "dist_m": 571.6, "landslide": "", "f_veg": 0.379, "f_soil": 0.107, "f_grey": 0.483, "f_dark": 0.031, "status": "clear", "status_auto": "clear", "note": "", "reach": "" }, "geometry": { "type": "Polygon", "coordinates": [ [ [ 98.151261882899036, 13.879429767853035 ], [ 98.151178771735061, 13.87943113561078 ], [ 98.151181022487506, 13.879562202101793 ], [ 98.151264133654038, 13.879560922099296 ], [ 98.151261882899036, 13.879429767853035 ] ] ] } },
{ "type": "Feature", "properties": { "bid": "KDG-B0328", "source": "VIDA/microsoft", "src_id": "0022000000000000a8d1", "area_m2": 90.9, "overlap": 0.0, "overlap_outwash": 0.0, "dist_m": 417.0, "landslide": "", "f_veg": 0.317, "f_soil": 0.155, "f_grey": 0.526, "f_dark": 0.002, "status": "clear", "status_auto": "clear", "note": "", "reach": "" }, "geometry": { "type": "Polygon", "coordinates": [ [ [ 98.15020545284392, 13.877746828889036 ], [ 98.150111172643321, 13.877736718432331 ], [ 98.150102169765788, 13.877816457644625 ], [ 98.150196449954805, 13.877826568096683 ], [ 98.15020545284392, 13.877746828889036 ] ] ] } },
{ "type": "Feature", "properties": { "bid": "KDG-B0329", "source": "VIDA/microsoft", "src_id": "0022000000000000ad75", "area_m2": 49.8, "overlap": 0.0, "overlap_outwash": 0.0, "dist_m": 158.7, "landslide": "", "f_veg": 0.374, "f_soil": 0.016, "f_grey": 0.609, "f_dark": 0.001, "status": "clear", "status_auto": "clear", "note": "", "reach": "A" }, "geometry": { "type": "Polygon", "coordinates": [ [ [ 98.136898727154232, 13.880022381458451 ], [ 98.13683346812833, 13.880035527114634 ], [ 98.136846553266764, 13.880096801927243 ], [ 98.136911812304348, 13.880083656253589 ], [ 98.136898727154232, 13.880022381458451 ] ] ] } },
{ "type": "Feature", "properties": { "bid": "KDG-B0330", "source": "VIDA/microsoft", "src_id": "0022000000000000b255", "area_m2": 73.4, "overlap": 0.0, "overlap_outwash": 0.0, "dist_m": 447.8, "landslide": "", "f_veg": 0.098, "f_soil": 0.0, "f_grey": 0.885, "f_dark": 0.017, "status": "clear", "status_auto": "clear", "note": "", "reach": "" }, "geometry": { "type": "Polygon", "coordinates": [ [ [ 98.149938534324349, 13.880436844871625 ], [ 98.150045735086664, 13.880439589573319 ], [ 98.150047235565012, 13.88038230721785 ], [ 98.14994003480048, 13.880379650285629 ], [ 98.149938534324349, 13.880436844871625 ] ] ] } },
{ "type": "Feature", "properties": { "bid": "KDG-B0331", "source": "VIDA/microsoft", "src_id": "0022000000000000b2c3", "area_m2": 52.5, "overlap": 0.0, "overlap_outwash": 0.0, "dist_m": 229.6, "landslide": "", "f_veg": 0.506, "f_soil": 0.0, "f_grey": 0.012, "f_dark": 0.482, "status": "clear", "status_auto": "clear", "note": "", "reach": "A" }, "geometry": { "type": "Polygon", "coordinates": [ [ [ 98.150461868929852, 13.870473368304124 ], [ 98.150459368118433, 13.870527958749689 ], [ 98.150539727568415, 13.87053142425591 ], [ 98.150542228382605, 13.870476833816602 ], [ 98.150461868929852, 13.870473368304124 ] ] ] } },
{ "type": "Feature", "properties": { "bid": "KDG-B0332", "source": "VIDA/microsoft", "src_id": "0022000000000000b347", "area_m2": 42.7, "overlap": 0.0, "overlap_outwash": 0.0, "dist_m": 482.3, "landslide": "", "f_veg": 0.943, "f_soil": 0.003, "f_grey": 0.029, "f_dark": 0.025, "status": "clear", "status_auto": "clear", "note": "", "reach": "" }, "geometry": { "type": "Polygon", "coordinates": [ [ [ 98.142638665962835, 13.884413760970666 ], [ 98.142640499694849, 13.884347159974276 ], [ 98.142586904728958, 13.884345786127957 ], [ 98.142585070998308, 13.884412474913717 ], [ 98.142638665962835, 13.884413760970666 ] ] ] } },
{ "type": "Feature", "properties": { "bid": "KDG-B0333", "source": "VIDA/microsoft", "src_id": "0022000000000000b460", "area_m2": 19.4, "overlap": 0.0, "overlap_outwash": 0.0, "dist_m": 331.3, "landslide": "", "f_veg": 0.0, "f_soil": 0.508, "f_grey": 0.492, "f_dark": 0.0, "status": "clear", "status_auto": "clear", "note": "", "reach": "" }, "geometry": { "type": "Polygon", "coordinates": [ [ [ 98.149181881473467, 13.877074524498246 ], [ 98.149138784923679, 13.877056650343611 ], [ 98.149124780634452, 13.877088453873119 ], [ 98.149167960534882, 13.877106325253264 ], [ 98.149181881473467, 13.877074524498246 ] ] ] } },
{ "type": "Feature", "properties": { "bid": "KDG-B0334", "source": "VIDA/microsoft", "src_id": "0022000000000000b538", "area_m2": 37.6, "overlap": 0.0, "overlap_outwash": 0.0, "dist_m": 252.8, "landslide": "", "f_veg": 0.979, "f_soil": 0.021, "f_grey": 0.0, "f_dark": 0.0, "status": "clear", "status_auto": "clear", "note": "", "reach": "A" }, "geometry": { "type": "Polygon", "coordinates": [ [ [ 98.143313732500758, 13.882276486864018 ], [ 98.14327205640086, 13.882283493933016 ], [ 98.14328505934148, 13.882356797460613 ], [ 98.143326735448824, 13.88234987816149 ], [ 98.143313732500758, 13.882276486864018 ] ] ] } },
{ "type": "Feature", "properties": { "bid": "KDG-B0335", "source": "VIDA/microsoft", "src_id": "0022000000000000bb57", "area_m2": 103.2, "overlap": 0.0, "overlap_outwash": 0.0, "dist_m": 551.5, "landslide": "", "f_veg": 0.119, "f_soil": 0.083, "f_grey": 0.762, "f_dark": 0.036, "status": "clear", "status_auto": "clear", "note": "", "reach": "" }, "geometry": { "type": "Polygon", "coordinates": [ [ [ 98.151185273908979, 13.878769068335522 ], [ 98.151265384073511, 13.878784039779715 ], [ 98.151285974317318, 13.878680125713775 ], [ 98.151205780768947, 13.878665157053486 ], [ 98.151185273908979, 13.878769068335522 ] ] ] } },
{ "type": "Feature", "properties": { "bid": "KDG-B0336", "source": "VIDA/microsoft", "src_id": "0022000000000000bb71", "area_m2": 88.8, "overlap": 0.0, "overlap_outwash": 0.0, "dist_m": 176.2, "landslide": "", "f_veg": 0.113, "f_soil": 0.001, "f_grey": 0.885, "f_dark": 0.001, "status": "clear", "status_auto": "clear", "note": "", "reach": "A" }, "geometry": { "type": "Polygon", "coordinates": [ [ [ 98.136293312327368, 13.879735567064195 ], [ 98.136293312327368, 13.879808425767521 ], [ 98.136395242362966, 13.879808455521587 ], [ 98.136395242362966, 13.879735509051281 ], [ 98.136293312327368, 13.879735567064195 ] ] ] } },
{ "type": "Feature", "properties": { "bid": "KDG-B0337", "source": "VIDA/microsoft", "src_id": "0022000000000000bc1c", "area_m2": 89.3, "overlap": 0.0, "overlap_outwash": 0.0, "dist_m": 374.2, "landslide": "", "f_veg": 0.516, "f_soil": 0.321, "f_grey": 0.16, "f_dark": 0.004, "status": "clear", "status_auto": "clear", "note": "", "reach": "" }, "geometry": { "type": "Polygon", "coordinates": [ [ [ 98.152938214413055, 13.875106389926122 ], [ 98.15288469525332, 13.875123096815473 ], [ 98.152926543564902, 13.875249590266622 ], [ 98.152980062755319, 13.875232971114942 ], [ 98.152938214413055, 13.875106389926122 ] ] ] } },
{ "type": "Feature", "properties": { "bid": "KDG-B0338", "source": "VIDA/microsoft", "src_id": "0022000000000000c273", "area_m2": 69.9, "overlap": 0.0, "overlap_outwash": 0.0, "dist_m": 417.0, "landslide": "", "f_veg": 1.0, "f_soil": 0.0, "f_grey": 0.0, "f_dark": 0.0, "status": "clear", "status_auto": "clear", "note": "", "reach": "" }, "geometry": { "type": "Polygon", "coordinates": [ [ [ 98.153140287107902, 13.875565915007849 ], [ 98.153065426778738, 13.875601240165574 ], [ 98.153097021496279, 13.875664438345998 ], [ 98.153171881857844, 13.875629113153542 ], [ 98.153140287107902, 13.875565915007849 ] ] ] } },
{ "type": "Feature", "properties": { "bid": "KDG-B0339", "source": "VIDA/microsoft", "src_id": "0022000000000000cb0e", "area_m2": 38.6, "overlap": 0.0, "overlap_outwash": 0.0, "dist_m": 227.0, "landslide": "", "f_veg": 0.515, "f_soil": 0.314, "f_grey": 0.17, "f_dark": 0.001, "status": "clear", "status_auto": "clear", "note": "", "reach": "A" }, "geometry": { "type": "Polygon", "coordinates": [ [ [ 98.147989525189757, 13.879490619210172 ], [ 98.147997110728198, 13.8795468962175 ], [ 98.148053543824616, 13.879539835609968 ], [ 98.148045958280306, 13.879483470834366 ], [ 98.147989525189757, 13.879490619210172 ] ] ] } },
{ "type": "Feature", "properties": { "bid": "KDG-B0340", "source": "VIDA/microsoft", "src_id": "0022000000000000cc37", "area_m2": 140.2, "overlap": 0.0, "overlap_outwash": 0.0, "dist_m": 409.3, "landslide": "", "f_veg": 0.784, "f_soil": 0.079, "f_grey": 0.137, "f_dark": 0.0, "status": "clear", "status_auto": "clear", "note": "", "reach": "" }, "geometry": { "type": "Polygon", "coordinates": [ [ [ 98.142895388889073, 13.883701533713149 ], [ 98.142896305758285, 13.883792709712989 ], [ 98.143025000969132, 13.883791492589042 ], [ 98.1430240840983, 13.883700404396574 ], [ 98.142895388889073, 13.883701533713149 ] ] ] } },
{ "type": "Feature", "properties": { "bid": "KDG-B0341", "source": "VIDA/microsoft", "src_id": "0022000000000000cf17", "area_m2": 138.5, "overlap": null, "overlap_outwash": null, "dist_m": null, "landslide": null, "f_veg": null, "f_soil": null, "f_grey": null, "f_dark": null, "status": "not_surveyed", "status_auto": "not_surveyed", "note": "", "reach": "" }, "geometry": { "type": "Polygon", "coordinates": [ [ [ 98.150489627942449, 13.880202877537116 ], [ 98.150341329916515, 13.880197290326052 ], [ 98.15033824558752, 13.880275253574217 ], [ 98.150486543607187, 13.880280928547432 ], [ 98.150489627942449, 13.880202877537116 ] ] ] } },
{ "type": "Feature", "properties": { "bid": "KDG-B0342", "source": "VIDA/microsoft", "src_id": "0022000000000000d28a", "area_m2": 149.3, "overlap": 0.0, "overlap_outwash": 0.0, "dist_m": 339.8, "landslide": "", "f_veg": 0.124, "f_soil": 0.264, "f_grey": 0.606, "f_dark": 0.005, "status": "clear", "status_auto": "clear", "note": "", "reach": "" }, "geometry": { "type": "Polygon", "coordinates": [ [ [ 98.150787391947958, 13.876756691378644 ], [ 98.150665185185204, 13.876802811932075 ], [ 98.150698696159836, 13.876886487181627 ], [ 98.150837241695697, 13.876834203958952 ], [ 98.150821819947353, 13.876795745195688 ], [ 98.150805564594521, 13.876801905016206 ], [ 98.150787391947958, 13.876756691378644 ] ] ] } },
{ "type": "Feature", "properties": { "bid": "KDG-B0343", "source": "VIDA/microsoft", "src_id": "0022000000000000d669", "area_m2": 74.9, "overlap": 0.0, "overlap_outwash": 0.0, "dist_m": 447.4, "landslide": "", "f_veg": 0.003, "f_soil": 0.07, "f_grey": 0.918, "f_dark": 0.01, "status": "clear", "status_auto": "clear", "note": "", "reach": "" }, "geometry": { "type": "Polygon", "coordinates": [ [ [ 98.149951371732371, 13.880305625097286 ], [ 98.149949204377606, 13.880361261859569 ], [ 98.150061656830715, 13.880365499224311 ], [ 98.150063824188805, 13.880309774691858 ], [ 98.149951371732371, 13.880305625097286 ] ] ] } },
{ "type": "Feature", "properties": { "bid": "KDG-B0344", "source": "VIDA/microsoft", "src_id": "0022000000000000d8a5", "area_m2": 126.1, "overlap": 0.0, "overlap_outwash": 0.0, "dist_m": 237.6, "landslide": "", "f_veg": 0.458, "f_soil": 0.123, "f_grey": 0.379, "f_dark": 0.04, "status": "clear", "status_auto": "clear", "note": "", "reach": "A" }, "geometry": { "type": "Polygon", "coordinates": [ [ [ 98.143231797310932, 13.882142628936046 ], [ 98.14323679843892, 13.882256929926381 ], [ 98.143328902607038, 13.882253157943182 ], [ 98.143323901472755, 13.882138769196919 ], [ 98.143231797310932, 13.882142628936046 ] ] ] } },
{ "type": "Feature", "properties": { "bid": "KDG-B0345", "source": "VIDA/microsoft", "src_id": "0022000000000000da14", "area_m2": 108.2, "overlap": 0.0, "overlap_outwash": 0.0, "dist_m": 122.2, "landslide": "", "f_veg": 0.114, "f_soil": 0.422, "f_grey": 0.463, "f_dark": 0.001, "status": "clear", "status_auto": "clear", "note": "", "reach": "A" }, "geometry": { "type": "Polygon", "coordinates": [ [ [ 98.147598495918189, 13.875503869965641 ], [ 98.147657262707654, 13.875628836510277 ], [ 98.147717196545912, 13.875602349013366 ], [ 98.147658513065394, 13.875477291966122 ], [ 98.147598495918189, 13.875503869965641 ] ] ] } },
{ "type": "Feature", "properties": { "bid": "KDG-B0346", "source": "VIDA/microsoft", "src_id": "0022000000000000dec8", "area_m2": 131.6, "overlap": 0.0, "overlap_outwash": 0.0, "dist_m": 237.5, "landslide": "", "f_veg": 0.042, "f_soil": 0.499, "f_grey": 0.459, "f_dark": 0.0, "status": "clear", "status_auto": "clear", "note": "", "reach": "A" }, "geometry": { "type": "Polygon", "coordinates": [ [ [ 98.148104475356746, 13.879038146972745 ], [ 98.148083802652025, 13.878873899480286 ], [ 98.148017783408392, 13.878881806272082 ], [ 98.148038372736806, 13.879045968801725 ], [ 98.148104475356746, 13.879038146972745 ] ] ] } },
{ "type": "Feature", "properties": { "bid": "KDG-B0347", "source": "VIDA/microsoft", "src_id": "0022000000000000deef", "area_m2": 136.3, "overlap": 0.0, "overlap_outwash": 0.0, "dist_m": 403.5, "landslide": "", "f_veg": 0.372, "f_soil": 0.129, "f_grey": 0.49, "f_dark": 0.009, "status": "clear", "status_auto": "clear", "note": "", "reach": "" }, "geometry": { "type": "Polygon", "coordinates": [ [ [ 98.150128344801658, 13.877606849061987 ], [ 98.150113089922925, 13.87768477778914 ], [ 98.150254385232969, 13.877710788195181 ], [ 98.150269640141204, 13.87763285946377 ], [ 98.150128344801658, 13.877606849061987 ] ] ] } },
{ "type": "Feature", "properties": { "bid": "KDG-B0348", "source": "VIDA/microsoft", "src_id": "0022000000000000e13c", "area_m2": 20.2, "overlap": 0.0, "overlap_outwash": 0.0, "dist_m": 514.3, "landslide": "", "f_veg": 0.655, "f_soil": 0.0, "f_grey": 0.345, "f_dark": 0.0, "status": "clear", "status_auto": "clear", "note": "", "reach": "" }, "geometry": { "type": "Polygon", "coordinates": [ [ [ 98.150637509466506, 13.879815841935914 ], [ 98.150687525833249, 13.879831729510611 ], [ 98.150697779192654, 13.879801103722096 ], [ 98.150647762818892, 13.87978530392982 ], [ 98.150637509466506, 13.879815841935914 ] ] ] } },
{ "type": "Feature", "properties": { "bid": "KDG-B0349", "source": "VIDA/microsoft", "src_id": "0022000000000000e3a8", "area_m2": 30.0, "overlap": 0.0, "overlap_outwash": 0.0, "dist_m": 269.5, "landslide": "", "f_veg": 0.773, "f_soil": 0.0, "f_grey": 0.227, "f_dark": 0.0, "status": "clear", "status_auto": "clear", "note": "", "reach": "A" }, "geometry": { "type": "Polygon", "coordinates": [ [ [ 98.135001488565081, 13.878077900238392 ], [ 98.134986486875107, 13.878116847522081 ], [ 98.135043076599544, 13.878137260210101 ], [ 98.135057994958359, 13.878098403475066 ], [ 98.135001488565081, 13.878077900238392 ] ] ] } },
{ "type": "Feature", "properties": { "bid": "KDG-B0350", "source": "VIDA/microsoft", "src_id": "0022000000000000e3c4", "area_m2": 66.1, "overlap": 0.0, "overlap_outwash": 0.0, "dist_m": 134.9, "landslide": "", "f_veg": 0.884, "f_soil": 0.006, "f_grey": 0.098, "f_dark": 0.012, "status": "clear", "status_auto": "clear", "note": "", "reach": "A" }, "geometry": { "type": "Polygon", "coordinates": [ [ [ 98.137355625315124, 13.880153148270301 ], [ 98.137291282679385, 13.880151252892365 ], [ 98.137288532283009, 13.880237107174249 ], [ 98.137352874916303, 13.880239002543393 ], [ 98.137355625315124, 13.880153148270301 ] ] ] } },
{ "type": "Feature", "properties": { "bid": "KDG-B0351", "source": "VIDA/microsoft", "src_id": "0022000000000000e4be", "area_m2": 111.9, "overlap": 0.0, "overlap_outwash": 0.0, "dist_m": 91.3, "landslide": "", "f_veg": 0.536, "f_soil": 0.035, "f_grey": 0.415, "f_dark": 0.014, "status": "clear", "status_auto": "clear", "note": "", "reach": "A" }, "geometry": { "type": "Polygon", "coordinates": [ [ [ 98.145295875283438, 13.880223142775128 ], [ 98.145177928780427, 13.880240504617154 ], [ 98.145190015162427, 13.880318050717246 ], [ 98.145307961684978, 13.880300776621397 ], [ 98.145295875283438, 13.880223142775128 ] ] ] } },
{ "type": "Feature", "properties": { "bid": "KDG-B0352", "source": "VIDA/microsoft", "src_id": "0022000000000000e527", "area_m2": 82.2, "overlap": null, "overlap_outwash": null, "dist_m": null, "landslide": null, "f_veg": null, "f_soil": null, "f_grey": null, "f_dark": null, "status": "not_surveyed", "status_auto": "not_surveyed", "note": "", "reach": "" }, "geometry": { "type": "Polygon", "coordinates": [ [ [ 98.150181195061862, 13.880586491463585 ], [ 98.150183612503696, 13.880641097601639 ], [ 98.150309402949759, 13.880635936387698 ], [ 98.150307068863953, 13.88058141526589 ], [ 98.150181195061862, 13.880586491463585 ] ] ] } },
{ "type": "Feature", "properties": { "bid": "KDG-B0353", "source": "VIDA/microsoft", "src_id": "0022000000000000e99d", "area_m2": 24.0, "overlap": null, "overlap_outwash": null, "dist_m": null, "landslide": null, "f_veg": null, "f_soil": null, "f_grey": null, "f_dark": null, "status": "not_surveyed", "status_auto": "not_surveyed", "note": "", "reach": "" }, "geometry": { "type": "Polygon", "coordinates": [ [ [ 98.151714952942882, 13.879348908743786 ], [ 98.151711951917704, 13.879305733988602 ], [ 98.151665519405043, 13.879308862862992 ], [ 98.151668520428302, 13.879351949845104 ], [ 98.151714952942882, 13.879348908743786 ] ] ] } },
{ "type": "Feature", "properties": { "bid": "KDG-B0354", "source": "VIDA/microsoft", "src_id": "0022000000000000ebe9", "area_m2": 93.3, "overlap": 0.0, "overlap_outwash": 0.0, "dist_m": 135.6, "landslide": "", "f_veg": 0.859, "f_soil": 0.003, "f_grey": 0.138, "f_dark": 0.0, "status": "clear", "status_auto": "clear", "note": "", "reach": "A" }, "geometry": { "type": "Polygon", "coordinates": [ [ [ 98.138611568254234, 13.881168039157524 ], [ 98.138682913196348, 13.881194104247633 ], [ 98.138720002592194, 13.881098239845327 ], [ 98.1386486576138, 13.881072174774586 ], [ 98.138611568254234, 13.881168039157524 ] ] ] } },
{ "type": "Feature", "properties": { "bid": "KDG-B0355", "source": "VIDA/microsoft", "src_id": "0022000000000000f0db", "area_m2": 91.2, "overlap": null, "overlap_outwash": null, "dist_m": null, "landslide": null, "f_veg": null, "f_soil": null, "f_grey": null, "f_dark": null, "status": "not_surveyed", "status_auto": "not_surveyed", "note": "", "reach": "" }, "geometry": { "type": "Polygon", "coordinates": [ [ [ 98.150689693209912, 13.880431365561225 ], [ 98.150684608210909, 13.880328394277242 ], [ 98.150610667363807, 13.880331826160065 ], [ 98.150615668997091, 13.880434712464325 ], [ 98.150689693209912, 13.880431365561225 ] ] ] } },
{ "type": "Feature", "properties": { "bid": "KDG-B0356", "source": "VIDA/microsoft", "src_id": "0022000000000000f246", "area_m2": 68.3, "overlap": 0.0, "overlap_outwash": 0.0, "dist_m": 51.6, "landslide": "", "f_veg": 0.02, "f_soil": 0.837, "f_grey": 0.143, "f_dark": 0.0, "status": "clear", "status_auto": "clear", "note": "", "reach": "A" }, "geometry": { "type": "Polygon", "coordinates": [ [ [ 98.14690530144243, 13.875429542025355 ], [ 98.14703442050164, 13.875460086037055 ], [ 98.147044923417724, 13.875418305286381 ], [ 98.14691580433994, 13.875387761280525 ], [ 98.14690530144243, 13.875429542025355 ] ] ] } },
{ "type": "Feature", "properties": { "bid": "KDG-B0357", "source": "VIDA/microsoft", "src_id": "0022000000000000fcb3", "area_m2": 96.1, "overlap": 0.0, "overlap_outwash": 0.0, "dist_m": 131.3, "landslide": "", "f_veg": 0.335, "f_soil": 0.077, "f_grey": 0.54, "f_dark": 0.048, "status": "clear", "status_auto": "clear", "note": "", "reach": "A" }, "geometry": { "type": "Polygon", "coordinates": [ [ [ 98.137715678416939, 13.880616935296214 ], [ 98.137698592523577, 13.880716873416324 ], [ 98.137776854282592, 13.880729541163564 ], [ 98.137793940194271, 13.880629603042728 ], [ 98.137715678416939, 13.880616935296214 ] ] ] } },
{ "type": "Feature", "properties": { "bid": "KDG-B0358", "source": "VIDA/microsoft", "src_id": "0022000000000000ff51", "area_m2": 56.1, "overlap": 0.0, "overlap_outwash": 0.0, "dist_m": 265.4, "landslide": "", "f_veg": 0.987, "f_soil": 0.013, "f_grey": 0.0, "f_dark": 0.0, "status": "clear", "status_auto": "clear", "note": "", "reach": "A" }, "geometry": { "type": "Polygon", "coordinates": [ [ [ 98.142727018556343, 13.882402520511889 ], [ 98.142744605736311, 13.882482167314432 ], [ 98.142801034773598, 13.882470455082357 ], [ 98.142783364228421, 13.882390811077654 ], [ 98.142727018556343, 13.882402520511889 ] ] ] } },
{ "type": "Feature", "properties": { "bid": "KDG-B0359", "source": "VIDA/microsoft", "src_id": "00220000000000010332", "area_m2": 102.0, "overlap": 0.0, "overlap_outwash": 0.0, "dist_m": 449.7, "landslide": "", "f_veg": 0.727, "f_soil": 0.084, "f_grey": 0.189, "f_dark": 0.0, "status": "clear", "status_auto": "clear", "note": "", "reach": "" }, "geometry": { "type": "Polygon", "coordinates": [ [ [ 98.15004340100927, 13.879256754235747 ], [ 98.150134513442026, 13.879253715593785 ], [ 98.150131179041765, 13.879160079020426 ], [ 98.150040149973066, 13.87916311486206 ], [ 98.15004340100927, 13.879256754235747 ] ] ] } },
{ "type": "Feature", "properties": { "bid": "KDG-B0360", "source": "VIDA/microsoft", "src_id": "0022000000000001040e", "area_m2": 76.3, "overlap": 0.0, "overlap_outwash": 0.0, "dist_m": 604.1, "landslide": "", "f_veg": 0.344, "f_soil": 0.116, "f_grey": 0.509, "f_dark": 0.031, "status": "clear", "status_auto": "clear", "note": "", "reach": "" }, "geometry": { "type": "Polygon", "coordinates": [ [ [ 98.151644678969092, 13.878994345369117 ], [ 98.151642678287558, 13.879059368150253 ], [ 98.151740711747351, 13.879062242571045 ], [ 98.15174271243157, 13.878997219800123 ], [ 98.151644678969092, 13.878994345369117 ] ] ] } },
{ "type": "Feature", "properties": { "bid": "KDG-B0361", "source": "VIDA/microsoft", "src_id": "0022000000000001132e", "area_m2": 67.6, "overlap": 0.0, "overlap_outwash": 0.0, "dist_m": 296.7, "landslide": "", "f_veg": 0.44, "f_soil": 0.503, "f_grey": 0.057, "f_dark": 0.0, "status": "clear", "status_auto": "clear", "note": "", "reach": "A" }, "geometry": { "type": "Polygon", "coordinates": [ [ [ 98.148729077214398, 13.879425756866722 ], [ 98.148704903280958, 13.879355461811215 ], [ 98.148632464886944, 13.879378856479256 ], [ 98.14865663879641, 13.87944915156403 ], [ 98.148729077214398, 13.879425756866722 ] ] ] } },
{ "type": "Feature", "properties": { "bid": "KDG-B0362", "source": "VIDA/microsoft", "src_id": "002200000000000118da", "area_m2": 123.6, "overlap": null, "overlap_outwash": null, "dist_m": null, "landslide": null, "f_veg": null, "f_soil": null, "f_grey": null, "f_dark": null, "status": "not_surveyed", "status_auto": "not_surveyed", "note": "", "reach": "" }, "geometry": { "type": "Polygon", "coordinates": [ [ [ 98.151805317203042, 13.880003094538795 ], [ 98.151808818403566, 13.879901592979868 ], [ 98.151707033571157, 13.879898317197949 ], [ 98.151703449013738, 13.879999733774802 ], [ 98.151805317203042, 13.880003094538795 ] ] ] } },
{ "type": "Feature", "properties": { "bid": "KDG-B0363", "source": "VIDA/microsoft", "src_id": "00220000000000011bc3", "area_m2": 112.5, "overlap": 0.0, "overlap_outwash": 0.0, "dist_m": 227.2, "landslide": "", "f_veg": 0.068, "f_soil": 0.152, "f_grey": 0.781, "f_dark": 0.0, "status": "clear", "status_auto": "clear", "note": "", "reach": "A" }, "geometry": { "type": "Polygon", "coordinates": [ [ [ 98.147984190306047, 13.87895806512447 ], [ 98.147922422384042, 13.878973818056423 ], [ 98.147961100267011, 13.879116398422291 ], [ 98.148022784864153, 13.879100648225688 ], [ 98.147984190306047, 13.87895806512447 ] ] ] } },
{ "type": "Feature", "properties": { "bid": "KDG-B0364", "source": "VIDA/microsoft", "src_id": "002200000000000123a5", "area_m2": 68.5, "overlap": 0.0, "overlap_outwash": 0.0, "dist_m": 369.3, "landslide": "", "f_veg": 0.644, "f_soil": 0.084, "f_grey": 0.261, "f_dark": 0.011, "status": "clear", "status_auto": "clear", "note": "", "reach": "" }, "geometry": { "type": "Polygon", "coordinates": [ [ [ 98.149266990982085, 13.878479119778142 ], [ 98.149211974050402, 13.878470859802656 ], [ 98.149195802414724, 13.878572607695595 ], [ 98.149250819334227, 13.878580867670738 ], [ 98.149266990982085, 13.878479119778142 ] ] ] } },
{ "type": "Feature", "properties": { "bid": "KDG-B0365", "source": "VIDA/microsoft", "src_id": "00220000000000012863", "area_m2": 16.9, "overlap": 0.0, "overlap_outwash": 0.0, "dist_m": 89.9, "landslide": "", "f_veg": 0.268, "f_soil": 0.0, "f_grey": 0.732, "f_dark": 0.0, "status": "clear", "status_auto": "clear", "note": "", "reach": "" }, "geometry": { "type": "Polygon", "coordinates": [ [ [ 98.146413417434076, 13.871945609382855 ], [ 98.146367988557898, 13.871948176322832 ], [ 98.146369822383534, 13.871979275256678 ], [ 98.146415251260876, 13.871976708312953 ], [ 98.146413417434076, 13.871945609382855 ] ] ] } },
{ "type": "Feature", "properties": { "bid": "KDG-B0366", "source": "VIDA/microsoft", "src_id": "00220000000000012923", "area_m2": 31.4, "overlap": 0.0, "overlap_outwash": 0.0, "dist_m": 416.2, "landslide": "", "f_veg": 1.0, "f_soil": 0.0, "f_grey": 0.0, "f_dark": 0.0, "status": "clear", "status_auto": "clear", "note": "", "reach": "" }, "geometry": { "type": "Polygon", "coordinates": [ [ [ 98.153004821646348, 13.875811993054771 ], [ 98.152995735049004, 13.875750765096829 ], [ 98.152953719971336, 13.875756555300439 ], [ 98.15296280656348, 13.875817783267749 ], [ 98.153004821646348, 13.875811993054771 ] ] ] } },
{ "type": "Feature", "properties": { "bid": "KDG-B0367", "source": "VIDA/microsoft", "src_id": "00220000000000012dc2", "area_m2": 94.1, "overlap": 0.0, "overlap_outwash": 0.0, "dist_m": 166.4, "landslide": "", "f_veg": 0.088, "f_soil": 0.029, "f_grey": 0.882, "f_dark": 0.001, "status": "clear", "status_auto": "clear", "note": "", "reach": "A" }, "geometry": { "type": "Polygon", "coordinates": [ [ [ 98.136246556242568, 13.879216229026841 ], [ 98.136148960304709, 13.879255468576881 ], [ 98.1361783807573, 13.879324362985843 ], [ 98.136275893390305, 13.879285126166213 ], [ 98.136246556242568, 13.879216229026841 ] ] ] } },
{ "type": "Feature", "properties": { "bid": "KDG-B0368", "source": "VIDA/microsoft", "src_id": "0022000000000001315c", "area_m2": 72.3, "overlap": 0.0, "overlap_outwash": 0.0, "dist_m": 197.7, "landslide": "", "f_veg": 0.249, "f_soil": 0.078, "f_grey": 0.673, "f_dark": 0.0, "status": "clear", "status_auto": "clear", "note": "", "reach": "A" }, "geometry": { "type": "Polygon", "coordinates": [ [ [ 98.147727449488386, 13.879071521042341 ], [ 98.147672183644715, 13.879094606171105 ], [ 98.147713112040762, 13.879186902008756 ], [ 98.14776837791544, 13.879163816845452 ], [ 98.147727449488386, 13.879071521042341 ] ] ] } },
{ "type": "Feature", "properties": { "bid": "KDG-B0369", "source": "VIDA/microsoft", "src_id": "002200000000000131b4", "area_m2": 95.8, "overlap": 0.0, "overlap_outwash": 0.0, "dist_m": 130.1, "landslide": "", "f_veg": 0.035, "f_soil": 0.693, "f_grey": 0.265, "f_dark": 0.008, "status": "clear", "status_auto": "clear", "note": "", "reach": "A" }, "geometry": { "type": "Polygon", "coordinates": [ [ [ 98.147878743075296, 13.875166331643404 ], [ 98.147849734693864, 13.875092600708152 ], [ 98.147754874032671, 13.875127713250365 ], [ 98.147783882376459, 13.875201532006038 ], [ 98.147878743075296, 13.875166331643404 ] ] ] } },
{ "type": "Feature", "properties": { "bid": "KDG-B0370", "source": "VIDA/microsoft", "src_id": "00220000000000013467", "area_m2": 138.7, "overlap": 0.0, "overlap_outwash": 0.0, "dist_m": 239.7, "landslide": "", "f_veg": 0.109, "f_soil": 0.667, "f_grey": 0.156, "f_dark": 0.068, "status": "clear", "status_auto": "clear", "note": "", "reach": "A" }, "geometry": { "type": "Polygon", "coordinates": [ [ [ 98.143189704497388, 13.882303707239226 ], [ 98.14315586355994, 13.882161311551862 ], [ 98.143078512904665, 13.882178636862404 ], [ 98.143112270454267, 13.882321035378741 ], [ 98.143189704497388, 13.882303707239226 ] ] ] } },
{ "type": "Feature", "properties": { "bid": "KDG-B0371", "source": "VIDA/microsoft", "src_id": "00220000000000013898", "area_m2": 59.8, "overlap": 0.0, "overlap_outwash": 0.0, "dist_m": 124.4, "landslide": "", "f_veg": 0.192, "f_soil": 0.466, "f_grey": 0.337, "f_dark": 0.005, "status": "clear", "status_auto": "clear", "note": "", "reach": "A" }, "geometry": { "type": "Polygon", "coordinates": [ [ [ 98.138374363492488, 13.880918826039249 ], [ 98.138355443820515, 13.881007677069883 ], [ 98.138409452412517, 13.881018518881637 ], [ 98.138428372098488, 13.88092966784809 ], [ 98.138374363492488, 13.880918826039249 ] ] ] } },
{ "type": "Feature", "properties": { "bid": "KDG-B0372", "source": "VIDA/microsoft", "src_id": "00220000000000013f86", "area_m2": 75.5, "overlap": 0.0, "overlap_outwash": 0.0, "dist_m": 152.9, "landslide": "", "f_veg": 0.249, "f_soil": 0.0, "f_grey": 0.75, "f_dark": 0.001, "status": "clear", "status_auto": "clear", "note": "", "reach": "A" }, "geometry": { "type": "Polygon", "coordinates": [ [ [ 98.13673362109823, 13.879917274166006 ], [ 98.13675095679983, 13.879984552129482 ], [ 98.136839302266182, 13.879963088577279 ], [ 98.136821966543593, 13.879895722861042 ], [ 98.13673362109823, 13.879917274166006 ] ] ] } },
{ "type": "Feature", "properties": { "bid": "KDG-B0373", "source": "VIDA/microsoft", "src_id": "002200000000000141a1", "area_m2": 43.1, "overlap": 0.0, "overlap_outwash": 0.0, "dist_m": 60.8, "landslide": "", "f_veg": 0.317, "f_soil": 0.368, "f_grey": 0.276, "f_dark": 0.038, "status": "clear", "status_auto": "clear", "note": "", "reach": "" }, "geometry": { "type": "Polygon", "coordinates": [ [ [ 98.142486966476213, 13.875705442348361 ], [ 98.142435705457217, 13.875712592131084 ], [ 98.142445874306901, 13.875781510151304 ], [ 98.142497135333045, 13.875774360355697 ], [ 98.142486966476213, 13.875705442348361 ] ] ] } },
{ "type": "Feature", "properties": { "bid": "KDG-B0374", "source": "VIDA/microsoft", "src_id": "00220000000000014b78", "area_m2": 44.1, "overlap": 0.0, "overlap_outwash": 0.0, "dist_m": 71.8, "landslide": "", "f_veg": 0.09, "f_soil": 0.293, "f_grey": 0.617, "f_dark": 0.0, "status": "clear", "status_auto": "clear", "note": "", "reach": "" }, "geometry": { "type": "Polygon", "coordinates": [ [ [ 98.14623678678791, 13.871923143241188 ], [ 98.146175103699235, 13.871924759533831 ], [ 98.146176770809063, 13.871984566384521 ], [ 98.146238453899144, 13.871982950083446 ], [ 98.14623678678791, 13.871923143241188 ] ] ] } },
{ "type": "Feature", "properties": { "bid": "KDG-B0375", "source": "VIDA/microsoft", "src_id": "0022000000000001500b", "area_m2": 118.4, "overlap": 0.0, "overlap_outwash": 0.0, "dist_m": 485.2, "landslide": "", "f_veg": 0.834, "f_soil": 0.03, "f_grey": 0.133, "f_dark": 0.002, "status": "clear", "status_auto": "clear", "note": "", "reach": "" }, "geometry": { "type": "Polygon", "coordinates": [ [ [ 98.15035875220974, 13.880032474027892 ], [ 98.150490044744501, 13.880028446070263 ], [ 98.150487627292534, 13.879953036531745 ], [ 98.150356334762108, 13.879957064466208 ], [ 98.15035875220974, 13.880032474027892 ] ] ] } },
{ "type": "Feature", "properties": { "bid": "KDG-B0376", "source": "VIDA/microsoft", "src_id": "00220000000000015279", "area_m2": 53.7, "overlap": 0.0, "overlap_outwash": 0.0, "dist_m": 26.3, "landslide": "", "f_veg": 0.743, "f_soil": 0.138, "f_grey": 0.107, "f_dark": 0.012, "status": "clear", "status_auto": "clear", "note": "", "reach": "" }, "geometry": { "type": "Polygon", "coordinates": [ [ [ 98.145937207518202, 13.872599424684383 ], [ 98.145931456008341, 13.872511226682267 ], [ 98.145880692701937, 13.872514322427634 ], [ 98.14588644420779, 13.872602520441902 ], [ 98.145937207518202, 13.872599424684383 ] ] ] } },
{ "type": "Feature", "properties": { "bid": "KDG-B0377", "source": "VIDA/microsoft", "src_id": "0022000000000001531f", "area_m2": 102.6, "overlap": 0.0, "overlap_outwash": 0.0, "dist_m": 101.5, "landslide": "", "f_veg": 0.448, "f_soil": 0.167, "f_grey": 0.355, "f_dark": 0.029, "status": "clear", "status_auto": "clear", "note": "", "reach": "A" }, "geometry": { "type": "Polygon", "coordinates": [ [ [ 98.137682590129515, 13.880186414381823 ], [ 98.137645667952455, 13.880325636685527 ], [ 98.137703509926638, 13.880340125646935 ], [ 98.137740432132986, 13.880200903333039 ], [ 98.137682590129515, 13.880186414381823 ] ] ] } },
{ "type": "Feature", "properties": { "bid": "KDG-B0378", "source": "VIDA/microsoft", "src_id": "002200000000000155ec", "area_m2": 112.7, "overlap": 0.0, "overlap_outwash": 0.0, "dist_m": 219.7, "landslide": "", "f_veg": 0.19, "f_soil": 0.343, "f_grey": 0.423, "f_dark": 0.043, "status": "clear", "status_auto": "clear", "note": "", "reach": "A" }, "geometry": { "type": "Polygon", "coordinates": [ [ [ 98.14353436617003, 13.882103752165106 ], [ 98.143535699809647, 13.881986606789733 ], [ 98.143455264713637, 13.881985688570651 ], [ 98.143453931075484, 13.882102921745076 ], [ 98.14353436617003, 13.882103752165106 ] ] ] } },
{ "type": "Feature", "properties": { "bid": "KDG-B0379", "source": "VIDA/microsoft", "src_id": "0022000000000001589c", "area_m2": 25.0, "overlap": 0.0, "overlap_outwash": 0.0, "dist_m": 153.9, "landslide": "", "f_veg": 0.904, "f_soil": 0.0, "f_grey": 0.096, "f_dark": 0.0, "status": "clear", "status_auto": "clear", "note": "", "reach": "A" }, "geometry": { "type": "Polygon", "coordinates": [ [ [ 98.145843683022946, 13.880973839048682 ], [ 98.145826928647409, 13.880930507234456 ], [ 98.145784584272647, 13.880945875974232 ], [ 98.145801338638464, 13.880989295580537 ], [ 98.145843683022946, 13.880973839048682 ] ] ] } },
{ "type": "Feature", "properties": { "bid": "KDG-B0380", "source": "VIDA/microsoft", "src_id": "002200000000000159cd", "area_m2": 72.6, "overlap": 0.0, "overlap_outwash": 0.0, "dist_m": 291.3, "landslide": "", "f_veg": 1.0, "f_soil": 0.0, "f_grey": 0.0, "f_dark": 0.0, "status": "clear", "status_auto": "clear", "note": "", "reach": "" }, "geometry": { "type": "Polygon", "coordinates": [ [ [ 98.143652226665509, 13.882631870551078 ], [ 98.143593879861783, 13.88264750933511 ], [ 98.143621386206306, 13.882744294121007 ], [ 98.143679733032016, 13.882728655308014 ], [ 98.143652226665509, 13.882631870551078 ] ] ] } },
{ "type": "Feature", "properties": { "bid": "KDG-B0381", "source": "VIDA/microsoft", "src_id": "00220000000000015afe", "area_m2": 94.3, "overlap": 0.0, "overlap_outwash": 0.0, "dist_m": 225.1, "landslide": "", "f_veg": 0.697, "f_soil": 0.045, "f_grey": 0.258, "f_dark": 0.0, "status": "clear", "status_auto": "clear", "note": "", "reach": "A" }, "geometry": { "type": "Polygon", "coordinates": [ [ [ 98.148021867930566, 13.879853211230902 ], [ 98.147943261758115, 13.879861186757488 ], [ 98.147953848162402, 13.879960463680675 ], [ 98.14803245434625, 13.879952488129167 ], [ 98.148021867930566, 13.879853211230902 ] ] ] } },
{ "type": "Feature", "properties": { "bid": "KDG-B0382", "source": "VIDA/microsoft", "src_id": "00220000000000015fb6", "area_m2": 188.2, "overlap": 0.0, "overlap_outwash": 0.0, "dist_m": 469.1, "landslide": "", "f_veg": 0.473, "f_soil": 0.251, "f_grey": 0.265, "f_dark": 0.012, "status": "clear", "status_auto": "clear", "note": "", "reach": "" }, "geometry": { "type": "Polygon", "coordinates": [ [ [ 98.150212205011513, 13.878934067745599 ], [ 98.150208037006749, 13.879066752541899 ], [ 98.150285728654424, 13.879069077078274 ], [ 98.150288146099712, 13.878992541227309 ], [ 98.150384593896362, 13.878995469110317 ], [ 98.150386427822838, 13.878939229631291 ], [ 98.150212205011513, 13.878934067745599 ] ] ] } },
{ "type": "Feature", "properties": { "bid": "KDG-B0383", "source": "VIDA/microsoft", "src_id": "002200000000000163cb", "area_m2": 33.2, "overlap": 0.0, "overlap_outwash": 0.0, "dist_m": 168.4, "landslide": "", "f_veg": 0.646, "f_soil": 0.351, "f_grey": 0.003, "f_dark": 0.0, "status": "clear", "status_auto": "clear", "note": "", "reach": "A" }, "geometry": { "type": "Polygon", "coordinates": [ [ [ 98.147914086636078, 13.875826112730552 ], [ 98.147912252771661, 13.875875504542224 ], [ 98.147968435729894, 13.875877493924079 ], [ 98.147970352953266, 13.875828099337992 ], [ 98.147914086636078, 13.875826112730552 ] ] ] } },
{ "type": "Feature", "properties": { "bid": "KDG-B0384", "source": "VIDA/microsoft", "src_id": "00220000000000016492", "area_m2": 94.1, "overlap": 0.0, "overlap_outwash": 0.0, "dist_m": 205.4, "landslide": "", "f_veg": 0.0, "f_soil": 0.465, "f_grey": 0.491, "f_dark": 0.043, "status": "clear", "status_auto": "clear", "note": "", "reach": "A" }, "geometry": { "type": "Polygon", "coordinates": [ [ [ 98.143872277887667, 13.881833357924679 ], [ 98.143792759301306, 13.881859270428393 ], [ 98.143823433127295, 13.881948224267582 ], [ 98.143903035099953, 13.881922308944834 ], [ 98.143872277887667, 13.881833357924679 ] ] ] } },
{ "type": "Feature", "properties": { "bid": "KDG-B0385", "source": "VIDA/microsoft", "src_id": "00220000000000016ce6", "area_m2": 78.0, "overlap": 0.0, "overlap_outwash": 0.0, "dist_m": 453.2, "landslide": "", "f_veg": 0.936, "f_soil": 0.017, "f_grey": 0.048, "f_dark": 0.0, "status": "clear", "status_auto": "clear", "note": "", "reach": "" }, "geometry": { "type": "Polygon", "coordinates": [ [ [ 98.150089499051177, 13.878865303731297 ], [ 98.150084580813854, 13.878749336709852 ], [ 98.150028396227967, 13.878751649314273 ], [ 98.150033231101617, 13.87886753135316 ], [ 98.150089499051177, 13.878865303731297 ] ] ] } },
{ "type": "Feature", "properties": { "bid": "KDG-B0386", "source": "VIDA/microsoft", "src_id": "0022000000000001731c", "area_m2": 30.1, "overlap": 0.0, "overlap_outwash": 0.0, "dist_m": 557.9, "landslide": "", "f_veg": 0.718, "f_soil": 0.0, "f_grey": 0.282, "f_dark": 0.0, "status": "clear", "status_auto": "clear", "note": "", "reach": "" }, "geometry": { "type": "Polygon", "coordinates": [ [ [ 98.151045977463667, 13.87980537760841 ], [ 98.151040725717777, 13.879840137734364 ], [ 98.151111665999636, 13.879850148308931 ], [ 98.151116917750613, 13.879815388183394 ], [ 98.151045977463667, 13.87980537760841 ] ] ] } },
{ "type": "Feature", "properties": { "bid": "KDG-B0387", "source": "VIDA/microsoft", "src_id": "002200000000000179e2", "area_m2": 95.0, "overlap": 0.0, "overlap_outwash": 0.0, "dist_m": 440.2, "landslide": "", "f_veg": 0.866, "f_soil": 0.029, "f_grey": 0.102, "f_dark": 0.003, "status": "clear", "status_auto": "clear", "note": "", "reach": "" }, "geometry": { "type": "Polygon", "coordinates": [ [ [ 98.149832083956284, 13.880530544983984 ], [ 98.149825665262455, 13.880595013841504 ], [ 98.149947870620863, 13.880606474993771 ], [ 98.149954289325407, 13.880542006142445 ], [ 98.149832083956284, 13.880530544983984 ] ] ] } },
{ "type": "Feature", "properties": { "bid": "KDG-B0388", "source": "VIDA/microsoft", "src_id": "00220000000000017c02", "area_m2": 92.9, "overlap": 0.0, "overlap_outwash": 0.0, "dist_m": 497.3, "landslide": "", "f_veg": 0.713, "f_soil": 0.001, "f_grey": 0.281, "f_dark": 0.006, "status": "clear", "status_auto": "clear", "note": "", "reach": "" }, "geometry": { "type": "Polygon", "coordinates": [ [ [ 98.150487794013358, 13.879679511128614 ], [ 98.150490711627825, 13.87975911723081 ], [ 98.150588243378721, 13.879755776431896 ], [ 98.150585242399842, 13.879676173128599 ], [ 98.150487794013358, 13.879679511128614 ] ] ] } },
{ "type": "Feature", "properties": { "bid": "KDG-B0389", "source": "VIDA/microsoft", "src_id": "00220000000000017f8a", "area_m2": 119.0, "overlap": 0.0, "overlap_outwash": 0.0, "dist_m": 425.1, "landslide": "", "f_veg": 0.064, "f_soil": 0.069, "f_grey": 0.856, "f_dark": 0.011, "status": "clear", "status_auto": "clear", "note": "", "reach": "" }, "geometry": { "type": "Polygon", "coordinates": [ [ [ 98.149783485288552, 13.88011705609555 ], [ 98.14992011181414, 13.880121804033513 ], [ 98.149922779326644, 13.880049033702559 ], [ 98.149786152796054, 13.880044285749353 ], [ 98.149783485288552, 13.88011705609555 ] ] ] } },
{ "type": "Feature", "properties": { "bid": "KDG-B0390", "source": "VIDA/microsoft", "src_id": "00220000000000018038", "area_m2": 120.7, "overlap": 0.0, "overlap_outwash": 0.0, "dist_m": 213.8, "landslide": "", "f_veg": 0.554, "f_soil": 0.0, "f_grey": 0.446, "f_dark": 0.0, "status": "clear", "status_auto": "clear", "note": "", "reach": "A" }, "geometry": { "type": "Polygon", "coordinates": [ [ [ 98.150552565082094, 13.870816083642948 ], [ 98.150550397709495, 13.870745849512948 ], [ 98.150406684377629, 13.870750025534219 ], [ 98.150408851745965, 13.870820259687669 ], [ 98.150552565082094, 13.870816083642948 ] ] ] } },
{ "type": "Feature", "properties": { "bid": "KDG-B0391", "source": "VIDA/microsoft", "src_id": "002200000000000180c5", "area_m2": 132.6, "overlap": 0.0, "overlap_outwash": 0.0, "dist_m": 310.2, "landslide": "", "f_veg": 0.47, "f_soil": 0.118, "f_grey": 0.401, "f_dark": 0.012, "status": "clear", "status_auto": "clear", "note": "", "reach": "A" }, "geometry": { "type": "Polygon", "coordinates": [ [ [ 98.142551647097889, 13.882781966634557 ], [ 98.142547312827645, 13.882878145121085 ], [ 98.14266242113078, 13.882882999324961 ], [ 98.142666755407859, 13.882786820854323 ], [ 98.142551647097889, 13.882781966634557 ] ] ] } },
{ "type": "Feature", "properties": { "bid": "KDG-B0392", "source": "VIDA/microsoft", "src_id": "00220000000000018894", "area_m2": 79.9, "overlap": 0.0, "overlap_outwash": 0.0, "dist_m": 554.6, "landslide": "", "f_veg": 0.679, "f_soil": 0.304, "f_grey": 0.017, "f_dark": 0.0, "status": "clear", "status_auto": "clear", "note": "", "reach": "" }, "geometry": { "type": "Polygon", "coordinates": [ [ [ 98.141464086738381, 13.884975222207194 ], [ 98.141468337594205, 13.884892124619679 ], [ 98.141388071476072, 13.884888303630619 ], [ 98.141383820624895, 13.884971401227244 ], [ 98.141464086738381, 13.884975222207194 ] ] ] } },
{ "type": "Feature", "properties": { "bid": "KDG-B0393", "source": "VIDA/microsoft", "src_id": "002200000000000188a5", "area_m2": 125.0, "overlap": 0.0, "overlap_outwash": 0.0, "dist_m": 46.6, "landslide": "", "f_veg": 0.549, "f_soil": 0.0, "f_grey": 0.442, "f_dark": 0.009, "status": "clear", "status_auto": "clear", "note": "", "reach": "" }, "geometry": { "type": "Polygon", "coordinates": [ [ [ 98.146098666754881, 13.872620465385966 ], [ 98.146031732397134, 13.872633667483811 ], [ 98.146063240717297, 13.87278367892047 ], [ 98.146130175103934, 13.872770389003859 ], [ 98.146098666754881, 13.872620465385966 ] ] ] } },
{ "type": "Feature", "properties": { "bid": "KDG-B0394", "source": "VIDA/microsoft", "src_id": "00220000000000018f07", "area_m2": 59.9, "overlap": 0.0, "overlap_outwash": 0.0, "dist_m": 151.2, "landslide": "", "f_veg": 0.235, "f_soil": 0.487, "f_grey": 0.277, "f_dark": 0.001, "status": "clear", "status_auto": "clear", "note": "", "reach": "A" }, "geometry": { "type": "Polygon", "coordinates": [ [ [ 98.147674184217507, 13.875902224490691 ], [ 98.14773161735161, 13.875954819639446 ], [ 98.147776546932107, 13.875908643441521 ], [ 98.147719113762676, 13.875856048322269 ], [ 98.147674184217507, 13.875902224490691 ] ] ] } },
{ "type": "Feature", "properties": { "bid": "KDG-B0395", "source": "VIDA/microsoft", "src_id": "00220000000000018ffb", "area_m2": 104.8, "overlap": 0.0, "overlap_outwash": 0.0, "dist_m": 411.5, "landslide": "", "f_veg": 0.962, "f_soil": 0.01, "f_grey": 0.027, "f_dark": 0.001, "status": "clear", "status_auto": "clear", "note": "", "reach": "" }, "geometry": { "type": "Polygon", "coordinates": [ [ [ 98.149724216631157, 13.878948410670697 ], [ 98.149722049283156, 13.878819799405484 ], [ 98.149653944572265, 13.878820841649462 ], [ 98.149656111918262, 13.878949540712288 ], [ 98.149724216631157, 13.878948410670697 ] ] ] } },
{ "type": "Feature", "properties": { "bid": "KDG-B0396", "source": "VIDA/microsoft", "src_id": "002200000000000199cf", "area_m2": 112.1, "overlap": 0.0, "overlap_outwash": 0.0, "dist_m": 494.0, "landslide": "", "f_veg": 0.126, "f_soil": 0.172, "f_grey": 0.649, "f_dark": 0.053, "status": "clear", "status_auto": "clear", "note": "", "reach": "" }, "geometry": { "type": "Polygon", "coordinates": [ [ [ 98.154362655426183, 13.874575146986546 ], [ 98.154244861012572, 13.874579866300541 ], [ 98.154248278965255, 13.874659364319484 ], [ 98.154366073384423, 13.874654644982444 ], [ 98.154362655426183, 13.874575146986546 ] ] ] } },
{ "type": "Feature", "properties": { "bid": "KDG-B0397", "source": "VIDA/microsoft", "src_id": "00220000000000019bec", "area_m2": 120.3, "overlap": 0.0, "overlap_outwash": 0.0, "dist_m": 26.3, "landslide": "", "f_veg": 0.485, "f_soil": 0.231, "f_grey": 0.276, "f_dark": 0.007, "status": "clear", "status_auto": "clear", "note": "", "reach": "" }, "geometry": { "type": "Polygon", "coordinates": [ [ [ 98.145962464153769, 13.872236423056252 ], [ 98.145890278545266, 13.872239793638661 ], [ 98.145897030313947, 13.872378779920046 ], [ 98.14596929928436, 13.872375494310074 ], [ 98.145962464153769, 13.872236423056252 ] ] ] } },
{ "type": "Feature", "properties": { "bid": "KDG-B0398", "source": "VIDA/microsoft", "src_id": "00220000000000019c2f", "area_m2": 42.1, "overlap": null, "overlap_outwash": null, "dist_m": null, "landslide": null, "f_veg": null, "f_soil": null, "f_grey": null, "f_dark": null, "status": "not_surveyed", "status_auto": "not_surveyed", "note": "", "reach": "" }, "geometry": { "type": "Polygon", "coordinates": [ [ [ 98.153218648781859, 13.87224409605415 ], [ 98.153154292166874, 13.872242906802818 ], [ 98.153153291805438, 13.872297623225174 ], [ 98.153217648419542, 13.872298724696584 ], [ 98.153218648781859, 13.87224409605415 ] ] ] } },
{ "type": "Feature", "properties": { "bid": "KDG-B0399", "source": "VIDA/microsoft", "src_id": "0022000000000001a0b0", "area_m2": 72.5, "overlap": null, "overlap_outwash": null, "dist_m": null, "landslide": null, "f_veg": null, "f_soil": null, "f_grey": null, "f_dark": null, "status": "not_surveyed", "status_auto": "not_surveyed", "note": "", "reach": "" }, "geometry": { "type": "Polygon", "coordinates": [ [ [ 98.151706116591328, 13.879200418790203 ], [ 98.151702698757532, 13.879278392389104 ], [ 98.15178030863278, 13.879281596914295 ], [ 98.1517837264702, 13.879203623324161 ], [ 98.151706116591328, 13.879200418790203 ] ] ] } },
{ "type": "Feature", "properties": { "bid": "KDG-B0400", "source": "VIDA/microsoft", "src_id": "0022000000000001a333", "area_m2": 47.2, "overlap": 0.0, "overlap_outwash": 0.0, "dist_m": 105.5, "landslide": "", "f_veg": 0.11, "f_soil": 0.831, "f_grey": 0.059, "f_dark": 0.0, "status": "clear", "status_auto": "clear", "note": "", "reach": "A" }, "geometry": { "type": "Polygon", "coordinates": [ [ [ 98.138653575080866, 13.880865372293767 ], [ 98.138707750587443, 13.880884898881355 ], [ 98.138732337945996, 13.880820877017513 ], [ 98.138678162421172, 13.88080126265773 ], [ 98.138653575080866, 13.880865372293767 ] ] ] } },
{ "type": "Feature", "properties": { "bid": "KDG-B0401", "source": "VIDA/microsoft", "src_id": "0022000000000001a778", "area_m2": 18.4, "overlap": 0.0, "overlap_outwash": 0.0, "dist_m": 427.1, "landslide": "", "f_veg": 0.702, "f_soil": 0.042, "f_grey": 0.256, "f_dark": 0.0, "status": "clear", "status_auto": "clear", "note": "", "reach": "" }, "geometry": { "type": "Polygon", "coordinates": [ [ [ 98.149811160683697, 13.879996928627572 ], [ 98.149818663051661, 13.880030736822567 ], [ 98.149862260160759, 13.880021558221959 ], [ 98.149854674428624, 13.879987752813692 ], [ 98.149811160683697, 13.879996928627572 ] ] ] } },
{ "type": "Feature", "properties": { "bid": "KDG-B0402", "source": "VIDA/microsoft", "src_id": "0022000000000001ab78", "area_m2": 85.1, "overlap": null, "overlap_outwash": null, "dist_m": null, "landslide": null, "f_veg": null, "f_soil": null, "f_grey": null, "f_dark": null, "status": "not_surveyed", "status_auto": "not_surveyed", "note": "", "reach": "A" }, "geometry": { "type": "Polygon", "coordinates": [ [ [ 98.150738459201904, 13.870428688386369 ], [ 98.150647262655326, 13.870427515177173 ], [ 98.150646262328209, 13.870505578747279 ], [ 98.150737375512833, 13.87050675472233 ], [ 98.150738459201904, 13.870428688386369 ] ] ] } },
{ "type": "Feature", "properties": { "bid": "KDG-B0403", "source": "VIDA/microsoft", "src_id": "0022000000000001acbd", "area_m2": 100.2, "overlap": 0.0, "overlap_outwash": 0.0, "dist_m": 284.8, "landslide": "", "f_veg": 0.512, "f_soil": 0.257, "f_grey": 0.224, "f_dark": 0.007, "status": "clear", "status_auto": "clear", "note": "", "reach": "" }, "geometry": { "type": "Polygon", "coordinates": [ [ [ 98.141708386324723, 13.882551812324024 ], [ 98.141788819496057, 13.882551677727756 ], [ 98.141788736145571, 13.882447570578552 ], [ 98.141708219623936, 13.882447620153336 ], [ 98.141708386324723, 13.882551812324024 ] ] ] } },
{ "type": "Feature", "properties": { "bid": "KDG-B0404", "source": "VIDA/microsoft", "src_id": "0022000000000001b678", "area_m2": 111.3, "overlap": 0.0, "overlap_outwash": 0.0, "dist_m": 592.0, "landslide": "", "f_veg": 0.095, "f_soil": 0.184, "f_grey": 0.653, "f_dark": 0.068, "status": "clear", "status_auto": "clear", "note": "", "reach": "" }, "geometry": { "type": "Polygon", "coordinates": [ [ [ 98.151622254666663, 13.878944181885046 ], [ 98.151544478236062, 13.878919828226321 ], [ 98.151508466026158, 13.879028294678903 ], [ 98.151586242418404, 13.879052648355458 ], [ 98.151622254666663, 13.878944181885046 ] ] ] } },
{ "type": "Feature", "properties": { "bid": "KDG-B0405", "source": "VIDA/microsoft", "src_id": "0022000000000001bf00", "area_m2": 158.5, "overlap": 0.0, "overlap_outwash": 0.0, "dist_m": 552.0, "landslide": "", "f_veg": 0.283, "f_soil": 0.28, "f_grey": 0.41, "f_dark": 0.026, "status": "clear", "status_auto": "clear", "note": "", "reach": "" }, "geometry": { "type": "Polygon", "coordinates": [ [ [ 98.150988791806569, 13.879795522672875 ], [ 98.151117334556261, 13.87981432093191 ], [ 98.151133006450422, 13.879713466774115 ], [ 98.151004463673161, 13.879694668513668 ], [ 98.150988791806569, 13.879795522672875 ] ] ] } },
{ "type": "Feature", "properties": { "bid": "KDG-B0406", "source": "VIDA/microsoft", "src_id": "0022000000000001c6fe", "area_m2": 62.3, "overlap": 0.0, "overlap_outwash": 0.0, "dist_m": 422.6, "landslide": "", "f_veg": 0.381, "f_soil": 0.24, "f_grey": 0.379, "f_dark": 0.0, "status": "clear", "status_auto": "clear", "note": "", "reach": "" }, "geometry": { "type": "Polygon", "coordinates": [ [ [ 98.149859592650486, 13.879990222166697 ], [ 98.149859092492306, 13.879926247698174 ], [ 98.149777566756597, 13.879926859944705 ], [ 98.149778150273804, 13.879990919423225 ], [ 98.149859592650486, 13.879990222166697 ] ] ] } },
{ "type": "Feature", "properties": { "bid": "KDG-B0407", "source": "VIDA/microsoft", "src_id": "0022000000000001cd97", "area_m2": 77.6, "overlap": 0.0, "overlap_outwash": 0.0, "dist_m": 238.9, "landslide": "", "f_veg": 0.867, "f_soil": 0.126, "f_grey": 0.007, "f_dark": 0.0, "status": "clear", "status_auto": "clear", "note": "", "reach": "" }, "geometry": { "type": "Polygon", "coordinates": [ [ [ 98.140229015231427, 13.881773316281453 ], [ 98.14020059332978, 13.881854057203988 ], [ 98.140272606615298, 13.881877992731399 ], [ 98.140301028545011, 13.881797251795042 ], [ 98.140229015231427, 13.881773316281453 ] ] ] } },
{ "type": "Feature", "properties": { "bid": "KDG-B0408", "source": "VIDA/microsoft", "src_id": "0022000000000001d4cf", "area_m2": 95.3, "overlap": 0.0, "overlap_outwash": 0.0, "dist_m": 586.1, "landslide": "", "f_veg": 0.489, "f_soil": 0.0, "f_grey": 0.511, "f_dark": 0.0, "status": "clear", "status_auto": "clear", "note": "", "reach": "" }, "geometry": { "type": "Polygon", "coordinates": [ [ [ 98.151303480197143, 13.879812764080974 ], [ 98.151300395827533, 13.879929876438146 ], [ 98.151368418711883, 13.879931557449 ], [ 98.151371503084377, 13.879814445105024 ], [ 98.151303480197143, 13.879812764080974 ] ] ] } },
{ "type": "Feature", "properties": { "bid": "KDG-B0409", "source": "VIDA/microsoft", "src_id": "0022000000000001d6cb", "area_m2": 115.4, "overlap": 0.0, "overlap_outwash": 0.0, "dist_m": 437.0, "landslide": "", "f_veg": 0.317, "f_soil": 0.407, "f_grey": 0.231, "f_dark": 0.044, "status": "clear", "status_auto": "clear", "note": "", "reach": "" }, "geometry": { "type": "Polygon", "coordinates": [ [ [ 98.149864344153244, 13.878571205363079 ], [ 98.149840336563457, 13.878653025505496 ], [ 98.149949454456987, 13.878683269106608 ], [ 98.149973462082642, 13.878601448949714 ], [ 98.149864344153244, 13.878571205363079 ] ] ] } },
{ "type": "Feature", "properties": { "bid": "KDG-B0410", "source": "VIDA/microsoft", "src_id": "0022000000000001d96c", "area_m2": 141.4, "overlap": null, "overlap_outwash": null, "dist_m": null, "landslide": null, "f_veg": null, "f_soil": null, "f_grey": null, "f_dark": null, "status": "not_surveyed", "status_auto": "not_surveyed", "note": "", "reach": "" }, "geometry": { "type": "Polygon", "coordinates": [ [ [ 98.151543727981505, 13.880250580176778 ], [ 98.151540143432072, 13.880366656198401 ], [ 98.151642011393719, 13.880369578080293 ], [ 98.151645512586413, 13.880253417079302 ], [ 98.151543727981505, 13.880250580176778 ] ] ] } },
{ "type": "Feature", "properties": { "bid": "KDG-B0411", "source": "VIDA/microsoft", "src_id": "0022000000000001db1f", "area_m2": 109.4, "overlap": 0.0, "overlap_outwash": 0.0, "dist_m": 161.0, "landslide": "", "f_veg": 0.452, "f_soil": 0.063, "f_grey": 0.468, "f_dark": 0.017, "status": "clear", "status_auto": "clear", "note": "", "reach": "A" }, "geometry": { "type": "Polygon", "coordinates": [ [ [ 98.147876158994876, 13.876000912252969 ], [ 98.147787216669599, 13.87591829436858 ], [ 98.147734284784178, 13.875972022817127 ], [ 98.14782314368766, 13.876054643534285 ], [ 98.147876158994876, 13.876000912252969 ] ] ] } },
{ "type": "Feature", "properties": { "bid": "KDG-B0412", "source": "VIDA/microsoft", "src_id": "0022000000000001db40", "area_m2": 109.7, "overlap": 0.0, "overlap_outwash": 0.0, "dist_m": 575.5, "landslide": "", "f_veg": 0.209, "f_soil": 0.058, "f_grey": 0.675, "f_dark": 0.058, "status": "clear", "status_auto": "clear", "note": "", "reach": "" }, "geometry": { "type": "Polygon", "coordinates": [ [ [ 98.151297561542052, 13.878961156670242 ], [ 98.151234623760615, 13.878945524691398 ], [ 98.151198444980977, 13.879082261432428 ], [ 98.151261382731278, 13.879097981200523 ], [ 98.151297561542052, 13.878961156670242 ] ] ] } },
{ "type": "Feature", "properties": { "bid": "KDG-B0413", "source": "VIDA/microsoft", "src_id": "0022000000000001db89", "area_m2": 70.0, "overlap": 0.0, "overlap_outwash": 0.0, "dist_m": 281.4, "landslide": "", "f_veg": 1.0, "f_soil": 0.0, "f_grey": 0.0, "f_dark": 0.0, "status": "clear", "status_auto": "clear", "note": "", "reach": "" }, "geometry": { "type": "Polygon", "coordinates": [ [ [ 98.134987236959532, 13.877773775950393 ], [ 98.134889476021058, 13.877762019393774 ], [ 98.134881975187199, 13.877820994222343 ], [ 98.134979736115625, 13.877832750776403 ], [ 98.134987236959532, 13.877773775950393 ] ] ] } },
{ "type": "Feature", "properties": { "bid": "KDG-B0414", "source": "VIDA/microsoft", "src_id": "0022000000000001def6", "area_m2": 22.0, "overlap": 0.0, "overlap_outwash": 0.0, "dist_m": 306.5, "landslide": "", "f_veg": 0.388, "f_soil": 0.277, "f_grey": 0.335, "f_dark": 0.0, "status": "clear", "status_auto": "clear", "note": "", "reach": "A" }, "geometry": { "type": "Polygon", "coordinates": [ [ [ 98.142318347032187, 13.882742426955796 ], [ 98.142317180116962, 13.882691903152622 ], [ 98.142280755701577, 13.8826927658938 ], [ 98.142281922616178, 13.882743201918631 ], [ 98.142318347032187, 13.882742426955796 ] ] ] } },
{ "type": "Feature", "properties": { "bid": "KDG-B0415", "source": "VIDA/microsoft", "src_id": "0022000000000001e879", "area_m2": 28.0, "overlap": 0.0, "overlap_outwash": 0.0, "dist_m": 553.0, "landslide": "", "f_veg": 0.6, "f_soil": 0.048, "f_grey": 0.351, "f_dark": 0.001, "status": "clear", "status_auto": "clear", "note": "", "reach": "" }, "geometry": { "type": "Polygon", "coordinates": [ [ [ 98.150994793797636, 13.879837280867644 ], [ 98.150992376328958, 13.879891872323382 ], [ 98.151035223889167, 13.879893690939719 ], [ 98.151037641359267, 13.879839099487338 ], [ 98.150994793797636, 13.879837280867644 ] ] ] } },
{ "type": "Feature", "properties": { "bid": "KDG-B0416", "source": "VIDA/microsoft", "src_id": "0022000000000001e902", "area_m2": 39.2, "overlap": 0.0, "overlap_outwash": 0.0, "dist_m": 77.4, "landslide": "", "f_veg": 0.036, "f_soil": 0.901, "f_grey": 0.063, "f_dark": 0.0, "status": "clear", "status_auto": "clear", "note": "", "reach": "A" }, "geometry": { "type": "Polygon", "coordinates": [ [ [ 98.138678745849688, 13.880548695137627 ], [ 98.138677912380373, 13.880605956555286 ], [ 98.138735171743789, 13.880606770693907 ], [ 98.138736088560762, 13.880549506506139 ], [ 98.138678745849688, 13.880548695137627 ] ] ] } },
{ "type": "Feature", "properties": { "bid": "KDG-B0417", "source": "VIDA/microsoft", "src_id": "0022000000000001f2c8", "area_m2": 36.3, "overlap": 0.0, "overlap_outwash": 0.0, "dist_m": 423.0, "landslide": "", "f_veg": 0.384, "f_soil": 0.023, "f_grey": 0.593, "f_dark": 0.001, "status": "clear", "status_auto": "clear", "note": "", "reach": "" }, "geometry": { "type": "Polygon", "coordinates": [ [ [ 98.149832834193262, 13.880126382683255 ], [ 98.149755143027249, 13.880123707005696 ], [ 98.149753725914479, 13.880162728362743 ], [ 98.149831417078985, 13.880165404035647 ], [ 98.149832834193262, 13.880126382683255 ] ] ] } },
{ "type": "Feature", "properties": { "bid": "KDG-B0418", "source": "VIDA/microsoft", "src_id": "0022000000000001f606", "area_m2": 23.3, "overlap": 0.0, "overlap_outwash": 0.0, "dist_m": 232.9, "landslide": "", "f_veg": 0.732, "f_soil": 0.115, "f_grey": 0.153, "f_dark": 0.0, "status": "clear", "status_auto": "clear", "note": "", "reach": "" }, "geometry": { "type": "Polygon", "coordinates": [ [ [ 98.140204927460687, 13.881756123417597 ], [ 98.140163336484264, 13.881745219510172 ], [ 98.140151250934437, 13.881788986547019 ], [ 98.140192841903982, 13.881799802674793 ], [ 98.140204927460687, 13.881756123417597 ] ] ] } },
{ "type": "Feature", "properties": { "bid": "KDG-B0419", "source": "VIDA/microsoft", "src_id": "0022000000000001fb90", "area_m2": 35.9, "overlap": 0.0, "overlap_outwash": 0.101, "dist_m": 371.1, "landslide": "", "f_veg": 1.0, "f_soil": 0.0, "f_grey": 0.0, "f_dark": 0.0, "status": "not_building", "status_auto": "clear", "note": "Chip review: canopy beside a debris strip in both images, no roof.", "reach": "" }, "geometry": { "type": "Polygon", "coordinates": [ [ [ 98.140593916758419, 13.883118365537497 ], [ 98.140542990465008, 13.883119447895668 ], [ 98.140544324049984, 13.883178393662499 ], [ 98.140595250344319, 13.883177311297654 ], [ 98.140593916758419, 13.883118365537497 ] ] ] } },
{ "type": "Feature", "properties": { "bid": "KDG-B0420", "source": "VIDA/microsoft", "src_id": "00220000000000020132", "area_m2": 128.7, "overlap": 0.0, "overlap_outwash": 0.0, "dist_m": 93.1, "landslide": "", "f_veg": 0.393, "f_soil": 0.037, "f_grey": 0.564, "f_dark": 0.006, "status": "clear", "status_auto": "clear", "note": "", "reach": "A" }, "geometry": { "type": "Polygon", "coordinates": [ [ [ 98.137853449205721, 13.880217066107321 ], [ 98.137779604697343, 13.880200564428716 ], [ 98.137746683072677, 13.8803390390398 ], [ 98.137820527547717, 13.88035554072772 ], [ 98.137853449205721, 13.880217066107321 ] ] ] } },
{ "type": "Feature", "properties": { "bid": "KDG-B0421", "source": "VIDA/microsoft", "src_id": "00220000000000020339", "area_m2": 116.3, "overlap": 0.0, "overlap_outwash": 0.0, "dist_m": 599.4, "landslide": "", "f_veg": 0.711, "f_soil": 0.001, "f_grey": 0.289, "f_dark": 0.0, "status": "clear", "status_auto": "clear", "note": "", "reach": "" }, "geometry": { "type": "Polygon", "coordinates": [ [ [ 98.151430773078189, 13.879834061660302 ], [ 98.151415184481621, 13.879975642589159 ], [ 98.151483124111294, 13.879982680862785 ], [ 98.151498712722372, 13.879841099940263 ], [ 98.151430773078189, 13.879834061660302 ] ] ] } },
{ "type": "Feature", "properties": { "bid": "KDG-B0422", "source": "VIDA/microsoft", "src_id": "002200000000000203e0", "area_m2": 83.9, "overlap": 0.0, "overlap_outwash": 0.0, "dist_m": 356.9, "landslide": "", "f_veg": 0.121, "f_soil": 0.248, "f_grey": 0.58, "f_dark": 0.052, "status": "clear", "status_auto": "clear", "note": "", "reach": "" }, "geometry": { "type": "Polygon", "coordinates": [ [ [ 98.153121446973302, 13.872636439184845 ], [ 98.153006238822201, 13.872640368938946 ], [ 98.153008406267645, 13.872701211858427 ], [ 98.153123614422171, 13.872697282087627 ], [ 98.153121446973302, 13.872636439184845 ] ] ] } },
{ "type": "Feature", "properties": { "bid": "KDG-B0423", "source": "VIDA/microsoft", "src_id": "00220000000000020b00", "area_m2": 69.3, "overlap": 0.0, "overlap_outwash": 0.0, "dist_m": 138.5, "landslide": "", "f_veg": 0.014, "f_soil": 0.231, "f_grey": 0.72, "f_dark": 0.034, "status": "clear", "status_auto": "clear", "note": "", "reach": "A" }, "geometry": { "type": "Polygon", "coordinates": [ [ [ 98.137545069700224, 13.880565295300086 ], [ 98.137536068372071, 13.880639770759394 ], [ 98.137612829733911, 13.880648538348595 ], [ 98.137621831071527, 13.880573975110408 ], [ 98.137545069700224, 13.880565295300086 ] ] ] } },
{ "type": "Feature", "properties": { "bid": "KDG-B0424", "source": "VIDA/microsoft", "src_id": "002200000000000210ee", "area_m2": 92.3, "overlap": 0.0, "overlap_outwash": 0.0, "dist_m": 446.0, "landslide": "", "f_veg": 0.11, "f_soil": 0.069, "f_grey": 0.814, "f_dark": 0.007, "status": "clear", "status_auto": "clear", "note": "", "reach": "" }, "geometry": { "type": "Polygon", "coordinates": [ [ [ 98.149907691210345, 13.880445334834407 ], [ 98.149905190417897, 13.880515554211282 ], [ 98.150015058647142, 13.880519175521984 ], [ 98.150017476083491, 13.880448958937365 ], [ 98.149907691210345, 13.880445334834407 ] ] ] } },
{ "type": "Feature", "properties": { "bid": "KDG-B0425", "source": "VIDA/microsoft", "src_id": "00220000000000021798", "area_m2": 91.0, "overlap": 0.0, "overlap_outwash": 0.0, "dist_m": 509.7, "landslide": "", "f_veg": 0.058, "f_soil": 0.251, "f_grey": 0.687, "f_dark": 0.004, "status": "clear", "status_auto": "clear", "note": "", "reach": "" }, "geometry": { "type": "Polygon", "coordinates": [ [ [ 98.15067577198397, 13.878902368198045 ], [ 98.150678272802807, 13.878833115330227 ], [ 98.150568486936621, 13.878829315708741 ], [ 98.150565902761045, 13.878898483589907 ], [ 98.15067577198397, 13.878902368198045 ] ] ] } },
{ "type": "Feature", "properties": { "bid": "KDG-B0426", "source": "VIDA/microsoft", "src_id": "002200000000000217aa", "area_m2": 132.4, "overlap": 0.0, "overlap_outwash": 0.0, "dist_m": 590.2, "landslide": "", "f_veg": 0.158, "f_soil": 0.019, "f_grey": 0.824, "f_dark": 0.0, "status": "clear", "status_auto": "clear", "note": "", "reach": "" }, "geometry": { "type": "Polygon", "coordinates": [ [ [ 98.151350162563915, 13.879599747456435 ], [ 98.151436941828536, 13.879602558417375 ], [ 98.1514412766264, 13.879475134550145 ], [ 98.151354497356635, 13.879472235793141 ], [ 98.151350162563915, 13.879599747456435 ] ] ] } },
{ "type": "Feature", "properties": { "bid": "KDG-B0427", "source": "VIDA/microsoft", "src_id": "00220000000000021b96", "area_m2": 48.4, "overlap": 0.0, "overlap_outwash": 0.0, "dist_m": 75.7, "landslide": "", "f_veg": 0.943, "f_soil": 0.043, "f_grey": 0.009, "f_dark": 0.004, "status": "clear", "status_auto": "clear", "note": "", "reach": "A" }, "geometry": { "type": "Polygon", "coordinates": [ [ [ 98.138543557252831, 13.880576459841565 ], [ 98.138614235353629, 13.880578582728575 ], [ 98.138615985637628, 13.880521290780527 ], [ 98.138545307535168, 13.880519255668741 ], [ 98.138543557252831, 13.880576459841565 ] ] ] } },
{ "type": "Feature", "properties": { "bid": "KDG-B0428", "source": "VIDA/microsoft", "src_id": "00220000000000021d62", "area_m2": 74.1, "overlap": 0.0, "overlap_outwash": 0.0, "dist_m": 214.5, "landslide": "", "f_veg": 0.335, "f_soil": 0.159, "f_grey": 0.485, "f_dark": 0.021, "status": "clear", "status_auto": "clear", "note": "", "reach": "A" }, "geometry": { "type": "Polygon", "coordinates": [ [ [ 98.150446780702225, 13.870932398541072 ], [ 98.150453866333606, 13.870986142984806 ], [ 98.150567319889575, 13.870972003874689 ], [ 98.150560150886719, 13.870918174457531 ], [ 98.150446780702225, 13.870932398541072 ] ] ] } },
{ "type": "Feature", "properties": { "bid": "KDG-B0429", "source": "VIDA/microsoft", "src_id": "0022000000000002241f", "area_m2": 49.2, "overlap": 0.0, "overlap_outwash": 0.0, "dist_m": 222.8, "landslide": "", "f_veg": 0.415, "f_soil": 0.438, "f_grey": 0.147, "f_dark": 0.0, "status": "clear", "status_auto": "clear", "note": "", "reach": "A" }, "geometry": { "type": "Polygon", "coordinates": [ [ [ 98.147949847001541, 13.87944199571024 ], [ 98.14796785222714, 13.879494940789622 ], [ 98.148037955948723, 13.879472501894412 ], [ 98.148020034063435, 13.879419554056915 ], [ 98.147949847001541, 13.87944199571024 ] ] ] } },
{ "type": "Feature", "properties": { "bid": "KDG-B0430", "source": "VIDA/microsoft", "src_id": "00220000000000022584", "area_m2": 86.6, "overlap": 0.0, "overlap_outwash": 0.0, "dist_m": 172.9, "landslide": "", "f_veg": 0.368, "f_soil": 0.054, "f_grey": 0.565, "f_dark": 0.013, "status": "clear", "status_auto": "clear", "note": "", "reach": "" }, "geometry": { "type": "Polygon", "coordinates": [ [ [ 98.144397152741703, 13.881340790414777 ], [ 98.144356059497255, 13.881397462279462 ], [ 98.144441496796148, 13.881455885826071 ], [ 98.144482590088685, 13.881399213925215 ], [ 98.144397152741703, 13.881340790414777 ] ] ] } },
{ "type": "Feature", "properties": { "bid": "KDG-B0431", "source": "VIDA/microsoft", "src_id": "0022000000000002258b", "area_m2": 105.8, "overlap": 0.0, "overlap_outwash": 0.0, "dist_m": 143.6, "landslide": "", "f_veg": 0.286, "f_soil": 0.293, "f_grey": 0.417, "f_dark": 0.004, "status": "clear", "status_auto": "clear", "note": "", "reach": "A" }, "geometry": { "type": "Polygon", "coordinates": [ [ [ 98.136218885989038, 13.878839603744515 ], [ 98.136238138483606, 13.878912962169064 ], [ 98.136351486606614, 13.87888496097427 ], [ 98.136332234082133, 13.878811602590398 ], [ 98.136218885989038, 13.878839603744515 ] ] ] } },
{ "type": "Feature", "properties": { "bid": "KDG-B0432", "source": "VIDA/microsoft", "src_id": "002200000000000229d4", "area_m2": 173.8, "overlap": 0.0, "overlap_outwash": 0.0, "dist_m": 557.2, "landslide": "", "f_veg": 0.587, "f_soil": 0.038, "f_grey": 0.368, "f_dark": 0.007, "status": "clear", "status_auto": "clear", "note": "", "reach": "" }, "geometry": { "type": "Polygon", "coordinates": [ [ [ 98.151045143853182, 13.879549880840758 ], [ 98.151137257869095, 13.879553303989118 ], [ 98.151143509955844, 13.879395708027477 ], [ 98.151051395932029, 13.879392284857328 ], [ 98.151045143853182, 13.879549880840758 ] ] ] } },
{ "type": "Feature", "properties": { "bid": "KDG-B0433", "source": "VIDA/microsoft", "src_id": "00220000000000022edd", "area_m2": 35.7, "overlap": 0.0, "overlap_outwash": 0.0, "dist_m": 226.6, "landslide": "", "f_veg": 0.781, "f_soil": 0.0, "f_grey": 0.158, "f_dark": 0.061, "status": "clear", "status_auto": "clear", "note": "", "reach": "A" }, "geometry": { "type": "Polygon", "coordinates": [ [ [ 98.140809541245488, 13.881822972029463 ], [ 98.140733109918401, 13.881805855331095 ], [ 98.140724358244839, 13.881843015413535 ], [ 98.140800706213412, 13.881860047109312 ], [ 98.140809541245488, 13.881822972029463 ] ] ] } },
{ "type": "Feature", "properties": { "bid": "KDG-B0434", "source": "VIDA/microsoft", "src_id": "002200000000000230ec", "area_m2": 16.1, "overlap": null, "overlap_outwash": null, "dist_m": null, "landslide": null, "f_veg": null, "f_soil": null, "f_grey": null, "f_dark": null, "status": "not_surveyed", "status_auto": "not_surveyed", "note": "", "reach": "A" }, "geometry": { "type": "Polygon", "coordinates": [ [ [ 98.141125769418807, 13.873840304337831 ], [ 98.141098597413375, 13.873854375732479 ], [ 98.141119851588542, 13.873892904213452 ], [ 98.141146940252142, 13.873878835586295 ], [ 98.141125769418807, 13.873840304337831 ] ] ] } },
{ "type": "Feature", "properties": { "bid": "KDG-B0435", "source": "VIDA/microsoft", "src_id": "00220000000000023a57", "area_m2": 77.2, "overlap": 0.0, "overlap_outwash": 0.0, "dist_m": 345.0, "landslide": "", "f_veg": 0.104, "f_soil": 0.254, "f_grey": 0.634, "f_dark": 0.008, "status": "clear", "status_auto": "clear", "note": "", "reach": "" }, "geometry": { "type": "Polygon", "coordinates": [ [ [ 98.150231127756072, 13.877094135960062 ], [ 98.150330326365037, 13.877092846916364 ], [ 98.150329409402474, 13.877027746674036 ], [ 98.150230210794774, 13.877029035704009 ], [ 98.150231127756072, 13.877094135960062 ] ] ] } },
{ "type": "Feature", "properties": { "bid": "KDG-B0436", "source": "VIDA/microsoft", "src_id": "00220000000000023c3f", "area_m2": 50.0, "overlap": 0.0, "overlap_outwash": 0.0, "dist_m": 536.8, "landslide": "", "f_veg": 0.032, "f_soil": 0.044, "f_grey": 0.845, "f_dark": 0.079, "status": "clear", "status_auto": "clear", "note": "", "reach": "" }, "geometry": { "type": "Polygon", "coordinates": [ [ [ 98.150991209275134, 13.878605163333342 ], [ 98.150988458362633, 13.878670123247176 ], [ 98.151052729708923, 13.878672719631624 ], [ 98.151055480623853, 13.878607759723899 ], [ 98.150991209275134, 13.878605163333342 ] ] ] } },
{ "type": "Feature", "properties": { "bid": "KDG-B0437", "source": "VIDA/microsoft", "src_id": "00220000000000024b23", "area_m2": 22.8, "overlap": 0.0, "overlap_outwash": 0.0, "dist_m": 484.1, "landslide": "", "f_veg": 0.372, "f_soil": 0.053, "f_grey": 0.575, "f_dark": 0.0, "status": "clear", "status_auto": "clear", "note": "", "reach": "" }, "geometry": { "type": "Polygon", "coordinates": [ [ [ 98.150242131292615, 13.878344164215788 ], [ 98.150245048897261, 13.878398752768682 ], [ 98.150279893441962, 13.878396976280053 ], [ 98.150276892475745, 13.878342390512076 ], [ 98.150242131292615, 13.878344164215788 ] ] ] } },
{ "type": "Feature", "properties": { "bid": "KDG-B0438", "source": "VIDA/microsoft", "src_id": "00220000000000024ed5", "area_m2": 50.7, "overlap": 0.0, "overlap_outwash": 0.0, "dist_m": 73.8, "landslide": "", "f_veg": 0.177, "f_soil": 0.071, "f_grey": 0.742, "f_dark": 0.01, "status": "clear", "status_auto": "clear", "note": "", "reach": "" }, "geometry": { "type": "Polygon", "coordinates": [ [ [ 98.146048153398297, 13.871723684182825 ], [ 98.145962464153769, 13.871726977954268 ], [ 98.145964464679722, 13.871776416221557 ], [ 98.146050153926595, 13.871773122439803 ], [ 98.146048153398297, 13.871723684182825 ] ] ] } },
{ "type": "Feature", "properties": { "bid": "KDG-B0439", "source": "VIDA/microsoft", "src_id": "00220000000000025630", "area_m2": 26.6, "overlap": 0.0, "overlap_outwash": 0.0, "dist_m": 334.6, "landslide": "", "f_veg": 0.97, "f_soil": 0.03, "f_grey": 0.0, "f_dark": 0.0, "status": "clear", "status_auto": "clear", "note": "", "reach": "" }, "geometry": { "type": "Polygon", "coordinates": [ [ [ 98.151715786560999, 13.875995427609372 ], [ 98.151712702173981, 13.876049074120651 ], [ 98.151754133005056, 13.876051291230256 ], [ 98.151757217393822, 13.875997732498305 ], [ 98.151715786560999, 13.875995427609372 ] ] ] } },
{ "type": "Feature", "properties": { "bid": "KDG-B0440", "source": "VIDA/microsoft", "src_id": "00220000000000025640", "area_m2": 177.3, "overlap": 0.0, "overlap_outwash": 0.0, "dist_m": 361.3, "landslide": "", "f_veg": 0.768, "f_soil": 0.132, "f_grey": 0.098, "f_dark": 0.002, "status": "clear", "status_auto": "clear", "note": "", "reach": "" }, "geometry": { "type": "Polygon", "coordinates": [ [ [ 98.149200637233278, 13.879041623725332 ], [ 98.149286413636062, 13.879044030115384 ], [ 98.149291581896776, 13.878871196870641 ], [ 98.14920580548791, 13.878868790456648 ], [ 98.149200637233278, 13.879041623725332 ] ] ] } },
{ "type": "Feature", "properties": { "bid": "KDG-B0441", "source": "VIDA/microsoft", "src_id": "00220000000000025824", "area_m2": 112.7, "overlap": 0.0, "overlap_outwash": 0.0, "dist_m": 115.5, "landslide": "", "f_veg": 0.452, "f_soil": 0.016, "f_grey": 0.531, "f_dark": 0.001, "status": "clear", "status_auto": "clear", "note": "", "reach": "A" }, "geometry": { "type": "Polygon", "coordinates": [ [ [ 98.136882141521411, 13.879484482259977 ], [ 98.136849386991315, 13.879412714409645 ], [ 98.13673953857284, 13.879459999181163 ], [ 98.136772293053596, 13.879531767085901 ], [ 98.136882141521411, 13.879484482259977 ] ] ] } },
{ "type": "Feature", "properties": { "bid": "KDG-B0442", "source": "VIDA/microsoft", "src_id": "0022000000000002601d", "area_m2": 102.3, "overlap": 0.0, "overlap_outwash": 0.0, "dist_m": 45.9, "landslide": "", "f_veg": 0.171, "f_soil": 0.041, "f_grey": 0.78, "f_dark": 0.008, "status": "clear", "status_auto": "clear", "note": "", "reach": "" }, "geometry": { "type": "Polygon", "coordinates": [ [ [ 98.14622244963293, 13.872499687816433 ], [ 98.14620811248075, 13.872437669649029 ], [ 98.146076744287242, 13.872466272641555 ], [ 98.14609108141363, 13.872528290846118 ], [ 98.14622244963293, 13.872499687816433 ] ] ] } },
{ "type": "Feature", "properties": { "bid": "KDG-B0443", "source": "VIDA/microsoft", "src_id": "00220000000000026166", "area_m2": 31.5, "overlap": 0.0, "overlap_outwash": 0.0, "dist_m": 278.5, "landslide": "", "f_veg": 0.108, "f_soil": 0.506, "f_grey": 0.386, "f_dark": 0.0, "status": "clear", "status_auto": "clear", "note": "", "reach": "A" }, "geometry": { "type": "Polygon", "coordinates": [ [ [ 98.148477501981503, 13.878981029831497 ], [ 98.148421235273645, 13.878982291482926 ], [ 98.148422402286414, 13.879029126547483 ], [ 98.148478668995182, 13.879027864890137 ], [ 98.148477501981503, 13.878981029831497 ] ] ] } },
{ "type": "Feature", "properties": { "bid": "KDG-B0444", "source": "VIDA/microsoft", "src_id": "0022000000000002635d", "area_m2": 13.5, "overlap": 0.0, "overlap_outwash": 0.0, "dist_m": 503.3, "landslide": "", "f_veg": 0.0, "f_soil": 0.0, "f_grey": 1.0, "f_dark": 0.0, "status": "clear", "status_auto": "clear", "note": "", "reach": "" }, "geometry": { "type": "Polygon", "coordinates": [ [ [ 98.154310719153898, 13.874674397612081 ], [ 98.154312303084595, 13.874697780740943 ], [ 98.154360321210916, 13.874694686775051 ], [ 98.154358737279154, 13.874671391424418 ], [ 98.154310719153898, 13.874674397612081 ] ] ] } },
{ "type": "Feature", "properties": { "bid": "KDG-B0445", "source": "VIDA/microsoft", "src_id": "002200000000000267d4", "area_m2": 26.1, "overlap": 0.0, "overlap_outwash": 0.0, "dist_m": 41.8, "landslide": "", "f_veg": 1.0, "f_soil": 0.0, "f_grey": 0.0, "f_dark": 0.0, "status": "clear", "status_auto": "clear", "note": "", "reach": "A" }, "geometry": { "type": "Polygon", "coordinates": [ [ [ 98.146673571230806, 13.874644114948673 ], [ 98.146682490329667, 13.874681122701601 ], [ 98.146738422273486, 13.874668374415146 ], [ 98.146729419811678, 13.874631369449842 ], [ 98.146673571230806, 13.874644114948673 ] ] ] } },
{ "type": "Feature", "properties": { "bid": "KDG-B0446", "source": "VIDA/microsoft", "src_id": "00220000000000026ae7", "area_m2": 96.0, "overlap": 0.0, "overlap_outwash": 0.0, "dist_m": 376.7, "landslide": "", "f_veg": 0.98, "f_soil": 0.02, "f_grey": 0.0, "f_dark": 0.0, "status": "clear", "status_auto": "clear", "note": "", "reach": "" }, "geometry": { "type": "Polygon", "coordinates": [ [ [ 98.149424789775125, 13.879396763787074 ], [ 98.149428707657577, 13.879239157586747 ], [ 98.149377775202083, 13.879237959355239 ], [ 98.14937385732236, 13.879395565568991 ], [ 98.149424789775125, 13.879396763787074 ] ] ] } },
{ "type": "Feature", "properties": { "bid": "KDG-B0447", "source": "VIDA/microsoft", "src_id": "00220000000000026c26", "area_m2": 32.1, "overlap": 0.0, "overlap_outwash": 0.0, "dist_m": 148.7, "landslide": "", "f_veg": 0.245, "f_soil": 0.727, "f_grey": 0.027, "f_dark": 0.0, "status": "clear", "status_auto": "clear", "note": "", "reach": "A" }, "geometry": { "type": "Polygon", "coordinates": [ [ [ 98.147801387417047, 13.875685388508172 ], [ 98.14776879470196, 13.875713949104078 ], [ 98.147810806797793, 13.875759333828762 ], [ 98.147843482889016, 13.875730858214659 ], [ 98.147801387417047, 13.875685388508172 ] ] ] } },
{ "type": "Feature", "properties": { "bid": "KDG-B0448", "source": "VIDA/microsoft", "src_id": "00220000000000026cde", "area_m2": 188.8, "overlap": 0.0, "overlap_outwash": 0.0, "dist_m": 292.6, "landslide": "", "f_veg": 0.468, "f_soil": 0.435, "f_grey": 0.097, "f_dark": 0.0, "status": "clear", "status_auto": "clear", "note": "", "reach": "A" }, "geometry": { "type": "Polygon", "coordinates": [ [ [ 98.148665558137438, 13.879171384293562 ], [ 98.148579449030763, 13.879191635788695 ], [ 98.148622878683696, 13.87936486812084 ], [ 98.148708987841559, 13.879344528775492 ], [ 98.148665558137438, 13.879171384293562 ] ] ] } },
{ "type": "Feature", "properties": { "bid": "KDG-B0449", "source": "VIDA/microsoft", "src_id": "00220000000000026d74", "area_m2": 29.3, "overlap": 0.0, "overlap_outwash": 0.0, "dist_m": 545.7, "landslide": "", "f_veg": 1.0, "f_soil": 0.0, "f_grey": 0.0, "f_dark": 0.0, "status": "clear", "status_auto": "clear", "note": "", "reach": "" }, "geometry": { "type": "Polygon", "coordinates": [ [ [ 98.14200194699103, 13.884886015612425 ], [ 98.142004197460665, 13.884839239570107 ], [ 98.141951936572639, 13.884836855538707 ], [ 98.14194960275394, 13.884883634362444 ], [ 98.14200194699103, 13.884886015612425 ] ] ] } },
{ "type": "Feature", "properties": { "bid": "KDG-B0450", "source": "VIDA/microsoft", "src_id": "00220000000000026f75", "area_m2": 84.1, "overlap": 0.0, "overlap_outwash": 0.0, "dist_m": 311.8, "landslide": "", "f_veg": 0.675, "f_soil": 0.028, "f_grey": 0.273, "f_dark": 0.024, "status": "clear", "status_auto": "clear", "note": "", "reach": "" }, "geometry": { "type": "Polygon", "coordinates": [ [ [ 98.152691543097845, 13.872919715536725 ], [ 98.152687041499959, 13.872822611785168 ], [ 98.152614765883072, 13.872825811918135 ], [ 98.152619267476496, 13.872922915687278 ], [ 98.152691543097845, 13.872919715536725 ] ] ] } },
{ "type": "Feature", "properties": { "bid": "KDG-B0451", "source": "VIDA/microsoft", "src_id": "00220000000000027219", "area_m2": 19.7, "overlap": 0.0, "overlap_outwash": 0.0, "dist_m": 62.4, "landslide": "", "f_veg": 0.995, "f_soil": 0.005, "f_grey": 0.0, "f_dark": 0.0, "status": "clear", "status_auto": "clear", "note": "", "reach": "" }, "geometry": { "type": "Polygon", "coordinates": [ [ [ 98.14362672077128, 13.87397144449722 ], [ 98.143581460333863, 13.873975409951012 ], [ 98.14358487778766, 13.874011547824285 ], [ 98.143630054874606, 13.874007585142172 ], [ 98.14362672077128, 13.87397144449722 ] ] ] } },
{ "type": "Feature", "properties": { "bid": "KDG-B0452", "source": "VIDA/microsoft", "src_id": "002200000000000277e1", "area_m2": 158.7, "overlap": 0.0, "overlap_outwash": 0.0, "dist_m": 417.1, "landslide": "", "f_veg": 0.744, "f_soil": 0.03, "f_grey": 0.225, "f_dark": 0.001, "status": "clear", "status_auto": "clear", "note": "", "reach": "" }, "geometry": { "type": "Polygon", "coordinates": [ [ [ 98.14984817237314, 13.87936342085383 ], [ 98.149756143342174, 13.879359116542949 ], [ 98.149749057778465, 13.879503134892859 ], [ 98.149841086800521, 13.87950735140635 ], [ 98.14984817237314, 13.87936342085383 ] ] ] } },
{ "type": "Feature", "properties": { "bid": "KDG-B0453", "source": "VIDA/microsoft", "src_id": "002200000000000277f6", "area_m2": 80.3, "overlap": 0.0, "overlap_outwash": 0.0, "dist_m": 331.3, "landslide": "", "f_veg": 0.185, "f_soil": 0.613, "f_grey": 0.188, "f_dark": 0.014, "status": "clear", "status_auto": "clear", "note": "", "reach": "" }, "geometry": { "type": "Polygon", "coordinates": [ [ [ 98.150756631836316, 13.876683457741363 ], [ 98.150667602643054, 13.876714690854081 ], [ 98.150692444111158, 13.876781450840012 ], [ 98.150781473334689, 13.876750217691333 ], [ 98.150756631836316, 13.876683457741363 ] ] ] } },
{ "type": "Feature", "properties": { "bid": "KDG-B0454", "source": "VIDA/microsoft", "src_id": "002200000000000278fe", "area_m2": 95.6, "overlap": null, "overlap_outwash": null, "dist_m": null, "landslide": null, "f_veg": null, "f_soil": null, "f_grey": null, "f_dark": null, "status": "not_surveyed", "status_auto": "not_surveyed", "note": "", "reach": "A" }, "geometry": { "type": "Polygon", "coordinates": [ [ [ 98.150657932812109, 13.870563997690066 ], [ 98.150659766745463, 13.870637841523678 ], [ 98.150768052255643, 13.87063537298625 ], [ 98.150766134958857, 13.870561444176282 ], [ 98.150657932812109, 13.870563997690066 ] ] ] } },
{ "type": "Feature", "properties": { "bid": "KDG-B0455", "source": "VIDA/microsoft", "src_id": "00220000000000027c23", "area_m2": 96.6, "overlap": 0.0, "overlap_outwash": 0.0, "dist_m": 452.5, "landslide": "", "f_veg": 0.201, "f_soil": 0.214, "f_grey": 0.575, "f_dark": 0.01, "status": "clear", "status_auto": "clear", "note": "", "reach": "" }, "geometry": { "type": "Polygon", "coordinates": [ [ [ 98.150145933764122, 13.880230580151887 ], [ 98.150026562310458, 13.880198045232696 ], [ 98.150008473217525, 13.880260796434596 ], [ 98.150127844641645, 13.880293331365465 ], [ 98.150145933764122, 13.880230580151887 ] ] ] } },
{ "type": "Feature", "properties": { "bid": "KDG-B0456", "source": "VIDA/microsoft", "src_id": "0022000000000002818d", "area_m2": 69.7, "overlap": 0.0, "overlap_outwash": 0.0, "dist_m": 252.7, "landslide": "", "f_veg": 0.22, "f_soil": 0.376, "f_grey": 0.398, "f_dark": 0.006, "status": "clear", "status_auto": "clear", "note": "", "reach": "A" }, "geometry": { "type": "Polygon", "coordinates": [ [ [ 98.148279526719946, 13.879212520846906 ], [ 98.148216258107396, 13.879214542616412 ], [ 98.148219425704625, 13.879306692921416 ], [ 98.148282610962028, 13.879304761696764 ], [ 98.148279526719946, 13.879212520846906 ] ] ] } },
{ "type": "Feature", "properties": { "bid": "KDG-B0457", "source": "VIDA/microsoft", "src_id": "002200000000000287bf", "area_m2": 87.0, "overlap": 0.0, "overlap_outwash": 0.0, "dist_m": 122.7, "landslide": "", "f_veg": 0.067, "f_soil": 0.352, "f_grey": 0.581, "f_dark": 0.001, "status": "clear", "status_auto": "clear", "note": "", "reach": "A" }, "geometry": { "type": "Polygon", "coordinates": [ [ [ 98.137142678078234, 13.879853618194346 ], [ 98.137132760002899, 13.879784688877868 ], [ 98.137029162036043, 13.87979867222527 ], [ 98.137038996752239, 13.879867604342634 ], [ 98.137142678078234, 13.879853618194346 ] ] ] } },
{ "type": "Feature", "properties": { "bid": "KDG-B0458", "source": "VIDA/microsoft", "src_id": "002200000000000289c1", "area_m2": 95.6, "overlap": 0.0, "overlap_outwash": 0.0, "dist_m": 613.2, "landslide": "", "f_veg": 0.367, "f_soil": 0.104, "f_grey": 0.511, "f_dark": 0.018, "status": "clear", "status_auto": "clear", "note": "", "reach": "" }, "geometry": { "type": "Polygon", "coordinates": [ [ [ 98.151776473986075, 13.879147511441921 ], [ 98.151774473300947, 13.879072966478219 ], [ 98.151667186640182, 13.879075667436872 ], [ 98.151669270684138, 13.879150209638095 ], [ 98.151776473986075, 13.879147511441921 ] ] ] } },
{ "type": "Feature", "properties": { "bid": "KDG-B0459", "source": "VIDA/microsoft", "src_id": "002200000000000289da", "area_m2": 41.9, "overlap": 0.0, "overlap_outwash": 0.0, "dist_m": 56.0, "landslide": "", "f_veg": 0.953, "f_soil": 0.033, "f_grey": 0.013, "f_dark": 0.001, "status": "clear", "status_auto": "clear", "note": "", "reach": "A" }, "geometry": { "type": "Polygon", "coordinates": [ [ [ 98.142144060117005, 13.87562785791104 ], [ 98.142095966670396, 13.875630864320755 ], [ 98.142100801018884, 13.875703471167528 ], [ 98.142148894468676, 13.875700464748281 ], [ 98.142144060117005, 13.87562785791104 ] ] ] } },
{ "type": "Feature", "properties": { "bid": "KDG-B0460", "source": "VIDA/microsoft", "src_id": "00220000000000028a9d", "area_m2": 22.8, "overlap": 0.0, "overlap_outwash": 0.0, "dist_m": 374.8, "landslide": "", "f_veg": 1.0, "f_soil": 0.0, "f_grey": 0.0, "f_dark": 0.0, "status": "clear", "status_auto": "clear", "note": "", "reach": "" }, "geometry": { "type": "Polygon", "coordinates": [ [ [ 98.142451042083522, 13.883357311278944 ], [ 98.142452375703357, 13.883391151014436 ], [ 98.142508637812142, 13.883389012559809 ], [ 98.142507304191298, 13.883355260611779 ], [ 98.142451042083522, 13.883357311278944 ] ] ] } },
{ "type": "Feature", "properties": { "bid": "KDG-B0461", "source": "VIDA/microsoft", "src_id": "00220000000000028c7d", "area_m2": 80.6, "overlap": 0.0, "overlap_outwash": 0.0, "dist_m": 310.9, "landslide": "", "f_veg": 0.376, "f_soil": 0.264, "f_grey": 0.36, "f_dark": 0.0, "status": "clear", "status_auto": "clear", "note": "", "reach": "A" }, "geometry": { "type": "Polygon", "coordinates": [ [ [ 98.148722408542284, 13.878907468476186 ], [ 98.148724325785452, 13.879016777058448 ], [ 98.148786011027141, 13.879015773548003 ], [ 98.148784093782353, 13.87890637720149 ], [ 98.148722408542284, 13.878907468476186 ] ] ] } },
{ "type": "Feature", "properties": { "bid": "KDG-B0462", "source": "VIDA/microsoft", "src_id": "002200000000000293ea", "area_m2": 78.9, "overlap": 0.0, "overlap_outwash": 0.0, "dist_m": 540.7, "landslide": "", "f_veg": 0.775, "f_soil": 0.003, "f_grey": 0.22, "f_dark": 0.002, "status": "clear", "status_auto": "clear", "note": "", "reach": "" }, "geometry": { "type": "Polygon", "coordinates": [ [ [ 98.150887091477443, 13.879777935709262 ], [ 98.150946027634546, 13.879779305494589 ], [ 98.150948778545427, 13.879667383274287 ], [ 98.150889842386135, 13.879666013477902 ], [ 98.150887091477443, 13.879777935709262 ] ] ] } },
{ "type": "Feature", "properties": { "bid": "KDG-B0463", "source": "VIDA/microsoft", "src_id": "00220000000000029406", "area_m2": 97.3, "overlap": 0.0, "overlap_outwash": 0.0, "dist_m": 455.7, "landslide": "", "f_veg": 0.078, "f_soil": 0.158, "f_grey": 0.722, "f_dark": 0.041, "status": "clear", "status_auto": "clear", "note": "", "reach": "" }, "geometry": { "type": "Polygon", "coordinates": [ [ [ 98.150216956537221, 13.879927215867635 ], [ 98.150215372695271, 13.879862136488011 ], [ 98.150090332650748, 13.87986499014435 ], [ 98.150091999849934, 13.87993006676203 ], [ 98.150216956537221, 13.879927215867635 ] ] ] } },
{ "type": "Feature", "properties": { "bid": "KDG-B0464", "source": "VIDA/microsoft", "src_id": "00220000000000029623", "area_m2": 27.0, "overlap": 0.0, "overlap_outwash": 0.0, "dist_m": 334.9, "landslide": "", "f_veg": 1.0, "f_soil": 0.0, "f_grey": 0.0, "f_dark": 0.0, "status": "clear", "status_auto": "clear", "note": "", "reach": "A" }, "geometry": { "type": "Polygon", "coordinates": [ [ [ 98.14900866183963, 13.879201989613644 ], [ 98.149012162906118, 13.87913709197537 ], [ 98.148977402324803, 13.87913535438406 ], [ 98.148973901259978, 13.879200252025347 ], [ 98.14900866183963, 13.879201989613644 ] ] ] } },
{ "type": "Feature", "properties": { "bid": "KDG-B0465", "source": "VIDA/microsoft", "src_id": "00220000000000029735", "area_m2": 168.1, "overlap": 0.0, "overlap_outwash": 0.0, "dist_m": 424.3, "landslide": "", "f_veg": 0.282, "f_soil": 0.071, "f_grey": 0.632, "f_dark": 0.015, "status": "clear", "status_auto": "clear", "note": "", "reach": "" }, "geometry": { "type": "Polygon", "coordinates": [ [ [ 98.14136540027279, 13.883800190492115 ], [ 98.141349730474644, 13.883707311253744 ], [ 98.141202284506861, 13.883730746982399 ], [ 98.141217954273358, 13.883823626273857 ], [ 98.14136540027279, 13.883800190492115 ] ] ] } },
{ "type": "Feature", "properties": { "bid": "KDG-B0466", "source": "VIDA/microsoft", "src_id": "00220000000000029945", "area_m2": 60.3, "overlap": 0.0, "overlap_outwash": 0.0, "dist_m": 230.1, "landslide": "", "f_veg": 0.502, "f_soil": 0.103, "f_grey": 0.395, "f_dark": 0.0, "status": "clear", "status_auto": "clear", "note": "", "reach": "A" }, "geometry": { "type": "Polygon", "coordinates": [ [ [ 98.147913669848705, 13.878185680763883 ], [ 98.147814474521581, 13.878182492211616 ], [ 98.147812724017015, 13.878233286582832 ], [ 98.147911919341766, 13.878236562905787 ], [ 98.147913669848705, 13.878185680763883 ] ] ] } },
{ "type": "Feature", "properties": { "bid": "KDG-B0467", "source": "VIDA/microsoft", "src_id": "00220000000000029a34", "area_m2": 120.8, "overlap": 0.0, "overlap_outwash": 0.0, "dist_m": 310.5, "landslide": "", "f_veg": 0.193, "f_soil": 0.246, "f_grey": 0.535, "f_dark": 0.026, "status": "clear", "status_auto": "clear", "note": "", "reach": "" }, "geometry": { "type": "Polygon", "coordinates": [ [ [ 98.149998720113985, 13.876875156765962 ], [ 98.149996886197215, 13.87680130943261 ], [ 98.149860176168332, 13.876804375729169 ], [ 98.149862010081677, 13.876878310862544 ], [ 98.149998720113985, 13.876875156765962 ] ] ] } },
{ "type": "Feature", "properties": { "bid": "KDG-B0468", "source": "VIDA/microsoft", "src_id": "00220000000000029cc4", "area_m2": 55.0, "overlap": 0.0, "overlap_outwash": 0.0, "dist_m": 125.5, "landslide": "", "f_veg": 0.377, "f_soil": 0.379, "f_grey": 0.242, "f_dark": 0.002, "status": "clear", "status_auto": "clear", "note": "", "reach": "A" }, "geometry": { "type": "Polygon", "coordinates": [ [ [ 98.145520599324612, 13.880673339112418 ], [ 98.145499927351281, 13.880627416728878 ], [ 98.14541573913327, 13.880663053016251 ], [ 98.14543641108277, 13.880708975426204 ], [ 98.145520599324612, 13.880673339112418 ] ] ] } },
{ "type": "Feature", "properties": { "bid": "KDG-B0469", "source": "VIDA/microsoft", "src_id": "00220000000000029dd9", "area_m2": 138.9, "overlap": 0.0, "overlap_outwash": 0.092, "dist_m": 414.3, "landslide": "", "f_veg": 0.184, "f_soil": 0.186, "f_grey": 0.627, "f_dark": 0.003, "status": "clear", "status_auto": "clear", "note": "", "reach": "" }, "geometry": { "type": "Polygon", "coordinates": [ [ [ 98.140093740414372, 13.883497838776769 ], [ 98.140061567882356, 13.883576686780389 ], [ 98.140189091214395, 13.883625634606526 ], [ 98.140221263802616, 13.883546874355108 ], [ 98.140093740414372, 13.883497838776769 ] ] ] } },
{ "type": "Feature", "properties": { "bid": "KDG-B0470", "source": "VIDA/microsoft", "src_id": "0022000000000002a1d4", "area_m2": 90.9, "overlap": 0.0, "overlap_outwash": 0.0, "dist_m": 542.8, "landslide": "", "f_veg": 0.098, "f_soil": 0.061, "f_grey": 0.834, "f_dark": 0.007, "status": "clear", "status_auto": "clear", "note": "", "reach": "" }, "geometry": { "type": "Polygon", "coordinates": [ [ [ 98.151837744995248, 13.87831473459376 ], [ 98.151751882234961, 13.878313648577739 ], [ 98.151750715169001, 13.878402167715178 ], [ 98.151836577927924, 13.878403253717453 ], [ 98.151837744995248, 13.87831473459376 ] ] ] } },
{ "type": "Feature", "properties": { "bid": "KDG-B0471", "source": "VIDA/microsoft", "src_id": "0022000000000002a1df", "area_m2": 51.9, "overlap": 0.0, "overlap_outwash": 0.0, "dist_m": 72.7, "landslide": "", "f_veg": 0.32, "f_soil": 0.191, "f_grey": 0.478, "f_dark": 0.012, "status": "clear", "status_auto": "clear", "note": "", "reach": "" }, "geometry": { "type": "Polygon", "coordinates": [ [ [ 98.146287466986252, 13.872852308918082 ], [ 98.146283549272283, 13.872784764687955 ], [ 98.146219365477876, 13.872788307712598 ], [ 98.146223366543921, 13.872855761401384 ], [ 98.146287466986252, 13.872852308918082 ] ] ] } },
{ "type": "Feature", "properties": { "bid": "KDG-B0472", "source": "VIDA/microsoft", "src_id": "0022000000000002a64f", "area_m2": 56.3, "overlap": 0.0, "overlap_outwash": 0.0, "dist_m": 245.1, "landslide": "", "f_veg": 0.734, "f_soil": 0.171, "f_grey": 0.093, "f_dark": 0.002, "status": "clear", "status_auto": "clear", "note": "", "reach": "A" }, "geometry": { "type": "Polygon", "coordinates": [ [ [ 98.142856380282382, 13.882286462623451 ], [ 98.142843710824863, 13.882211392292547 ], [ 98.142782614063862, 13.882221153273386 ], [ 98.142795200159142, 13.882296138617866 ], [ 98.142856380282382, 13.882286462623451 ] ] ] } },
{ "type": "Feature", "properties": { "bid": "KDG-B0473", "source": "VIDA/microsoft", "src_id": "0022000000000002a762", "area_m2": 25.9, "overlap": 0.0, "overlap_outwash": 0.0, "dist_m": 335.7, "landslide": "", "f_veg": 0.39, "f_soil": 0.03, "f_grey": 0.576, "f_dark": 0.004, "status": "clear", "status_auto": "clear", "note": "", "reach": "" }, "geometry": { "type": "Polygon", "coordinates": [ [ [ 98.15023087767571, 13.877000924706792 ], [ 98.150233378479314, 13.876959410405744 ], [ 98.150181445142039, 13.876956402191935 ], [ 98.150178860980148, 13.876997919275386 ], [ 98.15023087767571, 13.877000924706792 ] ] ] } },
{ "type": "Feature", "properties": { "bid": "KDG-B0474", "source": "VIDA/microsoft", "src_id": "0022000000000002add8", "area_m2": 99.7, "overlap": 0.0, "overlap_outwash": 0.0, "dist_m": 71.5, "landslide": "", "f_veg": 0.212, "f_soil": 0.424, "f_grey": 0.348, "f_dark": 0.015, "status": "clear", "status_auto": "clear", "note": "", "reach": "A" }, "geometry": { "type": "Polygon", "coordinates": [ [ [ 98.146008726330663, 13.880180419956295 ], [ 98.146037567270213, 13.880267765392114 ], [ 98.146124173512604, 13.880240738727595 ], [ 98.146095332538849, 13.880153393334279 ], [ 98.146008726330663, 13.880180419956295 ] ] ] } },
{ "type": "Feature", "properties": { "bid": "KDG-B0475", "source": "VIDA/microsoft", "src_id": "0022000000000002b0c2", "area_m2": 78.1, "overlap": 0.0, "overlap_outwash": 0.0, "dist_m": 470.3, "landslide": "", "f_veg": 0.186, "f_soil": 0.012, "f_grey": 0.799, "f_dark": 0.002, "status": "clear", "status_auto": "clear", "note": "", "reach": "" }, "geometry": { "type": "Polygon", "coordinates": [ [ [ 98.150241297691295, 13.879540526919884 ], [ 98.150345831369862, 13.879559775280777 ], [ 98.150357668526311, 13.879499427435677 ], [ 98.150253051470656, 13.879480181857438 ], [ 98.150241297691295, 13.879540526919884 ] ] ] } },
{ "type": "Feature", "properties": { "bid": "KDG-B0476", "source": "VIDA/microsoft", "src_id": "0022000000000002b396", "area_m2": 45.2, "overlap": 0.0, "overlap_outwash": 0.0, "dist_m": 493.7, "landslide": "", "f_veg": 0.403, "f_soil": 0.072, "f_grey": 0.525, "f_dark": 0.0, "status": "clear", "status_auto": "clear", "note": "", "reach": "" }, "geometry": { "type": "Polygon", "coordinates": [ [ [ 98.150512218618132, 13.879245156413665 ], [ 98.150457617550487, 13.879242764091453 ], [ 98.150454366495836, 13.879311866663793 ], [ 98.150508967561038, 13.879314346759486 ], [ 98.150512218618132, 13.879245156413665 ] ] ] } },
{ "type": "Feature", "properties": { "bid": "KDG-B0477", "source": "VIDA/microsoft", "src_id": "0022000000000002b559", "area_m2": 54.7, "overlap": 0.0, "overlap_outwash": 0.0, "dist_m": 494.1, "landslide": "", "f_veg": 0.812, "f_soil": 0.058, "f_grey": 0.129, "f_dark": 0.001, "status": "clear", "status_auto": "clear", "note": "", "reach": "" }, "geometry": { "type": "Polygon", "coordinates": [ [ [ 98.150510968211535, 13.879602545994674 ], [ 98.150515969838011, 13.879512669057766 ], [ 98.150465119984844, 13.879510063868734 ], [ 98.15046020172224, 13.879599850252351 ], [ 98.150510968211535, 13.879602545994674 ] ] ] } },
{ "type": "Feature", "properties": { "bid": "KDG-B0478", "source": "VIDA/microsoft", "src_id": "0022000000000002b75d", "area_m2": 80.7, "overlap": 0.0, "overlap_outwash": 0.0, "dist_m": 373.4, "landslide": "", "f_veg": 0.639, "f_soil": 0.298, "f_grey": 0.062, "f_dark": 0.001, "status": "clear", "status_auto": "clear", "note": "", "reach": "" }, "geometry": { "type": "Polygon", "coordinates": [ [ [ 98.142082547187471, 13.883278649074269 ], [ 98.142080213364608, 13.883351498859938 ], [ 98.142172899529996, 13.883354203626308 ], [ 98.142175150004903, 13.883281356629199 ], [ 98.142082547187471, 13.883278649074269 ] ] ] } },
{ "type": "Feature", "properties": { "bid": "KDG-B0479", "source": "VIDA/microsoft", "src_id": "0022000000000002c3ef", "area_m2": 54.2, "overlap": 0.0, "overlap_outwash": 0.0, "dist_m": 397.7, "landslide": "", "f_veg": 0.644, "f_soil": 0.082, "f_grey": 0.274, "f_dark": 0.0, "status": "clear", "status_auto": "clear", "note": "", "reach": "" }, "geometry": { "type": "Polygon", "coordinates": [ [ [ 98.149561332270494, 13.879739991320417 ], [ 98.149586006643645, 13.879794469389305 ], [ 98.149655695120956, 13.879764758165601 ], [ 98.149631020724257, 13.87971019234354 ], [ 98.149561332270494, 13.879739991320417 ] ] ] } },
{ "type": "Feature", "properties": { "bid": "KDG-B0480", "source": "VIDA/microsoft", "src_id": "0022000000000002c4a9", "area_m2": 99.1, "overlap": 0.0, "overlap_outwash": 0.0, "dist_m": 434.2, "landslide": "", "f_veg": 0.545, "f_soil": 0.132, "f_grey": 0.299, "f_dark": 0.024, "status": "clear", "status_auto": "clear", "note": "", "reach": "" }, "geometry": { "type": "Polygon", "coordinates": [ [ [ 98.141034834924994, 13.883792420493261 ], [ 98.141045170278801, 13.883872836813135 ], [ 98.141146690202902, 13.883860499921115 ], [ 98.141136271484982, 13.883780086406764 ], [ 98.141034834924994, 13.883792420493261 ] ] ] } },
{ "type": "Feature", "properties": { "bid": "KDG-B0481", "source": "VIDA/microsoft", "src_id": "0022000000000002c643", "area_m2": 57.7, "overlap": null, "overlap_outwash": null, "dist_m": null, "landslide": null, "f_veg": null, "f_soil": null, "f_grey": null, "f_dark": null, "status": "not_surveyed", "status_auto": "not_surveyed", "note": "", "reach": "A" }, "geometry": { "type": "Polygon", "coordinates": [ [ [ 98.135648147678282, 13.87841381808123 ], [ 98.135701070800522, 13.878419605480792 ], [ 98.135711488742501, 13.878329546741524 ], [ 98.135658565612673, 13.878323847119914 ], [ 98.135648147678282, 13.87841381808123 ] ] ] } },
{ "type": "Feature", "properties": { "bid": "KDG-B0482", "source": "VIDA/microsoft", "src_id": "0022000000000002d4ea", "area_m2": 25.0, "overlap": 0.0, "overlap_outwash": 0.0, "dist_m": 564.9, "landslide": "", "f_veg": 0.579, "f_soil": 0.002, "f_grey": 0.417, "f_dark": 0.002, "status": "clear", "status_auto": "clear", "note": "", "reach": "" }, "geometry": { "type": "Polygon", "coordinates": [ [ [ 98.151116751028354, 13.879328747600601 ], [ 98.151115834055943, 13.879380830981681 ], [ 98.151156097492091, 13.879381419123998 ], [ 98.151156931103841, 13.879329426305871 ], [ 98.151116751028354, 13.879328747600601 ] ] ] } },
{ "type": "Feature", "properties": { "bid": "KDG-B0483", "source": "VIDA/microsoft", "src_id": "0022000000000002d5fd", "area_m2": 62.7, "overlap": 0.0, "overlap_outwash": 0.0, "dist_m": 255.4, "landslide": "", "f_veg": 0.791, "f_soil": 0.004, "f_grey": 0.166, "f_dark": 0.039, "status": "clear", "status_auto": "clear", "note": "", "reach": "A" }, "geometry": { "type": "Polygon", "coordinates": [ [ [ 98.139907456649681, 13.882127960164214 ], [ 98.139966717339391, 13.882150213876123 ], [ 98.139997306209267, 13.882073087420558 ], [ 98.139938045494745, 13.882050921504645 ], [ 98.139907456649681, 13.882127960164214 ] ] ] } },
{ "type": "Feature", "properties": { "bid": "KDG-B0484", "source": "VIDA/microsoft", "src_id": "0022000000000002d7fe", "area_m2": 74.0, "overlap": 0.0, "overlap_outwash": 0.0, "dist_m": 33.7, "landslide": "", "f_veg": 0.084, "f_soil": 0.089, "f_grey": 0.823, "f_dark": 0.003, "status": "clear", "status_auto": "clear", "note": "", "reach": "" }, "geometry": { "type": "Polygon", "coordinates": [ [ [ 98.145967215403005, 13.872391626582504 ], [ 98.146031482331182, 13.872394312945712 ], [ 98.146035733452905, 13.872298145396785 ], [ 98.145971466521019, 13.872295459024661 ], [ 98.145967215403005, 13.872391626582504 ] ] ] } },
{ "type": "Feature", "properties": { "bid": "KDG-B0485", "source": "VIDA/microsoft", "src_id": "0022000000000002d93e", "area_m2": 66.8, "overlap": 0.0, "overlap_outwash": 0.0, "dist_m": 429.3, "landslide": "", "f_veg": 0.691, "f_soil": 0.246, "f_grey": 0.064, "f_dark": 0.0, "status": "clear", "status_auto": "clear", "note": "", "reach": "" }, "geometry": { "type": "Polygon", "coordinates": [ [ [ 98.149808909973487, 13.878238091787074 ], [ 98.149711379263053, 13.878267940945348 ], [ 98.149728301248757, 13.878320043627737 ], [ 98.149825831981786, 13.87829019444122 ], [ 98.149808909973487, 13.878238091787074 ] ] ] } },
{ "type": "Feature", "properties": { "bid": "KDG-B0486", "source": "VIDA/microsoft", "src_id": "0022000000000002d9b2", "area_m2": 140.9, "overlap": null, "overlap_outwash": null, "dist_m": null, "landslide": null, "f_veg": null, "f_soil": null, "f_grey": null, "f_dark": null, "status": "not_surveyed", "status_auto": "not_surveyed", "note": "", "reach": "" }, "geometry": { "type": "Polygon", "coordinates": [ [ [ 98.150802230163634, 13.880395747848729 ], [ 98.150801146473611, 13.880484265738028 ], [ 98.150934273743687, 13.880485794097149 ], [ 98.150935357435671, 13.880397276229314 ], [ 98.150802230163634, 13.880395747848729 ] ] ] } },
{ "type": "Feature", "properties": { "bid": "KDG-B0487", "source": "VIDA/microsoft", "src_id": "0022000000000002de6d", "area_m2": 131.8, "overlap": 0.0, "overlap_outwash": 0.0, "dist_m": 358.5, "landslide": "", "f_veg": 0.605, "f_soil": 0.171, "f_grey": 0.223, "f_dark": 0.0, "status": "clear", "status_auto": "clear", "note": "", "reach": "" }, "geometry": { "type": "Polygon", "coordinates": [ [ [ 98.149290998383449, 13.879360057042282 ], [ 98.149293249077729, 13.879234019091996 ], [ 98.14920580548791, 13.879232546118278 ], [ 98.14920355479633, 13.879358584087914 ], [ 98.149290998383449, 13.879360057042282 ] ] ] } },
{ "type": "Feature", "properties": { "bid": "KDG-B0488", "source": "VIDA/microsoft", "src_id": "0022000000000002dfb6", "area_m2": 114.5, "overlap": 0.0, "overlap_outwash": 0.0, "dist_m": 559.6, "landslide": "", "f_veg": 0.502, "f_soil": 0.0, "f_grey": 0.491, "f_dark": 0.007, "status": "clear", "status_auto": "clear", "note": "", "reach": "" }, "geometry": { "type": "Polygon", "coordinates": [ [ [ 98.151047227879403, 13.879956052612982 ], [ 98.151048728378328, 13.880028947053914 ], [ 98.151180105514271, 13.880026320365776 ], [ 98.15117860501266, 13.87995342594599 ], [ 98.151047227879403, 13.879956052612982 ] ] ] } },
{ "type": "Feature", "properties": { "bid": "KDG-B0489", "source": "VIDA/microsoft", "src_id": "0022000000000002e201", "area_m2": 160.6, "overlap": 0.0, "overlap_outwash": 0.0, "dist_m": 342.0, "landslide": "", "f_veg": 0.362, "f_soil": 0.032, "f_grey": 0.602, "f_dark": 0.003, "status": "clear", "status_auto": "clear", "note": "", "reach": "" }, "geometry": { "type": "Polygon", "coordinates": [ [ [ 98.150450948720589, 13.876921082056766 ], [ 98.150451615603558, 13.876954854072928 ], [ 98.150394096970501, 13.876955982137403 ], [ 98.150395180654471, 13.877009051280826 ], [ 98.150572071438376, 13.877005698023396 ], [ 98.150570320867729, 13.87691876911606 ], [ 98.150450948720589, 13.876921082056766 ] ] ] } },
{ "type": "Feature", "properties": { "bid": "KDG-B0490", "source": "VIDA/microsoft", "src_id": "0022000000000002ea8a", "area_m2": 106.8, "overlap": 0.0, "overlap_outwash": 0.0, "dist_m": 484.4, "landslide": "", "f_veg": 0.256, "f_soil": 0.05, "f_grey": 0.669, "f_dark": 0.024, "status": "clear", "status_auto": "clear", "note": "", "reach": "" }, "geometry": { "type": "Polygon", "coordinates": [ [ [ 98.15031615512693, 13.878804638718616 ], [ 98.150402016199905, 13.878803004100702 ], [ 98.150399848831768, 13.878698883334524 ], [ 98.150314071121556, 13.878700515152675 ], [ 98.15031615512693, 13.878804638718616 ] ] ] } },
{ "type": "Feature", "properties": { "bid": "KDG-B0491", "source": "VIDA/microsoft", "src_id": "0022000000000002edb3", "area_m2": 57.9, "overlap": 0.0, "overlap_outwash": 0.0, "dist_m": 17.6, "landslide": "", "f_veg": 0.8, "f_soil": 0.096, "f_grey": 0.104, "f_dark": 0.0, "status": "not_building", "status_auto": "clear", "note": "Chip review: canopy inside the track hairpin in both images, no roof.", "reach": "A" }, "geometry": { "type": "Polygon", "coordinates": [ [ [ 98.145139669142992, 13.872069062497781 ], [ 98.145136668387948, 13.871987005064495 ], [ 98.145077736918324, 13.871989056066917 ], [ 98.145080737670952, 13.87207111351176 ], [ 98.145139669142992, 13.872069062497781 ] ] ] } },
{ "type": "Feature", "properties": { "bid": "KDG-B0492", "source": "VIDA/microsoft", "src_id": "0022000000000002ef8b", "area_m2": 31.1, "overlap": 0.0, "overlap_outwash": 0.0, "dist_m": 106.4, "landslide": "", "f_veg": 1.0, "f_soil": 0.0, "f_grey": 0.0, "f_dark": 0.0, "status": "clear", "status_auto": "clear", "note": "", "reach": "" }, "geometry": { "type": "Polygon", "coordinates": [ [ [ 98.138969377176764, 13.880865563181155 ], [ 98.139016968479396, 13.880871000555311 ], [ 98.139023469570446, 13.88081706155557 ], [ 98.138975878263565, 13.880811624180069 ], [ 98.138969377176764, 13.880865563181155 ] ] ] } },
{ "type": "Feature", "properties": { "bid": "KDG-B0493", "source": "VIDA/microsoft", "src_id": "0022000000000002fabc", "area_m2": 44.1, "overlap": null, "overlap_outwash": null, "dist_m": null, "landslide": null, "f_veg": null, "f_soil": null, "f_grey": null, "f_dark": null, "status": "not_surveyed", "status_auto": "not_surveyed", "note": "", "reach": "" }, "geometry": { "type": "Polygon", "coordinates": [ [ [ 98.152706881877876, 13.87197765265984 ], [ 98.152709132677401, 13.872037439257278 ], [ 98.152770737920719, 13.872035297226763 ], [ 98.152768487119303, 13.871975422864507 ], [ 98.152706881877876, 13.87197765265984 ] ] ] } },
{ "type": "Feature", "properties": { "bid": "KDG-B0494", "source": "VIDA/microsoft", "src_id": "0022000000000002fac5", "area_m2": 84.8, "overlap": 0.0, "overlap_outwash": 0.0, "dist_m": 181.8, "landslide": "", "f_veg": 0.909, "f_soil": 0.0, "f_grey": 0.084, "f_dark": 0.007, "status": "clear", "status_auto": "clear", "note": "", "reach": "A" }, "geometry": { "type": "Polygon", "coordinates": [ [ [ 98.150146433924249, 13.870683127518216 ], [ 98.150124593601674, 13.870609599332159 ], [ 98.150035481818762, 13.870634600627602 ], [ 98.150057322114705, 13.870708128848195 ], [ 98.150146433924249, 13.870683127518216 ] ] ] } },
{ "type": "Feature", "properties": { "bid": "KDG-B0495", "source": "VIDA/microsoft", "src_id": "0022000000000002fe52", "area_m2": 78.4, "overlap": 0.0, "overlap_outwash": 0.0, "dist_m": 528.6, "landslide": "", "f_veg": 0.463, "f_soil": 0.066, "f_grey": 0.445, "f_dark": 0.027, "status": "clear", "status_auto": "clear", "note": "", "reach": "" }, "geometry": { "type": "Polygon", "coordinates": [ [ [ 98.150834907593037, 13.879502294718398 ], [ 98.150838742190302, 13.879379978661543 ], [ 98.150785141207649, 13.879378430859763 ], [ 98.150781306613212, 13.879500659148233 ], [ 98.150834907593037, 13.879502294718398 ] ] ] } },
{ "type": "Feature", "properties": { "bid": "KDG-B0496", "source": "VIDA/microsoft", "src_id": "0022000000000003007f", "area_m2": 89.8, "overlap": 0.0, "overlap_outwash": 0.0, "dist_m": 301.3, "landslide": "", "f_veg": 0.682, "f_soil": 0.011, "f_grey": 0.248, "f_dark": 0.059, "status": "clear", "status_auto": "clear", "note": "", "reach": "" }, "geometry": { "type": "Polygon", "coordinates": [ [ [ 98.150797478599856, 13.876324580114805 ], [ 98.150712617390127, 13.87637717943862 ], [ 98.150754047654075, 13.876440138331438 ], [ 98.150838825551119, 13.876387541740254 ], [ 98.150797478599856, 13.876324580114805 ] ] ] } },
{ "type": "Feature", "properties": { "bid": "KDG-B0497", "source": "VIDA/microsoft", "src_id": "002200000000000300bf", "area_m2": 115.6, "overlap": 0.0, "overlap_outwash": 0.0, "dist_m": 450.3, "landslide": "", "f_veg": 0.611, "f_soil": 0.286, "f_grey": 0.097, "f_dark": 0.005, "status": "clear", "status_auto": "clear", "note": "", "reach": "" }, "geometry": { "type": "Polygon", "coordinates": [ [ [ 98.142045206030588, 13.884063708980117 ], [ 98.142043955768969, 13.883964818821573 ], [ 98.14194618537671, 13.883965970445225 ], [ 98.141947435636666, 13.884064860624157 ], [ 98.142045206030588, 13.884063708980117 ] ] ] } },
{ "type": "Feature", "properties": { "bid": "KDG-B0498", "source": "VIDA/microsoft", "src_id": "00220000000000030219", "area_m2": 122.8, "overlap": 0.0, "overlap_outwash": 0.0, "dist_m": 380.5, "landslide": "", "f_veg": 0.387, "f_soil": 0.118, "f_grey": 0.496, "f_dark": 0.0, "status": "clear", "status_auto": "clear", "note": "", "reach": "" }, "geometry": { "type": "Polygon", "coordinates": [ [ [ 98.149442712005069, 13.878916805520968 ], [ 98.149381109567983, 13.878918333099341 ], [ 98.149385444243848, 13.879084880517501 ], [ 98.149447130043839, 13.87908335013603 ], [ 98.149442712005069, 13.878916805520968 ] ] ] } },
{ "type": "Feature", "properties": { "bid": "KDG-B0499", "source": "VIDA/microsoft", "src_id": "00220000000000030723", "area_m2": 130.4, "overlap": 0.0, "overlap_outwash": 0.0, "dist_m": 570.6, "landslide": "", "f_veg": 0.941, "f_soil": 0.0, "f_grey": 0.059, "f_dark": 0.0, "status": "clear", "status_auto": "clear", "note": "", "reach": "" }, "geometry": { "type": "Polygon", "coordinates": [ [ [ 98.151233123257867, 13.879915179073489 ], [ 98.151239625436631, 13.879774866830498 ], [ 98.151162016135714, 13.879771398832398 ], [ 98.151155513963872, 13.879911711090777 ], [ 98.151233123257867, 13.879915179073489 ] ] ] } },
{ "type": "Feature", "properties": { "bid": "KDG-B0500", "source": "VIDA/microsoft", "src_id": "00220000000000030dc9", "area_m2": 112.5, "overlap": 0.0, "overlap_outwash": 0.0, "dist_m": 527.5, "landslide": "", "f_veg": 0.838, "f_soil": 0.006, "f_grey": 0.122, "f_dark": 0.034, "status": "clear", "status_auto": "clear", "note": "", "reach": "" }, "geometry": { "type": "Polygon", "coordinates": [ [ [ 98.150872169883698, 13.878694190798219 ], [ 98.150938608511723, 13.878700489396319 ], [ 98.15095286323151, 13.878560270906952 ], [ 98.150886424590539, 13.87855388452344 ], [ 98.150872169883698, 13.878694190798219 ] ] ] } },
{ "type": "Feature", "properties": { "bid": "KDG-B0501", "source": "VIDA/microsoft", "src_id": "00220000000000030e3b", "area_m2": 52.3, "overlap": 0.0, "overlap_outwash": 0.0, "dist_m": 477.8, "landslide": "", "f_veg": 0.28, "f_soil": 0.004, "f_grey": 0.705, "f_dark": 0.011, "status": "clear", "status_auto": "clear", "note": "", "reach": "" }, "geometry": { "type": "Polygon", "coordinates": [ [ [ 98.150298649483659, 13.879105688773187 ], [ 98.150296898919592, 13.879155166586703 ], [ 98.150385260778705, 13.879158100780712 ], [ 98.150387011344918, 13.879108622973966 ], [ 98.150298649483659, 13.879105688773187 ] ] ] } },
{ "type": "Feature", "properties": { "bid": "KDG-B0502", "source": "VIDA/microsoft", "src_id": "0022000000000003100c", "area_m2": 113.0, "overlap": null, "overlap_outwash": null, "dist_m": null, "landslide": null, "f_veg": null, "f_soil": null, "f_grey": null, "f_dark": null, "status": "not_surveyed", "status_auto": "not_surveyed", "note": "", "reach": "" }, "geometry": { "type": "Polygon", "coordinates": [ [ [ 98.152416362596369, 13.878664715590707 ], [ 98.15235584136488, 13.878662608929789 ], [ 98.152350256074698, 13.87881868920889 ], [ 98.152410777301569, 13.87882079585529 ], [ 98.152416362596369, 13.878664715590707 ] ] ] } },
{ "type": "Feature", "properties": { "bid": "KDG-B0503", "source": "VIDA/microsoft", "src_id": "00220000000000031024", "area_m2": 28.7, "overlap": 0.0, "overlap_outwash": 0.0, "dist_m": 254.3, "landslide": "", "f_veg": 0.383, "f_soil": 0.095, "f_grey": 0.522, "f_dark": 0.0, "status": "clear", "status_auto": "clear", "note": "", "reach": "A" }, "geometry": { "type": "Polygon", "coordinates": [ [ [ 98.148235513766309, 13.879324239017869 ], [ 98.148246933791498, 13.879375033534988 ], [ 98.148292030404804, 13.879365541959499 ], [ 98.148280610372552, 13.87931465967344 ], [ 98.148235513766309, 13.879324239017869 ] ] ] } },
{ "type": "Feature", "properties": { "bid": "KDG-B0504", "source": "VIDA/microsoft", "src_id": "00220000000000031099", "area_m2": 85.1, "overlap": 0.0, "overlap_outwash": 0.0, "dist_m": 82.4, "landslide": "", "f_veg": 0.518, "f_soil": 0.044, "f_grey": 0.435, "f_dark": 0.003, "status": "clear", "status_auto": "clear", "note": "", "reach": "A" }, "geometry": { "type": "Polygon", "coordinates": [ [ [ 98.137018410525783, 13.879060965703102 ], [ 98.136922313764146, 13.879085934995128 ], [ 98.136941399754434, 13.879155085439313 ], [ 98.137037496541211, 13.879130116113812 ], [ 98.137018410525783, 13.879060965703102 ] ] ] } },
{ "type": "Feature", "properties": { "bid": "KDG-B0505", "source": "VIDA/microsoft", "src_id": "002200000000000311d3", "area_m2": 29.3, "overlap": 0.0, "overlap_outwash": 0.0, "dist_m": 317.0, "landslide": "", "f_veg": 1.0, "f_soil": 0.0, "f_grey": 0.0, "f_dark": 0.0, "status": "clear", "status_auto": "clear", "note": "", "reach": "" }, "geometry": { "type": "Polygon", "coordinates": [ [ [ 98.149788820303655, 13.876921128903456 ], [ 98.149847672215046, 13.876918288761152 ], [ 98.149845504863364, 13.87687675455998 ], [ 98.149786652953722, 13.876879594696026 ], [ 98.149788820303655, 13.876921128903456 ] ] ] } },
{ "type": "Feature", "properties": { "bid": "KDG-B0506", "source": "VIDA/microsoft", "src_id": "0022000000000003185b", "area_m2": 73.8, "overlap": 0.0, "overlap_outwash": 0.0, "dist_m": 331.5, "landslide": "", "f_veg": 0.593, "f_soil": 0.011, "f_grey": 0.393, "f_dark": 0.002, "status": "clear", "status_auto": "clear", "note": "", "reach": "" }, "geometry": { "type": "Polygon", "coordinates": [ [ [ 98.148817437177058, 13.877106074350447 ], [ 98.148813602685905, 13.877183973238026 ], [ 98.148892709946551, 13.877187655737632 ], [ 98.148896461083282, 13.877109671860163 ], [ 98.148817437177058, 13.877106074350447 ] ] ] } },
{ "type": "Feature", "properties": { "bid": "KDG-B0507", "source": "VIDA/microsoft", "src_id": "00220000000000031db9", "area_m2": 149.4, "overlap": 0.0, "overlap_outwash": 0.0, "dist_m": 537.2, "landslide": "", "f_veg": 0.268, "f_soil": 0.075, "f_grey": 0.643, "f_dark": 0.013, "status": "clear", "status_auto": "clear", "note": "", "reach": "" }, "geometry": { "type": "Polygon", "coordinates": [ [ [ 98.150821403143397, 13.878887767634357 ], [ 98.150971536085024, 13.878891186983632 ], [ 98.150973536748182, 13.878807994072133 ], [ 98.150823403802448, 13.878804486923412 ], [ 98.150821403143397, 13.878887767634357 ] ] ] } },
{ "type": "Feature", "properties": { "bid": "KDG-B0508", "source": "VIDA/microsoft", "src_id": "002200000000000323e0", "area_m2": 22.7, "overlap": 0.0, "overlap_outwash": 0.0, "dist_m": 299.0, "landslide": "", "f_veg": 0.568, "f_soil": 0.432, "f_grey": 0.0, "f_dark": 0.0, "status": "clear", "status_auto": "clear", "note": "", "reach": "A" }, "geometry": { "type": "Polygon", "coordinates": [ [ [ 98.148704986639331, 13.879494413514765 ], [ 98.148694150051071, 13.879447286295594 ], [ 98.148655805213195, 13.879455587243781 ], [ 98.148666725154115, 13.879502711691574 ], [ 98.148704986639331, 13.879494413514765 ] ] ] } },
{ "type": "Feature", "properties": { "bid": "KDG-B0509", "source": "VIDA/microsoft", "src_id": "00220000000000032b9e", "area_m2": 56.9, "overlap": 0.0, "overlap_outwash": 0.107, "dist_m": 363.2, "landslide": "", "f_veg": 0.997, "f_soil": 0.0, "f_grey": 0.003, "f_dark": 0.0, "status": "not_building", "status_auto": "clear", "note": "Chip review: canopy beside two houses in both images, no roof.", "reach": "" }, "geometry": { "type": "Polygon", "coordinates": [ [ [ 98.139592817366207, 13.88311695759973 ], [ 98.139533890371752, 13.883119271905379 ], [ 98.139537224288134, 13.883199833612252 ], [ 98.139596151285289, 13.883197607078234 ], [ 98.139592817366207, 13.88311695759973 ] ] ] } },
{ "type": "Feature", "properties": { "bid": "KDG-B0510", "source": "VIDA/microsoft", "src_id": "00220000000000032cc2", "area_m2": 205.9, "overlap": 0.0, "overlap_outwash": 0.0, "dist_m": 105.2, "landslide": "", "f_veg": 0.325, "f_soil": 0.152, "f_grey": 0.518, "f_dark": 0.005, "status": "clear", "status_auto": "clear", "note": "", "reach": "A" }, "geometry": { "type": "Polygon", "coordinates": [ [ [ 98.147513304996693, 13.87523109046715 ], [ 98.147530976686525, 13.875278339750121 ], [ 98.147772712495595, 13.875193126658351 ], [ 98.147746038160136, 13.875121775628033 ], [ 98.147588409708021, 13.875177325587085 ], [ 98.147597412275701, 13.875201427426786 ], [ 98.147513304996693, 13.87523109046715 ] ] ] } },
{ "type": "Feature", "properties": { "bid": "KDG-B0511", "source": "VIDA/microsoft", "src_id": "00220000000000032d96", "area_m2": 77.5, "overlap": 0.0, "overlap_outwash": 0.0, "dist_m": 248.0, "landslide": "", "f_veg": 0.88, "f_soil": 0.01, "f_grey": 0.11, "f_dark": 0.0, "status": "clear", "status_auto": "clear", "note": "", "reach": "A" }, "geometry": { "type": "Polygon", "coordinates": [ [ [ 98.148104558714422, 13.878910250167262 ], [ 98.148132150115757, 13.879015367263957 ], [ 98.148190083756703, 13.87900105880202 ], [ 98.148162492333483, 13.878895941735129 ], [ 98.148104558714422, 13.878910250167262 ] ] ] } },
{ "type": "Feature", "properties": { "bid": "KDG-B0512", "source": "VIDA/microsoft", "src_id": "0022000000000003315b", "area_m2": 84.3, "overlap": 0.0, "overlap_outwash": 0.0, "dist_m": 228.3, "landslide": "", "f_veg": 0.142, "f_soil": 0.545, "f_grey": 0.313, "f_dark": 0.0, "status": "clear", "status_auto": "clear", "note": "", "reach": "A" }, "geometry": { "type": "Polygon", "coordinates": [ [ [ 98.14810505886058, 13.879798559638195 ], [ 98.1481078930222, 13.879738775055165 ], [ 98.147990108692682, 13.879733485496148 ], [ 98.147987274535652, 13.879793182309497 ], [ 98.14810505886058, 13.879798559638195 ] ] ] } },
{ "type": "Feature", "properties": { "bid": "KDG-B0513", "source": "VIDA/microsoft", "src_id": "0022000000000003318e", "area_m2": 37.4, "overlap": 0.0, "overlap_outwash": 0.0, "dist_m": 185.4, "landslide": "", "f_veg": 1.0, "f_soil": 0.0, "f_grey": 0.0, "f_dark": 0.0, "status": "clear", "status_auto": "clear", "note": "", "reach": "A" }, "geometry": { "type": "Polygon", "coordinates": [ [ [ 98.142567567208147, 13.881694518155166 ], [ 98.142564066450632, 13.881624321659247 ], [ 98.142519556833847, 13.881626419387382 ], [ 98.142523140940554, 13.881696613113595 ], [ 98.142567567208147, 13.881694518155166 ] ] ] } },
{ "type": "Feature", "properties": { "bid": "KDG-B0514", "source": "VIDA/microsoft", "src_id": "002200000000000332ed", "area_m2": 31.8, "overlap": 0.0, "overlap_outwash": 0.0, "dist_m": 114.5, "landslide": "", "f_veg": 0.779, "f_soil": 0.018, "f_grey": 0.178, "f_dark": 0.026, "status": "clear", "status_auto": "clear", "note": "", "reach": "A" }, "geometry": { "type": "Polygon", "coordinates": [ [ [ 98.136736204784256, 13.879152437108141 ], [ 98.136713785060095, 13.879105167318281 ], [ 98.136667362084395, 13.879125937007249 ], [ 98.136689781794288, 13.879173206812645 ], [ 98.136736204784256, 13.879152437108141 ] ] ] } },
{ "type": "Feature", "properties": { "bid": "KDG-B0515", "source": "VIDA/microsoft", "src_id": "002200000000000335aa", "area_m2": 130.2, "overlap": 0.0, "overlap_outwash": 0.0, "dist_m": 461.9, "landslide": "", "f_veg": 0.562, "f_soil": 0.051, "f_grey": 0.368, "f_dark": 0.019, "status": "clear", "status_auto": "clear", "note": "", "reach": "" }, "geometry": { "type": "Polygon", "coordinates": [ [ [ 98.150250300585967, 13.880068920700069 ], [ 98.150127094401626, 13.88006416423945 ], [ 98.150123509921713, 13.880152502094118 ], [ 98.150246632739851, 13.880157261318889 ], [ 98.150250300585967, 13.880068920700069 ] ] ] } },
{ "type": "Feature", "properties": { "bid": "KDG-B0516", "source": "VIDA/microsoft", "src_id": "0022000000000003366a", "area_m2": 100.3, "overlap": 0.0, "overlap_outwash": 0.0, "dist_m": 518.1, "landslide": "", "f_veg": 0.071, "f_soil": 0.124, "f_grey": 0.798, "f_dark": 0.007, "status": "clear", "status_auto": "clear", "note": "", "reach": "" }, "geometry": { "type": "Polygon", "coordinates": [ [ [ 98.150683274440738, 13.879437304700843 ], [ 98.150768969223705, 13.879440854335957 ], [ 98.150773303981936, 13.879343099699122 ], [ 98.150687609193881, 13.879339550051881 ], [ 98.150683274440738, 13.879437304700843 ] ] ] } },
{ "type": "Feature", "properties": { "bid": "KDG-B0517", "source": "VIDA/microsoft", "src_id": "00220000000000033929", "area_m2": 42.5, "overlap": 0.0, "overlap_outwash": 0.0, "dist_m": 460.9, "landslide": "", "f_veg": 0.839, "f_soil": 0.059, "f_grey": 0.098, "f_dark": 0.004, "status": "clear", "status_auto": "clear", "note": "", "reach": "" }, "geometry": { "type": "Polygon", "coordinates": [ [ [ 98.150222374944093, 13.879481643862984 ], [ 98.150163022570581, 13.879473265426855 ], [ 98.150154186406752, 13.87953193316338 ], [ 98.15021362213318, 13.879540308818722 ], [ 98.150222374944093, 13.879481643862984 ] ] ] } },
{ "type": "Feature", "properties": { "bid": "KDG-B0518", "source": "VIDA/microsoft", "src_id": "00220000000000033bee", "area_m2": 23.4, "overlap": 0.0, "overlap_outwash": 0.0, "dist_m": 472.1, "landslide": "", "f_veg": 0.988, "f_soil": 0.0, "f_grey": 0.01, "f_dark": 0.002, "status": "clear", "status_auto": "clear", "note": "", "reach": "" }, "geometry": { "type": "Polygon", "coordinates": [ [ [ 98.150260637244173, 13.878887334311429 ], [ 98.150262804608175, 13.87884574276371 ], [ 98.150215706135683, 13.878843451249438 ], [ 98.150213538773073, 13.878884955021221 ], [ 98.150260637244173, 13.878887334311429 ] ] ] } },
{ "type": "Feature", "properties": { "bid": "KDG-B0519", "source": "VIDA/microsoft", "src_id": "00220000000000033c9a", "area_m2": 27.1, "overlap": 0.0, "overlap_outwash": 0.0, "dist_m": 169.9, "landslide": "", "f_veg": 0.538, "f_soil": 0.0, "f_grey": 0.46, "f_dark": 0.001, "status": "clear", "status_auto": "clear", "note": "", "reach": "A" }, "geometry": { "type": "Polygon", "coordinates": [ [ [ 98.136206134339588, 13.879327915832464 ], [ 98.136223969980605, 13.879374811716671 ], [ 98.136266475497848, 13.879359614901576 ], [ 98.136248639846428, 13.879312719029576 ], [ 98.136206134339588, 13.879327915832464 ] ] ] } },
{ "type": "Feature", "properties": { "bid": "KDG-B0520", "source": "VIDA/microsoft", "src_id": "00220000000000034333", "area_m2": 96.1, "overlap": 0.0, "overlap_outwash": 0.0, "dist_m": 346.5, "landslide": "", "f_veg": 0.962, "f_soil": 0.038, "f_grey": 0.0, "f_dark": 0.0, "status": "clear", "status_auto": "clear", "note": "", "reach": "" }, "geometry": { "type": "Polygon", "coordinates": [ [ [ 98.149091937252365, 13.879341678088521 ], [ 98.149156290289014, 13.879341024374478 ], [ 98.14915487318784, 13.879215986508093 ], [ 98.149090520152441, 13.879216727984309 ], [ 98.149091937252365, 13.879341678088521 ] ] ] } },
{ "type": "Feature", "properties": { "bid": "KDG-B0521", "source": "VIDA/microsoft", "src_id": "00220000000000034ea8", "area_m2": 79.9, "overlap": 0.0, "overlap_outwash": 0.0, "dist_m": 72.4, "landslide": "", "f_veg": 0.198, "f_soil": 0.271, "f_grey": 0.461, "f_dark": 0.07, "status": "clear", "status_auto": "clear", "note": "", "reach": "A" }, "geometry": { "type": "Polygon", "coordinates": [ [ [ 98.146164100775394, 13.880135827135078 ], [ 98.1462016941054, 13.88022814753479 ], [ 98.146264294128045, 13.88020411562629 ], [ 98.146226700765794, 13.880111795263593 ], [ 98.146164100775394, 13.880135827135078 ] ] ] } },
{ "type": "Feature", "properties": { "bid": "KDG-B0522", "source": "VIDA/microsoft", "src_id": "00220000000000034f4b", "area_m2": 61.1, "overlap": 0.0, "overlap_outwash": 0.0, "dist_m": 450.7, "landslide": "", "f_veg": 0.39, "f_soil": 0.239, "f_grey": 0.364, "f_dark": 0.007, "status": "clear", "status_auto": "clear", "note": "", "reach": "" }, "geometry": { "type": "Polygon", "coordinates": [ [ [ 98.153789941269835, 13.874740396578408 ], [ 98.15380486345947, 13.874787999694664 ], [ 98.153903066548779, 13.874759005857252 ], [ 98.153888060974808, 13.874711317771892 ], [ 98.153789941269835, 13.874740396578408 ] ] ] } },
{ "type": "Feature", "properties": { "bid": "KDG-B0523", "source": "VIDA/microsoft", "src_id": "00220000000000034f5e", "area_m2": 140.7, "overlap": 0.0, "overlap_outwash": 0.0, "dist_m": 419.9, "landslide": "", "f_veg": 0.464, "f_soil": 0.061, "f_grey": 0.473, "f_dark": 0.002, "status": "clear", "status_auto": "clear", "note": "", "reach": "" }, "geometry": { "type": "Polygon", "coordinates": [ [ [ 98.149726050541076, 13.877829789932919 ], [ 98.149611848056907, 13.877903820508996 ], [ 98.14966094676727, 13.877975126861841 ], [ 98.149775065968598, 13.877901098991272 ], [ 98.149726050541076, 13.877829789932919 ] ] ] } },
{ "type": "Feature", "properties": { "bid": "KDG-B0524", "source": "VIDA/microsoft", "src_id": "002200000000000354de", "area_m2": 78.0, "overlap": null, "overlap_outwash": null, "dist_m": null, "landslide": null, "f_veg": null, "f_soil": null, "f_grey": null, "f_dark": null, "status": "not_surveyed", "status_auto": "not_surveyed", "note": "", "reach": "" }, "geometry": { "type": "Polygon", "coordinates": [ [ [ 98.150924687238359, 13.880319684014406 ], [ 98.150923270102908, 13.880254598981006 ], [ 98.150823070359294, 13.880256712325458 ], [ 98.150824487492798, 13.880321797373343 ], [ 98.150924687238359, 13.880319684014406 ] ] ] } },
{ "type": "Feature", "properties": { "bid": "KDG-B0525", "source": "VIDA/microsoft", "src_id": "00220000000000035709", "area_m2": 50.9, "overlap": 0.0, "overlap_outwash": 0.0, "dist_m": 350.4, "landslide": "", "f_veg": 0.275, "f_soil": 0.105, "f_grey": 0.561, "f_dark": 0.059, "status": "clear", "status_auto": "clear", "note": "", "reach": "" }, "geometry": { "type": "Polygon", "coordinates": [ [ [ 98.141519347883388, 13.883086212039617 ], [ 98.141504428203618, 13.88304439789526 ], [ 98.141413493238076, 13.883075079716884 ], [ 98.141428412899273, 13.883116893883658 ], [ 98.141519347883388, 13.883086212039617 ] ] ] } },
{ "type": "Feature", "properties": { "bid": "KDG-B0526", "source": "VIDA/microsoft", "src_id": "002200000000000357d3", "area_m2": 29.3, "overlap": 0.0, "overlap_outwash": 0.0, "dist_m": 374.4, "landslide": "", "f_veg": 0.823, "f_soil": 0.052, "f_grey": 0.121, "f_dark": 0.004, "status": "clear", "status_auto": "clear", "note": "", "reach": "" }, "geometry": { "type": "Polygon", "coordinates": [ [ [ 98.152810502090475, 13.875376258985828 ], [ 98.152746229197945, 13.875373750560955 ], [ 98.152744645301169, 13.875411810345508 ], [ 98.152808918192321, 13.875414318766765 ], [ 98.152810502090475, 13.875376258985828 ] ] ] } },
{ "type": "Feature", "properties": { "bid": "KDG-B0527", "source": "VIDA/microsoft", "src_id": "002200000000000358db", "area_m2": 106.5, "overlap": 0.0, "overlap_outwash": 0.0, "dist_m": 165.1, "landslide": "", "f_veg": 0.351, "f_soil": 0.033, "f_grey": 0.542, "f_dark": 0.074, "status": "clear", "status_auto": "clear", "note": "", "reach": "" }, "geometry": { "type": "Polygon", "coordinates": [ [ [ 98.145492758845762, 13.881097633534035 ], [ 98.145449247699503, 13.88098303775107 ], [ 98.145380730199918, 13.881007530318133 ], [ 98.145424324659984, 13.881122123370517 ], [ 98.145492758845762, 13.881097633534035 ] ] ] } },
{ "type": "Feature", "properties": { "bid": "KDG-B0528", "source": "VIDA/microsoft", "src_id": "00220000000000035bc4", "area_m2": 27.8, "overlap": 0.0, "overlap_outwash": 0.0, "dist_m": 221.2, "landslide": "", "f_veg": 0.157, "f_soil": 0.034, "f_grey": 0.804, "f_dark": 0.005, "status": "clear", "status_auto": "clear", "note": "", "reach": "A" }, "geometry": { "type": "Polygon", "coordinates": [ [ [ 98.150549980907087, 13.870807655775485 ], [ 98.150483459272067, 13.870813296336124 ], [ 98.150486543607187, 13.87084795175045 ], [ 98.15055306524502, 13.870842311182908 ], [ 98.150549980907087, 13.870807655775485 ] ] ] } },
{ "type": "Feature", "properties": { "bid": "KDG-B0529", "source": "VIDA/microsoft", "src_id": "00220000000000035e9d", "area_m2": 18.0, "overlap": 0.0, "overlap_outwash": 0.0, "dist_m": 48.2, "landslide": "", "f_veg": 0.616, "f_soil": 0.004, "f_grey": 0.357, "f_dark": 0.024, "status": "clear", "status_auto": "clear", "note": "", "reach": "A" }, "geometry": { "type": "Polygon", "coordinates": [ [ [ 98.142432371408447, 13.875891155715834 ], [ 98.142436288915761, 13.875927277530886 ], [ 98.142477464430954, 13.875923009240674 ], [ 98.142473546921423, 13.87588697520839 ], [ 98.142432371408447, 13.875891155715834 ] ] ] } },
{ "type": "Feature", "properties": { "bid": "KDG-B0530", "source": "VIDA/microsoft", "src_id": "00220000000000035faf", "area_m2": 40.4, "overlap": 0.0, "overlap_outwash": 0.0, "dist_m": 337.1, "landslide": "", "f_veg": 0.869, "f_soil": 0.046, "f_grey": 0.086, "f_dark": 0.0, "status": "clear", "status_auto": "clear", "note": "", "reach": "" }, "geometry": { "type": "Polygon", "coordinates": [ [ [ 98.135636229563104, 13.881176090397448 ], [ 98.13564406384836, 13.881217614078992 ], [ 98.135722823465073, 13.881203580035342 ], [ 98.135714989171333, 13.881162056367199 ], [ 98.135636229563104, 13.881176090397448 ] ] ] } },
{ "type": "Feature", "properties": { "bid": "KDG-B0531", "source": "VIDA/microsoft", "src_id": "0022000000000003641e", "area_m2": 97.5, "overlap": 0.0, "overlap_outwash": 0.0, "dist_m": 142.2, "landslide": "", "f_veg": 0.26, "f_soil": 0.017, "f_grey": 0.71, "f_dark": 0.014, "status": "clear", "status_auto": "clear", "note": "", "reach": "A" }, "geometry": { "type": "Polygon", "coordinates": [ [ [ 98.136713785060095, 13.879642827405007 ], [ 98.136624272921509, 13.879662135118183 ], [ 98.136644192279917, 13.879748990014031 ], [ 98.136733704442932, 13.879729594484131 ], [ 98.136713785060095, 13.879642827405007 ] ] ] } },
{ "type": "Feature", "properties": { "bid": "KDG-B0532", "source": "VIDA/microsoft", "src_id": "002200000000000372e0", "area_m2": 64.0, "overlap": 0.0, "overlap_outwash": 0.0, "dist_m": 195.3, "landslide": "", "f_veg": 1.0, "f_soil": 0.0, "f_grey": 0.0, "f_dark": 0.0, "status": "clear", "status_auto": "clear", "note": "", "reach": "" }, "geometry": { "type": "Polygon", "coordinates": [ [ [ 98.139209751078866, 13.881635217702646 ], [ 98.139143406469231, 13.881615745447347 ], [ 98.139120319225995, 13.881689724934217 ], [ 98.139186663814655, 13.88170919719861 ], [ 98.139209751078866, 13.881635217702646 ] ] ] } },
{ "type": "Feature", "properties": { "bid": "KDG-B0533", "source": "VIDA/microsoft", "src_id": "00220000000000037c4f", "area_m2": 45.2, "overlap": 0.0, "overlap_outwash": 0.0, "dist_m": 309.6, "landslide": "", "f_veg": 0.997, "f_soil": 0.0, "f_grey": 0.003, "f_dark": 0.0, "status": "clear", "status_auto": "clear", "note": "", "reach": "" }, "geometry": { "type": "Polygon", "coordinates": [ [ [ 98.152511312673525, 13.872353175022706 ], [ 98.152505894096862, 13.872264967375664 ], [ 98.15246312903686, 13.872267446660528 ], [ 98.152468547610326, 13.872355654317669 ], [ 98.152511312673525, 13.872353175022706 ] ] ] } },
{ "type": "Feature", "properties": { "bid": "KDG-B0534", "source": "VIDA/microsoft", "src_id": "00220000000000037e95", "area_m2": 51.3, "overlap": null, "overlap_outwash": null, "dist_m": null, "landslide": null, "f_veg": null, "f_soil": null, "f_grey": null, "f_dark": null, "status": "not_surveyed", "status_auto": "not_surveyed", "note": "", "reach": "" }, "geometry": { "type": "Polygon", "coordinates": [ [ [ 98.153498250588441, 13.872492738886011 ], [ 98.153506170154287, 13.872549001149117 ], [ 98.153581030934987, 13.872539043765984 ], [ 98.153573111361027, 13.872482781517933 ], [ 98.153498250588441, 13.872492738886011 ] ] ] } },
{ "type": "Feature", "properties": { "bid": "KDG-B0535", "source": "VIDA/microsoft", "src_id": "002200000000000380f3", "area_m2": 173.0, "overlap": 0.0, "overlap_outwash": 0.0, "dist_m": 439.7, "landslide": "", "f_veg": 0.271, "f_soil": 0.146, "f_grey": 0.561, "f_dark": 0.022, "status": "clear", "status_auto": "clear", "note": "", "reach": "" }, "geometry": { "type": "Polygon", "coordinates": [ [ [ 98.149777733475801, 13.878041630514847 ], [ 98.149791071013283, 13.878116411621981 ], [ 98.149931698822257, 13.878092849808343 ], [ 98.149912359356492, 13.877984123219205 ], [ 98.149808159736736, 13.878001554648897 ], [ 98.149814161630786, 13.878035500186828 ], [ 98.149777733475801, 13.878041630514847 ] ] ] } },
{ "type": "Feature", "properties": { "bid": "KDG-B0536", "source": "VIDA/microsoft", "src_id": "002200000000000384a5", "area_m2": 25.9, "overlap": 0.0, "overlap_outwash": 0.0, "dist_m": 216.3, "landslide": "", "f_veg": 0.581, "f_soil": 0.083, "f_grey": 0.336, "f_dark": 0.0, "status": "clear", "status_auto": "clear", "note": "", "reach": "A" }, "geometry": { "type": "Polygon", "coordinates": [ [ [ 98.140958736760155, 13.881764980762622 ], [ 98.140900725507038, 13.881750849463865 ], [ 98.140891557066084, 13.88178600442188 ], [ 98.140949568311896, 13.88180013572306 ], [ 98.140958736760155, 13.881764980762622 ] ] ] } },
{ "type": "Feature", "properties": { "bid": "KDG-B0537", "source": "VIDA/microsoft", "src_id": "002200000000000384dd", "area_m2": 56.0, "overlap": 0.0, "overlap_outwash": 0.0, "dist_m": 84.3, "landslide": "", "f_veg": 0.035, "f_soil": 0.222, "f_grey": 0.714, "f_dark": 0.029, "status": "clear", "status_auto": "clear", "note": "", "reach": "A" }, "geometry": { "type": "Polygon", "coordinates": [ [ [ 98.14625104059013, 13.880213949930097 ], [ 98.146189024067425, 13.880243316977301 ], [ 98.146219615544481, 13.880304269975468 ], [ 98.146281715448808, 13.880274900121643 ], [ 98.14625104059013, 13.880213949930097 ] ] ] } },
{ "type": "Feature", "properties": { "bid": "KDG-B0538", "source": "VIDA/microsoft", "src_id": "00220000000000038a2d", "area_m2": 102.4, "overlap": 0.0, "overlap_outwash": 0.0, "dist_m": 207.2, "landslide": "", "f_veg": 0.472, "f_soil": 0.205, "f_grey": 0.324, "f_dark": 0.0, "status": "clear", "status_auto": "clear", "note": "", "reach": "A" }, "geometry": { "type": "Polygon", "coordinates": [ [ [ 98.147863405308954, 13.87935560625067 ], [ 98.147803137921343, 13.879378682683573 ], [ 98.147853068989988, 13.879501576828938 ], [ 98.147913419776273, 13.879478409789977 ], [ 98.147863405308954, 13.87935560625067 ] ] ] } },
{ "type": "Feature", "properties": { "bid": "KDG-B0539", "source": "VIDA/microsoft", "src_id": "00220000000000038bcd", "area_m2": 128.4, "overlap": null, "overlap_outwash": null, "dist_m": null, "landslide": null, "f_veg": null, "f_soil": null, "f_grey": null, "f_dark": null, "status": "not_surveyed", "status_auto": "not_surveyed", "note": "", "reach": "" }, "geometry": { "type": "Polygon", "coordinates": [ [ [ 98.150806731645375, 13.88036355819262 ], [ 98.15080214680286, 13.880253372393231 ], [ 98.150704781487718, 13.880257234511236 ], [ 98.150709366324136, 13.880367420336915 ], [ 98.150806731645375, 13.88036355819262 ] ] ] } },
{ "type": "Feature", "properties": { "bid": "KDG-B0540", "source": "VIDA/microsoft", "src_id": "00220000000000038d35", "area_m2": 93.6, "overlap": 0.0, "overlap_outwash": 0.0, "dist_m": 482.7, "landslide": "", "f_veg": 0.244, "f_soil": 0.106, "f_grey": 0.649, "f_dark": 0.001, "status": "clear", "status_auto": "clear", "note": "", "reach": "" }, "geometry": { "type": "Polygon", "coordinates": [ [ [ 98.150284978412799, 13.878306658452676 ], [ 98.15028914642194, 13.87837156311805 ], [ 98.150409351907896, 13.878364130964291 ], [ 98.150405183891905, 13.878299314098282 ], [ 98.150284978412799, 13.878306658452676 ] ] ] } },
{ "type": "Feature", "properties": { "bid": "KDG-B0541", "source": "VIDA/microsoft", "src_id": "00220000000000038f2c", "area_m2": 113.6, "overlap": 0.0, "overlap_outwash": 0.0, "dist_m": 543.0, "landslide": "", "f_veg": 0.732, "f_soil": 0.136, "f_grey": 0.112, "f_dark": 0.02, "status": "clear", "status_auto": "clear", "note": "", "reach": "" }, "geometry": { "type": "Polygon", "coordinates": [ [ [ 98.150917101395905, 13.879355332592411 ], [ 98.150914183764414, 13.879519400767887 ], [ 98.150972119611765, 13.879520365044375 ], [ 98.150975037245601, 13.879356296885609 ], [ 98.150917101395905, 13.879355332592411 ] ] ] } },
{ "type": "Feature", "properties": { "bid": "KDG-B0542", "source": "VIDA/microsoft", "src_id": "002200000000000396d1", "area_m2": 148.2, "overlap": 0.0, "overlap_outwash": 0.0, "dist_m": 22.9, "landslide": "", "f_veg": 0.909, "f_soil": 0.007, "f_grey": 0.083, "f_dark": 0.0, "status": "clear", "status_auto": "clear", "note": "", "reach": "A" }, "geometry": { "type": "Polygon", "coordinates": [ [ [ 98.145074069331969, 13.871563470238309 ], [ 98.145070401745798, 13.871756082490167 ], [ 98.14513475123897, 13.871757274245784 ], [ 98.145138418828367, 13.871564662015448 ], [ 98.145074069331969, 13.871563470238309 ] ] ] } },
{ "type": "Feature", "properties": { "bid": "KDG-B0543", "source": "VIDA/microsoft", "src_id": "002200000000000399f4", "area_m2": 27.2, "overlap": 0.0, "overlap_outwash": 0.0, "dist_m": 517.7, "landslide": "", "f_veg": 0.102, "f_soil": 0.102, "f_grey": 0.796, "f_dark": 0.0, "status": "clear", "status_auto": "clear", "note": "", "reach": "" }, "geometry": { "type": "Polygon", "coordinates": [ [ [ 98.150738542562593, 13.879505859984478 ], [ 98.150742710597612, 13.879467273809091 ], [ 98.150684441489631, 13.879461229410255 ], [ 98.150680190097319, 13.879499818367512 ], [ 98.150738542562593, 13.879505859984478 ] ] ] } },
{ "type": "Feature", "properties": { "bid": "KDG-B0544", "source": "VIDA/microsoft", "src_id": "00220000000000039a20", "area_m2": 112.8, "overlap": 0.0, "overlap_outwash": 0.0, "dist_m": 226.8, "landslide": "", "f_veg": 0.031, "f_soil": 0.926, "f_grey": 0.044, "f_dark": 0.0, "status": "clear", "status_auto": "clear", "note": "", "reach": "A" }, "geometry": { "type": "Polygon", "coordinates": [ [ [ 98.148045541492195, 13.879261315359571 ], [ 98.14797643805386, 13.879279244100085 ], [ 98.148011614946768, 13.87940666787134 ], [ 98.148080718418356, 13.879388739086469 ], [ 98.148045541492195, 13.879261315359571 ] ] ] } },
{ "type": "Feature", "properties": { "bid": "KDG-B0545", "source": "VIDA/microsoft", "src_id": "00220000000000039a51", "area_m2": 216.2, "overlap": 0.0, "overlap_outwash": 0.0, "dist_m": 85.0, "landslide": "", "f_veg": 1.0, "f_soil": 0.0, "f_grey": 0.0, "f_dark": 0.0, "status": "clear", "status_auto": "clear", "note": "", "reach": "A" }, "geometry": { "type": "Polygon", "coordinates": [ [ [ 98.1475228076973, 13.875342864596835 ], [ 98.14749705038011, 13.875256385273957 ], [ 98.147303995825879, 13.875310658204059 ], [ 98.147329836431794, 13.875397134836716 ], [ 98.1475228076973, 13.875342864596835 ] ] ] } },
{ "type": "Feature", "properties": { "bid": "KDG-B0546", "source": "VIDA/microsoft", "src_id": "00220000000000039c1a", "area_m2": 58.8, "overlap": null, "overlap_outwash": null, "dist_m": null, "landslide": null, "f_veg": null, "f_soil": null, "f_grey": null, "f_dark": null, "status": "not_surveyed", "status_auto": "not_surveyed", "note": "", "reach": "" }, "geometry": { "type": "Polygon", "coordinates": [ [ [ 98.151434607706719, 13.880275287290864 ], [ 98.151433107199878, 13.880218017481361 ], [ 98.151347328276515, 13.880220176660112 ], [ 98.151348828781593, 13.880277446480777 ], [ 98.151434607706719, 13.880275287290864 ] ] ] } },
{ "type": "Feature", "properties": { "bid": "KDG-B0547", "source": "VIDA/microsoft", "src_id": "00220000000000039c46", "area_m2": 14.5, "overlap": 0.0, "overlap_outwash": 0.0, "dist_m": 417.9, "landslide": "", "f_veg": 0.986, "f_soil": 0.0, "f_grey": 0.014, "f_dark": 0.0, "status": "clear", "status_auto": "clear", "note": "", "reach": "" }, "geometry": { "type": "Polygon", "coordinates": [ [ [ 98.149709378634441, 13.880111627469629 ], [ 98.149712462936876, 13.880141018514047 ], [ 98.149753309116619, 13.88013693509116 ], [ 98.149750224812436, 13.880107544050546 ], [ 98.149709378634441, 13.880111627469629 ] ] ] } },
{ "type": "Feature", "properties": { "bid": "KDG-B0548", "source": "VIDA/microsoft", "src_id": "00220000000000039cdf", "area_m2": 87.3, "overlap": 0.0, "overlap_outwash": 0.0, "dist_m": 243.8, "landslide": "", "f_veg": 0.315, "f_soil": 0.213, "f_grey": 0.415, "f_dark": 0.058, "status": "clear", "status_auto": "clear", "note": "", "reach": "A" }, "geometry": { "type": "Polygon", "coordinates": [ [ [ 98.150795311219994, 13.870756381242476 ], [ 98.150773637424891, 13.87069302930785 ], [ 98.150669770019121, 13.87072651007005 ], [ 98.150691360422769, 13.870789864821212 ], [ 98.150795311219994, 13.870756381242476 ] ] ] } },
{ "type": "Feature", "properties": { "bid": "KDG-B0549", "source": "VIDA/microsoft", "src_id": "00220000000000039d69", "area_m2": 26.3, "overlap": 0.0, "overlap_outwash": 0.0, "dist_m": 537.2, "landslide": "", "f_veg": 0.156, "f_soil": 0.335, "f_grey": 0.509, "f_dark": 0.0, "status": "clear", "status_auto": "clear", "note": "", "reach": "" }, "geometry": { "type": "Polygon", "coordinates": [ [ [ 98.142547979638437, 13.884837794024021 ], [ 98.142491717499311, 13.88483861591471 ], [ 98.14249230095831, 13.884877660264726 ], [ 98.142548646449242, 13.88487683559109 ], [ 98.142547979638437, 13.884837794024021 ] ] ] } },
{ "type": "Feature", "properties": { "bid": "KDG-B0550", "source": "VIDA/microsoft", "src_id": "00220000000000039e53", "area_m2": 80.4, "overlap": 0.0, "overlap_outwash": 0.0, "dist_m": 127.7, "landslide": "", "f_veg": 0.144, "f_soil": 0.324, "f_grey": 0.53, "f_dark": 0.001, "status": "clear", "status_auto": "clear", "note": "", "reach": "A" }, "geometry": { "type": "Polygon", "coordinates": [ [ [ 98.136628440150858, 13.879230726838845 ], [ 98.13654767928864, 13.879267123700332 ], [ 98.136580433683278, 13.879335643665295 ], [ 98.136661194581762, 13.879299246764434 ], [ 98.136628440150858, 13.879230726838845 ] ] ] } },
{ "type": "Feature", "properties": { "bid": "KDG-B0551", "source": "VIDA/microsoft", "src_id": "0022000000000003a12b", "area_m2": 35.0, "overlap": 0.0, "overlap_outwash": 0.0, "dist_m": 551.6, "landslide": "", "f_veg": 0.881, "f_soil": 0.016, "f_grey": 0.103, "f_dark": 0.0, "status": "clear", "status_auto": "clear", "note": "", "reach": "" }, "geometry": { "type": "Polygon", "coordinates": [ [ [ 98.152501809323965, 13.877999142495122 ], [ 98.152503976754446, 13.877947105852403 ], [ 98.152447706945324, 13.877944945101527 ], [ 98.152445539516506, 13.877996893970952 ], [ 98.152501809323965, 13.877999142495122 ] ] ] } },
{ "type": "Feature", "properties": { "bid": "KDG-B0552", "source": "VIDA/microsoft", "src_id": "0022000000000003a1e9", "area_m2": 92.8, "overlap": 0.0, "overlap_outwash": 0.0, "dist_m": 346.8, "landslide": "", "f_veg": 0.931, "f_soil": 0.069, "f_grey": 0.0, "f_dark": 0.0, "status": "clear", "status_auto": "clear", "note": "", "reach": "A" }, "geometry": { "type": "Polygon", "coordinates": [ [ [ 98.149113277113145, 13.878882497117715 ], [ 98.149057009915552, 13.878884285595564 ], [ 98.149061678007328, 13.879022118268351 ], [ 98.149117945208531, 13.87902032977223 ], [ 98.149113277113145, 13.878882497117715 ] ] ] } }
]
}
